#    Energy_eV   Re_FT_dcf   Re_FT_dcf1   Re_FT_dcf2
2.401660630796060403e+00 7.863473735982923424e-04 1.974243804976861668e-06 7.843731297928033426e-04
2.402771988875633813e+00 7.976879352686880656e-04 2.070232667983196157e-06 7.956177025972297270e-04
2.403883346955206779e+00 8.107612660272238078e-04 2.005433895048436017e-06 8.087558321273917092e-04
2.404994705034780189e+00 8.248323617968309450e-04 1.792533338323319897e-06 8.230398284547312676e-04
2.406106063114353155e+00 8.390161724106562184e-04 1.468566942573976152e-06 8.375476054641693702e-04
2.407217421193926565e+00 8.524236829907713003e-04 1.088841410642820643e-06 8.513348415757791485e-04
2.408328779273499975e+00 8.643088355470519499e-04 7.178470945567040195e-07 8.635909884543366277e-04
2.409440137353072942e+00 8.741920776993428177e-04 4.186566293604582776e-07 8.737734210676724803e-04
2.410551495432646352e+00 8.819401477130157582e-04 2.425530312785158628e-07 8.816975946809909453e-04
2.411662853512219762e+00 8.877888893344034610e-04 2.205943945713176313e-07 8.875682949371025560e-04
2.412774211591792728e+00 8.923052558212000822e-04 3.585047358752187739e-07 8.919467510842419081e-04
2.413885569671366138e+00 8.962946758722975353e-04 6.357338862868748162e-07 8.956589419857221950e-04
2.414996927750939104e+00 9.006689605897859677e-04 1.008843543694267657e-06 8.996601170446947258e-04
2.416108285830512514e+00 9.062964510729264178e-04 1.418664363226567837e-06 9.048777867088043329e-04
2.417219643910085924e+00 9.138590603966189599e-04 1.800047563066542461e-06 9.120590128291086555e-04
2.418331001989658890e+00 9.237397628398529448e-04 2.092606364234584810e-06 9.216471564711476100e-04
2.419442360069232301e+00 9.359591018233658077e-04 2.250678301220110258e-06 9.337084235132213448e-04
2.420553718148805267e+00 9.501712448317617236e-04 2.250866320968799574e-06 9.479203785082972872e-04
2.421665076228378677e+00 9.657203218167470689e-04 2.095914097133814600e-06 9.636244077147779023e-04
2.422776434307952087e+00 9.817478629866368406e-04 1.814273742775795333e-06 9.799335892368373803e-04
2.423887792387525053e+00 9.973337258480539577e-04 1.455433232272842787e-06 9.958782926116765966e-04
2.424999150467098463e+00 1.011647366973299038e-03 1.081769484502888767e-06 1.010565597488676318e-03
2.426110508546671429e+00 1.024084578754883186e-03 7.582662995194182267e-07 1.023326312445739170e-03
2.427221866626244839e+00 1.034367174217727496e-03 5.417894734593373682e-07 1.033825384737114932e-03
2.428333224705818250e+00 1.042589170686393854e-03 4.716862413142513741e-07 1.042117484444032155e-03
2.429444582785391216e+00 1.049201809906483932e-03 5.632599291622881078e-07 1.048638549969804247e-03
2.430555940864964626e+00 1.054939809714153329e-03 8.051987685151867349e-07 1.054134610942412953e-03
2.431667298944538036e+00 1.060700918219250558e-03 1.161387637587459228e-06 1.059539530576982490e-03
2.432778657024111002e+00 1.067398543333831704e-03 1.576809931673743993e-06 1.065821733394526748e-03
2.433890015103684412e+00 1.075811685026696694e-03 1.986572650320955459e-06 1.073825112375186670e-03
2.435001373183257378e+00 1.086456871629018928e-03 2.326572109673184340e-06 1.084130299514164545e-03
2.436112731262830788e+00 1.099503206977122663e-03 2.544045658456654883e-06 1.096959161317109192e-03
2.437224089342404199e+00 1.114744563155126459e-03 2.606271390384274831e-06 1.112138291761772223e-03
2.438335447421977165e+00 1.131633560591732268e-03 2.505980747120611517e-06 1.129127579843942995e-03
2.439446805501550575e+00 1.149371809333566037e-03 2.262588511997015044e-06 1.147109220819374394e-03
2.440558163581123541e+00 1.167041612817091081e-03 1.919032442656261133e-06 1.165122580372968640e-03
2.441669521660696951e+00 1.183757489241165500e-03 1.534737542036683218e-06 1.182222751695658977e-03
2.442780879740270361e+00 1.198812573506308037e-03 1.175858775171351482e-06 1.197636714725615684e-03
2.443892237819843327e+00 1.211795772493843952e-03 9.044055964763304031e-07 1.210891366892635594e-03
2.445003595899416737e+00 1.222660331257496673e-03 7.680376641357433134e-07 1.221892293588257468e-03
2.446114953978990147e+00 1.231732442663667146e-03 7.922127029745388606e-07 1.230940229957878072e-03
2.447226312058563114e+00 1.239658392314143230e-03 9.759820829245826950e-07 1.238682410228811055e-03
2.448337670138136524e+00 1.247298850934602712e-03 1.292130481366854855e-06 1.246006720448985649e-03
2.449449028217709490e+00 1.255587644222683295e-03 1.691641400708201993e-06 1.253896002818597356e-03
2.450560386297282900e+00 1.265378205857463833e-03 2.111757869405101346e-06 1.263266447987135103e-03
2.451671744376856310e+00 1.277302983020363585e-03 2.486314698607836748e-06 1.274816668315514488e-03
2.452783102456429276e+00 1.291668970432861829e-03 2.756642967430837918e-06 1.288912327465445949e-03
2.453894460536002686e+00 1.308406635956612480e-03 2.881251136618247270e-06 1.305525384819245785e-03
2.455005818615575652e+00 1.327080736531907525e-03 2.842686529560289909e-06 1.324238050006306105e-03
2.456117176695149062e+00 1.346961348382757790e-03 2.650443373953094775e-06 1.344310905008255005e-03
2.457228534774722473e+00 1.367143519262793705e-03 2.339433395897219767e-06 1.364804085867345630e-03
2.458339892854295439e+00 1.386695929228299630e-03 1.964265276940141153e-06 1.384731663948896886e-03
2.459451250933868849e+00 1.404814142414995484e-03 1.590269940686045501e-06 1.403223872468596818e-03
2.460562609013441815e+00 1.420953237696794512e-03 1.282745939527261394e-06 1.419670491754096257e-03
2.461673967093015225e+00 1.434917965101498681e-03 1.096194302287127717e-06 1.433821770798652390e-03
2.462785325172588635e+00 1.446895529758386589e-03 1.065316404825263769e-06 1.445830213351424580e-03
2.463896683252161601e+00 1.457425528536906122e-03 1.199260418947717941e-06 1.456226268114162517e-03
2.465008041331735011e+00 1.467311897406815748e-03 1.480068945082572930e-06 1.465831828461106913e-03
2.466119399411308422e+00 1.477491279312552301e-03 1.865589805155625945e-06 1.475625689501834908e-03
2.467230757490881388e+00 1.488879413687591805e-03 2.296377294822486519e-06 1.486583036391364186e-03
2.468342115570454798e+00 1.502220795907976535e-03 2.705453312410698979e-06 1.499515342593897137e-03
2.469453473650027764e+00 1.517966351065935370e-03 3.029325159794395617e-06 1.514937025900802607e-03
2.470564831729601174e+00 1.536199289769739915e-03 3.218447486231804181e-06 1.532980842281683829e-03
2.471676189809174584e+00 1.556621407619196429e-03 3.245404733137358675e-06 1.553376002880360422e-03
2.472787547888747550e+00 1.578602160108944028e-03 3.109463125259422057e-06 1.575492696980012718e-03
2.473898905968320960e+00 1.601282509806424385e-03 2.836737042273768453e-06 1.598445772756704533e-03
2.475010264047893926e+00 1.623716516256783725e-03 2.475935450758974489e-06 1.621240580800726444e-03
2.476121622127467337e+00 1.645027400754451620e-03 2.090381663948155558e-06 1.642937019084597314e-03
2.477232980207040747e+00 1.664552400026751873e-03 1.747614238478475556e-06 1.662804785781608549e-03
2.478344338286613713e+00 1.681952533879565136e-03 1.508276894751471391e-06 1.680444256981917205e-03
2.479455696366187123e+00 1.697269153350821139e-03 1.416124968004736423e-06 1.695853028378059221e-03
2.480567054445760533e+00 1.710917872565463627e-03 1.490794883008428350e-06 1.709427077671338453e-03
2.481678412525333499e+00 1.723620788276807037e-03 1.724530855731862700e-06 1.721896257417940366e-03
2.482789770604906909e+00 1.736288052953678229e-03 2.083413690805190933e-06 1.734204639259527298e-03
2.483901128684479875e+00 1.749868231885530652e-03 2.512896485890323071e-06 1.747355335399296793e-03
2.485012486764053286e+00 1.765192047437697280e-03 2.946743199165006034e-06 1.762245304232613234e-03
2.486123844843626696e+00 1.782835247999813586e-03 3.317904890808465613e-06 1.779517343105619428e-03
2.487235202923199662e+00 1.803023236235808862e-03 3.569547615334877773e-06 1.799453688613930971e-03
2.488346561002773072e+00 1.825593258767729170e-03 3.664418461661146447e-06 1.821928840305335950e-03
2.489457919082346038e+00 1.850020509794034641e-03 3.591007111441847188e-06 1.846429502677114469e-03
2.490569277161919448e+00 1.875503992436776575e-03 3.365485184743543146e-06 1.872138507244905121e-03
2.491680635241492858e+00 1.901098133843638800e-03 3.029098680060475415e-06 1.898069035157671103e-03
2.492791993321065824e+00 1.925868592455299080e-03 2.641436044952224821e-06 1.923227156407290341e-03
2.493903351400639234e+00 1.949046667734448748e-03 2.270673133756610459e-06 1.946775994597893175e-03
2.495014709480212645e+00 1.970156900797393959e-03 1.982394654432271565e-06 1.968174506142486048e-03
2.496126067559785611e+00 1.989096811529636119e-03 1.828827594145838857e-06 1.987267983933995071e-03
2.497237425639359021e+00 2.006155545588830975e-03 1.840256415687466294e-06 2.004315289169747612e-03
2.498348783718931987e+00 2.021968224836726349e-03 2.020032977207157805e-06 2.019948191859021434e-03
2.499460141798505397e+00 2.037413356598262275e-03 2.344004613904598607e-06 2.035069351980947887e-03
2.500571499878078807e+00 2.053470032624528027e-03 2.764458246022788478e-06 2.050705574374383014e-03
2.501682857957651773e+00 2.071058287973644683e-03 3.217936017888895677e-06 2.067840351956516491e-03
2.502794216037225183e+00 2.090888798998789821e-03 3.635640939920352894e-06 2.087253158055597975e-03
2.503905574116798149e+00 2.113346612827998738e-03 3.954724081746707843e-06 2.109391888746606214e-03
2.505016932196371560e+00 2.138428051582026354e-03 4.128598599849493000e-06 2.134299452977744815e-03
2.506128290275944970e+00 2.165741231948913742e-03 4.134584523905560441e-06 2.161606647423277260e-03
2.507239648355517936e+00 2.194570208427383713e-03 3.977625978804266087e-06 2.190592582443292267e-03
2.508351006435091346e+00 2.223992301938418001e-03 3.689467594470045657e-06 2.220302834341130425e-03
2.509462364514664756e+00 2.253029423797534535e-03 3.323423413688003712e-06 2.249706000378211973e-03
2.510573722594237722e+00 2.280808602767168264e-03 2.945596676905292322e-06 2.277863006084015866e-03
2.511685080673811132e+00 2.306705375165089139e-03 2.623993491296952802e-06 2.304081381668690066e-03
2.512796438753384098e+00 2.330446486624284178e-03 2.417320828397432394e-06 2.328029165793234732e-03
2.513907796832957509e+00 2.352155007630849816e-03 2.365312547878700039e-06 2.349789695080016678e-03
2.515019154912530919e+00 2.372330406804317848e-03 2.482176924055830769e-06 2.369848229878733156e-03
2.516130512992103885e+00 2.391766802040436700e-03 2.754246530063447686e-06 2.389012555502153645e-03
2.517241871071677295e+00 2.411422768792316571e-03 3.142220350986173866e-06 2.408280548436610852e-03
2.518353229151250261e+00 2.432264057774532508e-03 3.587632272000724565e-06 2.428676425503270044e-03
2.519464587230823671e+00 2.455105045113018317e-03 4.022483929500540213e-06 2.451082561181436217e-03
2.520575945310397081e+00 2.480474972308523499e-03 4.380457947470028590e-06 2.476094514352740819e-03
2.521687303389970047e+00 2.508530984154540983e-03 4.607865906102380190e-06 2.503923118243195529e-03
2.522798661469543458e+00 2.539032303124171257e-03 4.672527313404352379e-06 2.534359775806183535e-03
2.523910019549116424e+00 2.571379844210402912e-03 4.569114753712212043e-06 2.566810729454483894e-03
2.525021377628689834e+00 2.604714823371691301e-03 4.320080771100880102e-06 2.600394742598641229e-03
2.526132735708263244e+00 2.638060208608562947e-03 3.972008623315611978e-06 2.634088199982199778e-03
2.527244093787836210e+00 2.670481806674286987e-03 3.587982300580616472e-06 2.666893824364576643e-03
2.528355451867409620e+00 2.701242526062515997e-03 3.237227282060532122e-06 2.698005298774080844e-03
2.529466809946982586e+00 2.729924453849934957e-03 2.983724170185821371e-06 2.726940729673162783e-03
2.530578168026555996e+00 2.756498649174557447e-03 2.875668326847262424e-06 2.753622980839729589e-03
2.531689526106129406e+00 2.781331128262455078e-03 2.937511486690610302e-06 2.778393616775452421e-03
2.532800884185702373e+00 2.805123993992474345e-03 3.165898230875571371e-06 2.801958095756422549e-03
2.533912242265275783e+00 2.828801317723637476e-03 3.530170675067749214e-06 2.825271147041075355e-03
2.535023600344849193e+00 2.853358470743017333e-03 3.977363635833927374e-06 2.849381107103669038e-03
2.536134958424422159e+00 2.879699622598406311e-03 4.440873565622933277e-06 2.875258749033176957e-03
2.537246316503995569e+00 2.908490088629579924e-03 4.851379191005810910e-06 2.903638709430448467e-03
2.538357674583568535e+00 2.940047787348438503e-03 5.148219922768990038e-06 2.934899567422476988e-03
2.539469032663141945e+00 2.974291658458756704e-03 5.289361068683459384e-06 2.969002297385405897e-03
2.540580390742715355e+00 3.010755542063064949e-03 5.258305701675056827e-06 3.005497236363638500e-03
2.541691748822288321e+00 3.048665264870279237e-03 5.066813967429003424e-06 3.043598450897836653e-03
2.542803106901861732e+00 3.087066290273192491e-03 4.752979434152824860e-06 3.082313310832356101e-03
2.543914464981434698e+00 3.124980968695845185e-03 4.374975688007284847e-06 3.120605993006424737e-03
2.545025823061008108e+00 3.161569549727756730e-03 4.001499004862608955e-06 3.157568050715701957e-03
2.546137181140581518e+00 3.196268485564031196e-03 3.700477388790697746e-06 3.192568008175789701e-03
2.547248539220154484e+00 3.228883281334023019e-03 3.527902628351303033e-06 3.225355378703337848e-03
2.548359897299727894e+00 3.259620612502665306e-03 3.518623122971477639e-06 3.256101989375855509e-03
2.549471255379301304e+00 3.289054416613043999e-03 3.680613732863377520e-06 3.285373802877334781e-03
2.550582613458874270e+00 3.318031528990770824e-03 3.993667607432024392e-06 3.314037861384609186e-03
2.551693971538447681e+00 3.347532385670448120e-03 4.412727609292022024e-06 3.343119658049899159e-03
2.552805329618020647e+00 3.378509719747427482e-03 4.875311290583333611e-06 3.373634408452101923e-03
2.553916687697594057e+00 3.411731814502912477e-03 5.311808948071750856e-06 3.406420005551288877e-03
2.555028045777167467e+00 3.447656143589864289e-03 5.656960294932863187e-06 3.441999183293971420e-03
2.556139403856740433e+00 3.486354236680357273e-03 5.860620059664042782e-06 3.480493616622432236e-03
2.557250761936313843e+00 3.527500189854817884e-03 5.896038462642724299e-06 3.521604151387875119e-03
2.558362120015886809e+00 3.570424763464492574e-03 5.764290551525677272e-06 3.564660472915660069e-03
2.559473478095460219e+00 3.614226205206858347e-03 5.494121702558484185e-06 3.608732083501551072e-03
2.560584836175033630e+00 3.657919583339512039e-03 5.137231111099484454e-06 3.652782352228862647e-03
2.561696194254606596e+00 3.700600050592358498e-03 4.759766730133294988e-06 3.695840283862145310e-03
2.562807552334180006e+00 3.741593138486047805e-03 4.431429983872914530e-06 3.737161708499222093e-03
2.563918910413753416e+00 3.780567288327747397e-03 4.213983706514122518e-06 3.776353304621673027e-03
2.565030268493326382e+00 3.817590019493847554e-03 4.151056776393436494e-06 3.813438962719089068e-03
2.566141626572899792e+00 3.853118397978798348e-03 4.260927140916357433e-06 3.848857470831955688e-03
2.567252984652472758e+00 3.887925281203213901e-03 4.533475855741331772e-06 3.883391805341768893e-03
2.568364342732046168e+00 3.922973396796768791e-03 4.931818747566405294e-06 3.918041578045761142e-03
2.569475700811619578e+00 3.959257922408335358e-03 5.398352083908562044e-06 3.953859570320673172e-03
2.570587058891192545e+00 3.997643448739844271e-03 5.864221068509543986e-06 3.991779227670555139e-03
2.571698416970765955e+00 4.038722168195123426e-03 6.260654905887283364e-06 4.032461513283792411e-03
2.572809775050338921e+00 4.082716674694245040e-03 6.530302813577737361e-06 4.076186371875584885e-03
2.573921133129912331e+00 4.129443441813911847e-03 6.636703154584521055e-06 4.122806738661170117e-03
2.575032491209485741e+00 4.178343083351375442e-03 6.570323128244403362e-06 4.171772760221515754e-03
2.576143849289058707e+00 4.228572508942932823e-03 6.350169700547632617e-06 4.222222339240022659e-03
2.577255207368632117e+00 4.279143895178760988e-03 6.020700786679147529e-06 4.273123194384238939e-03
2.578366565448205527e+00 4.329087664847661859e-03 5.644539599017800490e-06 4.323443125248564722e-03
2.579477923527778493e+00 4.377612686671800493e-03 5.292186969775317606e-06 4.372320499699326908e-03
2.580589281607351904e+00 4.424237331634648697e-03 5.030422354505004992e-06 4.419206909274647072e-03
2.581700639686924870e+00 4.468869784577327899e-03 4.911302225448464787e-06 4.463958482354689686e-03
2.582811997766498280e+00 4.511824337163282753e-03 4.963568360625910552e-06 4.506860768800179454e-03
2.583923355846071690e+00 4.553770904960634594e-03 5.187883797919115776e-06 4.548583021159041673e-03
2.585034713925644656e+00 4.595626000140602165e-03 5.556685396681317361e-06 4.590069314740109416e-03
2.586146072005218066e+00 4.638403032381494331e-03 6.018682574411193169e-06 4.632384349803377044e-03
2.587257430084791032e+00 4.683046524267082608e-03 6.507266627568314746e-06 4.676539257635916463e-03
2.588368788164364442e+00 4.730277499921665442e-03 6.951450203179598250e-06 4.723326049719323190e-03
2.589480146243937853e+00 4.780475495430303728e-03 7.287538294863898537e-06 4.773187957135043014e-03
2.590591504323510819e+00 4.833616636764931362e-03 7.469609738582140318e-06 4.826147027027292112e-03
2.591702862403084229e+00 4.889278024588475727e-03 7.477082017820056053e-06 4.881800942568143703e-03
2.592814220482657639e+00 4.946707760391445829e-03 7.318110780336428787e-06 4.939389649608676505e-03
2.593925578562230605e+00 5.004949144939032854e-03 7.028260213123063401e-06 4.997920884728261452e-03
2.595036936641804015e+00 5.062998653964073843e-03 6.664658796820836697e-06 5.056333995161101623e-03
2.596148294721376981e+00 5.119971718188150514e-03 6.296598877359740019e-06 5.113675119308456161e-03
2.597259652800950391e+00 5.175249030261621155e-03 5.994125308845694457e-06 5.169254904949351428e-03
2.598371010880523801e+00 5.228579284879257029e-03 5.816491358391244005e-06 5.222762793520179837e-03
2.599482368960096768e+00 5.280121414024091520e-03 5.802383942425429187e-06 5.274319030079023009e-03
2.600593727039670178e+00 5.330419332683125275e-03 5.963530749401185511e-06 5.324455801928874507e-03
2.601705085119243144e+00 5.380313317463920886e-03 6.282746402189599410e-06 5.374030571058288457e-03
2.602816443198816554e+00 5.430802585230187426e-03 6.716744455195143267e-06 5.424085840774544968e-03
2.603927801278389964e+00 5.482881687691450873e-03 7.203257040460014427e-06 5.475678430647158874e-03
2.605039159357962930e+00 5.537377668432478216e-03 7.671293545543343174e-06 5.529706374883548367e-03
2.606150517437536340e+00 5.594814823047163446e-03 8.052850951125985210e-06 5.586761972094879403e-03
2.607261875517109306e+00 5.655329371286361637e-03 8.294147113518529895e-06 5.647035224171190193e-03
2.608373233596682716e+00 5.718648135399472671e-03 8.364524477846918473e-06 5.710283610925044086e-03
2.609484591676256127e+00 5.784134775091816921e-03 8.261553179751267729e-06 5.775873221912376440e-03
2.610595949755829093e+00 5.850895983132920614e-03 8.011486982910907568e-06 5.842884496149443156e-03
2.611707307835402503e+00 5.917930146592294792e-03 7.664990185568440169e-06 5.910265156406189699e-03
2.612818665914975469e+00 5.984293950114328263e-03 7.288832897863853117e-06 5.977005117209613187e-03
2.613930023994548879e+00 6.049259408577032857e-03 6.954917491718926124e-06 6.042304491088120767e-03
2.615041382074122289e+00 6.112435366252213717e-03 6.728440749431886152e-06 6.105706925494423093e-03
2.616152740153695255e+00 6.173833335286595461e-03 6.657141268767463897e-06 6.167176194013895135e-03
2.617264098233268665e+00 6.233866715381657791e-03 6.763405708466404577e-06 6.227103309670585507e-03
2.618375456312842076e+00 6.293283430419867493e-03 7.040538977365627714e-06 6.286242891442954221e-03
2.619486814392415042e+00 6.353043023319652691e-03 7.453819363058207829e-06 6.345589203951188841e-03
2.620598172471988452e+00 6.414158455538705381e-03 7.946172133653164752e-06 6.406212283402083589e-03
2.621709530551561418e+00 6.477528733703972336e-03 8.447534057299298449e-06 6.469081199645698201e-03
2.622820888631134828e+00 6.543790062029070966e-03 8.886371836932828981e-06 6.534903690190070787e-03
2.623932246710708238e+00 6.613210222112798214e-03 9.201460365560060748e-06 6.604008761742887271e-03
2.625043604790281204e+00 6.685643797021800783e-03 9.351981112278000957e-06 6.676291815902033432e-03
2.626154962869854614e+00 6.760555845577217310e-03 9.324274757067386175e-06 6.751231570816721046e-03
2.627266320949427580e+00 6.837110336909302949e-03 9.134130861001475915e-06 6.827976206043703290e-03
2.628377679029000991e+00 6.914308938984387726e-03 8.824230770668506948e-06 6.905484708207987841e-03
2.629489037108574401e+00 6.991157385192906665e-03 8.457157701033374666e-06 6.982700227488925805e-03
2.630600395188147367e+00 7.066832007199078461e-03 8.105118615271282622e-06 7.058726888575728164e-03
2.631711753267720777e+00 7.140818896508363371e-03 7.838065765647473444e-06 7.132980830745453901e-03
2.632823111347294187e+00 7.213002574642067913e-03 7.712171751652854195e-06 7.205290402883550785e-03
2.633934469426867153e+00 7.283689293012163453e-03 7.760556632156878219e-06 7.275928736379731580e-03
2.635045827506440563e+00 7.353560812973215094e-03 7.987797427504769038e-06 7.345573015543430465e-03
2.636157185586013529e+00 7.423565956342162604e-03 8.369129749066987040e-06 7.415196826593753281e-03
2.637268543665586940e+00 7.494767504314631124e-03 8.854479841607461245e-06 7.485913024468529922e-03
2.638379901745160350e+00 7.568169442856799434e-03 9.376670117911078235e-06 7.558792772734376428e-03
2.639491259824733316e+00 7.644552888110452138e-03 9.862453027619037918e-06 7.634690435079302846e-03
2.640602617904306726e+00 7.724347708350532207e-03 1.024456042776738374e-05 7.714103147922011378e-03
2.641713975983879692e+00 7.807561094069003643e-03 1.047278580411485987e-05 7.797088308262785719e-03
2.642825334063453102e+00 7.893775050376713662e-03 1.052227311271028870e-05 7.883252777262704167e-03
2.643936692143026512e+00 7.982213509952281946e-03 1.039764337951839190e-05 7.971815866567907860e-03
2.645048050222599478e+00 8.071868342239021249e-03 1.013227355534164508e-05 8.061736068677778644e-03
2.646159408302172888e+00 8.161663831957269993e-03 9.782839448412131199e-06 8.151880992502830159e-03
2.647270766381746299e+00 8.250632829489578518e-03 9.420014441437792995e-06 8.241212815042309181e-03
2.648382124461319265e+00 8.338075780700726636e-03 9.116849956978197752e-06 8.328958930742822245e-03
2.649493482540892675e+00 8.423676567678046664e-03 8.936747486633459534e-06 8.414739820188621086e-03
2.650604840620465641e+00 8.507556098972463357e-03 8.923001943816875089e-06 8.498633097024827637e-03
2.651716198700039051e+00 8.590254738007568544e-03 9.091640152953308772e-06 8.581163097851752034e-03
2.652827556779612461e+00 8.672646290460019752e-03 9.428738203216130431e-06 8.663217552253266521e-03
2.653938914859185427e+00 8.755797483653904312e-03 9.892665653733284875e-06 8.745904817994511193e-03
2.655050272938758837e+00 8.840795822027579937e-03 1.042089403695690541e-05 8.830374927984571340e-03
2.656161631018331803e+00 8.928573917674197460e-03 1.094025522849783504e-05 8.917633662441571546e-03
2.657272989097905214e+00 9.019759017684357907e-03 1.137896572380394278e-05 9.008380051958647314e-03
2.658384347177478624e+00 9.114572361905144346e-03 1.167843993186042028e-05 9.102893921970179811e-03
2.659495705257051590e+00 9.212794880419938187e-03 1.180294761490369377e-05 9.200991932794239797e-03
2.660607063336625000e+00 9.313804893355023817e-03 1.174552297035192326e-05 9.302059370380075243e-03
2.661718421416198410e+00 9.416681691285259601e-03 1.152914782788336159e-05 9.405152543455209610e-03
2.662829779495771376e+00 9.520358079283898489e-03 1.120300815157714513e-05 9.509155071128302938e-03
2.663941137575344786e+00 9.623796933676292964e-03 1.083443388267883408e-05 9.612962499789195342e-03
2.665052495654917752e+00 9.726162868591462646e-03 1.049784360444222053e-05 9.715665024980979156e-03
2.666163853734491163e+00 9.826960894266378865e-03 1.026251028818207529e-05 9.816698383969880634e-03
2.667275211814064573e+00 9.926119339341316072e-03 1.018116086329779650e-05 9.915938178477501017e-03
2.668386569893637539e+00 1.002400343887467626e-02 1.028128749445823115e-05 1.001372215138384911e-02
2.669497927973210949e+00 1.012135734452467364e-02 1.056060445343211143e-05 1.011079674006932008e-02
2.670609286052783915e+00 1.021918405196216295e-02 1.098740356988265297e-05 1.020819664838880543e-02
2.671720644132357325e+00 1.031858292251305875e-02 1.150575559019293131e-05 1.030707716692087078e-02
2.672832002211930735e+00 1.042057143659177836e-02 1.204470665923925099e-05 1.040852672992882179e-02
2.673943360291503701e+00 1.052592040901845910e-02 1.252996009094479851e-05 1.051339044892349479e-02
2.675054718371077112e+00 1.063502969246197215e-02 1.289612227223472593e-05 1.062213357018846650e-02
2.676166076450650522e+00 1.074786475446465675e-02 1.309749606397206536e-05 1.073476725839735309e-02
2.677277434530223488e+00 1.086396452412155544e-02 1.311564152492901696e-05 1.085084888259122207e-02
2.678388792609796898e+00 1.098251920324310599e-02 1.296245378947720223e-05 1.096955674945126503e-02
2.679500150689369864e+00 1.110250524795149824e-02 1.267824452601295279e-05 1.108982700341849467e-02
2.680611508768943274e+00 1.122285533399254923e-02 1.232513566203329849e-05 1.121053019832698311e-02
2.681722866848516240e+00 1.134263536928085091e-02 1.197684666591699069e-05 1.133065852261047439e-02
2.682834224928089650e+00 1.146119945655218325e-02 1.170655232716586878e-05 1.144949290422078887e-02
2.683945583007663060e+00 1.157829732865615392e-02 1.157480839609383440e-05 1.156672252025829628e-02
2.685056941087236027e+00 1.169411659045036488e-02 1.161953437389260030e-05 1.168249705607491903e-02
2.686168299166809437e+00 1.180925281672553367e-02 1.184970716283459825e-05 1.179740310955385355e-02
2.687279657246382847e+00 1.192461242502948493e-02 1.224381077116300026e-05 1.191236861425267086e-02
2.688391015325955813e+00 1.204126429892567532e-02 1.275330590548589714e-05 1.202851099301720413e-02
2.689502373405529223e+00 1.216026458390531174e-02 1.331055704723742484e-05 1.214695402685436569e-02
2.690613731485102633e+00 1.228248350089224117e-02 1.383991990234038170e-05 1.226864358098472135e-02
2.691725089564675599e+00 1.240846271272346910e-02 1.427016962339302985e-05 1.239419254309666318e-02
2.692836447644249009e+00 1.253832676822110199e-02 1.454622653620701853e-05 1.252378054168131090e-02
2.693947805723821975e+00 1.267176326682015880e-02 1.463824837515049544e-05 1.265712501843750323e-02
2.695059163803395386e+00 1.280807509021325563e-02 1.454658828781875407e-05 1.279352850191803510e-02
2.696170521882968352e+00 1.294629619128753392e-02 1.430179576926662757e-05 1.293199439551369692e-02
2.697281879962541762e+00 1.308535196404636905e-02 1.395965205061049292e-05 1.307139231199361609e-02
2.698393238042115172e+00 1.322423786760219128e-02 1.359204840519791496e-05 1.321064581919264430e-02
2.699504596121688138e+00 1.336218694965400980e-02 1.327520096974205252e-05 1.334891174868204494e-02
2.700615954201261548e+00 1.349879871393441268e-02 1.307713606848136256e-05 1.348572157786052418e-02
2.701727312280834958e+00 1.363410810876682783e-02 1.304650285231265608e-05 1.362106160591645965e-02
2.702838670360407924e+00 1.376858324207205081e-02 1.320455469005031156e-05 1.375537868737990513e-02
2.703950028439981335e+00 1.390305213648279116e-02 1.354162216254210511e-05 1.388951051431746783e-02
2.705061386519554301e+00 1.403857050392238667e-02 1.401866359885501159e-05 1.402455184032501065e-02
2.706172744599127711e+00 1.417625222062170523e-02 1.457364486218263894e-05 1.416167857575166902e-02
2.707284102678701121e+00 1.431709032496086657e-02 1.513170562584048779e-05 1.430195861933253668e-02
2.708395460758274087e+00 1.446179793068191714e-02 1.561744541302867467e-05 1.444618048526120045e-02
2.709506818837847497e+00 1.461069517975443002e-02 1.596731217307298332e-05 1.459472786757319562e-02
2.710618176917420463e+00 1.476366079741050358e-02 1.614005693292350891e-05 1.474752074047658290e-02
2.711729534996993873e+00 1.492015618563644411e-02 1.612353389930991593e-05 1.490403265173427874e-02
2.712840893076567284e+00 1.507931806095549020e-02 1.593672444803306137e-05 1.506338133650746147e-02
2.713952251156140250e+00 1.524010435988887649e-02 1.562664772527364737e-05 1.522447771216005330e-02
2.715063609235713660e+00 1.540146936483831677e-02 1.526066112451219094e-05 1.538620870370869392e-02
2.716174967315287070e+00 1.556253918921590013e-02 1.491541249610777559e-05 1.554762377671506032e-02
2.717286325394860036e+00 1.572275869520081693e-02 1.466425776746391586e-05 1.570809443743259592e-02
2.718397683474433446e+00 1.588198561955444024e-02 1.456521157938987961e-05 1.586742040797394296e-02
2.719509041554006412e+00 1.604051637701334188e-02 1.465141258893697975e-05 1.602586496442002378e-02
2.720620399633579822e+00 1.619903926909875558e-02 1.492567303666215203e-05 1.618411359606203304e-02
2.721731757713153232e+00 1.635852279776802906e-02 1.536001145007618652e-05 1.634316278631139929e-02
2.722843115792726199e+00 1.652005749159425260e-02 1.590024821435985307e-05 1.650415724338160500e-02
2.723954473872299609e+00 1.668467733772686576e-02 1.647491070318497504e-05 1.666820242702180335e-02
2.725065831951872575e+00 1.685319030072534446e-02 1.700698495569855794e-05 1.683618331576921742e-02
2.726177190031445985e+00 1.702604594065431493e-02 1.742658137412598401e-05 1.700861935927552165e-02
2.727288548111019395e+00 1.720326205354509239e-02 1.768243012273955388e-05 1.718557962341874662e-02
2.728399906190592361e+00 1.738442254629331621e-02 1.775031314031137432e-05 1.736667223315178574e-02
2.729511264270165771e+00 1.756874702231110696e-02 1.763704274781553521e-05 1.755110997956015745e-02
2.730622622349739181e+00 1.775522072485450492e-02 1.737932923092417746e-05 1.773784139561952744e-02
2.731733980429312147e+00 1.794276351263009855e-02 1.703772109487947941e-05 1.792572579153735995e-02
2.732845338508885558e+00 1.813041007158064030e-02 1.668661350752624422e-05 1.811372345806612841e-02
2.733956696588458524e+00 1.831747167149674199e-02 1.640196898488772439e-05 1.830106970251354354e-02
2.735068054668031934e+00 1.850365276856055091e-02 1.624877275214947126e-05 1.848740399580813334e-02
2.736179412747605344e+00 1.868910315608409561e-02 1.627029067491835793e-05 1.867283286540197609e-02
2.737290770827178310e+00 1.887439695510914617e-02 1.648090250991611667e-05 1.885791605260220619e-02
2.738402128906751720e+00 1.906044177776292092e-02 1.686369561810473477e-05 1.904357808214156636e-02
2.739513486986324686e+00 1.924833290466099536e-02 1.737322075375396537e-05 1.923095968390555258e-02
2.740624845065898096e+00 1.943917639782633336e-02 1.794296096267084548e-05 1.942123343686195935e-02
2.741736203145471507e+00 1.963391022333217314e-02 1.849628701765502166e-05 1.961541393631354227e-02
2.742847561225044473e+00 1.983315282710810742e-02 1.895909648297231000e-05 1.981419373062140790e-02
2.743958919304617883e+00 2.003710412892737575e-02 1.927205357084482687e-05 2.001783207535346581e-02
2.745070277384191293e+00 2.024551530054776241e-02 1.940041005020794450e-05 2.022611489049640221e-02
2.746181635463764259e+00 2.045773239145910402e-02 1.933978349191351766e-05 2.043839260796395316e-02
2.747292993543337669e+00 2.067280670979125545e-02 1.911693346910562676e-05 2.065368977632264097e-02
2.748404351622910635e+00 2.088965386680494488e-02 1.878539968214503668e-05 2.087086846712479099e-02
2.749515709702484045e+00 2.110723535699839462e-02 1.841671303316294410e-05 2.108881864396222605e-02
2.750627067782057456e+00 2.132473280403567734e-02 1.808862180054027680e-05 2.130664418222944639e-02
2.751738425861630422e+00 2.154168617564399327e-02 1.787226963932048217e-05 2.152381390600667174e-02
2.752849783941203832e+00 2.175807317055082971e-02 1.782043830156025005e-05 2.174025273224793053e-02
2.753961142020776798e+00 2.197431664459902761e-02 1.795879615418579766e-05 2.195635784844190627e-02
2.755072500100350208e+00 2.219121877780183549e-02 1.828160163386926662e-05 2.217293717616463516e-02
2.756183858179923618e+00 2.240983274828027214e-02 1.875257914465054373e-05 2.239108016913224017e-02
2.757295216259496584e+00 2.263129298522867719e-02 1.931083370115873737e-05 2.261198215152857016e-02
2.758406574339069994e+00 2.285663191121402663e-02 1.988084010602767838e-05 2.283675107110896829e-02
2.759517932418643404e+00 2.308661334191248679e-02 2.038486904159627402e-05 2.306622847286597319e-02
2.760629290498216371e+00 2.332160999232225917e-02 2.075580778899676493e-05 2.330085418452826004e-02
2.761740648577789781e+00 2.356154529688247665e-02 2.094826415214667923e-05 2.354059703272716464e-02
2.762852006657362747e+00 2.380590917311081051e-02 2.094612062111409558e-05 2.378496305248903667e-02
2.763963364736936157e+00 2.405384517866873337e-02 2.076528665863351176e-05 2.403307989201003761e-02
2.765074722816509123e+00 2.430429474536088472e-02 2.045118497526226447e-05 2.428384356038700703e-02
2.766186080896082533e+00 2.455617474989673504e-02 2.007137356802466354e-05 2.453610337632564781e-02
2.767297438975655943e+00 2.480855916765718761e-02 1.970450656782253313e-05 2.478885466108467217e-02
2.768408797055228909e+00 2.506083485782704956e-02 1.942744169525914620e-05 2.504140741613160304e-02
2.769520155134802319e+00 2.531280577178843597e-02 1.930261045384033564e-05 2.529350316133323687e-02
2.770631513214375730e+00 2.556472836592278697e-02 1.936772789046283514e-05 2.554536063802965995e-02
2.771742871293948696e+00 2.581727234062058604e-02 1.962953773854230453e-05 2.579764280287615702e-02
2.772854229373522106e+00 2.607141315136730919e-02 2.006262819774287383e-05 2.605135052316790573e-02
2.773965587453095516e+00 2.632827401425796507e-02 2.061352171294050903e-05 2.630766049254883512e-02
2.775076945532668482e+00 2.658894349104140922e-02 2.120937558181873104e-05 2.656773411545654967e-02
2.776188303612241892e+00 2.685429880857862633e-02 2.176987140481985141e-05 2.683252893717004428e-02
2.777299661691814858e+00 2.712486415933554676e-02 2.222034542542361687e-05 2.710264381390906432e-02
2.778411019771388268e+00 2.740072748927560239e-02 2.250400539397776189e-05 2.737822348388333285e-02
2.779522377850961234e+00 2.768152964623521450e-02 2.259122714275932120e-05 2.765893841908724157e-02
2.780633735930534645e+00 2.796652781352939113e-02 2.248440183971337012e-05 2.794404341168938224e-02
2.781745094010108055e+00 2.825472286962770266e-02 2.221753451685987201e-05 2.823250533511199173e-02
2.782856452089681021e+00 2.854502971126824523e-02 2.185065643129831812e-05 2.852317905483678362e-02
2.783967810169254431e+00 2.883646241763351825e-02 2.145996635367522054e-05 2.881500245127466969e-02
2.785079168248827841e+00 2.912830360183440645e-02 2.112531876448030482e-05 2.910717828306589108e-02
2.786190526328400807e+00 2.942022982832084854e-02 2.091711431293398623e-05 2.939931271400804055e-02
2.787301884407974217e+00 2.971237215402549800e-02 2.088474766825262571e-05 2.969148740635328687e-02
2.788413242487547183e+00 3.000530151706227652e-02 2.104851306729011579e-05 2.998425300399074067e-02
2.789524600567120594e+00 3.029994108600516170e-02 2.139630020247519323e-05 3.027854478580346842e-02
2.790635958646694004e+00 3.059741976028087715e-02 2.188562560813334318e-05 3.057553413467196599e-02
2.791747316726266970e+00 3.089889078606381304e-02 2.245066673684932806e-05 3.087644011932455523e-02
2.792858674805840380e+00 3.120534529541973273e-02 2.301314204996732720e-05 3.118233215337046921e-02
2.793970032885413346e+00 3.151745152468899552e-02 2.349524615489134916e-05 3.149395627852964036e-02
2.795081390964986756e+00 3.183544634290058628e-02 2.383250913498746379e-05 3.181161383376381740e-02
2.796192749044560166e+00 3.215909719286799001e-02 2.398445989079117245e-05 3.213511273298143289e-02
2.797304107124133132e+00 3.248774100873217524e-02 2.394133324742993594e-05 3.246379967547977086e-02
2.798415465203706542e+00 3.282039401922492994e-02 2.372571084544350980e-05 3.279666830837787983e-02
2.799526823283279953e+00 3.315591465509841462e-02 2.338881976239385837e-05 3.313252583533421447e-02
2.800638181362852919e+00 3.349319298449435905e-02 2.300209316056574954e-05 3.347019089133173447e-02
2.801749539442426329e+00 3.383133565555112438e-02 2.264537918229798464e-05 3.380869027636103363e-02
2.802860897521999295e+00 3.416981597506448670e-02 2.239373884783117013e-05 3.414742223621186623e-02
2.803972255601572705e+00 3.450856440404720393e-02 2.230500916884398544e-05 3.448625939487912073e-02
2.805083613681146115e+00 3.484798448256475056e-02 2.241018496443669488e-05 3.482557429759677858e-02
2.806194971760719081e+00 3.518889142214938481e-02 2.270821150124670577e-05 3.516618321064779451e-02
2.807306329840292491e+00 3.553238330983012061e-02 2.316605575139062036e-05 3.550921725407903823e-02
2.808417687919865458e+00 3.587966596957400250e-02 2.372405552256665891e-05 3.585594191404953279e-02
2.809529045999438868e+00 3.623186018743813908e-02 2.430567594394577978e-05 3.620755451148826437e-02
2.810640404079012278e+00 3.658982296226064718e-02 2.483007488390694118e-05 3.656499288737104225e-02
2.811751762158585244e+00 3.695401219255468883e-02 2.522541303347695078e-05 3.692878677951250826e-02
2.812863120238158654e+00 3.732441711313250199e-02 2.544071770107753056e-05 3.729897639543028331e-02
2.813974478317732064e+00 3.770056601226735860e-02 2.545434315181587898e-05 3.767511166911411552e-02
2.815085836397305030e+00 3.808161005323379422e-02 2.527762683477176027e-05 3.805633242639570174e-02
2.816197194476878440e+00 3.846646948911206648e-02 2.495312876449651859e-05 3.844151636034311148e-02
2.817308552556451406e+00 3.885401825312545521e-02 2.454773158333086922e-05 3.882947052154011452e-02
2.818419910636024817e+00 3.924327653747598094e-02 2.414172485155381817e-05 3.921913481261835033e-02
2.819531268715598227e+00 3.963357959897273464e-02 2.381565969634959169e-05 3.960976393927535810e-02
2.820642626795171193e+00 4.002469487898762529e-02 2.363712991773236525e-05 4.000105774906639877e-02
2.821753984874744603e+00 4.041686799201618663e-02 2.364965137764824790e-05 4.039321834063112210e-02
2.822865342954317569e+00 4.081078981894395441e-02 2.386547028262472154e-05 4.078692434865922867e-02
2.823976701033890979e+00 4.120748993741730343e-02 2.426348804880537049e-05 4.118322644936628363e-02
2.825088059113464389e+00 4.160817378209043932e-02 2.479265142939399114e-05 4.158338113066226832e-02
2.826199417193037355e+00 4.201403025336969410e-02 2.538025907451931537e-05 4.198864999429073597e-02
2.827310775272610766e+00 4.242604143966807045e-02 2.594382722324864638e-05 4.240009761244353803e-02
2.828422133352184176e+00 4.284482585568947371e-02 2.640457094798246522e-05 4.281842128474012965e-02
2.829533491431757142e+00 4.327054116375777387e-02 2.670028986087797087e-05 4.324384087389027825e-02
2.830644849511330552e+00 4.370286261156923480e-02 2.679554290172817476e-05 4.367606706866271338e-02
2.831756207590903518e+00 4.414104098681478905e-02 2.668744033930116550e-05 4.411435354646969786e-02
2.832867565670476928e+00 4.458403079119570289e-02 2.640609992978657720e-05 4.455762469126736680e-02
2.833978923750050338e+00 4.503066773538778184e-02 2.600969026164854042e-05 4.500465804512460144e-02
2.835090281829623304e+00 4.547986646113413856e-02 2.557487382191735398e-05 4.545429158731217195e-02
2.836201639909196714e+00 4.593080597169345303e-02 2.518421886427149527e-05 4.590562175282825869e-02
2.837312997988769681e+00 4.638307217127960597e-02 2.491264822145990209e-05 4.635815952305250703e-02
2.838424356068343091e+00 4.683673387951299560e-02 2.481515242119854549e-05 4.681191872708665574e-02
2.839535714147916501e+00 4.729233956460259652e-02 2.491778739344264841e-05 4.726742177721048044e-02
2.840647072227489467e+00 4.775083505274327345e-02 2.521343739295287478e-05 4.772562161534668612e-02
2.841758430307062877e+00 4.821341548290190154e-02 2.566304012458418512e-05 4.818775244277077874e-02
2.842869788386636287e+00 4.868133564708926331e-02 2.620207216178765123e-05 4.865513357493079366e-02
2.843981146466209253e+00 4.915570978896276200e-02 2.675122653417655777e-05 4.912895856242615461e-02
2.845092504545782663e+00 4.963733378160695153e-02 2.722952336828102519e-05 4.961010425823616371e-02
2.846203862625355629e+00 5.012655903965408666e-02 2.756769280080248713e-05 5.009899134684891314e-02
2.847315220704929040e+00 5.062323912560223738e-02 2.771962318722283748e-05 5.059551950241318596e-02
2.848426578784502006e+00 5.112675813297420241e-02 2.766998520776480511e-05 5.109908814776543268e-02
2.849537936864075416e+00 5.163613653233542489e-02 2.743677141488989229e-05 5.160869976092481021e-02
2.850649294943648826e+00 5.215019742497697952e-02 2.706832822761032588e-05 5.212312909675114597e-02
2.851760653023221792e+00 5.266776617558940193e-02 2.663536526261640913e-05 5.264113081032834734e-02
2.852872011102795202e+00 5.318787082284553991e-02 2.621925588304145464e-05 5.316165156695971949e-02
2.853983369182368612e+00 5.370991042874528887e-02 2.589855617815047938e-05 5.368401187256563456e-02
2.855094727261941578e+00 5.423376367302660400e-02 2.573596597822715962e-05 5.420802770704236800e-02
2.856206085341514989e+00 5.475981969948321565e-02 2.576788569437572286e-05 5.473405181378785539e-02
2.857317443421088399e+00 5.528892589551746839e-02 2.599829779674091138e-05 5.526292759771816304e-02
2.858428801500661365e+00 5.582226086320791342e-02 2.639799115329069230e-05 5.579586287205121758e-02
2.859540159580234775e+00 5.636115309409007318e-02 2.690926697458434925e-05 5.633424382710868622e-02
2.860651517659807741e+00 5.690687478250995579e-02 2.745536135059374166e-05 5.687941942116010036e-02
2.861762875739381151e+00 5.746044433248098660e-02 2.795304026240765367e-05 5.743249129221573990e-02
2.862874233818954117e+00 5.802246974553913056e-02 2.832629707564365254e-05 5.799414344845712360e-02
2.863985591898527527e+00 5.859305844448285672e-02 2.851889678911592908e-05 5.856453954769513803e-02
2.865096949978100938e+00 5.917180826099571050e-02 2.850369698599532122e-05 5.914330456400990199e-02
2.866208308057673904e+00 5.975788107110187319e-02 2.828720240994527240e-05 5.972959386868958997e-02
2.867319666137247314e+00 6.035014706303902521e-02 2.790859218240999246e-05 6.032223847085470270e-02
2.868431024216820724e+00 6.094737608592418199e-02 2.743336741865627009e-05 6.091994271850148523e-02
2.869542382296393690e+00 6.154844484149532557e-02 2.694265302413469967e-05 6.152150218847011326e-02
2.870653740375967100e+00 6.215252611155675649e-02 2.651990478349208725e-05 6.212600620677728724e-02
2.871765098455540066e+00 6.275922918384624349e-02 2.623720310111697890e-05 6.273299198074201721e-02
2.872876456535113476e+00 6.336866866179045876e-02 2.614338668890897166e-05 6.334252527510153552e-02
2.873987814614686886e+00 6.398145060479143442e-02 2.625598067526423293e-05 6.395519462410975686e-02
2.875099172694259853e+00 6.459857851368769333e-02 2.655825266539544075e-05 6.457202026101628578e-02
2.876210530773833263e+00 6.522129482346759877e-02 2.700188890985197039e-05 6.519429293455678009e-02
2.877321888853406229e+00 6.585088412819577186e-02 2.751485912149994852e-05 6.582336926907390862e-02
2.878433246932979639e+00 6.648847060789488117e-02 2.801318444327659791e-05 6.646045742344841578e-02
2.879544605012553049e+00 6.713484302289608741e-02 2.841467933562355784e-05 6.710642834355734498e-02
2.880655963092126015e+00 6.779033604320798545e-02 2.865241084194304597e-05 6.776168363236291514e-02
2.881767321171699425e+00 6.845478734071339111e-02 2.868566228123243297e-05 6.842610167842705371e-02
2.882878679251272835e+00 6.912757733516429470e-02 2.850659604906200992e-05 6.909907073911261688e-02
2.883990037330845801e+00 6.980774481161776401e-02 2.814151547666036686e-05 6.977960329613996926e-02
2.885101395410419212e+00 7.049415907621600641e-02 2.764651284828244942e-05 7.046651256336129709e-02
2.886212753489992178e+00 7.118571996081618503e-02 2.709821402165180451e-05 7.115862174679198071e-02
2.887324111569565588e+00 7.188155237467513947e-02 2.658113769265002860e-05 7.185497123697891231e-02
2.888435469649138998e+00 7.258116299713134045e-02 2.617374624233636572e-05 7.255498925088967044e-02
2.889546827728711964e+00 7.328453297355226603e-02 2.593548288126539762e-05 7.325859749066512827e-02
2.890658185808285374e+00 7.399213108358597413e-02 2.589693030600121783e-05 7.396623415327624462e-02
2.891769543887858340e+00 7.470484505417483712e-02 2.605471497188466658e-05 7.467879033919798404e-02
2.892880901967431750e+00 7.542384230706208892e-02 2.637200205532717878e-05 7.539747030500602853e-02
2.893992260047005161e+00 7.615038321147052369e-02 2.678450705504856276e-05 7.612359870441574861e-02
2.895103618126578127e+00 7.688561789986465833e-02 2.721104184279078908e-05 7.685840685801807737e-02
2.896214976206151537e+00 7.763040056794509591e-02 2.756686523590858224e-05 7.760283370270629200e-02
2.897326334285724947e+00 7.838515242719633347e-02 2.777764407915225771e-05 7.835737478311605164e-02
2.898437692365297913e+00 7.914979654379022955e-02 2.779172717571306900e-05 7.912200481661320339e-02
2.899549050444871323e+00 7.992377598025289520e-02 2.758870855945090025e-05 7.989618727169146839e-02
2.900660408524444289e+00 8.070615288552519806e-02 2.718286417660210224e-05 8.067897002134832851e-02
2.901771766604017699e+00 8.149577273302613389e-02 2.662088724824415286e-05 8.146915184577975533e-02
2.902883124683590665e+00 8.229146699891277950e-02 2.597428455128649707e-05 8.226549271435744382e-02
2.903994482763164076e+00 8.309226102241873413e-02 2.532767442384100277e-05 8.306693334799096495e-02
2.905105840842737486e+00 8.389755269226975565e-02 2.476490300862223184e-05 8.387278778926314515e-02
2.906217198922310452e+00 8.470723216967751545e-02 2.435525659418664654e-05 8.468287691308455656e-02
2.907328557001883862e+00 8.552172235633159758e-02 2.414203523291353791e-05 8.549758032109427974e-02
2.908439915081457272e+00 8.634193270911635909e-02 2.413536769141066951e-05 8.631779734142347449e-02
2.909551273161030238e+00 8.716913318686971002e-02 2.431045309826718756e-05 8.714482273377227584e-02
2.910662631240603648e+00 8.800476825249343993e-02 2.461152452576167711e-05 8.798015672796628828e-02
2.911773989320177058e+00 8.885024079725717394e-02 2.496089004225955063e-05 8.882527990721413025e-02
2.912885347399750025e+00 8.970670094432614539e-02 2.527157222449627792e-05 8.968142937209948318e-02
2.913996705479323435e+00 9.057487407557693326e-02 2.546147494119188316e-05 9.054941260063054109e-02
2.915108063558896401e+00 9.145495618940761851e-02 2.546675396128737797e-05 9.142948943544401685e-02
2.916219421638469811e+00 9.234659383482737849e-02 2.525219745344727765e-05 9.232134163736857579e-02
2.917330779718042777e+00 9.324895214886866346e-02 2.481691260262106416e-05 9.322413523626330023e-02
2.918442137797616187e+00 9.416086018055937201e-02 2.419438516576169040e-05 9.413666579539478607e-02
2.919553495877189597e+00 9.508101007384547887e-02 2.344690309710266679e-05 9.505756317074817718e-02
2.920664853956762563e+00 9.600817786230499140e-02 2.265526163274721129e-05 9.598552260067268194e-02
2.921776212036335973e+00 9.694143006185830524e-02 2.190544296718676320e-05 9.691952461889140336e-02
2.922887570115909384e+00 9.788028252855401901e-02 2.127446117429162599e-05 9.785900806738320745e-02
2.923998928195482350e+00 9.882478581234264980e-02 2.081770036869833994e-05 9.880396811196874574e-02
2.925110286275055760e+00 9.977552322868596391e-02 2.055982839685464370e-05 9.975496340028580655e-02
2.926221644354629170e+00 1.007335221257899815e-01 2.049077992270048035e-05 1.007130313458682591e-01
2.927333002434202136e+00 1.017000930198518061e-01 2.056746816802887509e-05 1.016795255516888402e-01
2.928444360513775546e+00 1.026766230721567613e-01 2.072094121279180565e-05 1.026559021309477321e-01
2.929555718593348512e+00 1.036643578553951978e-01 2.086780180273634935e-05 1.036434900535916359e-01
2.930667076672921922e+00 1.046642072705615822e-01 2.092400681948611578e-05 1.046432832637395893e-01
2.931778434752494888e+00 1.056766075069495298e-01 2.081876985485843376e-05 1.056557887370933174e-01
2.932889792832068299e+00 1.067014617325656306e-01 2.050627248493683898e-05 1.066809554600780807e-01
2.934001150911641709e+00 1.077381692621581788e-01 1.997325016952648585e-05 1.077181960119876769e-01
2.935112508991214675e+00 1.087857383980432718e-01 1.924119798225468268e-05 1.087664972000570718e-01
2.936223867070788085e+00 1.098429643605651762e-01 1.836282802467374079e-05 1.098246015325423930e-01
2.937335225150361495e+00 1.109086429864470785e-01 1.741335838384383235e-05 1.108912296280603060e-01
2.938446583229934461e+00 1.119817849451179986e-01 1.647806669355353945e-05 1.119653068784240840e-01
2.939557941309507871e+00 1.130617950844958197e-01 1.563815907581285383e-05 1.130461569254200549e-01
2.940669299389081282e+00 1.141485872037822369e-01 1.495728542659757179e-05 1.141336299183476621e-01
2.941780657468654248e+00 1.152426151350599004e-01 1.447092816305246734e-05 1.152281442068944090e-01
2.942892015548227658e+00 1.163448147669389615e-01 1.418042040406230066e-05 1.163306343465312087e-01
2.944003373627800624e+00 1.174564663054998986e-01 1.405258836770630158e-05 1.174424137171316551e-01
2.945114731707374034e+00 1.185789992318239533e-01 1.402508670885480643e-05 1.185649741451118983e-01
2.946226089786947000e+00 1.197137719129339473e-01 1.401655695502175054e-05 1.196997553559800698e-01
2.947337447866520410e+00 1.208618620835692770e-01 1.393994289332493771e-05 1.208479221406738580e-01
2.948448805946093820e+00 1.220239027287222527e-01 1.371677400984373011e-05 1.220101859547085693e-01
2.949560164025666786e+00 1.231999905259666822e-01 1.329006539270657271e-05 1.231867004605729787e-01
2.950671522105240197e+00 1.243896821476755399e-01 1.263370715623111375e-05 1.243770484405157667e-01
2.951782880184813607e+00 1.255920793249997169e-01 1.175679169163454569e-05 1.255803225333061990e-01
2.952894238264386573e+00 1.268059889839534826e-01 1.070215884444595861e-05 1.267952868251121523e-01
2.954005596343959983e+00 1.280301323942231173e-01 9.539390351874038826e-06 1.280205930038686157e-01
2.955116954423533393e+00 1.292633691463501155e-01 8.353399294590399451e-06 1.292550157470540306e-01
2.956228312503106359e+00 1.305048992467570945e-01 7.230487039429589436e-06 1.304976687597151908e-01
2.957339670582679769e+00 1.317544101157674674e-01 6.244159333648573174e-06 1.317481659564310459e-01
2.958451028662252735e+00 1.330121442318513147e-01 5.443035425410281043e-06 1.330067011964238266e-01
2.959562386741826145e+00 1.342788761240599205e-01 4.842841984460565983e-06 1.342740332820749338e-01
2.960673744821399112e+00 1.355558022571491383e-01 4.423813051887814105e-06 1.355513784440963154e-01
2.961785102900972522e+00 1.368443616436440524e-01 4.133928400327992365e-06 1.368402277152413749e-01
2.962896460980545932e+00 1.381460164055148820e-01 3.897461744423926107e-06 1.381421189437681551e-01
2.964007819060118898e+00 1.394620281246450322e-01 3.627435301707187208e-06 1.394584006893448413e-01
2.965119177139692308e+00 1.407932665636263958e-01 3.239932644304424843e-06 1.407900266309815573e-01
2.966230535219265718e+00 1.421400820822184552e-01 2.667913858758611586e-06 1.421374141683574288e-01
2.967341893298838684e+00 1.435022626664217427e-01 1.872256977531984922e-06 1.435003904094459548e-01
2.968453251378412094e+00 1.448790826355374206e-01 8.482045230198334692e-07 1.448782344310152181e-01
2.969564609457985505e+00 1.462694350632822715e-01 -3.738506121624981084e-07 1.462698089138937396e-01
2.970675967537558471e+00 1.476720262128881633e-01 -1.733374059551838812e-06 1.476737595869466457e-01
2.971787325617131437e+00 1.490856001037425826e-01 -3.149673121132420795e-06 1.490887497768583203e-01
2.972898683696704847e+00 1.505091563746735750e-01 -4.535213274989448708e-06 1.505136915879515536e-01
2.974010041776278257e+00 1.519421257125360969e-01 -5.810076409200229212e-06 1.519479357889423898e-01
2.975121399855851223e+00 1.533844740965895070e-01 -6.915179004003023855e-06 1.533913892755876529e-01
2.976232757935424633e+00 1.548367188321710941e-01 -7.822070683178095128e-06 1.548445409028509634e-01
2.977344116014998043e+00 1.562998538824100780e-01 -8.537695095817821435e-06 1.563083915775032584e-01
2.978455474094571009e+00 1.577751969689261957e-01 -9.103323885791732577e-06 1.577843002928097371e-01
2.979566832174144420e+00 1.592641838303363311e-01 -9.587834131744119460e-06 1.592737716644673784e-01
2.980678190253717830e+00 1.607681437703972760e-01 -1.007643214327083033e-05 1.607782202025360985e-01
2.981789548333290796e+00 1.622880937430384585e-01 -1.065667809434061600e-05 1.622987504211254040e-01
2.982900906412864206e+00 1.638245851817264898e-01 -1.140411256240744004e-05 1.638359892942867768e-01
2.984012264492437172e+00 1.653776290783837144e-01 -1.236985378536003421e-05 1.653899989321668262e-01
2.985123622572010582e+00 1.669467118683411744e-01 -1.357221162564760028e-05 1.669602840799660481e-01
2.986234980651583548e+00 1.685308996162483419e-01 -1.499370374414123273e-05 1.685458933199932008e-01
2.987346338731156958e+00 1.701290133052461573e-01 -1.658396985855688233e-05 1.701455972751078072e-01
2.988457696810730368e+00 1.717398461391216602e-01 -1.826810758379307921e-05 1.717581142467058397e-01
2.989569054890303335e+00 1.733623866510503042e-01 -1.995905849782011652e-05 1.733823457095408915e-01
2.990680412969876745e+00 1.749960102734004763e-01 -2.157200345189879027e-05 1.750175822768492706e-01
2.991791771049450155e+00 1.766406070718093413e-01 -2.303839239210277038e-05 1.766636454642042942e-01
2.992903129129023121e+00 1.782966237804235465e-01 -2.431729160307568856e-05 1.783209410720250909e-01
2.994014487208596531e+00 1.799650123982636241e-01 -2.540217133806443514e-05 1.799904145696031577e-01
2.995125845288169941e+00 1.816470930984145360e-01 -2.632200709162171978e-05 1.816734151055066915e-01
2.996237203367742907e+00 1.833443535209665354e-01 -2.713650517864146490e-05 1.833714900261488312e-01
2.997348561447316317e+00 1.850582172838557971e-01 -2.792623320587026752e-05 1.850861435170599589e-01
2.998459919526889284e+00 1.867898199641767065e-01 -2.877927873244191597e-05 1.868185992429033382e-01
2.999571277606462694e+00 1.885398299422670343e-01 -2.977663563096621084e-05 1.885696065778994235e-01
3.000682635686035660e+00 1.903083444618809961e-01 -3.097873191194142777e-05 1.903393231937908214e-01
3.001793993765609070e+00 1.920948791570989134e-01 -3.241532915724295287e-05 1.921272944862550125e-01
3.002905351845182480e+00 1.938984540910162202e-01 -3.408047193707690065e-05 1.939325345629522857e-01
3.004016709924755446e+00 1.957177635031056850e-01 -3.593333573842693782e-05 1.957536968388472187e-01
3.005128068004328856e+00 1.975514025878491453e-01 -3.790485073806821670e-05 1.975893074385799142e-01
3.006239426083902266e+00 1.993981149944172027e-01 -3.990902566269153586e-05 1.994380240200748222e-01
3.007350784163475232e+00 2.012570209675190458e-01 -4.185711838976095573e-05 2.012988780859112092e-01
3.008462142243048643e+00 2.031277887881118294e-01 -4.367232610012620250e-05 2.031714611142110549e-01
3.009573500322622053e+00 2.050107210261558899e-01 -4.530257641330721593e-05 2.050560236025680272e-01
3.010684858402195019e+00 2.069067406721330771e-01 -4.672930762312470633e-05 2.069534699797544175e-01
3.011796216481768429e+00 2.088172782969470453e-01 -4.797078110604772495e-05 2.088652490780509019e-01
3.012907574561341395e+00 2.107440773950269575e-01 -4.907936488271125359e-05 2.107931567599054812e-01
3.014018932640914805e+00 2.126889483914663481e-01 -5.013321707836333735e-05 2.127390816085416581e-01
3.015130290720487771e+00 2.146535102621716096e-01 -5.122371885554156067e-05 2.147047339810284894e-01
3.016241648800061181e+00 2.166389609305329478e-01 -5.244070671469198150e-05 2.166914016372459562e-01
3.017353006879634592e+00 2.186459131740184914e-01 -5.385791823374707732e-05 2.186997710922514160e-01
3.018464364959207558e+00 2.206743224011121496e-01 -5.552103327983581583e-05 2.207298434343918925e-01
3.019575723038780968e+00 2.227235179932286202e-01 -5.744026911939372707e-05 2.227809582623455908e-01
3.020687081118354378e+00 2.247923333175111671e-01 -5.958874217754415266e-05 2.248519220596821022e-01
3.021798439197927344e+00 2.268793136849168446e-01 -6.190686390139634235e-05 2.269412205488217371e-01
3.022909797277500754e+00 2.289829690133747264e-01 -6.431204854689961752e-05 2.290472810619187394e-01
3.024021155357074164e+00 2.311020307968737753e-01 -6.671213975849489162e-05 2.311687429366319768e-01
3.025132513436647130e+00 2.332356723373850971e-01 -6.902035376197307079e-05 2.333046926911502839e-01
3.026243871516220540e+00 2.353836571804347189e-01 -7.116929029680414188e-05 2.354548264707314598e-01
3.027355229595793507e+00 2.375463923398236366e-01 -7.312171870386166258e-05 2.376195140585280752e-01
3.028466587675366917e+00 2.397248783167950925e-01 -7.487638017162377496e-05 2.397997546969632410e-01
3.029577945754939883e+00 2.419205646101063589e-01 -7.646787006925080297e-05 2.419970324801747619e-01
3.030689303834513293e+00 2.441351346729522531e-01 -7.796064094373690622e-05 2.442130953138911542e-01
3.031800661914086703e+00 2.463702556173778535e-01 -7.943813597620453322e-05 2.464496937533501852e-01
3.032912019993659669e+00 2.486273335584353317e-01 -8.098886448784543563e-05 2.487083224229185985e-01
3.034023378073233079e+00 2.509073144285476897e-01 -8.269173324626649126e-05 2.509900061617904576e-01
3.035134736152806489e+00 2.532105625431279039e-01 -8.460306652771770459e-05 2.532951656096522619e-01
3.036246094232379455e+00 2.555368364092454048e-01 -8.674746468436527467e-05 2.556235838739262523e-01
3.037357452311952866e+00 2.578853653184413619e-01 -8.911401182958925680e-05 2.579744793302691797e-01
3.038468810391526276e+00 2.602550137572194888e-01 -9.165845381154751309e-05 2.603466722110336917e-01
3.039580168471099242e+00 2.626445063005360403e-01 -9.431097502526972068e-05 2.627388172755562579e-01
3.040691526550672652e+00 2.650526757665370714e-01 -9.698827106281629040e-05 2.651496640375959890e-01
3.041802884630245618e+00 2.674786936195116538e-01 -9.960789814032975091e-05 2.675783015176530499e-01
3.042914242709819028e+00 2.699222445333139819e-01 -1.021024986914163336e-04 2.700243470320020656e-01
3.044025600789391994e+00 2.723836161922995047e-01 -1.044315192312706266e-04 2.724880477115317889e-01
3.045136958868965404e+00 2.748636893141315207e-01 -1.065884495282575710e-04 2.749702777636567341e-01
3.046248316948538815e+00 2.773638292611028677e-01 -1.086023537239108269e-04 2.774724316148255432e-01
3.047359675028111781e+00 2.798856967853671773e-01 -1.105334119790185474e-04 2.799962301973455414e-01
3.048471033107685191e+00 2.824310087833924454e-01 -1.124631888982773883e-04 2.825434719722950128e-01
3.049582391187258601e+00 2.850012882364630351e-01 -1.144812270744196691e-04 2.851157694635321760e-01
3.050693749266831567e+00 2.875976444173996560e-01 -1.166701838693655401e-04 2.877143146012705044e-01
3.051805107346404977e+00 2.902206196360471169e-01 -1.190919835086029163e-04 2.903397116195560734e-01
3.052916465425978387e+00 2.928701280414444108e-01 -1.217773011339608896e-04 2.929919053425769637e-01
3.054027823505551353e+00 2.955454970496125822e-01 -1.247201549386846699e-04 2.956702172045465593e-01
3.055139181585124319e+00 2.982456052469679153e-01 -1.278785447962541141e-04 2.983734837917664806e-01
3.056250539664697730e+00 3.009690948579207825e-01 -1.311810784267625511e-04 3.011002759363510806e-01
3.057361897744271140e+00 3.037146246250014836e-01 -1.345385333119166198e-04 3.038491631583181696e-01
3.058473255823844106e+00 3.064811222377368805e-01 -1.378584786767547081e-04 3.066189807164076409e-01
3.059584613903417516e+00 3.092679953588274855e-01 -1.410605636656063044e-04 3.094090559224921266e-01
3.060695971982990926e+00 3.120752668626844972e-01 -1.440899524411096188e-04 3.122193568151236942e-01
3.061807330062563892e+00 3.149036120653492810e-01 -1.469266767858922167e-04 3.150505387421360659e-01
3.062918688142137302e+00 3.177542915224545461e-01 -1.495893360405902317e-04 3.179038808584876974e-01
3.064030046221710712e+00 3.206289898403120731e-01 -1.521324957458601611e-04 3.207811223360553243e-01
3.065141404301283679e+00 3.235295861580610444e-01 -1.546381696703789488e-04 3.236842243277299191e-01
3.066252762380857089e+00 3.264578930432513459e-01 -1.572027452099412307e-04 3.266150957884644268e-01
3.067364120460430055e+00 3.294154057071042030e-01 -1.599214687636052326e-04 3.295753271758676828e-01
3.068475478540003465e+00 3.324031018447523578e-01 -1.628730201452749718e-04 3.325659748648950309e-01
3.069586836619576431e+00 3.354213243031815006e-01 -1.661067042148608075e-04 3.355874310073956868e-01
3.070698194699149841e+00 3.384697654774993514e-01 -1.696343720074237763e-04 3.386393998495050295e-01
3.071809552778723251e+00 3.415475559905103431e-01 -1.734284194797028659e-04 3.417209844099933225e-01
3.072920910858296217e+00 3.446534434556643434e-01 -1.774262234984545577e-04 3.448308696791645978e-01
3.074032268937869627e+00 3.477860326656300738e-01 -1.815403232522881910e-04 3.479675729888825897e-01
3.075143627017443038e+00 3.509440487129921737e-01 -1.856727129824730087e-04 3.511297214259750388e-01
3.076254985097016004e+00 3.541265809134422904e-01 -1.897309335396413026e-04 3.543163118469808692e-01
3.077366343176589414e+00 3.573332685399424613e-01 -1.936433477746492369e-04 3.575269118877125174e-01
3.078477701256162824e+00 3.605643987621228175e-01 -1.973711086708837385e-04 3.607617698707923926e-01
3.079589059335735790e+00 3.638209013001824643e-01 -2.009148604730684841e-04 3.640218161606537661e-01
3.080700417415309200e+00 3.671042408502095955e-01 -2.043150657322282521e-04 3.673085559159396940e-01
3.081811775494882166e+00 3.704162246630154920e-01 -2.076458866980536943e-04 3.706238705497139074e-01
3.082923133574455576e+00 3.737587561279792636e-01 -2.110035986966816394e-04 3.739697597266739004e-01
3.084034491654028542e+00 3.771335736926421656e-01 -2.144914048512387998e-04 3.773480650974921913e-01
3.085145849733601953e+00 3.805420165853579118e-01 -2.182031094308670214e-04 3.807602196947892925e-01
3.086257207813175363e+00 3.839848543210498955e-01 -2.222082953074219595e-04 3.842070626163519576e-01
3.087368565892748329e+00 3.874622065999830944e-01 -2.265414078588926265e-04 3.876887480078382575e-01
3.088479923972321739e+00 3.909735656772032608e-01 -2.311965129431785195e-04 3.912047621901459937e-01
3.089591282051895149e+00 3.945179169445091061e-01 -2.361285736504903365e-04 3.947540455181605124e-01
3.090702640131468115e+00 3.980939379593363414e-01 -2.412610300901255880e-04 3.983351989894244882e-01
3.091813998211041525e+00 4.017002439597150421e-01 -2.464984418116607668e-04 4.019467424015243928e-01
3.092925356290614936e+00 4.053356409424552220e-01 -2.517421309725754531e-04 4.055873830734262331e-01
3.094036714370187902e+00 4.089993467061051047e-01 -2.569062800158879688e-04 4.092562529861167864e-01
3.095148072449761312e+00 4.126911459155264139e-01 -2.619318695432937293e-04 4.129530777850705658e-01
3.096259430529334278e+00 4.164114562303266043e-01 -2.667962006925369417e-04 4.166782524310194691e-01
3.097370788608907688e+00 4.201612970222720067e-01 -2.715164726341991598e-04 4.204328134949062989e-01
3.098482146688480654e+00 4.239421677997172733e-01 -2.761468603273344469e-04 4.242183146600450039e-01
3.099593504768054064e+00 4.277558576271459079e-01 -2.807696005247399020e-04 4.280366272276633355e-01
3.100704862847627474e+00 4.316042173078887267e-01 -2.854815709967094143e-04 4.318896988788838431e-01
3.101816220927200440e+00 4.354889312490888287e-01 -2.903785791027036064e-04 4.357793098281921296e-01
3.102927579006773851e+00 4.394113250062395837e-01 -2.955399418734825723e-04 4.397068649481132296e-01
3.104038937086347261e+00 4.433722377701594941e-01 -3.010158814028135997e-04 4.436732536515628489e-01
3.105150295165920227e+00 4.473719777141258458e-01 -3.068197871063388783e-04 4.476787975012334053e-01
3.106261653245493637e+00 4.514103641126680500e-01 -3.129265888046225096e-04 4.517232907014715471e-01
3.107373011325067047e+00 4.554868458294754618e-01 -3.192774751714560827e-04 4.558061233046426519e-01
3.108484369404640013e+00 4.596006735137398991e-01 -3.257901471656066963e-04 4.599264636609077805e-01
3.109595727484213423e+00 4.637510946435260406e-01 -3.323728878659468287e-04 4.640834675313899038e-01
3.110707085563786389e+00 4.679375376898866623e-01 -3.389401076158996755e-04 4.682764777975000348e-01
3.111818443643359799e+00 4.721597545376860494e-01 -3.454267886839916188e-04 4.725051813263664857e-01
3.112929801722932766e+00 4.764178982986742028e-01 -3.517994444109001401e-04 4.767696977430867511e-01
3.114041159802506176e+00 4.807125253604466741e-01 -3.580617917564128325e-04 4.810705871522051313e-01
3.115152517882079586e+00 4.850445238922411750e-01 -3.642542161314478617e-04 4.854087781083678554e-01
3.116263875961652552e+00 4.894149837720905838e-01 -3.704471373392571941e-04 4.897854309094271108e-01
3.117375234041225962e+00 4.938250328588932314e-01 -3.767293952004500740e-04 4.942017622540908484e-01
3.118486592120799372e+00 4.982756700268531902e-01 -3.831935958729832683e-04 4.986588636227212712e-01
3.119597950200372338e+00 5.027676255193088695e-01 -3.899208594057441404e-04 5.031575463787169022e-01
3.120709308279945748e+00 5.073012739911607616e-01 -3.969675036075664249e-04 5.076982414947655009e-01
3.121820666359519159e+00 5.118766160180006075e-01 -4.043558735404477814e-04 5.122809718915366517e-01
3.122932024439092125e+00 5.164933315483599685e-01 -4.120708346123227788e-04 5.169054023829730005e-01
3.124043382518665535e+00 5.211508958896059474e-01 -4.200625049846774643e-04 5.215709583945862260e-01
3.125154740598238501e+00 5.258487375872237246e-01 -4.282547664062726295e-04 5.262769923536285699e-01
3.126266098677811911e+00 5.305864099255992450e-01 -4.365581334681879755e-04 5.310229680590654588e-01
3.127377456757384877e+00 5.353637450677550813e-01 -4.448848385847304016e-04 5.358086299063379299e-01
3.128488814836958287e+00 5.401809625537998816e-01 -4.531636235785143707e-04 5.406341261773751627e-01
3.129600172916531697e+00 5.450387115458222853e-01 -4.613517791951478927e-04 5.455000633250198794e-01
3.130711530996104663e+00 5.499380375468774229e-01 -4.694424326773244524e-04 5.504074799795567463e-01
3.131822889075678074e+00 5.548802774035729302e-01 -4.774658745149341519e-04 5.553577432780888445e-01
3.132934247155251484e+00 5.598668989900922321e-01 -4.854847072934223465e-04 5.603523836973859362e-01
3.134045605234824450e+00 5.648993118943915759e-01 -4.935836274107942376e-04 5.653928955218023855e-01
3.135156963314397860e+00 5.699786809625080330e-01 -5.018555436132620968e-04 5.704805365061224043e-01
3.136268321393971270e+00 5.751057747083091476e-01 -5.103863462404181067e-04 5.756161610545497131e-01
3.137379679473544236e+00 5.802808752781852819e-01 -5.192408661709144212e-04 5.808001161443471227e-01
3.138491037553117202e+00 5.855037667186283601e-01 -5.284523650225238190e-04 5.860322190836469991e-01
3.139602395632690612e+00 5.907738053609810081e-01 -5.380173105644272657e-04 5.913118226715408099e-01
3.140713753712264023e+00 5.960900623673242027e-01 -5.478963108648136817e-04 5.966379586781869193e-01
3.141825111791836989e+00 6.014515161922052711e-01 -5.580210535721198467e-04 6.020095372457769933e-01
3.142936469871410399e+00 6.068572639938160096e-01 -5.683060936521157694e-04 6.074255700874683361e-01
3.144047827950983809e+00 6.123067173810908814e-01 -5.786635209117733372e-04 6.128853809020053944e-01
3.145159186030556775e+00 6.177997499800887971e-01 -5.890180533813195105e-04 6.183887680334638759e-01
3.146270544110130185e+00 6.233367718498187271e-01 -5.993200256134103470e-04 6.239360918754348617e-01
3.147381902189703595e+00 6.289187175716461908e-01 -6.095540860668669566e-04 6.295282716577094151e-01
3.148493260269276561e+00 6.345469489433702703e-01 -6.197421285979207812e-04 6.351666910719695469e-01
3.149604618348849971e+00 6.402230873033630809e-01 -6.299399424113455090e-04 6.408530272457783061e-01
3.150715976428422938e+00 6.459488022344309632e-01 -6.402281135401483763e-04 6.465890303479679968e-01
3.151827334507996348e+00 6.517255907889973887e-01 -6.506986748100973507e-04 6.523762894638009957e-01
3.152938692587569314e+00 6.575545831603810676e-01 -6.614397193078407153e-04 6.582160228796859469e-01
3.154050050667142724e+00 6.634364065708788782e-01 -6.725205442626053806e-04 6.641089271151420226e-01
3.155161408746716134e+00 6.693711296999504956e-01 -6.839798178598832570e-04 6.700551095178036709e-01
3.156272766826289100e+00 6.753582967722783215e-01 -6.958187713722551989e-04 6.760541155436543548e-01
3.157384124905862510e+00 6.813970456400979536e-01 -7.080005928990816891e-04 6.821050462329970587e-01
3.158495482985435920e+00 6.874862902798691833e-01 -7.204561727402293081e-04 6.882067464526083755e-01
3.159606841065008886e+00 6.936249374024754388e-01 -7.330952936783311251e-04 6.943580326961577009e-01
3.160718199144582297e+00 6.998121011549612858e-01 -7.458214476091263321e-04 7.005579226025702155e-01
3.161829557224155707e+00 7.060472801580235380e-01 -7.585478452412359844e-04 7.068058280032654128e-01
3.162940915303728673e+00 7.123304673638968243e-01 -7.712119714325190063e-04 7.131016793353304184e-01
3.164052273383302083e+00 7.186621744307072346e-01 -7.837862627008224331e-04 7.194459606934057172e-01
3.165163631462875049e+00 7.250433666483838691e-01 -7.962831106140516157e-04 7.258396497589910679e-01
3.166274989542448459e+00 7.314753195338004055e-01 -8.087533231195949369e-04 7.322840728569195434e-01
3.167386347622021425e+00 7.379594215188352013e-01 -8.212782531084505868e-04 7.387806997719380542e-01
3.168497705701594835e+00 7.444969564406614948e-01 -8.339568520123941857e-04 7.453309132926710934e-01
3.169609063781168246e+00 7.510889032120154907e-01 -8.468897520963173829e-04 7.519357929641136140e-01
3.170720421860741212e+00 7.577357874417025574e-01 -8.601629834890737450e-04 7.585959504251901242e-01
3.171831779940314622e+00 7.644376112702582216e-01 -8.738340060480279461e-04 7.653114452763071229e-01
3.172943138019888032e+00 7.711938746523371302e-01 -8.879223675352638069e-04 7.720817970198726732e-01
3.174054496099460998e+00 7.780036859013254036e-01 -9.024065472271843762e-04 7.789060924485485815e-01
3.175165854179034408e+00 7.848659440776172280e-01 -9.172275305847669372e-04 7.857831716082022133e-01
3.176277212258607818e+00 7.917795633086356366e-01 -9.322985522477034289e-04 7.927118618608880452e-01
3.177388570338180784e+00 7.987437015112860417e-01 -9.475194242288612068e-04 7.996912209355160339e-01
3.178499928417754194e+00 8.057579545861810466e-01 -9.627931027532969557e-04 8.067207476889315387e-01
3.179611286497327161e+00 8.128224822887916146e-01 -9.780417680647973330e-04 8.138005240568567666e-01
3.180722644576900571e+00 8.199380428849700753e-01 -9.932197610359558716e-04 8.209312626460074647e-01
3.181834002656473537e+00 8.271059286304847102e-01 -1.008321229119292940e-03 8.281142498596008039e-01
3.182945360736046947e+00 8.343278106379716785e-01 -1.023381199960283648e-03 8.353511918379321610e-01
3.184056718815620357e+00 8.416055170801057805e-01 -1.038469882424523190e-03 8.426439869625287349e-01
3.185168076895193323e+00 8.489407803351416426e-01 -1.053681114095036475e-03 8.499944614492398465e-01
3.186279434974766733e+00 8.563349946219611653e-01 -1.069116846886182439e-03 8.574041114688520926e-01
3.187390793054340143e+00 8.637890247992774384e-01 -1.084870226705016236e-03 8.648738950259795555e-01
3.188502151133913110e+00 8.713030993618797737e-01 -1.101010068086563003e-03 8.724041094299673782e-01
3.189613509213486520e+00 8.788768074001438446e-01 -1.117569307898197504e-03 8.799943767080432577e-01
3.190724867293059930e+00 8.865092024935953274e-01 -1.134539377062548449e-03 8.876437418706567550e-01
3.191836225372632896e+00 8.941989988990030058e-01 -1.151871460343686406e-03 8.953508703593509033e-01
3.192947583452206306e+00 9.019448298516162810e-01 -1.169484479813935694e-03 9.031143143314326327e-01
3.194058941531779272e+00 9.097455269133841727e-01 -1.187278524105734451e-03 9.109328054374884465e-01
3.195170299611352682e+00 9.176003749390678754e-01 -1.205151536751449069e-03 9.188055264758149265e-01
3.196281657690925648e+00 9.255093002168793825e-01 -1.223016523828117331e-03 9.267323167407106599e-01
3.197393015770499058e+00 9.334729593081310117e-01 -1.240816436746989540e-03 9.347137757448714668e-01
3.198504373850072469e+00 9.414927115544237113e-01 -1.258534249929533621e-03 9.427512458043515453e-01
3.199615731929645435e+00 9.495704767215776831e-01 -1.276196527843999904e-03 9.508466732494182949e-01
3.200727090009218845e+00 9.577084978553449535e-01 -1.293869836042928472e-03 9.590023676913832507e-01
3.201838448088792255e+00 9.659090451264860100e-01 -1.311650523478149425e-03 9.672206956499637132e-01
3.202949806168365221e+00 9.741741066660555282e-01 -1.329649496295424267e-03 9.755037561623505216e-01
3.204061164247938631e+00 9.825051154089925465e-01 -1.347974436481366939e-03 9.838530898454777018e-01
3.205172522327512041e+00 9.909027561888642532e-01 -1.366712354047312263e-03 9.922694685429106487e-01
3.206283880407085007e+00 9.993668854251397393e-01 -1.385915325602040489e-03 1.000752800750738913e+00
3.207395238486658418e+00 1.007896578524450693e+00 -1.405591768811724008e-03 1.009302170293262524e+00
3.208506596566231384e+00 1.016490300271164937e+00 -1.425704711984221657e-03 1.017916004983150602e+00
3.209617954645804794e+00 1.025146174136515320e+00 -1.446177384973032498e-03 1.026592351521487645e+00
3.210729312725377760e+00 1.033862310672659213e+00 -1.466905266524083954e-03 1.035329215939179814e+00
3.211840670804951170e+00 1.042637145510374008e+00 -1.487772668777397013e-03 1.044124918179150763e+00
3.212952028884524580e+00 1.051469735519433346e+00 -1.508671194884011330e-03 1.052978406714318638e+00
3.214063386964097546e+00 1.060359967788011559e+00 -1.529517093487067466e-03 1.061889484881496148e+00
3.215174745043670956e+00 1.069308649300335201e+00 -1.550264706101500819e-03 1.070858914006437512e+00
3.216286103123244366e+00 1.078317463502216800e+00 -1.570913833550588532e-03 1.079888377335767480e+00
3.217397461202817333e+00 1.087388800450391768e+00 -1.591509833041777119e-03 1.088980310283433006e+00
3.218508819282390743e+00 1.096525486733763488e+00 -1.612136438019064503e-03 1.098137623171783428e+00
3.219620177361964153e+00 1.105730456745416701e+00 -1.632902475496072949e-03 1.107363359220910892e+00
3.220731535441537119e+00 1.115006415752839875e+00 -1.653924646836831686e-03 1.116660340399675100e+00
3.221842893521110085e+00 1.124355546169993891e+00 -1.675309175468570055e-03 1.126030855345461879e+00
3.222954251600683495e+00 1.133779301339378653e+00 -1.697135304154292470e-03 1.135476436643532594e+00
3.224065609680256905e+00 1.143278317136716460e+00 -1.719443315800811469e-03 1.144997760452518776e+00
3.225176967759829871e+00 1.152852453045032144e+00 -1.742229005667349923e-03 1.154594682050703147e+00
3.226288325839403281e+00 1.162500953995842412e+00 -1.765445471898685311e-03 1.164266399467741131e+00
3.227399683918976692e+00 1.172222705462780512e+00 -1.789011889439445996e-03 1.174011717352222872e+00
3.228511041998549658e+00 1.182016540002074567e+00 -1.812827787301882470e-03 1.183829367789372533e+00
3.229622400078123068e+00 1.191881545895600691e+00 -1.836790448950024980e-03 1.193718336344554931e+00
3.230733758157696478e+00 1.201817328920950390e+00 -1.860812548431628986e-03 1.203678141469384899e+00
3.231845116237269444e+00 1.211824186418588134e+00 -1.884837104189145693e-03 1.213709023522774544e+00
3.232956474316842854e+00 1.221903167392850209e+00 -1.908847283397865045e-03 1.223812014676245230e+00
3.234067832396415820e+00 1.232056010973753502e+00 -1.932869447730056842e-03 1.233988880421478695e+00
3.235179190475989230e+00 1.242284975171619399e+00 -1.956968955160811891e-03 1.244241944126780908e+00
3.236290548555562196e+00 1.252592585315378759e+00 -1.981239436223064272e-03 1.254573824751600508e+00
3.237401906635135607e+00 1.262981344093316638e+00 -2.005787348058952514e-03 1.264987131441373203e+00
3.238513264714709017e+00 1.273453450735546388e+00 -2.030714395972876753e-03 1.275484165131515191e+00
3.239624622794281983e+00 1.284010574758204015e+00 -2.056100769565945199e-03 1.286066675527766989e+00
3.240735980873855393e+00 1.294653720241834005e+00 -2.081992008917534203e-03 1.296735712250753236e+00
3.241847338953428803e+00 1.305383201447616770e+00 -2.108391716632100708e-03 1.307491593164243904e+00
3.242958697033001769e+00 1.316198732204256094e+00 -2.135261362258457883e-03 1.318333993566516149e+00
3.244070055112575179e+00 1.327099612941165852e+00 -2.162527246280630464e-03 1.329262140187444485e+00
3.245181413192148590e+00 1.338084983525801075e+00 -2.190093496518859609e-03 1.340275077022322181e+00
3.246292771271721556e+00 1.349154099724561462e+00 -2.217858958320157239e-03 1.351371958682878738e+00
3.247404129351294966e+00 1.360306587782222687e+00 -2.245735179586603406e-03 1.362552322961806395e+00
3.248515487430867932e+00 1.371542635787743825e+00 -2.273662493243889388e-03 1.373816298280991388e+00
3.249626845510441342e+00 1.382863091406395739e+00 -2.301621497806128572e-03 1.385164712904198403e+00
3.250738203590014308e+00 1.394269451362361911e+00 -2.329637984026702857e-03 1.396599089346389322e+00
3.251849561669587718e+00 1.405763746101194256e+00 -2.357780430283461064e-03 1.408121526531475043e+00
3.252960919749161128e+00 1.417348340356034297e+00 -2.386150415064102089e-03 1.419734490771095370e+00
3.254072277828734094e+00 1.429025684034437971e+00 -2.414867469618666232e-03 1.431440551504054914e+00
3.255183635908307505e+00 1.440798055688022217e+00 -2.444050823032813471e-03 1.443242106511050116e+00
3.256294993987880915e+00 1.452667341571301618e+00 -2.473801021106992321e-03 1.455141142592408121e+00
3.257406352067453881e+00 1.464634886854823348e+00 -2.504184440155951628e-03 1.467139071294975894e+00
3.258517710147027291e+00 1.476701443049761808e+00 -2.535223258447866484e-03 1.479236666308205939e+00
3.259629068226600701e+00 1.488867219238478201e+00 -2.566892564770551811e-03 1.491434111803249696e+00
3.260740426306173667e+00 1.501132027059935092e+00 -2.599125119362930003e-03 1.503731152179298203e+00
3.261851784385747077e+00 1.513495493522257762e+00 -2.631823027852115728e-03 1.516127316550103910e+00
3.262963142465320043e+00 1.525957304264454528e+00 -2.664874450265490927e-03 1.528622178714718505e+00
3.264074500544893453e+00 1.538517434777856518e+00 -2.698172632793897560e-03 1.541215607410651334e+00
3.265185858624466420e+00 1.551176329179960289e+00 -2.731634158439036342e-03 1.553907963338399867e+00
3.266297216704039830e+00 1.563934995063304800e+00 -2.765213430345542494e-03 1.566700208493646773e+00
3.267408574783613240e+00 1.576794997228475825e+00 -2.798911011104033772e-03 1.579593908239585565e+00
3.268519932863186206e+00 1.589758350369932183e+00 -2.832774444221325232e-03 1.592591124814150660e+00
3.269631290942759616e+00 1.602827328125275619e+00 -2.866891416613302334e-03 1.605694219541883738e+00
3.270742649022333026e+00 1.616004220414499093e+00 -2.901376381217650978e-03 1.618905596795716439e+00
3.271854007101905992e+00 1.629291080236129563e+00 -2.936352839161793151e-03 1.632227433075291056e+00
3.272965365181479402e+00 1.642689503473069301e+00 -2.971934202639582925e-03 1.645661437675710381e+00
3.274076723261052813e+00 1.656200480346495585e+00 -3.008206402374654243e-03 1.659208686748865125e+00
3.275188081340625779e+00 1.669824345711491187e+00 -3.045215125349123864e-03 1.672869560836842018e+00
3.276299439420199189e+00 1.683560839264483633e+00 -3.082959812925076780e-03 1.686643799077403916e+00
3.277410797499772155e+00 1.697409268581895336e+00 -3.121395439127933567e-03 1.700530664021021598e+00
3.278522155579345565e+00 1.711368750722498389e+00 -3.160441804999229547e-03 1.714529192527493917e+00
3.279633513658918531e+00 1.725438494757480123e+00 -3.199998838311975732e-03 1.728638493595789249e+00
3.280744871738491941e+00 1.739618080285536550e+00 -3.239965384127443428e-03 1.742858045669661626e+00
3.281856229818065351e+00 1.753907686995927140e+00 -3.280258377175876341e-03 1.757187945373101634e+00
3.282967587897638317e+00 1.768308237716278430e+00 -3.320829201813202836e-03 1.771629066918088746e+00
3.284078945977211728e+00 1.782821430961736509e+00 -3.361674485980594568e-03 1.786183105447715525e+00
3.285190304056785138e+00 1.797449656609164226e+00 -3.402839472672924623e-03 1.800852496081836174e+00
3.286301662136358104e+00 1.812195807083853971e+00 -3.444413320752455748e-03 1.815640220404603156e+00
3.287413020215931514e+00 1.827063013312340445e+00 -3.486517010027127741e-03 1.830549530322363783e+00
3.288524378295504924e+00 1.842054346891407679e+00 -3.529285746807838287e-03 1.845583632638212013e+00
3.289635736375077890e+00 1.857172535436498295e+00 -3.572848684963279668e-03 1.860745384121457180e+00
3.290747094454650856e+00 1.872419735982844280e+00 -3.617309241841653884e-03 1.876037045224686839e+00
3.291858452534224266e+00 1.887797401931095687e+00 -3.662729219955648298e-03 1.891460131151051494e+00
3.292969810613797677e+00 1.903306263875428339e+00 -3.709119352686432447e-03 1.907015383228108263e+00
3.294081168693370643e+00 1.918946426190409449e+00 -3.756437869775208944e-03 1.922702864060183980e+00
3.295192526772944053e+00 1.934717562494109755e+00 -3.804597390866721208e-03 1.938522159884975116e+00
3.296303884852517463e+00 1.950619177128866566e+00 -3.853479111734556869e-03 1.954472656240596962e+00
3.297415242932090429e+00 1.966650889220159959e+00 -3.902952066409310673e-03 1.970553841286565966e+00
3.298526601011663839e+00 1.982812692438822522e+00 -3.952894422061279354e-03 1.986765586860880450e+00
3.299637959091237249e+00 1.999105147865902321e+00 -4.003213427258842279e-03 2.003108361293160833e+00
3.300749317170810215e+00 2.015529478655186946e+00 -4.053860843845230079e-03 2.019583339499029684e+00
3.301860675250383625e+00 2.032087551641634793e+00 -4.104841414746340268e-03 2.036192393056378336e+00
3.302972033329956592e+00 2.048781749954823539e+00 -4.156213037905735590e-03 2.052937962992722909e+00
3.304083391409530002e+00 2.065614758929130268e+00 -4.208078648628143896e-03 2.069822837577755426e+00
3.305194749489102968e+00 2.082589302149027155e+00 -4.260571142896672249e-03 2.086849873291919177e+00
3.306306107568676378e+00 2.099707872883283422e+00 -4.313833786197497286e-03 2.104021706669481517e+00
3.307417465648249788e+00 2.116972507045397300e+00 -4.367999266169460618e-03 2.121340506311566454e+00
3.308528823727822754e+00 2.134384636967839644e+00 -4.423170747257766655e-03 2.138807807715095599e+00
3.309640181807396164e+00 2.151945051800717490e+00 -4.479407940373266589e-03 2.156424459741090427e+00
3.310751539886969574e+00 2.169653972443700063e+00 -4.536720368081310385e-03 2.174190692811778902e+00
3.311862897966542540e+00 2.187511229530350043e+00 -4.595068822986859113e-03 2.192106298353336591e+00
3.312974256046115951e+00 2.205516515335666394e+00 -4.654374678291738933e-03 2.210170890013957390e+00
3.314085614125689361e+00 2.223669667512659931e+00 -4.714535433977371133e-03 2.228384202946637860e+00
3.315196972205262327e+00 2.241970936495750077e+00 -4.775443878341378671e-03 2.246746380374089913e+00
3.316308330284835737e+00 2.260421190309261696e+00 -4.837007675826517084e-03 2.265258197985086763e+00
3.317419688364408703e+00 2.279022020182658093e+00 -4.899166150032364941e-03 2.283921186332687814e+00
3.318531046443982113e+00 2.297775726279137842e+00 -4.961901519965165007e-03 2.302737627799105624e+00
3.319642404523555079e+00 2.316685182452756564e+00 -5.025242785538643758e-03 2.321710425238292519e+00
3.320753762603128489e+00 2.335753599074831488e+00 -5.089261688763706964e-03 2.340842860763587385e+00
3.321865120682701900e+00 2.354984220293043773e+00 -5.154061495579368053e-03 2.360138281788625836e+00
3.322976478762274866e+00 2.374380003738736367e+00 -5.219760532066787702e-03 2.379599764270797557e+00
3.324087836841848276e+00 2.393943334667490763e+00 -5.286473271180864089e-03 2.399229807938672465e+00
3.325199194921421686e+00 2.413675822056567277e+00 -5.354292160500947681e-03 2.419030114217065819e+00
3.326310553000994652e+00 2.433578211882616138e+00 -5.423273243459098523e-03 2.439001485126073288e+00
3.327421911080568062e+00 2.453650434558968474e+00 -5.493427980418933050e-03 2.459143862539381775e+00
3.328533269160141472e+00 2.473891782185487109e+00 -5.564722630067860977e-03 2.479456504815554130e+00
3.329644627239714438e+00 2.494301190268487733e+00 -5.637085280677265296e-03 2.499938275549159705e+00
3.330755985319287849e+00 2.514877581289071351e+00 -5.710419336819629911e-03 2.520588000625889613e+00
3.331867343398860815e+00 2.535620216764907564e+00 -5.784621184166558079e-03 2.541404837949066575e+00
3.332978701478434225e+00 2.556529002071679546e+00 -5.859599053750779926e-03 2.562388601125430210e+00
3.334090059558007191e+00 2.577604694745208480e+00 -5.935289904633179840e-03 2.583539984649839472e+00
3.335201417637580601e+00 2.598848981351752574e+00 -6.011671474500716178e-03 2.604860652826250345e+00
3.336312775717154011e+00 2.620264408086741437e+00 -6.088767456523867458e-03 2.626353175543261642e+00
3.337424133796726977e+00 2.641854172916587640e+00 -6.166644913339021372e-03 2.648020817829924933e+00
3.338535491876300387e+00 2.663621808743096508e+00 -6.245404343007340819e-03 2.669867213086097202e+00
3.339646849955873797e+00 2.685570804315739135e+00 -6.325164049319357933e-03 2.691895968365056735e+00
3.340758208035446764e+00 2.707704219687184555e+00 -6.406041432375421396e-03 2.714110261119559997e+00
3.341869566115020174e+00 2.730024354268526743e+00 -6.488134342623817774e-03 2.736512488611150484e+00
3.342980924194593584e+00 2.752532517750099217e+00 -6.571505642492799469e-03 2.759104023392590754e+00
3.344092282274166550e+00 2.775228938493204733e+00 -6.656173591944273583e-03 2.781885112085146883e+00
3.345203640353739960e+00 2.798112822903844332e+00 -6.742109703842929722e-03 2.804854932607690365e+00
3.346314998433312926e+00 2.821182556063599911e+00 -6.829244462278166207e-03 2.828011800525873198e+00
3.347426356512886336e+00 2.844436012161137395e+00 -6.917479970602090703e-03 2.851353492131738943e+00
3.348537714592459302e+00 2.867870926437439572e+00 -7.006707417849307278e-03 2.874877633855288384e+00
3.349649072672032712e+00 2.891485271073511942e+00 -7.096826421234552970e-03 2.898582097494747156e+00
3.350760430751606123e+00 2.915277577141847765e+00 -7.187762960351395079e-03 2.922465340102199161e+00
3.351871788831179089e+00 2.939247153449437100e+00 -7.279482826942238090e-03 2.946526636276377342e+00
3.352983146910752499e+00 2.963394169421370794e+00 -7.371998242331301125e-03 2.970766167663702717e+00
3.354094504990325909e+00 2.987719590524803959e+00 -7.465366425505091420e-03 2.995184956950308397e+00
3.355205863069898875e+00 3.012224977743103604e+00 -7.559680242823042101e-03 3.019784657985921328e+00
3.356317221149472285e+00 3.036912183662033637e+00 -7.655052411985463837e-03 3.044567236074018357e+00
3.357428579229045695e+00 3.061782993535087538e+00 -7.751595843713004856e-03 3.069534589378792866e+00
3.358539937308618661e+00 3.086838767813179008e+00 -7.849403396451489281e-03 3.094688171209625693e+00
3.359651295388192072e+00 3.112080141833575286e+00 -7.948530471836294520e-03 3.120028672305412698e+00
3.360762653467765038e+00 3.137506828879784493e+00 -8.048983460054346187e-03 3.145555812339837054e+00
3.361874011547338448e+00 3.163117556204612768e+00 -8.150716116883413229e-03 3.171268272321497328e+00
3.362985369626911414e+00 3.188910142556411476e+00 -8.253634666153445917e-03 3.197163777222565617e+00
3.364096727706484824e+00 3.214881703627858300e+00 -8.357610981644449447e-03 3.223239314609502859e+00
3.365208085786058234e+00 3.241028952157113618e+00 -8.462501847530548224e-03 3.249491454004640900e+00
3.366319443865631200e+00 3.267348545253782710e+00 -8.568171251839926811e-03 3.275916716505620663e+00
3.367430801945204610e+00 3.293837425062136504e+00 -8.674512109420481898e-03 3.302511937171556333e+00
3.368542160024778020e+00 3.320493101046285034e+00 -8.781463838076567982e-03 3.329274564884361798e+00
3.369653518104350987e+00 3.347313832531033650e+00 -8.889022827076832264e-03 3.356202855358108472e+00
3.370764876183924397e+00 3.374298686897120536e+00 -8.997243947678661494e-03 3.383295930844802957e+00
3.371876234263497807e+00 3.401447469247011135e+00 -9.106232685016101697e-03 3.410553701932030446e+00
3.372987592343070773e+00 3.428760540109166755e+00 -9.216128989823602069e-03 3.437976669098990357e+00
3.374098950422643739e+00 3.456238555485480202e+00 -9.327085309848996003e-03 3.465565640795328139e+00
3.375210308502217149e+00 3.483882175465439435e+00 -9.439242240971998030e-03 3.493321417706406695e+00
3.376321666581790559e+00 3.511691791856907052e+00 -9.552705672676064033e-03 3.521244497529584461e+00
3.377433024661363525e+00 3.539667321239336584e+00 -9.667529115323094183e-03 3.549334850354657789e+00
3.378544382740936936e+00 3.567808098266132433e+00 -9.783704111221376565e-03 3.577591802377355634e+00
3.379655740820510346e+00 3.596112886888898519e+00 -9.901160368975692877e-03 3.606014047257870114e+00
3.380767098900083312e+00 3.624580007293564332e+00 -1.001977572080023880e-02 3.634599783014359708e+00
3.381878456979656722e+00 3.653207556980120341e+00 -1.013939443143812430e-02 3.663346951411555974e+00
3.382989815059230132e+00 3.681993688743165460e+00 -1.025985103842854892e-02 3.692253539781596317e+00
3.384101173138803098e+00 3.710936898845795362e+00 -1.038099599571003229e-02 3.721317894841506213e+00
3.385212531218376508e+00 3.740036276924619596e+00 -1.050271907520391491e-02 3.750538995999824543e+00
3.386323889297949474e+00 3.769291675377140383e+00 -1.062496680921773580e-02 3.779916642186357478e+00
3.387435247377522884e+00 3.798703769097139027e+00 -1.074775118100749528e-02 3.809451520278149594e+00
3.388546605457095851e+00 3.828273994288229787e+00 -1.087114814663940436e-02 3.839145142434865932e+00
3.389657963536669261e+00 3.858004374767115774e+00 -1.099528617942894214e-02 3.868999660946540686e+00
3.390769321616242671e+00 3.887897262469526716e+00 -1.112032661192176135e-02 3.899017589081445134e+00
3.391880679695815637e+00 3.917955032816569982e+00 -1.124643885540643935e-02 3.929201471671980084e+00
3.392992037775389047e+00 3.948179782951998451e+00 -1.137377439363701850e-02 3.959553557345634633e+00
3.394103395854962457e+00 3.978573080431189180e+00 -1.150244364369287092e-02 3.990075524074881308e+00
3.395214753934535423e+00 4.009135801843797253e+00 -1.163249932075301370e-02 4.020768301164552305e+00
3.396326112014108833e+00 4.039868086389475366e+00 -1.176392890727103770e-02 4.051632015296747547e+00
3.397437470093682244e+00 4.070769410974834912e+00 -1.189665737698179966e-02 4.082666068351818112e+00
3.398548828173255210e+00 4.101838773933113025e+00 -1.203055969271410106e-02 4.113869333625819635e+00
3.399660186252828620e+00 4.133074957139651673e+00 -1.216548104620816632e-02 4.145240438185860299e+00
3.400771544332401586e+00 4.164476823882674594e+00 -1.230126158644317437e-02 4.176778085469114998e+00
3.401882902411974996e+00 4.196043604351750389e+00 -1.243776168615493526e-02 4.208481366037908344e+00
3.402994260491547962e+00 4.227775122875438107e+00 -1.257488373443043164e-02 4.240350006609868494e+00
3.404105618571121372e+00 4.259671930711303567e+00 -1.271258702495160417e-02 4.272384517736256271e+00
3.405216976650694782e+00 4.291735323675773373e+00 -1.285089343840872290e-02 4.304586217114176883e+00
3.406328334730267748e+00 4.323967242710406111e+00 -1.298988311021546244e-02 4.336957125820622316e+00
3.407439692809841159e+00 4.356370074584816621e+00 -1.312968088870900343e-02 4.369499755473526648e+00
3.408551050889414569e+00 4.388946386263897104e+00 -1.327043586349169885e-02 4.402216822127382301e+00
3.409662408968987535e+00 4.421698637415090616e+00 -1.341229734118582449e-02 4.435110934756275824e+00
3.410773767048560945e+00 4.454628919334932213e+00 -1.355539119072644155e-02 4.468184310525656677e+00
3.411885125128134355e+00 4.487738764647527745e+00 -1.369980038749960168e-02 4.501438565035027928e+00
3.412996483207707321e+00 4.521029061077484812e+00 -1.384555287318986992e-02 4.534874613950673705e+00
3.414107841287280287e+00 4.554500086198106423e+00 -1.399261863546429584e-02 4.568492704833574614e+00
3.415219199366854141e+00 4.588151660890196659e+00 -1.414091639807275348e-02 4.602292577288266351e+00
3.416330557446427107e+00 4.621983400362093874e+00 -1.429032874570162343e-02 4.636273729107793784e+00
3.417441915526000074e+00 4.655995025936651821e+00 -1.444072314386987861e-02 4.670435749080517063e+00
3.418553273605573484e+00 4.690186690880758569e+00 -1.459197537378451731e-02 4.704778666254543218e+00
3.419664631685146894e+00 4.724559270875094974e+00 -1.474399153607876614e-02 4.739303262411173279e+00
3.420775989764719860e+00 4.759114574712523194e+00 -1.489672504236889093e-02 4.774011299754894466e+00
3.421887347844293270e+00 4.793855442676284717e+00 -1.505018586251748343e-02 4.808905628538799881e+00
3.422998705923866680e+00 4.828785716927439076e+00 -1.520444058612426159e-02 4.843990157513563766e+00
3.424110064003439646e+00 4.863910087502940627e+00 -1.535960337507808436e-02 4.879269690878015986e+00
3.425221422083013056e+00 4.899233836205016068e+00 -1.551581937953386628e-02 4.914749655584553345e+00
3.426332780162586467e+00 4.934762515892362700e+00 -1.567324341694041612e-02 4.950435759309307571e+00
3.427444138242159433e+00 4.970501612153054971e+00 -1.583201747221988850e-02 4.986333629625272934e+00
3.428555496321732399e+00 5.006456236651248837e+00 -1.599225074447893288e-02 5.022448487395732464e+00
3.429666854401306253e+00 5.042630896301231402e+00 -1.615400551687290812e-02 5.058784901818103030e+00
3.430778212480879219e+00 5.079029370701205970e+00 -1.631729113858146341e-02 5.095346661839780467e+00
3.431889570560452185e+00 5.115654713789018260e+00 -1.648206704664078801e-02 5.132136780835661050e+00
3.433000928640025595e+00 5.152509377022746584e+00 -1.664825424757140557e-02 5.169157631270322462e+00
3.434112286719599005e+00 5.189595433367847122e+00 -1.681575327436717754e-02 5.206411186642217359e+00
3.435223644799171971e+00 5.226914866692266237e+00 -1.698446556621559245e-02 5.243899332258476598e+00
3.436335002878745382e+00 5.264469881967803744e+00 -1.715431466236174568e-02 5.281624196630168022e+00
3.437446360958318792e+00 5.302263189226910534e+00 -1.732526364897248733e-02 5.319588452875885665e+00
3.438557719037891758e+00 5.340298218756192483e+00 -1.749732593930226898e-02 5.357795544695493462e+00
3.439669077117465168e+00 5.378579235710450490e+00 -1.767056759532123836e-02 5.396249803305771309e+00
3.440780435197038578e+00 5.417111337464509013e+00 -1.784510082435318903e-02 5.434956438288863545e+00
3.441891793276611544e+00 5.455900334256787332e+00 -1.802106976954731890e-02 5.473921404026330428e+00
3.443003151356184510e+00 5.494952530416385983e+00 -1.819863101002467190e-02 5.513151161426411484e+00
3.444114509435758364e+00 5.534274437267228564e+00 -1.837793207869937301e-02 5.552652369345926431e+00
3.445225867515331331e+00 5.573872457735910224e+00 -1.855909164348994861e-02 5.592431549379399236e+00
3.446337225594904297e+00 5.613752585606812673e+00 -1.874218472354033729e-02 5.632494770330351841e+00
3.447448583674477707e+00 5.653920159050032979e+00 -1.892723547056641281e-02 5.672847394520599273e+00
3.448559941754051117e+00 5.694379699207608780e+00 -1.911421877579259909e-02 5.713493917983404558e+00
3.449671299833624083e+00 5.735134851743852735e+00 -1.930307047577852972e-02 5.754437922219628021e+00
3.450782657913197493e+00 5.776188434390255644e+00 -1.949370447419326857e-02 5.795682138864445498e+00
3.451894015992770903e+00 5.817542578855237068e+00 -1.968603391462697000e-02 5.837228612769863823e+00
3.453005374072343869e+00 5.859198943131243453e+00 -1.987999283143305346e-02 5.879078935962675168e+00
3.454116732151917279e+00 5.901158961875268005e+00 -2.007555459275107632e-02 5.921234516468024012e+00
3.455228090231490690e+00 5.943424099142835537e+00 -2.027274395502929802e-02 5.963696843097863187e+00
3.456339448311063656e+00 5.985996069548549237e+00 -2.047164059201826702e-02 6.006467710140565686e+00
3.457450806390636622e+00 6.028877000353902282e+00 -2.067237337344724965e-02 6.049549373727343138e+00
3.458562164470210032e+00 6.072069516846824833e+00 -2.087510621696163013e-02 6.092944623063785592e+00
3.459673522549783442e+00 6.115576745076197973e+00 -2.108001776503351174e-02 6.136656762841234070e+00
3.460784880629356408e+00 6.159402237743361042e+00 -2.128727820735220808e-02 6.180689515950712476e+00
3.461896238708929818e+00 6.203549839181392578e+00 -2.149702709777192786e-02 6.225046866279164703e+00
3.463007596788503228e+00 6.248023512544946811e+00 -2.170935590958818218e-02 6.269732868454538810e+00
3.464118954868076194e+00 6.292827155804949335e+00 -2.192429834453830245e-02 6.314751454149482690e+00
3.465230312947649605e+00 6.337964432680331939e+00 -2.214183017269484924e-02 6.360106262853030046e+00
3.466341671027223015e+00 6.383438640638861017e+00 -2.236187883109016714e-02 6.405800519469953436e+00
3.467453029106795981e+00 6.429252631398850504e+00 -2.258434139970679974e-02 6.451836972798556502e+00
3.468564387186369391e+00 6.475408791148288046e+00 -2.280910816856652340e-02 6.498217899316851565e+00
3.469675745265942801e+00 6.521909079217435234e+00 -2.303608804120451520e-02 6.544945167258638286e+00
3.470787103345515767e+00 6.568755116413750983e+00 -2.326523165193379941e-02 6.592020348065686264e+00
3.471898461425088733e+00 6.615948308565247515e+00 -2.349654837336972307e-02 6.639444856938617967e+00
3.473009819504662143e+00 6.663489987621638910e+00 -2.373011431590367482e-02 6.687220101937544570e+00
3.474121177584235554e+00 6.711381552095700975e+00 -2.396606982852262507e-02 6.735347621924223205e+00
3.475232535663808520e+00 6.759624590487286255e+00 -2.420460667774301800e-02 6.783829197165031744e+00
3.476343893743381930e+00 6.808220975113304263e+00 -2.444594674155412331e-02 6.832666921854861464e+00
3.477455251822955340e+00 6.857172918757131086e+00 -2.469031544036911358e-02 6.881863234197504120e+00
3.478566609902528306e+00 6.906482991987338949e+00 -2.493791401190011137e-02 6.931420905999240212e+00
3.479677967982101716e+00 6.956154104147785233e+00 -2.518889497531918639e-02 6.981342999123106630e+00
3.480789326061675126e+00 7.006189455307762159e+00 -2.544334467908762609e-02 7.031632799986848426e+00
3.481900684141248092e+00 7.056592469478432328e+00 -2.570127575363405706e-02 7.082293745232065341e+00
3.483012042220821058e+00 7.107366720965154983e+00 -2.596263076224599939e-02 7.133329351727402567e+00
3.484123400300394913e+00 7.158515865817741464e+00 -2.622729660170900617e-02 7.184743162419450435e+00
3.485234758379967879e+00 7.210043589103142914e+00 -2.649512752422368209e-02 7.236538716627364920e+00
3.486346116459540845e+00 7.261953576382611075e+00 -2.676597330030232313e-02 7.288719549682912913e+00
3.487457474539114255e+00 7.314249514610271952e+00 -2.703970823322911221e-02 7.341289222843503381e+00
3.488568832618687665e+00 7.366935123979086342e+00 -2.731625659738285208e-02 7.394251380576472243e+00
3.489680190698260631e+00 7.420014218320484467e+00 -2.759561062660209618e-02 7.447609828947093114e+00
3.490791548777834041e+00 7.473490787830830762e+00 -2.787783833638473110e-02 7.501368626167213449e+00
3.491902906857407451e+00 7.527369094456284770e+00 -2.816308004059152326e-02 7.555532174496872422e+00
3.493014264936980418e+00 7.581653767558528045e+00 -2.845153416959569567e-02 7.610105301728129490e+00
3.494125623016553828e+00 7.636349885844615493e+00 -2.874343463666509044e-02 7.665093320481282113e+00
3.495236981096127238e+00 7.691463031295007191e+00 -2.903902327561592306e-02 7.720502054570622441e+00
3.496348339175700204e+00 7.746999302221248662e+00 -2.933852158767837753e-02 7.776337823808924021e+00
3.497459697255273170e+00 7.802965275754726981e+00 -2.964210608205775435e-02 7.832607381836785621e+00
3.498571055334847024e+00 7.859367914950544431e+00 -2.994989087292906568e-02 7.889317805823472973e+00
3.499682413414419990e+00 7.916214421974479443e+00 -3.026192001171785009e-02 7.946476341986197234e+00
3.500793771493992956e+00 7.973512045970375439e+00 -3.057817048207781344e-02 8.004090216452455664e+00
3.501905129573566366e+00 8.031267861356331750e+00 -3.089856511634565817e-02 8.062166426472678893e+00
3.503016487653139777e+00 8.089488538510053672e+00 -3.122299317253346071e-02 8.120711531682585971e+00
3.504127845732712743e+00 8.148180133041439177e+00 -3.155133517833598467e-02 8.179731468219774371e+00
3.505239203812286153e+00 8.207347921193301588e+00 -3.188348807599887536e-02 8.239231409269299533e+00
3.506350561891859563e+00 8.266996306717961929e+00 -3.221938676952406516e-02 8.299215693487486334e+00
3.507461919971432529e+00 8.327128818618541928e+00 -3.255901885958161629e-02 8.359687837478130490e+00
3.508573278051005939e+00 8.387748209726147763e+00 -3.290243052882883823e-02 8.420650640254978114e+00
3.509684636130579349e+00 8.448856654081742690e+00 -3.324972301088657822e-02 8.482106377092629046e+00
3.510795994210152315e+00 8.510456027886739605e+00 -3.360104059600504955e-02 8.544057068482745265e+00
3.511907352289725281e+00 8.572548246120383908e+00 -3.395655244816531138e-02 8.606504798568552772e+00
3.513018710369299136e+00 8.635135616690712723e+00 -3.431643142203846114e-02 8.669452048112756160e+00
3.514130068448872102e+00 8.698221167935415110e+00 -3.468083343473488817e-02 8.732902001370154821e+00
3.515241426528445068e+00 8.761808904744487592e+00 -3.504988072029024265e-02 8.796858785464772623e+00
3.516352784608018478e+00 8.825903954189517009e+00 -3.542365152679601004e-02 8.861327605716310174e+00
3.517464142687591888e+00 8.890512573112214767e+00 -3.580217764788601320e-02 8.926314750760106165e+00
3.518575500767164854e+00 8.955642006536242761e+00 -3.618544981659532062e-02 8.991827456352842418e+00
3.519686858846738264e+00 9.021300205092622093e+00 -3.657342966349311220e-02 9.057873634756109738e+00
3.520798216926311675e+00 9.087495429342132169e+00 -3.696606587476126971e-02 9.124461495216891649e+00
3.521909575005884641e+00 9.154235786136920794e+00 -3.736331155387168090e-02 9.191599097690790643e+00
3.523020933085458051e+00 9.221528754299608721e+00 -3.776513969040132257e-02 9.259293893989999802e+00
3.524132291165031461e+00 9.289380761781609763e+00 -3.817155407685349916e-02 9.327552315858460119e+00
3.525243649244604427e+00 9.357796872887291784e+00 -3.858259390308942799e-02 9.396379466790378387e+00
3.526355007324177393e+00 9.426780632055535847e+00 -3.899833143573024768e-02 9.465778963491269238e+00
3.527466365403751247e+00 9.496334091286891876e+00 -3.941886344690917476e-02 9.535752954733805353e+00
3.528577723483324213e+00 9.566458023956498025e+00 -3.984429817207023328e-02 9.606302322128577487e+00
3.529689081562897179e+00 9.637152301690989020e+00 -4.027474035585698608e-02 9.677427042046838679e+00
3.530800439642470590e+00 9.708416386889947347e+00 -4.071027725445175438e-02 9.749126664144402099e+00
3.531911797722044000e+00 9.780249874936609800e+00 -4.115096825073093906e-02 9.821400843187332086e+00
3.533023155801616966e+00 9.852653010116000587e+00 -4.159684004540112334e-02 9.894249850161404680e+00
3.534134513881190376e+00 9.925627099602758463e+00 -4.204788833726658126e-02 9.967674987940027265e+00
3.535245871960763786e+00 9.999174761005519940e+00 -4.250408568614661570e-02 1.004167884669167066e+01
3.536357230040336752e+00 1.007329995969300462e+01 -4.296539407980077413e-02 1.011626535377280689e+01
3.537468588119910162e+00 1.014800781985822198e+01 -4.343177981172934715e-02 1.019143959966994650e+01
3.538579946199483572e+00 1.022330422423095087e+01 -4.390322778578442664e-02 1.026720745201673957e+01
3.539691304279056538e+00 1.029919524714069468e+01 -4.437975238928480726e-02 1.034357499952997728e+01
3.540802662358629505e+00 1.037568648989469189e+01 -4.486140262204935114e-02 1.042054789251674229e+01
3.541914020438202915e+00 1.045278240246955903e+01 -4.534826014666546584e-02 1.049813066261622119e+01
3.543025378517776325e+00 1.053048567886689568e+01 -4.584043017051255692e-02 1.057632610903741011e+01
3.544136736597349291e+00 1.060879680437548345e+01 -4.633802636870008179e-02 1.065513483074419021e+01
3.545248094676922701e+00 1.068771381243668905e+01 -4.684115218172795608e-02 1.073455496461841818e+01
3.546359452756496111e+00 1.076723227961086060e+01 -4.734988157145796073e-02 1.081458216118231874e+01
3.547470810836069077e+00 1.084734555340763151e+01 -4.786424255344716439e-02 1.089520979596108319e+01
3.548582168915642487e+00 1.092804517436463208e+01 -4.838420648851651795e-02 1.097642938085315656e+01
3.549693526995215898e+00 1.100932142570904304e+01 -4.890968525423628616e-02 1.105823111096328226e+01
3.550804885074788864e+00 1.109116392544929752e+01 -4.944053716109973046e-02 1.114060446261039417e+01
3.551916243154361830e+00 1.117356216974060601e+01 -4.997658103234735999e-02 1.122353875077294916e+01
3.553027601233935684e+00 1.125650594392250703e+01 -5.051761647111009668e-02 1.130702356039362577e+01
3.554138959313508650e+00 1.133998553779601970e+01 -5.106344723097801241e-02 1.139104898502700358e+01
3.555250317393081616e+00 1.142399173164049486e+01 -5.161390398049642281e-02 1.147560563562099389e+01
3.556361675472655026e+00 1.150851555476763366e+01 -5.216886272556145454e-02 1.156068441749319398e+01
3.557473033552228436e+00 1.159354785383915143e+01 -5.272825574635849055e-02 1.164627610958551074e+01
3.558584391631801402e+00 1.167907873836752941e+01 -5.329207303388318329e-02 1.173237081140141491e+01
3.559695749711374813e+00 1.176509699116161478e+01 -5.386035370162181590e-02 1.181895734486323590e+01
3.560807107790948223e+00 1.185158953878482890e+01 -5.443316846325765845e-02 1.190602270724808420e+01
3.561918465870521189e+00 1.193854107013491017e+01 -5.501059574491313359e-02 1.199355166587982602e+01
3.563029823950094599e+00 1.202593387094545108e+01 -5.559269509561816369e-02 1.208152656604107378e+01
3.564141182029668009e+00 1.211374791133237849e+01 -5.617948208632971702e-02 1.216992739341871221e+01
3.565252540109240975e+00 1.220196118703931631e+01 -5.677090874949641819e-02 1.225873209578880996e+01
3.566363898188813941e+00 1.229055027828473534e+01 -5.736685281890854804e-02 1.234791713110364597e+01
3.567475256268387795e+00 1.237949105865485500e+01 -5.796711770080060361e-02 1.243745817635566020e+01
3.568586614347960762e+00 1.246875946515035594e+01 -5.857144344884122195e-02 1.252733090859920217e+01
3.569697972427533728e+00 1.255833223254150077e+01 -5.917952729040683313e-02 1.261751175983191153e+01
3.570809330507107138e+00 1.264818750185969343e+01 -5.979105073651252988e-02 1.270797855259620945e+01
3.571920688586680548e+00 1.273830523313440466e+01 -6.040570924893446519e-02 1.279871094238334095e+01
3.573032046666253514e+00 1.282866738323212275e+01 -6.102324001001448173e-02 1.288969062324213688e+01
3.574143404745826924e+00 1.291925784610533867e+01 -6.164344361746147694e-02 1.298090128972280155e+01
3.575254762825400334e+00 1.301006218925145674e+01 -6.226619646915086681e-02 1.307232838572060629e+01
3.576366120904973300e+00 1.310106725100249925e+01 -6.289145206380004904e-02 1.316395870306629945e+01
3.577477478984546710e+00 1.319226068361687254e+01 -6.351923119082435176e-02 1.325577991480769668e+01
3.578588837064120121e+00 1.328363053381024450e+01 -6.414960273641874544e-02 1.334778013654666573e+01
3.579700195143693087e+00 1.337516494431118375e+01 -6.478265831102070216e-02 1.343994760262221178e+01
3.580811553223266053e+00 1.346685203850143964e+01 -6.541848486622285630e-02 1.353227052336766256e+01
3.581922911302839907e+00 1.355868001861753491e+01 -6.605713976089053197e-02 1.362473715837842647e+01
3.583034269382412873e+00 1.365063747133106631e+01 -6.669863230786801656e-02 1.371733610363893163e+01
3.584145627461985839e+00 1.374271383862213369e+01 -6.734291475284505391e-02 1.381005675337497429e+01
3.585256985541559249e+00 1.383489998244106900e+01 -6.798988407991753136e-02 1.390288986652098302e+01
3.586368343621132659e+00 1.392718875344544038e+01 -6.863939425647297421e-02 1.399582814770191774e+01
3.587479701700705625e+00 1.401957547007708982e+01 -6.929127681287866602e-02 1.408886674688996976e+01
3.588591059780279036e+00 1.411205822514103225e+01 -6.994536627966183029e-02 1.418200359142070077e+01
3.589702417859852446e+00 1.420463796124123235e+01 -7.060152620079045149e-02 1.427523948744202187e+01
3.590813775939425412e+00 1.429731829016155231e+01 -7.125967133806777876e-02 1.436857796149961963e+01
3.591925134018998822e+00 1.439010506928260114e+01 -7.191978229660690725e-02 1.446202485157921380e+01
3.593036492098572232e+00 1.448300578440917619e+01 -7.258191003541719644e-02 1.455558769444459877e+01
3.594147850178145198e+00 1.457602881721754962e+01 -7.324616937957012519e-02 1.464927498659712057e+01
3.595259208257718164e+00 1.466918269235185690e+01 -7.391272245179783540e-02 1.474309541480366015e+01
3.596370566337292018e+00 1.476247540132637681e+01 -7.458175459714845579e-02 1.483705715592352448e+01
3.597481924416864985e+00 1.485591388749659103e+01 -7.525344661349028796e-02 1.493116733411007679e+01
3.598593282496437951e+00 1.494950375050551550e+01 -7.592794771952215971e-02 1.502543169822504332e+01
3.599704640576011361e+00 1.504324919392569626e+01 -7.660535358818473806e-02 1.511985454751387437e+01
3.600815998655584771e+00 1.513715320187645297e+01 -7.728569296273347933e-02 1.521443889483919065e+01
3.601927356735157737e+00 1.523121789529703562e+01 -7.796892498684573902e-02 1.530918682028387856e+01
3.603038714814731147e+00 1.532544499195327248e+01 -7.865494764499084135e-02 1.540409993959826984e+01
3.604150072894304557e+00 1.541983628045744759e+01 -7.934361590879338011e-02 1.549917989636623439e+01
3.605261430973877523e+00 1.551439401983252253e+01 -8.003476661424623051e-02 1.559442878644677322e+01
3.606372789053450933e+00 1.560912119225239536e+01 -8.072824601117310761e-02 1.568984943826356826e+01
3.607484147133024344e+00 1.570402156493330104e+01 -8.142393550877249919e-02 1.578544550044207107e+01
3.608595505212597310e+00 1.579909955311058134e+01 -8.212177145856879024e-02 1.588122132456915026e+01
3.609706863292170276e+00 1.589435991368088530e+01 -8.282175581733829117e-02 1.597718166949822560e+01
3.610818221371743686e+00 1.598980733219033645e+01 -8.352395605372683884e-02 1.607333128824406643e+01
3.611929579451317096e+00 1.608544598880796528e+01 -8.422849445352355302e-02 1.616967448326149537e+01
3.613040937530890062e+00 1.618127919775853485e+01 -8.493552874529060326e-02 1.626621472650383282e+01
3.614152295610463472e+00 1.627730920763974964e+01 -8.564522741863911381e-02 1.636295443505839131e+01
3.615263653690036882e+00 1.637353722794594901e+01 -8.635774400208266754e-02 1.645989497194802809e+01
3.616375011769609848e+00 1.646996371321262131e+01 -8.707319475653341190e-02 1.655703690796915595e+01
3.617486369849183259e+00 1.656658889573738236e+01 -8.779164369099737297e-02 1.665438053942837371e+01
3.618597727928756669e+00 1.666341351719024289e+01 -8.851309760678192917e-02 1.675192661479702494e+01
3.619709086008329635e+00 1.676043967512437405e+01 -8.923751222129758243e-02 1.684967718734566944e+01
3.620820444087903045e+00 1.685767167804929301e+01 -8.996480858348640530e-02 1.694763648663278133e+01
3.621931802167476455e+00 1.695511679612988587e+01 -9.069489727246821120e-02 1.704581169340235647e+01
3.623043160247049421e+00 1.705278580508926112e+01 -9.142770655322922380e-02 1.714421351164248719e+01
3.624154518326622387e+00 1.715069324718644594e+01 -9.216320996669091770e-02 1.724285645715314530e+01
3.625265876406195797e+00 1.724885737139053532e+01 -9.290144887383740280e-02 1.734175882026436710e+01
3.626377234485769208e+00 1.734729975931293211e+01 -9.364254625064710735e-02 1.744094230556358482e+01
3.627488592565342174e+00 1.744604468731488822e+01 -9.438670941798300851e-02 1.754043139673288110e+01
3.628599950644915584e+00 1.754511831172111158e+01 -9.513422116279522667e-02 1.764025253288391326e+01
3.629711308724488994e+00 1.764454778759054321e+01 -9.588542057459271961e-02 1.774043320816514679e+01
3.630822666804061960e+00 1.774436043836897170e+01 -9.664067657819459811e-02 1.784100111494716145e+01
3.631934024883635370e+00 1.784458308290825457e+01 -9.740035831801467647e-02 1.794198344122626665e+01
3.633045382963208780e+00 1.794524159947665609e+01 -9.816480704683737402e-02 1.804340640652350203e+01
3.634156741042781746e+00 1.804636076771413045e+01 -9.893431391041050682e-02 1.814529508162454619e+01
3.635268099122354712e+00 1.814796438505950249e+01 -9.970910703993229873e-02 1.824767349209943745e+01
3.636379457201928567e+00 1.825007561095163311e+01 -1.004893498277474179e-01 1.835056496077938704e+01
3.637490815281501533e+00 1.835271745683296274e+01 -1.012751504194181473e-01 1.845399260725238477e+01
3.638602173361074499e+00 1.845591331816088498e+01 -1.020665806111294427e-01 1.855797989877201459e+01
3.639713531440647909e+00 1.855968743958598921e+01 -1.028637007990673286e-01 1.866255114038505880e+01
3.640824889520221319e+00 1.866406521688430686e+01 -1.036665866424156257e-01 1.876773180352672910e+01
3.641936247599794285e+00 1.876907326702096768e+01 -1.044753528374170598e-01 1.887354861985838284e+01
3.643047605679367695e+00 1.887473923633956829e+01 -1.052901699017050052e-01 1.898002940624126467e+01
3.644158963758941105e+00 1.898109136007081332e+01 -1.061112710541032844e-01 1.908720263112492077e+01
3.645270321838514072e+00 1.908815782717987020e+01 -1.069389479501420964e-01 1.919509677513002188e+01
3.646381679918087482e+00 1.919596603646332511e+01 -1.077735359204629179e-01 1.930373957238379035e+01
3.647493037997660892e+00 1.930454184768649384e+01 -1.086153911447404752e-01 1.941315723883123212e+01
3.648604396077233858e+00 1.941390893259793415e+01 -1.094648635796484776e-01 1.952337379617758728e+01
3.649715754156806824e+00 1.952408831477314521e+01 -1.103222702122855226e-01 1.963441058498543157e+01
3.650827112236380678e+00 1.963509815709394246e+01 -1.111878732009805998e-01 1.974628603029492524e+01
3.651938470315953644e+00 1.974695381620595924e+01 -1.120618666895375620e-01 1.985901568289549957e+01
3.653049828395526610e+00 1.985966814099831623e+01 -1.129443746624806538e-01 1.997261251566079920e+01
3.654161186475100020e+00 1.997325195391958275e+01 -1.138354603784788588e-01 2.008708741429806821e+01
3.655272544554673431e+00 2.008771462606738112e+01 -1.147351459785896782e-01 2.020244977204597703e+01
3.656383902634246397e+00 2.020306464400015756e+01 -1.156434391369197678e-01 2.031870808313707144e+01
3.657495260713819807e+00 2.031931007027543856e+01 -1.165603623939158867e-01 2.043587043266935765e+01
3.658606618793393217e+00 2.043645882014306991e+01 -1.174859802960265820e-01 2.055394480043910477e+01
3.659717976872966183e+00 2.055451871026996713e+01 -1.184204197537837566e-01 2.067293913002376371e+01
3.660829334952539593e+00 2.067349727632875656e+01 -1.193638800849507464e-01 2.079286115641370358e+01
3.661940693032113003e+00 2.079340139797732689e+01 -1.203166308650568672e-01 2.091371802884238562e+01
3.663052051111685969e+00 2.091423680524701822e+01 -1.212789976980480217e-01 2.103551580294506707e+01
3.664163409191258935e+00 2.103600756367893254e+01 -1.222513380207523315e-01 2.115825890169969270e+01
3.665274767270832790e+00 2.115871564268896776e+01 -1.232340107368628118e-01 2.128194965342584055e+01
3.666386125350405756e+00 2.128236066122043724e+01 -1.242273445585569125e-01 2.140658800577899257e+01
3.667497483429978722e+00 2.140693987824949218e+01 -1.252316102312312773e-01 2.153217148848072071e+01
3.668608841509552132e+00 2.153244845730146650e+01 -1.262470012704306754e-01 2.165869545857188783e+01
3.669720199589125542e+00 2.165887998996828756e+01 -1.272736265283089252e-01 2.178615361649659832e+01
3.670831557668698508e+00 2.178622722068619311e+01 -1.283115160346030847e-01 2.191453873672079666e+01
3.671942915748271918e+00 2.191448288077109297e+01 -1.293606394219306843e-01 2.204384352019301829e+01
3.673054273827845329e+00 2.204364051969059446e+01 -1.304209341915937570e-01 2.217406145388219230e+01
3.674165631907418295e+00 2.217369521929693477e+01 -1.314923394383734068e-01 2.230518755873529813e+01
3.675276989986991705e+00 2.230464409294528139e+01 -1.325748297014692767e-01 2.243721892264674977e+01
3.676388348066565115e+00 2.243648650378542797e+01 -1.336684435057676201e-01 2.257015494729119354e+01
3.677499706146138081e+00 2.256922398010446429e+01 -1.347733019292902401e-01 2.270399728203375034e+01
3.678611064225711047e+00 2.270285985358549041e+01 -1.358896140642534278e-01 2.283874946764974467e+01
3.679722422305284901e+00 2.283739869111619925e+01 -1.370176682925757505e-01 2.297441635940877802e+01
3.680833780384857867e+00 2.297284562508407291e+01 -1.381578105473186546e-01 2.311100343563139958e+01
3.681945138464430833e+00 2.310920570531483165e+01 -1.393104128213572823e-01 2.324851611813619101e+01
3.683056496544004244e+00 2.324648339474506997e+01 -1.404758367775624239e-01 2.338695923152264200e+01
3.684167854623577654e+00 2.338468231046376289e+01 -1.416543981532057128e-01 2.352633670861698079e+01
3.685279212703150620e+00 2.352380527482721106e+01 -1.428463375957918780e-01 2.366665161242299575e+01
3.686390570782724030e+00 2.366385469351564197e+01 -1.440518026209801072e-01 2.380790649613662424e+01
3.687501928862297440e+00 2.380483322601719465e+01 -1.452708436906940404e-01 2.395010406970789063e+01
3.688613286941870406e+00 2.394674466705656002e+01 -1.465034252352255539e-01 2.409324809229178754e+01
3.689724645021443816e+00 2.408959492226706800e+01 -1.477494501288285078e-01 2.423734437239589568e+01
3.690836003101017226e+00 2.423339294349351647e+01 -1.490087940389277499e-01 2.438240173753244733e+01
3.691947361180590192e+00 2.437815149137129112e+01 -1.502813445341260601e-01 2.452843283590541290e+01
3.693058719260163159e+00 2.452388761497045877e+01 -1.515670390973752335e-01 2.467545465406783478e+01
3.694170077339736569e+00 2.467062277697128536e+01 -1.528658963636055634e-01 2.482348867333488585e+01
3.695281435419309979e+00 2.481838260207544522e+01 -1.541780359563014458e-01 2.497256063803174797e+01
3.696392793498882945e+00 2.496719627857607904e+01 -1.555036840661208619e-01 2.512269996264220850e+01
3.697504151578456355e+00 2.511709569018449884e+01 -1.568431641152131240e-01 2.527393885429972187e+01
3.698615509658029765e+00 2.526811439013813754e+01 -1.581968741347663798e-01 2.542631126427290766e+01
3.699726867737602731e+00 2.542028654708005320e+01 -1.595652544905847570e-01 2.557985180157064065e+01
3.700838225817176141e+00 2.557364598975928871e+01 -1.609487510084395001e-01 2.573459474076772580e+01
3.701949583896749552e+00 2.572822545598860700e+01 -1.623477791597842390e-01 2.589057323514839126e+01
3.703060941976322518e+00 2.588405611428543551e+01 -1.637626946818116491e-01 2.604781880896724999e+01
3.704172300055895928e+00 2.604116738039174095e+01 -1.651937748797792371e-01 2.620636115527152299e+01
3.705283658135469338e+00 2.619958700300429655e+01 -1.666412130831181337e-01 2.636622821608741418e+01
3.706395016215042304e+00 2.635934135134561984e+01 -1.681051265917855864e-01 2.652744647793740995e+01
3.707506374294615270e+00 2.652045580832934135e+01 -1.695855763008735639e-01 2.669004138463022002e+01
3.708617732374188680e+00 2.668295516157738589e+01 -1.710825943741062505e-01 2.685403775595149156e+01
3.709729090453762090e+00 2.684686389205291235e+01 -1.725962151370895037e-01 2.701946010719001379e+01
3.710840448533335056e+00 2.701220628506445820e+01 -1.741265039634583844e-01 2.718633278902791517e+01
3.711951806612908467e+00 2.717900632645746839e+01 -1.756735793838116455e-01 2.735467990584128728e+01
3.713063164692481877e+00 2.734728739133473496e+01 -1.772376248722403180e-01 2.752452501620698300e+01
3.714174522772054843e+00 2.751707177595745080e+01 -1.788188885486661217e-01 2.769589066450611980e+01
3.715285880851628253e+00 2.768838015805460984e+01 -1.804176710789145155e-01 2.786879782913352699e+01
3.716397238931201663e+00 2.786123109052255842e+01 -1.820343040215305075e-01 2.804326539454408973e+01
3.717508597010774629e+00 2.803564063477014656e+01 -1.836691224398764588e-01 2.821930975721002000e+01
3.718619955090347595e+00 2.821162222216335280e+01 -1.853224365175431543e-01 2.839694465868089779e+01
3.719731313169921449e+00 2.838918679774719678e+01 -1.869945070408478016e-01 2.857618130478804730e+01
3.720842671249494416e+00 2.856834325505747429e+01 -1.886855289317198592e-01 2.875702878398920248e+01
3.721954029329067382e+00 2.874909912172831383e+01 -1.903956256471567021e-01 2.893949474737547689e+01
3.723065387408640792e+00 2.893146141082837275e+01 -1.921248554383030716e-01 2.912358626626668467e+01
3.724176745488214202e+00 2.911543751997769647e+01 -1.938732284864001509e-01 2.930931074846410311e+01
3.725288103567787168e+00 2.930103604503960568e+01 -1.956407321294670876e-01 2.949667677716907832e+01
3.726399461647360578e+00 2.948826738050693663e+01 -1.974273600562707898e-01 2.968569474056320345e+01
3.727510819726933988e+00 2.967714400432507205e+01 -1.992331406876801936e-01 2.987637714501275354e+01
3.728622177806506954e+00 2.986768038718168938e+01 -2.010581600904190469e-01 3.006873854727211182e+01
3.729733535886080364e+00 3.005989251889623048e+01 -2.029025756462842778e-01 3.026279509454251126e+01
3.730844893965653775e+00 3.025379709932397532e+01 -2.047666181797514751e-01 3.045856371750372915e+01
3.731956252045226741e+00 3.044941048952508567e+01 -2.066505820801202709e-01 3.065606107160520111e+01
3.733067610124799707e+00 3.064674755309913579e+01 -2.085548048376476005e-01 3.085530235793679310e+01
3.734178968204373561e+00 3.084582053196300677e+01 -2.104796390387959903e-01 3.105630017100179074e+01
3.735290326283946527e+00 3.104663809291391274e+01 -2.124254209723729081e-01 3.125906351388628579e+01
3.736401684363519493e+00 3.124920465207521403e+01 -2.143924404138832507e-01 3.146359709248909908e+01
3.737513042443092903e+00 3.145352003811882113e+01 -2.163809158236828789e-01 3.166990095394250559e+01
3.738624400522666313e+00 3.165957949916345271e+01 -2.183909781844032283e-01 3.187797047734785494e+01
3.739735758602239279e+00 3.186737400121049291e+01 -2.204226651940444925e-01 3.208779666640454309e+01
3.740847116681812690e+00 3.207689071696472638e+01 -2.224759257832134851e-01 3.229936664274793401e+01
3.741958474761386100e+00 3.228811357076924793e+01 -2.245506332332154742e-01 3.251266420400245494e+01
3.743069832840959066e+00 3.250102369365583854e+01 -2.266466038176367381e-01 3.272767029747348033e+01
3.744181190920532476e+00 3.271559965430137140e+01 -2.287636170930434920e-01 3.294436327139441545e+01
3.745292549000105886e+00 3.293181736545474791e+01 -2.309014338468559080e-01 3.316271879930158661e+01
3.746403907079678852e+00 3.314964961615449823e+01 -2.330598082778024271e-01 3.338270942443229927e+01
3.747515265159251818e+00 3.336906524000163188e+01 -2.352384921250945671e-01 3.360430373212673061e+01
3.748626623238825673e+00 3.359002798961694936e+01 -2.374372299694124666e-01 3.382746521958637942e+01
3.749737981318398639e+00 3.381249523782052790e+01 -2.396557465348505556e-01 3.405215098435537868e+01
3.750849339397971605e+00 3.403641665900199342e+01 -2.418937282452820747e-01 3.427831038724728785e+01
3.751960697477545015e+00 3.426173305427874283e+01 -2.441508022857210858e-01 3.450588385656446633e+01
3.753072055557118425e+00 3.448837546953536304e+01 -2.464265168205602152e-01 3.473480198635592586e+01
3.754183413636691391e+00 3.471626471828958671e+01 -2.487203257631179498e-01 3.496498504405268903e+01
3.755294771716264801e+00 3.494531136709457542e+01 -2.510315806279750928e-01 3.519634294772255600e+01
3.756406129795838211e+00 3.517541617812969434e+01 -2.533595306889880328e-01 3.542877570881869076e+01
3.757517487875411177e+00 3.540647094144375728e+01 -2.557033311495179317e-01 3.566217427259326911e+01
3.758628845954984588e+00 3.563835957764378293e+01 -2.580620575820817275e-01 3.589642163522586316e+01
3.759740204034557998e+00 3.587095935875443331e+01 -2.604347237756065581e-01 3.613139408253002927e+01
3.760851562114130964e+00 3.610414208575574690e+01 -2.628202995450037438e-01 3.636696238530074510e+01
3.761962920193703930e+00 3.633777507754640368e+01 -2.652177251209661413e-01 3.660299280266737298e+01
3.763074278273277784e+00 3.657172186543770920e+01 -2.676259194440069322e-01 3.683934778488170281e+01
3.764185636352850750e+00 3.680584254384425691e+01 -2.700437809167932079e-01 3.707588632476106483e+01
3.765296994432423716e+00 3.703999379298964101e+01 -2.724701807082837712e-01 3.731246397369793755e+01
3.766408352511997126e+00 3.727402865319569258e+01 -2.749039502779970223e-01 3.754893260347370187e+01
3.767519710591570536e+00 3.750779618283774397e+01 -2.773438661132673344e-01 3.778514004895101408e+01
3.768631068671143503e+00 3.774114116513919015e+01 -2.797886354986171553e-01 3.802092980063780914e+01
3.769742426750716913e+00 3.797390403738398135e+01 -2.822368872989697297e-01 3.825614092468295979e+01
3.770853784830290323e+00 3.820592119827974642e+01 -2.846871711846417075e-01 3.849060836946438258e+01
3.771965142909863289e+00 3.843702580750740339e+01 -2.871379675280334443e-01 3.872416377503542861e+01
3.773076500989436699e+00 3.866704913190134363e+01 -2.895877085466110334e-01 3.895663684044795616e+01
3.774187859069010109e+00 3.889582242383406196e+01 -2.920348094264684224e-01 3.918785723326053727e+01
3.775299217148583075e+00 3.912317924917745415e+01 -2.944777064480296747e-01 3.941765695562549610e+01
3.776410575228156041e+00 3.934895812444187158e+01 -2.969148978501272573e-01 3.964587302229199395e+01
3.777521933307729451e+00 3.957300528345022883e+01 -2.993449825460193225e-01 3.987235026599623922e+01
3.778633291387302862e+00 3.979517737842105873e+01 -3.017666919732656106e-01 4.009694407039432207e+01
3.779744649466875828e+00 4.001534393022741654e+01 -3.041789113157571944e-01 4.031952284154317567e+01
3.780856007546449238e+00 4.023338937565744544e+01 -3.065806879425661546e-01 4.053997006360002331e+01
3.781967365626022648e+00 4.044921461011313824e+01 -3.089712269118817245e-01 4.075818583702501741e+01
3.783078723705595614e+00 4.066273798427144470e+01 -3.113498754613432395e-01 4.097408785973279066e+01
3.784190081785169024e+00 4.087389577347493486e+01 -3.137161001985305786e-01 4.118761187367346110e+01
3.785301439864742434e+00 4.108264219001625861e+01 -3.160694619044419618e-01 4.139871165192071345e+01
3.786412797944315400e+00 4.128894904370513075e+01 -3.184095932464048873e-01 4.160735863695153824e+01
3.787524156023888811e+00 4.149280517055339601e+01 -3.207361841727619511e-01 4.181354135472615496e+01
3.788635514103462221e+00 4.169421574203281011e+01 -3.230489783887776634e-01 4.201726472042159344e+01
3.789746872183035187e+00 4.189320154058887624e+01 -3.253477822939638830e-01 4.221854932288285056e+01
3.790858230262608153e+00 4.208979824650038637e+01 -3.276324854132742770e-01 4.241743073191366875e+01
3.791969588342181563e+00 4.228405573453825639e+01 -3.299030890623333989e-01 4.261395882360056930e+01
3.793080946421754973e+00 4.247603733482287680e+01 -3.321597381375027691e-01 4.280819707296038246e+01
3.794192304501327939e+00 4.266581897895055420e+01 -3.344027498430316436e-01 4.300022172879358351e+01
3.795303662580901349e+00 4.285348813618902142e+01 -3.366326330725281091e-01 4.319012076926156851e+01
3.796415020660474759e+00 4.303914244880655815e+01 -3.388500931089056811e-01 4.337799254191546794e+01
3.797526378740047726e+00 4.322288800050120727e+01 -3.410560181870016527e-01 4.356394401868820410e+01
3.798637736819621136e+00 4.340483719412453212e+01 -3.432514470120849870e-01 4.374808864113663276e+01
3.799749094899194546e+00 4.358510626826450363e+01 -3.454375191654390220e-01 4.393054378742993293e+01
3.800860452978767512e+00 4.376381253865338294e+01 -3.476154130161642208e-01 4.411142795166954755e+01
3.801971811058340478e+00 4.394107150107625870e+01 -3.497862778687179097e-01 4.429085777894497511e+01
3.803083169137914332e+00 4.411699396946289653e+01 -3.519511682598097102e-01 4.446894513772272006e+01
3.804194527217487298e+00 4.429168344012671810e+01 -3.541109883646768597e-01 4.464579442849139213e+01
3.805305885297060264e+00 4.446523386753879947e+01 -3.562664533433068659e-01 4.482150032088210878e+01
3.806417243376633675e+00 4.463772800885408287e+01 -3.584180722972272748e-01 4.499614608115130920e+01
3.807528601456207085e+00 4.480923644720666488e+01 -3.605661546259871231e-01 4.516980260183264306e+01
3.808639959535780051e+00 4.497981734389469466e+01 -3.627108383964461336e-01 4.534252818229114013e+01
3.809751317615353461e+00 4.514951690507413673e+01 -3.648521363471038947e-01 4.551436904142125428e+01
3.810862675694926871e+00 4.531837048808758084e+01 -3.669899928014471180e-01 4.568536048088903812e+01
3.811974033774499837e+00 4.548640422389513560e+01 -3.691243434218065556e-01 4.585552856731692373e+01
3.813085391854073247e+00 4.565363700111240775e+01 -3.712551696087176833e-01 4.602489217072111671e+01
3.814196749933646657e+00 4.582008264697069677e+01 -3.733825404631280764e-01 4.619346518743383001e+01
3.815308108013219623e+00 4.598575215097160651e+01 -3.755066374093254944e-01 4.636125878838092973e+01
3.816419466092792590e+00 4.615065580491197039e+01 -3.776277594863485243e-01 4.652828356439831481e+01
3.817530824172366444e+00 4.631480517261928753e+01 -3.797463104995705829e-01 4.669455148311885750e+01
3.818642182251939410e+00 4.647821484694722471e+01 -3.818627721808877107e-01 4.686007761912811276e+01
3.819753540331512376e+00 4.664090399280470933e+01 -3.839776697673508155e-01 4.702488166257207070e+01
3.820864898411085786e+00 4.680289770655603121e+01 -3.860915376127778131e-01 4.718898924416880902e+01
3.821976256490659196e+00 4.696422823931922608e+01 -3.882048923985887967e-01 4.735243313171783797e+01
3.823087614570232162e+00 4.712493613242946111e+01 -3.903182202095314968e-01 4.751525435263899055e+01
3.824198972649805572e+00 4.728507129845907286e+01 -3.924319813860055461e-01 4.767750327984509084e+01
3.825310330729378983e+00 4.744469405430749021e+01 -3.945466340251396198e-01 4.783924068833263732e+01
3.826421688808951949e+00 4.760387607965812151e+01 -3.966626737566498195e-01 4.800053875341476584e+01
3.827533046888525359e+00 4.776270124134227757e+01 -3.987806844826031205e-01 4.816148192582488718e+01
3.828644404968098769e+00 4.792126619864269799e+01 -4.009013926144751050e-01 4.832216759125717687e+01
3.829755763047671735e+00 4.807968069193301375e+01 -4.030257163192249581e-01 4.848270640825223410e+01
3.830867121127244701e+00 4.823806742079440113e+01 -4.051548015762143629e-01 4.864322222237061055e+01
3.831978479206818555e+00 4.839656143873180838e+01 -4.072900384230421778e-01 4.880385147715485061e+01
3.833089837286391521e+00 4.855530902778424718e+01 -4.094330534034420488e-01 4.896474208118766569e+01
3.834201195365964487e+00 4.871446606309820737e+01 -4.115856775309821858e-01 4.912605174062919389e+01
3.835312553445537898e+00 4.887419592845136407e+01 -4.137498925491667201e-01 4.928794582100052679e+01
3.836423911525111308e+00 4.903466709146563574e+01 -4.159277613744575275e-01 4.945059485284009781e+01
3.837535269604684274e+00 4.919605048477262699e+01 -4.181213508798852785e-01 4.961417183565249900e+01
3.838646627684257684e+00 4.935851686101128877e+01 -4.203326562670561817e-01 4.977884951727832430e+01
3.839757985763831094e+00 4.952223429181559311e+01 -4.225635360185367451e-01 4.994479782783412958e+01
3.840869343843404060e+00 4.968736596321313215e+01 -4.248156648618082176e-01 5.011218162807492860e+01
3.841980701922977470e+00 4.985406838432584919e+01 -4.270905095511124405e-01 5.028115889387697024e+01
3.843092060002550880e+00 5.002249007770163303e+01 -4.293893289867565799e-01 5.045187940668838422e+01
3.844203418082123846e+00 5.019277076458899245e+01 -4.317131967432430439e-01 5.062448396133223838e+01
3.845314776161696813e+00 5.036504100441589316e+01 -4.340630409884594920e-01 5.079910404540434143e+01
3.846426134241270667e+00 5.053942220178760181e+01 -4.364396945060310951e-01 5.097586189629363673e+01
3.847537492320843633e+00 5.071602686233858748e+01 -4.388439464102693588e-01 5.115487080874886061e+01
3.848648850400416599e+00 5.089495896442315370e+01 -4.412765873147831419e-01 5.133623555173794273e+01
3.849760208479990009e+00 5.107631431802091981e+01 -4.437384411274956642e-01 5.152005275914842031e+01
3.850871566559563419e+00 5.126018080368869079e+01 -4.462303790500900535e-01 5.170641118273878334e+01
3.851982924639136385e+00 5.144663841891922118e+01 -4.487533143636784905e-01 5.189539173328290644e+01
3.853094282718709795e+00 5.163575910112229650e+01 -4.513081797024864339e-01 5.208706728082477611e+01
3.854205640798283206e+00 5.182760633912531745e+01 -4.538958912633246912e-01 5.228150223038863942e+01
3.855316998877856172e+00 5.202223462230291062e+01 -4.565173063480831850e-01 5.247875192865098626e+01
3.856428356957429582e+00 5.221968880306933869e+01 -4.591731815017132678e-01 5.267886198457105706e+01
3.857539715037002992e+00 5.242000346126332033e+01 -4.618641381784073796e-01 5.288186759944173332e+01
3.858651073116575958e+00 5.262320235701724158e+01 -4.645906414264062145e-01 5.308779299844365340e+01
3.859762431196148924e+00 5.282929804345315006e+01 -4.673529947852008148e-01 5.329665103823835892e+01
3.860873789275722334e+00 5.303829168545445327e+01 -4.701513518287069870e-01 5.350844303728315765e+01
3.861985147355295744e+00 5.325017310067271126e+01 -4.729857420225705988e-01 5.372315884269528397e+01
3.863096505434868710e+00 5.346492100926684543e+01 -4.758561062445273993e-01 5.394077711551135934e+01
3.864207863514442121e+00 5.368250345469792251e+01 -4.787623358151218977e-01 5.416126579051304901e+01
3.865319221594015531e+00 5.390287834317337001e+01 -4.817043084355381311e-01 5.438458265160890193e+01
3.866430579673588497e+00 5.412599404622162780e+01 -4.846819150883988070e-01 5.461067596131002944e+01
3.867541937753161907e+00 5.435179001948407773e+01 -4.876950736030608580e-01 5.483948509308714847e+01
3.868653295832735317e+00 5.458019740925005436e+01 -4.907437269370419908e-01 5.507094113618711617e+01
3.869764653912308283e+00 5.481113964293011520e+01 -4.938278268853482644e-01 5.530496746981547318e+01
3.870876011991881693e+00 5.504453302590921027e+01 -4.969473064587534572e-01 5.554148033236796778e+01
3.871987370071455103e+00 5.528028739015498871e+01 -5.001020461559155805e-01 5.578038943631091939e+01
3.873098728151028070e+00 5.551830685517729336e+01 -5.032918404702908521e-01 5.602159869564759731e+01
3.874210086230601036e+00 5.575849076630081669e+01 -5.065163710434570365e-01 5.626500713734428416e+01
3.875321444310174446e+00 5.600073486737678508e+01 -5.097751918965321982e-01 5.651051005927333648e+01
3.876432802389747856e+00 5.624493274558354727e+01 -5.130677303061451644e-01 5.675800047588968766e+01
3.877544160469320822e+00 5.649097755736448789e+01 -5.163933044498379976e-01 5.700737086181432289e+01
3.878655518548894232e+00 5.673876401078953080e+01 -5.197511563274983537e-01 5.725851516711702516e+01
3.879766876628467642e+00 5.698819054556526709e+01 -5.231404960957801720e-01 5.751133104166105880e+01
3.880878234708040608e+00 5.723916162257843609e+01 -5.265605522130623051e-01 5.776572217479152016e+01
3.881989592787614018e+00 5.749159001457202578e+01 -5.300106209585566663e-01 5.802160063553058222e+01
3.883100950867187429e+00 5.774539898142583638e+01 -5.334901090871302376e-01 5.827888909051298327e+01
3.884212308946760395e+00 5.800052421887099996e+01 -5.369985645683093001e-01 5.853752278343931437e+01
3.885323667026333361e+00 5.825691548770228678e+01 -5.405356923307138572e-01 5.879745118003300064e+01
3.886435025105907215e+00 5.851453785921571438e+01 -5.441013543625621285e-01 5.905863921357827451e+01
3.887546383185480181e+00 5.877337254780763942e+01 -5.476955560050225102e-01 5.932106810381267081e+01
3.888657741265053147e+00 5.903341733860211349e+01 -5.513184224118690135e-01 5.958473576101398095e+01
3.889769099344626557e+00 5.929468665165929053e+01 -5.549701705914065197e-01 5.984965682225068662e+01
3.890880457424199967e+00 5.955721131033018878e+01 -5.586510829666267997e-01 6.011586239329682968e+01
3.891991815503772933e+00 5.982103809632652514e+01 -5.623614879105653941e-01 6.038339958423708254e+01
3.893103173583346344e+00 6.008622917642144756e+01 -5.661017513243257193e-01 6.065233092774577983e+01
3.894214531662919754e+00 6.035286147547439128e+01 -5.698722812604728460e-01 6.092273375673487124e+01
3.895325889742492720e+00 6.062102604958145946e+01 -5.736735451991151757e-01 6.119469959478057319e+01
3.896437247822066130e+00 6.089082748492408115e+01 -5.775060972530604575e-01 6.146833358217713794e+01
3.897548605901639540e+00 6.116238331664550287e+01 -5.813706106943197227e-01 6.174375392733982437e+01
3.898659963981212506e+00 6.143582343250256628e+01 -5.852679100632622866e-01 6.202109134256582479e+01
3.899771322060785472e+00 6.171128940251493589e+01 -5.891989969258265569e-01 6.230048839944075212e+01
3.900882680140359327e+00 6.198893366189167864e+01 -5.931650641121863909e-01 6.258209872600387769e+01
3.901994038219932293e+00 6.226891847235764033e+01 -5.971674948745944178e-01 6.286608596723225162e+01
3.903105396299505259e+00 6.255141459727308728e+01 -6.012078455817226885e-01 6.315262244285481330e+01
3.904216754379078669e+00 6.283659964760194327e+01 -6.052878129697086829e-01 6.344188746057162831e+01
3.905328112458652079e+00 6.312465608641232251e+01 -6.094091892133691735e-01 6.373406527562571000e+01
3.906439470538225045e+00 6.341576891556472617e+01 -6.135738098112855088e-01 6.402934272537602567e+01
3.907550828617798455e+00 6.371012310533352974e+01 -6.177835002302054512e-01 6.432790660556374007e+01
3.908662186697371865e+00 6.400790086155208769e+01 -6.220400272912354200e-01 6.462994088884330779e+01
3.909773544776944831e+00 6.430927885149144174e+01 -6.263450604154712220e-01 6.493562391190691585e+01
3.910884902856518242e+00 6.461442552596240319e+01 -6.307001462383293733e-01 6.524512567220077131e+01
3.911996260936091652e+00 6.492349867910780858e+01 -6.351066980245437810e-01 6.555860537713233782e+01
3.913107619015664618e+00 6.523664337842762961e+01 -6.395659991143283207e-01 6.587620937754194017e+01
3.914218977095237584e+00 6.555399037651254446e+01 -6.440792176623321152e-01 6.619806959417488201e+01
3.915330335174811438e+00 6.587565508475435649e+01 -6.486474285047497679e-01 6.652430251325910149e+01
3.916441693254384404e+00 6.620173715092055033e+01 -6.532716373191918002e-01 6.685500878823972926e+01
3.917553051333957370e+00 6.653232064055468697e+01 -6.579528024094440930e-01 6.719027344296414128e+01
3.918664409413530780e+00 6.686747478050899929e+01 -6.626918503931025217e-01 6.753016663090207317e+01
3.919775767493104190e+00 6.720725518525802045e+01 -6.674896836059223126e-01 6.787474486886392810e+01
3.920887125572677157e+00 6.755170545616185507e+01 -6.723471788778586644e-01 6.822405263503971184e+01
3.921998483652250567e+00 6.790085902291701814e+01 -6.772651791512376285e-01 6.857812420206825266e+01
3.923109841731823977e+00 6.825474108645038029e+01 -6.822444808807067718e-01 6.893698556733106386e+01
3.924221199811396943e+00 6.861337052379720092e+01 -6.872858210215114783e-01 6.930065634481870518e+01
3.925332557890970353e+00 6.897676162724347648e+01 -6.923898675274379189e-01 6.966915149477092939e+01
3.926443915970543763e+00 6.934492557048298522e+01 -6.975572166245938011e-01 7.004248278710757347e+01
3.927555274050116729e+00 6.971787152127807019e+01 -7.027883988178181829e-01 7.042065992009588626e+01
3.928666632129689695e+00 7.009560735010576593e+01 -7.080838938503950519e-01 7.080369124395615188e+01
3.929777990209263550e+00 7.047813991442322390e+01 -7.134441529769552925e-01 7.119158406740019984e+01
3.930889348288836516e+00 7.086547492557258465e+01 -7.188696252480134552e-01 7.158434455082058889e+01
3.932000706368409482e+00 7.125761642747528413e+01 -7.243607833330557577e-01 7.198197721080833844e+01
3.933112064447982892e+00 7.165456593146664943e+01 -7.299181439370796554e-01 7.238448407540369089e+01
3.934223422527556302e+00 7.205632125915309416e+01 -7.355422781860331272e-01 7.279186353733912540e+01
3.935334780607129268e+00 7.246287514523562834e+01 -7.412338084296601348e-01 7.320410895366526915e+01
3.936446138686702678e+00 7.287421364608485419e+01 -7.469933895722548067e-01 7.362120703565712176e+01
3.937557496766276088e+00 7.329031438944512900e+01 -7.528216750307769045e-01 7.404313606447593088e+01
3.938668854845849054e+00 7.371114468850204560e+01 -7.587192694209773380e-01 7.446986395792303881e+01
3.939780212925422465e+00 7.413665953233699213e+01 -7.646866717697720084e-01 7.490134620410680100e+01
3.940891571004995875e+00 7.456679945694538958e+01 -7.707242141815908720e-01 7.533752367112698778e+01
3.942002929084568841e+00 7.500148829834277819e+01 -7.768320012779376116e-01 7.577832029962070237e+01
3.943114287164141807e+00 7.544063083274669168e+01 -7.830098553345462564e-01 7.622364068808124671e+01
3.944225645243715217e+00 7.588411031823267194e+01 -7.892572709393099739e-01 7.667336758917197415e+01
3.945337003323288627e+00 7.633178596634125768e+01 -7.955733813798908649e-01 7.712735934772116764e+01
3.946448361402861593e+00 7.678349038858792142e+01 -8.019569371150079284e-01 7.758544732570290137e+01
3.947559719482435003e+00 7.723902707880172613e+01 -8.084062948943514515e-01 7.804743337369612277e+01
3.948671077562008414e+00 7.769816800453266126e+01 -8.149194146558014218e-01 7.851308741918846579e+01
3.949782435641581380e+00 7.816065138657310740e+01 -8.214938604667899602e-01 7.898214524703986683e+01
3.950893793721154790e+00 7.862617974289297251e+01 -8.281268016088423334e-01 7.945430654450183283e+01
3.952005151800728200e+00 7.909441826113476282e+01 -8.348150104298123209e-01 7.992923327156456992e+01
3.953116509880301166e+00 7.956499354294466286e+01 -8.415548546899196403e-01 8.040654839763458028e+01
3.954227867959874576e+00 8.003749273602028325e+01 -8.483422835927653116e-01 8.088583501961306865e+01
3.955339226039447986e+00 8.051146303941786186e+01 -8.551728082531147024e-01 8.136663584767100588e+01
3.956450584119020952e+00 8.098641153888199540e+01 -8.620414787325455519e-01 8.184845301761453129e+01
3.957561942198593918e+00 8.146180530658470786e+01 -8.689428607359741541e-01 8.233074816732067802e+01
3.958673300278167329e+00 8.193707168809577013e+01 -8.758710154508195789e-01 8.281294270354661080e+01
3.959784658357740739e+00 8.241159870195562576e+01 -8.828194857782845073e-01 8.329441818773392470e+01
3.960896016437313705e+00 8.288473549540772467e+01 -8.897812914189593414e-01 8.377451678682669467e+01
3.962007374516887115e+00 8.335579283300141640e+01 -8.967489340998384684e-01 8.425254176710126330e+01
3.963118732596460525e+00 8.382404363989573426e+01 -9.037144129032547157e-01 8.472775805279903238e+01
3.964230090676033491e+00 8.428872367377942965e+01 -9.106692484442371338e-01 8.519939292222368010e+01
3.965341448755606901e+00 8.474903245161955567e+01 -9.176045137801692730e-01 8.566663696539971795e+01
3.966452806835180311e+00 8.520413460269122652e+01 -9.245108696004862292e-01 8.612864547229172274e+01
3.967564164914753277e+00 8.565316185032544638e+01 -9.313786015072775815e-01 8.658454045183275127e+01
3.968675522994326244e+00 8.609521583568152892e+01 -9.381976580187717518e-01 8.703341349370030855e+01
3.969786881073900098e+00 8.652937198394106133e+01 -9.449576891560529379e-01 8.747432967309714513e+01
3.970898239153473064e+00 8.695468457577099741e+01 -9.516480868735591736e-01 8.790633266264455870e+01
3.972009597233046030e+00 8.737019312697323414e+01 -9.582580298867102719e-01 8.832845115685992710e+01
3.973120955312619440e+00 8.777493010217801839e+01 -9.647765363627681667e-01 8.873970663854078111e+01
3.974232313392192850e+00 8.816792990192428192e+01 -9.711925282571455265e-01 8.913912243018143045e+01
3.975343671471765816e+00 8.854823897554325640e+01 -9.774949106757581108e-01 8.952573388621900108e+01
3.976455029551339226e+00 8.891492683432976207e+01 -9.836726685269474579e-01 8.989859950285669754e+01
3.977566387630912637e+00 8.926709767885998303e+01 -9.897149810211379739e-01 9.025681265988114887e+01
3.978677745710485603e+00 8.960390231715122411e+01 -9.956113525184611124e-01 9.059951366966966191e+01
3.979789103790059013e+00 8.992455003972654026e+01 -1.001351756120837599e+00 9.092590179584736632e+01
3.980900461869632423e+00 9.022832013306245358e+01 -1.006926784582767853e+00 9.123524691764522743e+01
3.982011819949205389e+00 9.051457275036634087e+01 -1.012327801866609756e+00 9.152690055223297350e+01
3.983123178028778355e+00 9.078275891122854091e+01 -1.017547088200274175e+00 9.180030599942881508e+01
3.984234536108352209e+00 9.103242946052709783e+01 -1.022577971890925586e+00 9.205500743241800876e+01
3.985345894187925175e+00 9.126324287258596257e+01 -1.027414942350654226e+00 9.229065781493659415e+01
3.986457252267498141e+00 9.147497183035314094e+01 -1.032053740607298487e+00 9.250702557096039413e+01
3.987568610347071552e+00 9.166750853489655526e+01 -1.036491425709944236e+00 9.270399996060646686e+01
3.988679968426644962e+00 9.184086870467751851e+01 -1.040726417541411708e+00 9.288159512221895397e+01
3.989791326506217928e+00 9.199519420764369215e+01 -1.044758518270113568e+00 9.303995272591379262e+01
3.990902684585791338e+00 9.213075423683338272e+01 -1.048588915724441017e+00 9.317934315255783417e+01
3.992014042665364748e+00 9.224794489991410273e+01 -1.052220172182995128e+00 9.330016507209708720e+01
3.993125400744937714e+00 9.234728705507109225e+01 -1.055656201419286289e+00 9.340294325649040275e+01
3.994236758824511124e+00 9.242942220084859173e+01 -1.058902235452895413e+00 9.348832443630152511e+01
3.995348116904084534e+00 9.249510622588405795e+01 -1.061964780612588255e+00 9.355707100649664198e+01
3.996459474983657501e+00 9.254520085338806723e+01 -1.064851560580171608e+00 9.361005241396821930e+01
3.997570833063230467e+00 9.258066267830086815e+01 -1.067571442464764653e+00 9.364823412076563613e+01
3.998682191142804321e+00 9.260252979127395179e+01 -1.070134341032998426e+00 9.367266413230694866e+01
3.999793549222377287e+00 9.261190610720770167e+01 -1.072551096272923887e+00 9.368445720348061911e+01
4.000904907301950253e+00 9.260994365702025277e+01 -1.074833320631612299e+00 9.368477697765185042e+01
4.002016265381524107e+00 9.259782324652600494e+01 -1.076993214493605411e+00 9.367481646101958859e+01
4.003127623461097073e+00 9.257673402118042816e+01 -1.079043351535571293e+00 9.365577737271603098e+01
4.004238981540670039e+00 9.254785258572908901e+01 -1.080996439124652042e+00 9.362884902485373573e+01
4.005350339620243005e+00 9.251232240138682528e+01 -1.082865062447718518e+00 9.359518746383453447e+01
4.006461697699816860e+00 9.247123421161209933e+01 -1.084661424059800705e+00 9.355589563567190226e+01
4.007573055779389826e+00 9.242560822712292179e+01 -1.086397092563804678e+00 9.351200531968675023e+01
4.008684413858963680e+00 9.237637873291826907e+01 -1.088082774840212874e+00 9.346446150775847173e+01
4.009795771938536646e+00 9.232438167094778692e+01 -1.089728125468433451e+00 9.341410979641621282e+01
4.010907130018109612e+00 9.227034561184751738e+01 -1.091341604756879580e+00 9.336168721660436631e+01
4.012018488097682578e+00 9.221488637046290648e+01 -1.092930393362530284e+00 9.330781676382541434e+01
4.013129846177256432e+00 9.215850535614428907e+01 -1.094500367236842964e+00 9.325300572338115046e+01
4.014241204256829398e+00 9.210159159255742622e+01 -1.096056132096026037e+00 9.319764772465345004e+01
4.015352562336402364e+00 9.204442720316498594e+01 -1.097601112326282546e+00 9.314202831549127382e+01
4.016463920415976219e+00 9.198719604434820951e+01 -1.099137685697878064e+00 9.308633373004606426e+01
4.017575278495549185e+00 9.192999508124042052e+01 -1.100667352855396741e+00 9.303066243409583080e+01
4.018686636575122151e+00 9.187284804096063340e+01 -1.102190929480814985e+00 9.297503897044146015e+01
4.019797994654695117e+00 9.181572084033750514e+01 -1.103708749297032554e+00 9.291942958963454657e+01
4.020909352734268971e+00 9.175853826493168697e+01 -1.105220867503921900e+00 9.286375913243561797e+01
4.022020710813841937e+00 9.170120136735872052e+01 -1.106727256470288356e+00 9.280792862382898534e+01
4.023132068893415791e+00 9.164360505068135865e+01 -1.108227988099460770e+00 9.275183303878081631e+01
4.024243426972988757e+00 9.158565530417708089e+01 -1.109723399777988284e+00 9.269537870395510026e+01
4.025354785052561724e+00 9.152728556387614844e+01 -1.111214242796043639e+00 9.263849980667215789e+01
4.026466143132134690e+00 9.146847168146778984e+01 -1.112701813307623855e+00 9.258117349477541325e+01
4.027577501211707656e+00 9.140924500714211831e+01 -1.114188066160153978e+00 9.252343307330228583e+01
4.028688859291281510e+00 9.134970313049258550e+01 -1.115675711333642850e+00 9.246537884182622236e+01
4.029800217370854476e+00 9.129001788431961018e+01 -1.117168291525912682e+00 9.240718617584550998e+01
4.030911575450428330e+00 9.123044030297467089e+01 -1.118670237966561842e+00 9.234911054094122562e+01
4.032022933530001296e+00 9.117130234071518657e+01 -1.120186900260204732e+00 9.229148924097540885e+01
4.033134291609574262e+00 9.111301529360194706e+01 -1.121724545356028946e+00 9.223473983895797801e+01
4.034245649689147228e+00 9.105606502385629142e+01 -1.123290320929108965e+00 9.217935534478539239e+01
4.035357007768721083e+00 9.100100424770232621e+01 -1.124892179701189487e+00 9.212589642740348950e+01
4.036468365848294049e+00 9.094844230333296764e+01 -1.126538763499090656e+00 9.207498106683205208e+01
4.037579723927867903e+00 9.089903295038129727e+01 -1.128239248930475336e+00 9.202727219931178126e+01
4.038691082007440869e+00 9.085346085257654636e+01 -1.130003160069306567e+00 9.198346401264585381e+01
4.039802440087013835e+00 9.081242745013662443e+01 -1.131840157000861602e+00 9.194426760713750468e+01
4.040913798166586801e+00 9.077663693120737776e+01 -1.133759811961448483e+00 9.191039674316883179e+01
4.042025156246159767e+00 9.074678296094975849e+01 -1.135771386656724280e+00 9.188255434760645812e+01
4.043136514325733621e+00 9.072353672718075757e+01 -1.137883624818965433e+00 9.186142035199972611e+01
4.044247872405306587e+00 9.070753672265149703e+01 -1.140104573018926981e+00 9.184764129567042801e+01
4.045359230484880442e+00 9.069938052029010578e+01 -1.142441440248191720e+00 9.184182196053828307e+01
4.046470588564453408e+00 9.069961862582033518e+01 -1.144900503110499290e+00 9.184451912893082692e+01
4.047581946644026374e+00 9.070875032936389459e+01 -1.147487059055825709e+00 9.185623738841974273e+01
4.048693304723599340e+00 9.072722133958032487e+01 -1.150205425516211521e+00 9.187742676509651574e+01
4.049804662803173194e+00 9.075542288265917534e+01 -1.153058978640476573e+00 9.190848186129967701e+01
4.050916020882746160e+00 9.079369189117258543e+01 -1.156050222096161262e+00 9.194974211326875491e+01
4.052027378962319126e+00 9.084231189585663913e+01 -1.159180874492231617e+00 9.200149277034887518e+01
4.053138737041892981e+00 9.090151426275143365e+01 -1.162451963561754953e+00 9.206396622631318394e+01
4.054250095121465947e+00 9.097147947998448103e+01 -1.165863916296382863e+00 9.213734339628084058e+01
4.055361453201038913e+00 9.105233828091269288e+01 -1.169416636501526385e+00 9.222175491741420217e+01
4.056472811280611879e+00 9.114417248007363526e+01 -1.173109564332200705e+00 9.231728204440582886e+01
4.057584169360185733e+00 9.124701548289613129e+01 -1.176941715766628649e+00 9.242395719866276238e+01
4.058695527439758699e+00 9.136085249924295226e+01 -1.180911703152319747e+00 9.254176420239532774e+01
4.059806885519332553e+00 9.148562053825341422e+01 -1.185017740460874602e+00 9.267063827871429282e+01
4.060918243598905519e+00 9.162120828559969254e+01 -1.189257638393863337e+00 9.281046592399358985e+01
4.062029601678478485e+00 9.176745596647738523e+01 -1.193628794859916686e+00 9.296108476133728971e+01
4.063140959758051451e+00 9.192415528414731796e+01 -1.198128185658345668e+00 9.312228346980565163e+01
4.064252317837625306e+00 9.209104950259266786e+01 -1.202752358706519420e+00 9.329380186129918684e+01
4.065363675917198272e+00 9.226783372123803417e+01 -1.207497433216643712e+00 9.347533115445463636e+01
4.066475033996771238e+00 9.245415537699938113e+01 -1.212359103305441721e+00 9.366651448030485483e+01
4.067586392076345092e+00 9.264961500888549040e+01 -1.217332644030112654e+00 9.386694765291559861e+01
4.068697750155918058e+00 9.285376733424324414e+01 -1.222412917114281239e+00 9.407618025135752760e+01
4.069809108235491024e+00 9.306612271105255729e+01 -1.227594373830090069e+00 9.429371708488264403e+01
4.070920466315063990e+00 9.328614909171940894e+01 -1.232871053623529223e+00 9.451902014534294949e+01
4.072031824394637844e+00 9.351327460266604419e+01 -1.238236578909331032e+00 9.475151118157538122e+01
4.073143182474210811e+00 9.374689090196795860e+01 -1.243684148666604150e+00 9.499057505063456119e+01
4.074254540553784665e+00 9.398635746667507362e+01 -1.249206535595664525e+00 9.523556400227073482e+01
4.075365898633357631e+00 9.423100693701263708e+01 -1.254796093195005957e+00 9.548580303020763438e+01
4.076477256712930597e+00 9.448015159492778992e+01 -1.260444779803209681e+00 9.574059637473099826e+01
4.077588614792503563e+00 9.473309098214400592e+01 -1.266144206182285847e+00 9.599923518832630975e+01
4.078699972872077417e+00 9.498912057496004024e+01 -1.271885711549108455e+00 9.626100628650915780e+01
4.079811330951650383e+00 9.524754133965492997e+01 -1.277660470249817770e+00 9.652520180990474330e+01
4.080922689031223349e+00 9.550766990561808711e+01 -1.283459627870000119e+00 9.679112953348808901e+01
4.082034047110797204e+00 9.576884902528377097e+01 -1.289274461970694841e+00 9.705812348725449112e+01
4.083145405190370170e+00 9.603045795079933100e+01 -1.295096559388431823e+00 9.732555451018775727e+01
4.084256763269943136e+00 9.629192235369283992e+01 -1.300917999660098356e+00 9.759284035335294050e+01
4.085368121349516102e+00 9.655272344742388668e+01 -1.306731533037246873e+00 9.785945498046115176e+01
4.086479479429089956e+00 9.681240604012155870e+01 -1.312530741958604086e+00 9.812493678208014103e+01
4.087590837508662922e+00 9.707058533758545593e+01 -1.318310176741932960e+00 9.838889551432738756e+01
4.088702195588236776e+00 9.732695242245995360e+01 -1.324065459389186961e+00 9.865101788184912834e+01
4.089813553667809742e+00 9.758127843992238581e+01 -1.329793353319034921e+00 9.891107179324143317e+01
4.090924911747382708e+00 9.783341760883561733e+01 -1.335491800959955011e+00 9.916890940979561719e+01
4.092036269826955674e+00 9.808330923775865529e+01 -1.341159934819251998e+00 9.942446917257788641e+01
4.093147627906529529e+00 9.833097894922558169e+01 -1.346798070308460549e+00 9.967777701953404801e+01
4.094258985986102495e+00 9.857653930035245082e+01 -1.352407689821893522e+00 9.992894699017436722e+01
4.095370344065675461e+00 9.882018993608473068e+01 -1.357991427123308004e+00 1.001781813632080400e+02
4.096481702145249315e+00 9.906221733172884569e+01 -1.363553059045452542e+00 1.004257703907742894e+02
4.097593060224822281e+00 9.930299408670073547e+01 -1.369097508157823606e+00 1.006720915948585571e+02
4.098704418304395247e+00 9.954297763704815338e+01 -1.374630855931973983e+00 1.009176084929801078e+02
4.099815776383968213e+00 9.978270817588430930e+01 -1.380160361689901860e+00 1.011628685375742265e+02
4.100927134463542068e+00 1.000228055220731420e+02 -1.385694478953799491e+00 1.014085000010269226e+02
4.102038492543115034e+00 1.002639646678896099e+02 -1.391242858344148736e+00 1.016552075262337951e+02
4.103149850622688888e+00 1.005069497700778243e+02 -1.396816325345317855e+00 1.019037660954231796e+02
4.104261208702261854e+00 1.007525864237723425e+02 -1.402426822275366192e+00 1.021550132460476732e+02
4.105372566781834820e+00 1.010017521673912881e+02 -1.408087306582183507e+00 1.024098394739734488e+02
4.106483924861407786e+00 1.012553652963386526e+02 -1.413811601790237571e+00 1.026691768981288959e+02
4.107595282940981640e+00 1.015143721988356305e+02 -1.419614202471399356e+00 1.029339864013070525e+02
4.108706641020554606e+00 1.017797335523399198e+02 -1.425510039803574047e+00 1.032052435921435176e+02
4.109817999100127572e+00 1.020524098192544358e+02 -1.431514218879509137e+00 1.034839240381339351e+02
4.110929357179701427e+00 1.023333465449504303e+02 -1.437641742287296465e+00 1.037709882872377420e+02
4.112040715259274393e+00 1.026234599834505872e+02 -1.443907236139916117e+00 1.040673672195904942e+02
4.113152073338847359e+00 1.029236235558722115e+02 -1.450324694472747256e+00 1.043739482503449381e+02
4.114263431418420325e+00 1.032346555887579740e+02 -1.456907255829260173e+00 1.046915628445872528e+02
4.115374789497994179e+00 1.035573086929237121e+02 -1.463667022259530937e+00 1.050209757151832122e+02
4.116486147577567145e+00 1.038922610403204629e+02 -1.470614926418610136e+00 1.053628759667390398e+02
4.117597505657140999e+00 1.042401096894025443e+02 -1.477760647651029435e+00 1.057178703370535544e+02
4.118708863736713965e+00 1.046013660101115050e+02 -1.485112573575174011e+00 1.060864785836866417e+02
4.119820221816286931e+00 1.049764531765092386e+02 -1.492677800333252369e+00 1.064691309768424787e+02
4.120931579895859898e+00 1.053657056329361268e+02 -1.500462162755151319e+00 1.068661677956912825e+02
4.122042937975433752e+00 1.057693703986434741e+02 -1.508470285354835516e+00 1.072778406839983205e+02
4.123154296055006718e+00 1.061876100523231514e+02 -1.516705646220371184e+00 1.077043156985435388e+02
4.124265654134579684e+00 1.066205072251691490e+02 -1.525170648113994165e+00 1.081456778732831481e+02
4.125377012214153538e+00 1.070680704209273273e+02 -1.533866693925867608e+00 1.086019371148532144e+02
4.126488370293726504e+00 1.075302409661483125e+02 -1.542794266399031944e+00 1.090730352325473547e+02
4.127599728373299470e+00 1.080069008679629263e+02 -1.551953014162064770e+00 1.095588538821249784e+02
4.128711086452872436e+00 1.084978813179838113e+02 -1.561341847098756341e+00 1.100592231650825710e+02
4.129822444532446291e+00 1.090029715313274608e+02 -1.570959043692461643e+00 1.105739305750199435e+02
4.130933802612019257e+00 1.095219275551867355e+02 -1.580802371210121571e+00 1.111027299263968615e+02
4.132045160691593111e+00 1.100544806310670793e+02 -1.590869216707772704e+00 1.116453498477748383e+02
4.133156518771166077e+00 1.106003446595628787e+02 -1.601156723339088650e+00 1.122015013829019807e+02
4.134267876850739043e+00 1.111592223072644572e+02 -1.611661922973139260e+00 1.127708842302375984e+02
4.135379234930312009e+00 1.117308093206785031e+02 -1.622381853355032710e+00 1.133531911740335261e+02
4.136490593009885863e+00 1.123147966768310368e+02 -1.633313646578096856e+00 1.139481103234091393e+02
4.137601951089458829e+00 1.129108703042545869e+02 -1.644454575899696458e+00 1.145553248801542594e+02
4.138713309169031795e+00 1.135187082456481988e+02 -1.655802050087928690e+00 1.151745102957361269e+02
4.139824667248605650e+00 1.141379752935804106e+02 -1.667353548395689833e+00 1.158053288419761344e+02
4.140936025328178616e+00 1.147683152982644259e+02 -1.679106494499190916e+00 1.164474217927636204e+02
4.142047383407751582e+00 1.154093415044155648e+02 -1.691058073652546900e+00 1.171003995780681350e+02
4.143158741487324548e+00 1.160606254053345907e+02 -1.703205003104563797e+00 1.177638304084391763e+02
4.144270099566898402e+00 1.167216846919020270e+02 -1.715543270686873845e+00 1.184372279625888780e+02
4.145381457646471368e+00 1.173919709117644317e+02 -1.728067859708027898e+00 1.191200387714724798e+02
4.146492815726045222e+00 1.180708574352699145e+02 -1.740772479387362237e+00 1.198116299146572885e+02
4.147604173805618188e+00 1.187576282519283097e+02 -1.753649318842527949e+00 1.205112775707708295e+02
4.148715531885191155e+00 1.194514680031882676e+02 -1.766688839245531106e+00 1.212181568424338280e+02
4.149826889964764121e+00 1.201514535081442432e+02 -1.779879613635018343e+00 1.219313331217792467e+02
4.150938248044337975e+00 1.208565468763186033e+02 -1.793208217725249298e+00 1.226497550940438543e+02
4.152049606123910941e+00 1.215655901449028704e+02 -1.806659168737440035e+00 1.233722493136403102e+02
4.153160964203483907e+00 1.222773012448015209e+02 -1.820214903674946871e+00 1.240975161484764868e+02
4.154272322283057761e+00 1.229902710051428301e+02 -1.833855784341132722e+00 1.248241267894839694e+02
4.155383680362630727e+00 1.237029608592728920e+02 -1.847560114311148416e+00 1.255505209735840566e+02
4.156495038442203693e+00 1.244137009200883028e+02 -1.861304153267916650e+00 1.262750050733561977e+02
4.157606396521776659e+00 1.251206881462338885e+02 -1.875062116519383260e+00 1.269957502627532762e+02
4.158717754601350514e+00 1.258219844149668347e+02 -1.888806151733472438e+00 1.277107905667002825e+02
4.159829112680923480e+00 1.265155144397881486e+02 -1.902506290309498027e+00 1.284180207300976235e+02
4.160940470760497334e+00 1.271990636064999336e+02 -1.916130376553764503e+00 1.291151939830537003e+02
4.162051828840070300e+00 1.278702759348909268e+02 -1.929643983115989503e+00 1.297999199180069070e+02
4.163163186919643266e+00 1.285266524911841088e+02 -1.943010325244543202e+00 1.304696628164286949e+02
4.164274544999216232e+00 1.291655506680971826e+02 -1.956190188806788299e+00 1.311217408569039833e+02
4.165385903078790086e+00 1.297841848085044205e+02 -1.969141887451058226e+00 1.317533266959555363e+02
4.166497261158363052e+00 1.303796286730312488e+02 -1.981821262814792650e+00 1.323614499358460534e+02
4.167608619237936018e+00 1.309488202434693562e+02 -1.994181738654377867e+00 1.329430019821237181e+02
4.168719977317509873e+00 1.314885693176112227e+02 -2.006174435748007134e+00 1.334947437533592733e+02
4.169831335397082839e+00 1.319955682938148414e+02 -2.017748350089003218e+00 1.340133166439038632e+02
4.170942693476655805e+00 1.324664064725752723e+02 -2.028850592934835273e+00 1.344952570655100885e+02
4.172054051556228771e+00 1.328975881240094168e+02 -2.039426688291032796e+00 1.349370148123003901e+02
4.173165409635802625e+00 1.332855544890747410e+02 -2.049420921773834614e+00 1.353349754108485570e+02
4.174276767715375591e+00 1.336267098008387677e+02 -2.058776734635085592e+00 1.356854865354738138e+02
4.175388125794949445e+00 1.339174513302510832e+02 -2.067437157899755018e+00 1.359848884881507445e+02
4.176499483874522411e+00 1.341542033767723012e+02 -2.075345283666092389e+00 1.362295486604383541e+02
4.177610841954095378e+00 1.343334550351505072e+02 -2.082444773087555934e+00 1.364158998082380378e+02
4.178722200033668344e+00 1.344518014726843376e+02 -2.088680402751980303e+00 1.365404818754362850e+02
4.179833558113241310e+00 1.345059883446733693e+02 -2.093998652494785340e+00 1.365999869971681733e+02
4.180944916192815164e+00 1.344929588591891161e+02 -2.098348337661699592e+00 1.365913071968508063e+02
4.182056274272388130e+00 1.344099028778394995e+02 -2.101681287227763928e+00 1.365115841650672621e+02
4.183167632351961984e+00 1.342543073109558236e+02 -2.103953065997939298e+00 1.363582603769537798e+02
4.184278990431534950e+00 1.340240069395445914e+02 -2.105123734640553135e+00 1.361291306741850917e+02
4.185390348511107916e+00 1.337172346794311295e+02 -2.105158636038977349e+00 1.358223933154700944e+02
4.186501706590680882e+00 1.333326702025143220e+02 -2.104029191033627288e+00 1.354366993935479968e+02
4.187613064670254737e+00 1.328694857525189548e+02 -2.101713681755637886e+00 1.349711994342745527e+02
4.188724422749827703e+00 1.323273879432456397e+02 -2.098197997053055097e+00 1.344255859402986744e+02
4.189835780829401557e+00 1.317066543094363169e+02 -2.093476312453202315e+00 1.338001306218895081e+02
4.190947138908974523e+00 1.310081633954566200e+02 -2.087551676941474810e+00 1.330957150723980931e+02
4.192058496988547489e+00 1.302334172148051721e+02 -2.080436480564239243e+00 1.323138536953694029e+02
4.193169855068120455e+00 1.293845549928793162e+02 -2.072152780238516456e+00 1.314567077731178415e+02
4.194281213147693421e+00 1.284643572148167721e+02 -2.062732465738268406e+00 1.305270896805550649e+02
4.195392571227267275e+00 1.274762391384858518e+02 -2.052217253080701909e+00 1.295284563915665217e+02
4.196503929306840242e+00 1.264242330996125929e+02 -2.040658497895690537e+00 1.284648915975082843e+02
4.197615287386414096e+00 1.253129591324372711e+02 -2.028116826346246349e+00 1.273410759587834917e+02
4.198726645465987062e+00 1.241475836569990321e+02 -2.014661585455774784e+00 1.261622452424547873e+02
4.199838003545560028e+00 1.229337662451086430e+02 -2.000370118171586942e+00 1.249341363632802171e+02
4.200949361625132994e+00 1.216775947725341354e+02 -1.985326871251679171e+00 1.236629216437858361e+02
4.202060719704706848e+00 1.203855095940271411e+02 -1.969622346382783995e+00 1.223551319404099615e+02
4.203172077784279814e+00 1.190642177365224512e+02 -1.953351907218937811e+00 1.210175696437413677e+02
4.204283435863852780e+00 1.177205984858767351e+02 -1.936614457694380231e+00 1.196572129435711105e+02
4.205394793943426635e+00 1.163616021307806534e+02 -1.919511010363672998e+00 1.182811131411443171e+02
4.206506152022999601e+00 1.149941440060140962e+02 -1.902143167844016602e+00 1.168962871738581271e+02
4.207617510102572567e+00 1.136249963242480021e+02 -1.884611545645792807e+00 1.155096078698937987e+02
4.208728868182145533e+00 1.122606805764990270e+02 -1.867014170486820834e+00 1.141276947469858527e+02
4.209840226261719387e+00 1.109073634907874464e+02 -1.849444894064850464e+00 1.127568083848522775e+02
4.210951584341292353e+00 1.095707596431614519e+02 -1.831991867504422000e+00 1.114027515106658797e+02
4.212062942420866207e+00 1.082560437952464127e+02 -1.814736125495790553e+00 1.100707799207421829e+02
4.213174300500439173e+00 1.069677758749967893e+02 -1.797750330732407864e+00 1.087655262057291594e+02
4.214285658580012139e+00 1.057098412170328174e+02 -1.781097727988420143e+00 1.074909389450212558e+02
4.215397016659585105e+00 1.044854082404163478e+02 -1.764831352669168574e+00 1.062502395930855386e+02
4.216508374739158960e+00 1.032969051784372141e+02 -1.748993530833308441e+00 1.050458987092705314e+02
4.217619732818731926e+00 1.021460168101269943e+02 -1.733615696801171113e+00 1.038796325069281608e+02
4.218731090898304892e+00 1.010337014069428534e+02 -1.718718541132434829e+00 1.027524199480753140e+02
4.219842448977878746e+00 9.996022733676547034e+01 -1.704312486864614229e+00 1.016645398236300792e+02
4.220953807057451712e+00 9.892522800005177430e+01 -1.690398476514767490e+00 1.006156264765665469e+02
4.222065165137024678e+00 9.792777304951364670e+01 -1.676969037592024758e+00 9.960474208710569144e+01
4.223176523216597644e+00 9.696645320268115142e+01 -1.664009581319898290e+00 9.863046278400103972e+01
4.224287881296171498e+00 9.603947542916915836e+01 -1.651499878824068457e+00 9.769097530799321305e+01
4.225399239375744465e+00 9.514476490826719157e+01 -1.639415651848803002e+00 9.678418056011599901e+01
4.226510597455318319e+00 9.428006992660347407e+01 -1.627730211460140630e+00 9.590780013806360671e+01
4.227621955534891285e+00 9.344306583072054195e+01 -1.616416078201192930e+00 9.505948190892173955e+01
4.228733313614464251e+00 9.263145426706878993e+01 -1.605446520522232134e+00 9.423690078759103983e+01
4.229844671694037217e+00 9.184305422563298293e+01 -1.594796954538131750e+00 9.343785118017109426e+01
4.230956029773611071e+00 9.107588183816932315e+01 -1.584446156644960357e+00 9.266032799481428128e+01
4.232067387853184037e+00 9.032821644616139167e+01 -1.574377250586376453e+00 9.190259369674774348e+01
4.233178745932757003e+00 8.959865111896316137e+01 -1.564578441548467147e+00 9.116322956051160986e+01
4.234290104012330858e+00 8.888612653657823159e+01 -1.555043481215937939e+00 9.044117001779417819e+01
4.235401462091903824e+00 8.818994791773206998e+01 -1.545771858987215364e+00 8.973571977671927868e+01
4.236512820171476790e+00 8.750978543430382217e+01 -1.536768725382416934e+00 8.904655415968623799e+01
4.237624178251049756e+00 8.684565926958511284e+01 -1.528044563837276382e+00 8.837370383342238256e+01
4.238735536330623610e+00 8.619791111369276848e+01 -1.519614636359673643e+00 8.771752575005243102e+01
4.239846894410196576e+00 8.556716441219978719e+01 -1.511498236745223878e+00 8.707866264894502706e+01
4.240958252489770430e+00 8.495427606686851618e+01 -1.503717791987737806e+00 8.645799385885624133e+01
4.242069610569343396e+00 8.436028251128117006e+01 -1.496297857916438101e+00 8.585658036919764413e+01
4.243180968648916362e+00 8.378634313951086199e+01 -1.489264058639358623e+00 8.527560719815021173e+01
4.244292326728489329e+00 8.323368395375456430e+01 -1.482642020756832268e+00 8.471632597451140612e+01
4.245403684808063183e+00 8.270354402872929711e+01 -1.476456352251873883e+00 8.418000038098116988e+01
4.246515042887636149e+00 8.219712698888218938e+01 -1.470729712291834579e+00 8.366785670117400286e+01
4.247626400967209115e+00 8.171555919035230886e+01 -1.465482011877934587e+00 8.318104120223026143e+01
4.248737759046782969e+00 8.125985573125886674e+01 -1.460729776561663584e+00 8.272058550782051611e+01
4.249849117126355935e+00 8.083089482321514652e+01 -1.456485691754507483e+00 8.228738051496964090e+01
4.250960475205928901e+00 8.042940048645884588e+01 -1.452758339168153112e+00 8.188215882562697345e+01
4.252071833285501867e+00 8.005593301988582766e+01 -1.449552120500682717e+00 8.150548514038652570e+01
4.253183191365075722e+00 7.971088627838190632e+01 -1.446867352605208046e+00 8.115775363098708794e+01
4.254294549444648688e+00 7.939449048686569199e+01 -1.444700508024536534e+00 8.083919099489023097e+01
4.255405907524222542e+00 7.910681914596858633e+01 -1.443044566826596320e+00 8.054986371279518664e+01
4.256517265603795508e+00 7.884779853938850636e+01 -1.441889440797291977e+00 8.028968798018581765e+01
4.257628623683368474e+00 7.861721842754081990e+01 -1.441222429608209010e+00 8.005844085714905134e+01
4.258739981762941440e+00 7.841474268680512694e+01 -1.441028670595657646e+00 7.985577135740076926e+01
4.259851339842515294e+00 7.823991890212953138e+01 -1.441291548928055333e+00 7.968121045105759492e+01
4.260962697922088260e+00 7.809218621321441844e+01 -1.441993042547307979e+00 7.953417925576172820e+01
4.262074056001661226e+00 7.797088102081288241e+01 -1.443113985456462744e+00 7.941399500626933161e+01
4.263185414081235081e+00 7.787524045263900518e+01 -1.444634242675832070e+00 7.931987469531482304e+01
4.264296772160808047e+00 7.780440374604451392e+01 -1.446532799489053556e+00 7.925093654553354838e+01
4.265408130240381013e+00 7.775741191201858271e+01 -1.448787775559644553e+00 7.920619968757824836e+01
4.266519488319953979e+00 7.773320619463002856e+01 -1.451376380454680870e+00 7.918458257508467568e+01
4.267630846399527833e+00 7.773062593116571861e+01 -1.454274830696701493e+00 7.918490076186243698e+01
4.268742204479100799e+00 7.774840645593626220e+01 -1.457458249627562985e+00 7.920586470556384029e+01
4.269853562558674653e+00 7.778517768369235341e+01 -1.460900570355102124e+00 7.924607825404747530e+01
4.270964920638247619e+00 7.783946396706087967e+01 -1.464574459344821111e+00 7.930403842640569678e+01
4.272076278717820585e+00 7.790968575614424196e+01 -1.468451274437129861e+00 7.937813703058137094e+01
4.273187636797393552e+00 7.799416350527815212e+01 -1.472501066873845632e+00 7.946666457215199841e+01
4.274298994876967406e+00 7.809112417702499442e+01 -1.476692632898382485e+00 7.956781680992337158e+01
4.275410352956540372e+00 7.819871058915752826e+01 -1.480993617095231585e+00 7.967970420625275096e+01
4.276521711036113338e+00 7.831499373702393996e+01 -1.485370667099952025e+00 7.980036440412389709e+01
4.277633069115687192e+00 7.843798810086762785e+01 -1.489789637671474543e+00 7.992777773853909196e+01
4.278744427195260158e+00 7.856566981573305952e+01 -1.494215841219995955e+00 8.005988565695304260e+01
4.279855785274833124e+00 7.869599744294660582e+01 -1.498614341443183173e+00 8.019461178438977811e+01
4.280967143354406090e+00 7.882693494226080588e+01 -1.502950286407707781e+00 8.032988522866853032e+01
4.282078501433979945e+00 7.895647631135082634e+01 -1.507189276922376697e+00 8.046366558827321569e+01
4.283189859513552911e+00 7.908267124585891850e+01 -1.511297765185638520e+00 8.059396901104453548e+01
4.284301217593126765e+00 7.920365109139572724e+01 -1.515243477407604011e+00 8.071889456880333569e+01
4.285412575672699731e+00 7.931765432096591439e+01 -1.518995852521405121e+00 8.083665017348735660e+01
4.286523933752272697e+00 7.942305078649557970e+01 -1.522526487469332945e+00 8.094557727396491487e+01
4.287635291831845663e+00 7.951836406578263450e+01 -1.525809578220714391e+00 8.104417364400336510e+01
4.288746649911419517e+00 7.960229135394237687e+01 -1.528822345008786998e+00 8.113111369895115388e+01
4.289858007990992483e+00 7.967372052159971929e+01 -1.531545430549685172e+00 8.120526595214938936e+01
4.290969366070565449e+00 7.973174416398730102e+01 -1.533963261371005027e+00 8.126570742535831471e+01
4.292080724150139304e+00 7.977567067358684483e+01 -1.536064364779748947e+00 8.131173503836656380e+01
4.293192082229712270e+00 7.980503255891487413e+01 -1.537841637181024623e+00 8.134287419609587744e+01
4.294303440309285236e+00 7.981959237877001101e+01 -1.539292562977384149e+00 8.135888494174740515e+01
4.295414798388858202e+00 7.981934674390952011e+01 -1.540419386571460381e+00 8.135976613048096340e+01
4.296526156468432056e+00 7.980452884307553063e+01 -1.541229242469367655e+00 8.134575808554494358e+01
4.297637514548005022e+00 7.977560987360189415e+01 -1.541734249622108033e+00 8.131734412322400374e+01
4.298748872627578876e+00 7.973329960552067064e+01 -1.541951575606347991e+00 8.127525118112703240e+01
4.299860230707151842e+00 7.967854609994438420e+01 -1.541903473948385450e+00 8.122044957389277897e+01
4.300971588786724809e+00 7.961253436428232533e+01 -1.541617294045940945e+00 8.115415165832827427e+01
4.302082946866297775e+00 7.953668349119629966e+01 -1.541125458241480839e+00 8.107780894943779515e+01
4.303194304945871629e+00 7.945264162945485964e+01 -1.540465395383638247e+00 8.099310702483852253e+01
4.304305663025444595e+00 7.936227800453779935e+01 -1.539679415552718256e+00 8.090195742009053959e+01
4.305417021105017561e+00 7.926767116932457213e+01 -1.538814507406315091e+00 8.080648567673087257e+01
4.306528379184591415e+00 7.917109273413190351e+01 -1.537922038579112360e+00 8.070901477271100077e+01
4.307639737264164381e+00 7.907498600157316559e+01 -1.537057341252852316e+00 8.061204334282604123e+01
4.308751095343737347e+00 7.898193920273611468e+01 -1.536279169558045110e+00 8.051821837229417156e+01
4.309862453423310313e+00 7.889465337258742750e+01 -1.535649022646725204e+00 8.043030239523416469e+01
4.310973811502884168e+00 7.881590528092489478e+01 -1.535230336473931256e+00 8.035113561739881050e+01
4.312085169582457134e+00 7.874850621236062409e+01 -1.535087557620825827e+00 8.028359376998146502e+01
4.313196527662030988e+00 7.869525772652350781e+01 -1.535285122767224841e+00 8.023054284929071400e+01
4.314307885741603954e+00 7.865890579439309249e+01 -1.535886376511486517e+00 8.019479217090456302e+01
4.315419243821176920e+00 7.864209487366471762e+01 -1.536952467090106911e+00 8.017904734075482054e+01
4.316530601900749886e+00 7.864732354199144027e+01 -1.538541263372670054e+00 8.018586480536413319e+01
4.317641959980323740e+00 7.867690325109825267e+01 -1.540706336869046789e+00 8.021760958796733121e+01
4.318753318059896706e+00 7.873292160815410057e+01 -1.543496049372002021e+00 8.027641765752608194e+01
4.319864676139469672e+00 7.881721135404114875e+01 -1.546952780669571759e+00 8.036416413471073383e+01
4.320976034219043527e+00 7.893132591789702701e+01 -1.551112322242810704e+00 8.048243824013982817e+01
4.322087392298616493e+00 7.907652211210468352e+01 -1.556003452991613356e+00 8.063252556509627311e+01
4.323198750378189459e+00 7.925375021824696375e+01 -1.561647702864831233e+00 8.081539792111178144e+01
4.324310108457762425e+00 7.946365142340225418e+01 -1.568059300801744937e+00 8.103171072420400378e+01
4.325421466537336279e+00 7.970656231096182864e+01 -1.575245295408280954e+00 8.128180760637012270e+01
4.326532824616909245e+00 7.998252589604557272e+01 -1.583205830778585899e+00 8.156573172682415418e+01
4.327644182696483099e+00 8.029130852043424227e+01 -1.591934555972126075e+00 8.188324307640637301e+01
4.328755540776056066e+00 8.063242177846498748e+01 -1.601419144679990580e+00 8.223384092314499583e+01
4.329866898855629032e+00 8.100514852435382807e+01 -1.611641901116814823e+00 8.261679042547065421e+01
4.330978256935201998e+00 8.140857190495995610e+01 -1.622580428564004418e+00 8.303115233352397695e+01
4.332089615014775852e+00 8.184160626648711911e+01 -1.634208337664017741e+00 8.347581460415111110e+01
4.333200973094348818e+00 8.230302870152243599e+01 -1.646495972039335287e+00 8.394952467356178261e+01
4.334312331173921784e+00 8.279150994328072954e+01 -1.659411128819879844e+00 8.445092107210062693e+01
4.335423689253495638e+00 8.330564329161356341e+01 -1.672919751223983287e+00 8.497856304283754980e+01
4.336535047333068604e+00 8.384397028786236206e+01 -1.686986569743572639e+00 8.553095685760597178e+01
4.337646405412641570e+00 8.440500195976821374e+01 -1.701575668243619610e+00 8.610657762801179160e+01
4.338757763492214536e+00 8.498723464533446759e+01 -1.716650952020347676e+00 8.670388559735481238e+01
4.339869121571788391e+00 8.558915967905160471e+01 -1.732176497166788565e+00 8.732133617621838084e+01
4.340980479651361357e+00 8.620926657685858174e+01 -1.748116764887671870e+00 8.795738334174623674e+01
4.342091837730935211e+00 8.684603976678315007e+01 -1.764436670818058994e+00 8.861047643760117865e+01
4.343203195810508177e+00 8.749794934766190124e+01 -1.781101507687285812e+00 8.927905085534918328e+01
4.344314553890081143e+00 8.816343677732521655e+01 -1.798076729203597290e+00 8.996151350652880296e+01
4.345425911969654109e+00 8.884089674875929177e+01 -1.815327612854741091e+00 9.065622436161400799e+01
4.346537270049227075e+00 8.952865676488609381e+01 -1.832818828258478527e+00 9.136147559314457567e+01
4.347648628128800929e+00 9.022495603481917215e+01 -1.850513944540960631e+00 9.207546997936010769e+01
4.348759986208373896e+00 9.092792526621435911e+01 -1.868374913911826640e+00 9.279630018012616688e+01
4.349871344287947750e+00 9.163556871738047960e+01 -1.886361568418594814e+00 9.352193028579905842e+01
4.350982702367520716e+00 9.234574951702924750e+01 -1.904431162554234280e+00 9.425018067958349377e+01
4.352094060447093682e+00 9.305617879635013878e+01 -1.922537986283042066e+00 9.497871678263318529e+01
4.353205418526666648e+00 9.376440866028522692e+01 -1.940633062015842514e+00 9.570504172230107542e+01
4.354316776606240502e+00 9.446782851500844913e+01 -1.958663926458265481e+00 9.642649244146669218e+01
4.355428134685813468e+00 9.516366383063427747e+01 -1.976574485722178975e+00 9.714023831635644513e+01
4.356539492765387322e+00 9.584897610954969593e+01 -1.994304921362840322e+00 9.784328103091252160e+01
4.357650850844960289e+00 9.652066269396888742e+01 -2.011791617638252205e+00 9.853245431160713963e+01
4.358762208924533255e+00 9.717545510329323122e+01 -2.028967077441909073e+00 9.920442218073515050e+01
4.359873567004106221e+00 9.780991483988901791e+01 -2.045759796598722868e+00 9.985567463648774833e+01
4.360984925083679187e+00 9.842042601391263190e+01 -2.062094073415365436e+00 1.004825200873279982e+02
4.362096283163253041e+00 9.900318466497583358e+01 -2.077889741714706862e+00 1.010810744066905329e+02
4.363207641242826007e+00 9.955418523685959542e+01 -2.093061829642741234e+00 1.016472470665023451e+02
4.364318999322399861e+00 1.000692052201119111e+02 -2.107520161483900978e+00 1.021767253815958298e+02
4.365430357401972827e+00 1.005437894478641425e+02 -2.121168933576230931e+00 1.026649583814403712e+02
4.366541715481545793e+00 1.009732358559874257e+02 -2.133906306330316749e+00 1.031071421623177713e+02
4.367653073561118759e+00 1.013525846625017124e+02 -2.145624060869726346e+00 1.034982087233714196e+02
4.368764431640692614e+00 1.016766128702061849e+02 -2.156207370088290887e+00 1.038328202402944669e+02
4.369875789720265580e+00 1.019398357637648189e+02 -2.165534729855983276e+00 1.041053704936208248e+02
4.370987147799838546e+00 1.021365166946577148e+02 -2.173478087350072308e+00 1.043099947820077915e+02
4.372098505879412400e+00 1.022606859792764027e+02 -2.179903191345538893e+00 1.044405891706219336e+02
4.373209863958985366e+00 1.023061692417025199e+02 -2.184670175528950598e+00 1.044908394172314559e+02
4.374321222038558332e+00 1.022666250783448021e+02 -2.187634372449757780e+00 1.044542594507945665e+02
4.375432580118131298e+00 1.021355915623549322e+02 -2.188647344428540364e+00 1.043242389067834637e+02
4.376543938197705153e+00 1.019065408797959549e+02 -2.187558110042941095e+00 1.040940989898388835e+02
4.377655296277278119e+00 1.015729413120140237e+02 -2.184214541527553788e+00 1.037571558535415619e+02
4.378766654356851973e+00 1.011283258394629456e+02 -2.178464909623882839e+00 1.033067907490868436e+02
4.379878012436424939e+00 1.005663668077419857e+02 -2.170159557405940465e+00 1.027365263651479239e+02
4.380989370515997905e+00 9.988095631485029458e+01 -2.159152692033977861e+00 1.020401090068842507e+02
4.382100728595570871e+00 9.906629218748923904e+01 -2.145304291453507872e+00 1.012115964789427665e+02
4.383212086675144725e+00 9.811696955076948257e+01 -2.128482129794144750e+00 1.002454516805636189e+02
4.384323444754717691e+00 9.702807800629075530e+01 -2.108563928815645028e+00 9.913664193510638256e+01
4.385434802834290657e+00 9.579530428234173201e+01 -2.085439641821413836e+00 9.788074392416314140e+01
4.386546160913864512e+00 9.441503989475381786e+01 -2.059013870308579630e+00 9.647405376506240771e+01
4.387657518993437478e+00 9.288449287166440627e+01 -2.029208402342855599e+00 9.491370127400728052e+01
4.388768877073010444e+00 9.120180198914670200e+01 -1.995964846141011328e+00 9.319776683528770889e+01
4.389880235152583410e+00 8.936615129623348253e+01 -1.959247314210169622e+00 9.132539861044365637e+01
4.390991593232157264e+00 8.737788204815784354e+01 -1.919045094695142506e+00 8.929692714285299360e+01
4.392102951311730230e+00 8.523859858952987167e+01 -1.875375229572186386e+00 8.711397381910205695e+01
4.393214309391304084e+00 8.295126430059298173e+01 -1.828284906093116113e+00 8.477954920668611294e+01
4.394325667470877050e+00 8.052028349048427458e+01 -1.777853560095352004e+00 8.229813705057961215e+01
4.395437025550450016e+00 7.795156511944577460e+01 -1.724194588432479192e+00 7.967575970787825668e+01
4.396548383630022983e+00 7.525256446121892395e+01 -1.667456573054827196e+00 7.692002103427374493e+01
4.397659741709596837e+00 7.243229925650312850e+01 -1.607823930576477656e+00 7.404012318707961526e+01
4.398771099789169803e+00 6.950133751922039949e+01 -1.545516917255535194e+00 7.104685443647591114e+01
4.399882457868742769e+00 6.647175488697790513e+01 -1.480790938475549545e+00 6.795254582545345556e+01
4.400993815948316623e+00 6.335706020088660750e+01 -1.413935132207653211e+00 6.477099533309426249e+01
4.402105174027889589e+00 6.017208880775680058e+01 -1.345270215856016138e+00 6.151735902361281205e+01
4.403216532107462555e+00 5.693286386304539803e+01 -1.275145604084585660e+00 5.820800946712998325e+01
4.404327890187035521e+00 5.365642665720121585e+01 -1.203935821061700828e+00 5.486036247826291401e+01
4.405439248266609376e+00 5.036063769103779464e+01 -1.132036244097387456e+00 5.149267393513518698e+01
4.406550606346182342e+00 4.706395090457709784e+01 -1.059858227606246928e+00 4.812380913218333234e+01
4.407661964425756196e+00 4.378516414564184345e+01 -9.878236678849690033e-01 4.477298781352682511e+01
4.408773322505329162e+00 4.054314967885515131e+01 -9.163590817236078045e-01 4.145950876057874979e+01
4.409884680584902128e+00 3.735656930409520982e+01 -8.458892866015607082e-01 3.820245859069677152e+01
4.410996038664475094e+00 3.424357948092775672e+01 -7.768307879205533784e-01 3.502041026884831609e+01
4.412107396744048060e+00 3.122153272264342050e+01 -7.095849994097803703e-01 3.193111772205319454e+01
4.413218754823621914e+00 2.830668238357317534e+01 -6.445314456119403124e-01 2.895121382918510022e+01
4.414330112903195769e+00 2.551389874254068602e+01 -5.820211183902301855e-01 2.609591986093091975e+01
4.415441470982768735e+00 2.285640488907625212e+01 -5.223701800613713697e-01 2.337877506913761394e+01
4.416552829062341701e+00 2.034554124126685437e+01 -4.658542209101425025e-01 2.081139546217699632e+01
4.417664187141914667e+00 1.799056746078804991e+01 -4.127032852108548644e-01 1.840327074599889201e+01
4.418775545221487633e+00 1.579850999469957884e+01 -3.630978745538206987e-01 1.616160786925341242e+01
4.419886903301061487e+00 1.377406240890903888e+01 -3.171661181336761226e-01 1.409122852704270912e+01
4.420998261380634453e+00 1.191954407207880884e+01 -2.749822657877357690e-01 1.219452633786655404e+01
4.422109619460208307e+00 1.023492063972296506e+01 -2.365666115361178545e-01 1.047148725125908797e+01
4.423220977539781273e+00 8.717887268074205664e+00 -2.018868952930043259e-01 8.919774163367213404e+00
4.424332335619354239e+00 7.364012697022222831e+00 -1.708611618763007378e-01 7.534873858898524901e+00
4.425443693698927206e+00 6.166939461839510805e+00 -1.433619842183817272e-01 6.310301446057891894e+00
4.426555051778500172e+00 5.118632728525094322e+00 -1.192218872642118732e-01 5.237854615789291124e+00
4.427666409858074026e+00 4.209667806952291258e+00 -9.823974611217990704e-02 4.307907553064463713e+00
4.428777767937647880e+00 3.429544473349713130e+00 -8.018788175400275164e-02 3.509732355103710955e+00
4.429889126017220846e+00 2.767014987384316171e+00 -6.481954455733759946e-02 2.831834531941667343e+00
4.431000484096793812e+00 2.210412226159974125e+00 -5.187646221779396855e-02 2.262288688377760870e+00
4.432111842176366778e+00 1.747964721010897504e+00 -4.109613633371218822e-02 1.789060857344612954e+00
4.433223200255939744e+00 1.368086548040374995e+00 -3.221859922055962666e-02 1.400305147260935357e+00
4.434334558335513599e+00 1.059631898114698156e+00 -2.499238751175622553e-02 1.084624285626448081e+00
4.435445916415086565e+00 8.121065867516261694e-01 -1.917954745167839078e-02 8.312861342033095458e-01
4.436557274494660419e+00 6.158315656486150758e-01 -1.455955350932974790e-02 6.303911191579505413e-01
4.437668632574233385e+00 4.620564471642218396e-01 -1.093209147659615112e-02 4.729885386408066994e-01
4.438779990653806351e+00 3.430239281371630367e-01 -8.118724089559995610e-03 3.511426522267126482e-01
4.439891348733379317e+00 2.519885933572726389e-01 -5.963516559146680648e-03 2.579521099164253650e-01
4.441002706812952283e+00 1.831957192596661288e-01 -4.332747387662237021e-03 1.875284666473229223e-01
4.442114064892526137e+00 1.318272606148553350e-01 -3.113863975514101490e-03 1.349411245903699985e-01
4.443225422972099992e+00 9.392311930852312307e-02 -2.213861729232042934e-03 9.613698103775999981e-02
4.444336781051672958e+00 6.628605602873671732e-02 -1.557270015815878043e-03 6.784332604454969273e-02
4.445448139131245924e+00 4.637825973885109643e-02 -1.083919935295827794e-03 4.746217967414459449e-02
4.446559497210818890e+00 3.221673011468167980e-02 -7.466499887766255179e-04 3.296338010346011593e-02
4.447670855290391856e+00 2.227338307208179269e-02 -5.090793501310478079e-04 2.278246242221074191e-02
4.448782213369965710e+00 1.538430702461757171e-02 -3.435478392848751415e-04 1.572785486391195531e-02
4.449893571449538676e+00 1.067102964596147729e-02 -2.292899257553726762e-04 1.090031957172646337e-02
4.451004929529112530e+00 7.475143305845172170e-03 -1.508798205403392642e-04 7.626023126397304952e-03
4.452116287608685496e+00 5.306301289265707988e-03 -9.695799814843060818e-05 5.403259287419373558e-03
4.453227645688258463e+00 3.802524651542779632e-03 -5.922769854770190863e-05 3.861752350084110552e-03
4.454339003767831429e+00 2.701003691906775361e-03 -3.169378494356691472e-05 2.732697476856789376e-03
4.455450361847404395e+00 1.817154766725375542e-03 -1.010587500087183326e-05 1.827260641727515567e-03
4.456561719926978249e+00 1.029585278138192561e-03 8.437453087055694825e-06 1.021147825055362598e-03
4.457673078006552103e+00 2.687823233272421120e-04 2.576705250158760341e-05 2.430152708304267328e-04
4.458784436086125069e+00 -4.922909773090108909e-04 4.284459156300582730e-05 -5.351355688801087696e-04
4.459895794165698035e+00 -1.247008729606757793e-03 5.992125489460899818e-05 -1.306929984502491759e-03
4.461007152245271001e+00 -1.964071396914346401e-03 7.668018720098776150e-05 -2.040751584118816186e-03
4.462118510324843967e+00 -2.596906236128931900e-03 9.238027552788867849e-05 -2.689286511661087564e-03
4.463229868404417822e+00 -3.093263886422725761e-03 1.060099344409827157e-04 -3.199273820857800876e-03
4.464341226483990788e+00 -3.404469301068510645e-03 1.164512677768432883e-04 -3.520920568838098452e-03
4.465452584563564642e+00 -3.493607026513342872e-03 1.226479832443093561e-04 -3.616255009759011818e-03
4.466563942643137608e+00 -3.341896222690932117e-03 1.237652807290498883e-04 -3.465661503426364920e-03
4.467675300722710574e+00 -2.952626882044395717e-03 1.193270378428597234e-04 -3.071953919892109197e-03
4.468786658802283540e+00 -2.352257528994081137e-03 1.093152209583781332e-04 -2.461572749950166616e-03
4.469898016881856506e+00 -1.588577480031792832e-03 9.421858399059120787e-05 -1.682796064018242388e-03
4.471009374961430360e+00 -7.261686482778993701e-04 7.502215340914010142e-05 -8.011908016844551672e-04
4.472120733041004215e+00 1.602829274963803521e-04 5.313524020540390594e-05 1.071476872970874433e-04
4.473232091120577181e+00 9.940190602260277897e-04 3.026301889000001556e-05 9.637560413465161291e-04
4.474343449200150147e+00 1.704613739593012489e-03 8.234127519841233367e-06 1.696379612080425869e-03
4.475454807279723113e+00 2.235728350074170367e-03 -1.119676723081576390e-05 2.246925117304225672e-03
4.476566165359296079e+00 2.551268092151656730e-03 -2.654793406252136875e-05 2.577816026213153311e-03
4.477677523438869933e+00 2.639176995137576531e-03 -3.678575540634089480e-05 2.675962750556176717e-03
4.478788881518442899e+00 2.512390594329061422e-03 -4.145225771106210780e-05 2.553842852039009403e-03
4.479900239598016753e+00 2.206809173072754593e-03 -4.072592788123639146e-05 2.247535100951075782e-03
4.481011597677589720e+00 1.776519844302368312e-03 -3.540449645705618514e-05 1.811924340756401741e-03
4.482122955757162686e+00 1.286838496990364011e-03 -2.680820443401584971e-05 1.313646701427376162e-03
4.483234313836735652e+00 8.060202201710525705e-04 -1.661275964554790457e-05 8.226329798180775921e-04
4.484345671916308618e+00 3.966635046238897733e-04 -6.631268994419401916e-06 4.032947736081621271e-04
4.485457029995882472e+00 1.078850028124536675e-04 1.427578727851257223e-06 1.064574240905794000e-04
4.486568388075456326e+00 -3.074157810743771702e-05 6.193191589958348467e-06 -3.693476969435227630e-05
4.487679746155029292e+00 -1.269961181485715351e-05 6.826363429452038389e-06 -1.952597523829230353e-05
4.488791104234602258e+00 1.449713463524170479e-04 3.144112427720381587e-06 1.418272339250691710e-04
4.489902462314175224e+00 4.042782960986326946e-04 -4.343595333243201921e-06 4.086218914395658985e-04
4.491013820393748190e+00 7.116657445917773384e-04 -1.449329365864359710e-05 7.261590382520374809e-04
4.492125178473322045e+00 1.005513044628023045e-03 -2.567839558453789868e-05 1.031191440219791922e-03
4.493236536552895011e+00 1.224769174875774136e-03 -3.601213808823939058e-05 1.260781312966058332e-03
4.494347894632468865e+00 1.317589859653522932e-03 -4.361369740793399202e-05 1.361203557058196512e-03
4.495459252712041831e+00 1.248821917163259188e-03 -4.688086064448602867e-05 1.295702777807772321e-03
4.496570610791614797e+00 1.005312474901223774e-03 -4.473045360790014330e-05 1.050042928517055940e-03
4.497681968871187763e+00 5.982926465050580900e-04 -3.677110363652395450e-05 6.350637501418843200e-04
4.498793326950760729e+00 6.246374757706840697e-05 -2.338158291327455986e-05 8.584533049509068814e-05
4.499904685030334583e+00 -5.481488787801025442e-04 -5.680856442985418933e-06 -5.424680223336530993e-04
4.501016043109907550e+00 -1.167071268758985980e-03 1.460869874448972490e-05 -1.181679967497246964e-03
4.502127401189481404e+00 -1.724102399260039886e-03 3.538781294061717209e-05 -1.759490212206699100e-03
4.503238759269054370e+00 -2.154730157785569866e-03 5.446589156289378519e-05 -2.209196049346544288e-03
4.504350117348627336e+00 -2.408971913719802280e-03 6.986544871595681610e-05 -2.478837362437620942e-03
4.505461475428200302e+00 -2.458422258926012613e-03 8.010137906592059093e-05 -2.538523637991600516e-03
4.506572833507774156e+00 -2.300510220193174860e-03 8.439358980220180518e-05 -2.384903809998128316e-03
4.507684191587347122e+00 -1.959329132706105758e-03 8.278027079992498170e-05 -2.042109403495938336e-03
4.508795549666920977e+00 -1.482858057658353879e-03 7.611292344279763089e-05 -1.558970981098826980e-03
4.509906907746493943e+00 -9.368835330627808822e-04 6.593128167610559295e-05 -1.002814814738066385e-03
4.511018265826066909e+00 -3.963878202234288883e-04 5.423399882291618859e-05 -4.506218190473490481e-04
4.512129623905639875e+00 6.446910368262948055e-05 4.317682036414360880e-05 2.129228331790300466e-05
4.513240981985212841e+00 3.824335089448599456e-04 3.474150956392406744e-05 3.476919993795901664e-04
4.514352340064786695e+00 5.139347832935070581e-04 3.042421311334861551e-05 4.835105701770647801e-04
4.515463698144359661e+00 4.413375087641557837e-04 3.099029087655228235e-05 4.103472178885875232e-04
4.516575056223933515e+00 1.757762677650903660e-04 3.633396376236434043e-05 1.394423040089118326e-04
4.517686414303506481e+00 -2.438664197491127728e-04 4.546657906035313571e-05 -2.893329988159429322e-04
4.518797772383079447e+00 -7.557587835447659996e-04 5.663887612203312612e-05 -8.123976596686177665e-04
4.519909130462652413e+00 -1.283099027413015653e-03 6.758299663682184894e-05 -1.350682024044508323e-03
4.521020488542226268e+00 -1.744238567548725416e-03 7.584199723133531806e-05 -1.820080564780748172e-03
4.522131846621799234e+00 -2.063609545700124514e-03 7.914097194699289172e-05 -2.142750517650910541e-03
4.523243204701373088e+00 -2.181994270477232226e-03 7.574666952621600608e-05 -2.257740939995034335e-03
4.524354562780946054e+00 -2.064750878049248506e-03 6.476287234205709790e-05 -2.129513750394083221e-03
4.525465920860519020e+00 -1.706876371929753888e-03 4.631686425090892484e-05 -1.753193236173788971e-03
4.526577278940091986e+00 -1.134209661286168791e-03 2.160699854365322279e-05 -1.155816659828445836e-03
4.527688637019664952e+00 -4.005957892397951636e-04 -7.199358228519815370e-06 -3.933964310145754428e-04
4.528799995099238807e+00 4.186231047412919404e-04 -3.720712406072592369e-05 4.558302287990464996e-04
4.529911353178811773e+00 1.235929628108652090e-03 -6.514374705661571570e-05 1.301073375165016921e-03
4.531022711258385627e+00 1.962528316585138155e-03 -8.777227859905968772e-05 2.050300595183712771e-03
4.532134069337958593e+00 2.519373642700224736e-03 -1.023117285138507027e-04 2.621685371216889160e-03
4.533245427417531559e+00 2.846875480528983371e-03 -1.068075284923494881e-04 2.953683009024474226e-03
4.534356785497104525e+00 2.912018406335460663e-03 -1.004013682417165959e-04 3.012419774580096798e-03
4.535468143576678379e+00 2.711992122611833755e-03 -8.346327109767922789e-05 2.795455393714341152e-03
4.536579501656251345e+00 2.273911046099998806e-03 -5.756760113699522976e-05 2.331478647240925461e-03
4.537690859735825200e+00 1.650733845464744803e-03 -2.531604680439927726e-05 1.676049892266412433e-03
4.538802217815398166e+00 9.140038142826396178e-04 9.968545285508352951e-06 9.040352690030239308e-04
4.539913575894971132e+00 1.444476520684346427e-04 4.463626839389898135e-05 9.981138367256940647e-05
4.541024933974544098e+00 -5.782633543688735223e-04 7.513954219581905816e-05 -6.534028965654165022e-04
4.542136292054117064e+00 -1.185204533645921321e-03 9.844119405175426763e-05 -1.283645727698588812e-03
4.543247650133690918e+00 -1.626068424232643417e-03 1.123486234305505265e-04 -1.738417047662095538e-03
4.544359008213263884e+00 -1.874228111603197522e-03 1.157326567283476024e-04 -1.989960768334110564e-03
4.545470366292837738e+00 -1.928423330048646689e-03 1.086064226938515155e-04 -2.037029752735008969e-03
4.546581724372410704e+00 -1.810984721079829385e-03 9.205930666686922004e-05 -1.903044027750142031e-03
4.547693082451983670e+00 -1.562995369226632958e-03 6.806088941910758659e-05 -1.631056258643008572e-03
4.548804440531556637e+00 -1.237202058999811727e-03 3.916690415915920209e-05 -1.276368963150267821e-03
4.549915798611129603e+00 -8.897743571709346155e-04 8.171278239489567635e-06 -8.979456354080220248e-04
4.551027156690703457e+00 -5.721299659407208527e-04 -2.224630490568616555e-05 -5.498836610300442129e-04
4.552138514770277311e+00 -3.239868862347436429e-04 -4.982973267158978016e-05 -2.741571535594330977e-04
4.553249872849850277e+00 -1.685799851812060102e-04 -7.297362015714183373e-05 -9.560636502778732670e-05
4.554361230929423243e+00 -1.106284860096125311e-04 -9.084296279003204822e-05 -1.978552321450430251e-05
4.555472589008996209e+00 -1.372164059010392428e-04 -1.033766555642403381e-04 -3.383975033282443645e-05
4.556583947088569175e+00 -2.213141664168761721e-04 -1.111833590114721444e-04 -1.101308074034600126e-04
4.557695305168143030e+00 -3.272903643125445877e-04 -1.153531647354394331e-04 -2.119371995764670474e-04
4.558806663247715996e+00 -4.174922085398366511e-04 -1.172192276854883055e-04 -3.002729808528441235e-04
4.559918021327289850e+00 -4.588481386821122165e-04 -1.181085931018229862e-04 -3.407395455756814795e-04
4.561029379406862816e+00 -4.284808468556569605e-04 -1.191203718832425278e-04 -3.093604749745751392e-04
4.562140737486435782e+00 -3.175034387604067088e-04 -1.209626818810133082e-04 -1.965407568802271521e-04
4.563252095566008748e+00 -1.324738575183975753e-04 -1.238686918267244488e-04 -8.605165689165583665e-06
4.564363453645581714e+00 1.056457448958200707e-04 -1.275986054726935010e-04 2.332443503697545495e-04
4.565474811725155568e+00 3.647949561004157348e-04 -1.315207150273133875e-04 4.963156711309396618e-04
4.566586169804729423e+00 6.068199980212990452e-04 -1.347528715179553780e-04 7.415728695371257007e-04
4.567697527884302389e+00 7.933702177210510964e-04 -1.363375934016930642e-04 9.297078111281109614e-04
4.568808885963875355e+00 8.917670211290723570e-04 -1.354206286301598908e-04 1.027187649766801714e-03
4.569920244043448321e+00 8.799565245579434036e-04 -1.314043599734928585e-04 1.011360884543708455e-03
4.571031602123021287e+00 7.498209936312068280e-04 -1.240534474627461091e-04 8.738744410967495824e-04
4.572142960202595141e+00 5.083925183708738749e-04 -1.135392999207999315e-04 6.219318182980344140e-04
4.573254318282168107e+00 1.768414436599924887e-04 -1.004206700149250968e-04 2.772621136800936751e-04
4.574365676361741961e+00 -2.125499647398238628e-04 -8.556803075716250089e-05 -1.269819339910476658e-04
4.575477034441314927e+00 -6.209229611435669594e-04 -7.004772929669627777e-05 -5.508752318460242992e-04
4.576588392520887894e+00 -1.008172343205888943e-03 -5.498697359779150355e-05 -9.531853695971710672e-04
4.577699750600460860e+00 -1.338263035663742051e-03 -4.144185923942312732e-05 -1.296821176424996225e-03
4.578811108680033826e+00 -1.583757482035097475e-03 -3.028796229295554164e-05 -1.553469519735117821e-03
4.579922466759607680e+00 -1.728926900157516655e-03 -2.214724375696950059e-05 -1.706779656389011135e-03
4.581033824839181534e+00 -1.771057892265344436e-03 -1.735736888622046916e-05 -1.753700523376755527e-03
4.582145182918754500e+00 -1.719854080511180883e-03 -1.598154259839740070e-05 -1.703872537912050344e-03
4.583256540998327466e+00 -1.595124079829826624e-03 -1.785008839952839307e-05 -1.577273991432551203e-03
4.584367899077900432e+00 -1.423196975984433732e-03 -2.262045900853224337e-05 -1.400576516971736851e-03
4.585479257157473398e+00 -1.232677336251590539e-03 -2.984087617111780798e-05 -1.202836460079861891e-03
4.586590615237047253e+00 -1.050220102913924924e-03 -3.900445876846498402e-05 -1.011215644135147335e-03
4.587701973316620219e+00 -8.969648936100471648e-04 -4.958500220913391113e-05 -8.473798913962056478e-04
4.588813331396194073e+00 -7.861301045479739125e-04 -6.105150298385661391e-05 -7.250786015562758063e-04
4.589924689475767039e+00 -7.220558328330354842e-04 -7.286476118718866453e-05 -6.491910716454364627e-04
4.591036047555340005e+00 -7.007376305692425422e-04 -8.446457524770902827e-05 -6.162730553218812718e-04
4.592147405634912971e+00 -7.116515283290755778e-04 -9.525902064181170949e-05 -6.163925076843532191e-04
4.593258763714485937e+00 -7.404733136288609019e-04 -1.046273783211046273e-04 -6.358459353084898458e-04
4.594370121794059791e+00 -7.721719974297588940e-04 -1.119453385978633024e-04 -6.602266588339768261e-04
4.595481479873633646e+00 -7.939258288266956565e-04 -1.166356691825343878e-04 -6.772901596473340780e-04
4.596592837953206612e+00 -7.973707274866598249e-04 -1.182406612319584355e-04 -6.791300662516777664e-04
4.597704196032779578e+00 -7.798318338003290551e-04 -1.165057694935999529e-04 -6.633260643020486014e-04
4.598815554112352544e+00 -7.443826032787065339e-04 -1.114584502404183421e-04 -6.329241530387552661e-04
4.599926912191925510e+00 -6.987880982181060574e-04 -1.034635858932067077e-04 -5.953245123225259228e-04
4.601038270271499364e+00 -6.535833773433294414e-04 -9.323791867148027972e-05 -5.603454586700015727e-04
4.602149628351072330e+00 -6.196816965568403834e-04 -8.181079482010153101e-05 -5.378709017375832291e-04
4.603260986430646184e+00 -6.059774989365732112e-04 -7.042670965943251607e-05 -5.355507892813027304e-04
4.604372344510219150e+00 -6.173958103779658702e-04 -6.039542200476027229e-05 -5.570003883688633139e-04
4.605483702589792117e+00 -6.537469938656965268e-04 -5.290605007850717563e-05 -6.008409437883738963e-04
4.606595060669365083e+00 -7.095916723482940947e-04 -4.883061993942919678e-05 -6.607610524123758156e-04
4.607706418748938049e+00 -7.751330023125736421e-04 -4.854817536243779728e-05 -7.265848269498043771e-04
4.608817776828511903e+00 -8.379656889684408694e-04 -5.182138993029862528e-05 -7.861442990280860521e-04
4.609929134908085757e+00 -8.853560757366499279e-04 -5.775299428376193039e-05 -8.276030814536386448e-04
4.611040492987658723e+00 -9.066321673768633349e-04 -6.483949202538952759e-05 -8.417926753512827709e-04
4.612151851067231689e+00 -8.952428671389414672e-04 -7.112575953592352972e-05 -8.241171076033490528e-04
4.613263209146804655e+00 -8.501050537771184801e-04 -7.444817243396463849e-05 -7.756568813380437799e-04
4.614374567226377621e+00 -7.759847024376778646e-04 -7.273835317394509309e-05 -7.032463492603335808e-04
4.615485925305951476e+00 -6.828315483513938688e-04 -6.434710109319520185e-05 -6.184844472577333274e-04
4.616597283385524442e+00 -5.841753371925162419e-04 -4.834086346869694885e-05 -5.358344737217760057e-04
4.617708641465098296e+00 -4.948623065168869517e-04 -2.472284960801645216e-05 -4.701394569063474527e-04
4.618819999544671262e+00 -4.285330141395801706e-04 5.461817871764786982e-06 -4.339948320074595023e-04
4.619931357624244228e+00 -3.952949368281159781e-04 4.016325420441084568e-05 -4.354581910307013526e-04
4.621042715703817194e+00 -4.000154205376985073e-04 7.651310017235571186e-05 -4.765285207046984772e-04
4.622154073783390160e+00 -4.415563847534331732e-04 1.111447222772067719e-04 -5.527011070258075476e-04
4.623265431862964014e+00 -5.131087937620629896e-04 1.406107572045903675e-04 -6.537195509683912248e-04
4.624376789942537869e+00 -6.035899304466286770e-04 1.618441630365038573e-04 -7.654340934874657651e-04
4.625488148022110835e+00 -6.998734844812330713e-04 1.725986735513018538e-04 -8.724721580345585342e-04
4.626599506101683801e+00 -7.894651884898049726e-04 1.718033006891501687e-04 -9.612684891737305337e-04
4.627710864181256767e+00 -8.631434929733811101e-04 1.597740244563815868e-04 -1.022917517438489549e-03
4.628822222260829733e+00 -9.170734443240818878e-04 1.382433190564578192e-04 -1.055316763378583156e-03
4.629933580340403587e+00 -9.539767280073718769e-04 1.101925372963332437e-04 -1.064169265300236866e-03
4.631044938419976553e+00 -9.830913797578832991e-04 7.950010431919719584e-05 -1.062591484079625226e-03
4.632156296499550407e+00 -1.018857350434589082e-03 5.044594544788586973e-05 -1.069303295885067062e-03
4.633267654579123374e+00 -1.078485888479988053e-03 2.713546199903989903e-05 -1.105621350476704290e-03
4.634379012658696340e+00 -1.178774357308058629e-03 1.292104989444886349e-05 -1.191695407199336310e-03
4.635490370738269306e+00 -1.332678445007107887e-03 9.903085042573694409e-06 -1.342581530049354044e-03
4.636601728817842272e+00 -1.546223442603980591e-03 1.858444036978456650e-05 -1.564807882970569580e-03
4.637713086897416126e+00 -1.816310772662775574e-03 3.773363936370420502e-05 -1.854044412025083327e-03
4.638824444976989980e+00 -2.129856014068500988e-03 6.448405851295155181e-05 -2.194340072575453812e-03
4.639935803056562946e+00 -2.464496769088975713e-03 9.466391978288371208e-05 -2.559160688872966043e-03
4.641047161136135912e+00 -2.790862689611781598e-03 1.233187846195596188e-04 -2.914181474227403503e-03
4.642158519215708878e+00 -3.076144480696330237e-03 1.453596955519550777e-04 -3.221504176244028086e-03
4.643269877295281844e+00 -3.288475139141096987e-03 1.562503198377408493e-04 -3.444725458975587615e-03
4.644381235374855699e+00 -3.401482511067144276e-03 1.526385691573416701e-04 -3.554121080225933899e-03
4.645492593454428665e+00 -3.398314832649452361e-03 1.328436663230997796e-04 -3.531158498971037618e-03
4.646603951534002519e+00 -3.274492782855464856e-03 9.712803625891051548e-05 -3.371620819110233286e-03
4.647715309613575485e+00 -3.039098084264731103e-03 4.771233500666422107e-05 -3.086810419263411043e-03
4.648826667693148451e+00 -2.714048289398494906e-03 -1.147258450166083188e-05 -2.702575704896389985e-03
4.649938025772721417e+00 -2.331494688645366353e-03 -7.526596537457176401e-05 -2.256228723268811909e-03
4.651049383852294383e+00 -1.929671311159175673e-03 -1.379257165063749613e-04 -1.791745594653785384e-03
4.652160741931868237e+00 -1.547772044847909451e-03 -1.938568118198053447e-04 -1.353915233022567194e-03
4.653272100011442092e+00 -1.220599692390026553e-03 -2.383190034663637720e-04 -9.822806889183757773e-04
4.654383458091015058e+00 -9.737869495474969772e-04 -2.680155832124026622e-04 -7.057713663275941296e-04
4.655494816170588024e+00 -8.203231642771400406e-04 -2.814813373914439769e-04 -5.388418268886755597e-04
4.656606174250160990e+00 -7.589394719874128364e-04 -2.792161729003638849e-04 -4.797232990796131136e-04
4.657717532329733956e+00 -7.746338250325113250e-04 -2.635471237286091616e-04 -5.110867013017150566e-04
4.658828890409307810e+00 -8.412963864325856411e-04 -2.382403525126752959e-04 -6.030560339198736720e-04
4.659940248488880776e+00 -9.260732093276970167e-04 -2.079206679891023202e-04 -7.181525413403784530e-04
4.661051606568454631e+00 -9.948317791931872434e-04 -1.773837080839394428e-04 -8.174480711102653785e-04
4.662162964648027597e+00 -1.017909090876695927e-03 -1.509011918968646069e-04 -8.670078989801918712e-04
4.663274322727600563e+00 -9.752614458146610654e-04 -1.316202246944029935e-04 -8.436412211151184115e-04
4.664385680807173529e+00 -8.602069216941954366e-04 -1.211434087745585702e-04 -7.390635129150661953e-04
4.665497038886746495e+00 -6.811480909407231776e-04 -1.193495247650421150e-04 -5.617985661754074100e-04
4.666608396966320349e+00 -4.609563569427342633e-04 -1.244787619831434896e-04 -3.364775949574842773e-04
4.667719755045893315e+00 -2.340472815065275380e-04 -1.334671772150210472e-04 -1.005801042866412420e-04
4.668831113125467169e+00 -4.152657642469276267e-05 -1.424780776868323634e-04 1.009515012630191055e-04
4.669942471205040135e+00 7.491396691514454198e-05 -1.475488604224198946e-04 2.224628273386278221e-04
4.671053829284613101e+00 7.946847345768545678e-05 -1.452548518146483739e-04 2.247233252781200008e-04
4.672165187364186067e+00 -5.189939484215311261e-05 -1.332894260194967292e-04 8.139003118043386387e-05
4.673276545443759922e+00 -3.270500743899566048e-04 -1.108724899355345030e-04 -2.161775844488466464e-04
4.674387903523332888e+00 -7.354271889712313270e-04 -7.892539933233833592e-05 -6.565017896381251591e-04
4.675499261602906742e+00 -1.248364824494013064e-03 -3.998562801655517298e-05 -1.208379196474915858e-03
4.676610619682479708e+00 -1.821959903863579200e-03 2.126238962560649155e-06 -1.824086142828213603e-03
4.677721977762052674e+00 -2.402154265827332463e-03 4.283727674681242058e-05 -2.444991542572366033e-03
4.678833335841625640e+00 -2.931347356667599047e-03 7.747103715414804847e-05 -3.008818393814643999e-03
4.679944693921198606e+00 -3.355633541061848329e-03 1.019169138885083446e-04 -3.457550454953363384e-03
4.681056052000772461e+00 -3.631661811051071359e-03 1.132195066567620242e-04 -3.744881317707809965e-03
4.682167410080345427e+00 -3.732164646052766460e-03 1.099995777047325235e-04 -3.842164223760304032e-03
4.683278768159919281e+00 -3.649389873431652803e-03 9.264371124223763198e-05 -3.742033584671344837e-03
4.684390126239492247e+00 -3.395967027973203350e-03 6.323482731881947469e-05 -3.459201855291499372e-03
4.685501484319065213e+00 -3.003103952481930156e-03 2.523496705135182087e-05 -3.028338919534773188e-03
4.686612842398638179e+00 -2.516386545242128153e-03 -1.703069530440087884e-05 -2.499355849931474138e-03
4.687724200478212033e+00 -1.989789307241949384e-03 -5.900954877692733301e-05 -1.930779758460520606e-03
4.688835558557784999e+00 -1.478747970071747631e-03 -9.657979552780553449e-05 -1.382168174543074030e-03
4.689946916637358854e+00 -1.033263199050803161e-03 -1.266308039109604233e-04 -9.066323951356716759e-04
4.691058274716931820e+00 -6.919803728570577545e-04 -1.474771517701458192e-04 -5.445032210900230263e-04
4.692169632796504786e+00 -4.780301803794992626e-04 -1.590435253934500341e-04 -3.189866549787738524e-04
4.693280990876077752e+00 -3.971438915923606802e-04 -1.627929034475522662e-04 -2.343509881466872280e-04
4.694392348955650718e+00 -4.382174445003491486e-04 -1.614100621995956137e-04 -2.768073822968369901e-04
4.695503707035224572e+00 -5.761414068058377802e-04 -1.582903642634550696e-04 -4.178510425408635265e-04
4.696615065114797538e+00 -7.763926869283968579e-04 -1.569142431232798318e-04 -6.194784438071018751e-04
4.697726423194371392e+00 -1.000645583619393791e-03 -1.602060839902336902e-04 -8.404394996312132549e-04
4.698837781273944358e+00 -1.212538096571659507e-03 -1.699794661561414722e-04 -1.042558630414049808e-03
4.699949139353517324e+00 -1.382739909215367075e-03 -1.865583758721310256e-04 -1.196181533344331527e-03
4.701060497433090291e+00 -1.492606351767615525e-03 -2.086377906276221973e-04 -1.283968561139565284e-03
4.702171855512663257e+00 -1.535944005071052110e-03 -2.334108525645754457e-04 -1.302533152507806546e-03
4.703283213592237111e+00 -1.518719206260302212e-03 -2.569491001324991034e-04 -1.261770106128722729e-03
4.704394571671810965e+00 -1.456862363594116361e-03 -2.747830454172472351e-04 -1.182079318181719629e-03
4.705505929751383931e+00 -1.372609036378504704e-03 -2.825987040135994862e-04 -1.090010332359333395e-03
4.706617287830956897e+00 -1.290029738159278322e-03 -2.769463469948631011e-04 -1.013083391162978436e-03
4.707728645910529863e+00 -1.230503740785217869e-03 -2.558537675464938699e-04 -9.746499732377371036e-04
4.708840003990102829e+00 -1.208874428428935964e-03 -2.192484711105174714e-04 -9.896259573156087827e-04
4.709951362069676684e+00 -1.230890702498069807e-03 -1.691197365918226028e-04 -1.061770965898923853e-03
4.711062720149249650e+00 -1.292314106756606296e-03 -1.093886259462543325e-04 -1.182925480807337990e-03
4.712174078228823504e+00 -1.379792140159636846e-03 -4.549631315888051338e-05 -1.334295826998913026e-03
4.713285436308396470e+00 -1.473309841963872657e-03 1.623765586995649024e-05 -1.489547497831651690e-03
4.714396794387969436e+00 -1.549779932513574432e-03 6.940145668230402864e-05 -1.619181389195447490e-03
4.715508152467542402e+00 -1.587155744096895027e-03 1.083137941169684364e-04 -1.695469538208611154e-03
4.716619510547115368e+00 -1.568377380731671156e-03 1.287693017532124101e-04 -1.697146682486560393e-03
4.717730868626689222e+00 -1.484499895256705809e-03 1.286023524616562285e-04 -1.613102247716907689e-03
4.718842226706263077e+00 -1.336494705591537158e-03 1.079900420672438681e-04 -1.444484747657237556e-03
4.719953584785836043e+00 -1.135437552689202989e-03 6.945142572805317570e-05 -1.204888978415929318e-03
4.721064942865409009e+00 -9.010612806728719726e-04 1.754249647820853644e-05 -9.186037771512847727e-04
4.722176300944981975e+00 -6.589165453216722090e-04 -4.171125765596361617e-05 -6.172052876661539289e-04
4.723287659024554941e+00 -4.366058084362411940e-04 -1.015667130671534023e-04 -3.350390953714074693e-04
4.724399017104128795e+00 -2.597005393957449448e-04 -1.553965676555632081e-04 -1.043039717401675337e-04
4.725510375183701761e+00 -1.479961953093230330e-04 -1.974915958443573035e-04 4.949540053750993776e-05
4.726621733263275615e+00 -1.126982586463951518e-04 -2.237250366176623834e-04 1.110267779728447458e-04
4.727733091342848581e+00 -1.549764012114601339e-04 -2.319936153920052575e-04 7.701721418094768790e-05
4.728844449422421548e+00 -2.660988045655489354e-04 -2.223826279676370640e-04 -4.371617659591764404e-05
4.729955807501994514e+00 -4.291016964504505704e-04 -1.970422543865637090e-04 -2.320594420639910532e-04
4.731067165581567480e+00 -6.217019202992939142e-04 -1.598029433603708437e-04 -4.618989769420676905e-04
4.732178523661141334e+00 -8.199626095621685706e-04 -1.155933854084135060e-04 -7.043692241494245443e-04
4.733289881740715188e+00 -1.002105285792826567e-03 -6.975017638695629827e-05 -9.323551094078674772e-04
4.734401239820288154e+00 -1.151844222367789938e-03 -2.732023876440034353e-05 -1.124523983596473903e-03
4.735512597899861120e+00 -1.260702890727747466e-03 7.546030517938421764e-06 -1.268248921247515371e-03
4.736623955979434086e+00 -1.328943620545405824e-03 3.203026387674717075e-05 -1.360973884420118435e-03
4.737735314059007052e+00 -1.364972146365432681e-03 4.485832964553401053e-05 -1.409830476004791944e-03
4.738846672138580907e+00 -1.383330961044981766e-03 4.627273027521121339e-05 -1.429603691324405484e-03
4.739958030218153873e+00 -1.401628499965865832e-03 3.778539655576885884e-05 -1.439413896519668029e-03
4.741069388297727727e+00 -1.436927426772429198e-03 2.176349946570520590e-05 -1.458690926233062804e-03
4.742180746377300693e+00 -1.502206240943939133e-03 9.242016341999033510e-07 -1.503130442578964887e-03
4.743292104456873659e+00 -1.603499329974884206e-03 -2.217489093807217316e-05 -1.581324439040362496e-03
4.744403462536446625e+00 -1.738212794571627508e-03 -4.556582234276174517e-05 -1.692646972227182349e-03
4.745514820616019591e+00 -1.894924039434801866e-03 -6.815326005554491135e-05 -1.826770779378636411e-03
4.746626178695593445e+00 -2.054732486295932428e-03 -8.980909283883036680e-05 -1.964923393457090189e-03
4.747737536775167300e+00 -2.193975303328127291e-03 -1.112698137499381419e-04 -2.082705489575818053e-03
4.748848894854740266e+00 -2.287896346677746606e-03 -1.338610810398713582e-04 -2.154035265637847113e-03
4.749960252934313232e+00 -2.314694830088337429e-03 -1.591026419345702202e-04 -2.155592188153802879e-03
4.751071611013886198e+00 -2.259308717229329549e-03 -1.882666425612702270e-04 -2.071042074672551497e-03
4.752182969093459164e+00 -2.116318385672437408e-03 -2.219701488589713098e-04 -1.894348236813371555e-03
4.753294327173033018e+00 -1.891484489811464526e-03 -2.598772838734313183e-04 -1.631607205936705385e-03
4.754405685252605984e+00 -1.601640448989517101e-03 -3.005686313004983404e-04 -1.301071817682606518e-03
4.755517043332179838e+00 -1.272912506987019382e-03 -3.416082735332259899e-04 -9.313042334483656592e-04
4.756628401411752805e+00 -9.374994447657550994e-04 -3.798063197469608984e-04 -5.576931250169704646e-04
4.757739759491325771e+00 -6.294692421492647377e-04 -4.116421516118376543e-04 -2.178270905350485065e-04
4.758851117570898737e+00 -3.801859861563387788e-04 -4.337860192382716985e-04 5.360003308315687554e-05
4.759962475650471703e+00 -2.140426037125725631e-04 -4.436384472775246391e-04 2.295958435667450753e-04
4.761073833730045557e+00 -1.451336575418928770e-04 -4.398011165048676830e-04 2.946674589631849243e-04
4.762185191809619411e+00 -1.753637355133485717e-04 -4.224005362162910632e-04 2.470368007017175599e-04
4.763296549889192377e+00 -2.942722797973727072e-04 -3.932059259909493785e-04 9.893364619167899221e-05
4.764407907968765343e+00 -4.805982223581826973e-04 -3.555123756281826320e-04 -1.250858467286911080e-04
4.765519266048338309e+00 -7.053472684556416628e-04 -3.137951617378343478e-04 -3.915521067136516764e-04
4.766630624127911275e+00 -9.359012132991208210e-04 -2.731758565144358324e-04 -6.627253567798897793e-04
4.767741982207485130e+00 -1.140556517400970193e-03 -2.387703142159614293e-04 -9.017862031814351254e-04
4.768853340287058096e+00 -1.292821531596783508e-03 -2.150082569249093384e-04 -1.077813274675962912e-03
4.769964698366631950e+00 -1.374846548587351641e-03 -2.050209226736023288e-04 -1.169825625913202549e-03
4.771076056446204916e+00 -1.379500611037757368e-03 -2.101858987951736981e-04 -1.169314712239254844e-03
4.772187414525777882e+00 -1.310821370685614357e-03 -2.298977339809155540e-04 -1.080923636705075075e-03
4.773298772605350848e+00 -1.182815840935368470e-03 -2.616020524877066657e-04 -9.212137884471675170e-04
4.774410130684923814e+00 -1.016841288354077694e-03 -3.010940771739594032e-04 -7.157472111802808123e-04
4.775521488764497668e+00 -8.380078291054761028e-04 -3.430450008665226124e-04 -4.949628282365833160e-04
4.776632846844071523e+00 -6.711849563356795008e-04 -3.816869543256919887e-04 -2.894980020067498133e-04
4.777744204923644489e+00 -5.372421343049027607e-04 -4.115641655205535404e-04 -1.256779687824039989e-04
4.778855563003217455e+00 -4.501023096630399692e-04 -4.282476912189787368e-04 -2.185461844708604801e-05
4.779966921082790421e+00 -4.150458875958312061e-04 -4.289153726512095143e-04 1.386948506057125718e-05
4.781078279162363387e+00 -4.284945974704860300e-04 -4.127168844707072154e-04 -1.577771299499271251e-05
4.782189637241937241e+00 -4.792632608734952865e-04 -3.808733665431360098e-04 -9.838989433242316396e-05
4.783300995321510207e+00 -5.510313084964579833e-04 -3.364979686404013419e-04 -2.145333398517745849e-04
4.784412353401084061e+00 -6.255923678409776312e-04 -2.841624820196852553e-04 -3.414298858249384394e-04
4.785523711480657028e+00 -6.863198408749715540e-04 -2.292705761155483936e-04 -4.570492647583412893e-04
4.786635069560229994e+00 -7.212577912631620847e-04 -1.773250049009163568e-04 -5.439327863587146983e-04
4.787746427639802960e+00 -7.253137372680296124e-04 -1.331907129824595748e-04 -5.921230242832142832e-04
4.788857785719375926e+00 -7.011819444641687049e-04 -1.004560238297349129e-04 -6.007259206342700775e-04
4.789969143798949780e+00 -6.588379398481461480e-04 -8.098003151809122450e-05 -5.778579083282713025e-04
4.791080501878523634e+00 -6.136831495505614548e-04 -7.468796385738944894e-05 -5.389951856897279292e-04
4.792191859958096600e+00 -5.836445821271272344e-04 -7.964138380327239917e-05 -5.040031983187358289e-04
4.793303218037669566e+00 -5.857120512336236318e-04 -9.237157577830910524e-05 -4.933404754518411900e-04
4.794414576117242532e+00 -6.324958992633883175e-04 -1.084277321907895766e-04 -5.240681670729021007e-04
4.795525934196815498e+00 -7.293950358497483868e-04 -1.230617362295383728e-04 -6.063332996168917591e-04
4.796637292276389353e+00 -8.728765919853963273e-04 -1.319525506783941196e-04 -7.409240413106307072e-04
4.797748650355962319e+00 -1.050197920076540239e-03 -1.318680181841915574e-04 -9.183299018947124054e-04
4.798860008435536173e+00 -1.240675342469278741e-03 -1.211708922351461518e-04 -1.119504450235189741e-03
4.799971366515109139e+00 -1.418357196735563902e-03 -1.000978028519378723e-04 -1.318259393878716546e-03
4.801082724594682105e+00 -1.555730008972917855e-03 -7.077149529196799255e-05 -1.484958513683260622e-03
4.802194082674255071e+00 -1.627912133772873443e-03 -3.694362230785948808e-05 -1.590968511456590517e-03
4.803305440753828037e+00 -1.616696835424445700e-03 -3.502490232861691765e-06 -1.613194345190211570e-03
4.804416798833401891e+00 -1.513811901116095260e-03 2.418764369897970223e-05 -1.537999544808241886e-03
4.805528156912975746e+00 -1.322865849300539076e-03 4.102621654758986051e-05 -1.363892065836411205e-03
4.806639514992548712e+00 -1.059636948421167207e-03 4.289486083090837286e-05 -1.102531809247513095e-03
4.807750873072121678e+00 -7.506030220461052532e-04 2.725773838323068427e-05 -7.778607604256356639e-04
4.808862231151694644e+00 -4.298711695351065121e-04 -6.437173128665232467e-06 -4.234339964042672239e-04
4.809973589231267610e+00 -1.349076722660701513e-04 -5.660983438209107475e-05 -7.829783788301184627e-05
4.811084947310841464e+00 9.834704868432212962e-05 -1.196730625700809838e-04 2.180201112537312469e-04
4.812196305390414430e+00 2.402936664440706496e-04 -1.904145314408650798e-04 4.307081978898561099e-04
4.813307663469988285e+00 2.717348917164828098e-04 -2.625861175732339546e-04 5.343210092885498919e-04
4.814419021549561251e+00 1.865985469708623251e-04 -3.296242156685201389e-04 5.162227626396981295e-04
4.815530379629134217e+00 -7.073893709417036768e-06 -3.854084532196359273e-04 3.783345595118996207e-04
4.816641737708707183e+00 -2.880244946215117230e-04 -4.249624630909240889e-04 1.369379684724742613e-04
4.817753095788280149e+00 -6.244450992072339557e-04 -4.450092920372335963e-04 -1.794358071674148625e-04
4.818864453867854003e+00 -9.780450459057656032e-04 -4.443142051722293734e-04 -5.337308407350332962e-04
4.819975811947426969e+00 -1.308955585501696273e-03 -4.237761926089858924e-04 -8.851793928882425999e-04
4.821087170027000823e+00 -1.580791314974929612e-03 -3.862624500440669639e-04 -1.194528864933180889e-03
4.822198528106573789e+00 -1.765172556801090226e-03 -3.362130514689547233e-04 -1.428959505330045648e-03
4.823309886186146755e+00 -1.845096337749506377e-03 -2.790716318403541648e-04 -1.566024705903185793e-03
4.824421244265719722e+00 -1.816714264112730473e-03 -2.206185080528642178e-04 -1.596095756064560417e-03
4.825532602345293576e+00 -1.689307301898444746e-03 -1.662927969711190494e-04 -1.523014504928936821e-03
4.826643960424866542e+00 -1.483505712054843453e-03 -1.205887002024316583e-04 -1.362917011852760041e-03
4.827755318504440396e+00 -1.228049186737872715e-03 -8.659872609776520609e-05 -1.141450460638049856e-03
4.828866676584013362e+00 -9.555818091847464958e-04 -6.575515766933911544e-05 -8.898266515212068049e-04
4.829978034663586328e+00 -6.981005855988802605e-04 -5.779363572379753167e-05 -6.403069498758327122e-04
4.831089392743159294e+00 -4.827082909228050389e-04 -6.093309173194420543e-05 -4.217751991914733128e-04
4.832200750822732260e+00 -3.282584486436930515e-04 -7.223839234349368056e-05 -2.560200562988657752e-04
4.833312108902306115e+00 -2.433336860075737546e-04 -8.810955249759840503e-05 -1.552241335151041679e-04
4.834423466981879081e+00 -2.257918630217299605e-04 -1.048270246153983607e-04 -1.209648384111229602e-04
4.835534825061452935e+00 -2.638790937445172069e-04 -1.190780046262786902e-04 -1.448010891192084981e-04
4.836646183141025901e+00 -3.386804065209671200e-04 -1.283941995579282241e-04 -2.102862069614658269e-04
4.837757541220598867e+00 -4.274908752503435438e-04 -1.314460273676938467e-04 -2.960448478797651772e-04
4.838868899300171833e+00 -5.075693573264178360e-04 -1.281595616075933064e-04 -3.794097957173087066e-04
4.839980257379745687e+00 -5.596996452066141381e-04 -1.196476531065536085e-04 -4.400519920951945219e-04
4.841091615459318653e+00 -5.710331795900983054e-04 -1.079721132213560804e-04 -4.630610663652976605e-04
4.842202973538892508e+00 -5.368137954358011277e-04 -9.577624066091708355e-05 -4.410375547722784895e-04
4.843314331618465474e+00 -4.607672595541255356e-04 -8.584343095856863384e-05 -3.749238285968500839e-04
4.844425689698038440e+00 -3.541477498233995200e-04 -8.064610404160456889e-05 -2.735016457832981432e-04
4.845537047777611406e+00 -2.336376713520820804e-04 -8.194880774646777098e-05 -1.516888636065940894e-04
4.846648405857184372e+00 -1.184656514371818653e-04 -9.052038528555201875e-05 -2.794526615212131540e-05
4.847759763936758226e+00 -2.721568496653545277e-05 -1.059939409789786418e-04 7.877825601074455591e-05
4.848871122016331192e+00 2.516656920022002086e-05 -1.268923213186339493e-04 1.520588905177203826e-04
4.849982480095905046e+00 2.970948455595021076e-05 -1.508138535766095076e-04 1.805233381346922628e-04
4.851093838175478012e+00 -1.525324974946049017e-05 -1.747512484673384545e-04 1.594979987211263966e-04
4.852205196255050978e+00 -1.039375612073151212e-04 -1.954987562181742392e-04 9.156119501200002397e-05
4.853316554334623945e+00 -2.241435401784015735e-04 -2.100911570739112015e-04 -1.405238310224488085e-05
4.854427912414197799e+00 -3.592801336429300718e-04 -2.162143842660012348e-04 -1.430657493776688050e-04
4.855539270493770765e+00 -4.910410435938691864e-04 -2.125318953996500025e-04 -2.785091481967323646e-04
4.856650628573344619e+00 -6.022989336663467363e-04 -1.988826338261567048e-04 -4.034162998402986144e-04
4.857761986652917585e+00 -6.797598177762046584e-04 -1.763239023830064111e-04 -5.034359153954989785e-04
4.858873344732490551e+00 -7.159654278210102196e-04 -1.470133280674727479e-04 -5.689520997518102835e-04
4.859984702812063517e+00 -7.103399760301221111e-04 -1.139455404629771413e-04 -5.963944355682170018e-04
4.861096060891636483e+00 -6.691311871823528434e-04 -8.057839240111955943e-05 -5.885527947817612363e-04
4.862207418971210338e+00 -6.042694508791536176e-04 -5.039801834636975313e-05 -5.538714325336183478e-04
4.863318777050783304e+00 -5.313364376611062322e-04 -2.647990056516017962e-05 -5.048565370962695108e-04
4.864430135130357158e+00 -4.669700576186066460e-04 -1.110341882421058844e-05 -4.558666387900062178e-04
4.865541493209930124e+00 -4.261160475168019462e-04 -5.470114298910044924e-06 -4.206459332215008173e-04
4.866652851289503090e+00 -4.195558844910102225e-04 -9.562102103237120950e-06 -4.099937823837176976e-04
4.867764209369076056e+00 -4.520941746738397354e-04 -2.215856310531808481e-05 -4.299356115684618840e-04
4.868875567448649022e+00 -5.216842405605433969e-04 -4.100747667243304735e-05 -4.806767638910591084e-04
4.869986925528222876e+00 -6.196249926478276937e-04 -6.312944399272521967e-05 -5.564955486531165951e-04
4.871098283607796731e+00 -7.317979541808655730e-04 -8.521324473224911340e-05 -6.465847094454038602e-04
4.872209641687369697e+00 -8.407555397380687967e-04 -1.040509012104770211e-04 -7.367046385234644890e-04
4.873320999766942663e+00 -9.283440109529375595e-04 -1.169550255174277645e-04 -8.113889854395248125e-04
4.874432357846515629e+00 -9.784656851541759931e-04 -1.221037300741399027e-04 -8.563619550798051011e-04
4.875543715926088595e+00 -9.795660634835390290e-04 -1.187680487538838496e-04 -8.607980147266724308e-04
4.876655074005662449e+00 -9.264745590284971521e-04 -1.073923707550214555e-04 -8.190821882735933868e-04
4.877766432085235415e+00 -8.213251778475816334e-04 -8.951779528557806450e-05 -7.318073825653588493e-04
4.878877790164809269e+00 -6.734205915280952644e-04 -6.755903393303600902e-05 -6.058615575907483862e-04
4.879989148244382235e+00 -4.980587356709307570e-04 -4.446481007977695339e-05 -4.535939255912062925e-04
4.881100506323955202e+00 -3.144922084070307655e-04 -2.330710203554110061e-05 -2.911851063722892437e-04
4.882211864403528168e+00 -1.433152680502423545e-04 -6.854028621998799545e-06 -1.364612394311147392e-04
4.883323222483101134e+00 -3.653408683548103886e-06 2.816564356887768603e-06 -6.469973037577861352e-06
4.884434580562674988e+00 8.944456986699142464e-05 4.611001461218367306e-06 8.483356840829556211e-05
4.885545938642248842e+00 1.270450042772548749e-04 -1.418579996145450089e-06 1.284635842718657994e-04
4.886657296721821808e+00 1.075162858102246544e-04 -1.406723641321131315e-05 1.215835222269836396e-04
4.887768654801394774e+00 3.670596967631292729e-05 -3.112691283717588381e-05 6.783288251009655934e-05
4.888880012880967740e+00 -7.290616827146031986e-05 -4.967416272944622305e-05 -2.323200554534346485e-05
4.889991370960540706e+00 -2.039500302450127089e-04 -6.645889129621633615e-05 -1.374911389480579227e-04
4.891102729040114561e+00 -3.365506463653949315e-04 -7.834356309123632293e-05 -2.582070832739414429e-04
4.892214087119687527e+00 -4.510212951501016421e-04 -8.273533121859797225e-05 -3.682859639302094035e-04
4.893325445199261381e+00 -5.304927086434013672e-04 -7.795407513311260108e-05 -4.525386335110272162e-04
4.894436803278834347e+00 -5.631235321311121866e-04 -6.348733226079318961e-05 -4.996361998692317591e-04
4.895548161358407313e+00 -5.436025977668679232e-04 -4.009754985128249894e-05 -5.035050479111529212e-04
4.896659519437980279e+00 -4.737570070278552918e-04 -9.766093948025704105e-06 -4.639909130804286026e-04
4.897770877517553245e+00 -3.622059474664349448e-04 2.452044660933651421e-05 -3.867263940754734220e-04
4.898882235597127099e+00 -2.231303995129281514e-04 5.911568836633911475e-05 -2.822460878832543790e-04
4.899993593676700954e+00 -7.434532516331984753e-05 9.014754510294864889e-05 -1.644928702654591124e-04
4.901104951756273920e+00 6.505193922546129159e-05 1.139863927546319339e-04 -4.893445352949568616e-05
4.902216309835846886e+00 1.771363338715966490e-04 1.276882697451346368e-04 4.944806412867340517e-05
4.903327667915419852e+00 2.473899029433856284e-04 1.293572715476321738e-04 1.180326313968346752e-04
4.904439025994992818e+00 2.664351097299011428e-04 1.183817000747563347e-04 1.480534096612480532e-04
4.905550384074566672e+00 2.310619371904167052e-04 9.551474949221156006e-05 1.355471877008858350e-04
4.906661742154139638e+00 1.444448046059830515e-04 6.279040320623111232e-05 8.165440139978538681e-05
4.907773100233713492e+00 1.555510289821294967e-05 2.328616175553802113e-05 -7.731058855018485554e-06
4.908884458313286459e+00 -1.421212154601465133e-04 -1.923652465467956801e-05 -1.228846908096336427e-04
4.909995816392859425e+00 -3.123675904065960351e-04 -6.076818089757165999e-05 -2.515994095099692573e-04
4.911107174472432391e+00 -4.782747411362624906e-04 -9.750869896890136928e-05 -3.807660421663236483e-04
4.912218532552005357e+00 -6.242659005901316990e-04 -1.262895615547472250e-04 -4.979763390391654665e-04
4.913329890631579211e+00 -7.378594395145280684e-04 -1.449098471935867999e-04 -5.929495923187215814e-04
4.914441248711153065e+00 -8.109667274827722519e-04 -1.523470336607946345e-04 -6.586196938200194941e-04
4.915552606790726031e+00 -8.405937125226755659e-04 -1.488204622521934741e-04 -6.917732502680299517e-04
4.916663964870298997e+00 -8.288973648178923556e-04 -1.357046379973139694e-04 -6.931927268248559704e-04
4.917775322949871963e+00 -7.826311753582320535e-04 -1.153087160934148454e-04 -6.673224592618869078e-04
4.918886681029444929e+00 -7.120865271872060115e-04 -9.055502567235205092e-05 -6.215315015138840604e-04
4.919998039109018784e+00 -6.296903791076519791e-04 -6.460118155130308492e-05 -5.650891975560127373e-04
4.921109397188591750e+00 -5.484489831435439972e-04 -4.045579932517126987e-05 -5.079931838176017511e-04
4.922220755268165604e+00 -4.804306183735541913e-04 -2.063650322004406852e-05 -4.597941151557195100e-04
4.923332113347738570e+00 -4.354594877592644214e-04 -6.911181046379076109e-06 -4.285483067139606028e-04
4.924443471427311536e+00 -4.201529001042775963e-04 -1.505446632969710194e-07 -4.200023554458524877e-04
4.925554829506884502e+00 -4.373816021763839851e-04 -3.039221650967798699e-07 -4.370776800129115569e-04
4.926666187586457468e+00 -4.861764830009843164e-04 -6.493158581022330685e-06 -4.796833244165941285e-04
4.927777545666031322e+00 -5.620514300826440213e-04 -1.720391661521963010e-05 -5.448475134669020226e-04
4.928888903745605177e+00 -6.576681840350347488e-04 -3.054165637229671552e-05 -6.271265276610793124e-04
4.930000261825178143e+00 -7.637389519499983466e-04 -4.451267788818923663e-05 -7.192262740615320421e-04
4.931111619904751109e+00 -8.700482851406170660e-04 -5.728960866469442429e-05 -8.127586764802400025e-04
4.932222977984324075e+00 -9.664769796604894166e-04 -6.742552511653123045e-05 -8.990514545395692815e-04
4.933334336063897041e+00 -1.043925212881628359e-03 -7.399059856777835187e-05 -9.699346143144009849e-04
4.934445694143470895e+00 -1.095056105260211639e-03 -7.661816247016560747e-05 -1.018437942793160023e-03
4.935557052223043861e+00 -1.114810021548749697e-03 -7.546138597049804973e-05 -1.039348635581284486e-03
4.936668410302617716e+00 -1.100669882166144253e-03 -7.107515979977614695e-05 -1.029594722368881721e-03
4.937779768382190682e+00 -1.052684837307716129e-03 -6.424839303604390874e-05 -9.884364442705063231e-04
4.938891126461763648e+00 -9.732812250911968693e-04 -5.581819490690247999e-05 -9.174630301876096627e-04
4.940002484541336614e+00 -8.669043860762559728e-04 -4.649856751120140432e-05 -8.204058185618361143e-04
4.941113842620909580e+00 -7.395424319041350031e-04 -3.675224365539428526e-05 -7.027901882475044021e-04
4.942225200700483434e+00 -5.981842676401200043e-04 -2.672592412365082512e-05 -5.714583435173538339e-04
4.943336558780057288e+00 -4.502604749337946188e-04 -1.625780462993564124e-05 -4.340026703026165361e-04
4.944447916859630254e+00 -3.031087946451863080e-04 -4.953765609500308462e-06 -2.981550290336709014e-04
4.945559274939203220e+00 -1.634975358748491300e-04 7.683095287492280011e-06 -1.711806311641677486e-04
4.946670633018776186e+00 -3.723156704159465147e-05 2.209395481571560797e-05 -5.932552185557680990e-05
4.947781991098349152e+00 7.114256083202204900e-05 3.850615227517201851e-05 3.263640855799424326e-05
4.948893349177923007e+00 1.585230449115406729e-04 5.680505060186050669e-05 1.017179943117783956e-04
4.950004707257495973e+00 2.233279150466718418e-04 7.646083418558646155e-05 1.468670808577082938e-04
4.951116065337069827e+00 2.654617558435481625e-04 9.652650414592516491e-05 1.689352517000586307e-04
4.952227423416642793e+00 2.861826897789018082e-04 1.157118933437589162e-04 1.704707964390195923e-04
4.953338781496215759e+00 2.878837853476992614e-04 1.325261249840785859e-04 1.553576603621036056e-04
4.954450139575788725e+00 2.738083727022236347e-04 1.454695068448245867e-04 1.283388658576203878e-04
4.955561497655361691e+00 2.477234394162204645e-04 1.532471740349982911e-04 9.447626538088525761e-05
4.956672855734935546e+00 2.135787226233386293e-04 1.549722424689978077e-04 5.860648015533313770e-05
4.957784213814509400e+00 1.751806111507155789e-04 1.503265701559124428e-04 2.485404099301230518e-05
4.958895571894082366e+00 1.359089195320812432e-04 1.396524670381956443e-04 -3.743547505662830899e-06
4.960006929973655332e+00 9.850066332162468741e-05 1.239581287415063553e-04 -2.545746541675331098e-05
4.961118288053228298e+00 6.491821768748497201e-05 1.048318408370903297e-04 -3.991362314883714624e-05
4.962229646132801264e+00 3.631019955072783967e-05 8.427331519392328662e-05 -4.796311564502116209e-05
4.963341004212375118e+00 1.306304730521595792e-05 6.446291071509325740e-05 -5.139986340884760557e-05
4.964452362291948084e+00 -5.069181479359224918e-06 4.749910567066994825e-05 -5.256828715088576742e-05
4.965563720371521939e+00 -1.877838980146313667e-05 3.513996454706932125e-05 -5.391835434508790697e-05
4.966675078451094905e+00 -2.898749641339288044e-05 2.858462397874779058e-05 -5.757212039544587490e-05
4.967786436530667871e+00 -3.663795488184021926e-05 2.832589104335476613e-05 -6.496384592614805331e-05
4.968897794610240837e+00 -4.250948977863565348e-05 3.409554350111969768e-05 -7.660503327833884102e-05
4.970009152689813803e+00 -4.709654300801002780e-05 4.491115798314947519e-05 -9.200770099072538843e-05
4.971120510769387657e+00 -5.055727781422270084e-05 5.921906584789154169e-05 -1.097763436664674769e-04
4.972231868848961511e+00 -5.274015477119316231e-05 7.511437505414798920e-05 -1.278545298284503723e-04
4.973343226928534477e+00 -5.328155720381137772e-05 9.060786532144766980e-05 -1.438894225230177848e-04
4.974454585008107443e+00 -5.175733246320750325e-05 1.039025852110534538e-04 -1.556599176731777306e-04
4.975565943087680409e+00 -4.786290222760260227e-05 1.136411967863938666e-04 -1.615040990131568627e-04
4.976677301167253376e+00 -4.159193022288884545e-05 1.190888390428030048e-04 -1.606807692666120668e-04
4.977788659246827230e+00 -3.338305475944491896e-05 1.202250481108833142e-04 -1.536081028683019406e-04
4.978900017326400196e+00 -2.420793792971137615e-05 1.177308945484176802e-04 -1.419388324803757401e-04
4.980011375405974050e+00 -1.558134326207650383e-05 1.128722356639188802e-04 -1.284535789286087720e-04
4.981122733485547016e+00 -9.484098014256141240e-06 1.072947796473374055e-04 -1.167788776672475798e-04
4.982234091565119982e+00 -8.201305454574609605e-06 1.027594385574186620e-04 -1.109607440112785927e-04
4.983345449644692948e+00 -1.408956343763238632e-05 1.008553930308211683e-04 -1.149449564676471251e-04
4.984456807724265914e+00 -2.929681337900114091e-05 1.027321063408249312e-04 -1.320289197226549860e-04
4.985568165803839769e+00 -5.546563624336895565e-05 1.088896151262992425e-04 -1.643552513656961964e-04
4.986679523883412735e+00 -9.345451757585172825e-05 1.190589824112317215e-04 -2.125134999827610338e-04
4.987790881962986589e+00 -1.431114733047057774e-04 1.321927856134831191e-04 -2.753042589142759566e-04
4.988902240042559555e+00 -2.031305254349049377e-04 1.465705257275298702e-04 -3.497010511668337956e-04
4.990013598122132521e+00 -2.710143022834829440e-04 1.600079042456380445e-04 -4.310222065318711215e-04
4.991124956201705487e+00 -3.431562598650763490e-04 1.701441909901408060e-04 -5.133004508536334609e-04
4.992236314281279341e+00 -4.150446202243630173e-04 1.747704235404175092e-04 -5.898150437655628325e-04
4.993347672360852307e+00 -4.815781319236194652e-04 1.721545425116650322e-04 -6.537326744333969014e-04
4.994459030440426162e+00 -5.374721902440503241e-04 1.613187433275257553e-04 -6.987909335673340300e-04
4.995570388519999128e+00 -5.777236971999857168e-04 1.422295109934725889e-04 -7.199532081921099919e-04
4.996681746599572094e+00 -5.980951309910052457e-04 1.158713943534836813e-04 -7.139665253429895025e-04
4.997793104679145060e+00 -5.955733774591666363e-04 8.419024144027717320e-05 -6.797636188969769649e-04
4.998904462758718026e+00 -5.687575256018494001e-04 4.990847637742381986e-05 -6.186660019805666731e-04
5.000015820838291880e+00 -5.181324357919963805e-04 1.623186288442262710e-05 -5.343642986780825464e-04
5.001127178917864846e+00 -4.461916266456054936e-04 -1.351813916009437892e-05 -4.326734874853114046e-04
5.002238536997438700e+00 -3.573837756095524579e-04 -3.630180102417312907e-05 -3.210819745825066809e-04
5.003349895077011666e+00 -2.578714249172105871e-04 -4.973876210886333908e-05 -2.081326628063807221e-04
5.004461253156584633e+00 -1.551074772160199872e-04 -5.241763035705010974e-05 -1.026898468605378506e-04
5.005572611236157599e+00 -5.725347555222450036e-05 -4.409681861838036414e-05 -1.315665693562596827e-05
5.006683969315731453e+00 2.751814924848751398e-05 -2.576871700761394117e-05 5.328686625609424521e-05
5.007795327395304419e+00 9.177964676912800379e-05 4.241285504051920882e-07 9.135551821890137980e-05
5.008906685474878273e+00 1.295912531010627589e-04 3.141390253574052579e-05 9.817735056342168087e-05
5.010018043554451239e+00 1.371563592565770012e-04 6.354887705673590778e-05 7.360748220376980844e-05
5.011129401634024205e+00 1.133144185665718034e-04 9.301180062729281009e-05 2.030261793574406060e-05
5.012240759713597171e+00 5.980756682292913406e-05 1.162657391894035878e-04 -5.645817236851931320e-05
5.013352117793170137e+00 -1.872473708123927050e-05 1.304736674156919767e-04 -1.491984044990225106e-04
5.014463475872743992e+00 -1.150433297136032110e-04 1.338405727920808893e-04 -2.488839025044696854e-04
5.015574833952316958e+00 -2.198892061242843296e-04 1.258356415112595907e-04 -3.457248476358160821e-04
5.016686192031890812e+00 -3.228035706657145861e-04 1.072662117438914493e-04 -4.300697824082740659e-04
5.017797550111463778e+00 -4.131159205943970777e-04 8.019291080802934662e-05 -4.933088314041686288e-04
5.018908908191036744e+00 -4.810037701534842017e-04 4.769458742865233269e-05 -5.286983575864719065e-04
5.020020266270609710e+00 -5.185127766100866217e-04 1.350996388967736633e-05 -5.320227405010225299e-04
5.021131624350183564e+00 -5.204232863975921664e-04 -1.840188434181622276e-05 -5.020214020556319073e-04
5.022242982429756530e+00 -4.848600309317451645e-04 -4.432994220541171585e-05 -4.405300887304827717e-04
5.023354340509330385e+00 -4.135656025148343184e-04 -6.125239931702603511e-05 -3.523132031951498738e-04
5.024465698588903351e+00 -3.117933961091900325e-04 -6.719728416437287331e-05 -2.445961119403212980e-04
5.025577056668476317e+00 -1.878182444483671165e-04 -6.147876260433944194e-05 -1.263394818423694416e-04
5.026688414748049283e+00 -5.210807297379230207e-05 -4.478007730471063514e-05 -7.327995671713161130e-06
5.027799772827622249e+00 8.375805423590718113e-05 -1.907252387859547553e-05 1.028305781118569323e-04
5.028911130907196103e+00 2.083067155032487794e-04 1.262032689808352428e-05 1.956863886086266519e-04
5.030022488986769069e+00 3.113829422378040779e-04 4.658514972560981503e-05 2.647977925078516537e-04
5.031133847066342923e+00 3.852168880881870483e-04 7.886462588181934914e-05 3.063522622060790845e-04
5.032245205145915889e+00 4.252166434410655817e-04 1.057326704519385790e-04 3.194839729868904563e-04
5.033356563225488856e+00 4.303906208243052714e-04 1.241415831125159579e-04 3.062490377119680713e-04
5.034467921305061822e+00 4.033473059094237409e-04 1.320868130787444512e-04 2.712604928294744429e-04
5.035579279384634788e+00 3.498723842885907362e-04 1.288449079324289754e-04 2.210274763550044291e-04
5.036690637464208642e+00 2.781366425961108793e-04 1.150555692048832755e-04 1.630810733881113764e-04
5.037801995543782496e+00 1.976355441613494857e-04 9.263771307375115666e-05 1.049978310848822399e-04
5.038913353623355462e+00 1.179964702250346775e-04 6.454972337223272754e-05 5.344674684867184444e-05
5.040024711702928428e+00 4.780728457855383529e-05 3.442319926558765151e-05 1.338408531251569777e-05
5.041136069782501394e+00 -6.382656364899153001e-06 6.115081848571707768e-06 -1.249773821520618056e-05
5.042247427862074360e+00 -4.076073581484387920e-05 -1.676684718373888704e-05 -2.399388863198910482e-05
5.043358785941648215e+00 -5.456059450947847722e-05 -3.130674211299295292e-05 -2.325385239723351538e-05
5.044470144021221181e+00 -4.994765129720003805e-05 -3.563723086081536625e-05 -1.431042043650160300e-05
5.045581502100795035e+00 -3.150328021582667060e-05 -2.916579411398441879e-05 -2.337486100088825847e-06
5.046692860180368001e+00 -5.385563210466223771e-06 -1.264313133100879259e-05 7.257568120568047565e-06
5.047804218259940967e+00 2.171058427419530340e-05 1.193478124315649558e-05 9.775803028218635338e-06
5.048915576339513933e+00 4.364303422285317757e-05 4.157860554514053420e-05 2.064428675256288481e-06
5.050026934419086899e+00 5.580379024964230231e-05 7.268006759594022696e-05 -1.687627734459160728e-05
5.051138292498660753e+00 5.584910541339249256e-05 1.014622067008178781e-04 -4.561310129019672827e-05
5.052249650578234608e+00 4.407086631756261183e-05 1.244493566080459633e-04 -8.037849029065386938e-05
5.053361008657807574e+00 2.335278842396319027e-05 1.388983813464841595e-04 -1.155455929264578158e-04
5.054472366737380540e+00 -1.285395359475367816e-06 1.431376343200908602e-04 -1.444230296826611373e-04
5.055583724816953506e+00 -2.349271702061297984e-05 1.367717739109979447e-04 -1.602644909343229479e-04
5.056695082896526472e+00 -3.662609859505193410e-05 1.207274835747206292e-04 -1.573535821700194903e-04
5.057806440976100326e+00 -3.487331406467827910e-05 9.713516848902658835e-05 -1.320084825590199518e-04
5.058917799055673292e+00 -1.429440477231438966e-05 6.906229127145221275e-05 -8.335669604363736551e-05
5.060029157135247146e+00 2.637531505050860758e-05 4.013254660039446446e-05 -1.375723155048157176e-05
5.061140515214820113e+00 8.528652101549676068e-05 1.407919922109427758e-05 7.120732179060826339e-05
5.062251873294393079e+00 1.574778623803698568e-04 -5.711171214134544861e-06 1.631890335958268573e-04
5.063363231373966045e+00 2.353340778721638160e-04 -1.660755533632076440e-05 2.519416332076619691e-04
5.064474589453539011e+00 3.094514083289744491e-04 -1.704560734724673771e-05 3.264970156763901191e-04
5.065585947533112865e+00 3.698030245727589038e-04 -6.703448345973811321e-06 3.765064729132731880e-04
5.066697305612686719e+00 4.070527831432002239e-04 1.347771741400705960e-05 3.935750657251099911e-04
5.067808663692259685e+00 4.138416026961472998e-04 4.142810141204708514e-05 3.724135012850004751e-04
5.068920021771832651e+00 3.858706551410802377e-04 7.421914501884430658e-05 3.116515101146124719e-04
5.070031379851405617e+00 3.226296118792300674e-04 1.084319268478438683e-04 2.141976850304145100e-04
5.071142737930978583e+00 2.276632392835611918e-04 1.405755067058587376e-04 8.708773257570107118e-05
5.072254096010552438e+00 1.083296424105543304e-04 1.675011130624183358e-04 -5.917147065470987344e-05
5.073365454090125404e+00 -2.492971455762306443e-05 1.867597828154189514e-04 -2.116894973717975414e-04
5.074476812169699258e+00 -1.597235048898248966e-04 1.968595907107689486e-04 -3.565830956046255051e-04
5.075588170249272224e+00 -2.831092672374267705e-04 1.973927433045332227e-04 -4.805020105427427329e-04
5.076699528328845190e+00 -3.830837128877828679e-04 1.890206030847149015e-04 -5.721043159764901270e-04
5.077810886408418156e+00 -4.499785074329916423e-04 1.733237263484383394e-04 -6.233022337803571095e-04
5.078922244487991122e+00 -4.775874193951173963e-04 1.525416774381322174e-04 -6.301290968321049402e-04
5.080033602567564976e+00 -4.638854078832278793e-04 1.292413651837533996e-04 -5.931267730685720746e-04
5.081144960647138831e+00 -4.112527354803597462e-04 1.059611047346702205e-04 -5.172138402133388824e-04
5.082256318726711797e+00 -3.261803967354879111e-04 8.487948324264663448e-05 -4.110598799798286657e-04
5.083367676806284763e+00 -2.184985186702848026e-04 6.755325454344861063e-05 -2.860517732159399001e-04
5.084479034885857729e+00 -1.002283153834653863e-04 5.475768431521456532e-05 -1.549859997028832544e-04
5.085590392965430695e+00 1.579696194558806790e-05 4.644759804147861404e-05 -3.065063610039231619e-05
5.086701751045004549e+00 1.173713751758996907e-04 4.184001726792973397e-05 7.553135789891123747e-05
5.087813109124577515e+00 1.942423881814052747e-04 3.960214857658746635e-05 1.546402396022305767e-04
5.088924467204151370e+00 2.391693985600391523e-04 3.811399326247551581e-05 2.010554053002112582e-04
5.090035825283724336e+00 2.485986178126595864e-04 3.576495624455226958e-05 2.128336615659694869e-04
5.091147183363297302e+00 2.228897180359037250e-04 3.123986476506306889e-05 1.916498532687233719e-04
5.092258541442870268e+00 1.660873034261961534e-04 2.375222944430777691e-05 1.423350739818852323e-04
5.093369899522443234e+00 8.528630209466911416e-05 1.319095776212194510e-05 7.209534433556125110e-05
5.094481257602017088e+00 -1.031238194578246170e-05 1.597953639785999833e-07 -1.047217730962973770e-05
5.095592615681590942e+00 -1.105269091150416078e-04 -1.409538981503170082e-05 -9.643151930077871470e-05
5.096703973761163908e+00 -2.053565241455831275e-04 -2.786003600889987619e-05 -1.774964881385478893e-04
5.097815331840736874e+00 -2.860411966612991241e-04 -3.919909160179447030e-05 -2.468421050623049312e-04
5.098926689920309840e+00 -3.459012620299307603e-04 -4.624344367321853665e-05 -2.996578183566533243e-04
5.100038047999882806e+00 -3.808747130523877644e-04 -4.747275329893299275e-05 -3.334019597534751411e-04
5.101149406079456661e+00 -3.897131536095598328e-04 -4.195365266330750964e-05 -3.477595009437409179e-04
5.102260764159029627e+00 -3.738426638993298150e-04 -2.949889798904294539e-05 -3.443437659120951325e-04
5.103372122238603481e+00 -3.369368691541858255e-04 -1.072456981117392684e-05 -3.262122993385836375e-04
5.104483480318176447e+00 -2.842812284696476580e-04 1.300292124746497296e-05 -2.972841497162048013e-04
5.105594838397749413e+00 -2.220264407973597184e-04 3.972255365323721255e-05 -2.617489944545178804e-04
5.106706196477322379e+00 -1.564333760428766179e-04 6.711516566443743309e-05 -2.235485417099048605e-04
5.107817554556895345e+00 -9.320260105082772695e-05 9.278746487458445612e-05 -1.859900659291306713e-04
5.108928912636469200e+00 -3.696078498403171375e-05 1.145639600277532379e-04 -1.515247450118856198e-04
5.110040270716043054e+00 9.052187226209207349e-06 1.307464941067079667e-04 -1.216943068812897932e-04
5.111151628795616020e+00 4.308312650539575239e-05 1.403060937953387729e-04 -9.722296728995050152e-05
5.112262986875188986e+00 6.477025128001634435e-05 1.429818471284298280e-04 -7.821159584701919965e-05
5.113374344954761952e+00 7.489494270453839198e-05 1.392749968306015648e-04 -6.438005413065932270e-05
5.114485703034334918e+00 7.503874848956322563e-05 1.303414271459273164e-04 -5.530267865816625161e-05
5.115597061113908772e+00 6.720980115904919006e-05 1.178000653566261885e-04 -5.059026419842495292e-05
5.116708419193481738e+00 5.349883299878618187e-05 1.034863684575579535e-04 -4.998753546296696992e-05
5.117819777273055593e+00 3.581252457953917889e-05 8.918737937434519645e-05 -5.337485479633627405e-05
5.118931135352628559e+00 1.571359167237221938e-05 7.639681209358318117e-05 -6.068322042071657915e-05
5.120042493432201525e+00 -5.623973530875662000e-06 6.612503237454195239e-05 -7.174900590491508669e-05
5.121153851511774491e+00 -2.735638820719000011e-05 5.879021277143329615e-05 -8.614660097989654264e-05
5.122265209591347457e+00 -4.883677481594059233e-05 5.420464136441432101e-05 -1.030414161838780554e-04
5.123376567670921311e+00 -6.944624607887594364e-05 5.165595931839309421e-05 -1.211022054000482004e-04
5.124487925750495165e+00 -8.843214001708066263e-05 5.006905845940211189e-05 -1.385011984745831981e-04
5.125599283830068131e+00 -1.047925741241590575e-04 4.822251445933651388e-05 -1.530150885848541309e-04
5.126710641909641097e+00 -1.172366980467885039e-04 4.498546484415827298e-05 -1.622221628907790508e-04
5.127821999989214063e+00 -1.242358567353201576e-04 3.953789773483788175e-05 -1.637737544680772928e-04
5.128933358068787030e+00 -1.241646619676885221e-04 3.153980650884486737e-05 -1.557044684758132624e-04
5.130044716148360884e+00 -1.155151942029367801e-04 2.122221867558110944e-05 -1.367374128818741458e-04
5.131156074227933850e+00 -9.715450634552660891e-05 9.384634867188880155e-06 -1.065391412113890490e-04
5.132267432307507704e+00 -6.858704135677580471e-05 -2.702736766958791469e-06 -6.588430459224768609e-05
5.133378790387080670e+00 -3.018060379210690120e-05 -1.347937252435502955e-05 -1.670123126600812219e-05
5.134490148466653636e+00 1.668261008332724143e-05 -2.133236272616888967e-05 3.801497280623861857e-05
5.135601506546226602e+00 6.956020526567704629e-05 -2.485774929557806084e-05 9.441795455807045975e-05
5.136712864625799568e+00 1.250268838392851580e-04 -2.310687170034839063e-05 1.481337555363122782e-04
5.137824222705373423e+00 1.788777859754509848e-04 -1.578045844446631659e-05 1.946582444204026513e-04
5.138935580784947277e+00 2.264451795213990801e-04 -3.339628922990268609e-06 2.297848084412629568e-04
5.140046938864520243e+00 2.630013735610272838e-04 1.298615790367876703e-05 2.500152156595407058e-04
5.141158296944093209e+00 2.842091534392722496e-04 3.130031701793848644e-05 2.529088364155388652e-04
5.142269655023666175e+00 2.865736120932476511e-04 4.924065612437431049e-05 2.373329559736542249e-04
5.143381013103239141e+00 2.678467897898866718e-04 6.425829274557821988e-05 2.035884970423597340e-04
5.144492371182812995e+00 2.273393104686230459e-04 7.393983647449481095e-05 1.533994739954021996e-04
5.145603729262385961e+00 1.661009526583937662e-04 7.633183440727370163e-05 8.976911825206781992e-05
5.146715087341959816e+00 8.694408368692396749e-05 7.022492202778872440e-05 1.671916165981758573e-05
5.147826445421532782e+00 -5.701028290724247105e-06 5.535913382164142724e-05 -6.106016211578427222e-05
5.148937803501105748e+00 -1.060932589843164436e-04 3.252093119566028799e-05 -1.386141901793744302e-04
5.150049161580678714e+00 -2.076274622067712794e-04 3.515559693411459026e-06 -2.111430219063833991e-04
5.151160519660251680e+00 -3.033833156571444714e-04 -2.898629879129790672e-05 -2.743970168667207027e-04
5.152271877739825534e+00 -3.867263553818749665e-04 -6.171290557307608873e-05 -3.250134498078509869e-04
5.153383235819398500e+00 -4.519038183539632347e-04 -9.113813005387400880e-05 -3.607656883064690916e-04
5.154494593898972354e+00 -4.945758336375493183e-04 -1.138709908415917640e-04 -3.807048427976410764e-04
5.155605951978545320e+00 -5.122264160626254989e-04 -1.270427538497942281e-04 -3.851836622142650740e-04
5.156717310058118287e+00 -5.044085717322835047e-04 -1.286458538541585873e-04 -3.757627178785690608e-04
5.157828668137691253e+00 -4.727929805373905225e-04 -1.177840454857704194e-04 -3.550089350549045716e-04
5.158940026217265107e+00 -4.210089211021186828e-04 -9.480325646168613683e-05 -3.262056646413536570e-04
5.160051384296838073e+00 -3.542875496751491521e-04 -6.128638450883566919e-05 -2.930011651706299763e-04
5.161162742376411927e+00 -2.789391807708711118e-04 -1.991108189694197964e-05 -2.590280988758776604e-04
5.162274100455984893e+00 -2.017154268895322844e-04 2.581449186048623973e-05 -2.275299187510220617e-04
5.163385458535557859e+00 -1.291216552974060183e-04 7.190879909967112142e-05 -2.010304543971774827e-04
5.164496816615130825e+00 -6.675322283288334657e-05 1.143270545114022331e-04 -1.810802773480127414e-04
5.165608174694703791e+00 -1.872899219278363614e-05 1.493784326685904411e-04 -1.681074248619345013e-04
5.166719532774277646e+00 1.271278078861324407e-05 1.741037509079284987e-04 -1.613909701195246141e-04
5.167830890853850612e+00 2.740751572887639709e-05 1.865717553100544775e-04 -1.591642395824439948e-04
5.168942248933424466e+00 2.722057729343148325e-05 1.860616786690307293e-04 -1.588411013819517222e-04
5.170053607012997432e+00 1.576800848253063873e-05 1.731129400658708013e-04 -1.573449315842914958e-04
5.171164965092570398e+00 -2.068974987105300610e-06 1.494381487745492679e-04 -1.515071237629453654e-04
5.172276323172143364e+00 -2.078079606757446407e-05 1.177111661311011160e-04 -1.384919622016882526e-04
5.173387681251717218e+00 -3.494278922623952899e-05 8.125605674102004080e-05 -1.161988459651526126e-04
5.174499039331290184e+00 -3.991869511721021779e-05 4.367370720266718206e-05 -8.359240232324455233e-05
5.175610397410864039e+00 -3.246709839622996530e-05 8.449466642809896552e-06 -4.091656503988662374e-05
5.176721755490437005e+00 -1.117345557301134551e-05 -2.141335327335118499e-05 1.023989770054453685e-05
5.177833113570009971e+00 2.334956619311386039e-05 -4.369301639145029351e-05 6.704258258193214470e-05
5.178944471649582937e+00 6.852266664630381199e-05 -5.714930822042101934e-05 1.256719748653732649e-04
5.180055829729155903e+00 1.201179508913685634e-04 -6.160344112618985641e-05 1.817213920184308773e-04
5.181167187808729757e+00 1.727977550664751977e-04 -5.789190294872709197e-05 2.306896580143366626e-04
5.182278545888302723e+00 2.208081730124041714e-04 -4.770320650971618826e-05 2.685113795176819612e-04
5.183389903967876577e+00 2.587396074093589390e-04 -3.332023961730273798e-05 2.920598470248676748e-04
5.184501262047449544e+00 2.822559911493912124e-04 -1.730180371345852721e-05 2.995577948615192609e-04
5.185612620127022510e+00 2.886963265650950225e-04 -2.143680633615369286e-06 2.908400071978903961e-04
5.186723978206595476e+00 2.774669493183271572e-04 1.003861227465136343e-05 2.674283370375785118e-04
5.187835336286168442e+00 2.501688327342844629e-04 1.776653384568286856e-05 2.324022988870956172e-04
5.188946694365742296e+00 2.104381024665433544e-04 2.036389463602740447e-05 1.900742078294881399e-04
5.190058052445316150e+00 1.635154112108634650e-04 1.801187845549293226e-05 1.455035327553120400e-04
5.191169410524889116e+00 1.155959472923856132e-04 1.168877795897907065e-05 1.039071693294977769e-04
5.192280768604462082e+00 7.304175930401921729e-05 3.004164175807579138e-06 7.003759513013463334e-05
5.193392126684035048e+00 4.155761888951364780e-05 -6.049390948481049319e-06 4.760700983920222729e-05
5.194503484763608014e+00 2.543799779255659366e-05 -1.339345417479607774e-05 3.883145196033332969e-05
5.195614842843181869e+00 2.698484952407161075e-05 -1.716994989956870934e-05 4.415479942694588988e-05
5.196726200922754835e+00 4.617460287592578538e-05 -1.601555966312812594e-05 6.219016253730495769e-05
5.197837559002328689e+00 8.062080751620320784e-05 -9.267554654607729247e-06 8.988836217085731384e-05
5.198948917081901655e+00 1.258404036974455908e-04 2.926749680886209150e-06 1.229136540143137279e-04
5.200060275161474621e+00 1.757917472159052641e-04 1.961210525653240026e-05 1.561796419582654055e-04
5.201171633241047587e+00 2.236166642602043994e-04 3.913947975455860919e-05 1.844771845003487579e-04
5.202282991320620553e+00 2.624917973420267184e-04 5.937778776823700636e-05 2.031140095711415211e-04
5.203394349400194407e+00 2.864799954887336207e-04 7.799556813150606118e-05 2.084844273550793756e-04
5.204505707479768262e+00 2.912724939045126379e-04 9.277528774397692565e-05 1.984972061617115702e-04
5.205617065559341228e+00 2.747270974856946477e-04 1.019181012253660298e-04 1.728089962553039372e-04
5.206728423638914194e+00 2.371345825028462612e-04 1.042975981439892214e-04 1.328369843625145687e-04
5.207839781718487160e+00 1.811813504221078744e-04 9.962732752671191508e-05 8.155402289463341281e-05
5.208951139798060126e+00 1.116161519716324727e-04 8.851796573273559474e-05 2.309818623643863922e-05
5.210062497877633980e+00 3.466705545437757940e-05 7.241449388225700565e-05 -3.774743843188051173e-05
5.211173855957206946e+00 -4.271338935661270209e-05 5.341979210565135920e-05 -9.613318146061734792e-05
5.212285214036780800e+00 -1.136758433429550796e-04 3.402651025430822296e-05 -1.477023535945715810e-04
5.213396572116353767e+00 -1.722682337590084045e-04 1.679184256667012962e-05 -1.890600763273676127e-04
5.214507930195926733e+00 -2.140963998822648789e-04 3.998140023391493457e-06 -2.180945399074037810e-04
5.215619288275499699e+00 -2.367713642919891393e-04 -2.655071347792427837e-06 -2.341162929446506669e-04
5.216730646355072665e+00 -2.400932377757594022e-04 -2.285599117444114467e-06 -2.378076386616908428e-04
5.217842004434646519e+00 -2.259576135080817311e-04 5.043172430452443067e-06 -2.310007859370813432e-04
5.218953362514220373e+00 -1.980070483611085647e-04 1.831920819696599995e-05 -2.163262565601630633e-04
5.220064720593793339e+00 -1.610828525676643620e-04 3.570613098861824043e-05 -1.967889835597464929e-04
5.221176078673366305e+00 -1.205566044606115172e-04 5.477987066498739131e-05 -1.753364751300675629e-04
5.222287436752939271e+00 -8.163353348965437205e-05 7.284714337282727106e-05 -1.544806768639961922e-04
5.223398794832512237e+00 -4.871979387935593611e-05 8.730372306465772325e-05 -1.360235169449268422e-04
5.224510152912086092e+00 -2.493313591517970496e-05 9.598452792719370879e-05 -1.209176638397591041e-04
5.225621510991659058e+00 -1.181370455928185126e-05 9.745809553851034505e-05 -1.092718000974685078e-04
5.226732869071232912e+00 -9.262167531211458471e-06 9.122508154708948327e-05 -1.004872490823179379e-04
5.227844227150805878e+00 -1.570040876386000206e-05 7.779310271751224931e-05 -9.349351148080393969e-05
5.228955585230378844e+00 -2.842011726384742476e-05 5.861687558016050875e-05 -8.703699284525086288e-05
5.230066943309951810e+00 -4.406082183336552938e-05 3.591092202197065453e-05 -7.997174385576330535e-05
5.231178301389524776e+00 -5.914428566946780541e-05 1.235960022731189900e-05 -7.150388589724845922e-05
5.232289659469098630e+00 -7.058834310565489933e-05 -9.236565462211645660e-06 -6.135177764833230074e-05
5.233401017548672485e+00 -7.613025924583030624e-05 -2.633035098675124645e-05 -4.979990826451535790e-05
5.234512375628245451e+00 -7.460608556816242937e-05 -3.696283633879365958e-05 -3.764324922639686322e-05
5.235623733707818417e+00 -6.605549960408095556e-05 -4.001829467148900062e-05 -2.603720493480309039e-05
5.236735091787391383e+00 -5.164774321091050030e-05 -3.536428937547663354e-05 -1.628345383849864880e-05
5.237846449866964349e+00 -3.344965648970597838e-05 -2.385814774714257173e-05 -9.591508742275937222e-06
5.238957807946538203e+00 -1.407791754403048094e-05 -7.219498674132916551e-06 -6.858418869694999850e-06
5.240069166026111169e+00 3.708343985929420800e-06 1.221284041569795849e-05 -8.504496435652675670e-06
5.241180524105685024e+00 1.741302180190487658e-05 3.180528926216170667e-05 -1.439226746236714830e-05
5.242291882185257990e+00 2.514870105914217280e-05 4.898967604652288202e-05 -2.384097498912569196e-05
5.243403240264830956e+00 2.587629851993900054e-05 6.160878705402551966e-05 -3.573248853727846452e-05
5.244514598344403922e+00 1.951009216858215489e-05 6.819925164359719747e-05 -4.868915947865704030e-05
5.245625956423976888e+00 6.880332821942655719e-06 6.817284754693489403e-05 -6.129251472409766310e-05
5.246737314503550742e+00 -1.043357280963198852e-05 6.187194647903175040e-05 -7.230551929114995002e-05
5.247848672583124596e+00 -3.036846864662955114e-05 5.049286988527420888e-05 -8.086133853914441449e-05
5.248960030662697562e+00 -5.069808305686526739e-05 3.588979963050920865e-05 -8.658788268990982862e-05
5.250071388742270528e+00 -6.935984086218344169e-05 2.028887433328375837e-05 -8.964871519402325961e-05
5.251182746821843494e+00 -8.474038470470453971e-05 5.954752074102339938e-06 -9.069513677724579115e-05
5.252294104901416461e+00 -9.588058855430209304e-05 -5.141587122746589782e-06 -9.073900143380473488e-05
5.253405462980990315e+00 -1.025742338369673920e-04 -1.160562078884121206e-05 -9.096861304567528672e-05
5.254516821060563281e+00 -1.053508765788352744e-04 -1.281205018772700621e-05 -9.253882639018336242e-05
5.255628179140137135e+00 -1.053503121866586172e-04 -8.980410313186000873e-06 -9.636990187797725947e-05
5.256739537219710101e+00 -1.041110416144916308e-04 -1.123727774995412039e-06 -1.029873138413136364e-04
5.257850895299283067e+00 -1.033062760048813339e-04 9.120872404443567912e-06 -1.124271484084977436e-04
5.258962253378856033e+00 -1.044669621704805498e-04 1.975340455981172921e-05 -1.242203667334140088e-04
5.260073611458428999e+00 -1.087315289916984673e-04 2.872451957882740940e-05 -1.374560485714769117e-04
5.261184969538002854e+00 -1.166568467760179320e-04 3.425418141574719890e-05 -1.509110281947426482e-04
5.262296327617576708e+00 -1.281152632581373380e-04 3.510792021140990752e-05 -1.632231834712959823e-04
5.263407685697149674e+00 -1.422900756864135113e-04 3.078956890821890743e-05 -1.730796445927815230e-04
5.264519043776722640e+00 -1.577682507548534840e-04 2.162195412574156482e-05 -1.793902048850409825e-04
5.265630401856295606e+00 -1.727164425135586240e-04 8.703758680360385025e-06 -1.814202011970085515e-04
5.266741759935868572e+00 -1.851159880821504067e-04 -6.250784956897593612e-06 -1.788652031289826583e-04
5.267853118015442426e+00 -1.930257742774783847e-04 -2.116530788915735729e-05 -1.718604663886198064e-04
5.268964476095015392e+00 -1.948392631632598834e-04 -3.390997444283300015e-05 -1.609292887238327960e-04
5.270075834174589247e+00 -1.895036419614160375e-04 -4.261941907917555692e-05 -1.468842228869240985e-04
5.271187192254162213e+00 -1.766745133890707670e-04 -4.597266419595378380e-05 -1.307018491955159838e-04
5.272298550333735179e+00 -1.567878947169682943e-04 -4.339344994696424536e-05 -1.133944447669701667e-04
5.273409908413308145e+00 -1.310413899317161828e-04 -3.514127037077705110e-05 -9.590011956201935622e-05
5.274521266492881111e+00 -1.012869749201267440e-04 -2.227963931179329811e-05 -7.900733560658448548e-05
5.275632624572454965e+00 -6.984770350109987397e-05 -6.526281453934728010e-06 -6.332142205095828147e-05
5.276743982652028819e+00 -3.927877617301844815e-05 9.992644716047199903e-06 -4.927142089049176693e-05
5.277855340731601785e+00 -1.209908153616302828e-05 2.504811366698184096e-05 -3.714719520564804811e-05
5.278966698811174751e+00 9.477919144705582166e-06 3.662874999700777880e-05 -2.715083085570377253e-05
5.280078056890747717e+00 2.378534071438218045e-05 4.322946216138673185e-05 -1.944412145167898065e-05
5.281189414970320684e+00 2.989052765502674125e-05 4.406628658469878340e-05 -1.417575893114531027e-05
5.282300773049894538e+00 2.770921196604096692e-05 3.918660988139782589e-05 -1.147739791636064044e-05
5.283412131129467504e+00 1.803355325288164002e-05 2.945947021190764938e-05 -1.142591696470449114e-05
5.284523489209041358e+00 2.469968887584481076e-06 1.644829222389234411e-05 -1.397832333570846186e-05
5.285634847288614324e+00 -1.670842585215111253e-05 2.185546870208683991e-06 -1.889397272673842831e-05
5.286746205368187290e+00 -3.678142824041757269e-05 -1.111708964966756771e-05 -2.566433859426970471e-05
5.287857563447760256e+00 -5.485269712907428485e-05 -2.138053179079053671e-05 -3.347216534399510834e-05
5.288968921527333222e+00 -6.814577611987142000e-05 -2.694690181019854778e-05 -4.119887430813814339e-05
5.290080279606907077e+00 -7.429575630008212377e-05 -2.680393509092650513e-05 -4.749182121008602674e-05
5.291191637686480931e+00 -7.160673660729349049e-05 -2.071422806775552298e-05 -5.089250854906036611e-05
5.292302995766053897e+00 -5.924778042813673082e-05 -9.232866786315316218e-06 -5.001491364514968826e-05
5.293414353845626863e+00 -3.736545465956968293e-05 6.386376210568749860e-06 -4.375183087454697500e-05
5.294525711925199829e+00 -7.098910305432248879e-06 2.437979892762314599e-05 -3.147870923321787612e-05
5.295637070004772795e+00 2.950684541557814511e-05 4.272750715553365981e-05 -1.322066174621033124e-05
5.296748428084346649e+00 6.968323177520586997e-05 5.943343181650357319e-05 1.024979996033792418e-05
5.297859786163919615e+00 1.101992629931741741e-04 7.279019115679293580e-05 3.740907183483015153e-05
5.298971144243493470e+00 1.476758726934764010e-04 8.159091026900452395e-05 6.608496242170580626e-05
5.300082502323066436e+00 1.789210668842380197e-04 8.525927085401967817e-05 9.366179602761023903e-05
5.301193860402639402e+00 2.012503616330603429e-04 8.388232064841688357e-05 1.173680409789247536e-04
5.302305218482212368e+00 2.127576688173418371e-04 7.814580730819672473e-05 1.346118615072689276e-04
5.303416576561785334e+00 2.125065724865819045e-04 6.918663072602861358e-05 1.433199417619759539e-04
5.304527934641359188e+00 2.006203721098233014e-04 5.838915224209870148e-05 1.422312198677304004e-04
5.305639292720933042e+00 1.782605146152691986e-04 4.715973583216322715e-05 1.311007787765565771e-04
5.306750650800506008e+00 1.474957791898093371e-04 3.671593681734297581e-05 1.107798423721716684e-04
5.307862008880078974e+00 1.110773029809391729e-04 2.792300131660475045e-05 8.315430166194140871e-05
5.308973366959651941e+00 7.214559889303197651e-05 2.120151108485375519e-05 5.094408781125417743e-05
5.310084725039224907e+00 3.390369312444938693e-05 1.651760664380085833e-05 1.738608648045678745e-05
5.311196083118798761e+00 -7.057216799529267282e-07 1.345329274752161269e-05 -1.415901442845726027e-05
5.312307441198371727e+00 -2.928219510282565469e-05 1.134113234730084181e-05 -4.062332744957271313e-05
5.313418799277945581e+00 -5.017722067756150151e-05 9.437280879314623649e-06 -5.961450155768203973e-05
5.314530157357518547e+00 -6.261006974191997421e-05 7.100934562749111568e-06 -6.971100430675121473e-05
5.315641515437091513e+00 -6.668037083513468632e-05 3.947762611645241459e-06 -7.062813344939702920e-05
5.316752873516664479e+00 -6.328132404880872086e-05 -5.020946561583349357e-08 -6.323111458787777917e-05
5.317864231596237445e+00 -5.392988815277645342e-05 -4.536343282307201243e-06 -4.939354487035543806e-05
5.318975589675811300e+00 -4.054017449700315218e-05 -8.818396475661637078e-06 -3.172177802163080734e-05
5.320086947755384266e+00 -2.517229308230447410e-05 -1.198706124116839214e-05 -1.318523184122913361e-05
5.321198305834958120e+00 -9.790222140470053458e-06 -1.308418167842348412e-05 3.293959538143952093e-06
5.322309663914531086e+00 3.941149463847042067e-06 -1.129193224340554287e-05 1.523308170709065934e-05
5.323421021994104052e+00 1.479722118128269474e-05 -6.110086265654214154e-06 2.090730744432793900e-05
5.324532380073677018e+00 2.206098076113313005e-05 2.510230096151524906e-06 1.955075066220396049e-05
5.325643738153250872e+00 2.551594036498449139e-05 1.410138202348027266e-05 1.141455834077547901e-05
5.326755096232823838e+00 2.537529526024095983e-05 2.769698940686775562e-05 -2.321694147567991695e-06
5.327866454312397693e+00 2.216663181247267855e-05 4.193362661351557135e-05 -1.976699480178787521e-05
5.328977812391970659e+00 1.659661108333217172e-05 5.522375050660599570e-05 -3.862713942416346607e-05
5.330089170471543625e+00 9.420817262071820575e-06 6.597520420161876700e-05 -5.655438694148438861e-05
5.331200528551116591e+00 1.340414010468984896e-06 7.282441666812272674e-05 -7.148400265467001746e-05
5.332311886630689557e+00 -7.059882926409299930e-06 7.484726934382061338e-05 -8.190715226961617357e-05
5.333423244710263411e+00 -1.532737009530237005e-05 7.171409741164611680e-05 -8.704146750439407942e-05
5.334534602789836377e+00 -2.311521086330141361e-05 6.376311580397555929e-05 -8.687832667093192685e-05
5.335645960869410231e+00 -3.012795480284401195e-05 5.197854576023252116e-05 -8.210650056481895442e-05
5.336757318948983198e+00 -3.605787789954292138e-05 3.787404131712972743e-05 -7.393191922033456875e-05
5.337868677028556164e+00 -4.053314727912350757e-05 2.329646930585778136e-05 -6.382961658711692327e-05
5.338980035108129130e+00 -4.309634972122187990e-05 1.017743763316155607e-05 -5.327378735787893088e-05
5.340091393187702984e+00 -4.322552394836649825e-05 2.682642075340905988e-07 -4.349378815281679939e-05
5.341202751267275950e+00 -4.040060678713118091e-05 -5.102981632507971974e-06 -3.529762515584202159e-05
5.342314109346849804e+00 -3.420780863688127095e-05 -5.216642825987087280e-06 -2.899116581102237702e-05
5.343425467426422770e+00 -2.446479231163522020e-05 -6.146860082281604791e-08 -2.440332371029607997e-05
5.344536825505995736e+00 -1.134251992231279094e-05 9.665403195391797288e-06 -2.100792311732734008e-05
5.345648183585568702e+00 4.543250982051195985e-06 2.265850089003514979e-05 -1.811524990989223094e-05
5.346759541665141668e+00 2.209579236661131374e-05 3.718929300535316084e-05 -1.509350064119504425e-05
5.347870899744715523e+00 3.977453444872769417e-05 5.134925785999443736e-05 -1.157472341420558160e-05
5.348982257824288489e+00 5.571245639226368729e-05 6.331487741025805288e-05 -7.602421020658223227e-06
5.350093615903862343e+00 6.790727902437898589e-05 7.159567536489371085e-05 -3.688396344486699618e-06
5.351204973983435309e+00 7.446635118107426676e-05 7.522929370483606715e-05 -7.629425252501931265e-07
5.352316332063008275e+00 7.387359826555722764e-05 7.389589741715169545e-05 -2.229915402676696523e-08
5.353427690142581241e+00 6.523961141866475161e-05 6.793662227554226013e-05 -2.697010855645665117e-06
5.354539048222154207e+00 4.849446982537353873e-05 5.827541200511927801e-05 -9.780942177830577455e-06
5.355650406301728061e+00 2.448786225214480416e-05 4.625817583268642698e-05 -2.177031358020168478e-05
5.356761764381301916e+00 -5.027827479037877412e-06 3.343549955762820905e-05 -3.846332703520650639e-05
5.357873122460874882e+00 -3.753996675283865180e-05 2.132329126509174258e-05 -5.886325801898197561e-05
5.358984480540447848e+00 -7.003378771488241554e-05 1.117851650349404132e-05 -8.121230421709058631e-05
5.360095838620020814e+00 -9.933817180534385352e-05 3.824194467248086737e-06 -1.031623662727178432e-04
5.361207196699593780e+00 -1.225160810107242017e-04 -4.504031551440587774e-07 -1.220656778527298703e-04
5.362318554779167634e+00 -1.372471971651479869e-04 -1.900566155411904717e-06 -1.353466310069252609e-04
5.363429912858740600e+00 -1.421483168875577879e-04 -1.248351950962215198e-06 -1.408999649394320625e-04
5.364541270938314454e+00 -1.369830932690880090e-04 4.694850481363522805e-07 -1.374525783191327469e-04
5.365652629017887421e+00 -1.227263268002345281e-04 2.101943856452778920e-06 -1.248282706561194833e-04
5.366763987097460387e+00 -1.014674225773733174e-04 2.599317401785051053e-06 -1.040667399787344183e-04
5.367875345177033353e+00 -7.616018187075329626e-05 1.208442152643050219e-06 -7.736862402357713719e-05
5.368986703256606319e+00 -5.024850268421122979e-05 -2.384219083577962615e-06 -4.786428360006346472e-05
5.370098061336180173e+00 -2.721644755702447294e-05 -7.985015878016416338e-06 -1.923143167600373238e-05
5.371209419415754027e+00 -1.012355937494904129e-05 -1.491224759593695322e-05 4.788688223471629368e-06
5.372320777495326993e+00 -1.190198049522833701e-06 -2.209926810120942521e-05 2.090907005338274449e-05
5.373432135574899959e+00 -1.492204628067168165e-06 -2.826537432412748192e-05 2.677316969162480201e-05
5.374543493654472925e+00 -1.080993144765562963e-05 -3.212740821928412654e-05 2.131747677327437002e-05
5.375654851734045891e+00 -2.765551242752144114e-05 -3.261838022392227155e-05 4.962867795744833888e-06
5.376766209813619746e+00 -4.947715771952561868e-05 -2.907809692056342106e-05 -2.039906079624319475e-05
5.377877567893192712e+00 -7.301388459834794176e-05 -2.138494748812425159e-05 -5.162893711040941400e-05
5.378988925972766566e+00 -9.475217544689489013e-05 -1.000701744787078581e-05 -8.474515799904245444e-05
5.380100284052339532e+00 -1.114208862958623175e-04 4.036853387212458572e-06 -1.154577396797491079e-04
5.381211642131912498e+00 -1.204546355044102540e-04 1.930150678672298966e-05 -1.397561422917083587e-04
5.382323000211485464e+00 -1.203598947158573962e-04 3.410755808366843422e-05 -1.544674527976233266e-04
5.383434358291058430e+00 -1.109315929783156324e-04 4.677275696186424859e-05 -1.577043499417889183e-04
5.384545716370632285e+00 -9.328929475824372652e-05 5.584803570795628374e-05 -1.491373304692514973e-04
5.385657074450206139e+00 -6.972784591700170731e-05 6.032277678799725690e-05 -1.300506227045437890e-04
5.386768432529779105e+00 -4.340399745764601108e-05 5.976838090039423451e-05 -1.031723783586884630e-04
5.387879790609352071e+00 -1.790399802259826090e-05 5.439849249086796889e-05 -7.230249051353668938e-05
5.388991148688925037e+00 3.245981923272536762e-06 4.503680683434127519e-05 -4.179082491428173091e-05
5.390102506768498003e+00 1.705694499529088887e-05 3.299730585683667973e-05 -1.594036085956953425e-05
5.391213864848071857e+00 2.147445976862383948e-05 1.989491390396461385e-05 1.579545864464123456e-06
5.392325222927644823e+00 1.564135921562040572e-05 7.414925327197183355e-06 8.226433886877231386e-06
5.393436581007218678e+00 -9.098053939241880494e-09 -2.924433034049706947e-06 2.915334978250035125e-06
5.394547939086791644e+00 -2.383942494091004227e-05 -9.981169871687952446e-06 -1.385825506942809163e-05
5.395659297166364610e+00 -5.325717766562496416e-05 -1.313984273618551375e-05 -4.011733493033617370e-05
5.396770655245937576e+00 -8.508771118423668484e-05 -1.238156916627021487e-05 -7.270614201399395321e-05
5.397882013325510542e+00 -1.160137872487461072e-04 -8.264584430192623010e-06 -1.077492028208797484e-04
5.398993371405084396e+00 -1.430170740276907188e-04 -1.819750164328920667e-06 -1.411973238612078407e-04
5.400104729484658250e+00 -1.637580802257149193e-04 5.621842499428815736e-06 -1.693799227304032540e-04
5.401216087564231216e+00 -1.768419971298913068e-04 1.264203875452719417e-05 -1.894840358821186371e-04
5.402327445643804182e+00 -1.819364627368182108e-04 1.795666288384434837e-05 -1.998931256202828716e-04
5.403438803723377148e+00 -1.797304319930449756e-04 2.061085528269824196e-05 -2.003412872777585868e-04
5.404550161802950115e+00 -1.717475289842703215e-04 2.011953967390802149e-05 -1.918670686561381455e-04
5.405661519882523969e+00 -1.600487293570151959e-04 1.653264677705905818e-05 -1.765813761359655634e-04
5.406772877962096935e+00 -1.468747523503850794e-04 1.041648626365861466e-05 -1.572912386171645971e-04
5.407884236041670789e+00 -1.342858639655861858e-04 2.755565384028070813e-06 -1.370414293480853689e-04
5.408995594121243755e+00 -1.238549734698707501e-04 -5.208784821622514051e-06 -1.186461886461722803e-04
5.410106952200816721e+00 -1.164594431191178056e-04 -1.217722588662032728e-05 -1.042822172361311311e-04
5.411218310280389687e+00 -1.121997801778443129e-04 -1.699760112956809978e-05 -9.520217904962339529e-05
5.412329668359962653e+00 -1.104522154145772678e-04 -1.884493044491716948e-05 -9.160728497191071226e-05
5.413441026439536508e+00 -1.100405322503588551e-04 -1.734897246646722687e-05 -9.269155978838122811e-05
5.414552384519110362e+00 -1.094938395318897570e-04 -1.265053684214865245e-05 -9.684330268805874803e-05
5.415663742598683328e+00 -1.073441840267978092e-04 -5.378891876506894203e-06 -1.019652921507366305e-04
5.416775100678256294e+00 -1.024128811687582616e-04 3.445232389297616174e-06 -1.058581135601963097e-04
5.417886458757829260e+00 -9.403783502898686864e-05 1.256527244462491062e-05 -1.066031074729092976e-04
5.418997816837402226e+00 -8.220517911153996105e-05 2.067863475503769685e-05 -1.028838138677126007e-04
5.420109174916976080e+00 -6.756534844871639467e-05 2.663140944108116051e-05 -9.419675789058487569e-05
5.421220532996549046e+00 -5.133333037148253564e-05 2.958846282451090947e-05 -8.092179319904666684e-05
5.422331891076122901e+00 -3.509209429443209405e-05 2.915361483335588235e-05 -6.424570913256700405e-05
5.423443249155695867e+00 -2.053391830611310531e-05 2.542261954858624981e-05 -4.595653785885271680e-05
5.424554607235268833e+00 -9.184005134614276616e-06 1.896216051404920840e-05 -2.814616564657430875e-05
5.425665965314841799e+00 -2.152937389897097847e-06 1.071939653926736813e-05 -1.287233393491979058e-05
5.426777323394414765e+00 4.107311203996322213e-08 1.877001965870075863e-06 -1.835928858805679041e-06
5.427888681473988619e+00 -2.448522800260494875e-06 -6.323434211164560714e-06 3.874911415406101858e-06
5.429000039553562473e+00 -8.827593675763811126e-06 -1.276251252978485926e-05 3.934918849847913319e-06
5.430111397633135439e+00 -1.779584955301661414e-05 -1.660144191829184923e-05 -1.194407634066627089e-06
5.431222755712708405e+00 -2.776102392536283769e-05 -1.739467183518208083e-05 -1.036635209178665001e-05
5.432334113792281372e+00 -3.709592585301492440e-05 -1.514114284962696667e-05 -2.195478300682281864e-05
5.433445471871854338e+00 -4.439499351004128069e-05 -1.026825822286961810e-05 -3.412673529054784105e-05
5.434556829951428192e+00 -4.868774484437319444e-05 -3.553029273625540928e-06 -4.513471557514303623e-05
5.435668188031001158e+00 -4.957442307003227799e-05 4.005753273056357391e-06 -5.358017634708722721e-05
5.436779546110575012e+00 -4.726276024886837124e-05 1.134344053652794142e-05 -5.860620078967926361e-05
5.437890904190147978e+00 -4.250178462733913975e-05 1.748901920309810427e-05 -5.999080383160566160e-05
5.439002262269720944e+00 -3.642608637925356940e-05 2.170388149025538746e-05 -5.812996786583920356e-05
5.440113620349293910e+00 -3.033897523056338502e-05 2.357952490608146304e-05 -5.391850013489185578e-05
5.441224978428866876e+00 -2.547298945192264658e-05 2.308080091689324758e-05 -4.855379036903216539e-05
5.442336336508440731e+00 -2.276960784724580203e-05 2.053015396770693280e-05 -4.329976181053360809e-05
5.443447694588014585e+00 -2.271621188343147212e-05 1.653755281011607103e-05 -3.925376469639946242e-05
5.444559052667587551e+00 -2.526805716191127477e-05 1.188906595330058475e-05 -3.715712311953253731e-05
5.445670410747160517e+00 -2.986800922393645363e-05 7.413017619006695446e-06 -3.728102684281411547e-05
5.446781768826733483e+00 -3.555965364128877565e-05 3.845511515372296621e-06 -3.940516515941842879e-05
5.447893126906306449e+00 -4.117304964871594530e-05 1.716471076437876332e-06 -4.288952073126274522e-05
5.449004484985880303e+00 -4.554965046322644734e-05 1.273415238058523162e-06 -4.682306570020968589e-05
5.450115843065453269e+00 -4.776596480833821684e-05 2.453677601430448874e-06 -5.021964240951425767e-05
5.451227201145027124e+00 -4.731558537213360893e-05 4.907778938451919483e-06 -5.222336431351653346e-05
5.452338559224600090e+00 -4.421628868349607860e-05 8.068478172364976263e-06 -5.228476685653453415e-05
5.453449917304173056e+00 -3.902184369931720187e-05 1.125294982290005294e-05 -5.027479352168878757e-05
5.454561275383746022e+00 -3.273476763767952519e-05 1.378065226313211701e-05 -4.651541990543205107e-05
5.455672633463318988e+00 -2.663372419112707001e-05 1.508747246049141084e-05 -4.172119664819576301e-05
5.456783991542892842e+00 -2.204457045663910097e-05 1.481789269644645816e-05 -3.686246315839740439e-05
5.457895349622466696e+00 -2.009457293906426190e-05 1.288095437181391626e-05 -3.297552731147679328e-05
5.459006707702039662e+00 -2.149315899494918386e-05 9.461976963949568584e-06 -3.095513596057834424e-05
5.460118065781612628e+00 -2.637897964235776452e-05 4.989286862763560196e-06 -3.136826650439617642e-05
5.461229423861185595e+00 -3.426253810507806576e-05 6.243152080190686199e-08 -3.432496962550810483e-05
5.462340781940758561e+00 -4.407784116968447609e-05 -4.645648895789437308e-06 -3.943219227651572484e-05
5.463452140020332415e+00 -5.433806036001485873e-05 -8.496171582993386376e-06 -4.584188877743014881e-05
5.464563498099905381e+00 -6.337212753378725777e-05 -1.098432103084653433e-05 -5.238780650321239740e-05
5.465674856179479235e+00 -6.960459282916251628e-05 -1.181553770626777081e-05 -5.778905512428701013e-05
5.466786214259052201e+00 -7.183249434676228229e-05 -1.094666794814153998e-05 -6.088582639635076177e-05
5.467897572338625167e+00 -6.945198723468624935e-05 -8.586277348208081958e-06 -6.086570988585084802e-05
5.469008930418198133e+00 -6.259440311658700379e-05 -5.155115699688261150e-06 -5.743928742006979005e-05
5.470120288497771099e+00 -5.214527377224963123e-05 -1.214084484278655195e-06 -5.093118929203055423e-05
5.471231646577344954e+00 -3.963850634670744444e-05 2.627913997406894006e-06 -4.226642034292626970e-05
5.472343004656917920e+00 -2.703835655421763656e-05 5.810948031144717255e-06 -3.284930459003000680e-05
5.473454362736491774e+00 -1.644076485442062807e-05 7.910160154474613070e-06 -2.435092500958479372e-05
5.474565720816064740e+00 -9.739852820855529614e-06 8.697456907097472116e-06 -1.843730972596758361e-05
5.475677078895637706e+00 -8.312476340559347282e-06 8.169510900986443167e-06 -1.648198724395503675e-05
5.476788436975210672e+00 -1.277238607233889892e-05 6.538469298009155968e-06 -1.931085537184955292e-05
5.477899795054784526e+00 -2.283579367950495150e-05 4.187883087704082920e-06 -2.702367677167552724e-05
5.479011153134357492e+00 -3.732339425106551839e-05 1.601949079080366184e-06 -3.892534333413161674e-05
5.480122511213931347e+00 -5.430272546324242666e-05 -7.196956487761773259e-07 -5.358302981711389815e-05
5.481233869293504313e+00 -7.135249105881405832e-05 -2.347307419759336530e-06 -6.900518363803362018e-05
5.482345227373077279e+00 -8.591069877355098083e-05 -2.992459956471484528e-06 -8.291823882406856167e-05
5.483456585452650245e+00 -9.565438648402330851e-05 -2.554071228635229878e-06 -9.310031525644121841e-05
5.484567943532223211e+00 -9.885268597815705799e-05 -1.131909399177896420e-06 -9.772077658054805632e-05
5.485679301611797065e+00 -9.463808476822647975e-05 9.941064714323762357e-07 -9.563219124449507530e-05
5.486790659691370031e+00 -8.315264128303315183e-05 3.414876946362347277e-06 -8.656751823168679777e-05
5.487902017770943885e+00 -6.554479885282921831e-05 5.664540662552656862e-06 -7.120933951575928594e-05
5.489013375850516852e+00 -4.381542280267308048e-05 7.302131931131999746e-06 -5.111755473383942233e-05
5.490124733930089818e+00 -2.053514665759700181e-05 7.988906181227771550e-06 -2.852405283903895750e-05
5.491236092009662784e+00 1.524665935259336691e-06 7.548608109547353230e-06 -6.023942176921516511e-06
5.492347450089236638e+00 1.979128719929636876e-05 6.000841585397748645e-06 1.379044561071289532e-05
5.493458808168809604e+00 3.225922217017264393e-05 3.562129129569183541e-06 2.869709304040464481e-05
5.494570166248383458e+00 3.777148153937242431e-05 6.144909392543284818e-07 3.715699060139127444e-05
5.495681524327956424e+00 3.617043117402156372e-05 -2.353418418325141953e-06 3.852384958178621229e-05
5.496792882407529390e+00 2.829542592476140192e-05 -4.823230703671848674e-06 3.311865662461205458e-05
5.497904240487102356e+00 1.582840281434943347e-05 -6.329647221419809448e-06 2.215805003215462129e-05
5.499015598566675322e+00 1.012450051542795881e-06 -6.536036356720117697e-06 7.548486408472977749e-06
5.500126956646249177e+00 -1.371169277760569960e-05 -5.291003723501813542e-06 -8.420689050061234970e-06
5.501238314725822143e+00 -2.609339969614297289e-05 -2.657135728011876617e-06 -2.343626396287407099e-05
5.502349672805395997e+00 -3.442269565416891663e-05 1.092511993953183868e-06 -3.551520764761596782e-05
5.503461030884968963e+00 -3.778814125260550327e-05 5.509616401243202892e-06 -4.329775765424172945e-05
5.504572388964541929e+00 -3.620155498955824475e-05 1.003208648575067792e-05 -4.623364147332033325e-05
5.505683747044114895e+00 -3.057043213859980679e-05 1.406254905467793203e-05 -4.463298119151103138e-05
5.506795105123688749e+00 -2.252338088738672223e-05 1.705208558127447411e-05 -3.957546646827288933e-05
5.507906463203261715e+00 -1.411752573354015800e-05 1.857689291202095356e-05 -3.269441864755303490e-05
5.509017821282835570e+00 -7.475862014940173883e-06 1.839682584887555037e-05 -2.587268786284624422e-05
5.510129179362408536e+00 -4.413906900362085661e-06 1.648769444212498615e-05 -2.090160134668233791e-05
5.511240537441981502e+00 -6.116855419271679042e-06 1.304324184724286529e-05 -1.916009727461441547e-05
5.512351895521554468e+00 -1.292047424094477795e-05 8.447267414604754584e-06 -2.136774165561403918e-05
5.513463253601127434e+00 -2.423239632024258225e-05 3.220679060462652138e-06 -2.745307538777846772e-05
5.514574611680701288e+00 -3.860794472775519112e-05 -2.048287790530384407e-06 -3.655965694409268538e-05
5.515685969760274254e+00 -5.396968817498537865e-05 -6.780349722697293470e-06 -4.718933845531021742e-05
5.516797327839848109e+00 -6.793661007614519576e-05 -1.047713722773322017e-05 -5.745947284777671443e-05
5.517908685919421075e+00 -7.821078480418734713e-05 -1.277915989574270419e-05 -6.543162490874315090e-05
5.519020043998994041e+00 -8.295971159259091232e-05 -1.350260245869906511e-05 -6.945710913578914680e-05
5.520131402078567007e+00 -8.113254807165948962e-05 -1.265120750404801343e-05 -6.848134056338522901e-05
5.521242760158139973e+00 -7.265845234527817248e-05 -1.040328148721897947e-05 -6.225517086468849298e-05
5.522354118237713827e+00 -5.849354000368907347e-05 -7.077399715817953582e-06 -5.141614028663678282e-05
5.523465476317287681e+00 -4.050671795751987353e-05 -3.083158464849339916e-06 -3.742355949425471562e-05
5.524576834396860647e+00 -2.122012243295674783e-05 1.135047265218684393e-06 -2.235516969562381662e-05
5.525688192476433613e+00 -3.443018979621369213e-06 5.152927562726423148e-06 -8.595946542801734258e-06
5.526799550556006579e+00 1.014485130962057904e-05 8.612547960778807444e-06 1.532303340763367661e-06
5.527910908635579545e+00 1.739611510704524092e-05 1.125457746998546958e-05 6.141537632078919451e-06
5.529022266715153400e+00 1.702216216097648775e-05 1.293380811093325215e-05 4.088354047014327100e-06
5.530133624794726366e+00 8.792038128282411887e-06 1.361801127786298769e-05 -4.825973152481201171e-06
5.531244982874300220e+00 -6.427570338197064609e-06 1.337269414129974433e-05 -1.980026447708860618e-05
5.532356340953873186e+00 -2.679802926389748124e-05 1.233614281029884975e-05 -3.913417207489873137e-05
5.533467699033446152e+00 -4.978115821441340266e-05 1.069004799632682361e-05 -6.047120621245453964e-05
5.534579057113019118e+00 -7.251654569684264778e-05 8.630934829801070241e-06 -8.114748052166602388e-05
5.535690415192592084e+00 -9.224569498563969794e-05 6.346666715256580899e-06 -9.859236170564177754e-05
5.536801773272165939e+00 -1.067176924394444212e-04 4.000712580722525858e-06 -1.107184050235000827e-04
5.537913131351739793e+00 -1.145140776751974593e-04 1.724999444641832965e-06 -1.162390771221434929e-04
5.539024489431312759e+00 -1.152432954313661190e-04 -3.796146029470446291e-07 -1.148636808304395393e-04
5.540135847510885725e+00 -1.095755364453254374e-04 -2.237590545285699428e-06 -1.073379458979683426e-04
5.541247205590458691e+00 -9.911368700456831687e-05 -3.790766744052380356e-06 -9.532292026068114182e-05
5.542358563670031657e+00 -8.612160860015614927e-05 -4.991319629381305348e-06 -8.113028897075835050e-05
5.543469921749605511e+00 -7.315305366665646875e-05 -5.798048799424951241e-06 -6.735500486890460409e-05
5.544581279829178477e+00 -6.263975186686018826e-05 -6.177235644265377155e-06 -5.646251622525282760e-05
5.545692637908752332e+00 -5.650321928521765368e-05 -6.107922262865714334e-06 -5.039529702378876472e-05
5.546803995988325298e+00 -5.585075386846746369e-05 -5.590133146049006593e-06 -5.026062072469174953e-05
5.547915354067898264e+00 -6.080257811249471615e-05 -4.653599410625448266e-06 -5.614897869983667342e-05
5.549026712147471230e+00 -7.047633831230816145e-05 -3.364150032906573350e-06 -6.711218827900114481e-05
5.550138070227044196e+00 -8.313046290578905706e-05 -1.825195409307906304e-06 -8.130526749779414669e-05
5.551249428306618050e+00 -9.644310606376441802e-05 -1.726021058081890318e-07 -9.627050396308293317e-05
5.552360786386191904e+00 -1.078824281431165627e-04 1.437423927547261285e-06 -1.093198520731178749e-04
5.553472144465764870e+00 -1.151100416668451865e-04 2.846324602206448456e-06 -1.179563662669236984e-04
5.554583502545337836e+00 -1.163546954781160062e-04 3.914539203499277191e-06 -1.202692346838384399e-04
5.555694860624910802e+00 -1.106983398539290731e-04 4.542724467498210870e-06 -1.152410643197885123e-04
5.556806218704483769e+00 -9.823073649126590895e-05 4.688990887535631445e-06 -1.029197273829654188e-04
5.557917576784057623e+00 -8.004946669884580729e-05 4.378663357716282463e-06 -8.442813005885528577e-05
5.559028934863630589e+00 -5.810626166803320447e-05 3.704131604546776401e-06 -6.181039327341365103e-05
5.560140292943204443e+00 -3.492423914832482046e-05 2.813945040893104104e-06 -3.773818419698388854e-05
5.561251651022777409e+00 -1.323020779360993548e-05 1.892159085217372358e-06 -1.512236688079766911e-05
5.562363009102350375e+00 4.441303157113989097e-06 1.130727506088368903e-06 3.310575648077240807e-06
5.563474367181923341e+00 1.611205791223911579e-05 6.991289851958469462e-07 1.541292892810047777e-05
5.564585725261496307e+00 2.063771220602267191e-05 7.161456051725481907e-07 1.992156659991499087e-05
5.565697083341070162e+00 1.785861659126452769e-05 1.228615015518197309e-06 1.663000157285481062e-05
5.566808441420644016e+00 8.603489740792447105e-06 2.201037216028166473e-06 6.402452523137855400e-06
5.567919799500216982e+00 -5.451566912505721729e-06 3.518260124030729965e-06 -8.969827038807394459e-06
5.569031157579789948e+00 -2.204429396401950264e-05 5.001355723990060908e-06 -2.704564969339528363e-05
5.570142515659362914e+00 -3.866561334598013489e-05 6.434579124224798583e-06 -4.510019246783524699e-05
5.571253873738935880e+00 -5.292416540041578604e-05 7.599355299769375467e-06 -6.052352070385399324e-05
5.572365231818509734e+00 -6.288077779304564879e-05 8.309906910747473247e-06 -7.119068470180789365e-05
5.573476589898082700e+00 -6.730385128697266572e-05 8.444669830402328631e-06 -7.574852111939030935e-05
5.574587947977656555e+00 -6.581031466294795518e-05 7.968148799755844433e-06 -7.377846346442139269e-05
5.575699306057229521e+00 -5.887553370238426953e-05 6.939288219354276116e-06 -6.581482192265664805e-05
5.576810664136802487e+00 -4.771629407905857850e-05 5.504559580216900690e-06 -5.322085365818806507e-05
5.577922022216375453e+00 -3.407036810002851690e-05 3.876458311987849778e-06 -3.794682641618512403e-05
5.579033380295948419e+00 -1.991121471929015174e-05 2.300549910688859108e-06 -2.221176462740984472e-05
5.580144738375522273e+00 -7.144790183178598847e-06 1.016195575239327726e-06 -8.160985761451093959e-06
5.581256096455096127e+00 2.663870615063411267e-06 2.172756423258476104e-07 2.446594972178211050e-06
5.582367454534669093e+00 8.493556035708837992e-06 1.939611933855417739e-08 8.474159914959814716e-06
5.583478812614242059e+00 9.971678524093360169e-06 4.391563955741920630e-07 9.532522127801094231e-06
5.584590170693815026e+00 7.370443623279203382e-06 1.389201163758620769e-06 5.981242453786603241e-06
5.585701528773387992e+00 1.501927130709117264e-06 2.690262985378960190e-06 -1.188335857941341667e-06
5.586812886852961846e+00 -6.464324431357942879e-06 4.098627729563303302e-06 -1.056295216457329988e-05
5.587924244932534812e+00 -1.522602396561954785e-05 5.344877307511287099e-06 -2.057090127649541245e-05
5.589035603012108666e+00 -2.357485159149280002e-05 6.177814328135310812e-06 -2.975266592461587450e-05
5.590146961091681632e+00 -3.058653043858279574e-05 6.406486064203703633e-06 -3.699301650895731736e-05
5.591258319171254598e+00 -3.574387576490457852e-05 5.933383487387663838e-06 -4.167725925454356106e-05
5.592369677250827564e+00 -3.897548731323502436e-05 4.773190377410277798e-06 -4.374867769191444211e-05
5.593481035330400530e+00 -4.060833839004442114e-05 3.053705923426375713e-06 -4.366204431558058652e-05
5.594592393409974385e+00 -4.124786427265117461e-05 9.984090423510900980e-07 -4.224627331264781127e-05
5.595703751489548239e+00 -4.161164979938139497e-05 -1.106882325961492178e-06 -4.050476747533959115e-05
5.596815109569121205e+00 -4.235035757196186669e-05 -2.958165742881497379e-06 -3.939219182995043478e-05
5.597926467648694171e+00 -4.389092726854286215e-05 -4.281278234528575259e-06 -3.960964903628765217e-05
5.599037825728267137e+00 -4.633216540145279096e-05 -4.876093162881987633e-06 -4.145607223848260178e-05
5.600149183807840103e+00 -4.941261013575483363e-05 -4.649682291619763798e-06 -4.476292784631047406e-05
5.601260541887413957e+00 -5.255683309658698565e-05 -3.632904842343611588e-06 -4.892392825917501673e-05
5.602371899966986923e+00 -5.499160395462492079e-05 -1.977480398881331387e-06 -5.301412355206060883e-05
5.603483258046560778e+00 -5.591017364731890732e-05 6.628563181561286915e-08 -5.597645928191556652e-05
5.604594616126133744e+00 -5.465367253149663179e-05 2.187826319128259329e-06 -5.684149885012458603e-05
5.605705974205706710e+00 -5.087489045457142117e-05 4.064751356530155136e-06 -5.493964181423754978e-05
5.606817332285279676e+00 -4.465219260470221219e-05 5.413750760442079040e-06 -5.006594336587257693e-05
5.607928690364852642e+00 -3.652963418453777228e-05 6.035818730967888301e-06 -4.256545291675753462e-05
5.609040048444426496e+00 -2.747205556905343848e-05 5.848465706823801269e-06 -3.332052127506986150e-05
5.610151406524000350e+00 -1.873890457485243716e-05 4.899594412056300710e-06 -2.363849898772297370e-05
5.611262764603573316e+00 -1.169516339911448599e-05 3.360606193970124174e-06 -1.505576959265862713e-05
5.612374122683146282e+00 -7.589523369012744769e-06 1.499619672600416981e-06 -9.089143040824729930e-06
5.613485480762719249e+00 -7.336771527003457111e-06 -3.611069686162009002e-07 -6.975664557781844494e-06
5.614596838842292215e+00 -1.134198365093349106e-05 -1.896874750155164250e-06 -9.445108904502456243e-06
5.615708196921866069e+00 -1.939834047999305575e-05 -2.833153113337223190e-06 -1.656518737107857443e-05
5.616819555001439035e+00 -3.067906674209582712e-05 -2.990659484366683105e-06 -2.768840725669548600e-05
5.617930913081012889e+00 -4.382893286818557305e-05 -2.315594587579225972e-06 -4.151333828579777813e-05
5.619042271160585855e+00 -5.714443347615977276e-05 -8.900296567988672186e-07 -5.625440382004982115e-05
5.620153629240158821e+00 -6.881684518735779049e-05 1.079423684321182330e-06 -6.989626886918891280e-05
5.621264987319731787e+00 -7.720137916606816669e-05 3.293068981497377637e-06 -8.049444814654891506e-05
5.622376345399304753e+00 -8.107044882318600876e-05 5.404879538401560334e-06 -8.647532836405895373e-05
5.623487703478878608e+00 -7.981061632227753888e-05 7.077238343811104821e-06 -8.688785467183754441e-05
5.624599061558452462e+00 -7.353090295387706976e-05 8.035013261446614929e-06 -8.156591621693784488e-05
5.625710419638025428e+00 -6.306361364238986106e-05 8.110353415800695574e-06 -7.117396705756586645e-05
5.626821777717598394e+00 -4.985551170724050740e-05 7.271003397169893494e-06 -5.712651510564759755e-05
5.627933135797171360e+00 -3.576442558931962334e-05 5.627499519808538226e-06 -4.139192511598641794e-05
5.629044493876744326e+00 -2.279139919157853467e-05 3.417932499976187016e-06 -2.620933169197436213e-05
5.630155851956318180e+00 -1.278887885107710468e-05 9.725073542731264105e-07 -1.376138621397371767e-05
5.631267210035891146e+00 -7.189470549188699613e-06 -1.336660466077393191e-06 -5.852810086216624075e-06
5.632378568115465001e+00 -6.796817153247676404e-06 -3.152715842096585455e-06 -3.644101310013547724e-06
5.633489926195037967e+00 -1.167059970800339228e-05 -4.189274804690582932e-06 -7.481324902685205364e-06
5.634601284274610933e+00 -2.112304721216783088e-05 -4.275029106550586727e-06 -1.684801811043488973e-05
5.635712642354183899e+00 -3.382699722708241638e-05 -3.380746501297624191e-06 -3.044625072498152035e-05
5.636824000433756865e+00 -4.801822248216586903e-05 -1.624424509150240704e-06 -4.639379797488109303e-05
5.637935358513330719e+00 -6.176020259440057059e-05 7.462186732433136269e-07 -6.250642126926202885e-05
5.639046716592903685e+00 -7.323006937927020732e-05 3.391180206095673446e-06 -7.662124958592812091e-05
5.640158074672477539e+00 -8.098157679071148196e-05 5.929684622085372100e-06 -8.691126141944539862e-05
5.641269432752050506e+00 -8.414506116570085598e-05 7.997735983461740821e-06 -9.214279714836372953e-05
5.642380790831623472e+00 -8.253476235115485282e-05 9.302763485836659015e-06 -9.183752584017781939e-05
5.643492148911196438e+00 -7.664886397444701377e-05 9.666916917723604149e-06 -8.631578089810746507e-05
5.644603506990770292e+00 -6.756474132517138048e-05 9.052399674970860923e-06 -7.661714100183712045e-05
5.645714865070343258e+00 -5.674842137540735132e-05 7.565089499733985306e-06 -6.431351088571121005e-05
5.646826223149917112e+00 -4.581051144447951043e-05 5.436130663671119752e-06 -5.124664210485498084e-05
5.647937581229490078e+00 -3.624874697576185335e-05 2.984637128215458270e-06 -3.923338409986330648e-05
5.649048939309063044e+00 -2.921863609498665101e-05 5.675751481196073314e-07 -2.978621124567586154e-05
5.650160297388636010e+00 -2.536829202193691037e-05 -1.475166045046539637e-06 -2.389312598109543870e-05
5.651271655468208976e+00 -2.476240551029136594e-05 -2.871855899611696478e-06 -2.189054961477783848e-05
5.652383013547782831e+00 -2.690528468124366718e-05 -3.458227694148332480e-06 -2.344705698808981914e-05
5.653494371627355797e+00 -3.085647865502198078e-05 -3.199060963307123512e-06 -2.765741769269764588e-05
5.654605729706929651e+00 -3.541739328433678169e-05 -2.189000337589455713e-06 -3.322839294970375557e-05
5.655717087786502617e+00 -3.935596236604842896e-05 -6.329232546852718664e-07 -3.872303911834577145e-05
5.656828445866075583e+00 -4.163067302938045638e-05 1.190572190566473827e-06 -4.282124522465673155e-05
5.657939803945648549e+00 -4.157595243837325372e-05 2.976346448623119496e-06 -4.455229889241407726e-05
5.659051162025222403e+00 -3.901791922946221125e-05 4.442746015992994927e-06 -4.346066524922587160e-05
5.660162520104795369e+00 -3.430158169879377050e-05 5.376337812119800141e-06 -3.967791951519847315e-05
5.661273878184369224e+00 -2.822568025451135248e-05 5.664207402720532257e-06 -3.388988766065553770e-05
5.662385236263942190e+00 -2.189700349673317364e-05 5.308821178816213924e-06 -2.720582467362429174e-05
5.663496594343515156e+00 -1.652955846357436615e-05 4.423380166422479832e-06 -2.095293863696922818e-05
5.664607952423088122e+00 -1.322321559537676175e-05 3.208820710564769002e-06 -1.643203630795038797e-05
5.665719310502661088e+00 -1.275985894549967834e-05 1.916615676197774680e-06 -1.467647462233300556e-05
5.666830668582234942e+00 -1.545212039593069292e-05 8.038121083075865875e-07 -1.625593250576201979e-05
5.667942026661807908e+00 -2.107096623824933693e-05 8.794091128906217055e-08 -2.115890714916163207e-05
5.669053384741381763e+00 -2.886521775069582699e-05 -9.063545537283171621e-08 -2.877458229973801559e-05
5.670164742820954729e+00 -3.767071845173133177e-05 3.073121814359708629e-07 -3.797803063645792399e-05
5.671276100900527695e+00 -4.609185457194516639e-05 1.213514402458322592e-06 -4.730536897899675214e-05
5.672387458980100661e+00 -5.272597685312702814e-05 2.464383215415816373e-06 -5.519036007056461052e-05
5.673498817059674515e+00 -5.639396421468472614e-05 3.829580460017813518e-06 -6.022354467606714362e-05
5.674610175139247481e+00 -5.633891713519544042e-05 5.052090482088691416e-06 -6.139100761770599490e-05
5.675721533218821335e+00 -5.235997466299709829e-05 5.893008867921431483e-06 -5.825298353331377632e-05
5.676832891298394301e+00 -4.485868931587179420e-05 6.173488122481640044e-06 -5.103217743494814496e-05
5.677944249377967267e+00 -3.478955080257143534e-05 5.806765889778428644e-06 -4.059631669381391639e-05
5.679055607457540233e+00 -2.352180728542284383e-05 4.814857409231313085e-06 -2.833666470038707919e-05
5.680166965537113200e+00 -1.263413849977596676e-05 3.327044600185907297e-06 -1.596118310425104561e-05
5.681278323616687054e+00 -3.674645640762159299e-06 1.560316948271290444e-06 -5.234962592225340938e-06
5.682389681696260020e+00 2.075741961760297141e-06 -2.150850182691755653e-07 2.290826978417013354e-06
5.683501039775833874e+00 3.798879411079581414e-06 -1.719397469074433055e-06 5.518276874553486831e-06
5.684612397855406840e+00 1.263090815193735131e-06 -2.709157906693225126e-06 3.972248719496043745e-06
5.685723755934979806e+00 -5.144435235373678167e-06 -3.017584820701890583e-06 -2.126850416969347513e-06
5.686835114014552772e+00 -1.448123603285103242e-05 -2.582843186611918440e-06 -1.189839284554882956e-05
5.687946472094125738e+00 -2.539849822443332461e-05 -1.459495579855080941e-06 -2.393900264811062856e-05
5.689057830173699593e+00 -3.635112947791320492e-05 1.888199061762156714e-07 -3.653994938978329804e-05
5.690169188253273447e+00 -4.583524578486309481e-05 2.114379177472542519e-06 -4.794962496759962861e-05
5.691280546332846413e+00 -5.261531274920131646e-05 4.024037825534494120e-06 -5.663935057008320090e-05
5.692391904412419379e+00 -5.590526472309606532e-05 5.625347047212624161e-06 -6.153061177161401468e-05
5.693503262491992345e+00 -5.547574875955536833e-05 6.672675153822734588e-06 -6.214842391931516691e-05
5.694614620571565311e+00 -5.167186231535073060e-05 7.005885391770728162e-06 -5.867774771021669333e-05
5.695725978651139165e+00 -4.534035861267996653e-05 6.575330140454495038e-06 -5.191568875103323710e-05
5.696837336730712131e+00 -3.767986933807775107e-05 5.449146103376069188e-06 -4.312901544042176821e-05
5.697948694810285986e+00 -3.003987010018541182e-05 3.801710820624460883e-06 -3.384158092247478711e-05
5.699060052889858952e+00 -2.370192891827573728e-05 1.885177864699015982e-06 -2.558710678641855883e-05
5.700171410969431918e+00 -1.967900931188100444e-05 -1.125213926704950532e-08 -1.966775717210584359e-05
5.701282769049004884e+00 -1.856493496871854283e-05 -1.607691389011732969e-06 -1.695724358221099501e-05
5.702394127128577850e+00 -2.045726594393894662e-05 -2.678029974726484189e-06 -1.777923597624624097e-05
5.703505485208151704e+00 -2.496427233054194714e-05 -3.085315873878121816e-06 -2.187895646187012350e-05
5.704616843287725558e+00 -3.129257644030568331e-05 -2.802364887755377895e-06 -2.849021155483695555e-05
5.705728201367298524e+00 -3.839869717949234013e-05 -1.914343278761030417e-06 -3.648435390560429703e-05
5.706839559446871490e+00 -4.517738932582893163e-05 -6.030178218209580367e-07 -4.457437150690198024e-05
5.707950917526444456e+00 -5.065400521382656951e-05 8.846385131351739827e-07 -5.153864373500655072e-05
5.709062275606017423e+00 -5.414801235951571118e-05 2.278250569735161503e-06 -5.642626293299486673e-05
5.710173633685591277e+00 -5.538023774476034944e-05 3.329335538197129548e-06 -5.870957328440052497e-05
5.711284991765164243e+00 -5.450640318408091212e-05 3.852619497397895493e-06 -5.835902268608826604e-05
5.712396349844738097e+00 -5.207237244597966858e-05 3.756581623572122154e-06 -5.582895407234798879e-05
5.713507707924311063e+00 -4.890002379715624459e-05 3.058216498938117920e-06 -5.195824030122721954e-05
5.714619066003884029e+00 -4.592455663894124199e-05 1.879608231268993599e-06 -4.780416487325071795e-05
5.715730424083456995e+00 -4.401230226223689854e-05 4.269048617714342464e-07 -4.443920712729346537e-05
5.716841782163029961e+00 -4.379137178983096533e-05 -1.044821681772073831e-06 -4.274655010780390070e-05
5.717953140242603816e+00 -4.552520529385600681e-05 -2.275019123249309584e-06 -4.325018617042130416e-05
5.719064498322177670e+00 -4.905167309323830646e-05 -3.042216448804066161e-06 -4.600945664365828358e-05
5.720175856401750636e+00 -5.379908420637038308e-05 -3.202319301093914199e-06 -5.059676490998601950e-05
5.721287214481323602e+00 -5.887720067747088254e-05 -2.714264359606933402e-06 -5.616293631845225079e-05
5.722398572560896568e+00 -6.322836546881777792e-05 -1.648712083761932272e-06 -6.157965338937209515e-05
5.723509930640469534e+00 -6.581334146345783898e-05 -1.782217131864630112e-07 -6.563511975368405138e-05
5.724621288720043388e+00 -6.580019661526007035e-05 1.449621935363878695e-06 -6.724981855398166897e-05
5.725732646799616354e+00 -6.272364556030290278e-05 2.951865869266754629e-06 -6.567551143811002634e-05
5.726844004879190209e+00 -5.658684251174956464e-05 4.056257636364177244e-06 -6.064310015016158295e-05
5.727955362958763175e+00 -4.788697402191306046e-05 4.546272515371237947e-06 -5.243324653735406682e-05
5.729066721038336141e+00 -3.755858825357782926e-05 4.297772022824862819e-06 -4.185636027373949852e-05
5.730178079117909107e+00 -2.684232321145153810e-05 3.301279084949866973e-06 -3.014360229799603608e-05
5.731289437197482073e+00 -1.709927860940076150e-05 1.666143878780831553e-06 -1.876542249035608248e-05
5.732400795277055927e+00 -9.600611162358801964e-06 -3.942292738409302472e-07 -9.206381890586746303e-06
5.733512153356629781e+00 -5.326437360602970933e-06 -2.593886182619602816e-06 -2.732551185964356491e-06
5.734623511436202747e+00 -4.807036835980673349e-06 -4.617660823790097654e-06 -1.893760157255491156e-07
5.735734869515775713e+00 -8.032793704792259154e-06 -6.169540764115326957e-06 -1.863252944603907384e-06
5.736846227595348680e+00 -1.444835349139047750e-05 -7.018431752410949460e-06 -7.429921740243362188e-06
5.737957585674921646e+00 -2.303288893193379192e-05 -7.034089879763849595e-06 -1.599879905662482740e-05
5.739068943754495500e+00 -3.245438320172589625e-05 -6.207540252913941957e-06 -2.624684295603196826e-05
5.740180301834068466e+00 -4.127374752790381740e-05 -4.652755956987230084e-06 -3.662099157475916245e-05
5.741291659913642320e+00 -4.816639031479316713e-05 -2.589336085024744648e-06 -4.557705423115405996e-05
5.742403017993215286e+00 -5.212589751289742335e-05 -3.089222369946414623e-07 -5.181697527867346054e-05
5.743514376072788252e+00 -5.261727270060388012e-05 1.869349678826142617e-06 -5.448662238331097862e-05
5.744625734152361218e+00 -4.965527600195567687e-05 3.647357274036622981e-06 -5.330263327741214391e-05
5.745737092231934184e+00 -4.379547638019322398e-05 4.792863550893571066e-06 -4.858833993486369462e-05
5.746848450311508039e+00 -3.603972939732191794e-05 5.173773037768982929e-06 -4.121350243887784287e-05
5.747959808391081893e+00 -2.767160194428342629e-05 4.776509960531142652e-06 -3.244811190864903966e-05
5.749071166470654859e+00 -2.004853697815502447e-05 3.705795621271914782e-06 -2.375433260172260183e-05
5.750182524550227825e+00 -1.438444616851911224e-05 2.166054152865371234e-06 -1.655050032256868975e-05
5.751293882629800791e+00 -1.155780693434295143e-05 4.275678167784301360e-07 -1.198537474956617825e-05
5.752405240709373757e+00 -1.197602144597425047e-05 -1.217124065076167861e-06 -1.075889738298848285e-05
5.753516598788947611e+00 -1.551746502138429476e-05 -2.499608033669587577e-06 -1.301785698895846326e-05
5.754627956868520577e+00 -2.155987446083749634e-05 -3.217425855411908077e-06 -1.834244860242058642e-05
5.755739314948094432e+00 -2.908958253129093757e-05 -3.264820758147184447e-06 -2.582476177630504272e-05
5.756850673027667398e+00 -3.687293842716873188e-05 -2.647703413034650918e-06 -3.422523501211451047e-05
5.757962031107240364e+00 -4.366119916875219747e-05 -1.480697556133318002e-06 -4.218050161911793966e-05
5.759073389186813330e+00 -4.839490503462124532e-05 3.300880390957807321e-08 -4.842791384109586955e-05
5.760184747266386296e+00 -5.037408509900222903e-05 1.635565042166153230e-06 -5.200965014284970878e-05
5.761296105345960150e+00 -4.936652545958677279e-05 3.056537109618885596e-06 -5.242306256924341573e-05
5.762407463425534004e+00 -4.563676891211707748e-05 4.056369759909095817e-06 -4.969313867600119727e-05
5.763518821505106970e+00 -3.989178119524847826e-05 4.464315937751644624e-06 -4.435609713778106145e-05
5.764630179584679937e+00 -3.315308785969191957e-05 4.204898317100152225e-06 -3.735798617832651602e-05
5.765741537664252903e+00 -2.657738971580158108e-05 3.308880192182841302e-06 -2.988626990872060921e-05
5.766852895743825869e+00 -2.125616631212020463e-05 1.907247611336830432e-06 -2.316341393206449578e-05
5.767964253823399723e+00 -1.802817329362989100e-05 2.094294245921218410e-07 -1.823760272492373075e-05
5.769075611902972689e+00 -1.733648699578608246e-05 -1.530531660799551742e-06 -1.580595533731329804e-05
5.770186969982546543e+00 -1.915420861330367416e-05 -3.054290648905748937e-06 -1.609991796961058631e-05
5.771298328062119509e+00 -2.299138169407737020e-05 -4.139494476645477013e-06 -1.885188721466269854e-05
5.772409686141692475e+00 -2.798200971443950275e-05 -4.633680176992943135e-06 -2.334832954295398139e-05
5.773521044221265441e+00 -3.303656613953646903e-05 -4.476537195486664233e-06 -2.856002894332642511e-05
5.774632402300838407e+00 -3.703430305378521692e-05 -3.707250768206842256e-06 -3.332705228687848215e-05
5.775743760380412262e+00 -3.902285001229285899e-05 -2.456088611664208042e-06 -3.656676140447161910e-05
5.776855118459986116e+00 -3.839117943981416869e-05 -9.219252092355597391e-07 -3.746925423376342573e-05
5.777966476539559082e+00 -3.498626513082775391e-05 6.603931428507230084e-07 -3.564665828207410486e-05
5.779077834619132048e+00 -2.915298882368456274e-05 2.057403965222571324e-06 -3.121039278797775596e-05
5.780189192698705014e+00 -2.168953379478710114e-05 3.073039530934789038e-06 -2.476257332940327155e-05
5.781300550778277980e+00 -1.372457552963404770e-05 3.577593480353399424e-06 -1.730216901189591400e-05
5.782411908857851834e+00 -6.535694641479974920e-06 3.525222560910867288e-06 -1.006091720588643199e-05
5.783523266937424800e+00 -1.338433142073457149e-06 2.957529166033168308e-06 -4.295962307665490698e-06
5.784634625016998655e+00 9.193773588434418081e-07 1.993089527084977144e-06 -1.073712174121414439e-06
5.785745983096571621e+00 -2.761335074508717083e-07 8.050785498497097143e-07 -1.081212059532638600e-06
5.786857341176144587e+00 -4.906095129228438788e-06 -4.089777003544890272e-07 -4.497117433668700037e-06
5.787968699255717553e+00 -1.240486855842519963e-05 -1.460117229308613418e-06 -1.094475133384771245e-05
5.789080057335290519e+00 -2.173436995167024252e-05 -2.198031332178715174e-06 -1.953633862175532115e-05
5.790191415414864373e+00 -3.153596113229968634e-05 -2.533459161610938557e-06 -2.900250197750055964e-05
5.791302773494438227e+00 -4.033640857136096269e-05 -2.449435849892719918e-06 -3.788697271908583047e-05
5.792414131574011193e+00 -4.677542272235601928e-05 -1.999900525971045565e-06 -4.477552220171453212e-05
5.793525489653584160e+00 -4.981853592747349097e-05 -1.296332905986884881e-06 -4.852220302606780750e-05
5.794636847733157126e+00 -4.892117587231795822e-05 -4.850891535419365064e-07 -4.843608672140068544e-05
5.795748205812730092e+00 -4.411742503282901212e-05 2.803829685072659495e-07 -4.439780800731974592e-05
5.796859563892303946e+00 -3.601890814238818683e-05 8.674978523736965328e-07 -3.688640599858010460e-05
5.797970921971876912e+00 -2.572358827906441603e-05 1.187786330580605561e-06 -2.691137461378109025e-05
5.799082280051450766e+00 -1.464866136711984179e-05 1.211493270440321297e-06 -1.586015463727469266e-05
5.800193638131023732e+00 -4.313885855702741245e-06 9.711338220160919141e-07 -5.285019681383965051e-06
5.801304996210596698e+00 3.890394705594480557e-06 5.535820227688334765e-07 3.336812681550577891e-06
5.802416354290169664e+00 8.913866836431343782e-06 8.227188034753729921e-08 8.831594947807542423e-06
5.803527712369742630e+00 1.020231203648059269e-05 -3.071968108607822708e-07 1.050950884741913343e-05
5.804639070449316485e+00 7.774739838217270896e-06 -4.936271865062859558e-07 8.268367022985865372e-06
5.805750428528889451e+00 2.209908058668601238e-06 -3.941913561453220085e-07 2.604099411972812111e-06
5.806861786608463305e+00 -5.454917222813548960e-06 1.851191625787699732e-08 -5.473429139456371939e-06
5.807973144688036271e+00 -1.389609999652777206e-05 7.093988233221012237e-07 -1.460549882200887217e-05
5.809084502767609237e+00 -2.171857133988035204e-05 1.585184451554147705e-06 -2.330375579501046956e-05
5.810195860847182203e+00 -2.767882611727674746e-05 2.509371533255142449e-06 -3.018819765484258288e-05
5.811307218926756057e+00 -3.088022809342397951e-05 3.325431580222039689e-06 -3.420565967746265479e-05
5.812418577006329024e+00 -3.090964010242589627e-05 3.884217274258648916e-06 -3.479385738272382234e-05
5.813529935085902878e+00 -2.789413336794568932e-05 4.070870183847877656e-06 -3.196500355849476310e-05
5.814641293165475844e+00 -2.246962712210490154e-05 3.826520739634288416e-06 -2.629614786373284802e-05
5.815752651245048810e+00 -1.566762778684380186e-05 3.160915282411944994e-06 -1.882854307167208113e-05
5.816864009324621776e+00 -8.739438177869218033e-06 2.153609241620807360e-06 -1.089304742096482495e-05
5.817975367404194742e+00 -2.947154586664755410e-06 9.432846987879626782e-07 -3.890439288392003730e-06
5.819086725483768596e+00 6.441346748328660027e-07 -2.932372867621034409e-07 9.373719568653814116e-07
5.820198083563341562e+00 1.339083208582976872e-06 -1.368952707636442357e-06 2.708035914571909654e-06
5.821309441642915417e+00 -1.078042471716091077e-06 -2.117040248946225279e-06 1.038997776004694368e-06
5.822420799722488383e+00 -6.313596327786174384e-06 -2.418609058690461078e-06 -3.894987267574496342e-06
5.823532157802061349e+00 -1.361884782431982757e-05 -2.223169288956532846e-06 -1.139567854004401234e-05
5.824643515881634315e+00 -2.191847204595625404e-05 -1.558315447488321901e-06 -2.036015659808137340e-05
5.825754873961208169e+00 -2.999128100809357600e-05 -5.268568947497924036e-07 -2.946442411706686609e-05
5.826866232040781135e+00 -3.667285477807879362e-05 7.083167692605013945e-07 -3.738117155227971972e-05
5.827977590120354989e+00 -4.104639951826773853e-05 1.949323900712218336e-06 -4.299572342672704217e-05
5.829088948199927955e+00 -4.259039771961105336e-05 2.994362143231993085e-06 -4.558475986226641352e-05
5.830200306279500921e+00 -4.125901583808527090e-05 3.669774607654082972e-06 -4.492879044351322931e-05
5.831311664359073887e+00 -3.748255043478816717e-05 3.857917450600151146e-06 -4.134046788928369409e-05
5.832423022438646854e+00 -3.208853016684748427e-05 3.516280881482852089e-06 -3.560481104897608717e-05
5.833534380518220708e+00 -2.615724115181874282e-05 2.684709812234410773e-06 -2.884195096737769692e-05
5.834645738597793674e+00 -2.083623159271699721e-05 1.479487663343196377e-06 -2.231571926062346500e-05
5.835757096677367528e+00 -1.714501226318383524e-05 7.517500920329131140e-08 -1.722018727030611568e-05
5.836868454756940494e+00 -1.580261549756771695e-05 -1.322914040081997629e-06 -1.447970145814544279e-05
5.837979812836513460e+00 -1.710670111914919678e-05 -2.511186599399072770e-06 -1.459551452311178433e-05
5.839091170916086426e+00 -2.088417312987359518e-05 -3.319971767910335266e-06 -1.756420136558791041e-05
5.840202528995659392e+00 -2.652127145257639901e-05 -3.640256715816504512e-06 -2.288101474085110429e-05
5.841313887075233247e+00 -3.306782736880358245e-05 -3.440646378831638155e-06 -2.962718099125231930e-05
5.842425245154807101e+00 -3.939801722199938461e-05 -2.771816340623020538e-06 -3.662620088759529352e-05
5.843536603234380067e+00 -4.440057946650515647e-05 -1.757754751814869626e-06 -4.264282471707833699e-05
5.844647961313953033e+00 -4.716660590190196317e-05 -5.752307130087294575e-07 -4.659137518674919681e-05
5.845759319393525999e+00 -4.714348477732107495e-05 5.751656712703903879e-07 -4.771865044920185761e-05
5.846870677473098965e+00 -4.422926541178002352e-05 1.501702931099352834e-06 -4.573096834413915152e-05
5.847982035552672819e+00 -3.879168404191234848e-05 2.052601871926822770e-06 -4.084428591810164433e-05
5.849093393632245785e+00 -3.160866695949178518e-05 2.140503369968554145e-06 -3.374917032964407093e-05
5.850204751711819640e+00 -2.374022640953040580e-05 1.756355347552762420e-06 -2.549658175745803113e-05
5.851316109791392606e+00 -1.635310507700415625e-05 9.704902787666537089e-07 -1.732359535774365134e-05
5.852427467870965572e+00 -1.052741065321258218e-05 -7.924946613961696357e-08 -1.044816118972793917e-05
5.853538825950538538e+00 -7.077501252814727417e-06 -1.210375593922229321e-06 -5.867125656562307071e-06
5.854650184030111504e+00 -6.417035518125648041e-06 -2.225861911598065980e-06 -4.191173609099306226e-06
5.855761542109685358e+00 -8.490780244983526376e-06 -2.946581181929759381e-06 -5.544199067037715312e-06
5.856872900189259212e+00 -1.278467784863145107e-05 -3.240787434673973429e-06 -9.543890416666492293e-06
5.857984258268832178e+00 -1.841266353638619513e-05 -3.045851920266572283e-06 -1.536681161456348102e-05
5.859095616348405144e+00 -2.426593962675041571e-05 -2.378730393738773046e-06 -2.188720923825600989e-05
5.860206974427978110e+00 -2.919998490264179986e-05 -1.333478351230068496e-06 -2.786650655661315062e-05
5.861318332507551077e+00 -3.222822903548808876e-05 -6.623878472095503026e-08 -3.216199025616890000e-05
5.862429690587124931e+00 -3.269012684370322525e-05 1.229839763516697715e-06 -3.391996661083508668e-05
5.863541048666697897e+00 -3.036551227611917342e-05 2.355668554644818461e-06 -3.272118083808440298e-05
5.864652406746271751e+00 -2.551594206830383460e-05 3.138221167011526528e-06 -2.865416324105730939e-05
5.865763764825844717e+00 -1.884578531442804294e-05 3.458289063104974721e-06 -2.230407438058752689e-05
5.866875122905417683e+00 -1.138910339022660562e-05 3.269510206159437606e-06 -1.465861360309527600e-05
5.867986480984990649e+00 -4.340692292433695476e-06 2.605619241678231888e-06 -6.946311541611814577e-06
5.869097839064563615e+00 1.141015282834535738e-06 1.574785982135138936e-06 -4.337706998197056463e-07
5.870209197144137470e+00 4.126701210621598268e-06 3.420036603580116114e-07 3.784697547987202551e-06
5.871320555223711324e+00 4.072655773229376906e-06 -8.975816196799438576e-07 4.970237388513985485e-06
5.872431913303284290e+00 9.149369880109142761e-07 -1.950055733450746478e-06 2.864992716235703792e-06
5.873543271382857256e+00 -4.914716553536301394e-06 -2.653749053535503185e-06 -2.260967504255986804e-06
5.874654629462430222e+00 -1.255431259294731081e-05 -2.904875573941283293e-06 -9.649437022787345219e-06
5.875765987542003188e+00 -2.084808123396396026e-05 -2.673693173918796997e-06 -1.817438806746458912e-05
5.876877345621577042e+00 -2.853198294906333227e-05 -2.008635137389539024e-06 -2.652334782010396658e-05
5.877988703701150008e+00 -3.443806988906016747e-05 -1.027823165144448546e-06 -3.341024672343356067e-05
5.879100061780723863e+00 -3.768430033060290313e-05 1.005840825575094648e-07 -3.778488441489799565e-05
5.880211419860296829e+00 -3.781865386506474969e-05 1.185957222255991351e-06 -3.900461109035760487e-05
5.881322777939869795e+00 -3.489375784735977010e-05 2.046169875258920271e-06 -3.693992772907817718e-05
5.882434136019442761e+00 -2.945952765848885990e-05 2.536953813517836640e-06 -3.199648147427305855e-05
5.883545494099015727e+00 -2.247469061850571742e-05 2.574908614002375737e-06 -2.504959923532116411e-05
5.884656852178589581e+00 -1.515133172006648613e-05 2.150501966845935753e-06 -1.730183368731097460e-05
5.885768210258163435e+00 -8.757582603902049762e-06 1.329045551590996130e-06 -1.008662816450031294e-05
5.886879568337736401e+00 -4.410490768713909784e-06 2.395941635942972717e-07 -4.650084932991769421e-06
5.887990926417309367e+00 -2.892787444829067640e-06 -9.463291859691065275e-07 -1.946458260316695152e-06
5.889102284496882334e+00 -4.523466426834747527e-06 -2.042649064573238689e-06 -2.480817365425956166e-06
5.890213642576455300e+00 -9.103380993328354792e-06 -2.878718375617789747e-06 -6.224662623483846746e-06
5.891325000656029154e+00 -1.594489317131375997e-05 -3.326497232024422878e-06 -1.261839594162957393e-05
5.892436358735602120e+00 -2.398094500412860375e-05 -3.320565269238605084e-06 -2.066037974028525973e-05
5.893547716815175974e+00 -3.193599478312943163e-05 -2.867809314515399645e-06 -2.906818547567836808e-05
5.894659074894748940e+00 -3.853118722661058593e-05 -2.045336636823626088e-06 -3.648585058947054899e-05
5.895770432974321906e+00 -4.269053698787751705e-05 -9.870914557179674307e-07 -4.170344553702885065e-05
5.896881791053894872e+00 -4.371472712332100802e-05 1.385174420613166993e-07 -4.385324456621098044e-05
5.897993149133467838e+00 -4.139437663888950042e-05 1.156234539505262855e-06 -4.255061118070471021e-05
5.899104507213041693e+00 -3.604445778564602937e-05 1.912267020620490279e-06 -3.795672481353949690e-05
5.900215865292615547e+00 -2.845434826500257974e-05 2.298673081100834808e-06 -3.075302135143245796e-05
5.901327223372188513e+00 -1.976168672522277819e-05 2.269911231559217763e-06 -2.203159796059471487e-05
5.902438581451761479e+00 -1.127054941399766030e-05 1.848960551320707156e-06 -1.311950997384767753e-05
5.903549939531334445e+00 -4.243446901511585545e-06 1.122158557804981511e-06 -5.365605460499675572e-06
5.904661297610907411e+00 2.991734128351356686e-07 2.237611729433817303e-07 7.541223921974510302e-08
5.905772655690481265e+00 1.739547851450828279e-06 -6.870983982611208459e-07 2.426646244257902284e-06
5.906884013770054231e+00 -4.247269864716268772e-08 -1.453160008576412379e-06 1.410687308918629271e-06
5.907995371849628086e+00 -4.655236429360574968e-06 -1.945042278450714976e-06 -2.710194147515290752e-06
5.909106729929201052e+00 -1.126374637652098956e-05 -2.082226097443256002e-06 -9.181520283534604088e-06
5.910218088008774018e+00 -1.872921429059990275e-05 -1.845617441489341747e-06 -1.688359685238140923e-05
5.911329446088346984e+00 -2.579666194448340666e-05 -1.279720835908621651e-06 -2.451694111371000018e-05
5.912440804167919950e+00 -3.129980173217482980e-05 -4.841948238367820706e-07 -3.081560691403986696e-05
5.913552162247493804e+00 -3.434975276894128987e-05 4.036789805229179387e-07 -3.475343175659423300e-05
5.914663520327067658e+00 -3.447694497207050984e-05 1.232592267584616918e-06 -3.570953724211459873e-05
5.915774878406640624e+00 -3.170333959736856833e-05 1.862875463413911142e-06 -3.356621506672360922e-05
5.916886236486213591e+00 -2.653358495015301077e-05 2.189931844416519017e-06 -2.872351679770231841e-05
5.917997594565786557e+00 -1.986702728360833364e-05 2.161551593909811467e-06 -2.202857888262878955e-05
5.919108952645359523e+00 -1.284543585691917678e-05 1.786270509837863617e-06 -1.463170637129454846e-05
5.920220310724933377e+00 -6.661761407053112122e-06 1.131453669347504219e-06 -7.793215078252813122e-06
5.921331668804506343e+00 -2.361525646450181315e-06 3.115072542674842760e-07 -2.673032906171839487e-06
5.922443026884080197e+00 -6.695224981745177828e-07 -5.317352852398893835e-07 -1.377872117672238744e-07
5.923554384963653163e+00 -1.870237001438935197e-06 -1.253115752548074663e-06 -6.171212514532791946e-07
5.924665743043226129e+00 -5.761474112277393048e-06 -1.728678600063607458e-06 -4.032795512089095563e-06
5.925777101122799095e+00 -1.168860556470269901e-05 -1.876513840961452665e-06 -9.812091723761934281e-06
5.926888459202372061e+00 -1.865358854362441157e-05 -1.670444902795054521e-06 -1.698314364707680102e-05
5.927999817281945916e+00 -2.548063948381359273e-05 -1.144304355882742180e-06 -2.433633513108154206e-05
5.929111175361519770e+00 -3.101119303690336171e-05 -3.861231468963187202e-07 -3.062506989295107201e-05
5.930222533441092736e+00 -3.429602749707022502e-05 4.767537105316091428e-07 -3.477278121025249163e-05
5.931333891520665702e+00 -3.475297007989389120e-05 1.299101463433374130e-06 -3.605207154338749276e-05
5.932445249600238668e+00 -3.226430400195875320e-05 1.942192888343456875e-06 -3.420649689325674231e-05
5.933556607679811634e+00 -2.719793612674260147e-05 2.297033225254668841e-06 -2.949496935520604796e-05
5.934667965759385488e+00 -2.034891172903677964e-05 2.302571727642231626e-06 -2.265148345865358737e-05
5.935779323838958454e+00 -1.281091526901100702e-05 1.955858646094564774e-06 -1.476677391588085766e-05
5.936890681918532309e+00 -5.798846879877857935e-06 1.312468544811012830e-06 -7.111315422466540914e-06
5.938002039998105275e+00 -4.515251783962677401e-07 4.771383242816983343e-07 -9.286635074949069202e-07
5.939113398077678241e+00 2.353239998343866803e-06 -4.138000131133094043e-07 2.767040007218006699e-06
5.940224756157251207e+00 2.141056337717306499e-06 -1.215247294542302320e-06 3.356303627809350230e-06
5.941336114236824173e+00 -1.082287369726878806e-06 -1.797609927161040089e-06 7.153225557059769008e-07
5.942447472316398027e+00 -6.832048937025457513e-06 -2.068466803258605660e-06 -4.763582137172744230e-06
5.943558830395971881e+00 -1.422332775241662642e-05 -1.988019083286595443e-06 -1.223530867409863138e-05
5.944670188475544848e+00 -2.211435000554380637e-05 -1.575750467626814769e-06 -2.053859954081072720e-05
5.945781546555117814e+00 -2.929069188545210117e-05 -9.071904213343233263e-07 -2.838350146911784722e-05
5.946892904634690780e+00 -3.466031031594974526e-05 -1.013194749346435844e-07 -3.455899084932930604e-05
5.948004262714263746e+00 -3.742761996345430470e-05 6.992890545002260205e-07 -3.812690901776414482e-05
5.949115620793837600e+00 -3.721843212111178301e-05 1.352290798630899392e-06 -3.857072292119852197e-05
5.950226978873410566e+00 -3.413574030107762586e-05 1.739398196897904520e-06 -3.587513850061233717e-05
5.951338336952984420e+00 -2.873774705967370446e-05 1.786256654986691575e-06 -3.052400371163135201e-05
5.952449695032557386e+00 -2.194228501711283086e-05 1.475066403385091526e-06 -2.341735141834708211e-05
5.953561053112130352e+00 -1.487380837068537701e-05 8.478492552214586791e-07 -1.572165763163600391e-05
5.954672411191703318e+00 -8.678425654200065675e-06 -1.922487664532792143e-10 -8.678233406627169910e-06
5.955783769271276284e+00 -4.337523416227985484e-06 -9.361370687693655536e-07 -3.401386352263864946e-06
5.956895127350850139e+00 -2.510551804746076173e-06 -1.811085354210051817e-06 -6.994664510059412938e-07
5.958006485430423105e+00 -3.432547623899396758e-06 -2.484595227571426688e-06 -9.479524058384966589e-07
5.959117843509996959e+00 -6.882780837876717461e-06 -2.847792155022406239e-06 -4.034988688473304178e-06
5.960229201589569925e+00 -1.222908079854178806e-05 -2.841346349301047903e-06 -9.387734451813192771e-06
5.961340559669142891e+00 -1.853986574722058314e-05 -2.465360958713301879e-06 -1.607450478918184475e-05
5.962451917748715857e+00 -2.474474996468079002e-05 -1.779547146257159408e-06 -2.296520282257536599e-05
5.963563275828289711e+00 -2.981666826433731349e-05 -8.936609371720777946e-07 -2.892300733525320772e-05
5.964674633907862678e+00 -3.294501944097177198e-05 5.022284414586100816e-08 -3.299524228792937580e-05
5.965785991987436532e+00 -3.367098137609277064e-05 9.006866383670224805e-07 -3.457166801475956147e-05
5.966897350067009498e+00 -3.196254738691960834e-05 1.521427241349071154e-06 -3.348397462846295497e-05
5.968008708146582464e+00 -2.821695713389575644e-05 1.813191324797941602e-06 -3.003014846314835951e-05
5.969120066226155430e+00 -2.319032779362142915e-05 1.729611757554698698e-06 -2.491993955423561086e-05
5.970231424305728396e+00 -1.786643347009495009e-05 1.284379200810573129e-06 -1.915081267728994258e-05
5.971342782385302250e+00 -1.328671819003212490e-05 5.486141460279059159e-07 -1.383533234067084450e-05
5.972454140464875216e+00 -1.037008957426033273e-05 -3.610828398332651974e-07 -1.000900673744139352e-05
5.973565498544449071e+00 -9.752750630508404302e-06 -1.301896932400933377e-06 -8.450853704137671271e-06
5.974676856624022037e+00 -1.167501742772142879e-05 -2.128182930224124842e-06 -9.546834501426490743e-06
5.975788214703595003e+00 -1.593428236095015965e-05 -2.715108254471769542e-06 -1.321917410822682874e-05
5.976899572783167969e+00 -2.191230945953245163e-05 -2.978673388793691456e-06 -1.893363607725342609e-05
5.978010930862741823e+00 -2.867270597897014772e-05 -2.888845086191377406e-06 -2.578386089563790631e-05
5.979122288942314789e+00 -3.511274031816388058e-05 -2.473690313603901922e-06 -3.263905000979762383e-05
5.980233647021888643e+00 -4.014460517756321400e-05 -1.813894981018350137e-06 -3.833071019842659161e-05
5.981345005101461609e+00 -4.287625339924935192e-05 -1.028642769542036941e-06 -4.184761062810040538e-05
5.982456363181034575e+00 -4.276188985390724090e-05 -2.552526278297510528e-07 -4.250663722737968442e-05
5.983567721260607541e+00 -3.969709340606326214e-05 3.740057809249806679e-07 -4.007109918819935085e-05
5.984679079340180508e+00 -3.404257820922591132e-05 7.540488925466816384e-07 -3.479662710797852554e-05
5.985790437419754362e+00 -2.657228060290537514e-05 8.243903556486747216e-07 -2.739667096005992536e-05
5.986901795499327328e+00 -1.835387842202308717e-05 5.789494809356812970e-07 -1.893282790664313139e-05
5.988013153578901182e+00 -1.058095618299481275e-05 6.665531319315033329e-08 -1.064761149666311468e-05
5.989124511658474148e+00 -4.383997927498179542e-06 -6.172181969662978709e-07 -3.766779731953148747e-06
5.990235869738047114e+00 -6.509131091174402695e-07 -1.347506701820586750e-06 6.965935863878416207e-07
5.991347227817620080e+00 1.137061202117985084e-07 -1.990625995264191703e-06 2.104332113586854323e-06
5.992458585897193934e+00 -2.132309308423884289e-06 -2.427453881288773799e-06 2.951445721476389505e-07
5.993569943976766901e+00 -6.964096866717266882e-06 -2.573787908407250478e-06 -4.390308962095874207e-06
5.994681302056340755e+00 -1.356036003573573429e-05 -2.394950314820519879e-06 -1.116540972661422826e-05
5.995792660135913721e+00 -2.083761085848977179e-05 -1.912087724548631519e-06 -1.892552313292840058e-05
5.996904018215486687e+00 -2.762612782042112719e-05 -1.199096101397957494e-06 -2.642703172486306207e-05
5.998015376295059653e+00 -3.285891952911883934e-05 -3.706618235968734201e-07 -3.248825770901537374e-05
5.999126734374632619e+00 -3.574290881211070192e-05 4.366112813348295082e-07 -3.617952009956400955e-05
6.000238092454206473e+00 -3.588451382648214644e-05 1.086866443386950119e-06 -3.697138027426976475e-05
6.001349450533779439e+00 -3.334931403296999275e-05 1.467691959947611010e-06 -3.481700599814070707e-05
6.002460808613353294e+00 -2.864630596383175437e-05 1.509081249379757629e-06 -3.015538721768719344e-05
6.003572166692926260e+00 -2.263961702893540345e-05 1.195494747180213388e-06 -2.383511178618083481e-05
6.004683524772499226e+00 -1.640240685414975919e-05 5.689979883977174186e-07 -1.697140484758531687e-05
6.005794882852072192e+00 -1.103711840751749745e-05 -2.770789819842194089e-07 -1.076003942820100492e-05
6.006906240931645158e+00 -7.491694261581045150e-06 -1.212951707421435648e-06 -6.278742555580578422e-06
6.008017599011219012e+00 -6.401964202281068637e-06 -2.093252528520262557e-06 -4.308711678726597719e-06
6.009128957090792866e+00 -7.986045441017025626e-06 -2.780551021729650484e-06 -5.205494421965163078e-06
6.010240315170365832e+00 -1.200800505999190596e-05 -3.167669475365818803e-06 -8.840335586105104934e-06
6.011351673249938798e+00 -1.781662654616600339e-05 -3.195131152580548382e-06 -1.462149539562841716e-05
6.012463031329511765e+00 -2.445278162318230419e-05 -2.860873583901529771e-06 -2.159190804507365308e-05
6.013574389409084731e+00 -3.080764771743252362e-05 -2.220625677654450942e-06 -2.858702204345999615e-05
6.014685747488658585e+00 -3.580569317272741525e-05 -1.378877303083477618e-06 -3.442681587236418733e-05
6.015797105568231551e+00 -3.858231956865767337e-05 -4.719118962740435777e-07 -3.811040767325631767e-05
6.016908463647805405e+00 -3.862696886689030024e-05 3.543270400260725012e-07 -3.898129590899045149e-05
6.018019821727378371e+00 -3.586820617779932358e-05 9.679192405928036284e-07 -3.683612542280598201e-05
6.019131179806951337e+00 -3.068684188784875227e-05 1.272332680814168538e-06 -3.195917456899708547e-05
6.020242537886524303e+00 -2.385497552640902102e-05 1.221984524645260898e-06 -2.507696005615150936e-05
6.021353895966097269e+00 -1.641099522158538659e-05 8.294656256119486808e-07 -1.724046084997186284e-05
6.022465254045671124e+00 -9.491052684974798925e-06 1.632633314826146577e-07 -9.654316023591843349e-06
6.023576612125244978e+00 -4.144635920906407367e-06 -6.636266010650310860e-07 -3.481009323780519943e-06
6.024687970204817944e+00 -1.164430372080534071e-06 -1.512318511165554102e-06 3.478881364721774991e-07
6.025799328284390910e+00 -9.582675204682479866e-07 -2.240826491198593080e-06 1.282558964417739727e-06
6.026910686363963876e+00 -3.484023177100425625e-06 -2.727290410381905838e-06 -7.567327725160367946e-07
6.028022044443536842e+00 -8.257985304827974299e-06 -2.889841200855905836e-06 -5.368144110948387671e-06
6.029133402523110696e+00 -1.443516116986535633e-05 -2.699868146598916291e-06 -1.173529302516372608e-05
6.030244760602683662e+00 -2.094823234400971720e-05 -2.186539400203142149e-06 -1.876169294815236907e-05
6.031356118682257517e+00 -2.668229552195595933e-05 -1.431864772065500539e-06 -2.525043075216146932e-05
6.032467476761830483e+00 -3.065673643524394892e-05 -5.571399794325877742e-07 -3.009959646098868402e-05
6.033578834841403449e+00 -3.218449740464285336e-05 2.969803039283905582e-07 -3.248147771291436808e-05
6.034690192920976415e+00 -3.098278820526986083e-05 9.934975605511460603e-07 -3.197628577371672276e-05
6.035801551000549381e+00 -2.721732339878296658e-05 1.421395349044868631e-06 -2.863871875273277939e-05
6.036912909080123235e+00 -2.147311157646263069e-05 1.513624997076523648e-06 -2.298673658318942103e-05
6.038024267159697089e+00 -1.465688088487723806e-05 1.257824589674311276e-06 -1.591470547436654379e-05
6.039135625239270055e+00 -7.847403453989029720e-06 6.980464473559566587e-07 -8.545449905790567652e-06
6.040246983318843021e+00 -2.118466937412952222e-06 -7.275121997479149687e-08 -2.045715723607115233e-06
6.041358341398415988e+00 1.636372861986250260e-06 -9.281778345664377407e-07 2.564550687009919949e-06
6.042469699477988954e+00 2.848525772494589969e-06 -1.729277442380846999e-06 4.577803212922300965e-06
6.043581057557562808e+00 1.364981393602894555e-06 -2.347343471112857180e-06 3.712324857876609513e-06
6.044692415637135774e+00 -2.529821011955932578e-06 -2.684930376137964285e-06 1.551093611587475024e-07
6.045803773716709628e+00 -8.164132630156598069e-06 -2.691623183424953587e-06 -5.472509449455133235e-06
6.046915131796282594e+00 -1.459245603491763146e-05 -2.372001311561072615e-06 -1.222045472205760333e-05
6.048026489875855560e+00 -2.075353022735950542e-05 -1.784526121717923755e-06 -1.896900411137592696e-05
6.049137847955428526e+00 -2.564650619885262828e-05 -1.031578154499506080e-06 -2.461492804844544330e-05
6.050249206035001492e+00 -2.849616550670754783e-05 -2.423237397908501248e-07 -2.825384177655796553e-05
6.051360564114575347e+00 -2.887995629708654116e-05 4.487380448221631917e-07 -2.932869434536366365e-05
6.052471922194149201e+00 -2.679599938479066551e-05 9.239988235366339460e-07 -2.771999820945850179e-05
6.053583280273722167e+00 -2.266103160368602293e-05 1.102074148435578044e-06 -2.376310576009815767e-05
6.054694638353295133e+00 -1.723885387398208652e-05 9.510770162513525194e-07 -1.818993089185497181e-05
6.055805996432868099e+00 -1.151132807940919919e-05 4.936728644551089621e-07 -1.200500095065388032e-05
6.056917354512441065e+00 -6.513438300429462424e-06 -1.968805934949289550e-07 -6.316557711932759694e-06
6.058028712592014919e+00 -3.159818225096592409e-06 -1.009017684316477960e-06 -2.150800548214116051e-06
6.059140070671587885e+00 -2.091511893695906232e-06 -1.811413960875642290e-06 -2.800979373619597382e-07
6.060251428751161740e+00 -3.568335148461626409e-06 -2.474717410174371522e-06 -1.093617739269647088e-06
6.061362786830734706e+00 -7.424633143116726730e-06 -2.892866913148457362e-06 -4.531766235674845530e-06
6.062474144910307672e+00 -1.309572049743284311e-05 -3.000485613633809890e-06 -1.009523488660919038e-05
6.063585502989880638e+00 -1.971059573057211758e-05 -2.783497697076412663e-06 -1.692709803646124181e-05
6.064696861069453604e+00 -2.623556942785067875e-05 -2.281245309521462493e-06 -2.395432412236053743e-05
6.065808219149027458e+00 -3.164503394603723763e-05 -1.579790448328691741e-06 -3.006524350094696291e-05
6.066919577228601312e+00 -3.509112828652995175e-05 -7.975412987849285745e-07 -3.429358699095792079e-05
6.068030935308174278e+00 -3.604423831503854314e-05 -6.560383016311014531e-08 -3.597863448728550601e-05
6.069142293387747245e+00 -3.438109521029103499e-05 4.938799866478511130e-07 -3.487497520208819590e-05
6.070253651467320211e+00 -3.040588202682902030e-05 7.878264457734473862e-07 -3.119370847671446706e-05
6.071365009546893177e+00 -2.480081920285415881e-05 7.674286606563699006e-07 -2.556824786763625679e-05
6.072476367626467031e+00 -1.851432967316752817e-05 4.360085609634011547e-07 -1.895033823684673380e-05
6.073587725706039997e+00 -1.260518181339610397e-05 -1.517628926104994591e-07 -1.245341892087276081e-05
6.074699083785613851e+00 -8.068271025107051977e-06 -8.991125508201375282e-07 -7.169158480356454394e-06
6.075810441865186817e+00 -5.670730697314224286e-06 -1.683316771312520007e-06 -3.987413927352681173e-06
6.076921799944759783e+00 -5.825368412408808098e-06 -2.376061361897291564e-06 -3.449307053417509546e-06
6.078033158024332749e+00 -8.522283585654048116e-06 -2.864628332040729930e-06 -5.657655257287940234e-06
6.079144516103905715e+00 -1.332994773328537164e-05 -3.070404536596965748e-06 -1.025954320655296514e-05
6.080255874183479570e+00 -1.946559949734475575e-05 -2.961663623670868543e-06 -1.650393587919896793e-05
6.081367232263053424e+00 -2.592340442900088401e-05 -2.558531601351654952e-06 -2.336487282773250934e-05
6.082478590342626390e+00 -3.163933115781034783e-05 -1.929347689789544804e-06 -2.970998346902339188e-05
6.083589948422199356e+00 -3.566565849394930099e-05 -1.179059670694827789e-06 -3.448659882846795421e-05
6.084701306501772322e+00 -3.732645459166624574e-05 -4.316099942581856641e-07 -3.689484459875116973e-05
6.085812664581345288e+00 -3.632849916099419041e-05 1.907419448893933134e-07 -3.651924110918604999e-05
6.086924022660919142e+00 -3.280945535163917043e-05 5.877178441349097289e-07 -3.339717320181324889e-05
6.088035380740492108e+00 -2.731541036205247658e-05 6.975691665360558760e-07 -2.801297953328608231e-05
6.089146738820065963e+00 -2.071151489631967157e-05 5.071391501301124273e-07 -2.121865404958178658e-05
6.090258096899638929e+00 -1.404043218491577913e-05 5.378549079455407361e-08 -1.409421767724003405e-05
6.091369454979211895e+00 -8.351871927813128704e-06 -5.811325869632116424e-07 -7.770739350641299448e-06
6.092480813058784861e+00 -4.531208700425757435e-06 -1.286096598493385683e-06 -3.245112105987064260e-06
6.093592171138357827e+00 -3.155310870394984098e-06 -1.938277744566667038e-06 -1.217033135154043082e-06
6.094703529217931681e+00 -4.399201226886156717e-06 -2.424241313599110486e-06 -1.974959920196138127e-06
6.095814887297505535e+00 -8.008802272571396638e-06 -2.659050867799978837e-06 -5.349751403423835816e-06
6.096926245377078502e+00 -1.334413255710438506e-05 -2.600586746980153622e-06 -1.074354581416829199e-05
6.098037603456651468e+00 -1.948574673507749364e-05 -2.256691938513254647e-06 -1.722905480264170716e-05
6.099148961536224434e+00 -2.538682349490905404e-05 -1.683952934718361909e-06 -2.370287056270917181e-05
6.100260319615797400e+00 -3.004582183307492882e-05 -9.783151341697797791e-07 -2.906750670403530912e-05
6.101371677695371254e+00 -3.267128061862183130e-05 -2.590905945397625970e-07 -3.241219002598615812e-05
6.102483035774944220e+00 -3.281165907993276870e-05 3.509843348726800812e-07 -3.316264341537544097e-05
6.103594393854518074e+00 -3.042890246422302186e-05 7.463254012426089566e-07 -3.117522786944774277e-05
6.104705751934091040e+00 -2.590369981465921040e-05 8.562861565915660424e-07 -2.675998597133962681e-05
6.105817110013664006e+00 -1.997165422916360317e-05 6.571878070625624454e-07 -2.062884204330917709e-05
6.106928468093236972e+00 -1.360096030682223997e-05 1.765796062339454811e-07 -1.377753991444992734e-05
6.108039826172809938e+00 -7.831798769871670812e-06 -5.109977571934217464e-07 -7.320801013742644220e-06
6.109151184252383793e+00 -3.603949846592464923e-06 -1.296065377276077945e-06 -2.307884473806698367e-06
6.110262542331957647e+00 -1.601045792369516947e-06 -2.052099037616378265e-06 4.510532424463128964e-07
6.111373900411530613e+00 -2.137125260620977626e-06 -2.656314202111756617e-06 5.191889384546571548e-07
6.112485258491103579e+00 -5.104181410664617932e-06 -3.009911378989811527e-06 -2.094270033398864042e-06
6.113596616570676545e+00 -9.989341131544197949e-06 -3.054433282488983818e-06 -6.934907853390227112e-06
6.114707974650249511e+00 -1.595885676275183435e-05 -2.781521853479285904e-06 -1.317733491282020025e-05
6.115819332729823365e+00 -2.199509168341381299e-05 -2.234449017233963611e-06 -1.976064267319261811e-05
6.116930690809396332e+00 -2.706396804295040093e-05 -1.501150650432339639e-06 -2.556281739742906345e-05
6.118042048888970186e+00 -3.028533782947848835e-05 -6.998951359667073685e-07 -2.958544269677631372e-05
6.119153406968543152e+00 -3.107825880506800975e-05 4.006519016654444803e-08 -3.111832400022520456e-05
6.120264765048116118e+00 -2.925728880846713981e-05 5.996806847103508141e-07 -2.985696949868010125e-05
6.121376123127689084e+00 -2.506396322780879427e-05 8.896426766827976364e-07 -2.595360590779919457e-05
6.122487481207262050e+00 -1.912827504188616828e-05 8.650540272439003614e-07 -1.999332906780018626e-05
6.123598839286835904e+00 -1.236647353217287457e-05 5.328105599776997246e-07 -1.289928409944863727e-05
6.124710197366408870e+00 -5.831955786389248636e-06 -4.953035774563465179e-08 -5.782425430640985436e-06
6.125821555445982725e+00 -5.437171781818433969e-07 -7.832175068198357257e-07 2.395003239486891838e-07
6.126932913525555691e+00 2.679501604353979119e-06 -1.544560807588340003e-06 4.224062406057039337e-06
6.128044271605128657e+00 3.352185459610184477e-06 -2.205306094546541403e-06 5.557491547862446072e-06
6.129155629684701623e+00 1.400368609933409260e-06 -2.653781928015766238e-06 4.054150536175618949e-06
6.130266987764275477e+00 -2.827467966828433460e-06 -2.813340739214033684e-06 -1.412722984927249070e-08
6.131378345843848443e+00 -8.618623109182908110e-06 -2.655058705263585450e-06 -5.963564405235544097e-06
6.132489703923422297e+00 -1.501387418106469446e-05 -2.202600308799662360e-06 -1.281127387889151314e-05
6.133601062002995263e+00 -2.096524059270413881e-05 -1.528439938283451404e-06 -1.943680065730722661e-05
6.134712420082568229e+00 -2.550785011469838826e-05 -7.420525073638140371e-07 -2.476579761294742110e-05
6.135823778162141195e+00 -2.791765726775641276e-05 2.799514571403443133e-08 -2.794565241169208458e-05
6.136935136241714162e+00 -2.782912277036943965e-05 6.551175947161095659e-07 -2.848424036639221613e-05
6.138046494321288016e+00 -2.529357766201285884e-05 1.035493415667000346e-06 -2.632907108244316591e-05
6.139157852400860982e+00 -2.076876649606540504e-05 1.105147780105437722e-06 -2.187391427556275442e-05
6.140269210480434836e+00 -1.504139950508865883e-05 8.505318411467454286e-07 -1.589193135299827794e-05
6.141380568560007802e+00 -9.095561576313859753e-06 3.108616812945024259e-07 -9.406423263289866166e-06
6.142491926639580768e+00 -3.948728650314710376e-06 -4.281694763616112893e-07 -3.520559178223602037e-06
6.143603284719153734e+00 -4.824625881786996640e-07 -1.248278109315970898e-06 7.658155201830784548e-07
6.144714642798727589e+00 7.042816889995173399e-07 -2.017803801075485141e-06 2.722085486287514986e-06
6.145826000878300555e+00 -6.049658861076098737e-07 -2.613105143601618003e-06 2.008139251868132184e-06
6.146937358957874409e+00 -4.207620897283236017e-06 -2.938638580012217490e-06 -1.268982318547917307e-06
6.148048717037447375e+00 -9.514849513911870227e-06 -2.942439195476726204e-06 -6.572410326453198559e-06
6.149160075117020341e+00 -1.564839417464262972e-05 -2.624478617075084248e-06 -1.302391556283304108e-05
6.150271433196593307e+00 -2.158552224552131443e-05 -2.036544416657417927e-06 -1.954897783498386540e-05
6.151382791276166273e+00 -2.632826684377444909e-05 -1.273675412999942234e-06 -2.505459142921294402e-05
6.152494149355740127e+00 -2.906910700315595841e-05 -4.585698389027908009e-07 -2.861053716360102001e-05
6.153605507435313093e+00 -2.932579457526514333e-05 2.784686256442574616e-07 -2.960426320442865328e-05
6.154716865514886948e+00 -2.702306895947543391e-05 8.207560825067522579e-07 -2.784382504900529548e-05
6.155828223594459914e+00 -2.250769836217424852e-05 1.084149175136034870e-06 -2.359184754031906639e-05
6.156939581674032880e+00 -1.649421377222359125e-05 1.030571140230048910e-06 -1.752478491504234903e-05
6.158050939753605846e+00 -9.950065703926130184e-06 6.739445166651416566e-07 -1.062401022038214279e-05
6.159162297833179700e+00 -3.938876494643563098e-06 7.758253465529885151e-08 -4.016459026492513046e-06
6.160273655912752666e+00 5.526501919957474418e-07 -6.565051382513047086e-07 1.209155327570963362e-06
6.161385013992326520e+00 2.775898590830000109e-06 -1.404610752504975742e-06 4.180509344553842710e-06
6.162496372071899486e+00 2.343238250193175514e-06 -2.041818730124523638e-06 4.385056974830594308e-06
6.163607730151472452e+00 -7.074656035424477935e-07 -2.462609266904964374e-06 1.755143661723345197e-06
6.164719088231045419e+00 -5.917329382427831408e-06 -2.598186553883483942e-06 -3.319142826454981460e-06
6.165830446310618385e+00 -1.247926492429357603e-05 -2.427689779937150418e-06 -1.005157514427385684e-05
6.166941804390192239e+00 -1.936733686862864706e-05 -1.981458083403749362e-06 -1.738587878600270434e-05
6.168053162469765205e+00 -2.550165960516024427e-05 -1.335832361603578691e-06 -2.416582724169922397e-05
6.169164520549339059e+00 -2.992205299271431806e-05 -6.003710998576450904e-07 -2.932168189670718988e-05
6.170275878628912025e+00 -3.194226972049775404e-05 1.003951481279931378e-07 -3.204266487330520441e-05
6.171387236708484991e+00 -3.125980280048110127e-05 6.476504804338897685e-07 -3.190745328393845143e-05
6.172498594788057957e+00 -2.800354451901014563e-05 9.480044065328694465e-07 -2.895154892615815073e-05
6.173609952867630923e+00 -2.271170361229941231e-05 9.489755555081393935e-07 -2.366067917146906507e-05
6.174721310947204778e+00 -1.624375170370187527e-05 6.476985643046371350e-07 -1.689145027032341179e-05
6.175832669026778632e+00 -9.640876600694372328e-06 9.142422532360785972e-08 -9.732300830385485352e-06
6.176944027106351598e+00 -3.957753927652692127e-06 -6.302628516634077973e-07 -3.327491085277061583e-06
6.178055385185924564e+00 -9.303225874976277232e-08 -1.400219849994227854e-06 1.307187590677671291e-06
6.179166743265497530e+00 1.353967521112894564e-06 -2.093074148970605896e-06 3.447041669107627024e-06
6.180278101345070496e+00 1.772157805631988103e-07 -2.595915636315360920e-06 2.773131414695500022e-06
6.181389459424644350e+00 -3.406386753624637484e-06 -2.826941318742984423e-06 -5.794454376330769596e-07
6.182500817504217316e+00 -8.796133297795261791e-06 -2.748979583942446562e-06 -6.047153711307914903e-06
6.183612175583791171e+00 -1.510860764810176282e-05 -2.375665888477946708e-06 -1.273294176334319877e-05
6.184723533663364137e+00 -2.132388643210974752e-05 -1.769252160164415280e-06 -1.955463427300886681e-05
6.185834891742937103e+00 -2.645270804966896872e-05 -1.030409332056282678e-06 -2.542229872277805558e-05
6.186946249822510069e+00 -2.969717367031724647e-05 -2.816996501296404991e-07 -2.941547402471756528e-05
6.188057607902083035e+00 -3.057875803054530689e-05 3.525639254487497164e-07 -3.093132195700325909e-05
6.189168965981656889e+00 -2.901290436038532483e-05 7.667604939999670289e-07 -2.977966485786902318e-05
6.190280324061230743e+00 -2.531834800822453657e-05 8.913466025088623550e-07 -2.620969461774105835e-05
6.191391682140803709e+00 -2.016008535946035504e-05 7.043279014515274996e-07 -2.086441326256674098e-05
6.192503040220376676e+00 -1.443580498044008675e-05 2.349328960148306701e-07 -1.467073787699826534e-05
6.193614398299949642e+00 -9.124836060028611306e-06 -4.411144011883156874e-07 -8.683721661256142005e-06
6.194725756379522608e+00 -5.124738096283108432e-06 -1.213946923927273645e-06 -3.910791175309276044e-06
6.195837114459096462e+00 -3.102562690609762634e-06 -1.957505423601522330e-06 -1.145057267961237073e-06
6.196948472538669428e+00 -3.385273460980323199e-06 -2.550143947184898201e-06 -8.351295210908753035e-07
6.198059830618243282e+00 -5.907242150763941310e-06 -2.894512883861187952e-06 -3.012729268848587938e-06
6.199171188697816248e+00 -1.022324447091244037e-05 -2.933463723171882219e-06 -7.289780750130078757e-06
6.200282546777389214e+00 -1.558452941917420898e-05 -2.659374769452717681e-06 -1.292515465328367141e-05
6.201393904856962180e+00 -2.106512889519769963e-05 -2.115377790986959624e-06 -1.894975110791879275e-05
6.202505262936535146e+00 -2.571730673790913191e-05 -1.388294366068380131e-06 -2.432901237252402954e-05
6.203616621016109001e+00 -2.873029707506791902e-05 -5.944487710111441689e-07 -2.813584830675154580e-05
6.204727979095682855e+00 -2.956600288314507885e-05 1.393108016771666194e-07 -2.970531368609238831e-05
6.205839337175255821e+00 -2.804920017295074036e-05 6.962701789470807047e-07 -2.874547035522714844e-05
6.206950695254828787e+00 -2.439736334489302216e-05 9.888044952734566066e-07 -2.538616784514367147e-05
6.208062053334401753e+00 -1.918524060338239190e-05 9.725346414591869246e-07 -2.015777524783275709e-05
6.209173411413974719e+00 -1.325010715403154848e-05 6.533811910648738537e-07 -1.390348834958516841e-05
6.210284769493548573e+00 -7.553425815176508656e-06 8.638070887234444630e-08 -7.639806530291160663e-06
6.211396127573121539e+00 -3.021831962836483282e-06 -6.335185912047678280e-07 -2.388313375379768483e-06
6.212507485652695394e+00 -3.937581448223200636e-07 -1.387151281472441750e-06 9.933931298159413836e-07
6.213618843732268360e+00 -9.705976180997814449e-08 -2.050729266579286446e-06 1.953669498618436254e-06
6.214730201811841326e+00 -2.177865782300903059e-06 -2.516114287054606715e-06 3.382485045885525593e-07
6.215841559891414292e+00 -6.292409015848507078e-06 -2.708444195728432766e-06 -3.583964825253473444e-06
6.216952917970987258e+00 -1.176318916266657147e-05 -2.598232437709295853e-06 -9.164956726391993574e-06
6.218064276050561112e+00 -1.769020394129950519e-05 -2.205975386329047739e-06 -1.548422855784459609e-05
6.219175634130134966e+00 -2.309890536975013273e-05 -1.598537509885254921e-06 -2.150036786026116725e-05
6.220286992209707932e+00 -2.710048562146703810e-05 -8.779363973328139538e-07 -2.622254922426785206e-05
6.221398350289280899e+00 -2.903807320824708382e-05 -1.643958349044664317e-07 -2.887367737407220414e-05
6.222509708368853865e+00 -2.859475165058536494e-05 4.235288553028452056e-07 -2.901828050668690123e-05
6.223621066448426831e+00 -2.584561201253617047e-05 7.884762951668877621e-07 -2.663408831361010337e-05
6.224732424528000685e+00 -2.124527239164182568e-05 8.702454100408235204e-07 -2.211551780687513735e-05
6.225843782607573651e+00 -1.555293575418274787e-05 6.555874559348220249e-07 -1.620852321198608392e-05
6.226955140687147505e+00 -9.707336457498438875e-06 1.802314791329959632e-07 -9.887567937337873869e-06
6.228066498766720471e+00 -4.672175104128515472e-06 -4.771666193353560088e-07 -4.195008491331576189e-06
6.229177856846293437e+00 -1.277488927671835417e-06 -1.208131167533072143e-06 -6.935776606297947011e-08
6.230289214925866403e+00 -8.306319087652809866e-08 -1.892350771242233760e-06 1.809287578939471584e-06
6.231400573005439369e+00 -1.286351207678906872e-06 -2.417562595225152680e-06 1.131211382552873082e-06
6.232511931085013224e+00 -4.690034747199594775e-06 -2.698054559642404680e-06 -1.991980192614806883e-06
6.233623289164587078e+00 -9.734535575909100680e-06 -2.688738661218771392e-06 -7.045796912802902712e-06
6.234734647244160044e+00 -1.559010327463992984e-05 -2.392485301285364029e-06 -1.319761797883125046e-05
6.235846005323733010e+00 -2.129330352138069163e-05 -1.859524275925079212e-06 -1.943377924772116128e-05
6.236957363403305976e+00 -2.590543855911751903e-05 -1.179028193633256390e-06 -2.472641036395384351e-05
6.238068721482878942e+00 -2.866683426249773403e-05 -4.642827079688252720e-07 -2.820255155169468231e-05
6.239180079562452796e+00 -2.912162484737176871e-05 1.660972751465811161e-07 -2.928772212490091120e-05
6.240291437642025762e+00 -2.719253196666656519e-05 6.077985477835921380e-07 -2.780033051282427420e-05
6.241402795721599617e+00 -2.319336902612510742e-05 7.880461865088477912e-07 -2.398141521565196749e-05
6.242514153801172583e+00 -1.777725217791837481e-05 6.776041342958330797e-07 -1.845485631595282158e-05
6.243625511880745549e+00 -1.182906770272069280e-05 2.955656315638000844e-07 -1.212463333544145858e-05
6.244736869960318515e+00 -6.319910315685968449e-06 -2.938488064337349309e-07 -6.026061514547917386e-06
6.245848228039891481e+00 -2.147444452855031341e-06 -9.919491275301551636e-07 -1.155495330072611043e-06
6.246959586119465335e+00 1.155828522920055584e-08 -1.681923326481064802e-06 1.693481611893146548e-06
6.248070944199039189e+00 -1.877285746179711140e-07 -2.248172418427230743e-06 2.060443841084454164e-06
6.249182302278612156e+00 -2.701778134442649887e-06 -2.595440051592954700e-06 -1.063380868910994426e-07
6.250293660358185122e+00 -7.106184153355321262e-06 -2.664580387273648369e-06 -4.441603766031955447e-06
6.251405018437758088e+00 -1.266575087706953498e-05 -2.442364265236709260e-06 -1.022338661350137221e-05
6.252516376517331054e+00 -1.845563726007902819e-05 -1.963708072642980163e-06 -1.649192919615100061e-05
6.253627734596904908e+00 -2.351361522080633662e-05 -1.305959362572241527e-06 -2.220765586347876047e-05
6.254739092676477874e+00 -2.699839223046628794e-05 -5.761825084301785537e-07 -2.642220972652511296e-05
6.255850450756051728e+00 -2.832797465606665815e-05 1.064595934806929125e-07 -2.843443425504764421e-05
6.256961808835624694e+00 -2.727533886500051186e-05 6.303247056187963890e-07 -2.790566357381910056e-05
6.258073166915197660e+00 -2.400570613678935233e-05 9.096797157483817219e-07 -2.491538585054978161e-05
6.259184524994770626e+00 -1.904932564890425908e-05 8.988305840475614922e-07 -1.994815623320355877e-05
6.260295883074343593e+00 -1.321426379557750358e-05 5.996677016158251340e-07 -1.381393150035525527e-05
6.261407241153917447e+00 -7.453556519400154901e-06 6.138505942828364689e-08 -7.514941579009337680e-06
6.262518599233491301e+00 -2.708566732479225636e-06 -6.275804323258593891e-07 -2.080986306230922511e-06
6.263629957313064267e+00 2.457115809602339329e-07 -1.354063283162853295e-06 1.599774859687612752e-06
6.264741315392637233e+00 9.280004057416314876e-07 -1.998750431147788300e-06 2.926750833034477976e-06
6.265852673472210199e+00 -7.701676016018486198e-07 -2.455773881157104994e-06 1.685606275270623219e-06
6.266964031551783165e+00 -4.566569642869234766e-06 -2.650094922204614622e-06 -1.916474722215774640e-06
6.268075389631357019e+00 -9.834538132923436454e-06 -2.549824018795538653e-06 -7.284714117812823159e-06
6.269186747710929986e+00 -1.570570985576528675e-05 -2.171454008910358308e-06 -1.353425585300799261e-05
6.270298105790503840e+00 -2.121239380960910845e-05 -1.577149473697744136e-06 -1.963524433773932917e-05
6.271409463870076806e+00 -2.544617934400333903e-05 -8.645405843244396505e-07 -2.458163875947074611e-05
6.272520821949649772e+00 -2.770676163601441117e-05 -1.507005789404584298e-07 -2.755606106062246513e-05
6.273632180029222738e+00 -2.761658540856130883e-05 4.470598365709373915e-07 -2.806364525142265171e-05
6.274743538108795704e+00 -2.518253803854980655e-05 8.304269956347498779e-07 -2.601296503869712784e-05
6.275854896188369558e+00 -2.079462139547303204e-05 9.361909973378245700e-07 -2.173081239959396421e-05
6.276966254267943413e+00 -1.516187946569913167e-05 7.465839034397417362e-07 -1.590846336958773310e-05
6.278077612347516379e+00 -9.196149339958312185e-06 2.921577998772536535e-07 -9.488307143567728530e-06
6.279188970427089345e+00 -3.862740250588567181e-06 -3.532631020255057016e-07 -3.509477152047104503e-06
6.280300328506662311e+00 -2.255557290443445384e-08 -1.084720663506374147e-06 1.062165087569507532e-06
6.281411686586235277e+00 1.708462149857992336e-06 -1.783353042231201310e-06 3.491815187915432023e-06
6.282523044665809131e+00 1.059552962727776035e-06 -2.335885037290020465e-06 3.395437998749632324e-06
6.283634402745382097e+00 -1.851337525097694267e-06 -2.653178826971812251e-06 8.018413062407456215e-07
6.284745760824955951e+00 -6.537778048651583795e-06 -2.684803218467435694e-06 -3.852974831612503148e-06
6.285857118904528917e+00 -1.222540028119256314e-05 -2.427236300295854414e-06 -9.798163982709887782e-06
6.286968476984101883e+00 -1.797946927800837813e-05 -1.924364066222756576e-06 -1.605510521576281394e-05
6.288079835063674849e+00 -2.285848360665879153e-05 -1.260203229853882885e-06 -2.159828038168862957e-05
6.289191193143247816e+00 -2.606857263573198608e-05 -5.450525138922984779e-07 -2.552352012694884126e-05
6.290302551222821670e+00 -2.709337265614439327e-05 1.026467300281938945e-07 -2.719601938381156075e-05
6.291413909302394636e+00 -2.577812136319006936e-05 5.757586668848218864e-07 -2.635388003199932300e-05
6.292525267381968490e+00 -2.235426041841560157e-05 7.960174971834681071e-07 -2.315027791610288488e-05
6.293636625461541456e+00 -1.740061147157898058e-05 7.268294109333050873e-07 -1.812744088461500092e-05
6.294747983541114422e+00 -1.174760809504989470e-05 3.792187382445355581e-07 -1.212682683883730544e-05
6.295859341620687388e+00 -6.340392887255793392e-06 -1.900470057503695731e-07 -6.150345886064920858e-06
6.296970699700261243e+00 -2.083312087201947410e-06 -8.878337090926276959e-07 -1.195478382183534638e-06
6.298082057779834209e+00 3.086436994797570402e-07 -1.599968919107625220e-06 1.908612618578922095e-06
6.299193415859408063e+00 4.270910724285168457e-07 -2.209997648696942899e-06 2.637088722562793341e-06
6.300304773938981029e+00 -1.762988303294008019e-06 -2.618283074912168296e-06 8.552947724812902386e-07
6.301416132018553995e+00 -5.917852362766987812e-06 -2.758317719862154950e-06 -3.159534644109340817e-06
6.302527490098126961e+00 -1.137174574441851202e-05 -2.607573516055302243e-06 -8.764172227677512889e-06
6.303638848177699927e+00 -1.724637466131266617e-05 -2.191119579890714493e-06 -1.505525508181497496e-05
6.304750206257273781e+00 -2.259506064331484251e-05 -1.577426239631184732e-06 -2.101763440244194814e-05
6.305861564336846747e+00 -2.655786505588366569e-05 -8.670571241236452436e-07 -2.569080793379113770e-05
6.306972922416420602e+00 -2.850222360019794704e-05 -1.761169839157656269e-07 -2.832610662072652941e-05
6.308084280495993568e+00 -2.812605151907530965e-05 3.828195411795189042e-07 -2.850887106366911672e-05
6.309195638575566534e+00 -2.550648362193395913e-05 7.191642707332510315e-07 -2.622564789368959925e-05
6.310306996655139500e+00 -2.108636449156672463e-05 7.791292908596757954e-07 -2.186549378306156671e-05
6.311418354734713354e+00 -1.560083356267564364e-05 5.544736226902968832e-07 -1.615530718689691531e-05
6.312529712814286320e+00 -9.956174623354172026e-06 8.375816744673737725e-08 -1.003993279159298008e-05
6.313641070893860174e+00 -5.080904521593014242e-06 -5.540836057004285345e-07 -4.526820919025171044e-06
6.314752428973433140e+00 -1.773594924642154375e-06 -1.252790047670972168e-06 -5.208048785461383279e-07
6.315863787053006106e+00 -5.723972343310481520e-07 -1.896277882040677887e-06 1.323880646210699903e-06
6.316975145132579073e+00 -1.667630722864354119e-06 -2.377729264450647337e-06 7.100985388995995767e-07
6.318086503212152039e+00 -4.871673579888956274e-06 -2.617123487016787420e-06 -2.254550095465417819e-06
6.319197861291725893e+00 -9.650964005378497718e-06 -2.574338234132866920e-06 -7.076625771159240214e-06
6.320309219371298859e+00 -1.521470086632455143e-05 -2.255677889488816789e-06 -1.295902298066716959e-05
6.321420577450872713e+00 -2.064554441482107511e-05 -1.712768999845979052e-06 -1.893277542005687361e-05
6.322531935530445679e+00 -2.505074755540124751e-05 -1.034017962479841951e-06 -2.401672959665649559e-05
6.323643293610018645e+00 -2.770884014431564818e-05 -3.300466129093384800e-07 -2.737879353165162399e-05
6.324754651689591611e+00 -2.818778070582360351e-05 2.844927627270788829e-07 -2.847227346687228322e-05
6.325866009769164577e+00 -2.641522377208344735e-05 7.097313429360227986e-07 -2.712495511765933981e-05
6.326977367848738432e+00 -2.268946957009743137e-05 8.769373641877173603e-07 -2.356640693708042522e-05
6.328088725928312286e+00 -1.762943045995057911e-05 7.597296118812577959e-07 -1.838916007798922433e-05
6.329200084007885252e+00 -1.207198129456578742e-05 3.783198954198209799e-07 -1.245030118787650991e-05
6.330311442087458218e+00 -6.933685423411804077e-06 -2.038987596028173782e-07 -6.729786667488985713e-06
6.331422800167031184e+00 -3.059716222768077074e-06 -8.908434938467162828e-07 -2.168872732431553416e-06
6.332534158246604150e+00 -1.084846584949433063e-06 -1.569576860758587985e-06 4.847302733624291038e-07
6.333645516326178004e+00 -1.329346596007699704e-06 -2.128876154163146341e-06 7.995295588578144041e-07
6.334756874405750970e+00 -3.746843430075998821e-06 -2.477483177296834925e-06 -1.269360258011279635e-06
6.335868232485324825e+00 -7.932617674109333772e-06 -2.559039113884725367e-06 -5.373578559094219220e-06
6.336979590564897791e+00 -1.319085678063835337e-05 -2.361259089168630588e-06 -1.082959769396069083e-05
6.338090948644470757e+00 -1.864968883819951087e-05 -1.917851515861946948e-06 -1.673183732251717556e-05
6.339202306724043723e+00 -2.340498878506975383e-05 -1.302881204327615249e-06 -2.210210758503633813e-05
6.340313664803616689e+00 -2.666924430208029995e-05 -6.185165769160221689e-07 -2.605072772654971197e-05
6.341425022883190543e+00 -2.790098613004131367e-05 2.181444005659304453e-08 -2.792280057388202980e-05
6.342536380962764397e+00 -2.689352346974070024e-05 5.120852501341931033e-07 -2.740560872042160229e-05
6.343647739042337363e+00 -2.380846294788852013e-05 7.710808405446769893e-07 -2.457954378791427086e-05
6.344759097121910330e+00 -1.914858762057684502e-05 7.557012301146804646e-07 -1.990428884987224811e-05
6.345870455201483296e+00 -1.367466731815340439e-05 4.679820093940023195e-07 -1.414264932716232520e-05
6.346981813281056262e+00 -8.279978540257863090e-06 -4.530849811197471596e-08 -8.234670043614535084e-06
6.348093171360630116e+00 -3.843246767063716179e-06 -7.004148350973408402e-07 -3.142831939279217349e-06
6.349204529440203082e+00 -1.084237218672160288e-06 -1.390396841871608058e-06 3.061596242622064562e-07
6.350315887519776936e+00 -4.457433753867596181e-07 -2.002711204630149200e-06 1.556967829445719495e-06
6.351427245599349902e+00 -2.021336661769046125e-06 -2.437678706033134254e-06 4.163420403714397991e-07
6.352538603678922868e+00 -5.540681879570661522e-06 -2.624804308450889834e-06 -2.915877573655923857e-06
6.353649961758495834e+00 -1.041473135354699028e-05 -2.534276079861289964e-06 -7.880455272592668675e-06
6.354761319838068800e+00 -1.583325563197244060e-05 -2.181766176890600226e-06 -1.365148945822692791e-05
6.355872677917642655e+00 -2.089857154102684259e-05 -1.625760733518305740e-06 -1.927281080832399240e-05
6.356984035997216509e+00 -2.477340062293637013e-05 -9.578737561553439962e-07 -2.381552686826424181e-05
6.358095394076789475e+00 -2.681850070475767095e-05 -2.877510393887262657e-07 -2.653074966837455639e-05
6.359206752156362441e+00 -2.669744133449326179e-05 2.749453830926557605e-07 -2.697238672065734033e-05
6.360318110235935407e+00 -2.443133494295628844e-05 6.385080330470981318e-07 -2.506984297584273491e-05
6.361429468315508373e+00 -2.039460207957626697e-05 7.441601578067402268e-07 -2.113876223302059779e-05
6.362540826395082227e+00 -1.525256629562616456e-05 5.755861362901119015e-07 -1.582815243279626916e-05
6.363652184474655193e+00 -9.851251423742025948e-06 1.614653576469490164e-07 -1.001271678290321238e-05
6.364763542554229048e+00 -5.077601654112848251e-06 -4.293882524923156867e-07 -4.648213403983612185e-06
6.365874900633802014e+00 -1.713187837775907371e-06 -1.099463084218867110e-06 -6.137247538233643607e-07
6.366986258713374980e+00 -3.055009944811213664e-07 -1.738666557087453288e-06 1.433165561521155661e-06
6.368097616792947946e+00 -1.078003118316428824e-06 -2.242460718994620115e-06 1.164457602187158464e-06
6.369208974872520912e+00 -3.893692171504613275e-06 -2.529030446778543940e-06 -1.364661723689090944e-06
6.370320332952094766e+00 -8.278109138619600682e-06 -2.552664152047321735e-06 -5.725444984775417134e-06
6.371431691031668620e+00 -1.349791831476094064e-05 -2.311156392607969113e-06 -1.118676192187958995e-05
6.372543049111241587e+00 -1.868204624920532034e-05 -1.846030027410837620e-06 -1.683601622547289609e-05
6.373654407190814553e+00 -2.296537691606282197e-05 -1.235559224325197096e-06 -2.172981769172797548e-05
6.374765765270387519e+00 -2.563130772893947029e-05 -5.817589609666376808e-07 -2.504954877061756763e-05
6.375877123349960485e+00 -2.622969362836569118e-05 6.503471160703593913e-09 -2.623619710452433640e-05
6.376988481429534339e+00 -2.465078354409178107e-05 4.314860260613395237e-07 -2.508226957315205091e-05
6.378099839509107305e+00 -2.114302436224436976e-05 6.226763331316251086e-07 -2.176570069766783563e-05
6.379211197588681159e+00 -1.627186525490461125e-05 5.483752162184425986e-07 -1.682024047027462499e-05
6.380322555668254125e+00 -1.082641303117633930e-05 2.208608765737841767e-07 -1.104727390781063551e-05
6.381433913747827091e+00 -5.689366448556956724e-06 -3.057044767369534208e-07 -5.383661971523467232e-06
6.382545271827400057e+00 -1.691690667950411162e-06 -9.442675130864335736e-07 -7.474231579075295978e-07
6.383656629906973023e+00 5.240211096645911587e-07 -1.589283206355700088e-06 2.113304315385484099e-06
6.384767987986546878e+00 6.090060465325445715e-07 -2.134140489250944785e-06 2.743146533157119708e-06
6.385879346066120732e+00 -1.434725885883980298e-06 -2.488739738086809375e-06 1.054013848967444433e-06
6.386990704145693698e+00 -5.255290554568485886e-06 -2.594327552249656057e-06 -2.660963004633967385e-06
6.388102062225266664e+00 -1.020946620625389628e-05 -2.433150293513252683e-06 -7.776315914632264681e-06
6.389213420304839630e+00 -1.546916722627768997e-05 -2.031344534724475234e-06 -1.343782269086187323e-05
6.390324778384412596e+00 -2.015827029132853665e-05 -1.454598076379900865e-06 -1.870367221276213882e-05
6.391436136463986450e+00 -2.349722591483624501e-05 -7.973055700095211347e-07 -2.269992034216634924e-05
6.392547494543559417e+00 -2.493162081552025705e-05 -1.670123693966991214e-07 -2.476460844849995291e-05
6.393658852623133271e+00 -2.422352013048759134e-05 3.332871129924910511e-07 -2.455680724651639057e-05
6.394770210702706237e+00 -2.149056260969742227e-05 6.220808856221291330e-07 -2.211264349982321881e-05
6.395881568782279203e+00 -1.718639485534523281e-05 6.527158437804041636e-07 -1.783911070134041807e-05
6.396992926861852169e+00 -1.202569552393893335e-05 4.210231593220636502e-07 -1.244671868406510909e-05
6.398104284941425135e+00 -6.866164813744152912e-06 -3.405427009921100550e-08 -6.832110544528410823e-06
6.399215643020998989e+00 -2.566929606855321983e-06 -6.369264052073940669e-07 -1.930003199235828804e-06
6.400327001100572843e+00 1.533050076264926009e-07 -1.287839912466416702e-06 1.441144919728590268e-06
6.401438359180145810e+00 8.349979714167537603e-07 -1.879319990271252812e-06 2.714317960782230196e-06
6.402549717259718776e+00 -6.461392032255323242e-07 -2.313860670666812119e-06 1.667721466504061556e-06
6.403661075339291742e+00 -4.058233070735380726e-06 -2.519952347038165240e-06 -1.538280722958697624e-06
6.404772433418865596e+00 -8.850955537562186365e-06 -2.463812714458400873e-06 -6.387142825056094791e-06
6.405883791498438562e+00 -1.424564341876051465e-05 -2.154897334218012063e-06 -1.209074608976437940e-05
6.406995149578011528e+00 -1.936300656671212372e-05 -1.644291488374507266e-06 -1.771871507951112978e-05
6.408106507657584494e+00 -2.336742169948462580e-05 -1.016256749355640794e-06 -2.235116494869520895e-05
6.409217865737158348e+00 -2.560409074042931110e-05 -3.743308135759483395e-07 -2.522975992842561854e-05
6.410329223816731314e+00 -2.570652044250019974e-05 1.757271257277968598e-07 -2.588224757247431507e-05
6.411440581896304280e+00 -2.365667038811995401e-05 5.433376627532655358e-07 -2.420000805400304017e-05
6.412551939975878135e+00 -1.978789801222735623e-05 6.679879608791614888e-07 -2.045588596953596891e-05
6.413663298055451101e+00 -1.473023531688372537e-05 5.291599911021887832e-07 -1.525939530988866186e-05
6.414774656135024067e+00 -9.307007620928692965e-06 1.496744887579109107e-07 -9.456682106283049311e-06
6.415886014214597921e+00 -4.399790556641400285e-06 -4.080908671723343243e-07 -3.991699686730059565e-06
6.416997372294170887e+00 -8.038957662072614835e-07 -1.052478672186011200e-06 2.485829034080521555e-07
6.418108730373743853e+00 9.018850551669420346e-07 -1.677627564756357513e-06 2.579512617058234321e-06
6.419220088453317707e+00 4.499042436411412188e-07 -2.180863535075471609e-06 2.630767775179310066e-06
6.420331446532890673e+00 -2.072856872760344554e-06 -2.479546783116398125e-06 4.066899080500639696e-07
6.421442804612463640e+00 -6.239537833413119627e-06 -2.524607737895027471e-06 -3.714930097371013998e-06
6.422554162692036606e+00 -1.135391428659822399e-05 -2.308553746264817167e-06 -9.045360543094571604e-06
6.423665520771610460e+00 -1.656505095474309838e-05 -1.866639672802220635e-06 -1.469841128424716550e-05
6.424776878851183426e+00 -2.100723271845515369e-05 -1.271020528937472473e-06 -1.973621219078904379e-05
6.425888236930756392e+00 -2.394217559467800779e-05 -6.188574168889126063e-07 -2.332331818028724607e-05
6.426999595010330246e+00 -2.488017155558366889e-05 -1.633971269866688145e-08 -2.486383184434597798e-05
6.428110953089903212e+00 -2.366030067283645538e-05 4.387459729806100772e-07 -2.409904665204298801e-05
6.429222311169476178e+00 -2.047658605840337043e-05 6.730351998777874944e-07 -2.114962126552452290e-05
6.430333669249050033e+00 -1.584585513096604600e-05 6.495653130203130716e-07 -1.649542044525331708e-05
6.431445027328622999e+00 -1.052264761095640308e-05 3.737553016612939552e-07 -1.089640291495426114e-05
6.432556385408195965e+00 -5.375195857659689075e-06 -1.075851327618480044e-07 -5.267610725175498471e-06
6.433667743487768931e+00 -1.242883135335083600e-06 -7.140413389785526957e-07 -5.288417982377436460e-07
6.434779101567342785e+00 1.201402720479838836e-06 -1.344882479753666308e-06 2.546285197786149132e-06
6.435890459646915751e+00 1.561432747825333960e-06 -1.895659646633267939e-06 3.457092394664474104e-06
6.437001817726488717e+00 -2.177324107132967007e-07 -2.275379864126256263e-06 2.057647452104053101e-06
6.438113175806062571e+00 -3.841190706241467620e-06 -2.421432995659783354e-06 -1.419757711689948951e-06
6.439224533885635537e+00 -8.713053833590833630e-06 -2.309822921334273851e-06 -6.403230916750875940e-06
6.440335891965208504e+00 -1.403461097187986770e-05 -1.959030487345767696e-06 -1.207558048781217849e-05
6.441447250044782358e+00 -1.893561175439397587e-05 -1.426885503365548378e-06 -1.750872625120962478e-05
6.442558608124355324e+00 -2.261706979964344527e-05 -8.009750440102187492e-07 -2.181609475957867889e-05
6.443669966203928290e+00 -2.448211967757745952e-05 -1.841769366915592572e-07 -2.429794274077211325e-05
6.444781324283502144e+00 -2.423346273256517941e-05 3.222944398611929211e-07 -2.455575717321637624e-05
6.445892682363075110e+00 -2.192144868846642239e-05 6.355380685073487189e-07 -2.255698676103352548e-05
6.447004040442648076e+00 -1.793497630862709094e-05 7.045750496507046995e-07 -1.863955136264952919e-05
6.448115398522221042e+00 -1.293680016685580178e-05 5.186840371697862880e-07 -1.345548420726835545e-05
6.449226756601794897e+00 -7.753958830126507495e-06 1.091019716773671596e-07 -7.863060803320592179e-06
6.450338114681367863e+00 -3.241402272472675497e-06 -4.561781265011085338e-07 -2.785224144195548937e-06
6.451449472760940829e+00 -1.412686541533373502e-07 -1.083645314468514187e-06 9.423766515325327636e-07
6.452560830840514683e+00 1.039049467905671029e-06 -1.669686887118270206e-06 2.708736349482502616e-06
6.453672188920087649e+00 1.100382348447580261e-07 -2.117641042472908947e-06 2.227679276034012258e-06
6.454783546999660615e+00 -2.769219877228959459e-06 -2.353679652209338580e-06 -4.155402278244180181e-07
6.455894905079234469e+00 -7.117719009904193567e-06 -2.338911913631138730e-06 -4.778807095580459713e-06
6.457006263158807435e+00 -1.221213252257770734e-05 -2.075725270498873462e-06 -1.013640725403474815e-05
6.458117621238380401e+00 -1.720618820387313785e-05 -1.607330731239378749e-06 -1.559885747395850508e-05
6.459228979317954256e+00 -2.127013754229210851e-05 -1.010598654926838378e-06 -2.025953888384456753e-05
6.460340337397527222e+00 -2.372736421648756130e-05 -3.833739147580695348e-07 -2.334399030377680428e-05
6.461451695477100188e+00 -2.416567320983036699e-05 1.716350374109305334e-07 -2.433730824716057867e-05
6.462563053556673154e+00 -2.250499134780594226e-05 5.637389561876504770e-07 -2.306873030753255061e-05
6.463674411636247008e+00 -1.901039579621163766e-05 7.291457993189876799e-07 -1.973954160004428096e-05
6.464785769715819974e+00 -1.424838776450075561e-05 6.413915684690921649e-07 -1.488977933112971275e-05
6.465897127795392940e+00 -8.993656284171647197e-06 3.156168775532430804e-07 -9.309273165376916875e-06
6.467008485874966794e+00 -4.101706554117574843e-06 -1.940031856815754136e-07 -3.907703367573428510e-06
6.468119843954539760e+00 -3.683216158345981733e-07 -8.032414311576102140e-07 4.349198175670598160e-07
6.469231202034112727e+00 1.601040015493360689e-06 -1.411725305987911644e-06 3.012765317348168291e-06
6.470342560113686581e+00 1.490458749306541788e-06 -1.919472774244717691e-06 3.409931517535180019e-06
6.471453918193259547e+00 -6.748799765794386007e-07 -2.243333913621676302e-06 1.568453939393421592e-06
6.472565276272832513e+00 -4.533187060054002723e-06 -2.330634688594513597e-06 -2.202552371232714690e-06
6.473676634352406367e+00 -9.445835134595011867e-06 -2.167783972604683806e-06 -7.278051158189982606e-06
6.474787992431979333e+00 -1.460250493016653286e-05 -1.782436823534583174e-06 -1.282006810810224981e-05
6.475899350511552299e+00 -1.915438761130629219e-05 -1.238868963055595298e-06 -1.791551864471904384e-05
6.477010708591125265e+00 -2.235353387851531093e-05 -6.273342355885935633e-07 -2.172619964529824699e-05
6.478122066670699120e+00 -2.367545439576398264e-05 -4.916518353021033776e-08 -2.362628921401786763e-05
6.479233424750272086e+00 -2.290486217515659562e-05 3.999260297106433347e-07 -2.330478820718791949e-05
6.480344782829845052e+00 -2.017052619145750375e-05 6.455970220151362746e-07 -2.081612321059352760e-05
6.481456140909418906e+00 -1.592358416172869051e-05 6.470861156785757181e-07 -1.657067028162581557e-05
6.482567498988991872e+00 -1.086295717936435271e-05 4.038818774245632676e-07 -1.126683906281251285e-05
6.483678857068564838e+00 -5.820194957669930225e-06 -4.423719238228011321e-08 -5.775957764234205399e-06
6.484790215148138692e+00 -1.622721404089411817e-06 -6.237895241992775998e-07 -9.989318791592260993e-07
6.485901573227711658e+00 1.042023524054159003e-06 -1.239710834870091179e-06 2.281734356446882099e-06
6.487012931307284624e+00 1.739236323131587367e-06 -1.791006793965306548e-06 3.530243116082971760e-06
6.488124289386858479e+00 3.577331315459059483e-07 -2.187359120313635499e-06 2.545092249818959457e-06
6.489235647466431445e+00 -2.872331813364012096e-06 -2.363953290835556827e-06 -5.083785222970323148e-07
6.490347005546004411e+00 -7.417828217886213854e-06 -2.292092905266011156e-06 -5.125735312996610588e-06
6.491458363625577377e+00 -1.253070054082257995e-05 -1.983862063238594673e-06 -1.054683848032700322e-05
6.492569721705151231e+00 -1.737115274575004240e-05 -1.490078637525786218e-06 -1.588107410742259709e-05
6.493681079784724197e+00 -2.114567270752659364e-05 -8.918853808475917747e-07 -2.025378732449468686e-05
6.494792437864297163e+00 -2.323718705829697431e-05 -2.873715227225045197e-07 -2.294981553626349383e-05
6.495903795943871017e+00 -2.330597838169114200e-05 2.245678446523925774e-07 -2.353054622241702865e-05
6.497015154023443984e+00 -2.134483162719632426e-05 5.604765206547712144e-07 -2.190530814496225234e-05
6.498126512103016950e+00 -1.767943375427386346e-05 6.660153106957688619e-07 -1.834544906283066407e-05
6.499237870182590804e+00 -1.291406127132757597e-05 5.248289437822248674e-07 -1.343889021927779925e-05
6.500349228262163770e+00 -7.831590445582427978e-06 1.611521396424308293e-07 -7.992742591562095045e-06
6.501460586341736736e+00 -3.264357523605990880e-06 -3.642629994464721059e-07 -2.900094524535675941e-06
6.502571944421310590e+00 4.283734584891937813e-08 -9.642170885764272676e-07 1.007054434202939511e-06
6.503683302500883556e+00 1.555031549368133571e-06 -1.539464591637591584e-06 3.094496140270124474e-06
6.504794660580456522e+00 1.034611711979373412e-06 -1.995069892868044674e-06 3.029681601236485292e-06
6.505906018660029488e+00 -1.420302430169472982e-06 -2.256024467015636234e-06 8.357220388527809157e-07
6.507017376739603343e+00 -5.392834092395092441e-06 -2.279557051809197158e-06 -3.113277042240611414e-06
6.508128734819176309e+00 -1.021679660603022968e-05 -2.062116745998551250e-06 -8.154679857829989081e-06
6.509240092898749275e+00 -1.508709002705612215e-05 -1.639888384009072957e-06 -1.344720163958500192e-05
6.510351450978323129e+00 -1.919280305572599113e-05 -1.082765291472405963e-06 -1.811003776228331877e-05
6.511462809057896095e+00 -2.185106305563257884e-05 -4.827810481249116600e-07 -2.136828200976744266e-05
6.512574167137469061e+00 -2.261958368820213630e-05 6.108787337980839567e-08 -2.268067156688691882e-05
6.513685525217042915e+00 -2.136939511340188100e-05 4.592422805915074993e-07 -2.182863739790550164e-05
6.514796883296615881e+00 -1.830582120459925757e-05 6.462155719564921562e-07 -1.895203677778397461e-05
6.515908241376188847e+00 -1.393430667565595873e-05 5.914375676996250436e-07 -1.452574424358997474e-05
6.517019599455761814e+00 -8.976779298148097191e-06 3.042399978017858424e-07 -9.281019296487457576e-06
6.518130957535335668e+00 -4.252375156487200880e-06 -1.677135565388888656e-07 -4.084661600433411172e-06
6.519242315614908634e+00 -5.422111726046535685e-07 -7.463076468226925568e-07 2.040964723793066427e-07
6.520353673694481600e+00 1.539503143710126490e-06 -1.335861503763946637e-06 2.875364646513778322e-06
6.521465031774055454e+00 1.646784728401675443e-06 -1.838896637123939408e-06 3.485681365743989262e-06
6.522576389853628420e+00 -2.410477832268109744e-07 -2.172188391895750958e-06 1.931140609687893514e-06
6.523687747933201386e+00 -3.815919554501449179e-06 -2.280460499442318471e-06 -1.535459054458499645e-06
6.524799106012775241e+00 -8.491706774181508738e-06 -2.145472084192213795e-06 -6.346234689544663632e-06
6.525910464092348207e+00 -1.350073240030842670e-05 -1.789006638157396387e-06 -1.171172576561532730e-05
6.527021822171921173e+00 -1.802014184026966628e-05 -1.269276720055362187e-06 -1.675086512511808276e-05
6.528133180251495027e+00 -2.130734320936449738e-05 -6.713411446417045332e-07 -2.063600206462373743e-05
6.529244538331067993e+00 -2.282221652307467666e-05 -9.311506600110730850e-08 -2.272910146042033883e-05
6.530355896410640959e+00 -2.231598387644577464e-05 3.707238606962350892e-07 -2.268670773903193674e-05
6.531467254490213925e+00 -1.987212988789665083e-05 6.442867405540735667e-07 -2.051641662795906582e-05
6.532578612569787779e+00 -1.589265751902749560e-05 6.829276103327618173e-07 -1.657558513318063351e-05
6.533689970649360745e+00 -1.103196083463570121e-05 4.805576911995720251e-07 -1.151251853227005378e-05
6.534801328728933711e+00 -6.089208707596698716e-06 7.062355494011541722e-08 -6.159832265838650206e-06
6.535912686808507566e+00 -1.876954632636009673e-06 -4.794047188750379541e-07 -1.397549914640937307e-06
6.537024044888080532e+00 9.124154071500243865e-07 -1.079123261349333290e-06 1.991538663832304393e-06
6.538135402967653498e+00 1.820438125112178174e-06 -1.630034900728892635e-06 3.450473026788151900e-06
6.539246761047227352e+00 6.978415519829630695e-07 -2.041699836352530996e-06 2.739541385405989959e-06
6.540358119126800318e+00 -2.271027979766594360e-06 -2.246544039777958031e-06 -2.448394030075441707e-08
6.541469477206373284e+00 -6.598608447178945513e-06 -2.210897107391649472e-06 -4.387711346582993943e-06
6.542580835285947138e+00 -1.157433093895753398e-05 -1.940453856254809322e-06 -9.633877084740116725e-06
6.543692193365520104e+00 -1.638142739986397228e-05 -1.479272226667373248e-06 -1.490215517989433927e-05
6.544803551445093071e+00 -2.023112479833171981e-05 -9.024825991058184728e-07 -1.932864220124692195e-05
6.545914909524666037e+00 -2.249216884991390997e-05 -3.039157428765210198e-07 -2.218825310228069586e-05
6.547026267604239891e+00 -2.279440336052989888e-05 2.193112047928577222e-07 -2.301371456516496453e-05
6.548137625683812857e+00 -2.108940950278168774e-05 5.827155042501430855e-07 -2.167212500721240470e-05
6.549248983763385823e+00 -1.765827505575056841e-05 7.282624633534839735e-07 -1.838653752551109091e-05
6.550360341842959677e+00 -1.306525741320190351e-05 6.338089235016205808e-07 -1.369906633416758876e-05
6.551471699922532643e+00 -8.064992940595098331e-06 3.166354711499596566e-07 -8.381628418278365411e-06
6.552583058002105609e+00 -3.478528601422083838e-06 -1.695000193607665707e-07 -3.309028584686651842e-06
6.553694416081679464e+00 -5.855766071908088954e-08 -7.432897582342550642e-07 6.847320911925001280e-07
6.554805774161252430e+00 1.633999657403312905e-06 -1.309305078642345214e-06 2.943304737103107603e-06
6.555917132240825396e+00 1.321820488301632228e-06 -1.773711473052842642e-06 3.095531959132339413e-06
6.557028490320399250e+00 -9.436380230482335763e-07 -2.059682762020962257e-06 1.116044738602803982e-06
6.558139848399972216e+00 -4.790965985857452425e-06 -2.119982295059503081e-06 -2.670983692911171187e-06
6.559251206479545182e+00 -9.590129715847297426e-06 -1.944649785360995755e-06 -7.645479929423160126e-06
6.560362564559118148e+00 -1.455617148259352039e-05 -1.562541056040014399e-06 -1.299363043305492432e-05
6.561473922638692002e+00 -1.887820278863956355e-05 -1.036480972655442730e-06 -1.784172181645187275e-05
6.562585280718264968e+00 -2.185247935376733938e-05 -4.528403391370228615e-07 -2.139963901836346855e-05
6.563696638797837934e+00 -2.299769933472193759e-05 9.273721017049848039e-08 -2.309043655008419238e-05
6.564807996877411789e+00 -2.213361233025391145e-05 5.111025791074082269e-07 -2.264471491348956853e-05
6.565919354956984755e+00 -1.941007656078991284e-05 7.342659183339937060e-07 -2.014434248284084975e-05
6.567030713036557721e+00 -1.528185788517936322e-05 7.265480974847358161e-07 -1.600840598782763899e-05
6.568142071116131575e+00 -1.043338090336029880e-05 4.903907604623350836e-07 -1.092377166352727011e-05
6.569253429195704541e+00 -5.665864126525727018e-06 6.587897272017709249e-08 -5.731743103111301696e-06
6.570364787275277507e+00 -1.765431642316867694e-06 -4.759334439734681224e-07 -1.289498196920370668e-06
6.571476145354851361e+00 6.261023452137828155e-07 -1.044786227533648384e-06 1.670888567762937073e-06
6.572587503434424328e+00 1.116542171560448672e-06 -1.546117636422553746e-06 2.662659809883808726e-06
6.573698861513997294e+00 -3.725592218449405926e-07 -1.896653297583511126e-06 1.524094071597226555e-06
6.574810219593570260e+00 -3.593438826136104852e-06 -2.038111542385784292e-06 -1.555327283734491209e-06
6.575921577673144114e+00 -8.013313565322869453e-06 -1.946771944195087377e-06 -6.066541623198865724e-06
6.577032935752717080e+00 -1.290238314902809533e-05 -1.637338114937440543e-06 -1.126504503653124808e-05
6.578144293832290046e+00 -1.745412374744726575e-05 -1.160467191109823158e-06 -1.629365656075293725e-05
6.579255651911863900e+00 -2.091805714239019023e-05 -5.943817281711010533e-07 -2.032367542065087462e-05
6.580367009991436866e+00 -2.272315413809605084e-05 -3.195301024411180326e-08 -2.269120112861336067e-05
6.581478368071009832e+00 -2.257159394125803076e-05 4.346118705692291221e-07 -2.300620581703691908e-05
6.582589726150583687e+00 -2.048749785738598200e-05 7.289554070974408164e-07 -2.121645326290432301e-05
6.583701084230156653e+00 -1.681267247731444911e-05 8.031281475800571825e-07 -1.761580062624792942e-05
6.584812442309729619e+00 -1.215011894434292472e-05 6.454565110487894223e-07 -1.279557545549219258e-05
6.585923800389303473e+00 -7.264647662862024763e-06 2.824307192133152780e-07 -7.547078385634897746e-06
6.587035158468876439e+00 -2.956981818506409371e-06 -2.256906546648662247e-07 -2.731291168455622989e-06
6.588146516548449405e+00 6.792762630722717909e-08 -7.948287534423163769e-07 8.627563778007985712e-07
6.589257874628022371e+00 1.316722961142461831e-06 -1.330941637174027565e-06 2.647664597334783293e-06
6.590369232707596225e+00 5.885710868273386943e-07 -1.745505904444972965e-06 2.334076992563686656e-06
6.591480590787169191e+00 -1.992062306271609809e-06 -1.970073601817301506e-06 -2.198871361597590224e-08
6.592591948866742158e+00 -5.996139800204048145e-06 -1.967510401880878841e-06 -4.028629398037265191e-06
6.593703306946316012e+00 -1.076082187771200405e-05 -1.738069910810284254e-06 -9.022751964074364472e-06
6.594814665025888978e+00 -1.549860087912430934e-05 -1.319310626943877209e-06 -1.417929025159534243e-05
6.595926023105461944e+00 -1.942682899564677351e-05 -7.798760877468231389e-07 -1.864695291241757688e-05
6.597037381185035798e+00 -2.189633137731229057e-05 -2.081682874832007681e-07 -2.168816309275128570e-05
6.598148739264608764e+00 -2.249797211647131673e-05 3.022168345153070177e-07 -2.280018895228731399e-05
6.599260097344181730e+00 -2.112968305315347448e-05 6.678925644482808753e-07 -2.179757562225694001e-05
6.600371455423754696e+00 -1.801297506336422757e-05 8.293886651677463175e-07 -1.884236372943224117e-05
6.601482813503328551e+00 -1.365627029251527749e-05 7.609100362134592647e-07 -1.441718032833263705e-05
6.602594171582901517e+00 -8.771131143811821546e-06 4.745459683271573267e-07 -9.245677116994591854e-06
6.603705529662474483e+00 -4.155194054496474249e-06 1.824353666118677057e-08 -4.173437588780425783e-06
6.604816887742048337e+00 -5.610745316753703443e-07 -5.321150720402425291e-07 -2.895946581886812976e-08
6.605928245821621303e+00 1.427203811896638613e-06 -1.085222356393542091e-06 2.512426167316258833e-06
6.607039603901194269e+00 1.489964709978106126e-06 -1.549380717269490919e-06 3.039345424476032819e-06
6.608150961980768123e+00 -3.758851233040191864e-07 -1.847588421778371747e-06 1.471703299802036048e-06
6.609262320060341089e+00 -3.856675572321823994e-06 -1.930196043412891191e-06 -1.926479531602545009e-06
6.610373678139914055e+00 -8.373825326506243588e-06 -1.783055223924343989e-06 -6.590770100606008902e-06
6.611485036219487910e+00 -1.317915452282714117e-05 -1.429824919046058824e-06 -1.174932960898433798e-05
6.612596394299060876e+00 -1.747795650615304591e-05 -9.280620860226720644e-07 -1.654989441982578080e-05
6.613707752378633842e+00 -2.055958462269386056e-05 -3.597457576310920512e-07 -2.019983886656848138e-05
6.614819110458206808e+00 -2.191409626601126953e-05 1.822024563184125416e-07 -2.209629872409416690e-05
6.615930468537780662e+00 -2.131581234646141507e-05 6.091823583783778596e-07 -2.192499470342725368e-05
6.617041826617353628e+00 -1.886010392975661157e-05 8.514539754181122289e-07 -1.971155790419848106e-05
6.618153184696926594e+00 -1.494741654007149603e-05 8.695637797831608489e-07 -1.581698031595697718e-05
6.619264542776500448e+00 -1.021721522201672269e-05 6.607852926667065127e-07 -1.087800051492119474e-05
6.620375900856073415e+00 -5.442755108400754160e-06 2.595225708471347393e-07 -5.702277682197338937e-06
6.621487258935646381e+00 -1.404002352479094204e-06 -2.683817501486482674e-07 -1.135620602718502223e-06
6.622598617015220235e+00 1.240400788449745606e-06 -8.364907106663658251e-07 2.076891494157085891e-06
6.623709975094793201e+00 2.061103564243694196e-06 -1.351981385224886885e-06 3.413084945384726922e-06
6.624821333174366167e+00 9.282449143355317109e-07 -1.730879029928934968e-06 2.659123940858352381e-06
6.625932691253940021e+00 -1.967595390189478752e-06 -1.911813603403293097e-06 -5.578178820654471071e-08
6.627044049333512987e+00 -6.147065655059480785e-06 -1.866041722767078912e-06 -4.281023933421727184e-06
6.628155407413085953e+00 -1.092106117484697991e-05 -1.602094020923468557e-06 -9.318967154081560927e-06
6.629266765492658919e+00 -1.550405225438740084e-05 -1.164293364263062260e-06 -1.433975889229182135e-05
6.630378123572232774e+00 -1.914306607533108190e-05 -6.253974964876989106e-07 -1.851766857875096831e-05
6.631489481651805740e+00 -2.124112119996973344e-05 -7.458459850412640230e-08 -2.116653660165545084e-05
6.632600839731378706e+00 -2.145485733891921987e-05 3.972365706952468408e-07 -2.185209390774848701e-05
6.633712197810952560e+00 -1.975036969482360169e-05 7.123739137792820366e-07 -2.046274361077078663e-05
6.634823555890525526e+00 -1.640814678548034589e-05 8.191002487393703700e-07 -1.722724703451814290e-05
6.635934913970098492e+00 -1.197638397923547413e-05 7.001115981084839700e-07 -1.267649557738434463e-05
6.637046272049672346e+00 -7.180427571896151606e-06 3.753130117029444975e-07 -7.555740582718215720e-06
6.638157630129245312e+00 -2.803297455484079007e-06 -1.015161279753986246e-07 -2.701781331541919240e-06
6.639268988208818278e+00 4.430334704975686516e-07 -6.516186713018117134e-07 1.094652138918699238e-06
6.640380346288392133e+00 2.034439766264732521e-06 -1.184246399837710390e-06 3.218686164128156495e-06
6.641491704367965099e+00 1.720349535338963187e-06 -1.611595274765803719e-06 3.331944808367907213e-06
6.642603062447538065e+00 -4.356739384040169555e-07 -1.863231070513901301e-06 1.427557134130305258e-06
6.643714420527111031e+00 -4.067071838366595124e-06 -1.897635093718790867e-06 -2.169436747192013404e-06
6.644825778606684885e+00 -8.565230397135706331e-06 -1.708977229422773997e-06 -6.856253165776933500e-06
6.645937136686257851e+00 -1.318012190858848173e-05 -1.328011340479287540e-06 -1.185211056756391504e-05
6.647048494765830817e+00 -1.714403353906147204e-05 -8.169562576902742596e-07 -1.632707728761772017e-05
6.648159852845404671e+00 -1.979800110565302015e-05 -2.592146987115395967e-07 -1.953878641272957517e-05
6.649271210924977638e+00 -2.070014831844586498e-05 2.543701868533947011e-07 -2.095451850772558217e-05
6.650382569004550604e+00 -1.969814085334576498e-05 6.404545286540884322e-07 -2.033859537824448879e-05
6.651493927084124458e+00 -1.695388875228368009e-05 8.368706686027565763e-07 -1.779075942009988864e-05
6.652605285163697424e+00 -1.291650219323097967e-05 8.127941307833002433e-07 -1.372929632742882558e-05
6.653716643243270390e+00 -8.248020209132306962e-06 5.737344894393036536e-07 -8.821754705843395244e-06
6.654828001322844244e+00 -3.714192777572265097e-06 1.605381863819125622e-07 -3.874730965419334594e-06
6.655939359402417210e+00 -5.833130630231685154e-08 -3.574221818155792828e-07 2.990908722429359845e-07
6.657050717481990176e+00 2.120998856019800857e-06 -8.937414711195694971e-07 3.014740328115945132e-06
6.658162075561563142e+00 2.468330571827124901e-06 -1.359259137616496999e-06 3.827589703543824817e-06
6.659273433641136997e+00 9.295355312787098243e-07 -1.676765297663415248e-06 2.606300829146148204e-06
6.660384791720709963e+00 -2.239573546309638064e-06 -1.793714217650371892e-06 -4.458593333288470018e-07
6.661496149800282929e+00 -6.515642827569292916e-06 -1.690854883395517913e-06 -4.824787947695433066e-06
6.662607507879856783e+00 -1.119414009160060730e-05 -1.385363438233658316e-06 -9.808776655079263357e-06
6.663718865959429749e+00 -1.550542871351550181e-05 -9.279688057688980458e-07 -1.457745991228966836e-05
6.664830224039002715e+00 -1.874142237625426796e-05 -3.945522837420510675e-07 -1.834687009531418833e-05
6.665941582118576569e+00 -2.037197722088487234e-05 1.263893750260694157e-07 -2.049836659855346771e-05
6.667052940198149535e+00 -2.013188509646622604e-05 5.483486974522557142e-07 -2.068023379705151432e-05
6.668164298277722501e+00 -1.806419166089714978e-05 8.010735162159907628e-07 -1.886526517982847068e-05
6.669275656357296356e+00 -1.451275836781640641e-05 8.421461408709870729e-07 -1.535490450690598155e-05
6.670387014436869322e+00 -1.006534633725452224e-05 6.639722775240932025e-07 -1.072931861448907925e-05
6.671498372516442288e+00 -5.456634992206423063e-06 2.950335554832784536e-07 -5.751668545875797400e-06
6.672609730596015254e+00 -1.447166758422081811e-06 -2.047975519580902339e-07 -1.242369208454430912e-06
6.673721088675589108e+00 1.301844512651860117e-06 -7.541045991714737367e-07 2.055949106604553801e-06
6.674832446755162074e+00 2.337246442090897599e-06 -1.263311806439408599e-06 3.600558246147909144e-06
6.675943804834735040e+00 1.488355085268002528e-06 -1.649402237310485222e-06 3.137757320515279814e-06
6.677055162914308895e+00 -1.105171729954418369e-06 -1.849548196256549083e-06 7.443764696172042172e-07
6.678166520993881861e+00 -5.016533317262579159e-06 -1.831413965885703068e-06 -3.185119351059801165e-06
6.679277879073454827e+00 -9.602196898859244323e-06 -1.598440417532413771e-06 -8.003756482781280990e-06
6.680389237153028681e+00 -1.410789662555566801e-05 -1.189247904274113102e-06 -1.291864872378541140e-05
6.681500595232601647e+00 -1.779275889581292611e-05 -6.712616375384515381e-07 -1.712149725272569048e-05
6.682611953312174613e+00 -2.005112567027983461e-05 -1.296133864657635732e-07 -1.992151228982037489e-05
6.683723311391747579e+00 -2.051204724596179113e-05 3.468514859690405251e-07 -2.085889873561664470e-05
6.684834669471321433e+00 -1.910010483773287235e-05 6.801589841202754401e-07 -1.978026381754816043e-05
6.685946027550894399e+00 -1.604759694753083929e-05 8.159862716348217221e-07 -1.686358322401052684e-05
6.687057385630467365e+00 -1.185612978169946902e-05 7.325387969764010241e-07 -1.258866858071423789e-05
6.688168743710041220e+00 -7.213969232115844538e-06 4.440712741637266986e-07 -7.658040507634369942e-06
6.689280101789614186e+00 -2.882783824628958741e-06 -1.518685112989772139e-09 -2.881265139869412101e-06
6.690391459869187152e+00 4.275814905134022598e-07 -5.306207306995239302e-07 9.582022240880744973e-07
6.691502817948761006e+00 2.175701009720634391e-06 -1.056054603202443950e-06 3.231755612762379250e-06
6.692614176028333972e+00 2.077380298469704446e-06 -1.491424064727716361e-06 3.568804362262957119e-06
6.693725534107906938e+00 1.521122683056626637e-07 -1.765319526622430047e-06 1.917431795222992313e-06
6.694836892187480792e+00 -3.280420592515929587e-06 -1.833035043450659035e-06 -1.447385552452717938e-06
6.695948250267053758e+00 -7.653171241303081962e-06 -1.683877231614664045e-06 -5.969294009961975678e-06
6.697059608346626725e+00 -1.224515490448390906e-05 -1.342870756694493004e-06 -1.090228415090606362e-05
6.698170966426199691e+00 -1.630008416778939984e-05 -8.665878788728892217e-07 -1.543349628738708082e-05
6.699282324505773545e+00 -1.915069083539703079e-05 -3.337958625176240665e-07 -1.881689497221184990e-05
6.700393682585346511e+00 -2.032829851219370917e-05 1.675329514228891164e-07 -2.049583146470192532e-05
6.701505040664919477e+00 -1.963965630303286802e-05 5.547077850180084837e-07 -2.019436408849922121e-05
6.702616398744493331e+00 -1.719843882071799696e-05 7.639188716352399372e-07 -1.796235769512682934e-05
6.703727756824066297e+00 -1.340628392090684531e-05 7.607149364654430682e-07 -1.416699885682052434e-05
6.704839114903639263e+00 -8.886534046611237192e-06 5.456400703480172474e-07 -9.432174116707353617e-06
6.705950472983213118e+00 -4.381617965250935581e-06 1.541095025491847053e-07 -4.535727465097231376e-06
6.707061831062786084e+00 -6.309705273203469050e-07 -3.494479526449815803e-07 -2.815225781927204601e-07
6.708173189142359050e+00 1.750430082189712369e-06 -8.822104493111244104e-07 2.632640530983204781e-06
6.709284547221932904e+00 2.372953897789123771e-06 -1.356594648225237839e-06 3.729548545217879589e-06
6.710395905301505870e+00 1.136085508592499932e-06 -1.694653522096382835e-06 2.830739029868658413e-06
6.711507263381078836e+00 -1.755368960328421157e-06 -1.840872723863217918e-06 8.550376341350841847e-08
6.712618621460651802e+00 -5.825243215468916061e-06 -1.771264201485600110e-06 -4.053979014359554434e-06
6.713729979540225656e+00 -1.040450328833493476e-05 -1.497267219169395403e-06 -8.907236070489817775e-06
6.714841337619798622e+00 -1.474132537180108948e-05 -1.063822488658987535e-06 -1.367750288425780697e-05
6.715952695699371588e+00 -1.812463720669062889e-05 -5.419438268418298385e-07 -1.758269338236534071e-05
6.717064053778945443e+00 -2.000081278593583006e-05 -1.701579126228312464e-08 -1.998379699418321651e-05
6.718175411858518409e+00 -2.006435888384817956e-05 4.252533587057160660e-07 -2.048961224507478765e-05
6.719286769938091375e+00 -1.830772944741302158e-05 7.129112535655685989e-07 -1.902064070350610939e-05
6.720398128017665229e+00 -1.502213701098497473e-05 7.995592539883513263e-07 -1.582169626456386355e-05
6.721509486097238195e+00 -1.074929268241259575e-05 6.719325370019787222e-07 -1.142122522132700546e-05
6.722620844176811161e+00 -6.192069876973047698e-06 3.520224481570817152e-07 -6.544092325384137654e-06
6.723732202256385015e+00 -2.098823871115066894e-06 -1.065999771227954095e-07 -1.992223899869270676e-06
6.724843560335957982e+00 8.595891968093700292e-07 -6.276466428538796539e-07 1.487235837514333872e-06
6.725954918415530948e+00 2.199876617514943608e-06 -1.124696790158352818e-06 3.324573406508768425e-06
6.727066276495103914e+00 1.705389650181598094e-06 -1.515429009031665496e-06 3.220818659645295710e-06
6.728177634574677768e+00 -5.387318576493670824e-07 -1.735158688268308684e-06 1.196426830100093264e-06
6.729288992654250734e+00 -4.160063216637668176e-06 -1.747456240684712924e-06 -2.412606976787872240e-06
6.730400350733823700e+00 -8.560593647941039386e-06 -1.550104393185804238e-06 -7.010489255606950493e-06
6.731511708813397554e+00 -1.301541051797151446e-05 -1.175421587118339250e-06 -1.183998893528699289e-05
6.732623066892970520e+00 -1.679209656149519350e-05 -6.849060381004573508e-07 -1.610719052549383287e-05
6.733734424972543486e+00 -1.927118147699137876e-05 -1.590888532007806886e-07 -1.911209262374282541e-05
6.734845783052117341e+00 -2.004784581328359488e-05 3.157290656560042324e-07 -2.036357487900141219e-05
6.735957141131690307e+00 -1.899817832124893122e-05 6.616715206840155039e-07 -1.965984984037862093e-05
6.737068499211263273e+00 -1.629914328172329258e-05 8.220781184080231448e-07 -1.712122140099230777e-05
6.738179857290837127e+00 -1.239903358060201813e-05 7.707910587711217041e-07 -1.316982463995218511e-05
6.739291215370410093e+00 -7.943334316456301947e-06 5.164158274769775582e-07 -8.459750143661754623e-06
6.740402573449983059e+00 -3.668243316553828140e-06 1.008623796931035210e-07 -3.769105696395250518e-06
6.741513931529556025e+00 -2.794024403247191701e-07 -4.075852163432921527e-07 1.281827735493974024e-07
6.742625289609129879e+00 1.664202196166239545e-06 -9.255236211054715877e-07 2.589725816796420617e-06
6.743736647688702845e+00 1.842082029793141789e-06 -1.368153048969902935e-06 3.210235078943959527e-06
6.744848005768275812e+00 2.247558933106755252e-07 -1.663208545573914365e-06 1.887964441872505388e-06
6.745959363847849666e+00 -2.921662486976214779e-06 -1.762809121282836829e-06 -1.158853365738118230e-06
6.747070721927422632e+00 -7.079498614877798024e-06 -1.651279820934301729e-06 -5.428218798410842927e-06
6.748182080006995598e+00 -1.156487656075446888e-05 -1.347666775712848632e-06 -1.021720979199700757e-05
6.749293438086569452e+00 -1.564032223039333452e-05 -9.025397353880148599e-07 -1.473778249445499219e-05
6.750404796166142418e+00 -1.863606312399370551e-05 -3.896165859702685821e-07 -1.824644653602427655e-05
6.751516154245715384e+00 -2.006007164166018208e-05 1.064049986742205160e-07 -2.016647664250569363e-05
6.752627512325288350e+00 -1.967877037651558775e-05 5.038018147961094992e-07 -2.018257219026401914e-05
6.753738870404862205e+00 -1.755516353394272547e-05 7.372675314567622793e-07 -1.829243106764473492e-05
6.754850228484435171e+00 -1.403817397724327343e-05 7.686329548911943234e-07 -1.480680693548459825e-05
6.755961586564008137e+00 -9.704994306834052731e-06 5.931046637363019823e-07 -1.029809896748237752e-05
6.757072944643581991e+00 -5.265984418448624305e-06 2.400021917826214240e-07 -5.505986611450790214e-06
6.758184302723154957e+00 -1.447794123532464283e-06 -2.321197801891043797e-07 -1.215674343425874465e-06
6.759295660802727923e+00 1.126048650507615809e-06 -7.451539307170096187e-07 1.871202582074348551e-06
6.760407018882301777e+00 2.037447021390696028e-06 -1.214327907466130780e-06 3.251774927206727006e-06
6.761518376961874743e+00 1.142145042537425631e-06 -1.562172370070022930e-06 2.704317412565489936e-06
6.762629735041447709e+00 -1.406971418050836919e-06 -1.731269696370299114e-06 3.242982761996436591e-07
6.763741093121021564e+00 -5.185458269433467285e-06 -1.693687187892241406e-06 -3.491771084284311585e-06
6.764852451200594530e+00 -9.567514056931826494e-06 -1.455546661224058470e-06 -8.111967397443284322e-06
6.765963809280167496e+00 -1.382920198884527926e-05 -1.055984290898687671e-06 -1.277321770365089093e-05
6.767075167359740462e+00 -1.726767831626563332e-05 -5.606783983833757683e-07 -1.670699992191394465e-05
6.768186525439314316e+00 -1.931680124360544287e-05 -5.101625168287774598e-08 -1.926578498981324980e-05
6.769297883518887282e+00 -1.964010904986724856e-05 3.893128290068928118e-07 -2.002942187926022577e-05
6.770409241598460248e+00 -1.818590617974537998e-05 6.880895842640834216e-07 -1.887399576343132615e-05
6.771520599678034102e+00 -1.519543516860077242e-05 7.964359062726905332e-07 -1.599187107345374087e-05
6.772631957757607069e+00 -1.116284623042199803e-05 6.968341396328285912e-07 -1.185968036881025062e-05
6.773743315837180035e+00 -6.753598946999169600e-06 4.059794351344707701e-07 -7.159578379890493838e-06
6.774854673916753889e+00 -2.694764240539259184e-06 -2.799852759943657725e-08 -2.666765709629726269e-06
6.775966031996326855e+00 3.447042519193633386e-07 -5.334816002434629087e-07 8.781858494494917261e-07
6.777077390075899821e+00 1.864021615617520496e-06 -1.027164536936903339e-06 2.891186146143512672e-06
6.778188748155473675e+00 1.612859203606114514e-06 -1.427766689660769859e-06 3.040625893499352989e-06
6.779300106235046641e+00 -3.676412102628697637e-07 -1.669396816973350915e-06 1.301755604515039515e-06
6.780411464314619607e+00 -3.751832035195270393e-06 -1.712373340159829366e-06 -2.039458696671695229e-06
6.781522822394192573e+00 -7.983310190638401305e-06 -1.549723231160433814e-06 -6.433586956234183668e-06
6.782634180473766428e+00 -1.236657077752743861e-05 -1.208295218750249432e-06 -1.115827555840361376e-05
6.783745538553339394e+00 -1.618145630619257855e-05 -7.443098519094957653e-07 -1.543714645316522291e-05
6.784856896632912360e+00 -1.880155807489677228e-05 -2.340839957401302709e-07 -1.856747408537353858e-05
6.785968254712486214e+00 -1.979710021114819071e-05 2.385400155467313045e-07 -2.003564022513837362e-05
6.787079612792059180e+00 -1.900540337436982044e-05 5.959900422387328202e-07 -1.960139341819835956e-05
6.788190970871632146e+00 -1.655737213822686127e-05 7.797148733243420247e-07 -1.733708701061407315e-05
6.789302328951206000e+00 -1.285569843177420540e-05 7.597946779163845918e-07 -1.361549310886518011e-05
6.790413687030778966e+00 -8.508408673047179044e-06 5.398342012403551044e-07 -9.048242872365663825e-06
6.791525045110351932e+00 -4.228725058339974363e-06 1.563391491545234983e-07 -4.385064206816058352e-06
6.792636403189925787e+00 -7.177400314082368199e-07 -3.273159255554768847e-07 -3.904241052652985405e-07
6.793747761269498753e+00 1.450791917874437800e-06 -8.313308678454907536e-07 2.282122788151651725e-06
6.794859119349071719e+00 1.924605421435807173e-06 -1.272612788619654272e-06 3.197218208251364276e-06
6.795970477428644685e+00 6.305612413439257158e-07 -1.578436747299283418e-06 2.208997987060141825e-06
6.797081835508218539e+00 -2.213668738529003810e-06 -1.698388064211241145e-06 -5.152806750216131632e-07
6.798193193587791505e+00 -6.135743724553725104e-06 -1.612625008394605233e-06 -4.523118721780003404e-06
6.799304551667364471e+00 -1.048662895321208349e-05 -1.335107767340929115e-06 -9.151521187022136627e-06
6.800415909746938325e+00 -1.454754393709865867e-05 -9.112684718622733387e-07 -1.363627546779487207e-05
6.801527267826511292e+00 -1.764826726797152565e-05 -4.105115791944977154e-07 -1.723775568777822023e-05
6.802638625906084258e+00 -1.927733710708774001e-05 8.521682340984979009e-08 -1.936255393269678549e-05
6.803749983985658112e+00 -1.916603539610720053e-05 4.949073812225398064e-07 -1.966094277542924235e-05
6.804861342065231078e+00 -1.733237497346471617e-05 7.517957189647655244e-07 -1.808417068932359484e-05
6.805972700144804044e+00 -1.407789583208205256e-05 8.143132555267658650e-07 -1.489220908715586586e-05
6.807084058224377898e+00 -9.937844122281849074e-06 6.728833843102645894e-07 -1.061072750856715055e-05
6.808195416303950864e+00 -5.592970877689885240e-06 3.514508182209401168e-07 -5.944421696580780984e-06
6.809306774383523830e+00 -1.757488546566066470e-06 -9.650098894622435126e-08 -1.660987556338687846e-06
6.810418132463096796e+00 9.383730902703989532e-07 -5.967831432710703362e-07 1.535156228041345550e-06
6.811529490542670651e+00 2.051896102735835566e-06 -1.066727431089231078e-06 3.118623533737480049e-06
6.812640848622243617e+00 1.400486922742178071e-06 -1.428791454151755592e-06 2.829278380592865558e-06
6.813752206701816583e+00 -9.085363879884813393e-07 -1.623304547970705542e-06 7.147681592468979606e-07
6.814863564781390437e+00 -4.495834193742921647e-06 -1.618260176396659378e-06 -2.877574014538896927e-06
6.815974922860963403e+00 -8.772623852170650244e-06 -1.414548461594171695e-06 -7.358075387362428971e-06
6.817086280940536369e+00 -1.303761612074559942e-05 -1.045773919924512059e-06 -1.199184219976981783e-05
6.818197639020110223e+00 -1.659233912779068884e-05 -5.726946588247326187e-07 -1.601964446801447395e-05
6.819308997099683189e+00 -1.885587577654581487e-05 -7.320335469913896720e-08 -1.878267242701094769e-05
6.820420355179256156e+00 -1.946015638024968519e-05 3.704978340402930066e-07 -1.983065422011751067e-05
6.821531713258830010e+00 -1.831016367555239263e-05 6.854168979774819762e-07 -1.899558057102306366e-05
6.822643071338402976e+00 -1.559919332820179291e-05 8.197628960423527589e-07 -1.641895622539945795e-05
6.823754429417975942e+00 -1.177671078133202959e-05 7.514387386979397288e-07 -1.252814952266111115e-05
6.824865787497548908e+00 -7.474140214685717765e-06 4.916436963247437374e-07 -7.965783911881556961e-06
6.825977145577122762e+00 -3.400832086340776009e-06 8.299895394947798483e-08 -3.483831040086010633e-06
6.827088503656695728e+00 -2.273433635630560390e-07 -4.074895464469537683e-07 1.801461809373787470e-07
6.828199861736268694e+00 1.524766314281705143e-06 -8.994684061309796510e-07 2.424234715075719929e-06
6.829311219815842549e+00 1.568514584157426010e-06 -1.312455555023431853e-06 2.880970136399680238e-06
6.830422577895415515e+00 -1.015920053186458727e-07 -1.579065249249735265e-06 1.477473238511257600e-06
6.831533935974988481e+00 -3.208984771307021519e-06 -1.656065518256695637e-06 -1.552919253211245201e-06
6.832645294054562335e+00 -7.240839812067481618e-06 -1.531453079830932774e-06 -5.709386732516679580e-06
6.833756652134135301e+00 -1.153268663617269471e-05 -1.226387276495525104e-06 -1.030629936248127557e-05
6.834868010213708267e+00 -1.537786436103198012e-05 -7.916709643375634850e-07 -1.458619340093201405e-05
6.835979368293281233e+00 -1.814380427517334887e-05 -2.993628434910165738e-07 -1.784444143826694959e-05
6.837090726372855087e+00 -1.937601064290472852e-05 1.690947382172622261e-07 -1.954510538292606250e-05
6.838202084452428053e+00 -1.887265956199580402e-05 5.362774484291092094e-07 -1.940893700968105567e-05
6.839313442532001019e+00 -1.671757619554296165e-05 7.415057414918830268e-07 -1.745908193351167551e-05
6.840424800611574874e+00 -1.326621554260378963e-05 7.508059939570596759e-07 -1.401702153647167368e-05
6.841536158691147840e+00 -9.086992907093513483e-06 5.624719092580347931e-07 -9.649464820430005141e-06
6.842647516770720806e+00 -4.867659026081732135e-06 2.073172024526519133e-07 -5.074976231605847488e-06
6.843758874850294660e+00 -1.302142936748709040e-06 -2.564161876711712799e-07 -1.045726753457409605e-06
6.844870232929867626e+00 1.023515294551881165e-06 -7.526517823714343354e-07 1.776167075120656594e-06
6.845981591009440592e+00 1.727389509801683363e-06 -1.199992794087733407e-06 2.927382302042949320e-06
6.847092949089014446e+00 6.942515083259697545e-07 -1.525097559586507798e-06 2.219349064754342314e-06
6.848204307168587412e+00 -1.905738607337580104e-06 -1.674717732364634749e-06 -2.310208794017824807e-07
6.849315665248160379e+00 -5.645262877912232344e-06 -1.624423097060767303e-06 -4.020839778576734344e-06
6.850427023327733345e+00 -9.910308569799179679e-06 -1.382583580077757042e-06 -8.527724992744151189e-06
6.851538381407307199e+00 -1.400123444802482686e-05 -9.889600479689504174e-07 -1.301227439743464151e-05
6.852649739486880165e+00 -1.724780116362087043e-05 -5.081417480287361062e-07 -1.673965941674038574e-05
6.853761097566453131e+00 -1.911923939203153885e-05 -1.891477642196911883e-08 -1.910032461779637841e-05
6.854872455646026985e+00 -1.931127370222813708e-05 3.986872106600869220e-07 -1.970996091207226700e-05
6.855983813725599951e+00 -1.779582380217244880e-05 6.765202433230491086e-07 -1.847234404325943935e-05
6.857095171805172917e+00 -1.482525659625378786e-05 7.694973888023378273e-07 -1.559475398381707234e-05
6.858206529884746772e+00 -1.089054310734680064e-05 6.629548157867533580e-07 -1.155349792463433375e-05
6.859317887964319738e+00 -6.640251445234890415e-06 3.750120571375240757e-07 -7.015263505018992651e-06
6.860429246043892704e+00 -2.773737239864394050e-06 -4.645412278200084736e-08 -2.727283119332993624e-06
6.861540604123466558e+00 7.388014956863538096e-08 -5.317175458469947655e-07 6.055976922696854059e-07
6.862651962203039524e+00 1.436037566968095553e-06 -1.000686247521848728e-06 2.436723814254655469e-06
6.863763320282612490e+00 1.091206260637306823e-06 -1.376070544013889356e-06 2.467276800854835590e-06
6.864874678362185456e+00 -9.010105378013007205e-07 -1.596070233446845213e-06 6.950596976968651669e-07
6.865986036441759310e+00 -4.210049987067804658e-06 -1.624497784344167145e-06 -2.585552204207967886e-06
6.867097394521332276e+00 -8.289102864707936780e-06 -1.456678733528691497e-06 -6.832424130605654899e-06
6.868208752600905243e+00 -1.246532316116809661e-05 -1.120166627607805483e-06 -1.134515653254111398e-05
6.869320110680479097e+00 -1.605065495651229399e-05 -6.701633435449806447e-07 -1.538049161467274981e-05
6.870431468760052063e+00 -1.845503500428041094e-05 -1.804054317766672815e-07 -1.827462957392075524e-05
6.871542826839625029e+00 -1.928334753704226065e-05 2.689789265312314158e-07 -1.955232646268364669e-05
6.872654184919198883e+00 -1.840020906336472389e-05 6.046425474896582799e-07 -1.900485160863472217e-05
6.873765542998771849e+00 -1.595196200422773977e-05 7.720555077542212707e-07 -1.672401751162200592e-05
6.874876901078344815e+00 -1.234230709236351295e-05 7.444292739730627804e-07 -1.308673636994921868e-05
6.875988259157918669e+00 -8.165628659964011687e-06 5.270673708215038071e-07 -8.692696035234037666e-06
6.877099617237491636e+00 -4.109024748691347817e-06 1.564352024800206675e-07 -4.265459950685219007e-06
6.878210975317064602e+00 -8.391811493733709187e-07 -3.058895461741422339e-07 -5.332916064562567143e-07
6.879322333396637568e+00 1.107288249896799109e-06 -7.833833286772406068e-07 1.890671579397179558e-06
6.880433691476211422e+00 1.412007454949810580e-06 -1.197182457881262339e-06 2.609189914196160111e-06
6.881545049555784388e+00 2.703142979332967544e-08 -1.479052335942012815e-06 1.506083760844907984e-06
6.882656407635357354e+00 -2.817481780523906076e-06 -1.582587936008041058e-06 -1.234893842932743499e-06
6.883767765714931208e+00 -6.651337077951801485e-06 -1.490807434369481545e-06 -5.160529644182175121e-06
6.884879123794504174e+00 -1.084180628958038989e-05 -1.218896570648493865e-06 -9.622909717729461604e-06
6.885990481874077140e+00 -1.469778793944907791e-05 -8.116604350637298521e-07 -1.388612750314937791e-05
6.887101839953650995e+00 -1.758347248547592612e-05 -3.361100396237259912e-07 -1.724736244481219274e-05
6.888213198033223961e+00 -1.902281622778115994e-05 1.295898702615886451e-07 -1.915240609996413101e-05
6.889324556112796927e+00 -1.877765678172122615e-05 5.089890790363271267e-07 -1.928664586082866339e-05
6.890435914192370781e+00 -1.688665419391065931e-05 7.399178762391338607e-07 -1.762657206974939730e-05
6.891547272271943747e+00 -1.365869315369996201e-05 7.846853827016202578e-07 -1.444337853412748854e-05
6.892658630351516713e+00 -9.621876830594698615e-06 6.362374080015273121e-07 -1.025811423716353407e-05
6.893769988431089679e+00 -5.436540218672902824e-06 3.192678799711703985e-07 -5.755808099443347065e-06
6.894881346510663533e+00 -1.786619324068089779e-06 -1.138907982270088060e-07 -1.672728520389502385e-06
6.895992704590236499e+00 7.327464867229460665e-07 -5.919144355564220363e-07 1.324660916533228726e-06
6.897104062669809466e+00 1.712898015324333407e-06 -1.036241796779438788e-06 2.749139812504154505e-06
6.898215420749383320e+00 9.985856292610067672e-07 -1.373999648358434156e-06 2.372585277033323770e-06
6.899326778828956286e+00 -1.286825672694360406e-06 -1.549970903988538690e-06 2.631452312162885221e-07
6.900438136908529252e+00 -4.761973220885219044e-06 -1.535639378849545749e-06 -3.226333843227421547e-06
6.901549494988103106e+00 -8.850497910863498047e-06 -1.333828460367550623e-06 -7.516669453007298468e-06
6.902660853067676072e+00 -1.287602673972522427e-05 -9.781779200904476210e-07 -1.189784881908476089e-05
6.903772211147249038e+00 -1.617348795806498180e-05 -5.275532249433240541e-07 -1.564593473342944241e-05
6.904883569226822893e+00 -1.819844343692658684e-05 -5.631497402143427131e-08 -1.814212846388500028e-05
6.905994927306395859e+00 -1.861646617085663605e-05 3.579443434490435245e-07 -1.897441051134513001e-05
6.907106285385968825e+00 -1.735789215552216436e-05 6.471749198452055735e-07 -1.800506707922734650e-05
6.908217643465541791e+00 -1.462898469954242858e-05 7.640531337998991094e-07 -1.539303783204938950e-05
6.909329001545115645e+00 -1.087772523320753790e-05 6.897364385601917813e-07 -1.156746167139651241e-05
6.910440359624688611e+00 -6.719901940455998146e-06 4.369187512284980891e-07 -7.156820690841590032e-06
6.911551717704261577e+00 -2.837695432971517467e-06 4.769060202493578858e-08 -2.885386037992584973e-06
6.912663075783835431e+00 1.325380213647829597e-07 -4.134363832077107793e-07 5.459744020124349118e-07
6.913774433863408397e+00 1.704822273487630914e-06 -8.701858650293814760e-07 2.575008144300549966e-06
6.914885791942981363e+00 1.623276832116442477e-06 -1.247095275915229902e-06 2.870372106514605453e-06
6.915997150022555218e+00 -9.608635145072312589e-08 -1.481943703662996385e-06 1.385857349188077646e-06
6.917108508102128184e+00 -3.168315256627234761e-06 -1.535984028621808866e-06 -1.632331229047771087e-06
6.918219866181701150e+00 -7.086679955909617329e-06 -1.400298185596535281e-06 -5.686381770180978790e-06
6.919331224261274116e+00 -1.120624296242680312e-05 -1.097234436659700848e-06 -1.010900852663415908e-05
6.920442582340847970e+00 -1.485005247635990885e-05 -6.766961882466169848e-07 -1.417335629201469174e-05
6.921553940420420936e+00 -1.742047211259660847e-05 -2.078992985912492698e-07 -1.721257281726536539e-05
6.922665298499993902e+00 -1.849733394651120050e-05 2.320402848360482830e-07 -1.872937423341106827e-05
6.923776656579567756e+00 -1.790678827675272478e-05 5.708067528284173180e-07 -1.847759503129358521e-05
6.924888014659140723e+00 -1.574956129407004829e-05 7.527811025193574795e-07 -1.650234239168905589e-05
6.925999372738713689e+00 -1.238401789045977947e-05 7.481774270641977425e-07 -1.313219531849998956e-05
6.927110730818287543e+00 -8.366865326756966342e-06 5.579184972918704638e-07 -8.924783820680234209e-06
6.928222088897860509e+00 -4.361297392084300881e-06 2.134530559220218461e-07 -4.574750447723738983e-06
6.929333446977433475e+00 -1.027722415866726483e-06 -2.284496042572584681e-07 -7.992728089766931027e-07
6.930444805057007329e+00 1.084932254656655395e-06 -6.950658358836664559e-07 1.779998089771785141e-06
6.931556163136580295e+00 1.629458503561297556e-06 -1.109699035602554394e-06 2.739157536076335542e-06
6.932667521216153261e+00 5.173232985046212831e-07 -1.404302121087172197e-06 1.921625421110080556e-06
6.933778879295726227e+00 -2.066996701333666253e-06 -1.530663586718578132e-06 -5.363331143986779792e-07
6.934890237375300082e+00 -5.696618758794982224e-06 -1.468318219077797547e-06 -4.228300537317472574e-06
6.936001595454873048e+00 -9.772722154319755938e-06 -1.227884320370390152e-06 -8.544837835799956594e-06
6.937112953534446014e+00 -1.362325225126581607e-05 -8.492830834865613531e-07 -1.277396916621841017e-05
6.938224311614019868e+00 -1.661360052389055514e-05 -3.951382241564643425e-07 -1.621846230178249429e-05
6.939335669693592834e+00 -1.825104261193302366e-05 5.955337209091467014e-08 -1.831059598279101072e-05
6.940447027773165800e+00 -1.826576209946247781e-05 4.397770348313220995e-07 -1.870553913459107459e-05
6.941558385852739654e+00 -1.665515063257712661e-05 6.828471042367908464e-07 -1.733799773473779227e-05
6.942669743932312620e+00 -1.368412620278902300e-05 7.487140459813056105e-07 -1.443284024593835188e-05
6.943781102011885586e+00 -9.841450748586909325e-06 6.265382690653711092e-07 -1.046798902080503871e-05
6.944892460091459441e+00 -5.759264912541701975e-06 3.364528567612371478e-07 -6.095717766893896106e-06
6.946003818171032407e+00 -2.109096332525211767e-06 -7.377036272131789986e-08 -2.035325973920006429e-06
6.947115176250605373e+00 5.085400143353072805e-07 -5.365982745033124430e-07 1.045138286384704289e-06
6.948226534330178339e+00 1.662794815652894609e-06 -9.758577719059403487e-07 2.638652588848368081e-06
6.949337892409752193e+00 1.163181833587672090e-06 -1.319268919572776203e-06 2.482450751905901018e-06
6.950449250489325159e+00 -9.092799791504332929e-07 -1.510327661942226782e-06 6.010476833655329504e-07
6.951560608568898125e+00 -4.215565984158533425e-06 -1.517584724592430670e-06 -2.697981257533199964e-06
6.952671966648471980e+00 -8.214530378360899304e-06 -1.339797439547882080e-06 -6.874732940632694717e-06
6.953783324728044946e+00 -1.225195413083988993e-05 -1.006111331119037046e-06 -1.124584279951204233e-05
6.954894682807617912e+00 -1.566809079393653714e-05 -5.712463594504028452e-07 -1.509684443375082161e-05
6.956006040887191766e+00 -1.790601816470177229e-05 -1.064840393284912073e-07 -1.779953412174486299e-05
6.957117398966764732e+00 -1.860298743004652408e-05 3.120587977314742342e-07 -1.891504622755476109e-05
6.958228757046337698e+00 -1.764977155182352250e-05 6.159392229677576732e-07 -1.826571077379436983e-05
6.959340115125911552e+00 -1.520829416968606795e-05 7.556234545400984572e-07 -1.596391762449930404e-05
6.960451473205484518e+00 -1.168467758423056418e-05 7.086025475118792752e-07 -1.239328013618277990e-05
6.961562831285057484e+00 -7.662190763227123141e-06 4.830579822396509500e-07 -8.145248748443918718e-06
6.962674189364630450e+00 -3.805155434920531182e-06 1.164793694724992066e-07 -3.921634803342967032e-06
6.963785547444204305e+00 -7.496383672713456681e-07 -3.305329324055306594e-07 -4.191054349897156001e-07
6.964896905523777271e+00 1.001092485623258053e-06 -7.842563740188750556e-07 1.785348862037264457e-06
6.966008263603350237e+00 1.159163237602722600e-06 -1.169979798950880464e-06 2.329143034411311898e-06
6.967119621682924091e+00 -3.008096619494179946e-07 -1.424285367039247304e-06 1.123475708132725716e-06
6.968230979762497057e+00 -3.137830839126509036e-06 -1.505459825756610151e-06 -1.632371015310813897e-06
6.969342337842070023e+00 -6.884438066428371153e-06 -1.400326048811295361e-06 -5.484112014172504504e-06
6.970453695921643877e+00 -1.092381076730174205e-05 -1.126376065091308271e-06 -9.797434700982432521e-06
6.971565054001216843e+00 -1.459135840264262976e-05 -7.288604782287606398e-07 -1.386249792392898680e-05
6.972676412080789810e+00 -1.728406410471351393e-05 -2.733185700554287929e-07 -1.701074553633408551e-05
6.973787770160363664e+00 -1.855960069309598240e-05 1.652177907684614002e-07 -1.872481848234994889e-05
6.974899128239936630e+00 -1.820893042005222728e-05 5.145679047389707618e-07 -1.872349832386481505e-05
6.976010486319509596e+00 -1.629048287212810087e-05 7.172630519669412688e-07 -1.700774592222750389e-05
6.977121844399082562e+00 -1.312032781196521836e-05 7.399754243428809585e-07 -1.386030323648982515e-05
6.978233202478656416e+00 -9.220002151909614807e-06 5.789684151586452178e-07 -9.798970566513541536e-06
6.979344560558229382e+00 -5.230609036941486975e-06 2.606773392507149342e-07 -5.491286374238388279e-06
6.980455918637802348e+00 -1.807343553763282942e-06 -1.626688022653485907e-07 -1.644674754479151513e-06
6.981567276717376203e+00 4.881962384458348944e-07 -6.216586647407738224e-07 1.109854903340182566e-06
6.982678634796949169e+00 1.280209313434655218e-06 -1.041122289236616893e-06 2.321331597210526086e-06
6.983789992876522135e+00 4.402613076014139093e-07 -1.352485962479434915e-06 1.792747270062369953e-06
6.984901350956095989e+00 -1.891864517049486605e-06 -1.505026338788504269e-06 -3.868381795051924199e-07
6.986012709035668955e+00 -5.331424619785642485e-06 -1.474175408205423226e-06 -3.857249206900897551e-06
6.987124067115241921e+00 -9.312206101810133196e-06 -1.265515268299621712e-06 -8.046690832767128265e-06
6.988235425194815775e+00 -1.317977781915401908e-05 -9.138117590463238379e-07 -1.226596605603466617e-05
6.989346783274388741e+00 -1.629913704449944753e-05 -4.772526454889299973e-07 -1.582188439744509900e-05
6.990458141353961707e+00 -1.815904178949960882e-05 -2.784409908136763548e-08 -1.813119769235012682e-05
6.991569499433534673e+00 -1.845587970271921063e-05 3.604503802328944389e-07 -1.881633008189676978e-05
6.992680857513108528e+00 -1.714330756947060608e-05 6.238753891690411489e-07 -1.776718296169063280e-05
6.993792215592681494e+00 -1.443953541171386773e-05 7.193526397839892215e-07 -1.515888805274714923e-05
6.994903573672254460e+00 -1.079110470264240187e-05 6.315344467832238631e-07 -1.142263914922060988e-05
6.996014931751828314e+00 -6.799160603669727326e-06 3.752863409561159997e-07 -7.174446949522513689e-06
6.997126289831401280e+00 -3.120381158498762922e-06 -6.803370695637484672e-09 -3.113577795100077109e-06
6.998237647910974246e+00 -3.588815221348008039e-07 -4.514709494105249008e-07 9.258942531469374626e-08
6.999349005990548100e+00 1.033123408279582392e-06 -8.852165100463119243e-07 1.918339919603753631e-06
7.000460364070121067e+00 8.295701725331177442e-07 -1.236413894175490121e-06 2.065984065198239912e-06
7.001571722149694033e+00 -9.324744209472267051e-07 -1.447097169233937247e-06 5.146227514304631614e-07
7.002683080229266999e+00 -3.959152923595004800e-06 -1.482485440460771853e-06 -2.476667485738510283e-06
7.003794438308840853e+00 -7.748390015441296644e-06 -1.336682028063381649e-06 -6.411707987343884599e-06
7.004905796388413819e+00 -1.167267524503166204e-05 -1.033615053467569825e-06 -1.063906019358471303e-05
7.006017154467986785e+00 -1.508240700216160329e-05 -6.230703707409766920e-07 -1.445933663460699514e-05
7.007128512547560639e+00 -1.741278946404151845e-05 -1.724749825888485452e-07 -1.724031448196473859e-05
7.008239870627133605e+00 -1.827669761839643969e-05 2.442126283849305147e-07 -1.852091025198246421e-05
7.009351228706706571e+00 -1.752825269015802212e-05 5.586746007263311987e-07 -1.808692729034135777e-05
7.010462586786280426e+00 -1.528668043428898018e-05 7.194649476741429980e-07 -1.600614538499467443e-05
7.011573944865853392e+00 -1.191656209409809944e-05 7.004536494704770430e-07 -1.261701573938714752e-05
7.012685302945426358e+00 -7.967760332484689900e-06 5.050977022182939085e-07 -8.472858035955474487e-06
7.013796661025000212e+00 -4.084932109260121236e-06 1.658412109303635754e-07 -4.250773322700710996e-06
7.014908019104573178e+00 -9.015310457008863382e-07 -2.612515402163630401e-07 -6.402795045660786971e-07
7.016019377184146144e+00 1.064265957229711297e-06 -7.057422844347112237e-07 1.770008240311433077e-06
7.017130735263719110e+00 1.494596966554744173e-06 -1.094419269598342774e-06 2.589016234407161461e-06
7.018242093343292964e+00 3.239602576470424627e-07 -1.363341713609973993e-06 1.687301972731975255e-06
7.019353451422865930e+00 -2.250261740872547267e-06 -1.468346763809591867e-06 -7.819149806190944796e-07
7.020464809502438897e+00 -5.800491457873995296e-06 -1.392292537681744341e-06 -4.408198921483467980e-06
7.021576167582012751e+00 -9.739445677895124803e-06 -1.147849400081948630e-06 -8.591596280456068047e-06
7.022687525661585717e+00 -1.341680410168848148e-05 -7.753849950149993781e-07 -1.264141910698986584e-05
7.023798883741158683e+00 -1.622614550893025295e-05 -3.362958234478215041e-07 -1.588984968798950667e-05
7.024910241820732537e+00 -1.770456396379309696e-05 9.711333798475868702e-08 -1.780167730468674298e-05
7.026021599900305503e+00 -1.760859981819219711e-05 4.535343735544839069e-07 -1.806213419309164736e-05
7.027132957979878469e+00 -1.595402715782057862e-05 6.743855656273726323e-07 -1.662841272565300163e-05
7.028244316059452323e+00 -1.301299409336683158e-05 7.234374285602720197e-07 -1.373643152397224093e-05
7.029355674139025290e+00 -9.269027023167241558e-06 5.927538134478234854e-07 -9.861780838704790192e-06
7.030467032218598256e+00 -5.337335846638483622e-06 3.039749523021660388e-07 -5.641310802681790901e-06
7.031578390298171222e+00 -1.863550997976796963e-06 -9.526407205468769793e-08 -1.768286927624320229e-06
7.032689748377745076e+00 5.824382959089546841e-07 -5.391857744796545572e-07 1.121624064881455128e-06
7.033801106457318042e+00 1.600095548464795445e-06 -9.546985906443757747e-07 2.554794138360638039e-06
7.034912464536891008e+00 1.023921328110327655e-06 -1.273417935577708979e-06 2.297339263663503595e-06
7.036023822616464862e+00 -1.049556106735242272e-06 -1.442902700330525210e-06 3.933465912750021970e-07
7.037135180696037828e+00 -4.277882953196247839e-06 -1.435260824540421235e-06 -2.842622131137484062e-06
7.038246538775610794e+00 -8.129183623018648719e-06 -1.251712079143973261e-06 -6.877471543225658485e-06
7.039357896855184649e+00 -1.196973904094142047e-05 -9.223621515340105215e-07 -1.104737688687167790e-05
7.040469254934757615e+00 -1.516821525858122466e-05 -5.012300821396545856e-07 -1.466698517921510153e-05
7.041580613014330581e+00 -1.719939341015110437e-05 -5.735129790754870055e-08 -1.714204211719552035e-05
7.042691971093904435e+00 -1.773035519738938581e-05 3.365774402864146536e-07 -1.806693263810407388e-05
7.043803329173477401e+00 -1.667497571293660372e-05 6.161423663361633059e-07 -1.729111808112214488e-05
7.044914687253050367e+00 -1.420780336169099461e-05 7.357828569254295245e-07 -1.494358622089160885e-05
7.046026045332623333e+00 -1.073508753482400532e-05 6.762519278197970125e-07 -1.141133946259672086e-05
7.047137403412197187e+00 -6.827763979368531300e-06 4.477447750817127071e-07 -7.275508757258707104e-06
7.048248761491770153e+00 -3.127450954846719422e-06 8.818635707549924048e-08 -3.215637307992175523e-06
7.049360119571343120e+00 -2.409396716474433014e-07 -3.430346296202670651e-07 1.020949555393963620e-07
7.050471477650916974e+00 1.359470448601934455e-06 -7.748501402453947208e-07 2.134320588949799834e-06
7.051582835730489940e+00 1.413413467655371975e-06 -1.136203156998677504e-06 2.549616626187982101e-06
7.052694193810062906e+00 -8.502559880664041503e-08 -1.367720535929814433e-06 1.282694938391248408e-06
7.053805551889636760e+00 -2.886667027754332565e-06 -1.431450046301326073e-06 -1.455216982196349054e-06
7.054916909969209726e+00 -6.528526091507599882e-06 -1.317063912597261585e-06 -5.211462177113612010e-06
7.056028268048782692e+00 -1.041019770491556640e-05 -1.043514085328888917e-06 -9.366683620364978785e-06
7.057139626128356547e+00 -1.389274150490928117e-05 -6.558732941011025347e-07 -1.323686821164821170e-05
7.058250984207929513e+00 -1.640378280554294702e-05 -2.178876955813771610e-07 -1.618589511011509288e-05
7.059362342287502479e+00 -1.753154438877612895e-05 1.985288565738228383e-07 -1.773007324840526061e-05
7.060473700367075445e+00 -1.709236259049302237e-05 5.251277705250892783e-07 -1.761749036482095077e-05
7.061585058446649299e+00 -1.516061289116507615e-05 7.085387295905203075e-07 -1.586915161989237502e-05
7.062696416526222265e+00 -1.205617133988095765e-05 7.190202850792035269e-07 -1.277519162440300324e-05
7.063807774605795231e+00 -8.291515334815733468e-06 5.553126032392779999e-07 -8.846827940652522704e-06
7.064919132685369085e+00 -4.487210484097232943e-06 2.447999435955828260e-07 -4.732010428105557984e-06
7.066030490764942051e+00 -1.269711764663407003e-06 -1.610374819605223779e-07 -1.108674282049564724e-06
7.067141848844515017e+00 8.316955432264953874e-07 -5.951279096958087087e-07 1.426823449377054472e-06
7.068253206924088872e+00 1.471866914662465619e-06 -9.858647449381941982e-07 2.457731658644647611e-06
7.069364565003661838e+00 5.463961016986731284e-07 -1.268893752568112654e-06 1.815289852752431481e-06
7.070475923083234804e+00 -1.791436372783946490e-06 -1.397691075394697977e-06 -3.937452992515758088e-07
7.071587281162808658e+00 -5.156110905453091184e-06 -1.351193747935434551e-06 -3.804917159999686785e-06
7.072698639242381624e+00 -8.993485241348946752e-06 -1.137231324096128510e-06 -7.856253917581934587e-06
7.073809997321954590e+00 -1.267208061758945750e-05 -7.911993987950148317e-07 -1.188088121907267605e-05
7.074921355401527556e+00 -1.558699809824657181e-05 -3.701991116573087083e-07 -1.521679898561613745e-05
7.076032713481101410e+00 -1.725936544612902482e-05 5.638779255114377336e-08 -1.731575323928730148e-05
7.077144071560674377e+00 -1.741496425063365078e-05 4.183335792454386231e-07 -1.783329782783626277e-05
7.078255429640247343e+00 -1.602912854252675282e-05 6.561253028818418102e-07 -1.668525384896117278e-05
7.079366787719821197e+00 -1.333056563246467693e-05 7.307496790040707898e-07 -1.406131531141163737e-05
7.080478145799394163e+00 -9.763507569445547402e-06 6.300941618678907157e-07 -1.039360173299636383e-05
7.081589503878967129e+00 -5.914459731522474922e-06 3.709148582973251056e-07 -6.285374590000048639e-06
7.082700861958540983e+00 -2.415623311256527919e-06 -3.947792023439747420e-09 -2.411675519289717406e-06
7.083812220038113949e+00 1.591026731680459869e-07 -4.326424976625476825e-07 5.917451692224236920e-07
7.084923578117686915e+00 1.388434849561043932e-06 -8.445017303897421471e-07 2.232936580328444189e-06
7.086034936197259881e+00 1.072831331170643644e-06 -1.171677147227447346e-06 2.244508475389981380e-06
7.087146294276833736e+00 -7.329107228011338612e-07 -1.360300334563331191e-06 6.273896121837757925e-07
7.088257652356406702e+00 -3.728912777924359503e-06 -1.379333369957783242e-06 -2.349579408852508350e-06
7.089369010435979668e+00 -7.419767605824001064e-06 -1.225655537509226826e-06 -6.194112065245485979e-06
7.090480368515553522e+00 -1.119620132448073332e-05 -9.245530820859622638e-07 -1.027164824289172190e-05
7.091591726595126488e+00 -1.443538665202087276e-05 -5.255358297542842591e-07 -1.390985082777747295e-05
7.092703084674699454e+00 -1.660339714502825220e-05 -9.417312632800759224e-08 -1.650922401787938837e-05
7.093814442754273308e+00 -1.734295268671645976e-05 2.987043561462532815e-07 -1.764165703759413423e-05
7.094925800833846274e+00 -1.653204158341432112e-05 5.886585023119389384e-07 -1.712070008789718517e-05
7.096037158913419240e+00 -1.430380750821634225e-05 7.282358900252496633e-07 -1.503204339676133747e-05
7.097148516992993095e+00 -1.102446277519934098e-05 6.947570915026462829e-07 -1.171921986546035216e-05
7.098259875072566061e+00 -7.232898581394000409e-06 4.940247327711347575e-07 -7.726923311911736147e-06
7.099371233152139027e+00 -3.551954003624003403e-06 1.593442112393891647e-07 -3.711298213313193525e-06
7.100482591231711993e+00 -5.859562063584462799e-07 -2.539776740399136035e-07 -3.319785319016738817e-07
7.101593949311285847e+00 1.178610585983799752e-06 -6.777474479682960311e-07 1.856358031738971487e-06
7.102705307390858813e+00 1.452980906251974814e-06 -1.042111050123949087e-06 2.495091954959714883e-06
7.103816665470431779e+00 1.934138838836571561e-07 -1.287043512313382706e-06 1.480457399706427805e-06
7.104928023550005634e+00 -2.391818016785193443e-06 -1.372212859452232080e-06 -1.019605154281609874e-06
7.106039381629578600e+00 -5.876869585078785610e-06 -1.283597956417685158e-06 -4.593271626852956160e-06
7.107150739709151566e+00 -9.688494401075518903e-06 -1.035775182012316144e-06 -8.652719213464443726e-06
7.108262097788725420e+00 -1.320037924195088114e-05 -6.695019395872077602e-07 -1.253087730172059919e-05
7.109373455868298386e+00 -1.583611291480031477e-05 -2.449984932802990009e-07 -1.559111442382037430e-05
7.110484813947871352e+00 -1.716385612100801428e-05 1.679635927435678563e-07 -1.733181971224793602e-05
7.111596172027445206e+00 -1.696715910589089923e-05 5.015343040531370375e-07 -1.746869340472651660e-05
7.112707530107018172e+00 -1.528030898326464965e-05 7.009321265456579892e-07 -1.598124110947785059e-05
7.113818888186591138e+00 -1.238243400667653552e-05 7.334334609905451851e-07 -1.311586746865220712e-05
7.114930246266164104e+00 -8.751370004732132724e-06 5.937291541489579552e-07 -9.345099156154220571e-06
7.116041604345737959e+00 -4.984916994553835815e-06 3.047716182945304966e-07 -5.289688614260133065e-06
7.117152962425310925e+00 -1.702458239312724594e-06 -8.602212170573831241e-08 -1.616436114199081356e-06
7.118264320504883891e+00 5.568640408550040721e-07 -5.145825849705291293e-07 1.071446625564064295e-06
7.119375678584457745e+00 1.422678105023956249e-06 -9.107272160244623800e-07 2.333405317289991140e-06
7.120487036664030711e+00 7.540742834656090354e-07 -1.209692083600723191e-06 1.963766371674787771e-06
7.121598394743603677e+00 -1.337485095841985626e-06 -1.362759994943413689e-06 2.527489976686392303e-08
7.122709752823177531e+00 -4.506767959712139685e-06 -1.345239602684225307e-06 -3.161528357892599492e-06
7.123821110902750497e+00 -8.231784494604297425e-06 -1.160487527845780516e-06 -7.071296962221293447e-06
7.124932468982323464e+00 -1.189979714358605986e-05 -8.393172934822087645e-07 -1.106047985435527209e-05
7.126043827061897318e+00 -1.490815902760889849e-05 -4.348978260344753114e-07 -1.447326120162378826e-05
7.127155185141470284e+00 -1.676338648161444095e-05 -1.398542223319415058e-08 -1.674940105876425445e-05
7.128266543221043250e+00 -1.716218070466762891e-05 3.540653507388825233e-07 -1.751624605884124358e-05
7.129377901300616216e+00 -1.604109446153760901e-05 6.087030323633887594e-07 -1.664979749379852034e-05
7.130489259380190070e+00 -1.358671068104602350e-05 7.081186320628192238e-07 -1.429482931395581469e-05
7.131600617459763036e+00 -1.020469786693197975e-05 6.360912804068022484e-07 -1.084078915319875921e-05
7.132711975539336002e+00 -6.452871717386099090e-06 4.046190254586846361e-07 -6.857490740785118083e-06
7.133823333618909857e+00 -2.949303854448250342e-06 5.190782632474448587e-08 -3.001211677875620376e-06
7.134934691698482823e+00 -2.706096130281575307e-07 -3.639446703916312566e-07 9.333505804473216094e-08
7.136046049778055789e+00 1.142848672047009316e-06 -7.745266244899128157e-07 1.917375295771932796e-06
7.137157407857629643e+00 1.059268072089081161e-06 -1.112372180393432002e-06 2.171640259306486295e-06
7.138268765937202609e+00 -5.066518092113666411e-07 -1.322050911079187342e-06 8.153991044922235393e-07
7.139380124016775575e+00 -3.296330365933249074e-06 -1.369263737479151950e-06 -1.927066628596828951e-06
7.140491482096349429e+00 -6.850028434498764418e-06 -1.246452386550862498e-06 -5.603576045280344448e-06
7.141602840175922395e+00 -1.058260654190554262e-05 -9.740047405476095024e-07 -9.608601802650607038e-06
7.142714198255495361e+00 -1.387983586240973052e-05 -5.968635831901799530e-07 -1.328297228147699502e-05
7.143825556335068327e+00 -1.619940802004326066e-05 -1.771023587365466528e-07 -1.602230566185355171e-05
7.144936914414642182e+00 -1.716003480274575985e-05 2.163060319886698905e-07 -1.737634083390183701e-05
7.146048272494215148e+00 -1.660399929264170724e-05 5.188412545024310941e-07 -1.712284054626502655e-05
7.147159630573788114e+00 -1.462290063592103576e-05 6.810400550197689582e-07 -1.530394069147863675e-05
7.148270988653361968e+00 -1.154239543435823731e-05 6.766101475508018871e-07 -1.221900558046008431e-05
7.149382346732934934e+00 -7.868480011922855677e-06 5.067220069378299539e-07 -8.375202012054789452e-06
7.150493704812507900e+00 -4.204180943116015909e-06 1.997773467692388612e-07 -4.403958287053488102e-06
7.151605062892081754e+00 -1.150375288650092032e-06 -1.933022009874462907e-07 -9.570730838996070050e-07
7.152716420971654721e+00 7.929420949308232242e-07 -6.074859150316777091e-07 1.400428007817698314e-06
7.153827779051227687e+00 1.308715574338120962e-06 -9.743564374895932924e-07 2.283072016614383836e-06
7.154939137130801541e+00 3.147408218062003327e-07 -1.233377336494669645e-06 1.548118158025009981e-06
7.156050495210374507e+00 -2.023073913465060769e-06 -1.341851467430460492e-06 -6.812224414185722582e-07
7.157161853289947473e+00 -5.318235214904010535e-06 -1.281933275662999012e-06 -4.036301938446264226e-06
7.158273211369520439e+00 -9.027416523793747871e-06 -1.063544439832999320e-06 -7.963872080962285799e-06
7.159384569449094293e+00 -1.253991885250471325e-05 -7.227173124172187762e-07 -1.181720153789695207e-05
7.160495927528667259e+00 -1.527810915635851099e-05 -3.156431609268800574e-07 -1.496246599815183320e-05
7.161607285608240225e+00 -1.679231710688703846e-05 9.059160100817297131e-08 -1.688290870798317411e-05
7.162718643687814080e+00 -1.683459610107027396e-05 4.290541862526990298e-07 -1.726365028155039602e-05
7.163830001767387046e+00 -1.539924964120975570e-05 6.439801746264617256e-07 -1.604322981271256998e-05
7.164941359846960012e+00 -1.272349444501972432e-05 6.999424585429306778e-07 -1.342343690340867118e-05
7.166052717926533866e+00 -9.248195334489364011e-06 5.876679654073780051e-07 -9.835863298189150700e-06
7.167164076006106832e+00 -5.545169376448009016e-06 3.255484424134196951e-07 -5.870717814178156441e-06
7.168275434085679798e+00 -2.223043684801851577e-06 -4.339945236369604446e-08 -2.179644234851386281e-06
7.169386792165252764e+00 1.728315581350651012e-07 -4.586208647082419640e-07 6.314524234300603403e-07
7.170498150244826618e+00 1.249957936370676634e-06 -8.519875155361144491e-07 2.101945457836274130e-06
7.171609508324399584e+00 8.330370116290558048e-07 -1.158999579039078815e-06 1.992036591839669701e-06
7.172720866403972551e+00 -1.007460834407769394e-06 -1.329381817432827837e-06 3.219209813856227856e-07
7.173832224483546405e+00 -3.967162285084578979e-06 -1.335332553506718379e-06 -2.631829727572573829e-06
7.174943582563119371e+00 -7.558097319429598823e-06 -1.176071520156093432e-06 -6.382025801824307842e-06
7.176054940642692337e+00 -1.118913451274251500e-05 -8.779424141683761810e-07 -1.031119210326454649e-05
7.177166298722266191e+00 -1.426328563549402600e-05 -4.900575495000813022e-07 -1.377322808777427243e-05
7.178277656801839157e+00 -1.627586474108782058e-05 -7.620478150311945156e-08 -1.619965996258994692e-05
7.179389014881412123e+00 -1.689736052052628543e-05 2.956493333601417791e-07 -1.719300984562863524e-05
7.180500372960985977e+00 -1.602741277132325309e-05 5.645324053339410213e-07 -1.659194518003996588e-05
7.181611731040558944e+00 -1.381104823478494781e-05 6.864779545409622303e-07 -1.449752619026587266e-05
7.182723089120131910e+00 -1.061454669525584149e-05 6.417316361239481528e-07 -1.125627832949081808e-05
7.183834447199704876e+00 -6.964948594928230263e-06 4.379703898721584113e-07 -7.402918986021932157e-06
7.184945805279278730e+00 -3.463190034087414854e-06 1.090095846256974887e-07 -3.572199622416116771e-06
7.186057163358851696e+00 -6.851758741215248361e-07 -2.907846030502366592e-07 -3.943912712995635561e-07
7.187168521438424662e+00 9.129265922766961056e-07 -6.954545555820115349e-07 1.608381147456643123e-06
7.188279879517998516e+00 1.069604955185324215e-06 -1.038306113054474297e-06 2.107911070583205369e-06
7.189391237597571482e+00 -2.391710645485625036e-07 -1.262872761968490684e-06 1.023701699258221763e-06
7.190502595677144448e+00 -2.796223141873690338e-06 -1.332186838447454086e-06 -1.464036301180226748e-06
7.191613953756718303e+00 -6.179112912966340174e-06 -1.234835700719829699e-06 -4.944277213106635163e-06
7.192725311836291269e+00 -9.829815580898217109e-06 -9.868109208142293023e-07 -8.843004658305991111e-06
7.193836669915864235e+00 -1.314662701189413252e-05 -6.288511905149987832e-07 -1.251777582377639961e-05
7.194948027995438089e+00 -1.558317082388325364e-05 -2.197206157196761626e-07 -1.536345020732628880e-05
7.196059386075011055e+00 -1.673821448811875501e-05 1.734682241653925472e-07 -1.691168271561720865e-05
7.197170744154584021e+00 -1.642153668729873922e-05 4.862926350690445921e-07 -1.690782932095525812e-05
7.198282102234156987e+00 -1.468503370732421667e-05 6.676036482206282275e-07 -1.535263735741049934e-05
7.199393460313730841e+00 -1.181398528913137416e-05 6.879162598630211346e-07 -1.250190154764930020e-05
7.200504818393303808e+00 -8.279950892199107459e-06 5.442293915243983206e-07 -8.824180279168487850e-06
7.201616176472876774e+00 -4.663080883564622511e-06 2.604874401128371266e-07 -4.923568321048852128e-06
7.202727534552450628e+00 -1.556642763925848369e-06 -1.163875598552107705e-07 -1.440255204881437864e-06
7.203838892632023594e+00 5.305188618374978571e-07 -5.242358179359119105e-07 1.054754682254738576e-06
7.204950250711596560e+00 1.257550431834285852e-06 -8.958952158991460954e-07 2.153445647225466289e-06
7.206061608791170414e+00 5.074565341389573360e-07 -1.170246936897553635e-06 1.677703470549937129e-06
7.207172966870743380e+00 -1.593892944588642079e-06 -1.302254764234653565e-06 -2.916381771088426625e-07
7.208284324950316346e+00 -4.698706574924249244e-06 -1.270348979725135846e-06 -3.428357593628517802e-06
7.209395683029890201e+00 -8.294682760422470921e-06 -1.079944239095347632e-06 -7.214738518125088027e-06
7.210507041109463167e+00 -1.178941509243861679e-05 -7.625176510119368949e-07 -1.102689744705755842e-05
7.211618399189036133e+00 -1.460788384844390053e-05 -3.704038549744644872e-07 -1.423747999050248292e-05
7.212729757268609099e+00 -1.628699378185272106e-05 3.183236812178211065e-08 -1.631882614650057711e-05
7.213841115348182953e+00 -1.655161221195133869e-05 3.780236743957385900e-07 -1.692963588802729250e-05
7.214952473427755919e+00 -1.535962312645142505e-05 6.112786192615172120e-07 -1.597090174023122963e-05
7.216063831507328885e+00 -1.290861752482278663e-05 6.933224795979448137e-07 -1.360194000395425346e-05
7.217175189586902739e+00 -9.603155166856749275e-06 6.107667676323477691e-07 -1.021392193449469424e-05
7.218286547666475705e+00 -5.988020558608808663e-06 3.772805474783894118e-07 -6.365301111169348325e-06
7.219397905746048671e+00 -2.658478206574383176e-06 3.131149710308868536e-08 -2.689789707079406900e-06
7.220509263825622526e+00 -1.623081581374110488e-07 -3.702632416635762375e-07 2.079550789261088231e-07
7.221620621905195492e+00 1.090260421982513182e-06 -7.615077477259204450e-07 1.851768164491955811e-06
7.222731979984768458e+00 8.939146904839926754e-07 -1.078275393737143030e-06 1.972190085065920204e-06
7.223843338064342312e+00 -7.181368471945214285e-07 -1.268749080547645314e-06 5.506122301614105666e-07
7.224954696143915278e+00 -3.479815134331803311e-06 -1.301941201826877837e-06 -2.177873938863459508e-06
7.226066054223488244e+00 -6.936112952413836519e-06 -1.172758421191993428e-06 -5.763354527821371726e-06
7.227177412303061210e+00 -1.051806995529041763e-05 -9.028027797408345835e-07 -9.615267174316235316e-06
7.228288770382635064e+00 -1.363642475593358078e-05 -5.367826904364186749e-07 -1.309964207144584739e-05
7.229400128462208031e+00 -1.577852697391430442e-05 -1.351293345694192611e-07 -1.564339764007025707e-05
7.230511486541780997e+00 -1.659257120944276215e-05 2.359627974412876333e-07 -1.682853400761848833e-05
7.231622844621354851e+00 -1.594531256468882316e-05 5.154303880861431267e-07 -1.646074295138470062e-05
7.232734202700927817e+00 -1.394379705790815827e-05 6.573781745682300091e-07 -1.460117523093646882e-05
7.233845560780500783e+00 -1.091756511929775630e-05 6.386087304279653267e-07 -1.155617384622194613e-05
7.234956918860074637e+00 -7.364285827727960754e-06 4.624097855767517586e-07 -7.826695613765647513e-06
7.236068276939647603e+00 -3.867796751222136314e-06 1.579807186043136972e-07 -4.025777472457889999e-06
7.237179635019220569e+00 -1.002044901984855407e-06 -2.244024875157890067e-07 -7.776424181249724094e-07
7.238290993098793535e+00 7.632629894087665165e-07 -6.216837084746519549e-07 1.384946695715742575e-06
7.239402351178367390e+00 1.139789978367684658e-06 -9.684161704025726465e-07 2.108206146019932854e-06
7.240513709257940356e+00 6.781351959215652786e-08 -1.207533926590737203e-06 1.275347449651532614e-06
7.241625067337513322e+00 -2.274158733960680509e-06 -1.299733287806495398e-06 -9.744254453566188884e-07
7.242736425417087176e+00 -5.498946235605326263e-06 -1.229922833530676304e-06 -4.269023402649497340e-06
7.243847783496660142e+00 -9.074536731763609143e-06 -1.009684230379694818e-06 -8.064852506844098767e-06
7.244959141576233108e+00 -1.241167985699008144e-05 -6.753434540681874164e-07 -1.173633640735687045e-05
7.246070499655806962e+00 -1.496081573474543694e-05 -2.819741220599046583e-07 -1.467884161525899456e-05
7.247181857735379928e+00 -1.630239169966634857e-05 1.056765818814285889e-07 -1.640806828304532464e-05
7.248293215814952895e+00 -1.621572567914002228e-05 4.238439923747057674e-07 -1.663956967753836558e-05
7.249404573894526749e+00 -1.471511430189151662e-05 6.202300387300258488e-07 -1.533534434460404744e-05
7.250515931974099715e+00 -1.204727733763967176e-05 6.625914365739453697e-07 -1.270986877606201243e-05
7.251627290053672681e+00 -8.650593988766830389e-06 5.440217088955321204e-07 -9.194615702318685579e-06
7.252738648133245647e+00 -5.082866769388471456e-06 2.840618961697549444e-07 -5.366928663827832957e-06
7.253850006212819501e+00 -1.929516456895385285e-06 -7.453833492527192086e-08 -1.854978125410012418e-06
7.254961364292392467e+00 2.926833081506657538e-07 -4.728721121133150189e-07 7.655554231815247732e-07
7.256072722371965433e+00 1.220498069741176791e-06 -8.455757574472554648e-07 2.066073828430053808e-06
7.257184080451539288e+00 7.038110584966865944e-07 -1.131580429832194141e-06 1.835391489170561281e-06
7.258295438531112254e+00 -1.169887096290930621e-06 -1.284145931541708888e-06 1.142588309745087155e-07
7.259406796610685220e+00 -4.090090019112169531e-06 -1.278527621413065623e-06 -2.811562400443189114e-06
7.260518154690259074e+00 -7.574514290619198051e-06 -1.116018258175117224e-06 -6.458496030875863700e-06
7.261629512769832040e+00 -1.104852845718647808e-05 -8.237040380628497197e-07 -1.022482441368670683e-05
7.262740870849405006e+00 -1.393968946854185972e-05 -4.499795321593792080e-07 -1.348970993642929772e-05
7.263852228928978860e+00 -1.577183207771828619e-05 -5.656356371931952221e-08 -1.571526851349780776e-05
7.264963587008551826e+00 -1.624324510807488228e-05 2.916673304971913660e-07 -1.653491243812279382e-05
7.266074945088124792e+00 -1.527609922034834852e-05 5.373536946637113903e-07 -1.581345291641871736e-05
7.267186303167697758e+00 -1.302902647863689659e-05 6.400801981854480982e-07 -1.366910667521597719e-05
7.268297661247271613e+00 -9.870822978104865780e-06 5.830059885818543366e-07 -1.045382896660076999e-05
7.269409019326844579e+00 -6.319632094877814313e-06 3.756107930446029859e-07 -6.695242888396599895e-06
7.270520377406417545e+00 -2.957641022332266681e-06 5.210912196729325157e-08 -3.009750143436297834e-06
7.271631735485991399e+00 -3.353361336420413244e-07 -3.342023101105964864e-07 -1.133819973889518828e-09
7.272743093565564365e+00 1.118930856426538379e-06 -7.197303203510925588e-07 1.838661175210547141e-06
7.273854451645137331e+00 1.169207571192441017e-06 -1.041056309088783754e-06 2.210263882537668451e-06
7.274965809724711185e+00 -1.894963156591922965e-07 -1.245369026976637513e-06 1.055872707207412657e-06
7.276077167804284151e+00 -2.730655272591446178e-06 -1.299143494625184424e-06 -1.431511774765666448e-06
7.277188525883857118e+00 -6.033735779367895014e-06 -1.193640569501678119e-06 -4.840095215722988939e-06
7.278299883963430972e+00 -9.553560356774255108e-06 -9.463258403146374573e-07 -8.607234514587322471e-06
7.279411242043003938e+00 -1.271009229728958106e-05 -5.979783340820491204e-07 -1.211211396371205187e-05
7.280522600122576904e+00 -1.498385890626782041e-05 -2.059684405358289030e-07 -1.477789046483045030e-05
7.281633958202149870e+00 -1.600131471239749775e-05 1.651860991607696024e-07 -1.616650081484290527e-05
7.282745316281723724e+00 -1.559612460288800281e-05 4.544310328795405480e-07 -1.605055563242124145e-05
7.283856674361296690e+00 -1.383630714326756009e-05 6.142076134490337272e-07 -1.445051475452248033e-05
7.284968032440869656e+00 -1.101281352182317125e-05 6.182572531154704098e-07 -1.163107076958313016e-05
7.286079390520443511e+00 -7.591453733069714049e-06 4.659179120954705941e-07 -8.057371648839857514e-06
7.287190748600016477e+00 -4.136110661003868094e-06 1.822094175389190923e-07 -4.318320078412242469e-06
7.288302106679589443e+00 -1.215897022880177425e-06 -1.863020854766466816e-07 -1.029594938598216505e-06
7.289413464759163297e+00 6.884661353793097502e-07 -5.791766005241373474e-07 1.267642738429970196e-06
7.290524822838736263e+00 1.263649551223576810e-06 -9.320448154302996951e-07 2.195694368511245270e-06
7.291636180918309229e+00 4.151216986489087574e-07 -1.187187865679553109e-06 1.602309566555240334e-06
7.292747538997883083e+00 -1.717472457224639495e-06 -1.303012597835522527e-06 -4.144598595985475586e-07
7.293858897077456049e+00 -4.783452728807308443e-06 -1.260866151092561856e-06 -3.522586575077949964e-06
7.294970255157029015e+00 -8.278929055425491429e-06 -1.068072580263255348e-06 -7.210856475678689009e-06
7.296081613236601981e+00 -1.162977094393844238e-05 -7.566965665488844736e-07 -1.087307437437016328e-05
7.297192971316175836e+00 -1.428605749343716744e-05 -3.782421443694448807e-07 -1.390781534727544150e-05
7.298304329395748802e+00 -1.581246862445134099e-05 4.837608989345057887e-09 -1.581730622793927482e-05
7.299415687475321768e+00 -1.595975900183562585e-05 3.294206893858503534e-07 -1.628917969265014296e-05
7.300527045554895622e+00 -1.470558036555580025e-05 5.420941788136218590e-07 -1.524767454313133777e-05
7.301638403634468588e+00 -1.225796580345273057e-05 6.079239706373084978e-07 -1.286588977355770935e-05
7.302749761714041554e+00 -9.020937899170428792e-06 5.161763692242040801e-07 -9.537114267908503723e-06
7.303861119793615408e+00 -5.527925759077432361e-06 2.820543286621016643e-07 -5.809980090721320392e-06
7.304972477873188375e+00 -2.353965662772695630e-06 -5.583264875728749174e-08 -2.298133009486858294e-06
7.306083835952761341e+00 -2.113982359172941750e-08 -4.418441807347065452e-07 4.207043583441105045e-07
7.307195194032335195e+00 1.087199419602885922e-06 -8.124778453774144271e-07 1.899677268359155433e-06
7.308306552111908161e+00 7.893237056103398833e-07 -1.106820577196856951e-06 1.896144286926384126e-06
7.309417910191481127e+00 -8.651747373675461664e-07 -1.276562933438391950e-06 4.113881945503640447e-07
7.310529268271054093e+00 -3.603737181669033202e-06 -1.293930185168280171e-06 -2.309806999171515676e-06
7.311640626350627947e+00 -6.975832754736906172e-06 -1.156228557670470813e-06 -5.819604191119450917e-06
7.312751984430200913e+00 -1.042716556104092418e-05 -8.862627329899640466e-07 -9.540902825800386816e-06
7.313863342509773879e+00 -1.339086628323032241e-05 -5.285604580431265071e-07 -1.286230582734932543e-05
7.314974700589347734e+00 -1.538066454910775108e-05 -1.420293759042695224e-07 -1.523863517083204680e-05
7.316086058668920700e+00 -1.607072346337902122e-05 2.097428171749890382e-07 -1.628046628392035636e-05
7.317197416748493666e+00 -1.534902624866600618e-05 4.689477026247260822e-07 -1.581797395035873174e-05
7.318308774828067520e+00 -1.333556553768933117e-05 5.930546039715171988e-07 -1.392862014522973022e-05
7.319420132907640486e+00 -1.036238022501930964e-05 5.617876949870804246e-07 -1.092416791666477732e-05
7.320531490987213452e+00 -6.918758379570368738e-06 3.804373982584002335e-07 -7.299195778049478653e-06
7.321642849066786418e+00 -3.570649838604850884e-06 7.896565984702918952e-08 -3.649615499865367998e-06
7.322754207146360272e+00 -8.675619605075235441e-07 -2.929432681251550711e-07 -5.746186954932053920e-07
7.323865565225933238e+00 7.477449766167976880e-07 -6.740685881112654142e-07 1.421813567135899944e-06
7.324976923305506205e+00 1.011916131460834805e-06 -1.001726010734561996e-06 2.013642142300768123e-06
7.326088281385080059e+00 -1.159076551322281434e-07 -1.222070272472275361e-06 1.106162617455592675e-06
7.327199639464653025e+00 -2.447626553155968568e-06 -1.298933227143671086e-06 -1.148693327236846237e-06
7.328310997544225991e+00 -5.597368108314643848e-06 -1.219746405024545356e-06 -4.377621707864296635e-06
7.329422355623799845e+00 -9.045159867038720866e-06 -9.975777721303886862e-07 -8.047582095711217770e-06
7.330533713703372811e+00 -1.222258423115183887e-05 -6.689524376509583896e-07 -1.155363178876158206e-05
7.331645071782945777e+00 -1.460631402547436786e-05 -2.878204081908512834e-07 -1.431849361763302270e-05
7.332756429862519632e+00 -1.580413855632387121e-05 8.333236657105902402e-08 -1.588747092318371426e-05
7.333867787942092598e+00 -1.561934465112591736e-05 3.837649985673408830e-07 -1.600310964800606348e-05
7.334979146021665564e+00 -1.408288785272179475e-05 5.644628748429503110e-07 -1.464735073226442266e-05
7.336090504101238530e+00 -1.144809415009381132e-05 5.961784465604176011e-07 -1.204427259906583336e-05
7.337201862180812384e+00 -8.148800481346061414e-06 4.742119544884004713e-07 -8.623012432662242183e-06
7.338313220260385350e+00 -4.727851851058385152e-06 2.191499643079317626e-07 -4.947001819490676189e-06
7.339424578339958316e+00 -1.747738990936012482e-06 -1.265549033274690548e-07 -1.621184090554259744e-06
7.340535936419532170e+00 3.019114177492919493e-07 -5.055956653558221553e-07 8.075070843461054637e-07
7.341647294499105136e+00 1.084782435403026848e-06 -8.552568998942352587e-07 1.940039334448131906e-06
7.342758652578678102e+00 4.730300450891044770e-07 -1.117738685241118883e-06 1.590768726820524556e-06
7.343870010658251957e+00 -1.431880171680419839e-06 -1.249659816277850526e-06 -1.822203545605999286e-07
7.344981368737824923e+00 -4.316056961248737264e-06 -1.229178420147669274e-06 -3.086878534242117056e-06
7.346092726817397889e+00 -7.704976455819067052e-06 -1.059561651182150941e-06 -6.645414801936724153e-06
7.347204084896971743e+00 -1.104163518828461116e-05 -7.686214045371305586e-07 -1.027301378751224389e-05
7.348315442976544709e+00 -1.377818850551359650e-05 -4.041134589342692748e-07 -1.337407504375855843e-05
7.349426801056117675e+00 -1.546599324369225120e-05 -2.586119515682051536e-08 -1.544013204656229793e-05
7.350538159135690641e+00 -1.582925266180833235e-05 3.040972047424876927e-07 -1.613334986532918847e-05
7.351649517215264495e+00 -1.481016902747525968e-05 5.317154652777607510e-07 -1.534188448860593357e-05
7.352760875294837462e+00 -1.257820849990924639e-05 6.198208344208825803e-07 -1.319802933883503643e-05
7.353872233374410428e+00 -9.501988460499082717e-06 5.542112938027550571e-07 -1.005619975623459755e-05
7.354983591453984282e+00 -6.088445004647077483e-06 3.459684804398173701e-07 -6.434413478534437708e-06
7.356094949533557248e+00 -2.899317697646619507e-06 2.960993929627714523e-08 -2.928927638959702429e-06
7.357206307613130214e+00 -4.587026721775524021e-07 -3.426111911764703690e-07 -1.160914812723019829e-07
7.358317665692704068e+00 8.331124290391657417e-07 -7.093175739763285417e-07 1.542430005245325458e-06
7.359429023772277034e+00 7.653687200591884846e-07 -1.010110987811045711e-06 1.775479705446754560e-06
7.360540381851850000e+00 -6.486749805466188526e-07 -1.195504550866704883e-06 5.468295709813849811e-07
7.361651739931423855e+00 -3.174132909694853816e-06 -1.235050556003418668e-06 -1.939082359895443267e-06
7.362763098010996821e+00 -6.393331737766967671e-06 -1.122329247056085585e-06 -5.271002491618725222e-06
7.363874456090569787e+00 -9.774682437622625453e-06 -8.759812461122374835e-07 -8.898701186558707898e-06
7.364985814170142753e+00 -1.276023172931597255e-05 -5.366179232967012219e-07 -1.222361380283755808e-05
7.366097172249716607e+00 -1.485747988279112128e-05 -1.601219514391121141e-07 -1.469735793557499018e-05
7.367208530329289573e+00 -1.572036175531308852e-05 1.915565862511129291e-07 -1.591191833938063183e-05
7.368319888408862539e+00 -1.520608316161109128e-05 4.605924760034784521e-07 -1.566667563521455947e-05
7.369431246488436393e+00 -1.339848771597087693e-05 6.027890172416913695e-07 -1.400127672607394402e-05
7.370542604568009359e+00 -1.059413650852372366e-05 5.948309151446065472e-07 -1.118896742219321894e-05
7.371653962647582325e+00 -7.253422278333861856e-06 4.380961112424369892e-07 -7.691518385253767742e-06
7.372765320727156180e+00 -3.924781395749305304e-06 1.584032193057712369e-07 -4.083184613733800011e-06
7.373876678806729146e+00 -1.154487358987757104e-06 -1.982596745123282075e-07 -9.562276874594717591e-07
7.374988036886302112e+00 6.031331159814072584e-07 -5.733183716274886990e-07 1.176451485952658554e-06
7.376099394965875966e+00 1.060301510478496969e-06 -9.052575981176725332e-07 1.965559111451241434e-06
7.377210753045448932e+00 1.429554344037527180e-07 -1.139739535586717085e-06 1.282694966392883707e-06
7.378322111125021898e+00 -1.997247240629338241e-06 -1.238531362687100558e-06 -7.587158811102594907e-07
7.379433469204594864e+00 -5.008031527010308251e-06 -1.185774885811711668e-06 -3.822256643647202815e-06
7.380544827284168719e+00 -8.394556405983246219e-06 -9.905698984671379914e-07 -7.403986509115943401e-06
7.381656185363741685e+00 -1.160084295570226742e-05 -6.854501354004006270e-07 -1.091539281867278527e-05
7.382767543443314651e+00 -1.410117474263039225e-05 -3.210065350336759830e-07 -1.378016820522505112e-05
7.383878901522888505e+00 -1.548643710516705088e-05 4.245411857199438317e-08 -1.552889122726592783e-05
7.384990259602461471e+00 -1.553120999925284781e-05 3.448405124308908092e-07 -1.587605051176898402e-05
7.386101617682034437e+00 -1.423060366089346634e-05 5.361632528330214829e-07 -1.476676691000667827e-05
7.387212975761608291e+00 -1.180081311248507361e-05 5.847506565934571594e-07 -1.238556376579550561e-05
7.388324333841181257e+00 -8.643334706840821030e-06 4.824443440266948315e-07 -9.125779045692557906e-06
7.389435691920754223e+00 -5.278762704592678684e-06 2.459230800874598810e-07 -5.524685782426312641e-06
7.390547050000328078e+00 -2.261079094108796317e-06 -8.605918758149762749e-08 -2.175019910689293332e-06
7.391658408079901044e+00 -8.654378102091603298e-08 -4.590631329074916858e-07 3.725193511417389247e-07
7.392769766159474010e+00 8.878311561616165741e-07 -8.119275791157673787e-07 1.699758736151786229e-06
7.393881124239046976e+00 5.028313102792302848e-07 -1.086830465215532818e-06 1.589661780574162190e-06
7.394992482318620830e+00 -1.176987620260831410e-06 -1.238791946066907247e-06 6.180432883637516916e-08
7.396103840398193796e+00 -3.874141427806596788e-06 -1.243057630006525377e-06 -2.631083801476509498e-06
7.397215198477766762e+00 -7.144055858096737613e-06 -1.099149974396560077e-06 -6.044905879073548052e-06
7.398326556557340616e+00 -1.044832724966934454e-05 -8.309249584118351124e-07 -9.617402294517102268e-06
7.399437914636913582e+00 -1.324333689220382609e-05 -4.826284799230650758e-07 -1.276070841196505490e-05
7.400549272716486549e+00 -1.506963405142327725e-05 -1.116047047153303725e-07 -1.495802934798175568e-05
7.401660630796060403e+00 -1.562739086680663136e-05 2.211415704368277133e-07 -1.584853243631438591e-05
