#    Energy_eV   Re_FT_dcf   Re_FT_dcf1   Re_FT_dcf2
2.267160227550355067e+00 -4.474771307252752711e-02 -6.710913398143090319e-03 -3.803679967438900605e-02
2.268271585629928477e+00 -4.483254333481050818e-02 -6.726854414603560678e-03 -3.810568892020656934e-02
2.269382943709501443e+00 -4.490853290023142513e-02 -6.731298660990453486e-03 -3.817723423924125614e-02
2.270494301789074854e+00 -4.496655967290606737e-02 -6.725364177410769403e-03 -3.824119549549508112e-02
2.271605659868647820e+00 -4.500405482116501266e-02 -6.713951120843724037e-03 -3.829010370032433913e-02
2.272717017948221230e+00 -4.502594596710960545e-02 -6.703964234828081216e-03 -3.832198173228556354e-02
2.273828376027794640e+00 -4.504287266947488294e-02 -6.701803346496354279e-03 -3.834106932298107784e-02
2.274939734107367606e+00 -4.506732044616527932e-02 -6.711033948804246037e-03 -3.835628649736225193e-02
2.276051092186941016e+00 -4.510907807503315020e-02 -6.731085725277744479e-03 -3.837799234975523832e-02
2.277162450266514426e+00 -4.517167098519386109e-02 -6.757454075650205262e-03 -3.841421690954538448e-02
2.278273808346087392e+00 -4.525107026836839436e-02 -6.783333501396589076e-03 -3.846773676697472222e-02
2.279385166425660803e+00 -4.533715006398758574e-02 -6.802090600182523691e-03 -3.853505946380388764e-02
2.280496524505233769e+00 -4.541736618071348652e-02 -6.809678047664156908e-03 -3.860768813305471420e-02
2.281607882584807179e+00 -4.548131958426355342e-02 -6.806111105350887841e-03 -3.867520847891470909e-02
2.282719240664380589e+00 -4.552454461707754890e-02 -6.795468026168745811e-03 -3.872907659091048838e-02
2.283830598743953555e+00 -4.555014198353662253e-02 -6.784412048733753225e-03 -3.876572993480840307e-02
2.284941956823526965e+00 -4.556765938891787354e-02 -6.779770616559339241e-03 -3.878788877235916921e-02
2.286053314903099931e+00 -4.558962390796521963e-02 -6.786051291118568030e-03 -3.880357261684674181e-02
2.287164672982673341e+00 -4.562698549158101385e-02 -6.803798154010443945e-03 -3.882318733757485207e-02
2.288276031062246751e+00 -4.568512895413084224e-02 -6.829387992657393047e-03 -3.885574096147396961e-02
2.289387389141819718e+00 -4.576190689426339053e-02 -6.856342551148485870e-03 -3.890556434311950862e-02
2.290498747221393128e+00 -4.584841212707590347e-02 -6.877681589217151704e-03 -3.897073053786091756e-02
2.291610105300966094e+00 -4.593221183781972389e-02 -6.888462072992168443e-03 -3.904374976482920256e-02
2.292721463380539504e+00 -4.600186918611842007e-02 -6.887579833537162480e-03 -3.911428935258225159e-02
2.293832821460112914e+00 -4.605110796264750422e-02 -6.878177032437184091e-03 -3.917293093021067402e-02
2.294944179539685880e+00 -4.608110379533154888e-02 -6.866505109782080306e-03 -3.921459868555288858e-02
2.296055537619259290e+00 -4.610006550699500411e-02 -6.859654671587674980e-03 -3.924041083540668468e-02
2.297166895698832700e+00 -4.612025564953997625e-02 -6.862976668690171610e-03 -3.925727898084915846e-02
2.298278253778405666e+00 -4.615353164100685635e-02 -6.878132767714238011e-03 -3.927539887328428125e-02
2.299389611857979077e+00 -4.620702882296488095e-02 -6.902485257772683278e-03 -3.930454356519506171e-02
2.300500969937552043e+00 -4.628055711444732656e-02 -6.930050470807234443e-03 -3.935050664363914236e-02
2.301612328017125453e+00 -4.636666109735620295e-02 -6.953671109108683704e-03 -3.941298998824351030e-02
2.302723686096698863e+00 -4.645332498577180169e-02 -6.967618839499374606e-03 -3.948570614627646552e-02
2.303835044176271829e+00 -4.652834109009858221e-02 -6.969680784224303351e-03 -3.955866030587732590e-02
2.304946402255845239e+00 -4.658375360016456940e-02 -6.961969931446389780e-03 -3.962178366871966367e-02
2.306057760335418205e+00 -4.661876010865271397e-02 -6.950162690074083993e-03 -3.966859741858258515e-02
2.307169118414991615e+00 -4.664001270500539587e-02 -6.941438690477207824e-03 -3.969857401452748374e-02
2.308280476494565026e+00 -4.665920578232947424e-02 -6.941870556088450619e-03 -3.971733522624398133e-02
2.309391834574137992e+00 -4.668882527900246326e-02 -6.954212620444489602e-03 -3.973461265856356034e-02
2.310503192653711402e+00 -4.673760446324494444e-02 -6.976893807407352419e-03 -3.976071065583820091e-02
2.311614550733284812e+00 -4.680734012949468864e-02 -7.004582925463634195e-03 -3.980275720403251422e-02
2.312725908812857778e+00 -4.689222991033885346e-02 -7.030123014053487641e-03 -3.986210689628519321e-02
2.313837266892431188e+00 -4.698097509459796955e-02 -7.047132914098126408e-03 -3.993384218050282514e-02
2.314948624972004154e+00 -4.706088691532234192e-02 -7.052330403859293981e-03 -4.000855651146814629e-02
2.316059983051577564e+00 -4.712250399029861703e-02 -7.046731147840205010e-03 -4.007577284246072874e-02
2.317171341131150974e+00 -4.716304065341855867e-02 -7.035285510525043744e-03 -4.012775514289979722e-02
2.318282699210723941e+00 -4.718740940567398706e-02 -7.025083058691674459e-03 -4.016232634698724269e-02
2.319394057290297351e+00 -4.720644224237648817e-02 -7.022775957259702259e-03 -4.018366628511207267e-02
2.320505415369870317e+00 -4.723295484765432928e-02 -7.032157667030738621e-03 -4.020079718061887741e-02
2.321616773449443727e+00 -4.727708372578959262e-02 -7.052778245754895599e-03 -4.022430548003642220e-02
2.322728131529017137e+00 -4.734259281027002747e-02 -7.080101678339518340e-03 -4.026249113193847151e-02
2.323839489608590103e+00 -4.742549529679853521e-02 -7.107150308322113079e-03 -4.031834498848016479e-02
2.324950847688163513e+00 -4.751549531197168941e-02 -7.127040233021748016e-03 -4.038845507894957970e-02
2.326062205767736479e+00 -4.759972814107399364e-02 -7.135486421717013653e-03 -4.046424171935689845e-02
2.327173563847309889e+00 -4.766744032169444034e-02 -7.132365942844803852e-03 -4.053507437885218306e-02
2.328284921926883300e+00 -4.771390705383522779e-02 -7.121769044227769900e-03 -4.059213800960954910e-02
2.329396280006456266e+00 -4.774215987757760710e-02 -7.110517208405752951e-03 -4.063164266917344142e-02
2.330507638086029676e+00 -4.776189291715956381e-02 -7.105685110952900119e-03 -4.065620780620656655e-02
2.331618996165603086e+00 -4.778594230270575421e-02 -7.112026683134103563e-03 -4.067391561957037910e-02
2.332730354245176052e+00 -4.782561733588672898e-02 -7.130241739669741091e-03 -4.069537559621638767e-02
2.333841712324749462e+00 -4.788658158848481394e-02 -7.156715188261955629e-03 -4.072986640022633470e-02
2.334953070404322428e+00 -4.796678407065740196e-02 -7.184825953796283859e-03 -4.078195811686439326e-02
2.336064428483895838e+00 -4.805719619339498400e-02 -7.207351709193413059e-03 -4.084984448420271586e-02
2.337175786563469249e+00 -4.814508978420490443e-02 -7.219096041560618161e-03 -4.092599374264498102e-02
2.338287144643042215e+00 -4.821866603435368687e-02 -7.218782413324793638e-03 -4.099988362102642558e-02
2.339398502722615625e+00 -4.827135195746037194e-02 -7.209524622423204264e-03 -4.106182733504041421e-02
2.340509860802188591e+00 -4.830419984882648038e-02 -7.197700399561450350e-03 -4.110649944926336730e-02
2.341621218881762001e+00 -4.832551384330065203e-02 -7.190635586691539877e-03 -4.113487825661250180e-02
2.342732576961335411e+00 -4.834783601404171738e-02 -7.193939772659363463e-03 -4.115389624138904995e-02
2.343843935040908377e+00 -4.838338586561961863e-02 -7.209462378108762864e-03 -4.117392348751131720e-02
2.344955293120481787e+00 -4.843961149351817125e-02 -7.234613894976810525e-03 -4.120499759854460292e-02
2.346066651200055198e+00 -4.851647213694743749e-02 -7.263301370678106050e-03 -4.125317076626887347e-02
2.347178009279628164e+00 -4.860644360150439408e-02 -7.288140211045619592e-03 -4.131830339046026895e-02
2.348289367359201574e+00 -4.869724803843271388e-02 -7.303139422596609774e-03 -4.139410861583860124e-02
2.349400725438774540e+00 -4.877631777303453875e-02 -7.305883898722755933e-03 -4.147043387431397637e-02
2.350512083518347950e+00 -4.883537033458510562e-02 -7.298418863860354003e-03 -4.153695147072291455e-02
2.351623441597921360e+00 -4.887342928461623631e-02 -7.286512623862573777e-03 -4.158691666075685356e-02
2.352734799677494326e+00 -4.889718911752993086e-02 -7.277563377219106559e-03 -4.161962574031335266e-02
2.353846157757067736e+00 -4.891858798694553173e-02 -7.277909657632894262e-03 -4.164067832931353519e-02
2.354957515836640702e+00 -4.895046832915481150e-02 -7.290522166382595870e-03 -4.165994616277820389e-02
2.356068873916214113e+00 -4.900190268771099228e-02 -7.313917492388868034e-03 -4.168798519532428137e-02
2.357180231995787523e+00 -4.907488595578450574e-02 -7.342690904236160582e-03 -4.173219505155111031e-02
2.358291590075360489e+00 -4.916359999746715281e-02 -7.369476868908432857e-03 -4.179412312855856210e-02
2.359402948154933899e+00 -4.925652168612924126e-02 -7.387626134047722143e-03 -4.186889555208494346e-02
2.360514306234507309e+00 -4.934061059913726066e-02 -7.393626360416336897e-03 -4.194698423872399162e-02
2.361625664314080275e+00 -4.940605451995973285e-02 -7.388385091014416407e-03 -4.201766942894777368e-02
2.362737022393653685e+00 -4.944984586078965405e-02 -7.376906438702640102e-03 -4.207293942209067161e-02
2.363848380473226651e+00 -4.947688548877030024e-02 -7.366476631225677904e-03 -4.211040885755307911e-02
2.364959738552800061e+00 -4.949820890066053414e-02 -7.364016322492861547e-03 -4.213419257816938823e-02
2.366071096632373472e+00 -4.952697677698139622e-02 -7.373561797920656462e-03 -4.215341497906132523e-02
2.367182454711946438e+00 -4.957368665641919553e-02 -7.394791800567833764e-03 -4.217889485585345904e-02
2.368293812791519848e+00 -4.964234791236890598e-02 -7.423137659224225346e-03 -4.221921025314386011e-02
2.369405170871092814e+00 -4.972901378259245858e-02 -7.451439114352654755e-03 -4.227757466824192539e-02
2.370516528950666224e+00 -4.982320792697984835e-02 -7.472545738448977889e-03 -4.235066218853253406e-02
2.371627887030239634e+00 -4.991172993175418959e-02 -7.481918832297207445e-03 -4.242981109945955648e-02
2.372739245109812600e+00 -4.998345745374207366e-02 -7.479287029750948494e-03 -4.250417042399148859e-02
2.373850603189386010e+00 -5.003339807433035413e-02 -7.468751696872826841e-03 -4.256464637745945717e-02
2.374961961268959421e+00 -5.006451480631507467e-02 -7.457301349830460120e-03 -4.260721345648812303e-02
2.376073319348532387e+00 -5.008665778183672701e-02 -7.452273172831300196e-03 -4.263438460900334515e-02
2.377184677428105797e+00 -5.011298727836232397e-02 -7.458683686081115337e-03 -4.265430359228337964e-02
2.378296035507678763e+00 -5.015518702484083463e-02 -7.477399673031777903e-03 -4.267778735181260164e-02
2.379407393587252173e+00 -5.021920882212110165e-02 -7.504816249483679466e-03 -4.271439257263762168e-02
2.380518751666825583e+00 -5.030309835507679184e-02 -7.534161590398106428e-03 -4.276893676468531552e-02
2.381630109746398549e+00 -5.039769643260120363e-02 -7.557956114312585662e-03 -4.283974031829163032e-02
2.382741467825971959e+00 -5.048996411994566280e-02 -7.570733100289430903e-03 -4.291923101965357257e-02
2.383852825905544925e+00 -5.056772466239767283e-02 -7.571031173923448328e-03 -4.299669348847610928e-02
2.384964183985118336e+00 -5.062409773274978431e-02 -7.561932485975910063e-03 -4.306216524677335816e-02
2.386075542064691746e+00 -5.066001128755908550e-02 -7.549948446252972845e-03 -4.311006284130933924e-02
2.387186900144264712e+00 -5.068387405667120621e-02 -7.542655845834155860e-03 -4.314121821083342911e-02
2.388298258223838122e+00 -5.070852417056622569e-02 -7.545941540284110439e-03 -4.316258263028339287e-02
2.389409616303411088e+00 -5.074656121623988964e-02 -7.561857660711643336e-03 -4.318470355552851692e-02
2.390520974382984498e+00 -5.080575898664672213e-02 -7.587868753557104953e-03 -4.321789023308911931e-02
2.391632332462557908e+00 -5.088622904459737945e-02 -7.617767005918196603e-03 -4.326846203868417451e-02
2.392743690542130874e+00 -5.098037002767017573e-02 -7.643925184152024557e-03 -4.333644484351724391e-02
2.393855048621704285e+00 -5.107562482444616414e-02 -7.660069637146021092e-03 -4.341555518729797031e-02
2.394966406701277251e+00 -5.115904556434129613e-02 -7.663565185027492246e-03 -4.349548037931355582e-02
2.396077764780850661e+00 -5.122200690454411370e-02 -7.656379726876714684e-03 -4.356562717766841730e-02
2.397189122860424071e+00 -5.126335191986410716e-02 -7.644375490735927717e-03 -4.361897642912779954e-02
2.398300480939997037e+00 -5.128982325447419693e-02 -7.635182170218164123e-03 -4.365464108425731737e-02
2.399411839019570447e+00 -5.131361898718246606e-02 -7.635423599349432620e-03 -4.367819538782930638e-02
2.400523197099143857e+00 -5.134795920608937331e-02 -7.648306062190809475e-03 -4.369965314390434480e-02
2.401634555178716823e+00 -5.140227466279109064e-02 -7.672446338358698131e-03 -4.372982832443492868e-02
2.402745913258290233e+00 -5.147876858551595630e-02 -7.702367871662413150e-03 -4.377640071385885401e-02
2.403857271337863200e+00 -5.157160513909275767e-02 -7.730487147688278569e-03 -4.384111799140356924e-02
2.404968629417436610e+00 -5.166902343732784897e-02 -7.749869843808053320e-03 -4.391915359352106113e-02
2.406079987497010020e+00 -5.175761135314842221e-02 -7.756755079656270889e-03 -4.400085627349284434e-02
2.407191345576582986e+00 -5.182718608258563703e-02 -7.751928895080596391e-03 -4.407525718750991001e-02
2.408302703656156396e+00 -5.187450548036981468e-02 -7.740445364219940977e-03 -4.413406011615084168e-02
2.409414061735729362e+00 -5.190445750423385712e-02 -7.729794212991321530e-03 -4.417466329124380281e-02
2.410525419815302772e+00 -5.192829142635097678e-02 -7.727179243459915241e-03 -4.420111218289175109e-02
2.411636777894876182e+00 -5.195953085203054711e-02 -7.736896480518828771e-03 -4.422263437151294219e-02
2.412748135974449148e+00 -5.200905338189894950e-02 -7.758766243165784657e-03 -4.425028713874128161e-02
2.413859494054022559e+00 -5.208112710297654879e-02 -7.788191363551324325e-03 -4.429293573942431200e-02
2.414970852133595969e+00 -5.217184811861155791e-02 -7.817822970162365687e-03 -4.435402514845171451e-02
2.416082210213168935e+00 -5.227055112130819803e-02 -7.840230262496779637e-03 -4.443032085881576387e-02
2.417193568292742345e+00 -5.236368340726176018e-02 -7.850604405335168817e-03 -4.451307900192787853e-02
2.418304926372315311e+00 -5.243973521752551270e-02 -7.848512697570348903e-03 -4.459122251995895764e-02
2.419416284451888721e+00 -5.249343285741366050e-02 -7.838063173203466474e-03 -4.465536968421358194e-02
2.420527642531462131e+00 -5.252766705659142610e-02 -7.826417170653438005e-03 -4.470124988594038895e-02
2.421639000611035097e+00 -5.255245151167806800e-02 -7.821188443733400469e-03 -4.473126306793799578e-02
2.422750358690608508e+00 -5.258128680973588737e-02 -7.827673419212140965e-03 -4.475361339052602583e-02
2.423861716770181474e+00 -5.262625003319024164e-02 -7.846920174741690152e-03 -4.477932985844781943e-02
2.424973074849754884e+00 -5.269359603928147617e-02 -7.875340151176066228e-03 -4.481825588810665895e-02
2.426084432929328294e+00 -5.278147251224796221e-02 -7.906006391120283874e-03 -4.487546612112713884e-02
2.427195791008901260e+00 -5.288058348379835044e-02 -7.931168645837351205e-03 -4.494941483796401072e-02
2.428307149088474670e+00 -5.297756371021572486e-02 -7.945072146005850711e-03 -4.503249156421174765e-02
2.429418507168048080e+00 -5.305983905434653869e-02 -7.946054856466544525e-03 -4.511378419788161093e-02
2.430529865247621046e+00 -5.312020538277911069e-02 -7.937158911787178459e-03 -4.518304647099553178e-02
2.431641223327194457e+00 -5.315945859385167588e-02 -7.925031335703021720e-03 -4.523442725814853099e-02
2.432752581406767423e+00 -5.318611566538249819e-02 -7.917511261304752482e-03 -4.526860440407554087e-02
2.433863939486340833e+00 -5.321332436952280059e-02 -7.920779455889356835e-03 -4.529254491363799567e-02
2.434975297565914243e+00 -5.325408293393287668e-02 -7.937106639857203008e-03 -4.531697629407890893e-02
2.436086655645487209e+00 -5.331650772016954115e-02 -7.964020889679717524e-03 -4.535248683049507290e-02
2.437198013725060619e+00 -5.340087184684508964e-02 -7.995199387581360811e-03 -4.540567245926772216e-02
2.438309371804633585e+00 -5.349949526942215233e-02 -8.022762842398525190e-03 -4.547673242702758578e-02
2.439420729884206995e+00 -5.359953017601414016e-02 -8.040139997286546714e-03 -4.555939017872354113e-02
2.440532087963780405e+00 -5.368763154079036343e-02 -8.044460851090425371e-03 -4.564317068970616398e-02
2.441643446043353372e+00 -5.375481499975088423e-02 -8.037607012781606067e-03 -4.571720798697073013e-02
2.442754804122926782e+00 -5.379973372558553846e-02 -8.025534814977971360e-03 -4.577419891061029755e-02
2.443866162202500192e+00 -5.382917917453301782e-02 -8.016114671040125775e-03 -4.581306450349684894e-02
2.444977520282073158e+00 -5.385561964844370886e-02 -8.016270443465856738e-03 -4.583934920498432958e-02
2.446088878361646568e+00 -5.389266878469213540e-02 -8.029458566979192496e-03 -4.586321021771394557e-02
2.447200236441219534e+00 -5.395013092769888885e-02 -8.054404735986408354e-03 -4.589572619171700119e-02
2.448311594520792944e+00 -5.403042660708598510e-02 -8.085559876151152472e-03 -4.594486673093160778e-02
2.449422952600366354e+00 -5.412770134044361109e-02 -8.115112285616005519e-03 -4.601258905483233269e-02
2.450534310679939320e+00 -5.422994584816157732e-02 -8.135826333163148627e-03 -4.609411951500178711e-02
2.451645668759512731e+00 -5.432335986991086718e-02 -8.143676160974425496e-03 -4.617968370893531932e-02
2.452757026839085697e+00 -5.439737392340529554e-02 -8.139315753610501525e-03 -4.625805816980065738e-02
2.453868384918659107e+00 -5.444850166759620386e-02 -8.127848580494175315e-03 -4.632065308710429236e-02
2.454979742998232517e+00 -5.448161878952446913e-02 -8.116977869496394202e-03 -4.636464092002880177e-02
2.456091101077805483e+00 -5.450819933793098898e-02 -8.114207929894845170e-03 -4.639399140803733557e-02
2.457202459157378893e+00 -5.454214746843932121e-02 -8.124113320104967353e-03 -4.641803414834041325e-02
2.458313817236952303e+00 -5.459473884841793689e-02 -8.146669620672560702e-03 -4.644806922774500496e-02
2.459425175316525269e+00 -5.467051215921512469e-02 -8.177254906529179967e-03 -4.649325725269106563e-02
2.460536533396098680e+00 -5.476560773011957678e-02 -8.208324092799349284e-03 -4.655728363731757857e-02
2.461647891475671646e+00 -5.486916145564721403e-02 -8.232149630938552509e-03 -4.663701182470592760e-02
2.462759249555245056e+00 -5.496725065466322169e-02 -8.243633037477901201e-03 -4.672361761718468037e-02
2.463870607634818466e+00 -5.504795877766995721e-02 -8.242164345813906765e-03 -4.680579443186064226e-02
2.464981965714391432e+00 -5.510571659504249348e-02 -8.231851338357045605e-03 -4.687386525668500031e-02
2.466093323793964842e+00 -5.514333840938542147e-02 -8.220032498870457477e-03 -4.692330591051055433e-02
2.467204681873537808e+00 -5.517100885467478982e-02 -8.214611986898301063e-03 -4.695639686777767358e-02
2.468316039953111218e+00 -5.520258502254343780e-02 -8.221184444750914352e-03 -4.698140057779497808e-02
2.469427398032684629e+00 -5.525055655291810641e-02 -8.240995499376176786e-03 -4.700956105354126696e-02
2.470538756112257595e+00 -5.532149674004464834e-02 -8.270481441917025209e-03 -4.705101529813177780e-02
2.471650114191831005e+00 -5.541366143240721714e-02 -8.302558161175650764e-03 -4.711110327123785302e-02
2.472761472271403971e+00 -5.551761281245268936e-02 -8.329193176354856426e-03 -4.718841963609674700e-02
2.473872830350977381e+00 -5.561964506795082086e-02 -8.344326962628659944e-03 -4.727531810532424605e-02
2.474984188430550791e+00 -5.570676857825158923e-02 -8.346081132887584603e-03 -4.736068744535906760e-02
2.476095546510123757e+00 -5.577144013376985482e-02 -8.337448792187132640e-03 -4.743399134158204911e-02
2.477206904589697167e+00 -5.581431669875504264e-02 -8.325213363862122434e-03 -4.748910333489447799e-02
2.478318262669270133e+00 -5.584402744970768523e-02 -8.317486392255494382e-03 -4.752654105745605928e-02
2.479429620748843544e+00 -5.587404301484995978e-02 -8.320757999600974716e-03 -4.755328501525121071e-02
2.480540978828416954e+00 -5.591777778168632168e-02 -8.337532488286624605e-03 -4.758024529340534187e-02
2.481652336907989920e+00 -5.598370598925758029e-02 -8.365410432169160040e-03 -4.761829555708903955e-02
2.482763694987563330e+00 -5.607226974391706781e-02 -8.397953677263368319e-03 -4.767431606665029770e-02
2.483875053067136740e+00 -5.617570713944538413e-02 -8.427021459974192233e-03 -4.774868567947038178e-02
2.484986411146709706e+00 -5.628086707058720106e-02 -8.445730014654709988e-03 -4.783513705593427090e-02
2.486097769226283116e+00 -5.637399003230391531e-02 -8.450959747698173416e-03 -4.792303028460250663e-02
2.487209127305856082e+00 -5.644571701844165734e-02 -8.444496885943961542e-03 -4.800122013250232578e-02
2.488320485385429492e+00 -5.649450318967889212e-02 -8.432391866043199846e-03 -4.806211132363592126e-02
2.489431843465002903e+00 -5.652719125061395761e-02 -8.422764924983148355e-03 -4.810442632563243642e-02
2.490543201544575869e+00 -5.655653184407047340e-02 -8.422854774072422931e-03 -4.813367707000210799e-02
2.491654559624149279e+00 -5.659654950291286013e-02 -8.436383007753249855e-03 -4.816016649515848097e-02
2.492765917703722245e+00 -5.665743833584920008e-02 -8.462193821223278414e-03 -4.819524451462246784e-02
2.493877275783295655e+00 -5.674184517747596357e-02 -8.494666178398700002e-03 -4.824717899907644131e-02
2.494988633862869065e+00 -5.684389537190543545e-02 -8.525751463657606916e-03 -4.831814390824428623e-02
2.496099991942442031e+00 -5.695131971309721347e-02 -8.547897934232197292e-03 -4.840342177886421821e-02
2.497211350022015441e+00 -5.704991250205136699e-02 -8.556799361043051708e-03 -4.849311314100963194e-02
2.498322708101588852e+00 -5.712870089957299002e-02 -8.552967422589274199e-03 -4.857573347698367072e-02
2.499434066181161818e+00 -5.718394452586014060e-02 -8.541553724078150209e-03 -4.864239080177903962e-02
2.500545424260735228e+00 -5.722050751033497251e-02 -8.530483245337096287e-03 -4.869002426499624558e-02
2.501656782340308194e+00 -5.725009978436569613e-02 -8.527575534569087692e-03 -4.872252424979621466e-02
2.502768140419881604e+00 -5.728702353604935710e-02 -8.537699424117401945e-03 -4.874932411193183546e-02
2.503879498499455014e+00 -5.734296993962924999e-02 -8.560996604485893169e-03 -4.878197333514477929e-02
2.504990856579027980e+00 -5.742275919897106562e-02 -8.592822214166904657e-03 -4.882993698480583844e-02
2.506102214658601390e+00 -5.752257615171983696e-02 -8.625426934453620659e-03 -4.889714921727102148e-02
2.507213572738174356e+00 -5.763134728128286449e-02 -8.650771453396665506e-03 -4.898057582789009518e-02
2.508324930817747767e+00 -5.773476218511292696e-02 -8.663451118919422017e-03 -4.907131106619112837e-02
2.509436288897321177e+00 -5.782047908351113652e-02 -8.662666799719574706e-03 -4.915781228379642598e-02
2.510547646976894143e+00 -5.788262084329068302e-02 -8.652523246084288869e-03 -4.923009759721132250e-02
2.511659005056467553e+00 -5.792392365943382221e-02 -8.640543606848067118e-03 -4.928338005258752624e-02
2.512770363136040963e+00 -5.795475286284976907e-02 -8.634937653217321027e-03 -4.931981520963384102e-02
2.513881721215613929e+00 -5.798933982401751480e-02 -8.641615643167033581e-03 -4.934772418085176665e-02
2.514993079295187339e+00 -5.804060614028365428e-02 -8.662033969579308740e-03 -4.937857217070779764e-02
2.516104437374760305e+00 -5.811545752543513521e-02 -8.692657887391567681e-03 -4.942279963804779852e-02
2.517215795454333715e+00 -5.821226142928508096e-02 -8.726239515836557714e-03 -4.948602191345319312e-02
2.518327153533907126e+00 -5.832142975210349856e-02 -8.754449109489689101e-03 -4.956698064261735870e-02
2.519438511613480092e+00 -5.842889880471212327e-02 -8.770904392857475224e-03 -4.965799441186042468e-02
2.520549869693053502e+00 -5.852124355262879746e-02 -8.773496301513146467e-03 -4.974774725111655999e-02
2.521661227772626468e+00 -5.859056641584572261e-02 -8.765163642837832739e-03 -4.982540277300961939e-02
2.522772585852199878e+00 -5.863738038674905229e-02 -8.752832171341127371e-03 -4.988454821540875411e-02
2.523883943931773288e+00 -5.867043398056717013e-02 -8.744901032973310950e-03 -4.992553294759219384e-02
2.524995302011346254e+00 -5.870353749030583768e-02 -8.748188773053550485e-03 -4.995534871725523796e-02
2.526106660090919664e+00 -5.875054187865379196e-02 -8.765449309263786265e-03 -4.998509256938944018e-02
2.527218018170493075e+00 -5.882029584635678487e-02 -8.794362759289006681e-03 -5.002593308707226766e-02
2.528329376250066041e+00 -5.891341711841114465e-02 -8.828370876416174323e-03 -5.008504624199951183e-02
2.529440734329639451e+00 -5.902205603200814249e-02 -8.859056250109860475e-03 -5.016299978190091879e-02
2.530552092409212417e+00 -5.913274170650682782e-02 -8.879202157814328547e-03 -5.025353954869452716e-02
2.531663450488785827e+00 -5.923127887277902792e-02 -8.885420793904030834e-03 -5.034585807887555220e-02
2.532774808568359237e+00 -5.930791536782810403e-02 -8.879392752310359682e-03 -5.042852261551918069e-02
2.533886166647932203e+00 -5.936089924562488324e-02 -8.867264337106306113e-03 -5.049363490852154523e-02
2.534997524727505613e+00 -5.939712812505120593e-02 -8.857418832416717736e-03 -5.053970929263676415e-02
2.536108882807078579e+00 -5.942965024461317053e-02 -8.857429924579475478e-03 -5.057222032003452772e-02
2.537220240886651990e+00 -5.947292261051789763e-02 -8.871304462964753335e-03 -5.060161814755076426e-02
2.538331598966225400e+00 -5.953754951739080592e-02 -8.898018368349450494e-03 -5.063953114903925468e-02
2.539442957045798366e+00 -5.962641634561675202e-02 -8.931880673507017199e-03 -5.069453567211239936e-02
2.540554315125371776e+00 -5.973362824057664583e-02 -8.964596376392866550e-03 -5.076903186418315478e-02
2.541665673204945186e+00 -5.984664404647358632e-02 -8.988280392289818219e-03 -5.085836365418472393e-02
2.542777031284518152e+00 -5.995083306229850861e-02 -8.998327509798294266e-03 -5.095250555250090824e-02
2.543888389364091562e+00 -6.003479897440186508e-02 -8.995093761369959279e-03 -5.103970521303592689e-02
2.544999747443664528e+00 -6.009453365913327433e-02 -8.983775322869740759e-03 -5.111075833626316234e-02
2.546111105523237939e+00 -6.013488684737555712e-02 -8.972525892182470555e-03 -5.116236095519363647e-02
2.547222463602810905e+00 -6.016781277733121436e-02 -8.969494568953882002e-03 -5.119831820838136732e-02
2.548333821682384315e+00 -6.020802767862653421e-02 -8.979860266120466908e-03 -5.122816741250925399e-02
2.549445179761957725e+00 -6.026765553268422643e-02 -9.003941824489597803e-03 -5.126371370818915557e-02
2.550556537841530691e+00 -6.035181015444407437e-02 -9.037073448840360346e-03 -5.131473670560855738e-02
2.551667895921104101e+00 -6.045672349145176511e-02 -9.071293903174232690e-03 -5.138542958827576473e-02
2.552779254000677511e+00 -6.057110524489852516e-02 -9.098237969268134842e-03 -5.147286727563503417e-02
2.553890612080250477e+00 -6.068024336040117594e-02 -9.112180093205088718e-03 -5.156806326719855227e-02
2.555001970159823887e+00 -6.077135627441411503e-02 -9.112122901444632758e-03 -5.165923337296748213e-02
2.556113328239397298e+00 -6.083824989854735854e-02 -9.102168863347923425e-03 -5.173608103520013768e-02
2.557224686318970264e+00 -6.088358267782956884e-02 -9.090036766261466727e-03 -5.179354591156956622e-02
2.558336044398543674e+00 -6.091791053573446940e-02 -9.084259504454001918e-03 -5.183365103128176332e-02
2.559447402478116640e+00 -6.095585479103487331e-02 -9.091080495710432419e-03 -5.186477429532262984e-02
2.560558760557690050e+00 -6.101078418076547050e-02 -9.112177528716722263e-03 -5.189860665205205809e-02
2.561670118637263016e+00 -6.108994516854372725e-02 -9.144043785768286511e-03 -5.194590138277539043e-02
2.562781476716836426e+00 -6.119181430915091036e-02 -9.179254269822039250e-03 -5.201256003932829691e-02
2.563892834796409836e+00 -6.130663996090601059e-02 -9.209160229912957685e-03 -5.209747973099521784e-02
2.565004192875982802e+00 -6.141998078863555866e-02 -9.227033756586306562e-03 -5.219294703204867963e-02
2.566115550955556213e+00 -6.151795707230444527e-02 -9.230519168361976667e-03 -5.228743790394096980e-02
2.567226909035129623e+00 -6.159230531567898986e-02 -9.222497998689465834e-03 -5.236980731699507341e-02
2.568338267114702589e+00 -6.164339546733991343e-02 -9.210050023251932505e-03 -5.243334544409482961e-02
2.569449625194275999e+00 -6.168010918097204670e-02 -9.201884966472456337e-03 -5.247822421450073355e-02
2.570560983273848965e+00 -6.171661881588112047e-02 -9.205176635495962087e-03 -5.251144218038923672e-02
2.571672341353422375e+00 -6.176723536973737633e-02 -9.222950302198419659e-03 -5.254428506754191264e-02
2.572783699432995785e+00 -6.184119834123625453e-02 -9.252974881391607884e-03 -5.258822345984535268e-02
2.573895057512568751e+00 -6.193930440665150472e-02 -9.288565606062991822e-03 -5.265073880059215061e-02
2.575006415592142162e+00 -6.205360507088486521e-02 -9.321008479818241113e-03 -5.273259659107339126e-02
2.576117773671715128e+00 -6.217028786264616746e-02 -9.342727201473230783e-03 -5.282756066117128696e-02
2.577229131751288538e+00 -6.227469670993228401e-02 -9.350041578209046522e-03 -5.292465513172367464e-02
2.578340489830861948e+00 -6.235666675565965794e-02 -9.344513083177368243e-03 -5.301215367248589272e-02
2.579451847910434914e+00 -6.241423173158925503e-02 -9.332385546261061024e-03 -5.308184618532651999e-02
2.580563205990008324e+00 -6.245435172431902660e-02 -9.322321215014103477e-03 -5.313203050931154109e-02
2.581674564069581734e+00 -6.249039205007551195e-02 -9.322253016640892620e-03 -5.316813903343231562e-02
2.582785922149154700e+00 -6.253726645780476046e-02 -9.336496854451736480e-03 -5.320076960335473615e-02
2.583897280228728111e+00 -6.260600960084881927e-02 -9.364175132418463970e-03 -5.324183446843058082e-02
2.585008638308301077e+00 -6.269975406839412013e-02 -9.399527401235372587e-03 -5.330022666715767549e-02
2.586119996387874487e+00 -6.281257873045674456e-02 -9.433998337216630350e-03 -5.337858039324507031e-02
2.587231354467447897e+00 -6.293165183404730856e-02 -9.459346334765006067e-03 -5.347230549928431997e-02
2.588342712547020863e+00 -6.304189328780089585e-02 -9.470643286310399811e-03 -5.357125000149230015e-02
2.589454070626594273e+00 -6.313146221589104046e-02 -9.468073743488982646e-03 -5.366338847240346294e-02
2.590565428706167239e+00 -6.319607293169966777e-02 -9.456876635262288430e-03 -5.373919629643964663e-02
2.591676786785740649e+00 -6.324056617263684732e-02 -9.445447481719182817e-03 -5.379511869091804094e-02
2.592788144865314059e+00 -6.327715953942042448e-02 -9.442288474481119395e-03 -5.383487106494359853e-02
2.593899502944887026e+00 -6.332100938129285594e-02 -9.452914286610049691e-03 -5.386809509468144797e-02
2.595010861024460436e+00 -6.338469622518769220e-02 -9.477839569325571117e-03 -5.390685665586929243e-02
2.596122219104033846e+00 -6.347364014724626857e-02 -9.512382483759483642e-03 -5.396125766349026132e-02
2.597233577183606812e+00 -6.358411680860083515e-02 -9.548359071081029270e-03 -5.403575773752368472e-02
2.598344935263180222e+00 -6.370460037206265858e-02 -9.577055304716227194e-03 -5.412754506734786253e-02
2.599456293342753188e+00 -6.381994919485528550e-02 -9.592397586618693628e-03 -5.422755160823160975e-02
2.600567651422326598e+00 -6.391691435927913945e-02 -9.593168253440434445e-03 -5.432374610583899643e-02
2.601679009501900008e+00 -6.398896717674135148e-02 -9.583458060006969439e-03 -5.440550911673805445e-02
2.602790367581472974e+00 -6.403868680561873583e-02 -9.571187684737376272e-03 -5.446749912087883033e-02
2.603901725661046385e+00 -6.407683492982835238e-02 -9.565232674957634823e-03 -5.451160225487138022e-02
2.605013083740619351e+00 -6.411844946861880445e-02 -9.572195447999639478e-03 -5.454625402062072970e-02
2.606124441820192761e+00 -6.417737523317001980e-02 -9.593998340991109763e-03 -5.458337689217915289e-02
2.607235799899766171e+00 -6.426122072401038721e-02 -9.627175118823615846e-03 -5.463404560519358188e-02
2.608347157979339137e+00 -6.436857808925228186e-02 -9.664121941308740499e-03 -5.470445614794815226e-02
2.609458516058912547e+00 -6.448952196486737454e-02 -9.695856266099124599e-03 -5.479366569876648052e-02
2.610569874138485957e+00 -6.460921053778360956e-02 -9.715282618794347791e-03 -5.489392791898807522e-02
2.611681232218058923e+00 -6.471328231835185574e-02 -9.719777862404367294e-03 -5.499350445595141412e-02
2.612792590297632334e+00 -6.479308627575937340e-02 -9.712154005499597925e-03 -5.508093227026319982e-02
2.613903948377205300e+00 -6.484884068894708475e-02 -9.699645200870528339e-03 -5.514919548807865890e-02
2.615015306456778710e+00 -6.488956736756061605e-02 -9.691283860349767312e-03 -5.519828350721273785e-02
2.616126664536352120e+00 -6.492982028594933286e-02 -9.694617627628170781e-03 -5.523520265832012471e-02
2.617238022615925086e+00 -6.498439490506499605e-02 -9.712960544954001713e-03 -5.527143436011554278e-02
2.618349380695498496e+00 -6.506294151635215461e-02 -9.744179577826365263e-03 -5.531876193852708345e-02
2.619460738775071462e+00 -6.516644380593003549e-02 -9.781460849241658401e-03 -5.538498295669051080e-02
2.620572096854644872e+00 -6.528684766318741672e-02 -9.815780415372954426e-03 -5.547106724781419862e-02
2.621683454934218283e+00 -6.540998016395994930e-02 -9.839183693788106436e-03 -5.557079647016970048e-02
2.622794813013791249e+00 -6.552070088177117113e-02 -9.847681773292262311e-03 -5.567301910847542723e-02
2.623906171093364659e+00 -6.560841326102143101e-02 -9.842710047918480989e-03 -5.576570321310579670e-02
2.625017529172938069e+00 -6.567092984775618758e-02 -9.830615797512017376e-03 -5.584031405024544870e-02
2.626128887252511035e+00 -6.571528151321394395e-02 -9.820357551332252466e-03 -5.589492396188367601e-02
2.627240245332084445e+00 -6.575517139846200065e-02 -9.820250075930615080e-03 -5.593492132253279764e-02
2.628351603411657411e+00 -6.580599555262328648e-02 -9.834937627701750146e-03 -5.597105792491969406e-02
2.629462961491230821e+00 -6.587923963456152054e-02 -9.863697232574908380e-03 -5.601554240198941548e-02
2.630574319570803787e+00 -6.597829097577929958e-02 -9.900691836659087156e-03 -5.607759913912184480e-02
2.631685677650377198e+00 -6.609719304611232082e-02 -9.937084824529061888e-03 -5.616010822157990051e-02
2.632797035729950608e+00 -6.622280031224958563e-02 -9.964249948384336017e-03 -5.625855036386524788e-02
2.633908393809523574e+00 -6.633955404010756507e-02 -9.976910707674327417e-03 -5.636264333243201641e-02
2.635019751889096984e+00 -6.643514407742795447e-02 -9.975066723910699928e-03 -5.646007735351883661e-02
2.636131109968670394e+00 -6.650499640650195388e-02 -9.964003899695032807e-03 -5.654099250680557492e-02
2.637242468048243360e+00 -6.655395066649437419e-02 -9.952381081557036893e-03 -5.660156958493871987e-02
2.638353826127816770e+00 -6.659451252125091203e-02 -9.949085817984149038e-03 -5.664542670326701973e-02
2.639465184207390180e+00 -6.664231196257712486e-02 -9.960000971179192725e-03 -5.668231099139702661e-02
2.640576542286963146e+00 -6.671041697105031809e-02 -9.985858506595434239e-03 -5.672455846445526723e-02
2.641687900366536557e+00 -6.680457127192578060e-02 -1.002196340308911769e-02 -5.678260786883872202e-02
2.642799258446109523e+00 -6.692109162757273189e-02 -1.005989163861803308e-02 -5.686119998895098476e-02
2.643910616525682933e+00 -6.704819440095340088e-02 -1.009054813350019481e-02 -5.695764626745451059e-02
2.645021974605255899e+00 -6.717027366706024294e-02 -1.010747457497177156e-02 -5.706279909208614859e-02
2.646133332684829309e+00 -6.727357771599028202e-02 -1.010920406737009399e-02 -5.716437364861678971e-02
2.647244690764402719e+00 -6.735121922744720380e-02 -1.009980412804612100e-02 -5.725141509939698364e-02
2.648356048843975685e+00 -6.740569383019108518e-02 -1.008740711484505323e-02 -5.731828671534155289e-02
2.649467406923549095e+00 -6.744798616543901115e-02 -1.008125905133351943e-02 -5.736672711410354536e-02
2.650578765003122506e+00 -6.749358366955414412e-02 -1.008835785702619225e-02 -5.740522581253292012e-02
2.651690123082695472e+00 -6.755684470394301977e-02 -1.011090334629729387e-02 -5.744594135764954229e-02
2.652801481162268882e+00 -6.764576907521624438e-02 -1.014548824781885510e-02 -5.750028082739754715e-02
2.653912839241841848e+00 -6.775907562675768936e-02 -1.018432774641911225e-02 -5.757474788034206564e-02
2.655024197321415258e+00 -6.788665449547154340e-02 -1.021808390026249583e-02 -5.766857059520919676e-02
2.656135555400988668e+00 -6.801323454363923660e-02 -1.023926020110441613e-02 -5.777397434253486036e-02
2.657246913480561634e+00 -6.812393558421706019e-02 -1.024493224348425532e-02 -5.787900334073205894e-02
2.658358271560135044e+00 -6.820968672999634663e-02 -1.023781978323549599e-02 -5.797186694676484398e-02
2.659469629639708010e+00 -6.827053786331784002e-02 -1.022530714234373521e-02 -5.804523072097517861e-02
2.660580987719281421e+00 -6.831565533277443591e-02 -1.021676469670706675e-02 -5.809889063606792775e-02
2.661692345798854831e+00 -6.835999841971127089e-02 -1.022014297469760538e-02 -5.813985544501464736e-02
2.662803703878427797e+00 -6.841888164789279581e-02 -1.023907731596563481e-02 -5.817980433192848633e-02
2.663915061958001207e+00 -6.850239960268963979e-02 -1.027155750779409731e-02 -5.823084209489521462e-02
2.665026420037574617e+00 -6.861174397882181808e-02 -1.031064928936751245e-02 -5.830109468945562923e-02
2.666137778117147583e+00 -6.873875667333644024e-02 -1.034700889086678094e-02 -5.839174778247041564e-02
2.667249136196720993e+00 -6.886888650420067148e-02 -1.037227887146794335e-02 -5.849660763273042963e-02
2.668360494276293959e+00 -6.898647809817656795e-02 -1.038213117740824885e-02 -5.860434692076579855e-02
2.669471852355867370e+00 -6.908047070459687189e-02 -1.037784945656424276e-02 -5.870262124803343751e-02
2.670583210435440780e+00 -6.914843253064477391e-02 -1.036587217425665244e-02 -5.878256035638920740e-02
2.671694568515013746e+00 -6.919745912254746112e-02 -1.035545904511000863e-02 -5.884200007743638910e-02
2.672805926594587156e+00 -6.924160395137496371e-02 -1.035532649671771187e-02 -5.888627745465800645e-02
2.673917284674160122e+00 -6.929677155889978069e-02 -1.037047460381515518e-02 -5.892629695508516674e-02
2.675028642753733532e+00 -6.937492897228182687e-02 -1.040036052547357523e-02 -5.897456844681057270e-02
2.676140000833306942e+00 -6.947974215305086076e-02 -1.043908564518010278e-02 -5.904065650786944480e-02
2.677251358912879908e+00 -6.960522855964854094e-02 -1.047753208461175804e-02 -5.912769647504040327e-02
2.678362716992453318e+00 -6.973792107137621876e-02 -1.050667477303401931e-02 -5.923124629834131127e-02
2.679474075072026729e+00 -6.986176068015768903e-02 -1.052086601964571932e-02 -5.934089466051570977e-02
2.680585433151599695e+00 -6.996394051850915452e-02 -1.051989727404277139e-02 -5.944404324446401350e-02
2.681696791231173105e+00 -7.003957464443356928e-02 -1.050908547651033254e-02 -5.953048916792516576e-02
2.682808149310746071e+00 -7.009348967601591873e-02 -1.049734881684560341e-02 -5.959614085916990767e-02
2.683919507390319481e+00 -7.013848241622600010e-02 -1.049396829719182259e-02 -5.964451411903453487e-02
2.685030865469892891e+00 -7.019067245884776096e-02 -1.050521104771854654e-02 -5.968546141113098558e-02
2.686142223549465857e+00 -7.026363757012120403e-02 -1.053204389211078937e-02 -5.973159367800968261e-02
2.687253581629039267e+00 -7.036346550068821315e-02 -1.056977127151872108e-02 -5.979369422917579779e-02
2.688364939708612233e+00 -7.048652549651590604e-02 -1.060973297299568595e-02 -5.987679252352047510e-02
2.689476297788185644e+00 -7.062077524023671615e-02 -1.064244782648058295e-02 -5.997832741375698495e-02
2.690587655867759054e+00 -7.075013284211817410e-02 -1.066106218856594651e-02 -6.008907065355000715e-02
2.691699013947332020e+00 -7.086032666433313143e-02 -1.066384893869447466e-02 -6.019647772564027527e-02
2.692810372026905430e+00 -7.094409514465495337e-02 -1.065484581741009233e-02 -6.028924932724414459e-02
2.693921730106478840e+00 -7.100384214727029075e-02 -1.064239725780813557e-02 -6.036144488946441206e-02
2.695033088186051806e+00 -7.105077693979927611e-02 -1.063612629760446633e-02 -6.041465064219420783e-02
2.696144446265625216e+00 -7.110084645386187396e-02 -1.064343543775190734e-02 -6.045741101610751372e-02
2.697255804345198182e+00 -7.116893601799241520e-02 -1.066680882805327163e-02 -6.050212718994046196e-02
2.698367162424771593e+00 -7.126344757772362648e-02 -1.070289900677933240e-02 -6.056054857094188282e-02
2.699478520504345003e+00 -7.138323026655857273e-02 -1.074373393248455669e-02 -6.063949633407753753e-02
2.700589878583917969e+00 -7.151798470710887812e-02 -1.077960914443585466e-02 -6.073837556267160098e-02
2.701701236663491379e+00 -7.165199926070457692e-02 -1.080261585730313105e-02 -6.084938340340215190e-02
2.702812594743064345e+00 -7.176986293070453105e-02 -1.080952237312753604e-02 -6.096034055757789533e-02
2.703923952822637755e+00 -7.186207771757993634e-02 -1.080295905070214821e-02 -6.105911866687653566e-02
2.705035310902211165e+00 -7.192852657902018554e-02 -1.079047237271714248e-02 -6.113805420630114701e-02
2.706146668981784131e+00 -7.197853079938749954e-02 -1.078178823087969085e-02 -6.119674256850869687e-02
2.707258027061357541e+00 -7.202747052343227985e-02 -1.078527685558430121e-02 -6.124219366785015051e-02
2.708369385140930952e+00 -7.209119367010022317e-02 -1.080490424626009797e-02 -6.128628942383864547e-02
2.709480743220503918e+00 -7.218024571935251210e-02 -1.083878040452638039e-02 -6.134146531482596865e-02
2.710592101300077328e+00 -7.229602129777125408e-02 -1.087983574976511200e-02 -6.141618554800289120e-02
2.711703459379650294e+00 -7.243024198764587418e-02 -1.091838368879195255e-02 -6.151185829885381928e-02
2.712814817459223704e+00 -7.256795576818186877e-02 -1.094564047820056028e-02 -6.162231528998129981e-02
2.713926175538796670e+00 -7.269297141233146964e-02 -1.095692336217483909e-02 -6.173604805015774771e-02
2.715037533618370080e+00 -7.279375275822766445e-02 -1.095336256405805841e-02 -6.184039019417103544e-02
2.716148891697943490e+00 -7.286762718346959100e-02 -1.094150125972783577e-02 -6.192612592374297648e-02
2.717260249777516457e+00 -7.292177309379418992e-02 -1.093092501287437623e-02 -6.199084808092635707e-02
2.718371607857089867e+00 -7.297062172453552820e-02 -1.093077951383713588e-02 -6.203984221069703403e-02
2.719482965936663277e+00 -7.303061370783246742e-02 -1.094644168766790819e-02 -6.208417202016409259e-02
2.720594324016236243e+00 -7.311421561607327202e-02 -1.097755588822886194e-02 -6.213665972784664093e-02
2.721705682095809653e+00 -7.322537419810377923e-02 -1.101815248586279772e-02 -6.220722171223959374e-02
2.722817040175383063e+00 -7.335806594121824231e-02 -1.105880973941057027e-02 -6.229925620180716550e-02
2.723928398254956029e+00 -7.349847504342753302e-02 -1.109007617068826293e-02 -6.240839887273950254e-02
2.725039756334529439e+00 -7.363001241670083519e-02 -1.110591038892780325e-02 -6.252410202777161641e-02
2.726151114414102405e+00 -7.373935249935274772e-02 -1.110588650578641333e-02 -6.263346599356950373e-02
2.727262472493675816e+00 -7.382129110656232562e-02 -1.109536004228448697e-02 -6.272593106427844234e-02
2.728373830573248782e+00 -7.388065338019943196e-02 -1.108352988200217437e-02 -6.279712349819539796e-02
2.729485188652822192e+00 -7.393055232841490299e-02 -1.108009741966245292e-02 -6.285045490874739682e-02
2.730596546732395602e+00 -7.398762633230866748e-02 -1.109173602230445477e-02 -6.289589031000389352e-02
2.731707904811968568e+00 -7.406598518671166087e-02 -1.111965542992641651e-02 -6.294632975678383924e-02
2.732819262891541978e+00 -7.417206734954828740e-02 -1.115914985296475627e-02 -6.301291749658211039e-02
2.733930620971115388e+00 -7.430228279337171282e-02 -1.120129838795520458e-02 -6.310098440541664355e-02
2.735041979050688354e+00 -7.444430442952636173e-02 -1.123620337992101495e-02 -6.320810104960622455e-02
2.736153337130261765e+00 -7.458154373019275363e-02 -1.125659133238498220e-02 -6.332495239780600027e-02
2.737264695209834731e+00 -7.469918577458303788e-02 -1.126046653423974642e-02 -6.343871924034207022e-02
2.738376053289408141e+00 -7.478958835037219366e-02 -1.125184954756500849e-02 -6.353773880280293163e-02
2.739487411368981551e+00 -7.485507771877404626e-02 -1.123932762635284320e-02 -6.361575009242514955e-02
2.740598769448554517e+00 -7.490711849309479586e-02 -1.123293985853901500e-02 -6.367417863455732130e-02
2.741710127528127927e+00 -7.496215388073707020e-02 -1.124052698310893349e-02 -6.372162689763402610e-02
2.742821485607700893e+00 -7.503562564623728059e-02 -1.126487308326890729e-02 -6.377075256296810268e-02
2.743932843687274303e+00 -7.513634860366605328e-02 -1.130268105148429791e-02 -6.383366755218233823e-02
2.745044201766847713e+00 -7.526328899020326424e-02 -1.134575866257741747e-02 -6.391753032762322040e-02
2.746155559846420680e+00 -7.540592407508503459e-02 -1.138398848343068030e-02 -6.402193559165304804e-02
2.747266917925994090e+00 -7.554805812668367870e-02 -1.140900481882618951e-02 -6.413905330785528436e-02
2.748378276005567500e+00 -7.567371091348853995e-02 -1.141724130097662021e-02 -6.425646961251259282e-02
2.749489634085140466e+00 -7.577293779723798250e-02 -1.141123886108962732e-02 -6.436169893614902826e-02
2.750600992164713876e+00 -7.584546175350245778e-02 -1.139873442069482511e-02 -6.444672733280677746e-02
2.751712350244286842e+00 -7.590079089060748629e-02 -1.138985711123348052e-02 -6.451093377937723583e-02
2.752823708323860252e+00 -7.595477266670046246e-02 -1.139344810255830606e-02 -6.456132456414431786e-02
2.753935066403433662e+00 -7.602383357164961553e-02 -1.141384115270738936e-02 -6.460999241893768119e-02
2.755046424483006628e+00 -7.611899805364490124e-02 -1.144927620054346853e-02 -6.466972185310632115e-02
2.756157782562580039e+00 -7.624186443665063873e-02 -1.149252664729926918e-02 -6.474933778935126893e-02
2.757269140642153005e+00 -7.638400662865053869e-02 -1.153351679361790116e-02 -6.485048983503303999e-02
2.758380498721726415e+00 -7.653002538331289684e-02 -1.156298136161163989e-02 -6.496704402170347392e-02
2.759491856801299825e+00 -7.666314423574370485e-02 -1.157583791361567818e-02 -6.508730632212755829e-02
2.760603214880872791e+00 -7.677131667421825678e-02 -1.157304465787344430e-02 -6.519827201634523228e-02
2.761714572960446201e+00 -7.685162145997377625e-02 -1.156126461501343940e-02 -6.529035684496477254e-02
2.762825931040019611e+00 -7.691134257789797313e-02 -1.155045378058365720e-02 -6.536088879731623280e-02
2.763937289119592577e+00 -7.696533485388447338e-02 -1.155024642651926794e-02 -6.541508842736841467e-02
2.765048647199165988e+00 -7.703062816142783320e-02 -1.156645008386221474e-02 -6.546417807756305107e-02
2.766160005278738954e+00 -7.712023032217830976e-02 -1.159892552868017901e-02 -6.552130479349940750e-02
2.767271363358312364e+00 -7.723838393730081409e-02 -1.164162581819355204e-02 -6.559675811910978260e-02
2.768382721437885330e+00 -7.737900678679483779e-02 -1.168478452015244383e-02 -6.569422226664532738e-02
2.769494079517458740e+00 -7.752788911024992291e-02 -1.171846136804159319e-02 -6.580942774220709113e-02
2.770605437597032150e+00 -7.766785403160900159e-02 -1.173615813624734154e-02 -6.593169589536090891e-02
2.771716795676605116e+00 -7.778500706213020699e-02 -1.173718939485082421e-02 -6.604781766727678416e-02
2.772828153756178526e+00 -7.787380088170402226e-02 -1.172694315632276038e-02 -6.614685772538000941e-02
2.773939511835751937e+00 -7.793906917131246392e-02 -1.171493238657216919e-02 -6.622413678474427245e-02
2.775050869915324903e+00 -7.799428384084475252e-02 -1.171134188399810573e-02 -6.628294195684607260e-02
2.776162227994898313e+00 -7.805666394010002396e-02 -1.172332386327202582e-02 -6.633334007682843703e-02
2.777273586074471723e+00 -7.814091200586217867e-02 -1.175238952056708620e-02 -6.638852248529704403e-02
2.778384944154044689e+00 -7.825385636505649556e-02 -1.179384780795626753e-02 -6.646000855709535693e-02
2.779496302233618099e+00 -7.839195182633763859e-02 -1.183849971212527774e-02 -6.655345211420865548e-02
2.780607660313191065e+00 -7.854255360019478382e-02 -1.187597612066705263e-02 -6.666657747953276536e-02
2.781719018392764475e+00 -7.868850683267648860e-02 -1.189850813308742511e-02 -6.678999869959005575e-02
2.782830376472337441e+00 -7.881438602710955088e-02 -1.190375890050373447e-02 -6.691062712660639233e-02
2.783941734551910852e+00 -7.891211506560327771e-02 -1.189568477667149807e-02 -6.701643028893290721e-02
2.785053092631484262e+00 -7.898392031874912345e-02 -1.188310850782110448e-02 -6.710081181092780733e-02
2.786164450711057228e+00 -7.904153707150106400e-02 -1.187651901256892538e-02 -6.716501805893097810e-02
2.787275808790630638e+00 -7.910195203990229296e-02 -1.188425858660303001e-02 -6.721769345330409762e-02
2.788387166870204048e+00 -7.918122659755123804e-02 -1.190948358563238309e-02 -6.727174301191897465e-02
2.789498524949777014e+00 -7.928864680454972280e-02 -1.194900599540173539e-02 -6.733964080914957295e-02
2.790609883029350424e+00 -7.942333105389604020e-02 -1.199444115277531475e-02 -6.742888990112227976e-02
2.791721241108923834e+00 -7.957453473566396263e-02 -1.203524862021492468e-02 -6.753928611544748883e-02
2.792832599188496800e+00 -7.972554708334045337e-02 -1.206256352819023644e-02 -6.766298355515114327e-02
2.793943957268070211e+00 -7.985976706570607764e-02 -1.207242583991067000e-02 -6.778734122579667398e-02
2.795055315347643177e+00 -7.996674931094596706e-02 -1.206723124665271506e-02 -6.789951806429092573e-02
2.796166673427216587e+00 -8.004601828556645593e-02 -1.205487211834225213e-02 -6.799114616722651272e-02
2.797278031506789553e+00 -8.010725801051324368e-02 -1.204587639999391523e-02 -6.806138161052244229e-02
2.798389389586362963e+00 -8.016680219669397589e-02 -1.204958150242263666e-02 -6.811722069426882908e-02
2.799500747665936373e+00 -8.024169684959218951e-02 -1.207073353568778942e-02 -6.817096331390380681e-02
2.800612105745509339e+00 -8.034349357824926985e-02 -1.210775033955111858e-02 -6.823574323869620317e-02
2.801723463825082749e+00 -8.047403354570366318e-02 -1.215328389712519788e-02 -6.832074964858048105e-02
2.802834821904656160e+00 -8.062476084865163872e-02 -1.219688230654741162e-02 -6.842787854210337362e-02
2.803946179984229126e+00 -8.077982134598185593e-02 -1.222878703352378929e-02 -6.855103431245651580e-02
2.805057538063802536e+00 -8.092182476855834528e-02 -1.224348599362803415e-02 -6.867833877492870998e-02
2.806168896143375946e+00 -8.103817608446195475e-02 -1.224172892759438531e-02 -6.879644715686718259e-02
2.807280254222948912e+00 -8.112567119297346696e-02 -1.223026833301904190e-02 -6.889540285995408853e-02
2.808391612302522322e+00 -8.119168018884115323e-02 -1.221941529359291817e-02 -6.897226489525193349e-02
2.809502970382095288e+00 -8.125148135025132834e-02 -1.221929488404686383e-02 -6.903218646620065679e-02
2.810614328461668698e+00 -8.132271015413633508e-02 -1.223616095646804652e-02 -6.908654919767323599e-02
2.811725686541241664e+00 -8.141894001115500268e-02 -1.227011146085416234e-02 -6.914882855029952369e-02
2.812837044620815075e+00 -8.154473116590608972e-02 -1.231503874870648781e-02 -6.922969241720029754e-02
2.813948402700388485e+00 -8.169395360145895180e-02 -1.236083787888890215e-02 -6.933311572257143396e-02
2.815059760779961451e+00 -8.185200057533133233e-02 -1.239707438445450047e-02 -6.945492619087940966e-02
2.816171118859534861e+00 -8.200109354184577370e-02 -1.241678017838522899e-02 -6.958431336346182494e-02
2.817282476939108271e+00 -8.212675192345081365e-02 -1.241899675104194550e-02 -6.970775517240812569e-02
2.818393835018681237e+00 -8.222307353546336184e-02 -1.240913760016346123e-02 -6.981393593530370312e-02
2.819505193098254647e+00 -8.229490041875608952e-02 -1.239703326774159627e-02 -6.989786715101752035e-02
2.820616551177828057e+00 -8.235607569107232517e-02 -1.239336520390547751e-02 -6.996271048716624918e-02
2.821727909257401024e+00 -8.242441919321093213e-02 -1.240578238355598099e-02 -7.001863680965554615e-02
2.822839267336974434e+00 -8.251524577192229093e-02 -1.243611279129583878e-02 -7.007913298062799778e-02
2.823950625416547400e+00 -8.263578403289764673e-02 -1.247968656107492115e-02 -7.015609747182117995e-02
2.825061983496120810e+00 -8.278252967288009245e-02 -1.252702145068804694e-02 -7.025550822219092661e-02
2.826173341575693776e+00 -8.294250243852617499e-02 -1.256726239651197348e-02 -7.037524004201516081e-02
2.827284699655267186e+00 -8.309795591474737619e-02 -1.259212744512018881e-02 -7.050582846962430428e-02
2.828396057734840596e+00 -8.323283115445270774e-02 -1.259892551533244726e-02 -7.063390563911617348e-02
2.829507415814413562e+00 -8.333860710457116627e-02 -1.259154614560487398e-02 -7.074706095896986235e-02
2.830618773893986972e+00 -8.341741631542629043e-02 -1.257905695358118268e-02 -7.083835936184464110e-02
2.831730131973560383e+00 -8.348128655403815046e-02 -1.257241419380021250e-02 -7.090887236023804552e-02
2.832841490053133349e+00 -8.354777774654192912e-02 -1.258047940857030984e-02 -7.096729833797585374e-02
2.833952848132706759e+00 -8.363359683927468202e-02 -1.260679015590012060e-02 -7.102680668337400804e-02
2.835064206212280169e+00 -8.374851231436272747e-02 -1.264826146962506372e-02 -7.110025084473678425e-02
2.836175564291853135e+00 -8.389178503667993336e-02 -1.269629466432384453e-02 -7.119549037235479994e-02
2.837286922371426101e+00 -8.405241961696995057e-02 -1.273989513912111675e-02 -7.131252447785141335e-02
2.838398280450999511e+00 -8.421315143023813676e-02 -1.276966894515566692e-02 -7.144348248508311516e-02
2.839509638530572921e+00 -8.435672383757966686e-02 -1.278124567150373467e-02 -7.157547816607782998e-02
2.840620996610145887e+00 -8.447217356461253490e-02 -1.277688079482235291e-02 -7.169529276979023924e-02
2.841732354689719298e+00 -8.455883518224285855e-02 -1.276465036338745272e-02 -7.179418481886158665e-02
2.842843712769292708e+00 -8.462660223566928486e-02 -1.275552568578505047e-02 -7.187107654988411642e-02
2.843955070848865674e+00 -8.469234323092771077e-02 -1.275938773532958072e-02 -7.193295549559655666e-02
2.845066428928439084e+00 -8.477377084231568771e-02 -1.278142913129410967e-02 -7.199234171102482371e-02
2.846177787008012494e+00 -8.488299252002130812e-02 -1.282025375216155894e-02 -7.206273876785661281e-02
2.847289145087585460e+00 -8.502209070598222562e-02 -1.286836926583601395e-02 -7.215372144014729761e-02
2.848400503167158870e+00 -8.518234594594224773e-02 -1.291489876382773475e-02 -7.226744718211138008e-02
2.849511861246731836e+00 -8.534739243279437781e-02 -1.294952991502804074e-02 -7.239786251777005632e-02
2.850623219326305247e+00 -8.549916394815508525e-02 -1.296626763773782096e-02 -7.253289631041362484e-02
2.851734577405878213e+00 -8.562446992517816491e-02 -1.296562460377869916e-02 -7.265884532139431362e-02
2.852845935485451623e+00 -8.571980799116563077e-02 -1.295444921602551154e-02 -7.276535877514025974e-02
2.853957293565025033e+00 -8.579265724756951483e-02 -1.294344844499194236e-02 -7.284920880258015374e-02
2.855068651644597999e+00 -8.585877496844188106e-02 -1.294330164452359155e-02 -7.291547332391851155e-02
2.856180009724171409e+00 -8.593647393617466490e-02 -1.296077600793054362e-02 -7.297569792824473711e-02
2.857291367803744819e+00 -8.603995891117233175e-02 -1.299625677843605810e-02 -7.304370213273667090e-02
2.858402725883317785e+00 -8.617414707870171831e-02 -1.304359369623456569e-02 -7.313055338247041737e-02
2.859514083962891196e+00 -8.633286125715376735e-02 -1.309232447855679209e-02 -7.324053677859913847e-02
2.860625442042464606e+00 -8.650105982455170983e-02 -1.313147152885664123e-02 -7.336958829569066587e-02
2.861736800122037572e+00 -8.666029852731725602e-02 -1.315353404909547046e-02 -7.350676447822378223e-02
2.862848158201610982e+00 -8.679544101245245669e-02 -1.315722373440018564e-02 -7.363821727805219819e-02
2.863959516281183948e+00 -8.690017668072967660e-02 -1.314794624254283020e-02 -7.375223043818769642e-02
2.865070874360757358e+00 -8.697933444342852150e-02 -1.313584859878423432e-02 -7.384348584464432708e-02
2.866182232440330324e+00 -8.704714417206313448e-02 -1.313213780814647021e-02 -7.391500636391101775e-02
2.867293590519903734e+00 -8.712207177143432846e-02 -1.314500633557676504e-02 -7.397706543585394479e-02
2.868404948599477144e+00 -8.722010261547971655e-02 -1.317664590452082528e-02 -7.404345671096104753e-02
2.869516306679050111e+00 -8.734891640905302623e-02 -1.322243820030013887e-02 -7.412647820875292726e-02
2.870627664758623521e+00 -8.750507622010969544e-02 -1.327262134642910249e-02 -7.423245487367968742e-02
2.871739022838196931e+00 -8.767526054656077372e-02 -1.331583093197813428e-02 -7.435942961458424927e-02
2.872850380917769897e+00 -8.784109682627140592e-02 -1.334323114547866437e-02 -7.449786568079826143e-02
2.873961738997343307e+00 -8.798584257678661313e-02 -1.335173424031599505e-02 -7.463410833647125819e-02
2.875073097076916717e+00 -8.810048449601726173e-02 -1.334513516179194892e-02 -7.475534933422463280e-02
2.876184455156489683e+00 -8.818703359526602892e-02 -1.333274428879732514e-02 -7.485428930646909063e-02
2.877295813236063093e+00 -8.825781166111371090e-02 -1.332601067200099923e-02 -7.493180098911324249e-02
2.878407171315636059e+00 -8.833098203324339648e-02 -1.333436031715214479e-02 -7.499662171609233763e-02
2.879518529395209470e+00 -8.842394576846257515e-02 -1.336176220017421326e-02 -7.506218356829057192e-02
2.880629887474782436e+00 -8.854700437570878213e-02 -1.340527303897282724e-02 -7.514173133673937577e-02
2.881741245554355846e+00 -8.869959733798851720e-02 -1.345609443761797488e-02 -7.524350290037569444e-02
2.882852603633929256e+00 -8.887048892638893527e-02 -1.350276293859340240e-02 -7.536772598779478693e-02
2.883963961713502222e+00 -8.904184293192771160e-02 -1.353531659293996138e-02 -7.550652633898671806e-02
2.885075319793075632e+00 -8.919570793866335445e-02 -1.354892387441975800e-02 -7.564678406424353574e-02
2.886186677872649042e+00 -8.932055534956401255e-02 -1.354565320106444239e-02 -7.577490214849658123e-02
2.887298035952222008e+00 -8.941548912293800777e-02 -1.353373513573959477e-02 -7.588175398719532172e-02
2.888409394031795419e+00 -8.949059004133158579e-02 -1.352458036170030645e-02 -7.596600967963469675e-02
2.889520752111368829e+00 -8.956326250057433658e-02 -1.352863377398591527e-02 -7.603462872659016991e-02
2.890632110190941795e+00 -8.965190749842230633e-02 -1.355157090872691726e-02 -7.610033658969693471e-02
2.891743468270515205e+00 -8.976922164417895644e-02 -1.359222163332396080e-02 -7.617700001085128680e-02
2.892854826350088171e+00 -8.991756224561212041e-02 -1.364298049440474531e-02 -7.627458175121175354e-02
2.893966184429661581e+00 -9.008807031066619342e-02 -1.369255989313185144e-02 -7.639551041753538108e-02
2.895077542509234547e+00 -9.026387756516224270e-02 -1.373008939631965332e-02 -7.653378816884595648e-02
2.896188900588807957e+00 -9.042623665973192892e-02 -1.374907245069213919e-02 -7.667716420903800123e-02
2.897300258668381367e+00 -9.056134696097471737e-02 -1.374976038099435215e-02 -7.681158657998364558e-02
2.898411616747954334e+00 -9.066539098101697447e-02 -1.373907631134475664e-02 -7.692631466967014831e-02
2.899522974827527744e+00 -9.074594376840261489e-02 -1.372811128139226310e-02 -7.701783248701310480e-02
2.900634332907101154e+00 -9.081923533431376927e-02 -1.372809830321917307e-02 -7.709113703109415905e-02
2.901745690986674120e+00 -9.090425567520868388e-02 -1.374632592606855365e-02 -7.715792974913639191e-02
2.902857049066247530e+00 -9.101584373649020121e-02 -1.378347807241967621e-02 -7.723236566406839476e-02
2.903968407145820940e+00 -9.115927559796901947e-02 -1.383337115366943537e-02 -7.732590444430319232e-02
2.905079765225393906e+00 -9.132832565578020978e-02 -1.388518926266545973e-02 -7.744313639311450892e-02
2.906191123304967316e+00 -9.150751320640904130e-02 -1.392740946183050089e-02 -7.758010374457820213e-02
2.907302481384540283e+00 -9.167772372563461059e-02 -1.395199245374310372e-02 -7.772573127189094655e-02
2.908413839464113693e+00 -9.182316356118973288e-02 -1.395731430036071564e-02 -7.786584926082551483e-02
2.909525197543686659e+00 -9.193711744760170446e-02 -1.394876972775658044e-02 -7.798834771984300418e-02
2.910636555623260069e+00 -9.202440976644089832e-02 -1.393682259583794818e-02 -7.808758717060518273e-02
2.911747913702833479e+00 -9.209966729966055643e-02 -1.393320765789719980e-02 -7.816645964176259509e-02
2.912859271782406445e+00 -9.218200882487379011e-02 -1.394666204941203379e-02 -7.823534677546031824e-02
2.913970629861979855e+00 -9.228808947009571606e-02 -1.397973906831423418e-02 -7.830835040177717976e-02
2.915081987941553265e+00 -9.242603043654730455e-02 -1.402786626623329404e-02 -7.839816417031582330e-02
2.916193346021126231e+00 -9.259244672122643460e-02 -1.408099554454898816e-02 -7.851145117668083262e-02
2.917304704100699642e+00 -9.277366097765757380e-02 -1.412725026871326610e-02 -7.864641070894254349e-02
2.918416062180273052e+00 -9.295066877582343345e-02 -1.415724618557858208e-02 -7.879342259024188500e-02
2.919527420259846018e+00 -9.310605324082342482e-02 -1.416751468369531648e-02 -7.893853855713391099e-02
2.920638778339418984e+00 -9.323033369359071121e-02 -1.416178011873847446e-02 -7.906855357485054192e-02
2.921750136418992394e+00 -9.332543452512456761e-02 -1.414962121405084240e-02 -7.917581331107514941e-02
2.922861494498565804e+00 -9.340400535644095836e-02 -1.414299770853564425e-02 -7.926100764790396103e-02
2.923972852578138770e+00 -9.348483252729840320e-02 -1.415190165876870423e-02 -7.933293086853340781e-02
2.925084210657712180e+00 -9.358600630022326228e-02 -1.418071444022775233e-02 -7.940529185999155304e-02
2.926195568737285591e+00 -9.371832884676598030e-02 -1.422659738881746141e-02 -7.949173145794917461e-02
2.927306926816858557e+00 -9.388136502109802051e-02 -1.428050694155936877e-02 -7.960085807954134229e-02
2.928418284896431967e+00 -9.406357967551209898e-02 -1.433047120596188731e-02 -7.973310846954960451e-02
2.929529642976005377e+00 -9.424651925968520472e-02 -1.436594080371533452e-02 -7.988057845596621687e-02
2.930641001055578343e+00 -9.441152200020408447e-02 -1.438163285887050086e-02 -8.002988914133503384e-02
2.931752359135151753e+00 -9.454651685945099360e-02 -1.437946757468021829e-02 -8.016704928477243197e-02
2.932863717214724719e+00 -9.465043441840836902e-02 -1.436788764249286206e-02 -8.028254677591545319e-02
2.933975075294298129e+00 -9.473361801931058646e-02 -1.435880157039151790e-02 -8.037481644891610044e-02
2.935086433373871095e+00 -9.481407750939849222e-02 -1.436325747456486564e-02 -8.045082003483301769e-02
2.936197791453444506e+00 -9.491094221089660388e-02 -1.438741874398600899e-02 -8.052352346690576368e-02
2.937309149533017916e+00 -9.503749278482274965e-02 -1.443030709072694491e-02 -8.060718569409953960e-02
2.938420507612590882e+00 -9.519630981152843452e-02 -1.448413896459252274e-02 -8.071217084693524391e-02
2.939531865692164292e+00 -9.537831086359672972e-02 -1.453713957304850896e-02 -8.084117129054992079e-02
2.940643223771737702e+00 -9.556603483104232633e-02 -1.457781678668390590e-02 -8.098821804436351357e-02
2.941754581851310668e+00 -9.573998572883303526e-02 -1.459914337400885359e-02 -8.114084235482316165e-02
2.942865939930884078e+00 -9.588573127648829242e-02 -1.460112548185787777e-02 -8.128460579462877533e-02
2.943977298010457488e+00 -9.599917191764494040e-02 -1.459081872525510790e-02 -8.140835319239289602e-02
2.945088656090030454e+00 -9.608805716894482096e-02 -1.457977971511910387e-02 -8.150827745382473177e-02
2.946200014169603865e+00 -9.616918926347621521e-02 -1.457987402728657018e-02 -8.158931523618721815e-02
2.947311372249176831e+00 -9.626232386171706956e-02 -1.459896192736619830e-02 -8.166336193434692303e-02
2.948422730328750241e+00 -9.638298272867433514e-02 -1.463803133487572711e-02 -8.174495139379750475e-02
2.949534088408323207e+00 -9.653679401250961356e-02 -1.469082465243526196e-02 -8.184596936007440537e-02
2.950645446487896617e+00 -9.671742453802670281e-02 -1.474610107348326045e-02 -8.197132346455117402e-02
2.951756804567470027e+00 -9.690886423851309550e-02 -1.479171722515595401e-02 -8.211714701335835753e-02
2.952868162647042993e+00 -9.709123909984625211e-02 -1.481904528188796900e-02 -8.227219381795845832e-02
2.953979520726616403e+00 -9.724804211972529200e-02 -1.482612127607746411e-02 -8.242192084364916016e-02
2.955090878806189814e+00 -9.737215114298286567e-02 -1.481837457351469801e-02 -8.255377656946476239e-02
2.956202236885762780e+00 -9.746843919369686804e-02 -1.480666706369284519e-02 -8.266177213000568125e-02
2.957313594965336190e+00 -9.755201989835680931e-02 -1.480334920429052757e-02 -8.274867069406610653e-02
2.958424953044909600e+00 -9.764275878453901325e-02 -1.481776375941104215e-02 -8.282499502512395695e-02
2.959536311124482566e+00 -9.775804281484863634e-02 -1.485283284378798724e-02 -8.290520997106076706e-02
2.960647669204055976e+00 -9.790643902798547293e-02 -1.490397386641145738e-02 -8.300246516156931098e-02
2.961759027283628942e+00 -9.808455454735577617e-02 -1.496074555532427713e-02 -8.312380899202982676e-02
2.962870385363202352e+00 -9.827824860122150175e-02 -1.501063256075194606e-02 -8.326761604046999110e-02
2.963981743442775318e+00 -9.846776400746889979e-02 -1.504359704976035786e-02 -8.342416695771048829e-02
2.965093101522348729e+00 -9.863491667828364062e-02 -1.505574267092450735e-02 -8.357917400735594138e-02
2.966204459601922139e+00 -9.876972793669616668e-02 -1.505075460691252150e-02 -8.371897332979096051e-02
2.967315817681495105e+00 -9.887408180210831288e-02 -1.503858491907475448e-02 -8.383549688303248981e-02
2.968427175761068515e+00 -9.896106799920827146e-02 -1.503185324248686172e-02 -8.392921475672260323e-02
2.969538533840641925e+00 -9.905024023232630870e-02 -1.504126548178678739e-02 -8.400897475054472374e-02
2.970649891920214891e+00 -9.916050783528108925e-02 -1.507171412428225978e-02 -8.408879371100258515e-02
2.971761249999788301e+00 -9.930324486514773008e-02 -1.512048055067609711e-02 -8.418276431447140051e-02
2.972872608079361711e+00 -9.947812730698624151e-02 -1.517819916918886416e-02 -8.429992813779697836e-02
2.973983966158934678e+00 -9.967322102154953234e-02 -1.523224061993281621e-02 -8.444098040161823748e-02
2.975095324238508088e+00 -9.986929830719822043e-02 -1.527129072953639123e-02 -8.459800757766365586e-02
2.976206682318081054e+00 -1.000468208812894250e-01 -1.528946392122514965e-02 -8.475735696006077291e-02
2.977318040397654464e+00 -1.001930526063775362e-01 -1.528845480337990247e-02 -8.490459780299895731e-02
2.978429398477227430e+00 -1.003067124683282296e-01 -1.527694115350031363e-02 -8.502977131482844508e-02
2.979540756556800840e+00 -1.003984683267667016e-01 -1.526744879718008527e-02 -8.513101952958188057e-02
2.980652114636374250e+00 -1.004870826644354564e-01 -1.527181198180807033e-02 -8.521527068262584048e-02
2.981763472715947216e+00 -1.005926041375205665e-01 -1.529687591007421188e-02 -8.529572822744931060e-02
2.982874830795520626e+00 -1.007290770615870551e-01 -1.534200361564852164e-02 -8.538707344593457482e-02
2.983986188875094037e+00 -1.008994214070602635e-01 -1.539929670659968483e-02 -8.550012470046020052e-02
2.985097546954667003e+00 -1.010943509448676558e-01 -1.545645475178891899e-02 -8.563789619307453360e-02
2.986208905034240413e+00 -1.012957307822630049e-01 -1.550123863350826893e-02 -8.579449214875661811e-02
2.987320263113813823e+00 -1.014831602668340022e-01 -1.552591802029844835e-02 -8.595724224653188139e-02
2.988431621193386789e+00 -1.016413909412496319e-01 -1.553008584426340301e-02 -8.611130509698255997e-02
2.989542979272960199e+00 -1.017658810183886542e-01 -1.552081354051414001e-02 -8.624506747787664962e-02
2.990654337352533165e+00 -1.018644615448305868e-01 -1.551008612962537399e-02 -8.635437541520396554e-02
2.991765695432106575e+00 -1.019545015265222870e-01 -1.551044562755015364e-02 -8.644405589897087572e-02
2.992877053511679541e+00 -1.020565969701752174e-01 -1.553042486795870418e-02 -8.652617210221472122e-02
2.993988411591252952e+00 -1.021870761240811915e-01 -1.557143312623618554e-02 -8.661564299784763055e-02
2.995099769670826362e+00 -1.023520480411028583e-01 -1.562722987916934786e-02 -8.672481816192940951e-02
2.996211127750399328e+00 -1.025451641018844950e-01 -1.568618338599247000e-02 -8.685898071589438774e-02
2.997322485829972738e+00 -1.027499135973846955e-01 -1.573549757204352473e-02 -8.701441602533480091e-02
2.998433843909546148e+00 -1.029456245779102191e-01 -1.576587248988691251e-02 -8.717975208802285214e-02
2.999545201989119114e+00 -1.031149902844012561e-01 -1.577490244520089388e-02 -8.734008783919958163e-02
3.000656560068692524e+00 -1.032503821118872234e-01 -1.576797160602153719e-02 -8.748241050586548495e-02
3.001767918148265935e+00 -1.033566473554949766e-01 -1.575631508456136476e-02 -8.760033227093014241e-02
3.002879276227838901e+00 -1.034493664497927595e-01 -1.575294457667768960e-02 -8.769642187311438297e-02
3.003990634307411867e+00 -1.035491965947556714e-01 -1.576791665611788559e-02 -8.778127993862856748e-02
3.005101992386985277e+00 -1.036743554292758190e-01 -1.580466462071202990e-02 -8.786969080856434078e-02
3.006213350466558687e+00 -1.038339796395617715e-01 -1.585873174793047888e-02 -8.797524789163253811e-02
3.007324708546131653e+00 -1.040247795726051416e-01 -1.591937288844665760e-02 -8.810540668415930976e-02
3.008436066625705063e+00 -1.042322145659551197e-01 -1.597344836538466470e-02 -8.825876620057142297e-02
3.009547424705278473e+00 -1.044357690131079153e-01 -1.601019837808556265e-02 -8.842557063502193282e-02
3.010658782784851439e+00 -1.046164144817032376e-01 -1.602516224619117066e-02 -8.859125223551372885e-02
3.011770140864424850e+00 -1.047635433032971797e-01 -1.602181398639330664e-02 -8.874172931690203769e-02
3.012881498943998260e+00 -1.048788466494002813e-01 -1.601031360058669320e-02 -8.886853304881356386e-02
3.013992857023571226e+00 -1.049757187014081217e-01 -1.600382196450188255e-02 -8.897189673690851508e-02
3.015104215103144636e+00 -1.050743959410804507e-01 -1.601371519505357180e-02 -8.906068074602678519e-02
3.016215573182717602e+00 -1.051945948852573975e-01 -1.604543819853440634e-02 -8.914915668672261650e-02
3.017326931262291012e+00 -1.053483263295715983e-01 -1.609650856975810077e-02 -8.925181775981130827e-02
3.018438289341863978e+00 -1.055355048493626102e-01 -1.615740276685069532e-02 -8.937810208251147082e-02
3.019549647421437388e+00 -1.057439586839241802e-01 -1.621500885340115827e-02 -8.952894983052361866e-02
3.020661005501010798e+00 -1.059538446994015282e-01 -1.625739481641733444e-02 -8.969644988298369759e-02
3.021772363580583765e+00 -1.061448679020319807e-01 -1.627815932636768673e-02 -8.986670857566531057e-02
3.022883721660157175e+00 -1.063036798597005450e-01 -1.627877948432483388e-02 -9.002490037537846934e-02
3.023995079739730585e+00 -1.064287600548442236e-01 -1.626809543106153000e-02 -9.016066462378316548e-02
3.025106437819303551e+00 -1.065309961483550810e-01 -1.625911206036861206e-02 -9.027188408798667019e-02
3.026217795898876961e+00 -1.066297430081048075e-01 -1.626427549184572552e-02 -9.036546751626159391e-02
3.027329153978450371e+00 -1.067457875740496498e-01 -1.629094036775434115e-02 -9.045484720629437536e-02
3.028440512058023337e+00 -1.068937770981970015e-01 -1.633867902308105274e-02 -9.055509807511769038e-02
3.029551870137596747e+00 -1.070768690246306915e-01 -1.639941717476577424e-02 -9.067745184986938933e-02
3.030663228217169713e+00 -1.072855567277761629e-01 -1.646035405650496386e-02 -9.082520267127026925e-02
3.031774586296743124e+00 -1.075011074844542253e-01 -1.650861080475751058e-02 -9.099249667970089883e-02
3.032885944376316090e+00 -1.077023690964747094e-01 -1.653591871276060415e-02 -9.116645038371162801e-02
3.033997302455889500e+00 -1.078734714082468793e-01 -1.654163996994665112e-02 -9.133183143829722017e-02
3.035108660535462910e+00 -1.080096178245207039e-01 -1.653301629083121088e-02 -9.147660153368972202e-02
3.036220018615035876e+00 -1.081188523692670628e-01 -1.652254759984825294e-02 -9.159630476941789390e-02
3.037331376694609286e+00 -1.082191503292770918e-01 -1.652344813817854460e-02 -9.169570219109923759e-02
3.038442734774182696e+00 -1.083318836831976967e-01 -1.654483042412614388e-02 -9.178705325907027257e-02
3.039554092853755662e+00 -1.084740360778580215e-01 -1.658837136827939415e-02 -9.188566470957949817e-02
3.040665450933329073e+00 -1.086520028573215585e-01 -1.664767993526009016e-02 -9.200432292205981688e-02
3.041776809012902483e+00 -1.088592397842362419e-01 -1.671060500089294881e-02 -9.214863478334070490e-02
3.042888167092475449e+00 -1.090786258256994934e-01 -1.676365137390282631e-02 -9.231497445179609462e-02
3.043999525172048859e+00 -1.092886885832971278e-01 -1.679690106419614790e-02 -9.249178751910011598e-02
3.045110883251621825e+00 -1.094714307283150834e-01 -1.680764752389812475e-02 -9.266378320441587269e-02
3.046222241331195235e+00 -1.096189069192648607e-01 -1.680141357925801771e-02 -9.281749334000964635e-02
3.047333599410768201e+00 -1.097361496687817156e-01 -1.678997256651854758e-02 -9.294617710225640261e-02
3.048444957490341611e+00 -1.098393682152844358e-01 -1.678708278075559043e-02 -9.305228543453004930e-02
3.049556315569915022e+00 -1.099500654599478849e-01 -1.680348099147553967e-02 -9.314658446847405571e-02
3.050667673649487988e+00 -1.100872080084652621e-01 -1.684295627326017758e-02 -9.324425173520665966e-02
3.051779031729061398e+00 -1.102602995937561892e-01 -1.690093852104239056e-02 -9.335936107271548823e-02
3.052890389808634808e+00 -1.104658860419404504e-01 -1.696612540143766987e-02 -9.349976064050435909e-02
3.054001747888207774e+00 -1.106887753505688410e-01 -1.702456693045335118e-02 -9.366420842011304038e-02
3.055113105967781184e+00 -1.109075407826271842e-01 -1.706472988127016518e-02 -9.384281090136106784e-02
3.056224464047354594e+00 -1.111023123537597107e-01 -1.708170210998556995e-02 -9.402061024377636467e-02
3.057335822126927560e+00 -1.112620226432522730e-01 -1.707900332105356800e-02 -9.418301932219973194e-02
3.058447180206500970e+00 -1.113884642991075646e-01 -1.706733453598103384e-02 -9.432112976312735653e-02
3.059558538286073937e+00 -1.114956717749193832e-01 -1.706071037059133169e-02 -9.443496140432817987e-02
3.060669896365647347e+00 -1.116048401570072235e-01 -1.707137232038789809e-02 -9.453346783661707720e-02
3.061781254445220313e+00 -1.117366211010507177e-01 -1.710532979843341211e-02 -9.463129130261525856e-02
3.062892612524793723e+00 -1.119035966736973281e-01 -1.716015368050452169e-02 -9.474344299319144291e-02
3.064003970604367133e+00 -1.121056744219987855e-01 -1.722583307514486545e-02 -9.487984134685426008e-02
3.065115328683940099e+00 -1.123300895855561393e-01 -1.728839415876406646e-02 -9.504169542679138938e-02
3.066226686763513509e+00 -1.125560257907954748e-01 -1.733497378563497379e-02 -9.522105200515898482e-02
3.067338044843086919e+00 -1.127621824745325407e-01 -1.735850667059257030e-02 -9.540367580393950553e-02
3.068449402922659885e+00 -1.129345389925962284e-01 -1.736031913323077269e-02 -9.557421985936619124e-02
3.069560761002233296e+00 -1.130714863871788295e-01 -1.734967814273021686e-02 -9.572180824444759262e-02
3.070672119081806706e+00 -1.131844494996804978e-01 -1.734044886841764471e-02 -9.584400063126108371e-02
3.071783477161379672e+00 -1.132937604240451257e-01 -1.734606649093695455e-02 -9.594769393310823014e-02
3.072894835240953082e+00 -1.134212740401129849e-01 -1.737464557199824844e-02 -9.604662846811330701e-02
3.074006193320526048e+00 -1.135824075213072437e-01 -1.742600668625865837e-02 -9.615640083504735369e-02
3.075117551400099458e+00 -1.137805028696923931e-01 -1.749170889726923278e-02 -9.628879397242283422e-02
3.076228909479672424e+00 -1.140055730105635212e-01 -1.755808719874773702e-02 -9.644748581181747382e-02
3.077340267559245834e+00 -1.142379005116292423e-01 -1.761120114877531839e-02 -9.662669936285595007e-02
3.078451625638819245e+00 -1.144551914012413574e-01 -1.764190206250707688e-02 -9.681328933873430131e-02
3.079562983718392211e+00 -1.146406879611542029e-01 -1.764917677528972384e-02 -9.699151118586901710e-02
3.080674341797965621e+00 -1.147892880512289132e-01 -1.764054625642454133e-02 -9.714874179480166572e-02
3.081785699877539031e+00 -1.149094367349160761e-01 -1.762936391952632520e-02 -9.728007281539270690e-02
3.082897057957111997e+00 -1.150200898813082545e-01 -1.762998500263110099e-02 -9.739010487868061949e-02
3.084008416036685407e+00 -1.151438424015459178e-01 -1.765255549424165835e-02 -9.749128690730904379e-02
3.085119774116258817e+00 -1.152987134241282297e-01 -1.769931310872188690e-02 -9.759940031540711991e-02
3.086231132195831783e+00 -1.154915762372410448e-01 -1.776374937964148720e-02 -9.772782685760288135e-02
3.087342490275404749e+00 -1.157156294563123911e-01 -1.783294641405444927e-02 -9.788268304225837546e-02
3.088453848354978160e+00 -1.159528402599480923e-01 -1.789224910975447530e-02 -9.806059115019538641e-02
3.089565206434551570e+00 -1.161804822707660223e-01 -1.793058232731049167e-02 -9.824989994345541267e-02
3.090676564514124536e+00 -1.163793974499983258e-01 -1.794448298721909585e-02 -9.843491446278124224e-02
3.091787922593697946e+00 -1.165409778122321743e-01 -1.793937824562444674e-02 -9.860159956660903557e-02
3.092899280673271356e+00 -1.166703216976422708e-01 -1.792763727736142176e-02 -9.874268442027839265e-02
3.094010638752844322e+00 -1.167844062893085844e-01 -1.792409522562103674e-02 -9.886031106368736721e-02
3.095121996832417732e+00 -1.169059301889893432e-01 -1.794066848062832870e-02 -9.896526170835781566e-02
3.096233354911991142e+00 -1.170550582520094168e-01 -1.798201531908800999e-02 -9.907304293292523711e-02
3.097344712991564109e+00 -1.172420701507758123e-01 -1.804382167995994060e-02 -9.919824847081466779e-02
3.098456071071137519e+00 -1.174635921927493082e-01 -1.811434245279719760e-02 -9.934924973994994912e-02
3.099567429150710485e+00 -1.177037933864900077e-01 -1.817864750402829743e-02 -9.952514588246291760e-02
3.100678787230283895e+00 -1.179401221856642423e-01 -1.822403734986466003e-02 -9.971608483580045312e-02
3.101790145309856861e+00 -1.181515057066844648e-01 -1.824466414578368098e-02 -9.990684156089758849e-02
3.102901503389430271e+00 -1.183260314322285151e-01 -1.824367700870741654e-02 -1.000823544235193430e-01
3.104012861469003681e+00 -1.184653126636880105e-01 -1.823210558874419768e-02 -1.002332070749463039e-01
3.105124219548576647e+00 -1.185839398319249172e-01 -1.822487871302220369e-02 -1.003590611189011245e-01
3.106235577628150057e+00 -1.187042053277909126e-01 -1.823541675642756377e-02 -1.004687885713630019e-01
3.107346935707723468e+00 -1.188480109469986085e-01 -1.827075820812645857e-02 -1.005772527388681808e-01
3.108458293787296434e+00 -1.190288973636500908e-01 -1.832899174297526398e-02 -1.006999056206733939e-01
3.109569651866869844e+00 -1.192470974859488747e-01 -1.839993189992432387e-02 -1.008471655860239263e-01
3.110681009946443254e+00 -1.194894213265058625e-01 -1.846880036558018467e-02 -1.010206209609223471e-01
3.111792368026016220e+00 -1.197340251649266218e-01 -1.852158238636905305e-02 -1.012124427785564690e-01
3.112903726105589630e+00 -1.199583397750481201e-01 -1.855011618509188123e-02 -1.014082235899544798e-01
3.114015084185162596e+00 -1.201472786793714304e-01 -1.855506587156913537e-02 -1.015922128078028119e-01
3.115126442264736006e+00 -1.202987392805793393e-01 -1.854569324310084005e-02 -1.017530460374738988e-01
3.116237800344308972e+00 -1.204243889580600552e-01 -1.853650468039822613e-02 -1.018878842776593102e-01
3.117349158423882383e+00 -1.205454406083838609e-01 -1.854198511649451583e-02 -1.020034554918902436e-01
3.118460516503455793e+00 -1.206849457086357075e-01 -1.857132894377369267e-02 -1.021136167648636628e-01
3.119571874583028759e+00 -1.208594040063599856e-01 -1.862508306380325496e-02 -1.022343209425567861e-01
3.120683232662602169e+00 -1.210727433997298153e-01 -1.869492654297267437e-02 -1.023778168567618940e-01
3.121794590742175579e+00 -1.213148666706680701e-01 -1.876667399252087906e-02 -1.025481926781449532e-01
3.122905948821748545e+00 -1.215653031950896107e-01 -1.882541824222669358e-02 -1.027398849528615710e-01
3.124017306901321955e+00 -1.218006458838572920e-01 -1.886094790055582379e-02 -1.029396979833080983e-01
3.125128664980895365e+00 -1.220030725640574021e-01 -1.887147139267587870e-02 -1.031316011713816899e-01
3.126240023060468332e+00 -1.221668507158551881e-01 -1.886429034246159264e-02 -1.033025603733941228e-01
3.127351381140041742e+00 -1.223004527164878452e-01 -1.885317106569486811e-02 -1.034472816507929493e-01
3.128462739219614708e+00 -1.224235025844391672e-01 -1.885336249822809271e-02 -1.035701400862117788e-01
3.129574097299188118e+00 -1.225596559364886678e-01 -1.887606619089172294e-02 -1.036835897455954392e-01
3.130685455378761084e+00 -1.227279980599087772e-01 -1.892436664746572142e-02 -1.038036314124494014e-01
3.131796813458334494e+00 -1.229360896583810703e-01 -1.899210322427240943e-02 -1.039439864341073771e-01
3.132908171537907904e+00 -1.231771957057244127e-01 -1.906609820349165416e-02 -1.041110975022328383e-01
3.134019529617480870e+00 -1.234327140901197301e-01 -1.913093627599946056e-02 -1.043017778141195201e-01
3.135130887697054280e+00 -1.236789287661206327e-01 -1.917456168670967839e-02 -1.045043670794068014e-01
3.136242245776627691e+00 -1.238956354236320501e-01 -1.919265917459541532e-02 -1.047029762490382515e-01
3.137353603856200657e+00 -1.240735012398636733e-01 -1.919022399912662449e-02 -1.048832772407389397e-01
3.138464961935774067e+00 -1.242174759137621293e-01 -1.917974646751031270e-02 -1.050377294462531558e-01
3.139576320015347477e+00 -1.243450050929093137e-01 -1.917666741624951543e-02 -1.051683376766574946e-01
3.140687678094920443e+00 -1.244796889121718153e-01 -1.919375545810192429e-02 -1.052859334540697245e-01
3.141799036174493853e+00 -1.246426892505647782e-01 -1.923645205275213016e-02 -1.054062371978139734e-01
3.142910394254066819e+00 -1.248450137583361486e-01 -1.930088145272486691e-02 -1.055441323056139080e-01
3.144021752333640229e+00 -1.250834905812782116e-01 -1.937525480677790637e-02 -1.057082357745013912e-01
3.145133110413213195e+00 -1.253419072631926368e-01 -1.944416226504413689e-02 -1.058977449981506613e-01
3.146244468492786606e+00 -1.255969071148501370e-01 -1.949419323969416376e-02 -1.061027138751562821e-01
3.147355826572360016e+00 -1.258265007680578196e-01 -1.951883736162996277e-02 -1.063076634064315656e-01
3.148467184651932982e+00 -1.260180927898497949e-01 -1.952087623798861790e-02 -1.064972165518594527e-01
3.149578542731506392e+00 -1.261730940448103355e-01 -1.951138693802355675e-02 -1.066617071067890582e-01
3.150689900811079802e+00 -1.263064301211558604e-01 -1.950571200732962099e-02 -1.068007181138289907e-01
3.151801258890652768e+00 -1.264411148495828141e-01 -1.951785884616845032e-02 -1.069232560034076296e-01
3.152912616970226178e+00 -1.265998591839020415e-01 -1.955536911718124687e-02 -1.070444900667213844e-01
3.154023975049799589e+00 -1.267967722689875287e-01 -1.961653409146574961e-02 -1.071802381775264629e-01
3.155135333129372555e+00 -1.270321852561767384e-01 -1.969098211022532116e-02 -1.073412031459577282e-01
3.156246691208945521e+00 -1.272924961138355848e-01 -1.976343712315730208e-02 -1.075290589906781752e-01
3.157358049288518931e+00 -1.275551056018083829e-01 -1.981928873586438072e-02 -1.077358168659387633e-01
3.158469407368092341e+00 -1.277966559119894652e-01 -1.984994710328799247e-02 -1.079467088087009696e-01
3.159580765447665307e+00 -1.280015723847529596e-01 -1.985602553529196637e-02 -1.081455468494617461e-01
3.160692123527238717e+00 -1.281677889940557868e-01 -1.984717746726268398e-02 -1.083206115267906916e-01
3.161803481606812127e+00 -1.283075568521962473e-01 -1.983862970626265945e-02 -1.084689271459328835e-01
3.162914839686385093e+00 -1.284430235656219277e-01 -1.984565940619025665e-02 -1.085973641594287636e-01
3.164026197765958504e+00 -1.285981795686854112e-01 -1.987801857488451229e-02 -1.087201609938047431e-01
3.165137555845531914e+00 -1.287900995777281343e-01 -1.993633939850698866e-02 -1.088537601792168852e-01
3.166248913925104880e+00 -1.290226750900460018e-01 -2.001184221977213296e-02 -1.090108328702751594e-01
3.167360272004678290e+00 -1.292851361234333696e-01 -2.008947138879456015e-02 -1.091956647346388615e-01
3.168471630084251256e+00 -1.295559207231752330e-01 -2.015333600948909787e-02 -1.094025847136827351e-01
3.169582988163824666e+00 -1.298105009415759514e-01 -2.019248713933253017e-02 -1.096180138022404549e-01
3.170694346243397632e+00 -1.300303246142619495e-01 -2.020492999958992814e-02 -1.098253946146714455e-01
3.171805704322971042e+00 -1.302096138551237237e-01 -2.019840102118380248e-02 -1.100112128339341550e-01
3.172917062402544452e+00 -1.303575301593687119e-01 -2.018760899861863495e-02 -1.101699211607461426e-01
3.174028420482117419e+00 -1.304948962949699642e-01 -2.018892433142140119e-02 -1.103059719635534758e-01
3.175139778561690829e+00 -1.306466474361736296e-01 -2.021443354863619937e-02 -1.104322138875362680e-01
3.176251136641264239e+00 -1.308327465895458008e-01 -2.026751702730457405e-02 -1.105652295622414627e-01
3.177362494720837205e+00 -1.310608709858575582e-01 -2.034156529986634251e-02 -1.107193056859950425e-01
3.178473852800410615e+00 -1.313235445703426485e-01 -2.042231718910435256e-02 -1.109012273812392257e-01
3.179585210879984025e+00 -1.316007825512263141e-01 -2.049298994297298754e-02 -1.111077926082527090e-01
3.180696568959556991e+00 -1.318673097781773440e-01 -2.054035377525734868e-02 -1.113269560029184202e-01
3.181807927039130401e+00 -1.321017442118423146e-01 -2.055955167852500931e-02 -1.115421925333204833e-01
3.182919285118703367e+00 -1.322944097299431077e-01 -2.055591053029938095e-02 -1.117384991996439592e-01
3.184030643198276778e+00 -1.324509273857881753e-01 -2.054307303842142773e-02 -1.119078543473694398e-01
3.185142001277849744e+00 -1.325902590170427719e-01 -2.053811125166188356e-02 -1.120521477653809300e-01
3.186253359357423154e+00 -1.327378905479785764e-01 -2.055537909940757801e-02 -1.121825114485702768e-01
3.187364717436996564e+00 -1.329166133298311236e-01 -2.060132494506986683e-02 -1.123152883847650246e-01
3.188476075516569530e+00 -1.331382450182764521e-01 -2.067214505146512671e-02 -1.124660999668098404e-01
3.189587433596142940e+00 -1.333993023163691227e-01 -2.075513578606072787e-02 -1.126441665303055256e-01
3.190698791675716350e+00 -1.336822120120866875e-01 -2.083326516497998812e-02 -1.128489468471078477e-01
3.191810149755289316e+00 -1.339616391462818135e-01 -2.089131691570350960e-02 -1.130703222305793204e-01
3.192921507834862727e+00 -1.342136501585412534e-01 -2.092138646813325800e-02 -1.132922636904084845e-01
3.194032865914436137e+00 -1.344243917194465621e-01 -2.092573788744038835e-02 -1.134986538320072458e-01
3.195144223994009103e+00 -1.345951322908052750e-01 -2.091598262455709664e-02 -1.136791496662467732e-01
3.196255582073582513e+00 -1.347418262918205767e-01 -2.090887174218098235e-02 -1.138329545496400974e-01
3.197366940153155479e+00 -1.348893459903207914e-01 -2.092022128404196629e-02 -1.139691247062841334e-01
3.198478298232728889e+00 -1.350624639426493689e-01 -2.095917007233967858e-02 -1.141032938703181177e-01
3.199589656312301855e+00 -1.352768543888742125e-01 -2.102485269327355327e-02 -1.142520016956051904e-01
3.200701014391875265e+00 -1.355333825552526295e-01 -2.110669827900579429e-02 -1.144266842762466929e-01
3.201812372471448676e+00 -1.358177632351899589e-01 -2.118825269501958819e-02 -1.146295105401706482e-01
3.202923730551021642e+00 -1.361057232617479407e-01 -2.125314334245346701e-02 -1.148525799192917363e-01
3.204035088630595052e+00 -1.363718025844518622e-01 -2.129102591723624344e-02 -1.150807766672120314e-01
3.205146446710168462e+00 -1.365986026113576168e-01 -2.130135513048225793e-02 -1.152972474808792308e-01
3.206257804789741428e+00 -1.367831218606572752e-01 -2.129360717200402126e-02 -1.154895146886524421e-01
3.207369162869314838e+00 -1.369378715077708697e-01 -2.128386692764456731e-02 -1.156540045801265071e-01
3.208480520948888248e+00 -1.370863568673037491e-01 -2.128901210436300387e-02 -1.157973447629440933e-01
3.209591879028461214e+00 -1.372545583303491634e-01 -2.132060068958443327e-02 -1.159339576407657502e-01
3.210703237108034624e+00 -1.374615024617701908e-01 -2.138067935037552686e-02 -1.160808231113905215e-01
3.211814595187607591e+00 -1.377123497446460787e-01 -2.146103668018711080e-02 -1.162513130644594744e-01
3.212925953267181001e+00 -1.379965155928369047e-01 -2.154617701743660046e-02 -1.164503385754002834e-01
3.214037311346753967e+00 -1.382915144126028451e-01 -2.161894011918350650e-02 -1.166725742934219129e-01
3.215148669426327377e+00 -1.385711355966766367e-01 -2.166672950594877162e-02 -1.169044060907287880e-01
3.216260027505900787e+00 -1.388149820258604561e-01 -2.168608806101003997e-02 -1.171288939648515992e-01
3.217371385585473753e+00 -1.390159011581366399e-01 -2.168395625835378010e-02 -1.173319448997834219e-01
3.218482743665047163e+00 -1.391826002292458342e-01 -2.167515092803811230e-02 -1.175074493012133875e-01
3.219594101744620573e+00 -1.393364857082174113e-01 -2.167697501118360376e-02 -1.176595106970356186e-01
3.220705459824193539e+00 -1.395038683709436400e-01 -2.170291298655099843e-02 -1.178009553843889917e-01
3.221816817903766950e+00 -1.397063650346172525e-01 -2.175770257487874906e-02 -1.179486624597412409e-01
3.222928175983340360e+00 -1.399529902824546701e-01 -2.183557757201211313e-02 -1.181174127104436117e-01
3.224039534062913326e+00 -1.402368233008006448e-01 -2.192232779568767040e-02 -1.183144955051121799e-01
3.225150892142486736e+00 -1.405374751217455809e-01 -2.200043635896329480e-02 -1.185370387627832228e-01
3.226262250222059702e+00 -1.408284722186654847e-01 -2.205543486752854776e-02 -1.187730373511376863e-01
3.227373608301633112e+00 -1.410868804605546478e-01 -2.208117095667231841e-02 -1.190057095038875162e-01
3.228484966381206078e+00 -1.413016718043605957e-01 -2.208207315346454036e-02 -1.192195986509017314e-01
3.229596324460779488e+00 -1.414777857829000729e-01 -2.207158492193032201e-02 -1.194062008609747400e-01
3.230707682540352899e+00 -1.416343976675836502e-01 -2.206732920743787255e-02 -1.195670684601460032e-01
3.231819040619925865e+00 -1.417980095937492191e-01 -2.208475249680455499e-02 -1.197132570969428045e-01
3.232930398699499275e+00 -1.419928650958658389e-01 -2.213155150537766264e-02 -1.198613135904907367e-01
3.234041756779072685e+00 -1.422321653382193907e-01 -2.220490384047600976e-02 -1.200272614977454799e-01
3.235153114858645651e+00 -1.425132794310891571e-01 -2.229250763130584401e-02 -1.202207717997806902e-01
3.236264472938219061e+00 -1.428186935524550227e-01 -2.237705261683395688e-02 -1.204416409356196260e-01
3.237375831017792471e+00 -1.431223591687267316e-01 -2.244249866339107988e-02 -1.206798605053339551e-01
3.238487189097365437e+00 -1.433991371255922687e-01 -2.247988053219683244e-02 -1.209192565933958352e-01
3.239598547176938403e+00 -1.436339066017479071e-01 -2.249052960570264992e-02 -1.211433769960479634e-01
3.240709905256511814e+00 -1.438270275196003034e-01 -2.248554262373271898e-02 -1.213414848958670050e-01
3.241821263336085224e+00 -1.439941700360821697e-01 -2.248169334158500732e-02 -1.215124766945000073e-01
3.242932621415658190e+00 -1.441605741784525718e-01 -2.249527871910269455e-02 -1.216652954593512720e-01
3.244043979495231600e+00 -1.443518309886578088e-01 -2.253614487186548013e-02 -1.218156861167949689e-01
3.245155337574805010e+00 -1.445845447610593637e-01 -2.260407427310423198e-02 -1.219804704879561275e-01
3.246266695654377976e+00 -1.448602810535877528e-01 -2.268885653206217587e-02 -1.221714245215221872e-01
3.247378053733951386e+00 -1.451650091343553717e-01 -2.277402225999454466e-02 -1.223909868743637691e-01
3.248489411813524796e+00 -1.454742447851050391e-01 -2.284288169376547800e-02 -1.226313630913364039e-01
3.249600769893097763e+00 -1.457620191057278636e-01 -2.288466472857579245e-02 -1.228773543771500554e-01
3.250712127972671173e+00 -1.460103998203094444e-01 -2.289851613106224509e-02 -1.231118836892484969e-01
3.251823486052244139e+00 -1.462160851318508314e-01 -2.289387660054212695e-02 -1.233222085313104566e-01
3.252934844131817549e+00 -1.463916538360744979e-01 -2.288709582235075660e-02 -1.235045580137194565e-01
3.254046202211390515e+00 -1.465610033754400909e-01 -2.289549939018573413e-02 -1.236655039852535276e-01
3.255157560290963925e+00 -1.467506305226031482e-01 -2.293106581649798081e-02 -1.238195647061067634e-01
3.256268918370537335e+00 -1.469799327672456912e-01 -2.299602061738416012e-02 -1.239839121498625824e-01
3.257380276450110301e+00 -1.472540746653322741e-01 -2.308196411416634994e-02 -1.241721105511681272e-01
3.258491634529683711e+00 -1.475620358691557554e-01 -2.317286707814910848e-02 -1.243891687910065463e-01
3.259602992609257122e+00 -1.478805716462836262e-01 -2.325085927662882274e-02 -1.246297123696509246e-01
3.260714350688830088e+00 -1.481826584549875980e-01 -2.330271363189538592e-02 -1.248799448230916986e-01
3.261825708768403498e+00 -1.484473538630743383e-01 -2.332466709406440242e-02 -1.251226867690105604e-01
3.262937066847976908e+00 -1.486674732584465919e-01 -2.332381645307582060e-02 -1.253436568053742095e-01
3.264048424927549874e+00 -1.488522710831619855e-01 -2.331556854639410883e-02 -1.255367025367701284e-01
3.265159783007123284e+00 -1.490241290444938027e-01 -2.331805958427355871e-02 -1.257060694602190332e-01
3.266271141086696250e+00 -1.492104386539894190e-01 -2.334556531897364479e-02 -1.258648733350123117e-01
3.267382499166269660e+00 -1.494336241490204498e-01 -2.340329808176690521e-02 -1.260303260672528680e-01
3.268493857245842626e+00 -1.497029410712708841e-01 -2.348548946098547377e-02 -1.262174516102821109e-01
3.269605215325416037e+00 -1.500110504926663035e-01 -2.357746683167730867e-02 -1.264335836609864205e-01
3.270716573404989447e+00 -1.503366365842179198e-01 -2.366097950401298278e-02 -1.266756570802022308e-01
3.271827931484562413e+00 -1.506521344112590755e-01 -2.372084421328371842e-02 -1.269312901979755548e-01
3.272939289564135823e+00 -1.509337669623095068e-01 -2.375049300337553349e-02 -1.271832739589304762e-01
3.274050647643709233e+00 -1.511702380544679702e-01 -2.375439885179806213e-02 -1.274158392026733255e-01
3.275162005723282199e+00 -1.513669052198231835e-01 -2.374648557444502400e-02 -1.276204196453791240e-01
3.276273363802855609e+00 -1.515438942069102790e-01 -2.374508886227606058e-02 -1.277988053446340311e-01
3.277384721882429020e+00 -1.517288208719939635e-01 -2.376629368162734915e-02 -1.279625271903668815e-01
3.278496079962001986e+00 -1.519467549514174620e-01 -2.381807048864513152e-02 -1.281286844627737009e-01
3.279607438041574952e+00 -1.522110747532804120e-01 -2.389734897549951331e-02 -1.283137257777774154e-01
3.280718796121148806e+00 -1.525185491216773936e-01 -2.399110395162578485e-02 -1.285274451700473830e-01
3.281830154200721772e+00 -1.528504528974039267e-01 -2.408106884393056493e-02 -1.287693840534779310e-01
3.282941512280294738e+00 -1.531793286360818018e-01 -2.415036886196245819e-02 -1.290289597741206273e-01
3.284052870359868148e+00 -1.534789482958482942e-01 -2.418966114561511144e-02 -1.292892871502326346e-01
3.285164228439441558e+00 -1.537338551881080040e-01 -2.420054226436899047e-02 -1.295333129237429826e-01
3.286275586519014524e+00 -1.539450092502555045e-01 -2.419497408673878039e-02 -1.297500351635180182e-01
3.287386944598587935e+00 -1.541294695141239568e-01 -2.419092861556600832e-02 -1.299385408985592461e-01
3.288498302678161345e+00 -1.543142157509915513e-01 -2.420583343184781397e-02 -1.301083823191460931e-01
3.289609660757734311e+00 -1.545263481334160083e-01 -2.425020745052550858e-02 -1.302761406828867596e-01
3.290721018837307721e+00 -1.547832298293476405e-01 -2.432381448781236258e-02 -1.304594153415330748e-01
3.291832376916881131e+00 -1.550861665974608283e-01 -2.441574894362452328e-02 -1.306704176538414364e-01
3.292943734996454097e+00 -1.554199352518537969e-01 -2.450843387775889295e-02 -1.309115013740957678e-01
3.294055093076027063e+00 -1.557583433747365964e-01 -2.458407882700564678e-02 -1.311742645477309011e-01
3.295166451155600917e+00 -1.560738006579146242e-01 -2.463123687846693888e-02 -1.314425637794486290e-01
3.296277809235173883e+00 -1.563474115420741828e-01 -2.464905251638371819e-02 -1.316983590256881886e-01
3.297389167314746850e+00 -1.565758988928810380e-01 -2.464762582108165345e-02 -1.319282730717983576e-01
3.298500525394320260e+00 -1.567728166494566644e-01 -2.464433462355527030e-02 -1.321284820259027715e-01
3.299611883473893670e+00 -1.569635909570469834e-01 -2.465743957055991850e-02 -1.323061513864906835e-01
3.300723241553466636e+00 -1.571761869997834460e-01 -2.469930525349999309e-02 -1.324768817462830817e-01
3.301834599633040046e+00 -1.574308079800462168e-01 -2.477173122831231172e-02 -1.326590767517376313e-01
3.302945957712613456e+00 -1.577324023642280582e-01 -2.486513471894454333e-02 -1.328672676452855306e-01
3.304057315792186422e+00 -1.580687448701592057e-01 -2.496192991858988894e-02 -1.331068149515706456e-01
3.305168673871759832e+00 -1.584148286738691624e-01 -2.504291254011416570e-02 -1.333719161337578174e-01
3.306280031951333243e+00 -1.587419973674204787e-01 -2.509434294767984644e-02 -1.336476544197419125e-01
3.307391390030906209e+00 -1.590284980217150090e-01 -2.511313805714888298e-02 -1.339153599645638293e-01
3.308502748110479175e+00 -1.592675931608845685e-01 -2.510824231737092405e-02 -1.341593508435127147e-01
3.309614106190053029e+00 -1.594702352264658063e-01 -2.509761965913383588e-02 -1.343726155673292955e-01
3.310725464269625995e+00 -1.596612744207015766e-01 -2.510189835745873024e-02 -1.345593760632415037e-01
3.311836822349198961e+00 -1.598705280198775835e-01 -2.513693255829140341e-02 -1.347335954615836162e-01
3.312948180428772371e+00 -1.601219282832115620e-01 -2.520796636245433223e-02 -1.349139619207558594e-01
3.314059538508345781e+00 -1.604246946046810340e-01 -2.530753778514169272e-02 -1.351171568195415340e-01
3.315170896587918747e+00 -1.607697702311957355e-01 -2.541793062612158344e-02 -1.353518396050776840e-01
3.316282254667492158e+00 -1.611328723040794941e-01 -2.551734704113306842e-02 -1.356155252629477059e-01
3.317393612747065568e+00 -1.614831073664589056e-01 -2.558762180140949222e-02 -1.358954855650502114e-01
3.318504970826638534e+00 -1.617940719443483333e-01 -2.562072215484071172e-02 -1.361733497895032119e-01
3.319616328906211944e+00 -1.620534310770694042e-01 -2.562168946305586406e-02 -1.364317416140111705e-01
3.320727686985785354e+00 -1.622674905448056037e-01 -2.560693885120553237e-02 -1.366605516935965325e-01
3.321839045065358320e+00 -1.624590697779900172e-01 -2.559849229046267868e-02 -1.368605774875284453e-01
3.322950403144931286e+00 -1.626593989775625693e-01 -2.561618338577568640e-02 -1.370432155917865047e-01
3.324061761224504696e+00 -1.628969323196934604e-01 -2.567061072054581394e-02 -1.372263215991496865e-01
3.325173119304078106e+00 -1.631871014903617245e-01 -2.575936140732542831e-02 -1.374277400830368756e-01
3.326284477383651073e+00 -1.635267145497160401e-01 -2.586786485657475640e-02 -1.376588496931398786e-01
3.327395835463224483e+00 -1.638950432277434532e-01 -2.597458286988763368e-02 -1.379204603578471633e-01
3.328507193542797893e+00 -1.642612333971179006e-01 -2.605868884443634723e-02 -1.382025445526811891e-01
3.329618551622370859e+00 -1.645953877299618506e-01 -2.610749456968033261e-02 -1.384878931602830654e-01
3.330729909701944269e+00 -1.648793342508245441e-01 -2.612097048596774204e-02 -1.387583637648567847e-01
3.331841267781517679e+00 -1.651131959816404815e-01 -2.611174449050301938e-02 -1.390014514911327714e-01
3.332952625861090645e+00 -1.653153826646375224e-01 -2.610058311381807314e-02 -1.392147995508170033e-01
3.334063983940664055e+00 -1.655159946438768681e-01 -2.610897602984474722e-02 -1.394070186140287659e-01
3.335175342020237466e+00 -1.657460065459592513e-01 -2.615147958692008029e-02 -1.395945269590359306e-01
3.336286700099810432e+00 -1.660261246883596997e-01 -2.623055605448269476e-02 -1.397955686338762937e-01
3.337398058179383398e+00 -1.663593339249233305e-01 -2.633574456537995240e-02 -1.400235893595445091e-01
3.338509416258956808e+00 -1.667298211044262735e-01 -2.644744257459215667e-02 -1.402823785298340231e-01
3.339620774338530218e+00 -1.671086624477716998e-01 -2.654392414224037572e-02 -1.405647383055315114e-01
3.340732132418103184e+00 -1.674642218911008840e-01 -2.660906787834401224e-02 -1.408551540127611912e-01
3.341843490497676594e+00 -1.677735090872801982e-01 -2.663802628255894367e-02 -1.411354828047228505e-01
3.342954848577250004e+00 -1.680304034139857017e-01 -2.663882295855645593e-02 -1.413915804554319866e-01
3.344066206656822970e+00 -1.682477873012035718e-01 -2.662933899474670407e-02 -1.416184483064593103e-01
3.345177564736396381e+00 -1.684528361858343981e-01 -2.663081007536215530e-02 -1.418220261104724544e-01
3.346288922815969791e+00 -1.686771849310056692e-01 -2.666020202550212562e-02 -1.420169829055054900e-01
3.347400280895542757e+00 -1.689455364114582636e-01 -2.672421686657788439e-02 -1.422213195448857881e-01
3.348511638975115723e+00 -1.692668298430147211e-01 -2.681706984862960996e-02 -1.424497599943812531e-01
3.349622997054689577e+00 -1.696311467506540493e-01 -2.692279709699401183e-02 -1.427083496536582230e-01
3.350734355134262543e+00 -1.700134447316558328e-01 -2.702120781898544738e-02 -1.429922369126722936e-01
3.351845713213835509e+00 -1.703827327951238368e-01 -2.709528255428006113e-02 -1.432874502408404138e-01
3.352957071293408919e+00 -1.707133362472502136e-01 -2.713731413976003953e-02 -1.435760221074877940e-01
3.354068429372982330e+00 -1.709941560489765533e-01 -2.715156971438124206e-02 -1.438425863345942357e-01
3.355179787452555296e+00 -1.712325739599871999e-01 -2.715253939720746121e-02 -1.440800345627808454e-01
3.356291145532128706e+00 -1.714516153175832947e-01 -2.715945676438074469e-02 -1.442921585531993789e-01
3.357402503611702116e+00 -1.716814396433711531e-01 -2.718913521545752304e-02 -1.444923044279095847e-01
3.358513861691275082e+00 -1.719482893056007433e-01 -2.724976731837286045e-02 -1.446985219872222173e-01
3.359625219770848492e+00 -1.722649388855273800e-01 -2.733796374035145360e-02 -1.449269751451791599e-01
3.360736577850421902e+00 -1.726261230449366857e-01 -2.744010371911697818e-02 -1.451860193258193710e-01
3.361847935929994868e+00 -1.730105882700972431e-01 -2.753747476329305999e-02 -1.454731135068060566e-01
3.362959294009567834e+00 -1.733889858673102469e-01 -2.761328203082903318e-02 -1.457757038364821678e-01
3.364070652089141689e+00 -1.737346885540810570e-01 -2.765892123627824301e-02 -1.460757673178017801e-01
3.365182010168714655e+00 -1.740335513212500074e-01 -2.767718520853382214e-02 -1.463563661127131876e-01
3.366293368248287621e+00 -1.742890359704133141e-01 -2.768121153126361714e-02 -1.466078244391492702e-01
3.367404726327861031e+00 -1.745208301012865504e-01 -2.768955823997457100e-02 -1.468312718613094259e-01
3.368516084407434441e+00 -1.747574868253111424e-01 -2.771923397258690622e-02 -1.470382528527225952e-01
3.369627442487007407e+00 -1.750258118304986177e-01 -2.777927616876492770e-02 -1.472465356617366494e-01
3.370738800566580817e+00 -1.753409215121211895e-01 -2.786727991493973683e-02 -1.474736415971780457e-01
3.371850158646154227e+00 -1.757006490592759596e-01 -2.797019708628363868e-02 -1.477304519729940313e-01
3.372961516725727193e+00 -1.760863735582842149e-01 -2.806914607995437266e-02 -1.480172274783295161e-01
3.374072874805300604e+00 -1.764699771643045978e-01 -2.814647745490487379e-02 -1.483234997094028396e-01
3.375184232884874014e+00 -1.768243677062862063e-01 -2.819248344494952249e-02 -1.486318842613380820e-01
3.376295590964446980e+00 -1.771336741188837272e-01 -2.820924153010290897e-02 -1.489244325887853215e-01
3.377406949044019946e+00 -1.773993232977318646e-01 -2.821011470970128873e-02 -1.491892085880305030e-01
3.378518307123593800e+00 -1.776397084603109078e-01 -2.821502157706025707e-02 -1.494246868832527775e-01
3.379629665203166766e+00 -1.778835149058231868e-01 -2.824315691407716308e-02 -1.496403579917476856e-01
3.380741023282739732e+00 -1.781591164369473457e-01 -2.830581068303150358e-02 -1.498533057539163105e-01
3.381852381362313142e+00 -1.784839303366717034e-01 -2.840193771634615116e-02 -1.500819926203236787e-01
3.382963739441886553e+00 -1.788576721612452070e-01 -2.851815988858904388e-02 -1.503395122726575162e-01
3.384075097521459519e+00 -1.792620539702135807e-01 -2.863328240420501963e-02 -1.506287715660091786e-01
3.385186455601032929e+00 -1.796671238425005257e-01 -2.872575540997946916e-02 -1.509413684325173477e-01
3.386297813680606339e+00 -1.800420048141079810e-01 -2.878141477377242630e-02 -1.512605900403398707e-01
3.387409171760179305e+00 -1.803661522017835361e-01 -2.879869837183020656e-02 -1.515674538299518481e-01
3.388520529839752715e+00 -1.806370168887573291e-01 -2.878941654127874228e-02 -1.518476003474737435e-01
3.389631887919326125e+00 -1.808712743567138514e-01 -2.877474579237385491e-02 -1.520965285643435527e-01
3.390743245998899091e+00 -1.810991011076668322e-01 -2.877784086330797270e-02 -1.523212602443569375e-01
3.391854604078472057e+00 -1.813535105749642107e-01 -2.881569506146326731e-02 -1.525378155134961000e-01
3.392965962158045912e+00 -1.816585766582340111e-01 -2.889316980375284186e-02 -1.527654068544847255e-01
3.394077320237618878e+00 -1.820208065582308854e-01 -2.900134870174858256e-02 -1.530194578564787189e-01
3.395188678317191844e+00 -1.824268081697182076e-01 -2.912082030321531609e-02 -1.533059878665044840e-01
3.396300036396765254e+00 -1.828481282187266466e-01 -2.922871502392839285e-02 -1.536194131947945796e-01
3.397411394476338664e+00 -1.832515359134040678e-01 -2.930696029146055356e-02 -1.539445756219434969e-01
3.398522752555911630e+00 -1.836110394146370228e-01 -2.934876999925249696e-02 -1.542622694153827356e-01
3.399634110635485040e+00 -1.839172765813961163e-01 -2.936101715126763351e-02 -1.545562594301284898e-01
3.400745468715058450e+00 -1.841808595376432656e-01 -2.936162712802434585e-02 -1.548192324096201999e-01
3.401856826794631417e+00 -1.844284406861499415e-01 -2.937293607125541009e-02 -1.550555046148956173e-01
3.402968184874204827e+00 -1.846929144393255617e-01 -2.941342878152698390e-02 -1.552794856577969784e-01
3.404079542953778237e+00 -1.850013116148204462e-01 -2.949086717574437785e-02 -1.555104444390745799e-01
3.405190901033351203e+00 -1.853647987147885312e-01 -2.959932303955042920e-02 -1.557654756752378800e-01
3.406302259112924169e+00 -1.857744444355322877e-01 -2.972121408338624163e-02 -1.560532303521433573e-01
3.407413617192497579e+00 -1.862043268580670652e-01 -2.983362163206399950e-02 -1.563707052260031594e-01
3.408524975272070989e+00 -1.866208825554490081e-01 -2.991660333397061153e-02 -1.567042792214762836e-01
3.409636333351643955e+00 -1.869951153329135196e-01 -2.996047662279427773e-02 -1.570346387101158037e-01
3.410747691431217365e+00 -1.873132222869927366e-01 -2.996941097088603664e-02 -1.573438113161071406e-01
3.411859049510790776e+00 -1.875817507550704977e-01 -2.996000213666575457e-02 -1.576217486184032512e-01
3.412970407590363742e+00 -1.878253763296718615e-01 -2.995532706898958522e-02 -1.578700492606819328e-01
3.414081765669937152e+00 -1.880780749808309560e-01 -2.997663003357231570e-02 -1.581014449472564753e-01
3.415193123749510562e+00 -1.883708759301817304e-01 -3.003566492256861883e-02 -1.583352110076169383e-01
3.416304481829083528e+00 -1.887206442140882401e-01 -3.013049224293536457e-02 -1.585901519711545027e-01
3.417415839908656494e+00 -1.891239866030463845e-01 -3.024627874779285686e-02 -1.588777078552521815e-01
3.418527197988230348e+00 -1.895585233683644011e-01 -3.036082428742506445e-02 -1.591976990809364778e-01
3.419638556067803314e+00 -1.899910894434768405e-01 -3.045280733355579250e-02 -1.595382821099187720e-01
3.420749914147376280e+00 -1.903898954315604297e-01 -3.050973200182147474e-02 -1.598801634297401519e-01
3.421861272226949691e+00 -1.907362171241393511e-01 -3.053264886079612786e-02 -1.602035682633393687e-01
3.422972630306523101e+00 -1.910313311402640768e-01 -3.053588424308762914e-02 -1.604954468971743486e-01
3.424083988386096067e+00 -1.912961285478184115e-01 -3.054183083364414228e-02 -1.607542977141744045e-01
3.425195346465669477e+00 -1.915635010473183131e-01 -3.057266614503375418e-02 -1.609908349022851071e-01
3.426306704545242887e+00 -1.918662391207931472e-01 -3.064201189832175057e-02 -1.612242272224692630e-01
3.427418062624815853e+00 -1.922248430892827264e-01 -3.074960180168409205e-02 -1.614752412875996856e-01
3.428529420704389263e+00 -1.926397138730797098e-01 -3.088095859377622959e-02 -1.617587552793072481e-01
3.429640778783962674e+00 -1.930906262235689008e-01 -3.101227323605475553e-02 -1.620783529875099160e-01
3.430752136863535640e+00 -1.935437530151687124e-01 -3.111878299943724585e-02 -1.624249700157346099e-01
3.431863494943108606e+00 -1.939637578717889888e-01 -3.118365143680583776e-02 -1.627801064349860827e-01
3.432974853022682460e+00 -1.943266063074851058e-01 -3.120413832769903736e-02 -1.631224679797883270e-01
3.434086211102255426e+00 -1.946284479791828281e-01 -3.119279879752112628e-02 -1.634356491816625900e-01
3.435197569181828392e+00 -1.948873126000656431e-01 -3.117323120863306832e-02 -1.637140813914270132e-01
3.436308927261401802e+00 -1.951369443148080474e-01 -3.117186198749604190e-02 -1.639650823273113012e-01
3.437420285340975212e+00 -1.954149423881171854e-01 -3.120869808093785711e-02 -1.642062443071780620e-01
3.438531643420548178e+00 -1.957494487691176510e-01 -3.129036641751132414e-02 -1.644590823516034750e-01
3.439643001500121589e+00 -1.961491691891674161e-01 -3.140794662508451796e-02 -1.647412225640839389e-01
3.440754359579694999e+00 -1.966003287919519116e-01 -3.154037666857327504e-02 -1.650599521233810651e-01
3.441865717659267965e+00 -1.970716689300722746e-01 -3.166219364732410224e-02 -1.654094752827504344e-01
3.442977075738841375e+00 -1.975256888475536432e-01 -3.175279616128173082e-02 -1.657728926862745700e-01
3.444088433818414785e+00 -1.979320764978014791e-01 -3.180385663093874410e-02 -1.661282198668624643e-01
3.445199791897987751e+00 -1.982784787191100018e-01 -3.182218074225376392e-02 -1.664562979768589301e-01
3.446311149977560717e+00 -1.985747246661064003e-01 -3.182696987162202118e-02 -1.667477547944803129e-01
3.447422508057134571e+00 -1.988489920794535570e-01 -3.184249129133449180e-02 -1.670065007881194885e-01
3.448533866136707537e+00 -1.991373334409980711e-01 -3.188885380298722705e-02 -1.672484796380112604e-01
3.449645224216280504e+00 -1.994703946994008659e-01 -3.197430122961816834e-02 -1.674960934697787007e-01
3.450756582295853914e+00 -1.998621824078850029e-01 -3.209190326572480129e-02 -1.677702791421619710e-01
3.451867940375427324e+00 -2.003049893583349061e-01 -3.222192655645967491e-02 -1.680830628018715744e-01
3.452979298455000290e+00 -2.007723408615271210e-01 -3.233908310104428169e-02 -1.684332577604854275e-01
3.454090656534573700e+00 -2.012288889574281869e-01 -3.242203721508180037e-02 -1.688068517423488568e-01
3.455202014614147110e+00 -2.016436289665224924e-01 -3.246167482179028452e-02 -1.691819541447265596e-01
3.456313372693720076e+00 -2.020015760700752672e-01 -3.246503299993221126e-02 -1.695365430701379628e-01
3.457424730773293486e+00 -2.023095773344948112e-01 -3.245332650952562070e-02 -1.698562508249707448e-01
3.458536088852866897e+00 -2.025940599180277857e-01 -3.245464551035657369e-02 -1.701394144076747161e-01
3.459647446932439863e+00 -2.028914619980879686e-01 -3.249386399773963180e-02 -1.703975980003488988e-01
3.460758805012012829e+00 -2.032347883723030213e-01 -3.258337344521856221e-02 -1.706514149270799974e-01
3.461870163091586683e+00 -2.036411916333133731e-01 -3.271803665454753318e-02 -1.709231549787608717e-01
3.462981521171159649e+00 -2.041051605848934192e-01 -3.287630287134640783e-02 -1.712288577135473722e-01
3.464092879250732615e+00 -2.045999026161226531e-01 -3.302724435549416609e-02 -1.715726582606260375e-01
3.465204237330306025e+00 -2.050865491608682423e-01 -3.314114316122514226e-02 -1.719454059996365913e-01
3.466315595409879435e+00 -2.055279611449888078e-01 -3.319994255386142512e-02 -1.723280185911333640e-01
3.467426953489452401e+00 -2.059022013612809288e-01 -3.320386238102275567e-02 -1.726983389802561331e-01
3.468538311569025812e+00 -2.062108021463348040e-01 -3.317178217320104761e-02 -1.730390199731333123e-01
3.469649669648599222e+00 -2.064787804603618326e-01 -3.313516712719478258e-02 -1.733436133331658635e-01
3.470761027728172188e+00 -2.067462911553666904e-01 -3.312758373146876267e-02 -1.736187074238968175e-01
3.471872385807745598e+00 -2.070548087142010940e-01 -3.317341578680375880e-02 -1.738813929273973768e-01
3.472983743887319008e+00 -2.074327068719195311e-01 -3.327968823248133451e-02 -1.741530186394326662e-01
3.474095101966891974e+00 -2.078853470184381380e-01 -3.343382547144244099e-02 -1.744515215469973068e-01
3.475206460046464940e+00 -2.083931972299668256e-01 -3.360809344645503127e-02 -1.747851037835098376e-01
3.476317818126038350e+00 -2.089186508733052450e-01 -3.376913695648930958e-02 -1.751495139168157134e-01
3.477429176205611761e+00 -2.094191199591280417e-01 -3.388925489722377504e-02 -1.755298650619016299e-01
3.478540534285184727e+00 -2.098617543513983108e-01 -3.395548181836186702e-02 -1.759062725330354238e-01
3.479651892364758137e+00 -2.102345809337938243e-01 -3.397336253460674083e-02 -1.762612183991835446e-01
3.480763250444331547e+00 -2.105501632184853256e-01 -3.396421793068536005e-02 -1.765859452877935332e-01
3.481874608523904513e+00 -2.108405765059946646e-01 -3.395701584282651703e-02 -1.768835606631688206e-01
3.482985966603477923e+00 -2.111456023845310892e-01 -3.397785140027233947e-02 -1.771677509842571330e-01
3.484097324683051333e+00 -2.114984488336306423e-01 -3.404083451175258374e-02 -1.774576143218764834e-01
3.485208682762624299e+00 -2.119141374757862739e-01 -3.414360493580085448e-02 -1.777705325399865366e-01
3.486320040842197709e+00 -2.123846766524359886e-01 -3.426896940952188497e-02 -1.781157072429135901e-01
3.487431398921771120e+00 -2.128826405575667269e-01 -3.439191509184881534e-02 -1.784907254657163433e-01
3.488542757001344086e+00 -2.133717155890141048e-01 -3.448931469299434255e-02 -1.788824008960195056e-01
3.489654115080917052e+00 -2.138202685677350334e-01 -3.454870145608796017e-02 -1.792715671116461018e-01
3.490765473160490462e+00 -2.142129436470321946e-01 -3.457288810013118413e-02 -1.796400555468955218e-01
3.491876831240063872e+00 -2.145560757659867590e-01 -3.457877667815655032e-02 -1.799772990878309165e-01
3.492988189319636838e+00 -2.148750199113078629e-01 -3.459087107856420595e-02 -1.802841488327429353e-01
3.494099547399210248e+00 -2.152044816235998692e-01 -3.463196206431343183e-02 -1.805725195592802479e-01
3.495210905478783658e+00 -2.155754970763989753e-01 -3.471448698287330631e-02 -1.808610100935243159e-01
3.496322263558356624e+00 -2.160039128621222826e-01 -3.483579595077378188e-02 -1.811681169113434353e-01
3.497433621637930035e+00 -2.164846219514262315e-01 -3.497908729342887046e-02 -1.815055346579952378e-01
3.498544979717503445e+00 -2.169936503653160376e-01 -3.511965328823052346e-02 -1.818739970770785197e-01
3.499656337797076411e+00 -2.174972628815463327e-01 -3.523409008259740377e-02 -1.822631727989500738e-01
3.500767695876649377e+00 -2.179646496644700449e-01 -3.530901161342180072e-02 -1.826556380510488964e-01
3.501879053956223231e+00 -2.183794335671569997e-01 -3.534598343753792005e-02 -1.830334501296243255e-01
3.502990412035796197e+00 -2.187456890815678845e-01 -3.536079858323981640e-02 -1.833848904983247929e-01
3.504101770115369163e+00 -2.190862211053520858e-01 -3.537733660040426331e-02 -1.837088845049481278e-01
3.505213128194942573e+00 -2.194337517744327504e-01 -3.541829310657469698e-02 -1.840154586678602044e-01
3.506324486274515984e+00 -2.198183287347805492e-01 -3.549627510219378890e-02 -1.843220536325842485e-01
3.507435844354088950e+00 -2.202557039766278590e-01 -3.560866645299454181e-02 -1.846470375236332617e-01
3.508547202433662360e+00 -2.207410967408261204e-01 -3.573829587341677966e-02 -1.850028008674084734e-01
3.509658560513235770e+00 -2.212507609444250289e-01 -3.585978130076578063e-02 -1.853909796436586932e-01
3.510769918592808736e+00 -2.217508587268573472e-01 -3.594927405938660309e-02 -1.858015846674688498e-01
3.511881276672382146e+00 -2.222103793792394866e-01 -3.599398707947312759e-02 -1.862163922997637500e-01
3.512992634751955556e+00 -2.226132709805839494e-01 -3.599787857539100272e-02 -1.866153924051912605e-01
3.514103992831528522e+00 -2.229651716623343716e-01 -3.598120732931377880e-02 -1.869839643330165335e-01
3.515215350911101488e+00 -2.232920793687367678e-01 -3.597390632051129800e-02 -1.873181730482277041e-01
3.516326708990675343e+00 -2.236312785606071885e-01 -3.600502881135118211e-02 -1.876262497492501291e-01
3.517438067070248309e+00 -2.240177532762302748e-01 -3.609205141226348029e-02 -1.879257018639661492e-01
3.518549425149821275e+00 -2.244710723248322104e-01 -3.623398766024751860e-02 -1.882370846645876894e-01
3.519660783229394685e+00 -2.249876612022109479e-01 -3.641097842084249636e-02 -1.885766827813686042e-01
3.520772141308968095e+00 -2.255414717333467378e-01 -3.659072110066931977e-02 -1.889507506326780495e-01
3.521883499388541061e+00 -2.260929991548540074e-01 -3.673960068729651557e-02 -1.893533984675581094e-01
3.522994857468114471e+00 -2.266034921667363367e-01 -3.683460399545250563e-02 -1.897688881712850661e-01
3.524106215547687881e+00 -2.270492041069135658e-01 -3.687170378273608995e-02 -1.901775003241766571e-01
3.525217573627260848e+00 -2.274304034310218603e-01 -3.686756926955338937e-02 -1.905628341614654109e-01
3.526328931706834258e+00 -2.277716836778495291e-01 -3.685380502202756370e-02 -1.909178786558237972e-01
3.527440289786407668e+00 -2.281132531707322775e-01 -3.686561557788820692e-02 -1.912476375928432726e-01
3.528551647865980634e+00 -2.284962116095563545e-01 -3.692886782328628353e-02 -1.915673437862686346e-01
3.529663005945553600e+00 -2.289471131935781889e-01 -3.705021029147596845e-02 -1.918969029021003747e-01
3.530774364025127454e+00 -2.294675095336860537e-01 -3.721392742942910420e-02 -1.922535821042560822e-01
3.531885722104700420e+00 -2.300324759735056790e-01 -3.738687346936428457e-02 -1.926456025041387576e-01
3.532997080184273386e+00 -2.305989271752318381e-01 -3.752995500964819570e-02 -1.930689721655795554e-01
3.534108438263846796e+00 -2.311209597091954671e-01 -3.761223540018230477e-02 -1.935087243090131692e-01
3.535219796343420207e+00 -2.315668157682342077e-01 -3.762268711034770508e-02 -1.939441286578852952e-01
3.536331154422993173e+00 -2.319313256797674583e-01 -3.757532312552150366e-02 -1.943560025542410696e-01
3.537442512502566583e+00 -2.322391650441611166e-01 -3.750567873606503594e-02 -1.947334863080910083e-01
3.538553870582139993e+00 -2.325374641735963033e-01 -3.745962290225141045e-02 -1.950778412713442544e-01
3.539665228661712959e+00 -2.328801086640801821e-01 -3.747819990104188370e-02 -1.954019087630391172e-01
3.540776586741286369e+00 -2.333091096534763431e-01 -3.758366902735033044e-02 -1.957254406261206836e-01
3.541887944820859779e+00 -2.338395918868449164e-01 -3.777158584736296093e-02 -1.960680060394802970e-01
3.542999302900432745e+00 -2.344537945287733516e-01 -3.801174327879370402e-02 -1.964420512499781002e-01
3.544110660980005711e+00 -2.351063797454422122e-01 -3.825775713487722385e-02 -1.968486226105616577e-01
3.545222019059579566e+00 -2.357393778181270105e-01 -3.846209390668282879e-02 -1.972772839114446120e-01
3.546333377139152532e+00 -2.363016701681192877e-01 -3.859144591420586579e-02 -1.977102242539091337e-01
3.547444735218725498e+00 -2.367662523975223587e-01 -3.863722969341153862e-02 -1.981290227041054286e-01
3.548556093298298908e+00 -2.371392386336722835e-01 -3.861766965054243966e-02 -1.985215689831254238e-01
3.549667451377872318e+00 -2.374574326380982092e-01 -3.857084414695397673e-02 -1.988865884911405479e-01
3.550778809457445284e+00 -2.377752989650260274e-01 -3.854119514964461646e-02 -1.992341038153785937e-01
3.551890167537018694e+00 -2.381459018142679795e-01 -3.856424089446335024e-02 -1.995816609197984814e-01
3.553001525616592104e+00 -2.386025111315226432e-01 -3.865480143431155452e-02 -1.999477096972076540e-01
3.554112883696165071e+00 -2.391473399394315746e-01 -3.880275618826223988e-02 -2.003445837511630134e-01
3.555224241775738481e+00 -2.397513494438038850e-01 -3.897766436766145204e-02 -2.007736850761455971e-01
3.556335599855311891e+00 -2.403651324611146556e-01 -3.914044906156226994e-02 -2.012246833995538497e-01
3.557446957934884857e+00 -2.409369561305934326e-01 -3.925788167946839963e-02 -2.016790744511216815e-01
3.558558316014457823e+00 -2.414315112799029217e-01 -3.931467200137511026e-02 -2.021168392785246126e-01
3.559669674094031233e+00 -2.418426818194177597e-01 -3.931888858668979025e-02 -2.025237932327297874e-01
3.560781032173604643e+00 -2.421957964095357851e-01 -3.929886349587587147e-02 -2.028969329136573463e-01
3.561892390253177609e+00 -2.425385881099081931e-01 -3.929279749331318627e-02 -2.032457906165931749e-01
3.563003748332751019e+00 -2.429241200232072351e-01 -3.933487990139107604e-02 -2.035892401218153958e-01
3.564115106412324430e+00 -2.433917945116332582e-01 -3.944294618848956380e-02 -2.039488483231422511e-01
3.565226464491897396e+00 -2.439532296331671235e-01 -3.961209382622674080e-02 -2.043411358069372741e-01
3.566337822571470806e+00 -2.445880251636052272e-01 -3.981649234372656304e-02 -2.047715328198824181e-01
3.567449180651044216e+00 -2.452508886296508595e-01 -4.001865309853908786e-02 -2.052322355311136381e-01
3.568560538730617182e+00 -2.458875272302889214e-01 -4.018274290978569169e-02 -2.057047843205000726e-01
3.569671896810190592e+00 -2.464535939283316324e-01 -4.028709892915942337e-02 -2.061664949991627582e-01
3.570783254889764002e+00 -2.469299213069407750e-01 -4.033143850300027061e-02 -2.065984828039407750e-01
3.571894612969336968e+00 -2.473286561200228051e-01 -4.033622634917545524e-02 -2.069924297708438943e-01
3.573005971048909934e+00 -2.476882144404654318e-01 -4.033454025763579670e-02 -2.073536741828243546e-01
3.574117329128483345e+00 -2.480590119596951248e-01 -4.035951506559713048e-02 -2.076994968940973074e-01
3.575228687208056755e+00 -2.484852269575072714e-01 -4.043204459672531531e-02 -2.080531823607784936e-01
3.576340045287629721e+00 -2.489892337574061698e-01 -4.055329927454609518e-02 -2.084359344828570770e-01
3.577451403367203131e+00 -2.495643100781458901e-01 -4.070481755550100361e-02 -2.088594925226456844e-01
3.578562761446776541e+00 -2.501781570778691122e-01 -4.085610958081697941e-02 -2.093220474970495792e-01
3.579674119526349507e+00 -2.507857971220364135e-01 -4.097690467139410847e-02 -2.098088924506374131e-01
3.580785477605922917e+00 -2.513469818907221320e-01 -4.104941441486820858e-02 -2.102975674758481850e-01
3.581896835685496328e+00 -2.518416052122262050e-01 -4.107592750740910598e-02 -2.107656777048153018e-01
3.583008193765069294e+00 -2.522773700714822653e-01 -4.107873923600514204e-02 -2.111986308354758535e-01
3.584119551844642260e+00 -2.526868336019095218e-01 -4.109224679798528096e-02 -2.115945868039258160e-01
3.585230909924216114e+00 -2.531148980532080817e-01 -4.114998483835326237e-02 -2.119649132148506143e-01
3.586342268003789080e+00 -2.536013849154032385e-01 -4.127135058548343782e-02 -2.123300343299183157e-01
3.587453626083362046e+00 -2.541652088935274501e-01 -4.145302941487680887e-02 -2.127121794786492048e-01
3.588564984162935456e+00 -2.547961542519308620e-01 -4.166854789038006157e-02 -2.131276063615506200e-01
3.589676342242508866e+00 -2.554575154573837659e-01 -4.187649127567781571e-02 -2.135810241817063804e-01
3.590787700322081832e+00 -2.560988806326246481e-01 -4.203475071735071622e-02 -2.140641299152722388e-01
3.591899058401655243e+00 -2.566745575424659309e-01 -4.211585891646943414e-02 -2.145586986259949980e-01
3.593010416481228653e+00 -2.571609554309302603e-01 -4.211788963294797739e-02 -2.150430657979800209e-01
3.594121774560801619e+00 -2.575664642841795637e-01 -4.206678984111980601e-02 -2.154996744430569822e-01
3.595233132640375029e+00 -2.579299684209134802e-01 -4.200893273703880382e-02 -2.159210356838749123e-01
3.596344490719948439e+00 -2.583081849516827844e-01 -4.199611850470747615e-02 -2.163120664469736498e-01
3.597455848799521405e+00 -2.587560804632941802e-01 -4.206799579774492953e-02 -2.166880846655464266e-01
3.598567206879094371e+00 -2.593072207888316716e-01 -4.223794102614351897e-02 -2.170692797626869452e-01
3.599678564958668225e+00 -2.599610881244605043e-01 -4.248740276367481139e-02 -2.174736853607804332e-01
3.600789923038241191e+00 -2.606820574686314340e-01 -4.277091442791073478e-02 -2.179111430407172922e-01
3.601901281117814158e+00 -2.614106659615166861e-01 -4.303034816115783312e-02 -2.183803178003590473e-01
3.603012639197387568e+00 -2.620834636404447138e-01 -4.321377804606934409e-02 -2.188696855943711717e-01
3.604123997276960978e+00 -2.626546483074702620e-01 -4.329266058711078030e-02 -2.193619877203552837e-01
3.605235355356533944e+00 -2.631119705933663289e-01 -4.327151888131793023e-02 -2.198404517120435553e-01
3.606346713436107354e+00 -2.634813224442044688e-01 -4.318679148412610941e-02 -2.202945309600719825e-01
3.607458071515680764e+00 -2.638183296567398473e-01 -4.309514295557319297e-02 -2.207231867011681947e-01
3.608569429595253730e+00 -2.641897872352552690e-01 -4.305508992908471666e-02 -2.211346973061720789e-01
3.609680787674827140e+00 -2.646513144272473750e-01 -4.310805639720937527e-02 -2.215432580300371879e-01
3.610792145754400551e+00 -2.652289169100809918e-01 -4.326516079209030002e-02 -2.219637561179908791e-01
3.611903503833973517e+00 -2.659107658909981020e-01 -4.350409255998494151e-02 -2.224066733310125221e-01
3.613014861913546483e+00 -2.666519268823045463e-01 -4.377702605750215248e-02 -2.228749008248018249e-01
3.614126219993120337e+00 -2.673902589195546464e-01 -4.402681219366750415e-02 -2.233634467258842071e-01
3.615237578072693303e+00 -2.680678475960250329e-01 -4.420594527292064091e-02 -2.238619023231053773e-01
3.616348936152266269e+00 -2.686504830419712553e-01 -4.429194616358644865e-02 -2.243585368783774792e-01
3.617460294231839679e+00 -2.691384811425253099e-01 -4.429410210107352641e-02 -2.248443790414503818e-01
3.618571652311413089e+00 -2.695652704402904387e-01 -4.424948843991446251e-02 -2.253157820003761636e-01
3.619683010390986055e+00 -2.699845030503356114e-01 -4.420983050718719359e-02 -2.257746725431499790e-01
3.620794368470559466e+00 -2.704504531524448696e-01 -4.422380198737625029e-02 -2.262266511650655454e-01
3.621905726550132876e+00 -2.709987327816448799e-01 -4.432078217747122129e-02 -2.266779506041670944e-01
3.623017084629705842e+00 -2.716341060145961994e-01 -4.450145945553678206e-02 -2.271326465590540467e-01
3.624128442709279252e+00 -2.723295450833322362e-01 -4.473823558668726941e-02 -2.275913094966443562e-01
3.625239800788852662e+00 -2.730366175088541070e-01 -4.498502442287012626e-02 -2.280515930859834117e-01
3.626351158868425628e+00 -2.737032835620153981e-01 -4.519291252873926246e-02 -2.285103710332762605e-01
3.627462516947998594e+00 -2.742926415682206964e-01 -4.532630931811653524e-02 -2.289663322500963827e-01
3.628573875027572448e+00 -2.747959621479512116e-01 -4.537424152374711778e-02 -2.294217206242041285e-01
3.629685233107145415e+00 -2.752355269450277309e-01 -4.535326662627867794e-02 -2.298822603187424263e-01
3.630796591186718381e+00 -2.756565100074309660e-01 -4.530140806189543456e-02 -2.303551019455306048e-01
3.631907949266291791e+00 -2.761110481772655056e-01 -4.526551378962648253e-02 -2.308455343876357757e-01
3.633019307345865201e+00 -2.766403367093903665e-01 -4.528648819314451401e-02 -2.313538485162357772e-01
3.634130665425438167e+00 -2.772611191546893727e-01 -4.538729364950069844e-02 -2.318738255051765451e-01
3.635242023505011577e+00 -2.779611741235249456e-01 -4.556739143653053964e-02 -2.323937826869922618e-01
3.636353381584584987e+00 -2.787050283800662220e-01 -4.580490241676821173e-02 -2.329001259632913212e-01
3.637464739664157953e+00 -2.794474076375045857e-01 -4.606510471699411940e-02 -2.333823029205046862e-01
3.638576097743731363e+00 -2.801492356496071423e-01 -4.631188650842350124e-02 -2.338373491411809280e-01
3.639687455823304774e+00 -2.807902720449070855e-01 -4.651809137566000063e-02 -2.342721806692457942e-01
3.640798813902877740e+00 -2.813739572905744057e-01 -4.667148333095339635e-02 -2.347024739596143550e-01
3.641910171982450706e+00 -2.819231116956329442e-01 -4.677493675823436725e-02 -2.351481749373974806e-01
3.643021530062024116e+00 -2.824686335629630340e-01 -4.684167113340355348e-02 -2.356269624295555254e-01
3.644132888141597526e+00 -2.830359397797014287e-01 -4.688806829560743933e-02 -2.361478714840888338e-01
3.645244246221170492e+00 -2.836346240613371039e-01 -4.692722617011885200e-02 -2.367073978912157817e-01
3.646355604300743902e+00 -2.842554187770284790e-01 -4.696575353772233091e-02 -2.372896652393048922e-01
3.647466962380317312e+00 -2.848755835819372639e-01 -4.700471723076622005e-02 -2.378708663511716059e-01
3.648578320459890278e+00 -2.854704505231156486e-01 -4.704378490711663696e-02 -2.384266656159991782e-01
3.649689678539463689e+00 -2.860263381970868934e-01 -4.708621597364320149e-02 -2.389401222234401323e-01
3.650801036619037099e+00 -2.865493867484482648e-01 -4.714198800411312229e-02 -2.394073987443318396e-01
3.651912394698610065e+00 -2.870663417132464645e-01 -4.722714300819168265e-02 -2.398391987050537688e-01
3.653023752778183475e+00 -2.876163973857264189e-01 -4.735907571270254329e-02 -2.402573216730212458e-01
3.654135110857756885e+00 -2.882367483115444995e-01 -4.754931133006976701e-02 -2.406874369814743508e-01
3.655246468937329851e+00 -2.889471436066404220e-01 -4.779659937470224357e-02 -2.411505442319383519e-01
3.656357827016902817e+00 -2.897394532796153110e-01 -4.808335006074313661e-02 -2.416561032188662694e-01
3.657469185096476227e+00 -2.905767017342962277e-01 -4.837743451866870215e-02 -2.421992672156200732e-01
3.658580543176049638e+00 -2.914027073452556404e-01 -4.863949379363603082e-02 -2.427632135516188117e-01
3.659691901255622604e+00 -2.921595672469268212e-01 -4.883383052526128060e-02 -2.433257367216622169e-01
3.660803259335196014e+00 -2.928071723860224407e-01 -4.893946228118635500e-02 -2.438677101048339624e-01
3.661914617414769424e+00 -2.933378867337203544e-01 -4.895757755287378360e-02 -2.443803091808429973e-01
3.663025975494342390e+00 -2.937809301222027991e-01 -4.891262738339953453e-02 -2.448683027387999478e-01
3.664137333573915800e+00 -2.941944350906421923e-01 -4.884630196711545191e-02 -2.453481331235213558e-01
3.665248691653489210e+00 -2.946474261905768222e-01 -4.880600120091310723e-02 -2.458414249896609949e-01
3.666360049733062176e+00 -2.951975827064300395e-01 -4.883129382951274106e-02 -2.463662888769125314e-01
3.667471407812635142e+00 -2.958722858283948098e-01 -4.894260804445437624e-02 -2.469296777839368462e-01
3.668582765892208997e+00 -2.966594920374682198e-01 -4.913573351335732975e-02 -2.475237585241082672e-01
3.669694123971781963e+00 -2.975117046308308200e-01 -4.938385476669397006e-02 -2.481278498641341368e-01
3.670805482051354929e+00 -2.983618492713384640e-01 -4.964640539238990291e-02 -2.487154438789437594e-01
3.671916840130928339e+00 -2.991457501168592326e-01 -4.988185144797792347e-02 -2.492638986688814617e-01
3.673028198210501749e+00 -2.998235944939789954e-01 -5.006030839992154508e-02 -2.497632860940572908e-01
3.674139556290074715e+00 -3.003930882073203579e-01 -5.017205412775219836e-02 -2.502210340795645860e-01
3.675250914369648125e+00 -3.008898452022593650e-01 -5.022943772892675407e-02 -2.506604074733243537e-01
3.676362272449221535e+00 -3.013749412780497017e-01 -5.026188669221875321e-02 -2.511130545858267782e-01
3.677473630528794502e+00 -3.019139651690062043e-01 -5.030592722307580811e-02 -2.516080379459244565e-01
3.678584988608367912e+00 -3.025547888756286996e-01 -5.039362112836326402e-02 -2.521611677472627155e-01
3.679696346687941322e+00 -3.033116537146752778e-01 -5.054312787371749438e-02 -2.527685258409562707e-01
3.680807704767514288e+00 -3.041609141997416721e-01 -5.075418204973419084e-02 -2.534067321500028669e-01
3.681919062847087254e+00 -3.050497041887206273e-01 -5.100950932047731284e-02 -2.540401948682403654e-01
3.683030420926661108e+00 -3.059143261004300118e-01 -5.128122909158983056e-02 -2.546330970088379053e-01
3.684141779006234074e+00 -3.067018731640681062e-01 -5.153978253390335135e-02 -2.551620906301585445e-01
3.685253137085807040e+00 -3.073876072912761770e-01 -5.176235093712841517e-02 -2.556252563541460687e-01
3.686364495165380450e+00 -3.079822404258877877e-01 -5.193820938848225238e-02 -2.560440310373964801e-01
3.687475853244953861e+00 -3.085268937747577822e-01 -5.206974116313200368e-02 -2.564571526116226630e-01
3.688587211324526827e+00 -3.090778328901465644e-01 -5.216940880141938269e-02 -2.569084240887253290e-01
3.689698569404100237e+00 -3.096865700442310021e-01 -5.225427000705609726e-02 -2.574323000371689374e-01
3.690809927483673647e+00 -3.103823813093793960e-01 -5.234021960020907721e-02 -2.580421617091678832e-01
3.691921285563246613e+00 -3.111632378861139969e-01 -5.243789931892234302e-02 -2.587253385671880457e-01
3.693032643642820023e+00 -3.119980259953892832e-01 -5.255132404339595692e-02 -2.594467019519873796e-01
3.694144001722393433e+00 -3.128388785703219432e-01 -5.267912575490686644e-02 -2.601597528154094841e-01
3.695255359801966399e+00 -3.136389188035603182e-01 -5.281736934208550865e-02 -2.608215494614760099e-01
3.696366717881539365e+00 -3.143689537441631265e-01 -5.296248078553859873e-02 -2.614064729586249025e-01
3.697478075961113220e+00 -3.150272345038009347e-01 -5.311304462286876860e-02 -2.619141898809340674e-01
3.698589434040686186e+00 -3.156390507063112083e-01 -5.326991557598735605e-02 -2.623691351303202857e-01
3.699700792120259152e+00 -3.162466511155183624e-01 -5.343491834209388586e-02 -2.628117327734216802e-01
3.700812150199832562e+00 -3.168934224997310700e-01 -5.360902185702998146e-02 -2.632844006426937611e-01
3.701923508279405972e+00 -3.176081935762384845e-01 -5.379103079340154941e-02 -2.638171627828331811e-01
3.703034866358978938e+00 -3.183953096436066277e-01 -5.397750733497756748e-02 -2.644178023086246054e-01
3.704146224438552348e+00 -3.192338853645406149e-01 -5.416399861790514858e-02 -2.650698867466362851e-01
3.705257582518125758e+00 -3.200862469589359494e-01 -5.434700030236441076e-02 -2.657392466565659528e-01
3.706368940597698725e+00 -3.209122718207527147e-01 -5.452572409827916022e-02 -2.663865477224682254e-01
3.707480298677272135e+00 -3.216843055910292293e-01 -5.470281120211990117e-02 -2.669814943889005088e-01
3.708591656756845545e+00 -3.223972735155827829e-01 -5.488360104462183808e-02 -2.675136724709579195e-01
3.709703014836418511e+00 -3.230704666810566006e-01 -5.507420761727308683e-02 -2.679962590637823272e-01
3.710814372915991477e+00 -3.237405448148105713e-01 -5.527918041554426981e-02 -2.684613643992640464e-01
3.711925730995565331e+00 -3.244484197044768536e-01 -5.549969577816993294e-02 -2.689487239263039786e-01
3.713037089075138297e+00 -3.252247490852614997e-01 -5.573296181510766639e-02 -2.694917872701509953e-01
3.714148447154711263e+00 -3.260790849458832241e-01 -5.597294954379245652e-02 -2.701061354020906080e-01
3.715259805234284674e+00 -3.269962471019942640e-01 -5.621195410027635120e-02 -2.707842930017128613e-01
3.716371163313858084e+00 -3.279408436787321635e-01 -5.644213928207164610e-02 -2.714987043966552993e-01
3.717482521393431050e+00 -3.288680422263230985e-01 -5.665631175506502526e-02 -2.722117304712556307e-01
3.718593879473004460e+00 -3.297367249077798323e-01 -5.684768820663060884e-02 -2.728890367011459483e-01
3.719705237552577870e+00 -3.305206882040053196e-01 -5.700912713948245308e-02 -2.735115610645147965e-01
3.720816595632150836e+00 -3.312146313059300962e-01 -5.713284132217570643e-02 -2.740817899837497684e-01
3.721927953711724246e+00 -3.318337950128576463e-01 -5.721166275617352304e-02 -2.746221322566796408e-01
3.723039311791297656e+00 -3.324083885456252663e-01 -5.724236308700815512e-02 -2.751660254586175691e-01
3.724150669870870622e+00 -3.329755016661543054e-01 -5.723048146978215039e-02 -2.757450201963667080e-01
3.725262027950443589e+00 -3.335715137105702555e-01 -5.719497942831457821e-02 -2.763765342822531168e-01
3.726373386030016999e+00 -3.342270865190598572e-01 -5.717034896552460749e-02 -2.770567375535310517e-01
3.727484744109590409e+00 -3.349651820231129840e-01 -5.720397871027266962e-02 -2.777612033128346591e-01
3.728596102189163375e+00 -3.358009723075433550e-01 -5.734777692952942874e-02 -2.784531953780106650e-01
3.729707460268736785e+00 -3.367417399738666384e-01 -5.764500527636815669e-02 -2.790967346974935204e-01
3.730818818348310195e+00 -3.377852507050599917e-01 -5.811537817569549513e-02 -2.796698725293633170e-01
3.731930176427883161e+00 -3.389164349213612537e-01 -5.874294170019388195e-02 -2.801734932211653595e-01
3.733041534507456571e+00 -3.401038920624707140e-01 -5.947138246756682178e-02 -2.806325095948975501e-01
3.734152892587029982e+00 -3.412988827318534368e-01 -6.020993527051280575e-02 -2.810889474613377237e-01
3.735264250666602948e+00 -3.424394212115829395e-01 -6.085021050061305975e-02 -2.815892107109643772e-01
3.736375608746176358e+00 -3.434606246711572330e-01 -6.129083001839029377e-02 -2.821697946527627066e-01
3.737486966825749768e+00 -3.443100276836025819e-01 -6.146383510995556687e-02 -2.828461925736405203e-01
3.738598324905322734e+00 -3.449640385626166483e-01 -6.135546249777868583e-02 -2.836085760648346943e-01
3.739709682984895700e+00 -3.454401699271402171e-01 -6.101470859989482909e-02 -2.844254613272391707e-01
3.740821041064469110e+00 -3.457999325580135008e-01 -6.054607719548869837e-02 -2.852538553625174056e-01
3.741932399144042520e+00 -3.461395355619922842e-01 -6.008726887639667669e-02 -2.860522666855964680e-01
3.743043757223615486e+00 -3.465692246507148799e-01 -5.977703958589160316e-02 -2.867921850648212367e-01
3.744155115303188897e+00 -3.471860342417111833e-01 -5.972162192338362208e-02 -2.874644123183237032e-01
3.745266473382762307e+00 -3.480475221340241232e-01 -5.996889505975836615e-02 -2.880786270742664024e-01
3.746377831462335273e+00 -3.491545731090353044e-01 -6.049754601753588173e-02 -2.886570270914951553e-01
3.747489189541908683e+00 -3.504491965702968281e-01 -6.122428893579536652e-02 -2.892249076344997061e-01
3.748600547621482093e+00 -3.518289240148736452e-01 -6.202703428131519509e-02 -2.898018897335561395e-01
3.749711905701055059e+00 -3.531742565122441002e-01 -6.277731266595515391e-02 -2.903969438462861707e-01
3.750823263780628025e+00 -3.543813212396960677e-01 -6.337268552572102032e-02 -2.910086357139688440e-01
3.751934621860201879e+00 -3.553899672575875912e-01 -6.376011754960944633e-02 -2.916298497079716778e-01
3.753045979939774845e+00 -3.561987204344849722e-01 -6.394424769393375341e-02 -2.922544727405447240e-01
3.754157338019347812e+00 -3.568620422700505279e-01 -6.397921196636498220e-02 -2.928828303036802305e-01
3.755268696098921222e+00 -3.574709323698025965e-01 -6.394762444818349878e-02 -2.935233079216186258e-01
3.756380054178494632e+00 -3.581232404322061691e-01 -6.393394494487926460e-02 -2.941892954873228105e-01
3.757491412258067598e+00 -3.588933199177674616e-01 -6.400065029500350000e-02 -2.948926696227591737e-01
3.758602770337641008e+00 -3.598107417289396204e-01 -6.417410289678393553e-02 -2.956366388321555183e-01
3.759714128417214418e+00 -3.608546438980945181e-01 -6.444339379498789655e-02 -2.964112501031082036e-01
3.760825486496787384e+00 -3.619649795883620458e-01 -6.477101608815132028e-02 -2.971939635002057156e-01
3.761936844576360794e+00 -3.630662495746200258e-01 -6.511049975421225045e-02 -2.979557498204035704e-01
3.763048202655934205e+00 -3.640952054616845013e-01 -6.542431184225729057e-02 -2.986708936194210073e-01
3.764159560735507171e+00 -3.650228804766717516e-01 -6.569589546561670212e-02 -2.993269850110504837e-01
3.765270918815080137e+00 -3.658635073833543805e-01 -6.593233926240414655e-02 -2.999311681209504421e-01
3.766382276894653991e+00 -3.666676192872602713e-01 -6.615779570234847640e-02 -3.005098235849025801e-01
3.767493634974226957e+00 -3.675022208827860570e-01 -6.640106290995435867e-02 -3.011011579728263832e-01
3.768604993053799923e+00 -3.684253998253845808e-01 -6.668256025614870131e-02 -3.017428395692283716e-01
3.769716351133373333e+00 -3.694645618781298713e-01 -6.700570513662908179e-02 -3.024588567414961959e-01
3.770827709212946743e+00 -3.706060164560007197e-01 -6.735564872362760636e-02 -3.032503677323732938e-01
3.771939067292519709e+00 -3.717994719237666668e-01 -6.770532352626204564e-02 -3.040941483974964887e-01
3.773050425372093120e+00 -3.729756392509778751e-01 -6.802597769742507738e-02 -3.049496615535469135e-01
3.774161783451666530e+00 -3.740705126898691280e-01 -6.829785933706380985e-02 -3.057726533527962420e-01
3.775273141531239496e+00 -3.750476370769498247e-01 -6.851697682422067115e-02 -3.065306602527207436e-01
3.776384499610812906e+00 -3.759105531013097745e-01 -6.869569934615198104e-02 -3.072148537551538938e-01
3.777495857690386316e+00 -3.767012655210797423e-01 -6.885756728274150529e-02 -3.078436982383332410e-01
3.778607215769959282e+00 -3.774856416869987186e-01 -6.902897052987203019e-02 -3.084566711571211650e-01
3.779718573849532248e+00 -3.783312656235492955e-01 -6.923139949736462073e-02 -3.090998661261796232e-01
3.780829931929106102e+00 -3.792857820532024582e-01 -6.947738293728474013e-02 -3.098083991159165662e-01
3.781941290008679069e+00 -3.803632953837654540e-01 -6.977129053500445710e-02 -3.105920048487605944e-01
3.783052648088252035e+00 -3.815431762294868023e-01 -7.011375703683363214e-02 -3.114294191926513244e-01
3.784164006167825445e+00 -3.827809155402868146e-01 -7.050665796720678724e-02 -3.122742575730731440e-01
3.785275364247398855e+00 -3.840262355568569985e-01 -7.095518524407799787e-02 -3.130710503127759892e-01
3.786386722326971821e+00 -3.852411712360888085e-01 -7.146488856572805193e-02 -3.137762826703592300e-01
3.787498080406545231e+00 -3.864111839235472301e-01 -7.203408693279669817e-02 -3.143770969907500601e-01
3.788609438486118641e+00 -3.875453859667699064e-01 -7.264476191912533354e-02 -3.149006240476418528e-01
3.789720796565691607e+00 -3.886664502546720024e-01 -7.325669871547231538e-02 -3.154097515391982021e-01
3.790832154645265017e+00 -3.897949966666864885e-01 -7.380935170360186648e-02 -3.159856449630798481e-01
3.791943512724838428e+00 -3.909355333218704764e-01 -7.423351922738249953e-02 -3.167020140944906692e-01
3.793054870804411394e+00 -3.920704638432591649e-01 -7.447112489568391558e-02 -3.175993389475672002e-01
3.794166228883984360e+00 -3.931654281938523066e-01 -7.449759177504990115e-02 -3.186678364187958690e-01
3.795277586963558214e+00 -3.941845459446116084e-01 -7.433901219909826164e-02 -3.198455337455113900e-01
3.796388945043131180e+00 -3.951097967242199749e-01 -7.407669263059739329e-02 -3.210331040936204583e-01
3.797500303122704146e+00 -3.959565354900432821e-01 -7.383491875896000534e-02 -3.221216167310789746e-01
3.798611661202277556e+00 -3.967779783557224826e-01 -7.375308606163155645e-02 -3.230248922940881506e-01
3.799723019281850966e+00 -3.976552350761125565e-01 -7.394895713103290247e-02 -3.237062779450737282e-01
3.800834377361423932e+00 -3.986748116924290208e-01 -7.448372284040183366e-02 -3.241910888520209699e-01
3.801945735440997343e+00 -3.999004977482054080e-01 -7.534016910185906135e-02 -3.245603286463468184e-01
3.803057093520570753e+00 -4.013492742180319039e-01 -7.642204186545446809e-02 -3.249272323525748130e-01
3.804168451600143719e+00 -4.029801904981468730e-01 -7.757644872235952560e-02 -3.254037417757832951e-01
3.805279809679717129e+00 -4.047011473885120392e-01 -7.863377211109651155e-02 -3.260673752774063128e-01
3.806391167759290539e+00 -4.063925099179047651e-01 -7.945356621537126574e-02 -3.269389437025299050e-01
3.807502525838863505e+00 -4.079405675068613624e-01 -7.996242273004985912e-02 -3.279781447768096436e-01
3.808613883918436471e+00 -4.092702000385867178e-01 -8.017187427576664971e-02 -3.290983257628151137e-01
3.809725241998009881e+00 -4.103660833213441661e-01 -8.017057352388383407e-02 -3.301955097974563769e-01
3.810836600077583292e+00 -4.112754793730603597e-01 -8.009330476015716349e-02 -3.311821746128946753e-01
3.811947958157156258e+00 -4.120918565764967734e-01 -8.007707549841738826e-02 -3.320147810780716968e-01
3.813059316236729668e+00 -4.129250965997824929e-01 -8.021892165996193091e-02 -3.327061749398163015e-01
3.814170674316303078e+00 -4.138685438402060490e-01 -8.054951379909813802e-02 -3.333190300411053020e-01
3.815282032395876044e+00 -4.149740114989156070e-01 -8.103121725325448943e-02 -3.339427942456568155e-01
3.816393390475449454e+00 -4.162427540432871442e-01 -8.158070279805104685e-02 -3.346620512452258556e-01
3.817504748555022864e+00 -4.176344705621337083e-01 -8.210745884406280004e-02 -3.355270117180689793e-01
3.818616106634595830e+00 -4.190897920310316382e-01 -8.255372328107070390e-02 -3.365360687499587833e-01
3.819727464714169241e+00 -4.205568681021322752e-01 -8.292060673629363110e-02 -3.376362613658321910e-01
3.820838822793742651e+00 -4.220114115475219196e-01 -8.326995447242363513e-02 -3.387414570750941212e-01
3.821950180873315617e+00 -4.234623702704366499e-01 -8.370026455973389456e-02 -3.397621057106957054e-01
3.823061538952888583e+00 -4.249412446549449274e-01 -8.430472432450471232e-02 -3.406365203304294043e-01
3.824172897032461993e+00 -4.264797531993518853e-01 -8.512665040367561886e-02 -3.413531027956726027e-01
3.825284255112035403e+00 -4.280855081126972994e-01 -8.612958179232690914e-02 -3.419559263203644228e-01
3.826395613191608369e+00 -4.297266230005826193e-01 -8.719500982507047415e-02 -3.425316131755075655e-01
3.827506971271181779e+00 -4.313331178263646315e-01 -8.815145462921997188e-02 -3.431816631971450482e-01
3.828618329350755189e+00 -4.328166214376380494e-01 -8.882738594814248989e-02 -3.439892354894906190e-01
3.829729687430328156e+00 -4.341025110677184662e-01 -8.911124860789527979e-02 -3.449912624598177047e-01
3.830841045509901566e+00 -4.351630614236058348e-01 -8.899798867752002629e-02 -3.461650727460842125e-01
3.831952403589474976e+00 -4.360386398447190226e-01 -8.860464727196211421e-02 -3.474339925727518708e-01
3.833063761669047942e+00 -4.368372998048890565e-01 -8.814705700565721169e-02 -3.486902427992245035e-01
3.834175119748620908e+00 -4.377103321497849975e-01 -8.788246057839141367e-02 -3.498278715713889486e-01
3.835286477828194762e+00 -4.388099711040513440e-01 -8.803469948155144553e-02 -3.507752716224967204e-01
3.836397835907767728e+00 -4.402424072558731583e-01 -8.872536947607877200e-02 -3.515170377797890433e-01
3.837509193987340694e+00 -4.420318885681753240e-01 -8.993347429812821592e-02 -3.520984142700453456e-01
3.838620552066914104e+00 -4.441088096696220178e-01 -9.149762385506733653e-02 -3.526111858145543065e-01
3.839731910146487515e+00 -4.463270694051258980e-01 -9.316132984920230675e-02 -3.531657395559207879e-01
3.840843268226060481e+00 -4.485061371335255509e-01 -9.464786386129103724e-02 -3.538582732722297952e-01
3.841954626305633891e+00 -4.504846309665904713e-01 -9.574120947923671354e-02 -3.547434214873503300e-01
3.843065984385207301e+00 -4.521678922329612771e-01 -9.634732056879209694e-02 -3.558205716641662519e-01
3.844177342464780267e+00 -4.535537146612662607e-01 -9.651613869081221431e-02 -3.570375759704557117e-01
3.845288700544353677e+00 -4.547276365115305863e-01 -9.641767088098712746e-02 -3.583099656305364644e-01
3.846400058623927087e+00 -4.558296050034281732e-01 -9.628063781798076870e-02 -3.595489671854435465e-01
3.847511416703500053e+00 -4.570037577305192111e-01 -9.631464348956236821e-02 -3.606891142409555662e-01
3.848622774783073019e+00 -4.583489931524690197e-01 -9.664222768940440578e-02 -3.617067654630570228e-01
3.849734132862646874e+00 -4.598877310940485130e-01 -9.726362714560185529e-02 -3.626241039484429107e-01
3.850845490942219840e+00 -4.615637787820135451e-01 -9.806572245832698154e-02 -3.634980563236860363e-01
3.851956849021792806e+00 -4.632697375509690074e-01 -9.887132379961152684e-02 -3.643984137513532340e-01
3.853068207101366216e+00 -4.648936182020142471e-01 -9.951090509792685779e-02 -3.653827131040808807e-01
3.854179565180939626e+00 -4.663671728444161446e-01 -9.989101041304239426e-02 -3.664761624313698785e-01
3.855290923260512592e+00 -4.676975727776127578e-01 -1.000346263679144920e-01 -3.676629464096947686e-01
3.856402281340086002e+00 -4.689699220026001258e-01 -1.000785603853584366e-01 -3.688913616172363463e-01
3.857513639419659413e+00 -4.703187101419149529e-01 -1.002279795126651413e-01 -3.700907306292500198e-01
3.858624997499232379e+00 -4.718779088332716309e-01 -1.006835241705886369e-01 -3.711943846626835075e-01
3.859736355578805789e+00 -4.737277716156365059e-01 -1.015664665979154335e-01 -3.721613050177180471e-01
3.860847713658379199e+00 -4.758583420799512020e-01 -1.028686281104629341e-01 -3.729897139694889341e-01
3.861959071737952165e+00 -4.781642886158015693e-01 -1.044456245388974969e-01 -3.737186640769007973e-01
3.863070429817525131e+00 -4.804746956047153406e-01 -1.060571761689754061e-01 -3.744175194357383107e-01
3.864181787897098985e+00 -4.826086817393979711e-01 -1.074417848864701458e-01 -3.751668968529240922e-01
3.865293145976671951e+00 -4.844377936739803214e-01 -1.084007806554163483e-01 -3.760370130185589077e-01
3.866404504056244917e+00 -4.859327720789469174e-01 -1.088629558981746570e-01 -3.770698161807696236e-01
3.867515862135818328e+00 -4.871769841568627801e-01 -1.089072172385612269e-01 -3.782697669182992772e-01
3.868627220215391738e+00 -4.883401677257464546e-01 -1.087348937800841076e-01 -3.796052739456591829e-01
3.869738578294964704e+00 -4.896202767508541775e-01 -1.086007193344548649e-01 -3.810195574163930399e-01
3.870849936374538114e+00 -4.911731383948961249e-01 -1.087260283663109145e-01 -3.824471100285827818e-01
3.871961294454111524e+00 -4.930549208449921395e-01 -1.092242394704562025e-01 -3.838306813745343549e-01
3.873072652533684490e+00 -4.951988847899347901e-01 -1.100648159686343358e-01 -3.851340688212956942e-01
3.874184010613257900e+00 -4.974364536224747946e-01 -1.110887607592582343e-01 -3.863476928632117446e-01
3.875295368692831310e+00 -4.995570701851659856e-01 -1.120707478726566259e-01 -3.874863223125036837e-01
3.876406726772404276e+00 -5.013870226933977436e-01 -1.128064114637156029e-01 -3.885806112296811277e-01
3.877518084851977243e+00 -5.028595871108062498e-01 -1.131939384554946915e-01 -3.896656486553100041e-01
3.878629442931551097e+00 -5.040505208526246950e-01 -1.132803752325499264e-01 -3.907701456200644574e-01
3.879740801011124063e+00 -5.051639625230917030e-01 -1.132547497284988325e-01 -3.919092127945865700e-01
3.880852159090697029e+00 -5.064706389646205231e-01 -1.133883781829768816e-01 -3.930822607816396586e-01
3.881963517170270439e+00 -5.082172544222101074e-01 -1.139413536440385538e-01 -3.942759007781631575e-01
3.883074875249843849e+00 -5.105370749164251931e-01 -1.150667310380962538e-01 -3.954703438783296887e-01
3.884186233329416815e+00 -5.133928858138372409e-01 -1.167458466974083398e-01 -3.966470391164281240e-01
3.885297591408990225e+00 -5.165738892693412243e-01 -1.187786270153068924e-01 -3.977952622540281147e-01
3.886408949488563636e+00 -5.197506421497267715e-01 -1.208346904751930878e-01 -3.989159516745323097e-01
3.887520307568136602e+00 -5.225725590347464200e-01 -1.225505388209390950e-01 -4.000220202138046188e-01
3.888631665647710012e+00 -5.247774765195369895e-01 -1.236421266565686794e-01 -4.011353498629623981e-01
3.889743023727283422e+00 -5.262775851078216327e-01 -1.239961304103745637e-01 -4.022814546974374794e-01
3.890854381806856388e+00 -5.271927434774552612e-01 -1.237095030368390441e-01 -4.034832404406136774e-01
3.891965739886429354e+00 -5.278188352397027439e-01 -1.230634620564770160e-01 -4.047553731832264079e-01
3.893077097966002764e+00 -5.285400080777035159e-01 -1.224394588101898884e-01 -4.061005492675070494e-01
3.894188456045576174e+00 -5.297122859410200446e-01 -1.222037661805227271e-01 -4.075085197604962350e-01
3.895299814125149140e+00 -5.315558293512588905e-01 -1.225976774092540911e-01 -4.089581519420014688e-01
3.896411172204722551e+00 -5.340906059452473764e-01 -1.236684228210435943e-01 -4.104221831241985363e-01
3.897522530284295961e+00 -5.371361170051212053e-01 -1.252623989800174809e-01 -4.118737180251015317e-01
3.898633888363868927e+00 -5.403747452340306179e-01 -1.270817070229506018e-01 -4.132930382110766021e-01
3.899745246443442337e+00 -5.434572939895960797e-01 -1.287842442201365123e-01 -4.146730497694596784e-01
3.900856604523015747e+00 -5.461154578845883734e-01 -1.300936499274544522e-01 -4.160218079571337824e-01
3.901967962602588713e+00 -5.482439915731717184e-01 -1.308829037861560796e-01 -4.173610877870115310e-01
3.903079320682162123e+00 -5.499259119109065619e-01 -1.312050348205059114e-01 -4.187208770903979582e-01
3.904190678761735533e+00 -5.513935941259969775e-01 -1.312628119426823836e-01 -4.201307821833081269e-01
3.905302036841308500e+00 -5.529404545967198104e-01 -1.313300840584399332e-01 -4.216103705382821532e-01
3.906413394920881466e+00 -5.548145977649683314e-01 -1.316534986330873125e-01 -4.231610991318774384e-01
3.907524753000454876e+00 -5.571316387989381225e-01 -1.323692184136379679e-01 -4.247624203852914948e-01
3.908636111080028286e+00 -5.598369075860484267e-01 -1.334630915656560557e-01 -4.263738160203910388e-01
3.909747469159601252e+00 -5.627298153769392242e-01 -1.347868005582558426e-01 -4.279430148186792460e-01
3.910858827239174662e+00 -5.655413371535298328e-01 -1.361224690880732668e-01 -4.294188680654612567e-01
3.911970185318748072e+00 -5.680368774236412843e-01 -1.372710790913340972e-01 -4.307657983323017192e-01
3.913081543398321038e+00 -5.701077278505077839e-01 -1.381318150069307527e-01 -4.319759128435767814e-01
3.914192901477894448e+00 -5.718180715496024025e-01 -1.387429506883983976e-01 -4.330751208611995917e-01
3.915304259557467859e+00 -5.733898076394091659e-01 -1.392688550074268061e-01 -4.341209526319741441e-01
3.916415617637040825e+00 -5.751291221058431047e-01 -1.399371846805979869e-01 -4.351919374252435913e-01
3.917526975716613791e+00 -5.773192632457617712e-01 -1.409484898730316849e-01 -4.363707733727181237e-01
3.918638333796187645e+00 -5.801162817856403420e-01 -1.423908704258639579e-01 -4.377254113597714436e-01
3.919749691875760611e+00 -5.834842500956400890e-01 -1.441912711781601630e-01 -4.392929789174795929e-01
3.920861049955333577e+00 -5.871936528769980956e-01 -1.461227672735017358e-01 -4.410708856034922798e-01
3.921972408034906987e+00 -5.908855279139328953e-01 -1.478679404023442445e-01 -4.430175875115845985e-01
3.923083766114480397e+00 -5.941816725500017604e-01 -1.491188202626069770e-01 -4.450628522873892878e-01
3.924195124194053363e+00 -5.968053830420421146e-01 -1.496806617823099872e-01 -4.471247212597274090e-01
3.925306482273626774e+00 -5.986731624846489686e-01 -1.495446591413633064e-01 -4.491285033432826368e-01
3.926417840353200184e+00 -5.999270191209671310e-01 -1.489043909923924158e-01 -4.510226281285735772e-01
3.927529198432773150e+00 -6.008963079817253305e-01 -1.481091074902455562e-01 -4.527872004914773041e-01
3.928640556512346560e+00 -6.020010554885126819e-01 -1.475677180332034821e-01 -4.544333374553046756e-01
3.929751914591919970e+00 -6.036276583749783375e-01 -1.476335085172618411e-01 -4.559941498577145813e-01
3.930863272671492936e+00 -6.060164848407062488e-01 -1.485057823871936133e-01 -4.575107024535111644e-01
3.931974630751065902e+00 -6.091964695176373956e-01 -1.501787854753424689e-01 -4.590176840422853788e-01
3.933085988830639756e+00 -6.129859444323327855e-01 -1.524525304553298599e-01 -4.605334139769946544e-01
3.934197346910212723e+00 -6.170571467980232594e-01 -1.549999034384654251e-01 -4.620572433595516171e-01
3.935308704989785689e+00 -6.210414525681137166e-01 -1.574665727077801947e-01 -4.635748798603249732e-01
3.936420063069359099e+00 -6.246401433120450930e-01 -1.595706615310091281e-01 -4.650694817810242521e-01
3.937531421148932509e+00 -6.277052739682700278e-01 -1.611708840587353364e-01 -4.665343899095326652e-01
3.938642779228505475e+00 -6.302666849200067034e-01 -1.622839484883979444e-01 -4.679827364316049287e-01
3.939754137308078885e+00 -6.325001605219751077e-01 -1.630500532833265293e-01 -4.694501072386449980e-01
3.940865495387652295e+00 -6.346515313593574792e-01 -1.636628709367649315e-01 -4.709886604225899664e-01
3.941976853467225261e+00 -6.369454184579796951e-01 -1.642914889706159620e-01 -4.726539294873599584e-01
3.943088211546798671e+00 -6.395108160135554165e-01 -1.650227421685800111e-01 -4.744880738449736013e-01
3.944199569626372082e+00 -6.423480081549650667e-01 -1.658432422150497854e-01 -4.765047659399161417e-01
3.945310927705945048e+00 -6.453455029612487071e-01 -1.666647642944760199e-01 -4.786807386667669140e-01
3.946422285785518014e+00 -6.483375409901195319e-01 -1.673802822892472841e-01 -4.809572587008675848e-01
3.947533643865091868e+00 -6.511787146549177230e-01 -1.679267812785865122e-01 -4.832519333763312108e-01
3.948645001944664834e+00 -6.538071037810574415e-01 -1.683289614574657311e-01 -4.854781423235878246e-01
3.949756360024237800e+00 -6.562726113616698109e-01 -1.687056610339647544e-01 -4.875669503276996997e-01
3.950867718103811210e+00 -6.587206767090625359e-01 -1.692353156282064008e-01 -4.894853610808523325e-01
3.951979076183384620e+00 -6.613382058108180361e-01 -1.700926504257843364e-01 -4.912455553850299528e-01
3.953090434262957586e+00 -6.642823455993100978e-01 -1.713802031606390108e-01 -4.929021424386679784e-01
3.954201792342530997e+00 -6.676187585569594019e-01 -1.730809760123949714e-01 -4.945377825445604336e-01
3.955313150422104407e+00 -6.712923171011748735e-01 -1.750514509104802718e-01 -4.962408661906912988e-01
3.956424508501677373e+00 -6.751411533812209376e-01 -1.770598612875941558e-01 -4.980812920936223409e-01
3.957535866581250783e+00 -6.789492110637257438e-01 -1.788581387398583966e-01 -5.000910723238639610e-01
3.958647224660824193e+00 -6.825185792983593513e-01 -1.802633059160282936e-01 -5.022552733823261173e-01
3.959758582740397159e+00 -6.857358940457413121e-01 -1.812199040217589430e-01 -5.045159900239790662e-01
3.960869940819970125e+00 -6.886093833789350693e-01 -1.818209646438715410e-01 -5.067884187350599756e-01
3.961981298899543980e+00 -6.912637689233299687e-01 -1.822790962091656586e-01 -5.089846727141662530e-01
3.963092656979116946e+00 -6.938953022225333722e-01 -1.828565611573037819e-01 -5.110387410652252882e-01
3.964204015058689912e+00 -6.967032704779209107e-01 -1.837776709701956224e-01 -5.129255995077237618e-01
3.965315373138263322e+00 -6.998223475340896726e-01 -1.851532786519081708e-01 -5.146690688821776716e-01
3.966426731217836732e+00 -7.032794123984421608e-01 -1.869432475174658270e-01 -5.163361648809737803e-01
3.967538089297409698e+00 -7.069893152243186263e-01 -1.889698088905416573e-01 -5.180195063337708072e-01
3.968649447376983108e+00 -7.107899432973503462e-01 -1.909771854115945300e-01 -5.198127578857510978e-01
3.969760805456556518e+00 -7.145029669394976635e-01 -1.927168828476414630e-01 -5.217860840918563392e-01
3.970872163536129484e+00 -7.179978346648538956e-01 -1.940292506401609940e-01 -5.239685840246881554e-01
3.971983521615702895e+00 -7.212360149366550122e-01 -1.948933831910022174e-01 -5.263426317456455505e-01
3.973094879695276305e+00 -7.242802115814561681e-01 -1.954286718797572375e-01 -5.288515397016958497e-01
3.974206237774849271e+00 -7.272663756676808200e-01 -1.958483686071175178e-01 -5.314180070605628581e-01
3.975317595854422237e+00 -7.303499601651406437e-01 -1.963823710485882168e-01 -5.339675891165487354e-01
3.976428953933995647e+00 -7.336470466468137941e-01 -1.971971312368506202e-01 -5.364499154099532374e-01
3.977540312013569057e+00 -7.371924210569117397e-01 -1.983413308938907493e-01 -5.388510901630191308e-01
3.978651670093142023e+00 -7.409299502504675949e-01 -1.997364838112395125e-01 -5.411934664392222816e-01
3.979763028172715433e+00 -7.447382697954664232e-01 -2.012152734009918231e-01 -5.435229963944669951e-01
3.980874386252288843e+00 -7.484814380236991527e-01 -2.025930303455526216e-01 -5.458884076781439498e-01
3.981985744331861810e+00 -7.520647969966341995e-01 -2.037455337628295282e-01 -5.483192632338022010e-01
3.983097102411435220e+00 -7.554743022977294942e-01 -2.046637179347641222e-01 -5.508105843629634846e-01
3.984208460491008630e+00 -7.587837930686646137e-01 -2.054639373787323642e-01 -5.533198556899244780e-01
3.985319818570581596e+00 -7.621268009732503623e-01 -2.063484417059570919e-01 -5.557783592672891348e-01
3.986431176650154562e+00 -7.656430686984123657e-01 -2.075290250560035410e-01 -5.581140436424042450e-01
3.987542534729728416e+00 -7.694199168298102576e-01 -2.091409100948269928e-01 -5.602790067349804337e-01
3.988653892809301382e+00 -7.734511852669927467e-01 -2.111786480988164516e-01 -5.622725371681720485e-01
3.989765250888874348e+00 -7.776305728517631799e-01 -2.134792285589869609e-01 -5.641513442927722499e-01
3.990876608968447758e+00 -7.817838049446858006e-01 -2.157617155581888213e-01 -5.660220893864964520e-01
3.991987967048021169e+00 -7.857295941193559452e-01 -2.177129065884269854e-01 -5.680166875309242691e-01
3.993099325127594135e+00 -7.893480964944133982e-01 -2.190916017507385238e-01 -5.702564947436751241e-01
3.994210683207167545e+00 -7.926317310154222806e-01 -2.198160937520104996e-01 -5.728156372634076732e-01
3.995322041286740955e+00 -7.956984523181822588e-01 -2.200035113768275818e-01 -5.756949409413499863e-01
3.996433399366313921e+00 -7.987602487478046021e-01 -2.199446748932331053e-01 -5.788155738545666118e-01
3.997544757445887331e+00 -8.020554529085726081e-01 -2.200193503402717576e-01 -5.820361025682947442e-01
3.998656115525460741e+00 -8.057668468626639768e-01 -2.205771824164588502e-01 -5.851896644461997976e-01
3.999767473605033707e+00 -8.099536780352435406e-01 -2.218222175144199393e-01 -5.881314605208165514e-01
4.000878831684606673e+00 -8.145221764388761443e-01 -2.237393303252401267e-01 -5.907828461136300779e-01
4.001990189764180528e+00 -8.192469117231766518e-01 -2.260885690831541117e-01 -5.931583426400188763e-01
4.003101547843753494e+00 -8.238383483807972807e-01 -2.284721814285528285e-01 -5.953661669522374300e-01
4.004212905923326460e+00 -8.280359753835202508e-01 -2.304556481813546942e-01 -5.975803272021608104e-01
4.005324264002899426e+00 -8.316969032524763605e-01 -2.317060349537408692e-01 -5.999908682987306063e-01
4.006435622082473280e+00 -8.348502179985342053e-01 -2.321043100241236834e-01 -6.027459079744055259e-01
4.007546980162046246e+00 -8.376977379529348955e-01 -2.317953007653059672e-01 -6.059024371876290394e-01
4.008658338241620100e+00 -8.405588572823823323e-01 -2.311576191569009731e-01 -6.094012381254808597e-01
4.009769696321193067e+00 -8.437753246415452546e-01 -2.307004003271721781e-01 -6.130749243143758243e-01
4.010881054400766033e+00 -8.476051230972728723e-01 -2.309164124922852002e-01 -6.166887106049833145e-01
4.011992412480338999e+00 -8.521386890132587322e-01 -2.321349242710510075e-01 -6.200037647422025344e-01
4.013103770559912853e+00 -8.572641657348823996e-01 -2.344183694612426982e-01 -6.228457962736365650e-01
4.014215128639485819e+00 -8.626933313707146889e-01 -2.375341594106381293e-01 -6.251591719600746444e-01
4.015326486719058785e+00 -8.680411114305235376e-01 -2.410108985929784176e-01 -6.270302128375421225e-01
4.016437844798632639e+00 -8.729351548312477282e-01 -2.442635150970604574e-01 -6.286716397341830520e-01
4.017549202878205605e+00 -8.771229514732188370e-01 -2.467518562932420334e-01 -6.303710951799730289e-01
4.018660560957778571e+00 -8.805450644819375894e-01 -2.481279435944513112e-01 -6.324171208874810324e-01
4.019771919037351537e+00 -8.833536442350721218e-01 -2.483308287094977418e-01 -6.350228155255773776e-01
4.020883277116925392e+00 -8.858719280424399711e-01 -2.476033915392866214e-01 -6.382685365031505187e-01
4.021994635196498358e+00 -8.885076395748984224e-01 -2.464276517392911814e-01 -6.420799878356063806e-01
4.023105993276072212e+00 -8.916458511471939685e-01 -2.453976367681407200e-01 -6.462482143790478917e-01
4.024217351355645178e+00 -8.955514104902702055e-01 -2.450652106714086287e-01 -6.504861998188584682e-01
4.025328709435218144e+00 -9.003066159010019165e-01 -2.458002508037093747e-01 -6.545063650972851033e-01
4.026440067514791110e+00 -9.057983944516596608e-01 -2.477010728361385694e-01 -6.580973216155147076e-01
4.027551425594364964e+00 -9.117547184204218835e-01 -2.505762243977134318e-01 -6.611784940227033447e-01
4.028662783673937930e+00 -9.178168957273700190e-01 -2.539992758000633177e-01 -6.638176199272992628e-01
4.029774141753510897e+00 -9.236263298630804641e-01 -2.574195401269963601e-01 -6.662067897360762769e-01
4.030885499833084751e+00 -9.289030840889619389e-01 -2.602985872990688510e-01 -6.686044967898854274e-01
4.031996857912657717e+00 -9.334985828833085586e-01 -2.622378881637046910e-01 -6.712606947196031459e-01
4.033108215992230683e+00 -9.374137183956876562e-01 -2.630673475600862066e-01 -6.743463708356022268e-01
4.034219574071803649e+00 -9.407833527771274351e-01 -2.628759480573626406e-01 -6.779074047197637398e-01
4.035330932151377503e+00 -9.438358657354665171e-01 -2.619807664111232781e-01 -6.818550993243400749e-01
4.036442290230950469e+00 -9.468402974650123038e-01 -2.608452996682375513e-01 -6.859949977967715329e-01
4.037553648310524324e+00 -9.500535856156422376e-01 -2.599689524243491423e-01 -6.900846331912890985e-01
4.038665006390097290e+00 -9.536774576234744449e-01 -2.597745688015978272e-01 -6.939028888218740088e-01
4.039776364469670256e+00 -9.578303981148810209e-01 -2.605194877213725113e-01 -6.973109103935041242e-01
4.040887722549243222e+00 -9.625363098295658393e-01 -2.622486575862678082e-01 -7.002876522432953665e-01
4.041999080628817076e+00 -9.677288833298882675e-01 -2.647978217559167069e-01 -7.029310615739683410e-01
4.043110438708390042e+00 -9.732693022151046591e-01 -2.678431652330479085e-01 -7.054261369820505889e-01
4.044221796787963008e+00 -9.789741632195488874e-01 -2.709835947409913182e-01 -7.079905684785501307e-01
4.045333154867536862e+00 -9.846497141292280819e-01 -2.738350861478293652e-01 -7.108146279813974955e-01
4.046444512947109828e+00 -9.901274171698953852e-01 -2.761146034227204837e-01 -7.140128137471759562e-01
4.047555871026682794e+00 -9.952947486618937134e-01 -2.776943337212933738e-01 -7.176004149405980082e-01
4.048667229106255760e+00 -1.000114836167619092e+00 -2.786146918459559974e-01 -7.215001443216534360e-01
4.049778587185829615e+00 -1.004629837077591681e+00 -2.790550184140995205e-01 -7.255748186634849439e-01
4.050889945265402581e+00 -1.008946210486499018e+00 -2.792716816746096953e-01 -7.296745288118853257e-01
4.052001303344976435e+00 -1.013204709480698629e+00 -2.795216836588076403e-01 -7.336830258218834944e-01
4.053112661424549401e+00 -1.017542667039082360e+00 -2.799935443801873647e-01 -7.375491226588883897e-01
4.054224019504122367e+00 -1.022059198254166690e+00 -2.807649337320152205e-01 -7.412942645221478610e-01
4.055335377583695333e+00 -1.026793818748968246e+00 -2.817985459696209505e-01 -7.449952727793398566e-01
4.056446735663269187e+00 -1.031725196408050715e+00 -2.829760593963717707e-01 -7.487491370116747813e-01
4.057558093742842154e+00 -1.036790192813291878e+00 -2.841579879207000725e-01 -7.526322048925871977e-01
4.058669451822415120e+00 -1.041916122069754369e+00 -2.852485396424191411e-01 -7.566675824273267903e-01
4.059780809901988974e+00 -1.047053923026749489e+00 -2.862422726613185753e-01 -7.608116503654245300e-01
4.060892167981561940e+00 -1.052198934750401493e+00 -2.872346265911626673e-01 -7.649643081592312210e-01
4.062003526061134906e+00 -1.057390034277582158e+00 -2.883901633621168137e-01 -7.689998709154590717e-01
4.063114884140707872e+00 -1.062686005472576856e+00 -2.898771478747632635e-01 -7.728088575978123709e-01
4.064226242220281726e+00 -1.068127421524114773e+00 -2.917901429116372403e-01 -7.763372786124739244e-01
4.065337600299854692e+00 -1.073699476705059608e+00 -2.940889069282024981e-01 -7.796105697768560550e-01
4.066448958379428547e+00 -1.079312999094654835e+00 -2.965791300807927300e-01 -7.827338690138575528e-01
4.067560316459001513e+00 -1.084815943269397565e+00 -2.989484234797024076e-01 -7.858675197896900499e-01
4.068671674538574479e+00 -1.090037079207784920e+00 -3.008527381388503841e-01 -7.891843410689316496e-01
4.069783032618147445e+00 -1.094850752203196498e+00 -3.020297449429467651e-01 -7.928210072602430714e-01
4.070894390697721299e+00 -1.099241157491855914e+00 -3.024031047344359902e-01 -7.968380527574169259e-01
4.072005748777294265e+00 -1.103340871644789001e+00 -3.021400286066364682e-01 -8.012008430381533097e-01
4.073117106856867231e+00 -1.107423715355559946e+00 -3.016358027178066559e-01 -8.057879126377491819e-01
4.074228464936441085e+00 -1.111845598088897935e+00 -3.014205364033183399e-01 -8.104250616855767086e-01
4.075339823016014051e+00 -1.116944884938558369e+00 -3.020090172529217298e-01 -8.149358676856348627e-01
4.076451181095587017e+00 -1.122930070227310395e+00 -3.037359619632672425e-01 -8.191941082640393779e-01
4.077562539175159984e+00 -1.129791105602895529e+00 -3.066285160292379630e-01 -8.231625895736518483e-01
4.078673897254733838e+00 -1.137267667267963356e+00 -3.103612375308021365e-01 -8.269064297371560013e-01
4.079785255334306804e+00 -1.144892713583413490e+00 -3.143166881048789496e-01 -8.305760254785296004e-01
4.080896613413880658e+00 -1.152106772047307048e+00 -3.177430529158091210e-01 -8.343637191314909884e-01
4.082007971493453624e+00 -1.158414538301121732e+00 -3.199684880653218544e-01 -8.384460502357937717e-01
4.083119329573026590e+00 -1.163538570751351253e+00 -3.206104749481262228e-01 -8.429280958032192572e-01
4.084230687652599556e+00 -1.167521407634286801e+00 -3.197150679992508127e-01 -8.478063396350344894e-01
4.085342045732173410e+00 -1.170739600099877542e+00 -3.177779444813019216e-01 -8.529616556185746212e-01
4.086453403811746377e+00 -1.173818152305672546e+00 -3.156325251857946546e-01 -8.581856271198774477e-01
4.087564761891319343e+00 -1.177464415557600397e+00 -3.142305232645584145e-01 -8.632338922930373748e-01
4.088676119970893197e+00 -1.182267003394607441e+00 -3.143747634135893310e-01 -8.678922399810135024e-01
4.089787478050466163e+00 -1.188518930068154456e+00 -3.164817998991519277e-01 -8.720371301690007515e-01
4.090898836130039129e+00 -1.196119810701177011e+00 -3.204463709121685988e-01 -8.756734397890088006e-01
4.092010194209612095e+00 -1.204590100092731708e+00 -3.256517772340145611e-01 -8.789383228587136498e-01
4.093121552289185949e+00 -1.213197205031385950e+00 -3.311277478280120756e-01 -8.820694572033678238e-01
4.094232910368758915e+00 -1.221159008769762133e+00 -3.358130397860581429e-01 -8.853459689836985502e-01
4.095344268448332770e+00 -1.227865760130192774e+00 -3.388476705538659983e-01 -8.890180895763225566e-01
4.096455626527905736e+00 -1.233054475965242869e+00 -3.398096449422124965e-01 -8.932448310230252098e-01
4.097566984607478702e+00 -1.236883547455765564e+00 -3.388268588453369756e-01 -8.980566886104258684e-01
4.098678342687051668e+00 -1.239885206860496636e+00 -3.365319839970489224e-01 -9.033532228634404415e-01
4.099789700766625522e+00 -1.242810635740160707e+00 -3.338752234294119492e-01 -9.089354123107451500e-01
4.100901058846198488e+00 -1.246415091260769215e+00 -3.318522723988857615e-01 -9.145628188618813992e-01
4.102012416925771454e+00 -1.251248158421815360e+00 -3.312293952087812521e-01 -9.200187632130290005e-01
4.103123775005345308e+00 -1.257511500390535053e+00 -3.323466306218776367e-01 -9.251648697686559730e-01
4.104235133084918274e+00 -1.265024266272079867e+00 -3.350542576783600568e-01 -9.299700085937149252e-01
4.105346491164491241e+00 -1.273301907204031469e+00 -3.387952316283413534e-01 -9.345066755756873400e-01
4.106457849244064207e+00 -1.281718739654280848e+00 -3.428009988477379588e-01 -9.389177408065381147e-01
4.107569207323638061e+00 -1.289699597748759974e+00 -3.463343631870340333e-01 -9.433652345617246082e-01
4.108680565403211027e+00 -1.296879216592204065e+00 -3.489014329463110409e-01 -9.479777836458881390e-01
4.109791923482784881e+00 -1.303181349523312660e+00 -3.503683403715737166e-01 -9.528130091517329481e-01
4.110903281562357847e+00 -1.308798155999574497e+00 -3.509523101182184801e-01 -9.578458458813474685e-01
4.112014639641930813e+00 -1.314084260062213572e+00 -3.510991431542913599e-01 -9.629851169079227668e-01
4.113125997721503779e+00 -1.319407626283264356e+00 -3.512960486242325819e-01 -9.681115776590263344e-01
4.114237355801077634e+00 -1.325011854944715406e+00 -3.518879161741357842e-01 -9.731239387705731270e-01
4.115348713880650600e+00 -1.330937833011529570e+00 -3.529606455760010975e-01 -9.779771874355194239e-01
4.116460071960223566e+00 -1.337029650645695122e+00 -3.543291696131846136e-01 -9.827004810325030704e-01
4.117571430039797420e+00 -1.343018631476854186e+00 -3.556296865125367912e-01 -9.873889449643191707e-01
4.118682788119370386e+00 -1.348651205184551616e+00 -3.564786972883838279e-01 -9.921725078961650679e-01
4.119794146198943352e+00 -1.353810987023773560e+00 -3.566384423978374851e-01 -9.971725446259325221e-01
4.120905504278516318e+00 -1.358588080486808236e+00 -3.561270120705331554e-01 -1.002461068416273804e+00
4.122016862358090172e+00 -1.363268191150577735e+00 -3.552319472656161325e-01 -1.008036243884953720e+00
4.123128220437663138e+00 -1.368243592474036818e+00 -3.544211517214517770e-01 -1.013822440752579990e+00
4.124239578517236993e+00 -1.373876812698474836e+00 -3.541820195370090074e-01 -1.019694793161458612e+00
4.125350936596809959e+00 -1.380365830999577437e+00 -3.548458000016312397e-01 -1.025520030997945753e+00
4.126462294676382925e+00 -1.387660127689936296e+00 -3.564601893778600039e-01 -1.031199938312070241e+00
4.127573652755955891e+00 -1.395459785985261991e+00 -3.587568263314824257e-01 -1.036702959653774014e+00
4.128685010835528857e+00 -1.403300908619803167e+00 -3.612274328562653514e-01 -1.042073475763533041e+00
4.129796368915102711e+00 -1.410700022217206140e+00 -3.632842717767734153e-01 -1.047415750440431781e+00
4.130907726994675677e+00 -1.417308707299107517e+00 -3.644507066543004603e-01 -1.052858000644801839e+00
4.132019085074249531e+00 -1.423025109214716366e+00 -3.645164689987686613e-01 -1.058508640215941377e+00
4.133130443153822497e+00 -1.428023105371010404e+00 -3.636038005711498822e-01 -1.064419304799852473e+00
4.134241801233395464e+00 -1.432688023364480756e+00 -3.621210698165555075e-01 -1.070566953547922751e+00
4.135353159312968430e+00 -1.437480246513493043e+00 -3.606192832856434105e-01 -1.076860963227847856e+00
4.136464517392542284e+00 -1.442773494130072054e+00 -3.596006605386923294e-01 -1.083172833591379058e+00
4.137575875472115250e+00 -1.448724013497243002e+00 -3.593453344969321783e-01 -1.089378679000309491e+00
4.138687233551689104e+00 -1.455216838873169216e+00 -3.598162920791926900e-01 -1.095400546793973362e+00
4.139798591631262070e+00 -1.461908907346545217e+00 -3.606758041895045674e-01 -1.101233103157037707e+00
4.140909949710835036e+00 -1.468355145132418826e+00 -3.614080158242874430e-01 -1.106947129308130995e+00
4.142021307790408002e+00 -1.474174292066998015e+00 -3.615054065085445689e-01 -1.112668885558450782e+00
4.143132665869980968e+00 -1.479196506252873133e+00 -3.606543326629298440e-01 -1.118542173589935240e+00
4.144244023949554823e+00 -1.483540029236931179e+00 -3.588547198991479670e-01 -1.124685309337780215e+00
4.145355382029127789e+00 -1.487587877610069276e+00 -3.564313593795045976e-01 -1.131156518230561181e+00
4.146466740108701643e+00 -1.491869724202353531e+00 -3.539315358125839084e-01 -1.137938188389764127e+00
4.147578098188274609e+00 -1.496887159528850431e+00 -3.519430325220817002e-01 -1.144944127006762624e+00
4.148689456267847575e+00 -1.502940950735636605e+00 -3.508943135429668514e-01 -1.152046637192662759e+00
4.149800814347420541e+00 -1.510019512024403321e+00 -3.509052216471726382e-01 -1.159114290377223355e+00
4.150912172426994395e+00 -1.517788080988289767e+00 -3.517395230700685049e-01 -1.166048557918218043e+00
4.152023530506567361e+00 -1.525684555273180809e+00 -3.528758973382570829e-01 -1.172808657934921284e+00
4.153134888586140328e+00 -1.533091897928948510e+00 -3.536734929161396424e-01 -1.179418405012805149e+00
4.154246246665714182e+00 -1.539530759723884978e+00 -3.535759356732243175e-01 -1.185954824050658996e+00
4.155357604745287148e+00 -1.544808552690955850e+00 -3.522848293691213106e-01 -1.192523723321831541e+00
4.156468962824860114e+00 -1.549075336875587183e+00 -3.498447402623963143e-01 -1.199230596613187982e+00
4.157580320904433080e+00 -1.552767910964338416e+00 -3.466125534257800123e-01 -1.206155357538550632e+00
4.158691678984006934e+00 -1.556460986987079576e+00 -3.431241309491447344e-01 -1.213336856037932954e+00
4.159803037063579900e+00 -1.560675573027735075e+00 -3.399064200646806921e-01 -1.220769152963052884e+00
4.160914395143153754e+00 -1.565709041887901165e+00 -3.373012844184721803e-01 -1.228407757469422323e+00
4.162025753222726721e+00 -1.571543891813005800e+00 -3.353620969746524683e-01 -1.236181794838347558e+00
4.163137111302299687e+00 -1.577865389257113504e+00 -3.338574776930861021e-01 -1.244007911564024349e+00
4.164248469381872653e+00 -1.584181203470578891e+00 -3.323779618650201106e-01 -1.251803241605554451e+00
4.165359827461446507e+00 -1.590001400621265271e+00 -3.305045441073514167e-01 -1.259496856513911967e+00
4.166471185541019473e+00 -1.595016595906242562e+00 -3.279760566027340452e-01 -1.267040539303508684e+00
4.167582543620592439e+00 -1.599212694067821960e+00 -3.247930728945165324e-01 -1.274419621173298989e+00
4.168693901700166293e+00 -1.602882296875140833e+00 -3.212192974799287226e-01 -1.281662999395209113e+00
4.169805259779739259e+00 -1.606528172448083769e+00 -3.176789860304336521e-01 -1.288849186417649006e+00
4.170916617859312225e+00 -1.610691149554833057e+00 -3.145874366394517674e-01 -1.296103712915379624e+00
4.172027975938885191e+00 -1.615760826191484867e+00 -3.121771260207324428e-01 -1.303583700170748205e+00
4.173139334018459046e+00 -1.621833685228954769e+00 -3.103852261289696823e-01 -1.311448459099981756e+00
4.174250692098032012e+00 -1.628667451068023020e+00 -3.088474873663053510e-01 -1.319819963701714061e+00
4.175362050177605866e+00 -1.635748132251392262e+00 -3.070058093216813666e-01 -1.328742322929707065e+00
4.176473408257178832e+00 -1.642448164724988446e+00 -3.042954163384296029e-01 -1.338152748386554958e+00
4.177584766336751798e+00 -1.648223303473270285e+00 -3.003471968306878903e-01 -1.347876106642579286e+00
4.178696124416324764e+00 -1.652782836352951756e+00 -2.951326233591639037e-01 -1.357650212993782635e+00
4.179807482495898618e+00 -1.656176724978011494e+00 -2.889962724391741400e-01 -1.367180452538829805e+00
4.180918840575471584e+00 -1.658771317158648229e+00 -2.825587870777476751e-01 -1.376212530080897167e+00
4.182030198655044551e+00 -1.661122785630557264e+00 -2.765183574700255664e-01 -1.384604428160529643e+00
4.183141556734618405e+00 -1.663791703322980320e+00 -2.714156861089220274e-01 -1.392376017214056683e+00
4.184252914814191371e+00 -1.667161583150542636e+00 -2.674427361590555052e-01 -1.399718846991483190e+00
4.185364272893764337e+00 -1.671322277914162546e+00 -2.643633405740379860e-01 -1.406958937340118565e+00
4.186475630973337303e+00 -1.676056604314285270e+00 -2.615774520997340424e-01 -1.414479152214545898e+00
4.187586989052911157e+00 -1.680933156119582605e+00 -2.583123832950615650e-01 -1.422620772824516600e+00
4.188698347132484123e+00 -1.685472066170342842e+00 -2.538802528017495841e-01 -1.431591813368586319e+00
4.189809705212057978e+00 -1.689325745800758893e+00 -2.479163343290141097e-01 -1.441409411471739066e+00
4.190921063291630944e+00 -1.692411709426916877e+00 -2.405169793780611298e-01 -1.451894730048856053e+00
4.192032421371203910e+00 -1.694951067957696456e+00 -2.322275207740901459e-01 -1.462723547183602646e+00
4.193143779450776876e+00 -1.697398483619329657e+00 -2.238798035862434865e-01 -1.473518680033081729e+00
4.194255137530350730e+00 -1.700286366097488733e+00 -2.163293226224254073e-01 -1.483957043475061077e+00
4.195366495609923696e+00 -1.704035348505336556e+00 -2.101763443379938701e-01 -1.493859004167341409e+00
4.196477853689496662e+00 -1.708794789146524717e+00 -2.055620284590682079e-01 -1.503232760687451597e+00
4.197589211769070516e+00 -1.714367358926013107e+00 -2.021069105616591088e-01 -1.512260448364353582e+00
4.198700569848643482e+00 -1.720244076581871173e+00 -1.990128777466310395e-01 -1.521231198835238052e+00
4.199811927928216448e+00 -1.725739841440893096e+00 -1.952963754514502881e-01 -1.530443465989437923e+00
4.200923286007789414e+00 -1.730186767706553663e+00 -1.900779205153215745e-01 -1.540108847191228536e+00
4.202034644087363269e+00 -1.733124277518881318e+00 -1.828353559678518869e-01 -1.550288921551028487e+00
4.203146002166936235e+00 -1.734426818220573097e+00 -1.735414711210271077e-01 -1.560885347099538523e+00
4.204257360246510089e+00 -1.734331217294923455e+00 -1.626459541530561326e-01 -1.571685263141858746e+00
4.205368718326083055e+00 -1.733358647655321549e+00 -1.509135992463107034e-01 -1.582445048409014676e+00
4.206480076405656021e+00 -1.732159727193832932e+00 -1.391775007329430769e-01 -1.592982226460887274e+00
4.207591434485228987e+00 -1.731334275277514267e+00 -1.280917832225266506e-01 -1.603242492054982593e+00
4.208702792564802841e+00 -1.731282397317876587e+00 -1.179647594793836740e-01 -1.613317637838488805e+00
4.209814150644375808e+00 -1.732129807190829318e+00 -1.087220780983602364e-01 -1.623407729092465557e+00
4.210925508723948774e+00 -1.733743019556777787e+00 -1.000018413081339569e-01 -1.633741178248635517e+00
4.212036866803522628e+00 -1.735819092889303139e+00 -9.133685959387267961e-02 -1.644482233295427642e+00
4.213148224883095594e+00 -1.738010773305401768e+00 -8.234979343622182701e-02 -1.655660979869175709e+00
4.214259582962668560e+00 -1.740039160489683212e+00 -7.288527603254764398e-02 -1.667153884457133417e+00
4.215370941042241526e+00 -1.741754836899116698e+00 -6.302961328671954910e-02 -1.678725223612396400e+00
4.216482299121815380e+00 -1.743130935246935298e+00 -5.301355446425220358e-02 -1.690117380782678591e+00
4.217593657201388346e+00 -1.744199217886814424e+00 -4.304039777041789028e-02 -1.701158820116390302e+00
4.218705015280962201e+00 -1.744962589961197796e+00 -3.311291619018660870e-02 -1.711849673771008939e+00
4.219816373360535167e+00 -1.745326297896396150e+00 -2.293620203090762297e-02 -1.722390095865487414e+00
4.220927731440108133e+00 -1.745082123722344170e+00 -1.194731104686238415e-02 -1.733134812675483305e+00
4.222039089519681099e+00 -1.743958115562620481e+00 5.247932605779055681e-04 -1.744482908823195233e+00
4.223150447599254953e+00 -1.741718899716785174e+00 1.501728610330735694e-02 -1.756736185820088947e+00
4.224261805678827919e+00 -1.738278779506298832e+00 3.169494560056818067e-02 -1.769973725106867235e+00
4.225373163758400885e+00 -1.733780559295347024e+00 5.020832916145120950e-02 -1.783988888456798261e+00
4.226484521837974739e+00 -1.728601524320613425e+00 6.971580773476712678e-02 -1.798317332055372253e+00
4.227595879917547705e+00 -1.723272063406453336e+00 8.908366844988407918e-02 -1.812355731856332808e+00
4.228707237997120671e+00 -1.718324053874142665e+00 1.072159529949138213e-01 -1.825540006869051490e+00
4.229818596076693638e+00 -1.714114210902148550e+00 1.234150807196106869e-01 -1.837529291621754046e+00
4.230929954156267492e+00 -1.710681716567651334e+00 1.376541693937387845e-01 -1.848335885961384095e+00
4.232041312235840458e+00 -1.707693582955621014e+00 1.506613101805761301e-01 -1.858354893136189290e+00
4.233152670315414312e+00 -1.704506073380268605e+00 1.637707693227191952e-01 -1.868276842702983442e+00
4.234264028394987278e+00 -1.700333560086533025e+00 1.785697777036063805e-01 -1.878903337790138295e+00
4.235375386474560244e+00 -1.694479357950910980e+00 1.964385738429298145e-01 -1.890917931793838269e+00
4.236486744554133210e+00 -1.686558844392974876e+00 2.181224523961013684e-01 -1.904681296789075384e+00
4.237598102633707065e+00 -1.676642424425973443e+00 2.434727395851854770e-01 -1.920115164011152453e+00
4.238709460713280031e+00 -1.665266734342195187e+00 2.714474197252395027e-01 -1.936714154067431082e+00
4.239820818792852997e+00 -1.653301285011811395e+00 3.003846415270727821e-01 -1.953685926538879736e+00
4.240932176872426851e+00 -1.641702772650303066e+00 3.284773066461578739e-01 -1.970180079296457665e+00
4.242043534951999817e+00 -1.631226291943567608e+00 3.543113954658791975e-01 -1.985537687409441920e+00
4.243154893031572783e+00 -1.622179516463069460e+00 3.773061546302472480e-01 -1.999485671093312877e+00
4.244266251111145749e+00 -1.614296487873147390e+00 3.979196996154690247e-01 -2.012216187488608643e+00
4.245377609190719603e+00 -1.606774094656802099e+00 4.175521525229268782e-01 -2.024326247179726757e+00
4.246488967270292569e+00 -1.598466439070699074e+00 4.381694491055739826e-01 -2.036635888176268505e+00
4.247600325349866424e+00 -1.588184628710120005e+00 4.617562593242093838e-01 -2.049940888034322839e+00
4.248711683429439390e+00 -1.575016823146019318e+00 4.897593621425572197e-01 -2.064776185288572652e+00
4.249823041509012356e+00 -1.558575904812670831e+00 5.226865544561757337e-01 -2.081262459268842235e+00
4.250934399588585322e+00 -1.539102491333619316e+00 5.599793717861356601e-01 -2.099081863119753422e+00
4.252045757668159176e+00 -1.517393150293143034e+00 6.001950288703084002e-01 -2.117588179163449436e+00
4.253157115747732142e+00 -1.494574870103833497e+00 6.414398144902595522e-01 -2.136014684594093271e+00
4.254268473827305108e+00 -1.471791562583450563e+00 6.819215765279426078e-01 -2.153713139111387509e+00
4.255379831906878962e+00 -1.449893153582133110e+00 7.204557651604098778e-01 -2.170348918742535105e+00
4.256491189986451928e+00 -1.429215393528730393e+00 7.567774223083033602e-01 -2.185992815837030978e+00
4.257602548066024895e+00 -1.409510021517996092e+00 7.915740636469684732e-01 -2.201084085164967341e+00
4.258713906145597861e+00 -1.390039420173373452e+00 8.262412858649993419e-01 -2.216280706038368020e+00
4.259825264225171715e+00 -1.369801502898765122e+00 8.624466130569030664e-01 -2.232248115955660861e+00
4.260936622304744681e+00 -1.347813960519255394e+00 9.016416563600233580e-01 -2.249455616879277642e+00
4.262047980384318535e+00 -1.323372875638181512e+00 9.446719795803663056e-01 -2.268044855218540601e+00
4.263159338463891501e+00 -1.296212616895443981e+00 9.915967126647817764e-01 -2.287809329560220206e+00
4.264270696543464467e+00 -1.266527277507727867e+00 1.041759298371533804e+00 -2.308286575879259672e+00
4.265382054623037433e+00 -1.234857686441553470e+00 1.094070309562310106e+00 -2.328927996003860912e+00
4.266493412702611288e+00 -1.201888316964510262e+00 1.147398908328886913e+00 -2.349287225293395398e+00
4.267604770782184254e+00 -1.168222941022114325e+00 1.200941106055904095e+00 -2.369164047078013979e+00
4.268716128861758108e+00 -1.134209701879408394e+00 1.254448184070978911e+00 -2.388657885950387527e+00
4.269827486941331074e+00 -1.099865858217359937e+00 1.308250787896407363e+00 -2.408116646113759973e+00
4.270938845020904040e+00 -1.064917248448508547e+00 1.363084924202321968e+00 -2.428002172650827628e+00
4.272050203100477006e+00 -1.028929406539214497e+00 1.419791572881005770e+00 -2.448720979420218491e+00
4.273161561180049972e+00 -9.914786004054997326e-01 1.479000586133220718e+00 -2.470479186538721006e+00
4.274272919259623826e+00 -9.523007637435720873e-01 1.540910071731385944e+00 -2.493210835474952258e+00
4.275384277339196792e+00 -9.113670354793446116e-01 1.605235643649749244e+00 -2.516602679129087861e+00
4.276495635418770647e+00 -8.688621821020515723e-01 1.671343141799298326e+00 -2.540205323901348677e+00
4.277606993498343613e+00 -8.250769644313522555e-01 1.738514591114335817e+00 -2.563591555545686074e+00
4.278718351577916579e+00 -7.802557925187920684e-01 1.806251670815612664e+00 -2.586507463334398071e+00
4.279829709657489545e+00 -7.344567706609863578e-01 1.874508594501911318e+00 -2.608965365162890571e+00
4.280941067737062511e+00 -6.874773767175931249e-01 1.943770565816268947e+00 -2.631247942533860407e+00
4.282052425816636365e+00 -6.388769533103084708e-01 2.014946203925624513e+00 -2.653823157235924324e+00
4.283163783896209331e+00 -5.880942734529863714e-01 2.089104819241795141e+00 -2.677199092694779292e+00
4.284275141975783185e+00 -5.346255421959499321e-01 2.167141431742843238e+00 -2.701766973938788396e+00
4.285386500055356152e+00 -4.782061330871427152e-01 2.249477062621335399e+00 -2.727683195708475061e+00
4.286497858134929118e+00 -4.189354372222460765e-01 2.335891451653672846e+00 -2.754826888875916868e+00
4.287609216214502084e+00 -3.572998902523016884e-01 2.425543831802340566e+00 -2.782843722054636260e+00
4.288720574294075938e+00 -2.940797372367220941e-01 2.517178570012456262e+00 -2.811258307249175470e+00
4.289831932373648904e+00 -2.301608876760899147e-01 2.609455422299541194e+00 -2.839616309975633524e+00
4.290943290453222758e+00 -1.663031185081620400e-01 2.701306843713509931e+00 -2.867609962221666642e+00
4.292054648532795724e+00 -1.029305646821807030e-01 2.792218413321265746e+00 -2.895148978003444284e+00
4.293166006612368690e+00 -4.000530902492036717e-02 2.882353987957982699e+00 -2.922359296982904198e+00
4.294277364691941656e+00 2.297850908507080916e-02 2.972495577860814198e+00 -2.949517068775741713e+00
4.295388722771514622e+00 8.687717224908965419e-02 3.063823227320813469e+00 -2.976946055071717723e+00
4.296500080851088477e+00 1.526887678640038160e-01 3.157605026111469204e+00 -3.004916258247465333e+00
4.297611438930661443e+00 2.213111784820755990e-01 3.254888565349916441e+00 -3.033577386867841952e+00
4.298722797010235297e+00 2.933325825137053644e-01 3.356277625007797027e+00 -3.062945042494083392e+00
4.299834155089808263e+00 3.689093440505302191e-01 3.461845901227797118e+00 -3.092936557177263790e+00
4.300945513169381229e+00 4.477597040159023711e-01 3.571194835359177588e+00 -3.123435131343268001e+00
4.302056871248954195e+00 5.292680737025574622e-01 3.683620004358452160e+00 -3.154351930655893366e+00
4.303168229328528049e+00 6.126641433991693031e-01 3.798323203651153168e+00 -3.185659060251979646e+00
4.304279587408101015e+00 6.972223475790567671e-01 3.914602516075754934e+00 -3.217380168496696946e+00
4.305390945487674870e+00 7.824254398024045321e-01 4.031969677136931551e+00 -3.249544237334521135e+00
4.306502303567247836e+00 8.680506965223158122e-01 4.150175193451652866e+00 -3.282124496929336832e+00
4.307613661646820802e+00 9.541632711229769415e-01 4.269155206072750453e+00 -3.314991934949770069e+00
4.308725019726393768e+00 1.041029976756417286e+00 4.388938469106123286e+00 -3.347908492349696896e+00
4.309836377805966734e+00 1.128989379702246110e+00 4.509559572676234751e+00 -3.380570192973982646e+00
4.310947735885540588e+00 1.218323961508388731e+00 4.631014552225294345e+00 -3.412690590716903394e+00
4.312059093965113554e+00 1.309174958706294190e+00 4.753272464920923035e+00 -3.444097506214624627e+00
4.313170452044687408e+00 1.401522821543736974e+00 4.876330645806845610e+00 -3.474807824263104639e+00
4.314281810124260375e+00 1.495232376942454255e+00 5.000282050637093079e+00 -3.505049673694632606e+00
4.315393168203833341e+00 1.590139737922553254e+00 5.125357303300778433e+00 -3.535217565378216076e+00
4.316504526283406307e+00 1.686144849740751406e+00 5.251913507038730167e+00 -3.565768657297977651e+00
4.317615884362980161e+00 1.783273238418192852e+00 5.380362640657532225e+00 -3.597089402239335598e+00
4.318727242442553127e+00 1.881682675146744588e+00 5.511056517638398766e+00 -3.629373842491644186e+00
4.319838600522126981e+00 1.981610691231891375e+00 5.644163850065035959e+00 -3.662553158833142142e+00
4.320949958601699947e+00 2.083280256406035313e+00 5.779581103274709974e+00 -3.696300846868673773e+00
4.322061316681272913e+00 2.186796323214451832e+00 5.916910241006738680e+00 -3.730113917792280187e+00
4.323172674760845879e+00 2.292070272813524046e+00 6.055516056800545499e+00 -3.763445783987019233e+00
4.324284032840418845e+00 2.398801172266054493e+00 6.194650566185681662e+00 -3.795849393919622283e+00
4.325395390919992700e+00 2.506524827812407707e+00 6.333610467589656068e+00 -3.827085639777245696e+00
4.326506748999565666e+00 2.614719699170992673e+00 6.471883126694842225e+00 -3.857163427523845112e+00
4.327618107079139520e+00 2.722939887795257974e+00 6.609240237980762878e+00 -3.886300350185500019e+00
4.328729465158712486e+00 2.830935681484107125e+00 6.745754764240639467e+00 -3.914819082756527457e+00
4.329840823238285452e+00 2.938724668225058956e+00 6.881740264826073705e+00 -3.943015596601012529e+00
4.330952181317858418e+00 3.046590488017634879e+00 7.017634487792206777e+00 -3.971043999774562128e+00
4.332063539397431384e+00 3.155007534487093590e+00 7.153863884656399996e+00 -3.998856350169299745e+00
4.333174897477005238e+00 3.264511804698827291e+00 7.290728236567960430e+00 -4.026216431869130474e+00
4.334286255556579093e+00 3.375553940419393495e+00 7.428334829074286993e+00 -4.052780888654887725e+00
4.335397613636152059e+00 3.488375553182064159e+00 7.566593581719860850e+00 -4.078218028537796691e+00
4.336508971715725025e+00 3.602942792054072640e+00 7.705264695166856193e+00 -4.102321903112784440e+00
4.337620329795297991e+00 3.718954141793482826e+00 7.844035335392103292e+00 -4.125081193598614249e+00
4.338731687874870957e+00 3.835917909767733835e+00 7.982596152255732491e+00 -4.146678242487997323e+00
4.339843045954444811e+00 3.953275302529324353e+00 8.120693060888996229e+00 -4.167417758359672320e+00
4.340954404034017777e+00 4.070533158916720851e+00 8.258142126985504206e+00 -4.187608968068780690e+00
4.342065762113591632e+00 4.187369534202314725e+00 8.394810548136756978e+00 -4.207441013934436036e+00
4.343177120193164598e+00 4.303685232451859299e+00 8.530579019954201314e+00 -4.226893787502335798e+00
4.344288478272737564e+00 4.419591622118955954e+00 8.665306071242426356e+00 -4.245714449123464185e+00
4.345399836352310530e+00 4.535344120340236707e+00 8.798811913895265846e+00 -4.263467793555023810e+00
4.346511194431883496e+00 4.651245764149313899e+00 8.930889752752438682e+00 -4.279643988603124782e+00
4.347622552511457350e+00 4.767551972502800162e+00 9.061340386206250486e+00 -4.293788413703445883e+00
4.348733910591031204e+00 4.884404390349712521e+00 9.190016026041877950e+00 -4.305611635692160100e+00
4.349845268670604170e+00 5.001810185856130353e+00 9.316855223763864657e+00 -4.315045037907728087e+00
4.350956626750177136e+00 5.119667444442346671e+00 9.441893905374387330e+00 -4.322226460932038883e+00
4.352067984829750102e+00 5.237822580606826151e+00 9.565246366670880462e+00 -4.327423786064047206e+00
4.353179342909323069e+00 5.356136598988152642e+00 9.687061173100360634e+00 -4.330924574112211545e+00
4.354290700988896923e+00 5.474536176973694879e+00 9.807466045580262914e+00 -4.332929868606563595e+00
4.355402059068469889e+00 5.593032730511736439e+00 9.926519666940674114e+00 -4.333486936428937675e+00
4.356513417148043743e+00 5.711705069419985570e+00 1.004418564133324487e+01 -4.332480571913258416e+00
4.357624775227616709e+00 5.830654545675884037e+00 1.016033576100370084e+01 -4.329681215327819466e+00
4.358736133307189675e+00 5.949951225926824350e+00 1.027477939404104568e+01 -4.324828168114222215e+00
4.359847491386762641e+00 6.069592422365604811e+00 1.038730704024963281e+01 -4.317714617884026218e+00
4.360958849466335607e+00 6.189490107753687020e+00 1.049773203852416614e+01 -4.308241930770472017e+00
4.362070207545909462e+00 6.309493109398223609e+00 1.060591634160207342e+01 -4.296423232203851583e+00
4.363181565625483316e+00 6.429437247132863575e+00 1.071177324549870846e+01 -4.282335998365838670e+00
4.364292923705056282e+00 6.549206148144140371e+00 1.081524918756698916e+01 -4.266043039422841687e+00
4.365404281784629248e+00 6.668780940206854524e+00 1.091629468329451846e+01 -4.247513743087655946e+00
4.366515639864202214e+00 6.788260014997772096e+00 1.101483821710438704e+01 -4.226578202106611393e+00
4.367626997943775180e+00 6.907839670158983481e+00 1.111077515576903529e+01 -4.202935485610044708e+00
4.368738356023349034e+00 7.027759565209627191e+00 1.120397732651917444e+01 -4.176217761309542809e+00
4.369849714102922000e+00 7.148229237104436251e+00 1.129432034766550252e+01 -4.146091110561060056e+00
4.370961072182495855e+00 7.269359290498005777e+00 1.138171842026587655e+01 -4.112359129767860111e+00
4.372072430262068821e+00 7.391120724290821897e+00 1.146615289130692972e+01 -4.075032167016106932e+00
4.373183788341641787e+00 7.513347995085761788e+00 1.154768275348379625e+01 -4.034334758398031795e+00
4.374295146421214753e+00 7.635788149600116981e+00 1.162643164062785672e+01 -3.990643491027744627e+00
4.375406504500787719e+00 7.758183762845211717e+00 1.170255440692759308e+01 -3.944370644082378696e+00
4.376517862580361573e+00 7.880366086834929007e+00 1.177619386305585358e+01 -3.895827776220920136e+00
4.377629220659935427e+00 8.002330403906368517e+00 1.184744191787606482e+01 -3.845111513969683426e+00
4.378740578739508393e+00 8.124269658684715623e+00 1.191631790754489728e+01 -3.792048248860177662e+00
4.379851936819081359e+00 8.246553980677749252e+00 1.198277085799472275e+01 -3.736216877316972163e+00
4.380963294898654325e+00 8.369659361488327676e+00 1.204670406494567914e+01 -3.677044703457349240e+00
4.382074652978227292e+00 8.494063865317992068e+00 1.210801275051006520e+01 -3.613948885192065585e+00
4.383186011057801146e+00 8.620139777979462181e+00 1.216662140992989194e+01 -3.546481631950429758e+00
4.384297369137374112e+00 8.748071968239548468e+00 1.222250821470845850e+01 -3.474436246468911804e+00
4.385408727216947966e+00 8.877825790027602082e+00 1.227570908455407128e+01 -3.397883294526469200e+00
4.386520085296520932e+00 9.009174056915911777e+00 1.232630173495207870e+01 -3.317127678036169591e+00
4.387631443376093898e+00 9.141775968858404156e+00 1.237437725216299000e+01 -3.232601283304584516e+00
4.388742801455666864e+00 9.275286209067990839e+00 1.242001088462728475e+01 -3.144724675559285032e+00
4.389854159535239830e+00 9.409464010189529048e+00 1.246324333534519546e+01 -3.053779325155659752e+00
4.390965517614813685e+00 9.544252226419798646e+00 1.250407919714155902e+01 -2.959826970721755046e+00
4.392076875694387539e+00 9.679805216510480648e+00 1.254250218610167167e+01 -2.862696969591193685e+00
4.393188233773960505e+00 9.816459036247602299e+00 1.257850023980501675e+01 -2.762041203557408675e+00
4.394299591853533471e+00 9.954653760115574457e+00 1.261208989063909058e+01 -2.657436130523510354e+00
4.395410949933106437e+00 1.009483098521822875e+01 1.264332996069147619e+01 -2.548498975473248329e+00
4.396522308012679403e+00 1.023733596440306570e+01 1.267231922747537531e+01 -2.434983263072309612e+00
4.397633666092253257e+00 1.038235166056983338e+01 1.269917940246848254e+01 -2.316827741898648263e+00
4.398745024171826223e+00 1.052988210834631566e+01 1.272403085208023654e+01 -2.194148743733912887e+00
4.399856382251400078e+00 1.067978784241244838e+01 1.274697151033103992e+01 -2.067183667918588874e+00
4.400967740330973044e+00 1.083186114162039004e+01 1.276806812232337940e+01 -1.936206980702985359e+00
4.402079098410546010e+00 1.098591780074504953e+01 1.278736377074169184e+01 -1.801445969996637642e+00
4.403190456490118976e+00 1.114187817898237043e+01 1.280489859789540574e+01 -1.663020418913026210e+00
4.404301814569691942e+00 1.129981435168217629e+01 1.282073457802303729e+01 -1.520920226340853887e+00
4.405413172649265796e+00 1.145995089889345486e+01 1.283497266912079127e+01 -1.375021770227333073e+00
4.406524530728839650e+00 1.162262087786798759e+01 1.284775292794782509e+01 -1.225132050079833501e+00
4.407635888808412616e+00 1.178819162834075485e+01 1.285923460254190509e+01 -1.071042974201151132e+00
4.408747246887985582e+00 1.195698340007473703e+01 1.286956151671939352e+01 -9.125781166446543802e-01
4.409858604967558549e+00 1.212920502586156246e+01 1.287882503251445598e+01 -7.496200066528909689e-01
4.410969963047131515e+00 1.230492481673282157e+01 1.288703962241321577e+01 -5.821148056803933102e-01
4.412081321126705369e+00 1.248408354170005552e+01 1.289414314386676352e+01 -4.100596021667036184e-01
4.413192679206278335e+00 1.266654332872775157e+01 1.290002590948672712e+01 -2.334825807589717972e-01
4.414304037285852189e+00 1.285215559227662041e+01 1.290458219294054665e+01 -5.242660066391765378e-02
4.415415395365425155e+00 1.304082589058115360e+01 1.290776863395106666e+01 1.330572566300931292e-01
4.416526753444998121e+00 1.323255543257951672e+01 1.290964964214624189e+01 3.229057904332801043e-01
4.417638111524571087e+00 1.342744709685702631e+01 1.291041236883940613e+01 5.170347280176249560e-01
4.418749469604144053e+00 1.362567564717566171e+01 1.291034278528176316e+01 7.153328618938987749e-01
4.419860827683717908e+00 1.382743355966384335e+01 1.290976716558020598e+01 9.176663940836480293e-01
4.420972185763291762e+00 1.403287179081096170e+01 1.290897557029649079e+01 1.123896220514471134e+00
4.422083543842864728e+00 1.424205639446180705e+01 1.290815140085569546e+01 1.333904993606114475e+00
4.423194901922437694e+00 1.445495661804045184e+01 1.290733081626778933e+01 1.547625801772674281e+00
4.424306260002010660e+00 1.467146962299745461e+01 1.290640738443469182e+01 1.765062238562757235e+00
4.425417618081583626e+00 1.489147460386728561e+01 1.290518319701355665e+01 1.986291406853730290e+00
4.426528976161157480e+00 1.511489879118999724e+01 1.290345232238722595e+01 2.211446468802774401e+00
4.427640334240730446e+00 1.534177298565236214e+01 1.290109104755677905e+01 2.440681938095594194e+00
4.428751692320304301e+00 1.557225658310840721e+01 1.289812589524419018e+01 2.674130687864214373e+00
4.429863050399877267e+00 1.580662097366371732e+01 1.289475639163514664e+01 2.911864582028571125e+00
4.430974408479450233e+00 1.604519308096698538e+01 1.289132336534329859e+01 3.153869715623692560e+00
4.432085766559023199e+00 1.628827367687798500e+01 1.288823086410232577e+01 3.400042812775661005e+00
4.433197124638596165e+00 1.653605388950623833e+01 1.288584496880857344e+01 3.650208920697669335e+00
4.434308482718170019e+00 1.678855512690261875e+01 1.288440080763576212e+01 3.904154319266859741e+00
4.435419840797743873e+00 1.704561168733042820e+01 1.288394713350603560e+01 4.161664553824405033e+00
4.436531198877316839e+00 1.730690324863717677e+01 1.288434637666242466e+01 4.422556871974749448e+00
4.437642556956889806e+00 1.757202979930443831e+01 1.288533071771587046e+01 4.686699081588569626e+00
4.438753915036462772e+00 1.784060883575920187e+01 1.288659703543874180e+01 4.954011800320473391e+00
4.439865273116035738e+00 1.811236774419168682e+01 1.288791131518365951e+01 5.224456429008031755e+00
4.440976631195609592e+00 1.838720540825714878e+01 1.288919025766575821e+01 5.498015150591391453e+00
4.442087989275182558e+00 1.866520598092774108e+01 1.289053532152037285e+01 5.774670659407367346e+00
4.443199347354756412e+00 1.894660176866712575e+01 1.289220979123986943e+01 6.054391977427255433e+00
4.444310705434329378e+00 1.923169703852355283e+01 1.289456763734575162e+01 6.337129401177799437e+00
4.445422063513902344e+00 1.952077573206187466e+01 1.289795798709411656e+01 6.622817744967752773e+00
4.446533421593475310e+00 1.981402015215015666e+01 1.290263609038650827e+01 6.911384061763654607e+00
4.447644779673048276e+00 2.011146348969186093e+01 1.290870856954414236e+01 7.202754920147717677e+00
4.448756137752622131e+00 2.041298797922458874e+01 1.291612868799368741e+01 7.496859291230898670e+00
4.449867495832195097e+00 2.071836606655187296e+01 1.292474051080832176e+01 7.793625555743546762e+00
4.450978853911768951e+00 2.102732881067443671e+01 1.293435483380246076e+01 8.092973976871981279e+00
4.452090211991341917e+00 2.133963796050520401e+01 1.294482991204850997e+01 8.394808048456690486e+00
4.453201570070914883e+00 2.165513811879331740e+01 1.295612945635912894e+01 8.699008662434192019e+00
4.454312928150487849e+00 2.197377298962133096e+01 1.296833905297996026e+01 9.005433936641374260e+00
4.455424286230061703e+00 2.229556230078493684e+01 1.298163695932575834e+01 9.313925341459176721e+00
4.456535644309634669e+00 2.262054939347286009e+01 1.299623100448424395e+01 9.624318388988616135e+00
4.457647002389208524e+00 2.294873924951659916e+01 1.301228471636234119e+01 9.936454533154261526e+00
4.458758360468781490e+00 2.328004968010164788e+01 1.302985903419111047e+01 1.025019064591053564e+01
4.459869718548354456e+00 2.361429360760641316e+01 1.304889010924121706e+01 1.056540349836519788e+01
4.460981076627927422e+00 2.395119949183783703e+01 1.306921091640656662e+01 1.088198857543126685e+01
4.462092434707500388e+00 2.429046366799163792e+01 1.309060917727890327e+01 1.119985449071274175e+01
4.463203792787074242e+00 2.463181716123096976e+01 1.311290166414354630e+01 1.151891549708741103e+01
4.464315150866647208e+00 2.497508421186813976e+01 1.313599950403271954e+01 1.183908470783542732e+01
4.465426508946221063e+00 2.532021211187207399e+01 1.315994237246905385e+01 1.216026973940302014e+01
4.466537867025794029e+00 2.566726126304281408e+01 1.318489019874193247e+01 1.248237106430087984e+01
4.467649225105366995e+00 2.601635752805818314e+01 1.321107542321670181e+01 1.280528210484148488e+01
4.468760583184939961e+00 2.636762155730337653e+01 1.323873199291126390e+01 1.312888956439211618e+01
4.469871941264513815e+00 2.672109759996410716e+01 1.326802472278943945e+01 1.345307287717467126e+01
4.470983299344086781e+00 2.707670469749153597e+01 1.329900198314299331e+01 1.377770271434854266e+01
4.472094657423660635e+00 2.743422594574527196e+01 1.333158630143594614e+01 1.410263964430933115e+01
4.473206015503233601e+00 2.779333908293950728e+01 1.336560440584090514e+01 1.442773467709860924e+01
4.474317373582806567e+00 2.815367815477367941e+01 1.340084503174860941e+01 1.475283312302508065e+01
4.475428731662379533e+00 2.851490593532476581e+01 1.343712394988727432e+01 1.507778198543749326e+01
4.476540089741952499e+00 2.887677350349627758e+01 1.347433405437221055e+01 1.540243944912406882e+01
4.477651447821526354e+00 2.923914796787885351e+01 1.351246432461034530e+01 1.572668364326852242e+01
4.478762805901099320e+00 2.960200022620425386e+01 1.355158279151918599e+01 1.605041743468507676e+01
4.479874163980673174e+00 2.996535814693844912e+01 1.359179126590625941e+01 1.637356688103219327e+01
4.480985522060246140e+00 3.032924210533273168e+01 1.363316914516023282e+01 1.669607296017250420e+01
4.482096880139819106e+00 3.069360550358003081e+01 1.367572688823650751e+01 1.701787861534351265e+01
4.483208238219392072e+00 3.105830085706090316e+01 1.371938576774028284e+01 1.733891508932062209e+01
4.484319596298965038e+00 3.142308297572398246e+01 1.376399082926856288e+01 1.765909214645541425e+01
4.485430954378538893e+00 3.178764783473035749e+01 1.380935210294845739e+01 1.797829573178189477e+01
4.486542312458112747e+00 3.215169335241388637e+01 1.385529919566617529e+01 1.829639415674773062e+01
4.487653670537685713e+00 3.251498071768147469e+01 1.390172984672834389e+01 1.861325087095312725e+01
4.488765028617258679e+00 3.287737472451993881e+01 1.394863532408540330e+01 1.892873940043453018e+01
4.489876386696831645e+00 3.323884883243881916e+01 1.399609374389710403e+01 1.924275508854172401e+01
4.490987744776404611e+00 3.359945287598570474e+01 1.404423355926395800e+01 1.955521931672175029e+01
4.492099102855978465e+00 3.395925429211157365e+01 1.409317967089570978e+01 1.986607462121586920e+01
4.493210460935551431e+00 3.431827296137571182e+01 1.414300036393882110e+01 2.017527259743688717e+01
4.494321819015125286e+00 3.467643208223532980e+01 1.419367268577699015e+01 2.048275939645834498e+01
4.495433177094698252e+00 3.503354210207466934e+01 1.424507729263911848e+01 2.078846480943555619e+01
4.496544535174271218e+00 3.538932345362160703e+01 1.429702360994275345e+01 2.109229984367884825e+01
4.497655893253844184e+00 3.574346055568982194e+01 1.434929595396524071e+01 2.139416460172459011e+01
4.498767251333417150e+00 3.609566879696347996e+01 1.440170454617510210e+01 2.169396425078837964e+01
4.499878609412991004e+00 3.644575172578792177e+01 1.445412432033365668e+01 2.199162740545427042e+01
4.500989967492564858e+00 3.679362897259375131e+01 1.450650926023778275e+01 2.228711971235595257e+01
4.502101325572137824e+00 3.713932541312580327e+01 1.455887886633458805e+01 2.258044654679121521e+01
4.503212683651710790e+00 3.748292532631266027e+01 1.461128304971548886e+01 2.287164227659717142e+01
4.504324041731283756e+00 3.782450727644732780e+01 1.466375891294341116e+01 2.316074836350391308e+01
4.505435399810856723e+00 3.816408205832976108e+01 1.471629510112529360e+01 2.344778695720445683e+01
4.506546757890430577e+00 3.850155503122940104e+01 1.476881608316205607e+01 2.373273894806735029e+01
4.507658115970003543e+00 3.883672589047980495e+01 1.482119119106563687e+01 2.401553469941418228e+01
4.508769474049577397e+00 3.916932622479567527e+01 1.487326427137552010e+01 2.429606195342016051e+01
4.509880832129150363e+00 3.949908242462235108e+01 1.492489257619447685e+01 2.457418984842788134e+01
4.510992190208723329e+00 3.982578299057302473e+01 1.497598052784767653e+01 2.484980246272535354e+01
4.512103548288296295e+00 4.014932790697012166e+01 1.502649616291957457e+01 2.512283174405055775e+01
4.513214906367869261e+00 4.046974390466075988e+01 1.507646449360369800e+01 2.539327941105706898e+01
4.514326264447443116e+00 4.078716097386331541e+01 1.512594034187072545e+01 2.566122063199258108e+01
4.515437622527016970e+00 4.110175842455973338e+01 1.517497043180770966e+01 2.592678799275201840e+01
4.516548980606589936e+00 4.141369872214535519e+01 1.522355815486748121e+01 2.619014056727787576e+01
4.517660338686162902e+00 4.172307093065239769e+01 1.527164326809533890e+01 2.645142766255707301e+01
4.518771696765735868e+00 4.202986177001589141e+01 1.531910337141626322e+01 2.671075839859962286e+01
4.519883054845308834e+00 4.233396249638895625e+01 1.536577633937170617e+01 2.696818615701722877e+01
4.520994412924882688e+00 4.263520752710256545e+01 1.541149569279811082e+01 2.722371183430443864e+01
4.522105771004455654e+00 4.293343022441038670e+01 1.545612667875638202e+01 2.747730354565399935e+01
4.523217129084029509e+00 4.322851609132582951e+01 1.549959096212548815e+01 2.772892512920034136e+01
4.524328487163602475e+00 4.352043545584496087e+01 1.554187213579037774e+01 2.797856332005458668e+01
4.525439845243175441e+00 4.380924569822934700e+01 1.558300109280192913e+01 2.822624460542740721e+01
4.526551203322748407e+00 4.409506424865281815e+01 1.562302720560684044e+01 2.847203704304597949e+01
4.527662561402321373e+00 4.437802393130113643e+01 1.566198581863335804e+01 2.871603811266777839e+01
4.528773919481895227e+00 4.465822811227668865e+01 1.569987328192688913e+01 2.895835483034979774e+01
4.529885277561469081e+00 4.493572253340165190e+01 1.573663754058379105e+01 2.919908499281785907e+01
4.530996635641042047e+00 4.521049402683806306e+01 1.577218644271613179e+01 2.943830758412192594e+01
4.532107993720615013e+00 4.548249602885214671e+01 1.580640961545946332e+01 2.967608641339268871e+01
4.533219351800187980e+00 4.575169071892169370e+01 1.583920523989438145e+01 2.991248547902731048e+01
4.534330709879760946e+00 4.601809136587240801e+01 1.587050185881391862e+01 3.014758950705849117e+01
4.535442067959334800e+00 4.628178830853829595e+01 1.590026775415850224e+01 3.038152055437979016e+01
4.536553426038907766e+00 4.654294796437027770e+01 1.592850540652325364e+01 3.061444255784703472e+01
4.537664784118481620e+00 4.680178416588508838e+01 1.595523417973655178e+01 3.084654998614854549e+01
4.538776142198054586e+00 4.705851137583489674e+01 1.598046857417148914e+01 3.107804280166340405e+01
4.539887500277627552e+00 4.731329621056686108e+01 1.600420067368443711e+01 3.130909553688242752e+01
4.540998858357200518e+00 4.756622470275418380e+01 1.602639340424796544e+01 3.153983129850621481e+01
4.542110216436773484e+00 4.781729746318421803e+01 1.604698678346290919e+01 3.177031067972132661e+01
4.543221574516347339e+00 4.806645520826361206e+01 1.606591420422327232e+01 3.200054100404035751e+01
4.544332932595921193e+00 4.831362644230241443e+01 1.608312191762088617e+01 3.223050452468152116e+01
4.545444290675494159e+00 4.855878121665725899e+01 1.609858370773367398e+01 3.246019750892358502e+01
4.546555648755067125e+00 4.880197263276647135e+01 1.611230469811566834e+01 3.268966793465080656e+01
4.547667006834640091e+00 4.904335192505294572e+01 1.612431253696494338e+01 3.291903938808800945e+01
4.548778364914213057e+00 4.928315208963714866e+01 1.613463923547570289e+01 3.314851285416144577e+01
4.549889722993786911e+00 4.952164590107138054e+01 1.614330077549461606e+01 3.337834512557677868e+01
4.551001081073359877e+00 4.975909295869823978e+01 1.615028279081104756e+01 3.360881016788719933e+01
4.552112439152933732e+00 4.999569404952642060e+01 1.615553867226885387e+01 3.384015537725757383e+01
4.553223797232506698e+00 5.023156835841023593e+01 1.615900201948504389e+01 3.407256633892520625e+01
4.554335155312079664e+00 5.046676091159243782e+01 1.616061004589968420e+01 3.430615086569276428e+01
4.555446513391652630e+00 5.070127700662601455e+01 1.616033026604402423e+01 3.454094674058200098e+01
4.556557871471225596e+00 5.093513101060570136e+01 1.615818112889642677e+01 3.477694988170928525e+01
4.557669229550799450e+00 5.116839206959141961e+01 1.615423886578145485e+01 3.501415320380998963e+01
4.558780587630373304e+00 5.140121060647540929e+01 1.614862719887919695e+01 3.525258340759619813e+01
4.559891945709946270e+00 5.163381644356115174e+01 1.614149223192079319e+01 3.549232421164037987e+01
4.561003303789519236e+00 5.186648945009839906e+01 1.613296988262304410e+01 3.573351956747536917e+01
4.562114661869092203e+00 5.209951320715230594e+01 1.612315589527260329e+01 3.597635731187970265e+01
4.563226019948665169e+00 5.233312794488971065e+01 1.611208787477311688e+01 3.622104007011659377e+01
4.564337378028239023e+00 5.256749898370057394e+01 1.609974510139628023e+01 3.646775388230430792e+01
4.565448736107811989e+00 5.280271121238140353e+01 1.608606633389487683e+01 3.671664487848651248e+01
4.566560094187385843e+00 5.303879086935903331e+01 1.607098019731121852e+01 3.696781067204781124e+01
4.567671452266958809e+00 5.327574637533411561e+01 1.605443886709990764e+01 3.722130750823421153e+01
4.568782810346531775e+00 5.351361353344269389e+01 1.603644477965652015e+01 3.747716875378617374e+01
4.569894168426104741e+00 5.375248923987312821e+01 1.601706223168453747e+01 3.773542700818858009e+01
4.571005526505677707e+00 5.399254220493420320e+01 1.599641020547396764e+01 3.799613199946024622e+01
4.572116884585251562e+00 5.423399739279069820e+01 1.597463812933054683e+01 3.825935926346014782e+01
4.573228242664825416e+00 5.447709996676402255e+01 1.595189094168808452e+01 3.852520902507593803e+01
4.574339600744398382e+00 5.472207128975842494e+01 1.592827251623735485e+01 3.879379877352106121e+01
4.575450958823971348e+00 5.496907172204949177e+01 1.590381667050163017e+01 3.906525505154785805e+01
4.576562316903544314e+00 5.521818202915044793e+01 1.587847285377696949e+01 3.933970917537345713e+01
4.577673674983117280e+00 5.546940844175436780e+01 1.585211002221914889e+01 3.961729841953523845e+01
4.578785033062691134e+00 5.572270837575004521e+01 1.582453823095300294e+01 3.989817014479702806e+01
4.579896391142264100e+00 5.597802740925789777e+01 1.579554404612954244e+01 4.018248336312834823e+01
4.581007749221837955e+00 5.623533545596399819e+01 1.576493356431108062e+01 4.047040189165291935e+01
4.582119107301410921e+00 5.649465180083794991e+01 1.573257575250544171e+01 4.076207604833250997e+01
4.583230465380983887e+00 5.675605375211797821e+01 1.569843882231421794e+01 4.105761492980375493e+01
4.584341823460556853e+00 5.701966990818457504e+01 1.566261318366408695e+01 4.135705672452049697e+01
4.585453181540129819e+00 5.728566396086657164e+01 1.562531605539252588e+01 4.166034790547402622e+01
4.586564539619703673e+00 5.755421678316254486e+01 1.558687506815095247e+01 4.196734171501160660e+01
4.587675897699277527e+00 5.782551287976951215e+01 1.554769124903966571e+01 4.227782163072984645e+01
4.588787255778850493e+00 5.809973319395143676e+01 1.550818551958140468e+01 4.259154767437003386e+01
4.589898613858423460e+00 5.837705183014085009e+01 1.546873678476272396e+01 4.290831504537811725e+01
4.591009971937996426e+00 5.865763162560160993e+01 1.542962293170199217e+01 4.322800869389962486e+01
4.592121330017569392e+00 5.894161400295458009e+01 1.539097743909621308e+01 4.355063656385837589e+01
4.593232688097143246e+00 5.922910204324577421e+01 1.535277281514182235e+01 4.387632922810394831e+01
4.594344046176716212e+00 5.952014069022992970e+01 1.531483733977848338e+01 4.420530335045145165e+01
4.595455404256290066e+00 5.981470206247902155e+01 1.527690417088406782e+01 4.453779789159496261e+01
4.596566762335863032e+00 6.011268481199545732e+01 1.523868341196529741e+01 4.487400140003015991e+01
4.597678120415435998e+00 6.041393327962280324e+01 1.519994058291522876e+01 4.521399269670758514e+01
4.598789478495008964e+00 6.071827553340859396e+01 1.516056149478255755e+01 4.555771403862604529e+01
4.599900836574581930e+00 6.102557152814725328e+01 1.512058544777671720e+01 4.590498608037053430e+01
4.601012194654155785e+00 6.133575671830718790e+01 1.508019612759622063e+01 4.625556059071094950e+01
4.602123552733729639e+00 6.164886525464381606e+01 1.503967098403787794e+01 4.660919427060593279e+01
4.603234910813302605e+00 6.196502163021806808e+01 1.499930216127131999e+01 4.696571946894673744e+01
4.604346268892875571e+00 6.228439935015617834e+01 1.495931146753619601e+01 4.732508788261999655e+01
4.605457626972448537e+00 6.260715685201755321e+01 1.491978517294749906e+01 4.768737167907006835e+01
4.606568985052021503e+00 6.293337035471392937e+01 1.488064998310472298e+01 4.805272037160921172e+01
4.607680343131595357e+00 6.326298677069015497e+01 1.484170006550535348e+01 4.842128670518480504e+01
4.608791701211168323e+00 6.359581530982606523e+01 1.480266955453689626e+01 4.879314575528918141e+01
4.609903059290742178e+00 6.393156470719369366e+01 1.476333013411145600e+01 4.916823457308225187e+01
4.611014417370315144e+00 6.426991761022352989e+01 1.472358388449237410e+01 4.954633372573115224e+01
4.612125775449888110e+00 6.461061973755023757e+01 1.468352100446324293e+01 4.992709873308700708e+01
4.613237133529461076e+00 6.495355409117462386e+01 1.464342111167068694e+01 5.031013297950393337e+01
4.614348491609034042e+00 6.529877297255977453e+01 1.460369335374487321e+01 5.069507961881489422e+01
4.615459849688607896e+00 6.564647280544257057e+01 1.456476974846560779e+01 5.108170305697696989e+01
4.616571207768180862e+00 6.599691531424188895e+01 1.452698205527383735e+01 5.146993325896804805e+01
4.617682565847754717e+00 6.635031746021137167e+01 1.449045978273357704e+01 5.185985767747779107e+01
4.618793923927327683e+00 6.670674514661729404e+01 1.445508280180032479e+01 5.225166234481697103e+01
4.619905282006900649e+00 6.706604721857442541e+01 1.442050709450767698e+01 5.264554012406674133e+01
4.621016640086473615e+00 6.742785536774147204e+01 1.438626053144766104e+01 5.304159483629379679e+01
4.622127998166047469e+00 6.779165508542658358e+01 1.435188369302812994e+01 5.343977139239847673e+01
4.623239356245620435e+00 6.815690915119283488e+01 1.431707548185552525e+01 5.383983366933735226e+01
4.624350714325194289e+00 6.852319615800692532e+01 1.428179970491588335e+01 5.424139645309107038e+01
4.625462072404767255e+00 6.889031900225323568e+01 1.424631856612966629e+01 5.464400043612360491e+01
4.626573430484340221e+00 6.925834535980501983e+01 1.421113962211764381e+01 5.504720573768737069e+01
4.627684788563913187e+00 6.962756239004984593e+01 1.417688825561248223e+01 5.545067413443734949e+01
4.628796146643486153e+00 6.999835520526914934e+01 1.414414042902193813e+01 5.585421477624718278e+01
4.629907504723060008e+00 7.037104427121349204e+01 1.411326334979900032e+01 5.625778092141449349e+01
4.631018862802632974e+00 7.074573225892601158e+01 1.408431052455288679e+01 5.666142173437311413e+01
4.632130220882206828e+00 7.112221037555553949e+01 1.405700255037634072e+01 5.706520782517920765e+01
4.633241578961779794e+00 7.149995732085793065e+01 1.403080024473973708e+01 5.746915707611820778e+01
4.634352937041352760e+00 7.187823561534634109e+01 1.400504972683223670e+01 5.787318588851412215e+01
4.635464295120925726e+00 7.225625898596759100e+01 1.397915798206020987e+01 5.827710100390736869e+01
4.636575653200499580e+00 7.263338082505335080e+01 1.395274866771584676e+01 5.868063215733753424e+01
4.637687011280072547e+00 7.300924540780195571e+01 1.392575410875413056e+01 5.908349129904785002e+01
4.638798369359646401e+00 7.338385372597379330e+01 1.389841866732702158e+01 5.948543505864676462e+01
4.639909727439219367e+00 7.375752167511816992e+01 1.387121504374980319e+01 5.988630663136837029e+01
4.641021085518792333e+00 7.413074193570481896e+01 1.384470053136929302e+01 6.028604140433551350e+01
4.642132443598365299e+00 7.450399154391162426e+01 1.381935711496658747e+01 6.068463442894504567e+01
4.643243801677938265e+00 7.487754493444583659e+01 1.379546262062707740e+01 6.108208231381874498e+01
4.644355159757512119e+00 7.525135123588088959e+01 1.377302918114841468e+01 6.147832205473248024e+01
4.645466517837085085e+00 7.562501487912602727e+01 1.375182375749160357e+01 6.187319112163444146e+01
4.646577875916658940e+00 7.599788625438513634e+01 1.373146021082292201e+01 6.226642604356222677e+01
4.647689233996231906e+00 7.636923445215701634e+01 1.371153128703145185e+01 6.265770316512556803e+01
4.648800592075804872e+00 7.673844811304458347e+01 1.369173820746005177e+01 6.304670990558452104e+01
4.649911950155377838e+00 7.710520140834827885e+01 1.367197827759008177e+01 6.343322313075817931e+01
4.651023308234950804e+00 7.746953305655341637e+01 1.365236570067346733e+01 6.381716735587995259e+01
4.652134666314524658e+00 7.783181355662551937e+01 1.363318257626251295e+01 6.419863098036299220e+01
4.653246024394098512e+00 7.819261076504446351e+01 1.361477882161368846e+01 6.457783194343078037e+01
4.654357382473671478e+00 7.855249544420189522e+01 1.359745469726690814e+01 6.495504074693501195e+01
4.655468740553244444e+00 7.891184655227840494e+01 1.358136336946890133e+01 6.533048318280950184e+01
4.656580098632817410e+00 7.927071529456600274e+01 1.356646282418817506e+01 6.570425247037783834e+01
4.657691456712390377e+00 7.962878787857685836e+01 1.355252955771411294e+01 6.607625832086273476e+01
4.658802814791964231e+00 7.998545589601185668e+01 1.353922654627318067e+01 6.644622934973870088e+01
4.659914172871537197e+00 8.033997033824465461e+01 1.352620148514208154e+01 6.681376885310254465e+01
4.661025530951111051e+00 8.069163083273662096e+01 1.351318324473361443e+01 6.717844758800302429e+01
4.662136889030684017e+00 8.103995315669996558e+01 1.350004702890811537e+01 6.753990612779183778e+01
4.663248247110256983e+00 8.138476753002865394e+01 1.348683045740503061e+01 6.789793707262366240e+01
4.664359605189829949e+00 8.172622388390658443e+01 1.347369946045128053e+01 6.825252442345531279e+01
4.665470963269402915e+00 8.206471009647955839e+01 1.346087883029113641e+01 6.860383126618843619e+01
4.666582321348976770e+00 8.240071531310076125e+01 1.344857241065797027e+01 6.895214290244280164e+01
4.667693679428550624e+00 8.273468477561731049e+01 1.343689927919539429e+01 6.929778549642190910e+01
4.668805037508123590e+00 8.306691114051845659e+01 1.342586497280131042e+01 6.964104616771714973e+01
4.669916395587696556e+00 8.339749147081073488e+01 1.341537375213147243e+01 6.998211771867924824e+01
4.671027753667269522e+00 8.372635498639471052e+01 1.340527376647945523e+01 7.032108121991524285e+01
4.672139111746842488e+00 8.405334273423758873e+01 1.339541653399653853e+01 7.065792620024105020e+01
4.673250469826416342e+00 8.437830457581759447e+01 1.338570867401420372e+01 7.099259590180335522e+01
4.674361827905989308e+00 8.470117611483522069e+01 1.337613808390818448e+01 7.132503803092703265e+01
4.675473185985563163e+00 8.502200858924516069e+01 1.336676686064260799e+01 7.165524172860253316e+01
4.676584544065136129e+00 8.534094400755914478e+01 1.335769545904261868e+01 7.198324854851649945e+01
4.677695902144709095e+00 8.565814875412016249e+01 1.334901256488742050e+01 7.230913618923277397e+01
4.678807260224282061e+00 8.597373407931456768e+01 1.334074960928763076e+01 7.263298447002695468e+01
4.679918618303855027e+00 8.628769618134720076e+01 1.333285647966610732e+01 7.295483970168110943e+01
4.681029976383428881e+00 8.659990081891199054e+01 1.332520690857563039e+01 7.327469391033638146e+01
4.682141334463002735e+00 8.691012066824634985e+01 1.331763127607702657e+01 7.359248939216929841e+01
4.683252692542575701e+00 8.721811410198691306e+01 1.330996497302992765e+01 7.390814912895696409e+01
4.684364050622148667e+00 8.752371869637202906e+01 1.330209532080197299e+01 7.422162337557006140e+01
4.685475408701721634e+00 8.782692692854924132e+01 1.329399095215526394e+01 7.453293597639394363e+01
4.686586766781294600e+00 8.812791713796842430e+01 1.328570400256001527e+01 7.484221313540838594e+01
4.687698124860868454e+00 8.842702781305197846e+01 1.327734502620382351e+01 7.514968278684813185e+01
4.688809482940441420e+00 8.872468234616032134e+01 1.326903983414375610e+01 7.545564251201656703e+01
4.689920841020015274e+00 8.902128798946222332e+01 1.326088327124692690e+01 7.576040471821529820e+01
4.691032199099588240e+00 8.931714123732425037e+01 1.325290542994108911e+01 7.606423580738319856e+01
4.692143557179161206e+00 8.961236952498565245e+01 1.324506097469426891e+01 7.636730855029138354e+01
4.693254915258734172e+00 8.990692696297381303e+01 1.323724397917787954e+01 7.666968298379590863e+01
4.694366273338307138e+00 9.020064410231643137e+01 1.322932193325847550e+01 7.697132216905794166e+01
4.695477631417880993e+00 9.049331446846818494e+01 1.322117638340854562e+01 7.727213808505962334e+01
4.696588989497454847e+00 9.078478948862122877e+01 1.321273605412868868e+01 7.757205343449255963e+01
4.697700347577027813e+00 9.107505190225738545e+01 1.320399162414250149e+01 7.787106027811486797e+01
4.698811705656600779e+00 9.136424591126704797e+01 1.319498823817440325e+01 7.816925767309265893e+01
4.699923063736173745e+00 9.165265709575911046e+01 1.318579977291800809e+01 7.846685732284110770e+01
4.701034421815746711e+00 9.194065135089942942e+01 1.317649503650555332e+01 7.876415631439385834e+01
4.702145779895320565e+00 9.222859441370373190e+01 1.316710838679792417e+01 7.906148602690582550e+01
4.703257137974893531e+00 9.251677815033968955e+01 1.315762505654786629e+01 7.935915309379183213e+01
4.704368496054467386e+00 9.280537563603708406e+01 1.314798572891140083e+01 7.965738990712571876e+01
4.705479854134040352e+00 9.309443611471060365e+01 1.313810778357622766e+01 7.995632833113434401e+01
4.706591212213613318e+00 9.338391724946959016e+01 1.312791470954089945e+01 8.025600253992867295e+01
4.707702570293186284e+00 9.367374038491315957e+01 1.311736252060878982e+01 8.055637786430436620e+01
4.708813928372759250e+00 9.396384856237875738e+01 1.310645345494284797e+01 8.085739510743592007e+01
4.709925286452333104e+00 9.425424829553948314e+01 1.309523214803472335e+01 8.115901614750477222e+01
4.711036644531906958e+00 9.454502359653017152e+01 1.308376598439159366e+01 8.146125761213860983e+01
4.712148002611479924e+00 9.483632137656931604e+01 1.307211708111772275e+01 8.176420429545159152e+01
4.713259360691052891e+00 9.512831722407953805e+01 1.306031629499476132e+01 8.206800092908480337e+01
4.714370718770625857e+00 9.542117634982163565e+01 1.304834878180926339e+01 8.237282756801238293e+01
4.715482076850198823e+00 9.571502452946823780e+01 1.303615635612768742e+01 8.267886817334056104e+01
4.716593434929772677e+00 9.600993865433910912e+01 1.302365579261365269e+01 8.298628286172547064e+01
4.717704793009345643e+00 9.630595831685796782e+01 1.301076648484933607e+01 8.329519183200864063e+01
4.718816151088919497e+00 9.660311187404954580e+01 1.299743756608332390e+01 8.360567430796622546e+01
4.719927509168492463e+00 9.690144550024093917e+01 1.298366483903090085e+01 8.391778066121004542e+01
4.721038867248065429e+00 9.720104340336868631e+01 1.296949152389925963e+01 8.423155187946943556e+01
4.722150225327638395e+00 9.750203141927819672e+01 1.295499257714597086e+01 8.454703884213220988e+01
4.723261583407211361e+00 9.780456283846406507e+01 1.294024811036123523e+01 8.486431472810285470e+01
4.724372941486785216e+00 9.810879197427874487e+01 1.292531522352046736e+01 8.518347675075825975e+01
4.725484299566359070e+00 9.841484524431602665e+01 1.291020806472296378e+01 8.550463717959306109e+01
4.726595657645932036e+00 9.872280003391520609e+01 1.289489301282130640e+01 8.582790702109386416e+01
4.727707015725505002e+00 9.903267842179270986e+01 1.287930061229252665e+01 8.615337780950018498e+01
4.728818373805077968e+00 9.934445736828901374e+01 1.286335012833332847e+01 8.648110723995566218e+01
4.729929731884650934e+00 9.965809130437169472e+01 1.284697832516069838e+01 8.681111297921098924e+01
4.731041089964224788e+00 9.997353921696695522e+01 1.283016273468479973e+01 8.714337648228215016e+01
4.732152448043797754e+00 1.002907874860610207e+02 1.281293167022563040e+01 8.747785581583536896e+01
4.733263806123371609e+00 1.006098618974197620e+02 1.279535779731732958e+01 8.781450410010242535e+01
4.734375164202944575e+00 1.009308263675165875e+02 1.277753759024231961e+01 8.815328877727429813e+01
4.735486522282517541e+00 1.012537703326439384e+02 1.275956358843498428e+01 8.849420674420899502e+01
4.736597880362090507e+00 1.015787899152764169e+02 1.274149850736278822e+01 8.883729140791361090e+01
4.737709238441663473e+00 1.019059689822575336e+02 1.272335932164646799e+01 8.918260966061104966e+01
4.738820596521237327e+00 1.022353650593909720e+02 1.270511585811542155e+01 8.953024920127558062e+01
4.739931954600811181e+00 1.025670025689461511e+02 1.268670352509237986e+01 8.988029904385378188e+01
4.741043312680384147e+00 1.029008731904931437e+02 1.266804526781855422e+01 9.023282792267458774e+01
4.742154670759957114e+00 1.032369413430674143e+02 1.264907517952845240e+01 9.058786616353896193e+01
4.743266028839530080e+00 1.035751523234083606e+02 1.262975620455661208e+01 9.094539611885176100e+01
4.744377386919103046e+00 1.039154413009808025e+02 1.261008688779389253e+01 9.130535441318691880e+01
4.745488744998676900e+00 1.042577424553553271e+02 1.259009615011019712e+01 9.166764630524515667e+01
4.746600103078249866e+00 1.046019982337208205e+02 1.256982913945210534e+01 9.203216909426868142e+01
4.747711461157823720e+00 1.049481685173328458e+02 1.254932992993619401e+01 9.239883858739665357e+01
4.748822819237396686e+00 1.052962385043602325e+02 1.252862737313210850e+01 9.276761113122807956e+01
4.749934177316969652e+00 1.056462229756074578e+02 1.250772871570273459e+01 9.313849425990473208e+01
4.751045535396542618e+00 1.059981641758602251e+02 1.248662243186699250e+01 9.351154174399322017e+01
4.752156893476115584e+00 1.063521214690354100e+02 1.246528829517442460e+01 9.388683317386097826e+01
4.753268251555689439e+00 1.067081532621833304e+02 1.244371026387244328e+01 9.426444299831088358e+01
4.754379609635263293e+00 1.070662947601788630e+02 1.242188708644335726e+01 9.464440767373551466e+01
4.755490967714836259e+00 1.074265376947825530e+02 1.239983676958814485e+01 9.502670092519441880e+01
4.756602325794409225e+00 1.077888189965721466e+02 1.237759361804299907e+01 9.541122537852916707e+01
4.757713683873982191e+00 1.081530236843176169e+02 1.235519943311484425e+01 9.579782425120276912e+01
4.758825041953555157e+00 1.085190032012103813e+02 1.233269256812417325e+01 9.618631063308623652e+01
4.759936400033129011e+00 1.088866052010254322e+02 1.231009914613074407e+01 9.657650605489469342e+01
4.761047758112701977e+00 1.092557062119940667e+02 1.228742970151702352e+01 9.696827651047705388e+01
4.762159116192275832e+00 1.096262365206163167e+02 1.226468228166032226e+01 9.736155423895597494e+01
4.763270474271848798e+00 1.099981881331992497e+02 1.224185052271951868e+01 9.775633761047973280e+01
4.764381832351421764e+00 1.103716016514943448e+02 1.221893335003665548e+01 9.815266830145770882e+01
4.765493190430994730e+00 1.107465348712198789e+02 1.219594241953758740e+01 9.855059245168230575e+01
4.766604548510567696e+00 1.111230225095384725e+02 1.217290436166958223e+01 9.895011814786886362e+01
4.767715906590141550e+00 1.115010402400891252e+02 1.214985690842600974e+01 9.935118333166310833e+01
4.768827264669714516e+00 1.118804855527035755e+02 1.212684028825885640e+01 9.975364526444474222e+01
4.769938622749288371e+00 1.122611827653926753e+02 1.210388699854536476e+01 1.001572957668472981e+02
4.771049980828861337e+00 1.126429113714919907e+02 1.208101359378827233e+01 1.005618977777037202e+02
4.772161338908434303e+00 1.130254485782163840e+02 1.205821731014486176e+01 1.009672312680715152e+02
4.773272696988007269e+00 1.134086114069950497e+02 1.203547853833909187e+01 1.013731328686559579e+02
4.774384055067581123e+00 1.137922832463089691e+02 1.201276806566263922e+01 1.017795151806462997e+02
4.775495413147154089e+00 1.141764147262811520e+02 1.199005641661372756e+01 1.021863583096674546e+02
4.776606771226727943e+00 1.145609976908082785e+02 1.196732209251514156e+01 1.025936755982931317e+02
4.777718129306300909e+00 1.149460208186477672e+02 1.194455618145669007e+01 1.030014646371910771e+02
4.778829487385873875e+00 1.153314225492393632e+02 1.192176236058914185e+01 1.034096601886502356e+02
4.779940845465446841e+00 1.157170586625150150e+02 1.189895310372883941e+01 1.038181055587861721e+02
4.781052203545019808e+00 1.161026972590478721e+02 1.187614423683218057e+01 1.042265530222157111e+02
4.782163561624593662e+00 1.164880443762892099e+02 1.185335036101395190e+01 1.046346940152752722e+02
4.783274919704166628e+00 1.168727923216496407e+02 1.183058299024808235e+01 1.050422093314015513e+02
4.784386277783740482e+00 1.172566740292063514e+02 1.180785185165509787e+01 1.054488221775512358e+02
4.785497635863313448e+00 1.176395036946096440e+02 1.178516827512202525e+01 1.058543354194876116e+02
4.786608993942886414e+00 1.180211880059372049e+02 1.176254859630986260e+01 1.062586394096273494e+02
4.787720352022459380e+00 1.184017023099803225e+02 1.174001543202314579e+01 1.066616868779571945e+02
4.788831710102033234e+00 1.187810386352342391e+02 1.171759559023504949e+01 1.070634430449992180e+02
4.789943068181606201e+00 1.191591431413651492e+02 1.169531487884392007e+01 1.074638282625212042e+02
4.791054426261180055e+00 1.195358652923624021e+02 1.167319155378410578e+01 1.078626737385782945e+02
4.792165784340753021e+00 1.199109378591265056e+02 1.165123097001996477e+01 1.082597068891065533e+02
4.793277142420325987e+00 1.202839965574480630e+02 1.162942378905632879e+01 1.086545727683917590e+02
4.794388500499898953e+00 1.206546341619567215e+02 1.160774888317619435e+01 1.090468852787805503e+02
4.795499858579471919e+00 1.210224712337167148e+02 1.158618029792339321e+01 1.094362909357932949e+02
4.796611216659045773e+00 1.213872188340651661e+02 1.156469597655401671e+01 1.098225228575111601e+02
4.797722574738618739e+00 1.217487104763949901e+02 1.154328508417555810e+01 1.102054253922194107e+02
4.798833932818192594e+00 1.221068907615778443e+02 1.152195108550368907e+01 1.105849396760741570e+02
4.799945290897765560e+00 1.224617632847554631e+02 1.150070917420448247e+01 1.109610541105510038e+02
4.801056648977338526e+00 1.228133151921417152e+02 1.147957872719093153e+01 1.113337364649507606e+02
4.802168007056911492e+00 1.231614448265443968e+02 1.145857339902399197e+01 1.117028714275203782e+02
4.803279365136485346e+00 1.235059187216755134e+02 1.143769252909169154e+01 1.120682261925837935e+02
4.804390723216058312e+00 1.238463744981654315e+02 1.141691725873926622e+01 1.124294572394261849e+02
4.805502081295632166e+00 1.241823701349128015e+02 1.139621318309225018e+01 1.127861569518205300e+02
4.806613439375205132e+00 1.245134632264117727e+02 1.137553901989629246e+01 1.131379242065154642e+02
4.807724797454778098e+00 1.248392922767930031e+02 1.135485850431511601e+01 1.134844337724779280e+02
4.808836155534351064e+00 1.251596302239431964e+02 1.133415136337060503e+01 1.138254788605725878e+02
4.809947513613924031e+00 1.254743892895921533e+02 1.131341932967130681e+01 1.141609699599208483e+02
4.811058871693497885e+00 1.257835731217529656e+02 1.129268474569488845e+01 1.144908883760580665e+02
4.812170229773070851e+00 1.260871912576789384e+02 1.127198186562011450e+01 1.148152093920587902e+02
4.813281587852644705e+00 1.263851653984576586e+02 1.125134358744384677e+01 1.151338218110137888e+02
4.814392945932217671e+00 1.266772614523868441e+02 1.123078809295955693e+01 1.154464733594273156e+02
4.815504304011790637e+00 1.269630737563758345e+02 1.121031007509799338e+01 1.157527636812778553e+02
4.816615662091363603e+00 1.272420705303371449e+02 1.118987976771303394e+01 1.160521907626241074e+02
4.817727020170936569e+00 1.275136882502354183e+02 1.116945033721626324e+01 1.163442379130191426e+02
4.818838378250510424e+00 1.277774446730081479e+02 1.114897126594734011e+01 1.166284734070607811e+02
4.819949736330084278e+00 1.280330321936380642e+02 1.112840319318755355e+01 1.169046290004505124e+02
4.821061094409657244e+00 1.282803582631113102e+02 1.110772907086216321e+01 1.171726291922491043e+02
4.822172452489230210e+00 1.285195164329356601e+02 1.108695768754115640e+01 1.174325587453945019e+02
4.823283810568803176e+00 1.287506947221228302e+02 1.106611822654563859e+01 1.176845764955771756e+02
4.824395168648376142e+00 1.289740495709402808e+02 1.104524764957648486e+01 1.179288019213637853e+02
4.825506526727949996e+00 1.291895861393894620e+02 1.102437523577702194e+01 1.181652109036124614e+02
4.826617884807522962e+00 1.293970846012028346e+02 1.100350964912370699e+01 1.183935749520791205e+02
4.827729242887096817e+00 1.295960974855270535e+02 1.098263306574108711e+01 1.186134644197859416e+02
4.828840600966669783e+00 1.297860198218245102e+02 1.096170444392815391e+01 1.188243153778963830e+02
4.829951959046242749e+00 1.299662097271863104e+02 1.094067081520847751e+01 1.190255389119778329e+02
4.831063317125815715e+00 1.301361203921058518e+02 1.091948264415440129e+01 1.192166377479514665e+02
4.832174675205388681e+00 1.302954009184646509e+02 1.089810785536991844e+01 1.193972930630947928e+02
4.833286033284962535e+00 1.304439343512802338e+02 1.087653958242400343e+01 1.195673947688562748e+02
4.834397391364536389e+00 1.305818027399836296e+02 1.085479490622528331e+01 1.197270078337583072e+02
4.835508749444109355e+00 1.307091936921549404e+02 1.083290504365268880e+01 1.198762886485022250e+02
4.836620107523682321e+00 1.308262820964760067e+02 1.081090049132903097e+01 1.200153816051469562e+02
4.837731465603255288e+00 1.309331278850689841e+02 1.078879644071090915e+01 1.201443314443580448e+02
4.838842823682828254e+00 1.310296235472493436e+02 1.076658370870835313e+01 1.202630398385410047e+02
4.839954181762402108e+00 1.311155063631393318e+02 1.074422848986233348e+01 1.203712778732769806e+02
4.841065539841975074e+00 1.311904268605422033e+02 1.072168111350534048e+01 1.204687457470368912e+02
4.842176897921548928e+00 1.312540453003698531e+02 1.069889078868565591e+01 1.205551545116841936e+02
4.843288256001121894e+00 1.313061191119186049e+02 1.067582117890883353e+01 1.206302979330097855e+02
4.844399614080694860e+00 1.313465491824299249e+02 1.065246133163452669e+01 1.206940878507954267e+02
4.845510972160267826e+00 1.313753697052971177e+02 1.062882810990578619e+01 1.207465415953913208e+02
4.846622330239840792e+00 1.313926885052338207e+02 1.060495926089724428e+01 1.207877292443366031e+02
4.847733688319414647e+00 1.313986039854350167e+02 1.058089954747948269e+01 1.208177044379555269e+02
4.848845046398988501e+00 1.313931337917387623e+02 1.055668479496796586e+01 1.208364489967707982e+02
4.849956404478561467e+00 1.313761855142878119e+02 1.053232940643250615e+01 1.208438561078553022e+02
4.851067762558134433e+00 1.313475829774342571e+02 1.050782163331166785e+01 1.208397613441225928e+02
4.852179120637707399e+00 1.313071392325085469e+02 1.048312811353778962e+01 1.208240111189707306e+02
4.853290478717280365e+00 1.312547478832644003e+02 1.045820590394549043e+01 1.207965419793189454e+02
4.854401836796854219e+00 1.311904555276494477e+02 1.043301761291626306e+01 1.207574379147331740e+02
4.855513194876427185e+00 1.311144837025619836e+02 1.040754421451447875e+01 1.207069394880475102e+02
4.856624552956001040e+00 1.310271871397137602e+02 1.038179105004126690e+01 1.206453960896725164e+02
4.857735911035574006e+00 1.309289597512253636e+02 1.035578504652349530e+01 1.205731747047018558e+02
4.858847269115146972e+00 1.308201212804007980e+02 1.032956437882365641e+01 1.204905569015771505e+02
4.859958627194719938e+00 1.307008274717575773e+02 1.030316450928431138e+01 1.203976629624732624e+02
4.861069985274292904e+00 1.305710404777262283e+02 1.027660577722334700e+01 1.202944347005028902e+02
4.862181343353866758e+00 1.304305754928657848e+02 1.024988704159576614e+01 1.201806884512700009e+02
4.863292701433440612e+00 1.302792114006222732e+02 1.022298756451604440e+01 1.200562238361062413e+02
4.864404059513013578e+00 1.301168278734798491e+02 1.019587622525108372e+01 1.199209516482287938e+02
4.865515417592586545e+00 1.299435187130418115e+02 1.016852442436770332e+01 1.197749942886741366e+02
4.866626775672159511e+00 1.297596368349678073e+02 1.014091769001042032e+01 1.196187191449574243e+02
4.867738133751732477e+00 1.295657492020706911e+02 1.011306153549530151e+01 1.194526876665753861e+02
4.868849491831306331e+00 1.293625126264204539e+02 1.008497934206738122e+01 1.192775332843530549e+02
4.869960849910879297e+00 1.291505120271928604e+02 1.005670312325493931e+01 1.190938089039378696e+02
4.871072207990453151e+00 1.289301197861300352e+02 1.002826080866165093e+01 1.189018589774683790e+02
4.872183566070026117e+00 1.287014309857989076e+02 9.999665104721200848e+00 1.187017658810777334e+02
4.873294924149599083e+00 1.284643045819080385e+02 9.970908483436311087e+00 1.184933960984717203e+02
4.874406282229172049e+00 1.282185027579634777e+02 9.941966568875574950e+00 1.182765361890878921e+02
4.875517640308745015e+00 1.279638830174547479e+02 9.912808960428424854e+00 1.180510740570262982e+02
4.876628998388318870e+00 1.277005740141802193e+02 9.883413557170248609e+00 1.178171604570099618e+02
4.877740356467892724e+00 1.274290664770332739e+02 9.853778873784399650e+00 1.175752876032488814e+02
4.878851714547465690e+00 1.271501765035209957e+02 9.823929318979461200e+00 1.173262471845415291e+02
4.879963072627038656e+00 1.268648823658010940e+02 9.793910845379560470e+00 1.170709715204215229e+02
4.881074430706611622e+00 1.265740830723022725e+02 9.763777939001936801e+00 1.168103051333003322e+02
4.882185788786184588e+00 1.262783602872093240e+02 9.733576305440914567e+00 1.165447839817684326e+02
4.883297146865758442e+00 1.259778315958624404e+02 9.703327544865784304e+00 1.162745040509966543e+02
4.884408504945331408e+00 1.256721580446017725e+02 9.673021787863241627e+00 1.159991362567385380e+02
4.885519863024905263e+00 1.253607188795024854e+02 9.642621686237792034e+00 1.157180971932646969e+02
4.886631221104478229e+00 1.250429073732017287e+02 9.612077147706099112e+00 1.154308302254956118e+02
4.887742579184051195e+00 1.247184538854842089e+02 9.581346167402996272e+00 1.151371077180812250e+02
4.888853937263624161e+00 1.243876636997452039e+02 9.550414520885926351e+00 1.148372491788592527e+02
4.889965295343197127e+00 1.240514766335547137e+02 9.519306971001963547e+00 1.145321696625527323e+02
4.891076653422770981e+00 1.237113091922048369e+02 9.488085190403719338e+00 1.142232240018011140e+02
4.892188011502344835e+00 1.233687121527100032e+02 9.456832050812552737e+00 1.139118801018974523e+02
4.893299369581917801e+00 1.230249434539917104e+02 9.425626798666954187e+00 1.135993166553247846e+02
4.894410727661490768e+00 1.226805947266793311e+02 9.394519218754355805e+00 1.132860755079249770e+02
4.895522085741063734e+00 1.223354044186341270e+02 9.363511844779722537e+00 1.129718925738543760e+02
4.896633443820636700e+00 1.219883397741297699e+02 9.332557124893002154e+00 1.126557826492367411e+02
4.897744801900210554e+00 1.216379475942735127e+02 9.301571767423048698e+00 1.123363758268504569e+02
4.898856159979783520e+00 1.212828849110616147e+02 9.270464757861416771e+00 1.120124201532002246e+02
4.899967518059357374e+00 1.209224743429207365e+02 9.239170661652549299e+00 1.116833036812681996e+02
4.901078876138930340e+00 1.205571081948761076e+02 9.207677507117756122e+00 1.113494306877583711e+02
4.902190234218503306e+00 1.201883599128710642e+02 9.176039679129145199e+00 1.110123202337418888e+02
4.903301592298076272e+00 1.198187434203778992e+02 9.144370616206218827e+00 1.106743728041716537e+02
4.904412950377649238e+00 1.194511665555826454e+02 9.112816372214874505e+00 1.103383501833677656e+02
4.905524308457223093e+00 1.190882219361906493e+02 9.081517282883153186e+00 1.100067046533074944e+02
4.906635666536796947e+00 1.187315160910005574e+02 9.050569043859804097e+00 1.096809470471407479e+02
4.907747024616369913e+00 1.183812359485181389e+02 9.019995082867334091e+00 1.093612408656507995e+02
4.908858382695942879e+00 1.180360891183528622e+02 8.989738928872112567e+00 1.090463501894807337e+02
4.909969740775515845e+00 1.176936482788727432e+02 8.959679299591460477e+00 1.087339689792812578e+02
4.911081098855088811e+00 1.173510118863473366e+02 8.929663718737627320e+00 1.084213481676097075e+02
4.912192456934662665e+00 1.170055992590813929e+02 8.899550824902913604e+00 1.081060484341784758e+02
4.913303815014235632e+00 1.166558569732373769e+02 8.869248936263222305e+00 1.077866080369741439e+02
4.914415173093809486e+00 1.163016785028061975e+02 8.838739699815972628e+00 1.074629388029902231e+02
4.915526531173382452e+00 1.159444229099985222e+02 8.808080349578595758e+00 1.071363425604199477e+02
4.916637889252955418e+00 1.155865357362549304e+02 8.777384700053788791e+00 1.068091510362011434e+02
4.917749247332528384e+00 1.152308903627400838e+02 8.746789395758570507e+00 1.064841009669815293e+02
4.918860605412101350e+00 1.148800461704959730e+02 8.716416115719031410e+00 1.061636300547769309e+02
4.919971963491675204e+00 1.145356377298708139e+02 8.686341138919013716e+00 1.058492965909518233e+02
4.921083321571249058e+00 1.141980627234168963e+02 8.656580804468363866e+00 1.055414819189485485e+02
4.922194679650822025e+00 1.138665410458425526e+02 8.627095995039008258e+00 1.052394450508035533e+02
4.923306037730394991e+00 1.135395039654857356e+02 8.597812663189889903e+00 1.049416913022958369e+02
4.924417395809967957e+00 1.132151757555992333e+02 8.568650598996988776e+00 1.046465251566022374e+02
4.925528753889540923e+00 1.128921599227998911e+02 8.539550599157594846e+00 1.043526093236422980e+02
4.926640111969114777e+00 1.125698518985582410e+02 8.510491465842216385e+00 1.040593604327160193e+02
4.927751470048687743e+00 1.122485643830511322e+02 8.481492250906910613e+00 1.037670721321442500e+02
4.928862828128261597e+00 1.119293480066465349e+02 8.452600406036761882e+00 1.034767476006097837e+02
4.929974186207834563e+00 1.116135868128617830e+02 8.423871187001616079e+00 1.031897156258601882e+02
4.931085544287407529e+00 1.113025145623652890e+02 8.395346244918425072e+00 1.029071683174468888e+02
4.932196902366980495e+00 1.109968141943889322e+02 8.367039054065713799e+00 1.026297751403232184e+02
4.933308260446553462e+00 1.106964260404894986e+02 8.338931918800351895e+00 1.023574941216891432e+02
4.934419618526127316e+00 1.104006148997556380e+02 8.310984903347460317e+00 1.020896299964081635e+02
4.935530976605700282e+00 1.101082581793348396e+02 8.283152735585861848e+00 1.018251054437489813e+02
4.936642334685274136e+00 1.098182462878901191e+02 8.255403045971100084e+00 1.015628432419189835e+02
4.937753692764847102e+00 1.095298549347626249e+02 8.227729096335904657e+00 1.013021258384267611e+02
4.938865050844420068e+00 1.092429656258207586e+02 8.200152410423484639e+00 1.010428132153972456e+02
4.939976408923993034e+00 1.089580678730106484e+02 8.172714553431310591e+00 1.007853533195793290e+02
4.941087767003566888e+00 1.086760536656306613e+02 8.145461307015310126e+00 1.005305923586153511e+02
4.942199125083139855e+00 1.083978849645552600e+02 8.118425216515078091e+00 1.002794597480401819e+02
4.943310483162713709e+00 1.081242549837034659e+02 8.091613002177105329e+00 1.000326419815263677e+02
4.944421841242286675e+00 1.078553613707848342e+02 8.065002487145786603e+00 9.979035888363905826e+01
4.945533199321859641e+00 1.075908664215935318e+02 8.038550201582861376e+00 9.955231622001068104e+01
4.946644557401432607e+00 1.073300520333121426e+02 8.012206948019466424e+00 9.931784508529268862e+01
4.947755915481005573e+00 1.070721089037697880e+02 7.985935744764817379e+00 9.908617315900494305e+01
4.948867273560579427e+00 1.068164538043556462e+02 7.959725710560467959e+00 9.885672809379516934e+01
4.949978631640152393e+00 1.065629606460804553e+02 7.933596895837800922e+00 9.862936375024267477e+01
4.951089989719726248e+00 1.063120224702470580e+02 7.907594270180451801e+00 9.840442820006659019e+01
4.952201347799299214e+00 1.060644209437525660e+02 7.881772893729102059e+00 9.818264805002347373e+01
4.953312705878872180e+00 1.058210467061238091e+02 7.856179382559917990e+00 9.796486732356389382e+01
4.954424063958445146e+00 1.055825652471112193e+02 7.830836050238306534e+00 9.775172919687288697e+01
4.955535422038019000e+00 1.053491418022742749e+02 7.805733143766351745e+00 9.754340865850792852e+01
4.956646780117591966e+00 1.051203192237182265e+02 7.780831754071101614e+00 9.733948746964712484e+01
4.957758138197165820e+00 1.048950920524157056e+02 7.756076280879205420e+00 9.713901577153650635e+01
4.958869496276738786e+00 1.046721554802723517e+02 7.731412067588590453e+00 9.694074341268377282e+01
4.959980854356311752e+00 1.044502511341851800e+02 7.706802120644328014e+00 9.674344901354083959e+01
4.961092212435884719e+00 1.042285011369274059e+02 7.682237255451750180e+00 9.654626388147565308e+01
4.962203570515457685e+00 1.040066270537884066e+02 7.657736383110031575e+00 9.634889067067838653e+01
4.963314928595031539e+00 1.037849885071249361e+02 7.633337112779210898e+00 9.615165139434574826e+01
4.964426286674604505e+00 1.035644341000520967e+02 7.609080174321251278e+00 9.595535392573086142e+01
4.965537644754178359e+00 1.033460155424354667e+02 7.584993214304183162e+00 9.576102232813130399e+01
4.966649002833751325e+00 1.031306558299839082e+02 7.561079602211462358e+00 9.556957622777245831e+01
4.967760360913324291e+00 1.029188720221328452e+02 7.537316015427938609e+00 9.538155600670491197e+01
4.968871718992897257e+00 1.027106309839437444e+02 7.513659441593333987e+00 9.519697154235039704e+01
4.969983077072471112e+00 1.025053711913828636e+02 7.490060959000502727e+00 9.501531023238234752e+01
4.971094435152044078e+00 1.023021711344757847e+02 7.466481370512662252e+00 9.483568976396313133e+01
4.972205793231617932e+00 1.021000022069475648e+02 7.442903243753464793e+00 9.465709896319410177e+01
4.973317151311190898e+00 1.018979841380035651e+02 7.419335289048380133e+00 9.447864884895520277e+01
4.974428509390763864e+00 1.016955685707507513e+02 7.395807760722381552e+00 9.429976081002837418e+01
4.975539867470336830e+00 1.014926065814251928e+02 7.372360704583733160e+00 9.412024587684145160e+01
4.976651225549909796e+00 1.012892969209592025e+02 7.349029293367452809e+00 9.394026762759177984e+01
4.977762583629483650e+00 1.010860490781381600e+02 7.325831369377147517e+00 9.376021770876103290e+01
4.978873941709056616e+00 1.008833169118526314e+02 7.302761385582365428e+00 9.358055552627028817e+01
4.979985299788630471e+00 1.006814589662413510e+02 7.279792576989393638e+00 9.340166638925195741e+01
4.981096657868203437e+00 1.004806628981261269e+02 7.256886268461129497e+00 9.322377662966496814e+01
4.982208015947776403e+00 1.002809424095046751e+02 7.234004774206291621e+00 9.304693763529839146e+01
4.983319374027349369e+00 1.000821872861108375e+02 7.211123214546815596e+00 9.287106407156403520e+01
4.984430732106922335e+00 9.988423071360109873e+01 7.188236126811995419e+00 9.269599458678911219e+01
4.985542090186496189e+00 9.968689803053308651e+01 7.165356737112886343e+00 9.252154129342022770e+01
4.986653448266070043e+00 9.949001593492161533e+01 7.142509444589662415e+00 9.234750649033193781e+01
4.987764806345643009e+00 9.929338370697983862e+01 7.119718479025310742e+00 9.217366522795454387e+01
4.988876164425215975e+00 9.909672844033133288e+01 7.096996977906274040e+00 9.199973146242506061e+01
4.989987522504788942e+00 9.889967603175072952e+01 7.074340461085941278e+00 9.182533557066479091e+01
4.991098880584361908e+00 9.870176472890327091e+01 7.051726993339574534e+00 9.165003773556368571e+01
4.992210238663935762e+00 9.850251033261021405e+01 7.029123852895295954e+00 9.147338647971494652e+01
4.993321596743508728e+00 9.830150881301133836e+01 7.006498168846082564e+00 9.129501064416527356e+01
4.994432954823082582e+00 9.809854262588396523e+01 6.983827593145615076e+00 9.111471503273833150e+01
4.995544312902655548e+00 9.789364961564334067e+01 6.961107116062879463e+00 9.093254249958047808e+01
4.996655670982228514e+00 9.768712180489390562e+01 6.938349576453139100e+00 9.074877222844074254e+01
4.997767029061801480e+00 9.747942335599475427e+01 6.915579719895768029e+00 9.056384363609898003e+01
4.998878387141374446e+00 9.727104504265375340e+01 6.892823980982870857e+00 9.037822106167087099e+01
4.999989745220948301e+00 9.706233660180939182e+01 6.870099679363218748e+00 9.019223692244617041e+01
5.001101103300522155e+00 9.685336934785539142e+01 6.847407493517323473e+00 9.000596185433806795e+01
5.002212461380095121e+00 9.664387482976600552e+01 6.824729868573633063e+00 8.981914496119235025e+01
5.003323819459668087e+00 9.643328267339980187e+01 6.802035875083983107e+00 8.963124679831584274e+01
5.004435177539241053e+00 9.622084938129860632e+01 6.779290740022931416e+00 8.944155864127566247e+01
5.005546535618814019e+00 9.600584029763597016e+01 6.756466638717188111e+00 8.924937365891878471e+01
5.006657893698387873e+00 9.578770928725475642e+01 6.733550937850067086e+00 8.905415834940471598e+01
5.007769251777960839e+00 9.556622105044100124e+01 6.710549038230873009e+00 8.885567201221010691e+01
5.008880609857534694e+00 9.534147939375279179e+01 6.687480920140721707e+00 8.865399847361203456e+01
5.009991967937107660e+00 9.511385505165245036e+01 6.664372733736897203e+00 8.844948231791558158e+01
5.011103326016680626e+00 9.488383863727216294e+01 6.641246501760569743e+00 8.824259213551158609e+01
5.012214684096253592e+00 9.465186732525789637e+01 6.618111607056333945e+00 8.803375571820157575e+01
5.013326042175826558e+00 9.441818042972501246e+01 6.594961026692453210e+00 8.782321940303253882e+01
5.014437400255400412e+00 9.418274732646445102e+01 6.571773523173230380e+00 8.761097380329124462e+01
5.015548758334974266e+00 9.394528559945872814e+01 6.548520853433894118e+00 8.739676474602481449e+01
5.016660116414547232e+00 9.370535688487287018e+01 6.525177282429559966e+00 8.718017960244331732e+01
5.017771474494120199e+00 9.346250306358462012e+01 6.501727918756817104e+00 8.696077514482779236e+01
5.018882832573693165e+00 9.321637442361468118e+01 6.478172885221041177e+00 8.673820153839362490e+01
5.019994190653266131e+00 9.296680739123375758e+01 6.454525901538032073e+00 8.651228148969569531e+01
5.021105548732839985e+00 9.271382965400974285e+01 6.430807912762701584e+00 8.628302174124704038e+01
5.022216906812412951e+00 9.245759735849873096e+01 6.407038198927850203e+00 8.605055915957089496e+01
5.023328264891986805e+00 9.219829288765754427e+01 6.383226301076805775e+00 8.581506658658071274e+01
5.024439622971559771e+00 9.193602422445781031e+01 6.359367778434246610e+00 8.557665644602354860e+01
5.025550981051132737e+00 9.167076407156089601e+01 6.335445393554467231e+00 8.533531867800643056e+01
5.026662339130705703e+00 9.140235027931328204e+01 6.311435323014512377e+00 8.509091495629877500e+01
5.027773697210278669e+00 9.113054517312599501e+01 6.287316133117974992e+00 8.484322904000801202e+01
5.028885055289852524e+00 9.085512897511894437e+01 6.263077213113917630e+00 8.459205176200502763e+01
5.029996413369426378e+00 9.057598982540022803e+01 6.238723501489396028e+00 8.433726632391083911e+01
5.031107771448999344e+00 9.029317439781689814e+01 6.214274628076485563e+00 8.407889976974041701e+01
5.032219129528572310e+00 9.000687803562230727e+01 6.189758573015148535e+00 8.381711946260716672e+01
5.033330487608145276e+00 8.971737610227670245e+01 6.165201914339255573e+00 8.355217418793748152e+01
5.034441845687718242e+00 8.942492046600735023e+01 6.140620001938154715e+00 8.328430046406921861e+01
5.035553203767292096e+00 8.912963859268195677e+01 6.116010506479198305e+00 8.301362808620277178e+01
5.036664561846865062e+00 8.883147266953250210e+01 6.091352701087578758e+00 8.274011996844491534e+01
5.037775919926438917e+00 8.853018250927178201e+01 6.066612913471134405e+00 8.246356959580063517e+01
5.038887278006011883e+00 8.822541357419464703e+01 6.041754496489544657e+00 8.218365907770511569e+01
5.039998636085584849e+00 8.791680831704306343e+01 6.016749122821269502e+00 8.190005919422175396e+01
5.041109994165157815e+00 8.760412341158256311e+01 5.991585740530139148e+00 8.161253767105242218e+01
5.042221352244730781e+00 8.728731290399289833e+01 5.966274286908632263e+00 8.132103861708428383e+01
5.043332710324304635e+00 8.696654877237872938e+01 5.940842983983246839e+00 8.102570578839548432e+01
5.044444068403878489e+00 8.664217180842850041e+01 5.915330141837753963e+00 8.072684166659072957e+01
5.045555426483451456e+00 8.631458961441059330e+01 5.889773167164338297e+00 8.042481644724625767e+01
5.046666784563024422e+00 8.598415650262519705e+01 5.864198328745738209e+00 8.011995817387943930e+01
5.047778142642597388e+00 8.565107596959924763e+01 5.838614502170271336e+00 7.981246146742897452e+01
5.048889500722170354e+00 8.531535824528272371e+01 5.813012738262498758e+00 7.950234550702020897e+01
5.050000858801744208e+00 8.497684615239762707e+01 5.787371555599223782e+00 7.918947459679839085e+01
5.051112216881317174e+00 8.463529893904376422e+01 5.761666004792327378e+00 7.887363293425147504e+01
5.052223574960891028e+00 8.429050406411610652e+01 5.735877398497600588e+00 7.855462666561849971e+01
5.053334933040463994e+00 8.394237785365820059e+01 5.710000501890767133e+00 7.823237735176743968e+01
5.054446291120036960e+00 8.359102046065599723e+01 5.684045927130826570e+00 7.790697453352514401e+01
5.055557649199609926e+00 8.323670686164987842e+01 5.658037119515766378e+00 7.757866974213409605e+01
5.056669007279182892e+00 8.287981788318212750e+01 5.632003095735810483e+00 7.724781478744633034e+01
5.057780365358756747e+00 8.252073570013570247e+01 5.605969412905036364e+00 7.691476628723067677e+01
5.058891723438330601e+00 8.215973990577616348e+01 5.579950306447447161e+00 7.657978959932870566e+01
5.060003081517903567e+00 8.179693932669617595e+01 5.553944434380758466e+00 7.624299489231539440e+01
5.061114439597476533e+00 8.143226187715032438e+01 5.527935423711759277e+00 7.590432645343857132e+01
5.062225797677049499e+00 8.106550464509651022e+01 5.501896877633438265e+00 7.556360776746308261e+01
5.063337155756622465e+00 8.069642615741706493e+01 5.475800180395760108e+00 7.522062597702131370e+01
5.064448513836196319e+00 8.032484930114925703e+01 5.449622730697610606e+00 7.487522657045163044e+01
5.065559871915769286e+00 7.995074104455254371e+01 5.423354310410527290e+00 7.452738673414198445e+01
5.066671229995343140e+00 7.957424428527212967e+01 5.397000049806075950e+00 7.417724423546604839e+01
5.067782588074916106e+00 7.919565424766794592e+01 5.370579569630293371e+00 7.382507467803763745e+01
5.068893946154489072e+00 7.881535066030269832e+01 5.344122967804921132e+00 7.347122769249776297e+01
5.070005304234062038e+00 7.843371093101397662e+01 5.317665039029741081e+00 7.311604589198424264e+01
5.071116662313635004e+00 7.805103412035394683e+01 5.291239303918225723e+00 7.275979481643571489e+01
5.072228020393208858e+00 7.766749959859882324e+01 5.264873122114891224e+00 7.240262647648393113e+01
5.073339378472782712e+00 7.728317049130863836e+01 5.238584576823372529e+00 7.204458591448525340e+01
5.074450736552355679e+00 7.689803565496274018e+01 5.212381216595291633e+00 7.168565443836747875e+01
5.075562094631928645e+00 7.651207092187753744e+01 5.186260345079606537e+00 7.132581057679789183e+01
5.076673452711501611e+00 7.612529517043240901e+01 5.160210449680214140e+00 7.096508472075218776e+01
5.077784810791074577e+00 7.573780084391626133e+01 5.134213491912303695e+00 7.060358735200391322e+01
5.078896168870648431e+00 7.534974986628377280e+01 5.108247975168467292e+00 7.024150189111531972e+01
5.080007526950221397e+00 7.496133992298582882e+01 5.082292773013174170e+00 6.987904714997266353e+01
5.081118885029795251e+00 7.457275741742739683e+01 5.056331535772939922e+00 6.951642588165445602e+01
5.082230243109368217e+00 7.418413789983470963e+01 5.030357126074247454e+00 6.915378077376045951e+01
5.083341601188941183e+00 7.379555092060986965e+01 5.004375130548153194e+00 6.879117579006167205e+01
5.084452959268514149e+00 7.340701579164564805e+01 4.978405288167233600e+00 6.842861050347841001e+01
5.085564317348087116e+00 7.301854182784815350e+01 4.952479861980702225e+00 6.806606196586744773e+01
5.086675675427660970e+00 7.263017633321997835e+01 4.926638621073084146e+00 6.770353771214689687e+01
5.087787033507234824e+00 7.224203989657003433e+01 4.900921066876051668e+00 6.734111882969399687e+01
5.088898391586807790e+00 7.185433294126852388e+01 4.875357540339019025e+00 6.697897540092948532e+01
5.090009749666380756e+00 7.146730832746013107e+01 4.849961518576302311e+00 6.661734680888383764e+01
5.091121107745953722e+00 7.108121806190624170e+01 4.824725445989831663e+00 6.625649261591640027e+01
5.092232465825526688e+00 7.069625280970099368e+01 4.799621725149860296e+00 6.589663108455111740e+01
5.093343823905100543e+00 7.031249682261103828e+01 4.774609150279903069e+00 6.553788767233110946e+01
5.094455181984673509e+00 6.992991644876575208e+01 4.749643469464476908e+00 6.518027297930125030e+01
5.095566540064247363e+00 6.954838899607304370e+01 4.724689407949571596e+00 6.482369958812347477e+01
5.096677898143820329e+00 6.916776439855465242e+01 4.699730838516093634e+00 6.446803356003856322e+01
5.097789256223393295e+00 6.878794003250291667e+01 4.674776114335688071e+00 6.411316391816721705e+01
5.098900614302966261e+00 6.840892357583213368e+01 4.649856851037742267e+00 6.375906672479440829e+01
5.100011972382539227e+00 6.803086209330399470e+01 4.625020312502506670e+00 6.340584178080148092e+01
5.101123330462113081e+00 6.765402654970756657e+01 4.600317459107621687e+00 6.305370909059995199e+01
5.102234688541686047e+00 6.727875592489475309e+01 4.575790057849857817e+00 6.270296586704490949e+01
5.103346046621259902e+00 6.690537882004512937e+01 4.551460587409095204e+00 6.235391823263604039e+01
5.104457404700832868e+00 6.653413811006701906e+01 4.527327862679307202e+00 6.200681024738772606e+01
5.105568762780405834e+00 6.616514313218776522e+01 4.503369580535266259e+00 6.166177355165248741e+01
5.106680120859978800e+00 6.579836448314617314e+01 4.479550878697874161e+00 6.131881360444829454e+01
5.107791478939552654e+00 6.543367202082301048e+01 4.455836164078607275e+00 6.097783585674440587e+01
5.108902837019125620e+00 6.507090216913483971e+01 4.432200489479505734e+00 6.063870167965534819e+01
5.110014195098699474e+00 6.470993111054862368e+01 4.408636952748732796e+00 6.030129415779990865e+01
5.111125553178272440e+00 6.435072913265881311e+01 4.385157900996735414e+00 5.996557123166209635e+01
5.112236911257845406e+00 6.399337859194881872e+01 4.361789726611013052e+00 5.963158886533781811e+01
5.113348269337418373e+00 6.363805101552257071e+01 4.338563098999811629e+00 5.929948791652275730e+01
5.114459627416991339e+00 6.328495312558374764e+01 4.315501926289972978e+00 5.896945119929378620e+01
5.115570985496565193e+00 6.293426204826381110e+01 4.292614721093249486e+00 5.864164732717055273e+01
5.116682343576138159e+00 6.258607308330989127e+01 4.269891236812533464e+00 5.831618184649736492e+01
5.117793701655712013e+00 6.224037823961511862e+01 4.247305511919916121e+00 5.799307272769519983e+01
5.118905059735284979e+00 6.189708228779858246e+01 4.224824370707553456e+00 5.767225791709103078e+01
5.120016417814857945e+00 6.155604951934386548e+01 4.202418653700981999e+00 5.735363086564287727e+01
5.121127775894430911e+00 6.121716356584690288e+01 4.180073556538873802e+00 5.703709000930803086e+01
5.122239133974004766e+00 6.088037829755619157e+01 4.157794722101410656e+00 5.672258357545477736e+01
5.123350492053577732e+00 6.054574139303744573e+01 4.135608062237954741e+00 5.641013333079949632e+01
5.124461850133151586e+00 6.021338223487223473e+01 4.113553249285620161e+00 5.609982898558661901e+01
5.125573208212724552e+00 5.988346865566778376e+01 4.091672786011845808e+00 5.579179586965592819e+01
5.126684566292297518e+00 5.955614812800784819e+01 4.069999917599878003e+00 5.548614821040796130e+01
5.127795924371870484e+00 5.923149437866248235e+01 4.048548978923266262e+00 5.518294539973923207e+01
5.128907282451443450e+00 5.890947830996561407e+01 4.027310994635067587e+00 5.488216731533054826e+01
5.130018640531017304e+00 5.858997340413028354e+01 4.006255736715574223e+00 5.458371766741471021e+01
5.131129998610590270e+00 5.827279365536500677e+01 3.985339515032369828e+00 5.428745414033262762e+01
5.132241356690164125e+00 5.795775084365966734e+01 3.964516332048781511e+00 5.399323451161090048e+01
5.133352714769737091e+00 5.764471154364603223e+01 3.943749161814379622e+00 5.370096238183166548e+01
5.134464072849310057e+00 5.733363477959569821e+01 3.923018243567179653e+00 5.341061653602849191e+01
5.135575430928883023e+00 5.702457833132631748e+01 3.902324319073521064e+00 5.312225401225276755e+01
5.136686789008455989e+00 5.671767270503261216e+01 3.881686322448332227e+00 5.283598638258427371e+01
5.137798147088029843e+00 5.641307275020303535e+01 3.861134639226356136e+00 5.255193811097668544e+01
5.138909505167603697e+00 5.611090400863925254e+01 3.840702200442323910e+00 5.227020180819691575e+01
5.140020863247176663e+00 5.581122178911620324e+01 3.820416056866170695e+00 5.199080573225003121e+01
5.141132221326749629e+00 5.551399560323943660e+01 3.800291640689744899e+00 5.171370396254970103e+01
5.142243579406322596e+00 5.521912212523648833e+01 3.780330878194778421e+00 5.143879124704172057e+01
5.143354937485895562e+00 5.492645978089519332e+01 3.760524050242354477e+00 5.116593573065285483e+01
5.144466295565469416e+00 5.463587102960730846e+01 3.740854225651891518e+00 5.089501680395540717e+01
5.145577653645042382e+00 5.434725675469780271e+01 3.721302530149705134e+00 5.062595422454811711e+01
5.146689011724616236e+00 5.406057125664388252e+01 3.701852577875238914e+00 5.035871867876863206e+01
5.147800369804189202e+00 5.377581439262268503e+01 3.682492982421966765e+00 5.009332141020072271e+01
5.148911727883762168e+00 5.349300627906966810e+01 3.663217714300059935e+00 4.982978856476960061e+01
5.150023085963335134e+00 5.321215633492997910e+01 3.644024856153307734e+00 4.956813147877667802e+01
5.151134444042908100e+00 5.293323999753953046e+01 3.624914758354664368e+00 4.930832523918488164e+01
5.152245802122481955e+00 5.265619276001330462e+01 3.605888594253682466e+00 4.905030416575962704e+01
5.153357160202055809e+00 5.238092380855126606e+01 3.586947911958303870e+00 4.879397589659295420e+01
5.154468518281628775e+00 5.210734339260248760e+01 3.568095176981329608e+00 4.853924821562117842e+01
5.155579876361201741e+00 5.183539230265499498e+01 3.549334756735739838e+00 4.828605754591924182e+01
5.156691234440774707e+00 5.156506068195606929e+01 3.530673533876740322e+00 4.803438714807933962e+01
5.157802592520347673e+00 5.129638731566550547e+01 3.512120451569634483e+00 4.778426686409587631e+01
5.158913950599921527e+00 5.102943805147594958e+01 3.493684738210884433e+00 4.753575331326506870e+01
5.160025308679494493e+00 5.076427026571774803e+01 3.475373151999539001e+00 4.728889711371819971e+01
5.161136666759068348e+00 5.050089614795852100e+01 3.457187089348436881e+00 4.704370905861009078e+01
5.162248024838641314e+00 5.023925875524388118e+01 3.439120609931392458e+00 4.680013814531250915e+01
5.163359382918214280e+00 4.997923073007029870e+01 3.421160248373427581e+00 4.655807048169688755e+01
5.164470740997787246e+00 4.972063767376730681e+01 3.403286956016113418e+00 4.631735071775119650e+01
5.165582099077360212e+00 4.946329925547615858e+01 3.385479821541309331e+00 4.607781943393484880e+01
5.166693457156934066e+00 4.920707446806800789e+01 3.367720597635687874e+00 4.583935387043233334e+01
5.167804815236507920e+00 4.895189549549201757e+01 3.349997733387519272e+00 4.560189776210452806e+01
5.168916173316080886e+00 4.869777822691709446e+01 3.332308701670699591e+00 4.536546952524641085e+01
5.170027531395653853e+00 4.844480535127472365e+01 3.314659898798204107e+00 4.513014545247652620e+01
5.171138889475226819e+00 4.819308743085207425e+01 3.297064125920022182e+00 4.489602330493205784e+01
5.172250247554799785e+00 4.794271503847458860e+01 3.279536400457764511e+00 4.466317863801682364e+01
5.173361605634373639e+00 4.769371821574210202e+01 3.262089350943397026e+00 4.443162886479870366e+01
5.174472963713946605e+00 4.744604702734996948e+01 3.244729557330401359e+00 4.420131747001956057e+01
5.175584321793520459e+00 4.719957970695358540e+01 3.227455879647628478e+00 4.397212382730596403e+01
5.176695679873093425e+00 4.695415536633702658e+01 3.210260179066215080e+00 4.374389518727081594e+01
5.177807037952666391e+00 4.670961981018284348e+01 3.193130087180518828e+00 4.351648972300233709e+01
5.178918396032239357e+00 4.646586860252354256e+01 3.176052862620581063e+00 4.328981573990297704e+01
5.180029754111812323e+00 4.622287267085328466e+01 3.159019081513248839e+00 4.306385358934004870e+01
5.181141112191386178e+00 4.598067795704523064e+01 3.142025022312540550e+00 4.283865293473269986e+01
5.182252470270960032e+00 4.573937969945041715e+01 3.125073075051537419e+00 4.261430662439887840e+01
5.183363828350532998e+00 4.549908065411207758e+01 3.108170166320747718e+00 4.239091048779132365e+01
5.184475186430105964e+00 4.525984789936437380e+01 3.091324824702759155e+00 4.216852307466162131e+01
5.185586544509678930e+00 4.502168301710301535e+01 3.074543914912931442e+00 4.194713910219007147e+01
5.186697902589251896e+00 4.478451545648514553e+01 3.057830122734632727e+00 4.172668533375050970e+01
5.187809260668825750e+00 4.454822061474563100e+01 3.041180975088991989e+00 4.150703963965665366e+01
5.188920618748398716e+00 4.431265558439723407e+01 3.024589642017541546e+00 4.128806594237968142e+01
5.190031976827972571e+00 4.407769963202493102e+01 3.008047174467476381e+00 4.106965245755745286e+01
5.191143334907545537e+00 4.384328528635876410e+01 2.991545377889234025e+00 4.085173990846953984e+01
5.192254692987118503e+00 4.360940971204934868e+01 2.975079347599057122e+00 4.063433036445029245e+01
5.193366051066691469e+00 4.337612334950087956e+01 2.958648841711140065e+00 4.041747450778973416e+01
5.194477409146264435e+00 4.314350092415762816e+01 2.942258078615289651e+00 4.020124284554233896e+01
5.195588767225838289e+00 4.291160596341941869e+01 2.925914074264742037e+00 3.998569188915467265e+01
5.196700125305412143e+00 4.268046181911421399e+01 2.909624104415671653e+00 3.977083771469854412e+01
5.197811483384985110e+00 4.245003933849059052e+01 2.893393139628984922e+00 3.955664619886161404e+01
5.198922841464558076e+00 4.222026492108403062e+01 2.877222080883985456e+00 3.934304284020005582e+01
5.200034199544131042e+00 4.199104515240562563e+01 2.861107339767562152e+00 3.912993781263804038e+01
5.201145557623704008e+00 4.176229827760199953e+01 2.845041861652763959e+00 3.891725641594923246e+01
5.202256915703277862e+00 4.153398057462983672e+01 2.829017232001105775e+00 3.870496334262872296e+01
5.203368273782850828e+00 4.130609791207363912e+01 2.813026180560270983e+00 3.849307173151336769e+01
5.204479631862424682e+00 4.107869851060056021e+01 2.797064701849291346e+00 3.828163380875125910e+01
5.205590989941997648e+00 4.085184999029786468e+01 2.781133161473326343e+00 3.807071682882453700e+01
5.206702348021570614e+00 4.062560955944791630e+01 2.765236095884212819e+00 3.786037346356371813e+01
5.207813706101143580e+00 4.039999858689498069e+01 2.749380822203664199e+00 3.765061776469131871e+01
5.208925064180716547e+00 4.017499098204766028e+01 2.733575323317369854e+00 3.744141565873027844e+01
5.210036422260290401e+00 3.995051952273794882e+01 2.717826057565602582e+00 3.723269346517233203e+01
5.211147780339864255e+00 3.972649752341531837e+01 2.702136316498486845e+00 3.702436120691682220e+01
5.212259138419437221e+00 3.950284753789792802e+01 2.686505542012710634e+00 3.681634199588523160e+01
5.213370496499010187e+00 3.927952623902294249e+01 2.670929696378122831e+00 3.660859654264482543e+01
5.214481854578583153e+00 3.905653612755696713e+01 2.655402463026061533e+00 3.640113366453089583e+01
5.215593212658156119e+00 3.883391970491497602e+01 2.639916840962232669e+00 3.619400286395274691e+01
5.216704570737729973e+00 3.861173833355958607e+01 2.624466639262741374e+00 3.598727169429684380e+01
5.217815928817302940e+00 3.839004375975309102e+01 2.609047481996120688e+00 3.578099627775698366e+01
5.218927286896876794e+00 3.816885306060701311e+01 2.593657147202268476e+00 3.557519591340475529e+01
5.220038644976449760e+00 3.794813657431770082e+01 2.578295303690278928e+00 3.536984127062742544e+01
5.221150003056022726e+00 3.772782362139678014e+01 2.562962892272883764e+00 3.516486072912389460e+01
5.222261361135595692e+00 3.750782426936149960e+01 2.547661466742543013e+00 3.496016280261895304e+01
5.223372719215168658e+00 3.728805943710018056e+01 2.532392752529643687e+00 3.475566668457054220e+01
5.224484077294742512e+00 3.706848846189078728e+01 2.517158531996637194e+00 3.455132992989415186e+01
5.225595435374316367e+00 3.684912403069348130e+01 2.501960790494446307e+00 3.434716324019902345e+01
5.226706793453889333e+00 3.663002883851137170e+01 2.486801928381266347e+00 3.414322691013011024e+01
5.227818151533462299e+00 3.641129487327662417e+01 2.471684812192014302e+00 3.393961006108460765e+01
5.228929509613035265e+00 3.619301247917216102e+01 2.456612514772680722e+00 3.373639996439948163e+01
5.230040867692608231e+00 3.597524006151999743e+01 2.441587747887569826e+00 3.353365231363241605e+01
5.231152225772182085e+00 3.575798512672329821e+01 2.426612158561944010e+00 3.333137296816134665e+01
5.232263583851755051e+00 3.554120335825176369e+01 2.411685771301545600e+00 3.312951758695020743e+01
5.233374941931328905e+00 3.532481604449417745e+01 2.396806860317108878e+00 3.292800918417707123e+01
5.234486300010901871e+00 3.510873968000791479e+01 2.381972416528354231e+00 3.272676726347957299e+01
5.235597658090474837e+00 3.489291727262320819e+01 2.367179167420250696e+00 3.252573810520296149e+01
5.236709016170047803e+00 3.467734032202573502e+01 2.352424884426839835e+00 3.232491543759889652e+01
5.237820374249620770e+00 3.446205377344380594e+01 2.337709556094704322e+00 3.212434421734909762e+01
5.238931732329194624e+00 3.424714228567597729e+01 2.323035982794424026e+00 3.192410630288154749e+01
5.240043090408768478e+00 3.403270273025811576e+01 2.308409484829830660e+00 3.172429324542828510e+01
5.241154448488341444e+00 3.381881262979566571e+01 2.293836680415166196e+00 3.152497594938050085e+01
5.242265806567914410e+00 3.360550557661228765e+01 2.279323604524403191e+00 3.132618197208788047e+01
5.243377164647487376e+00 3.339276211864287802e+01 2.264873700297124870e+00 3.112788841834575138e+01
5.244488522727060342e+00 3.318051910774067892e+01 2.250486326431996531e+00 3.093003278130868594e+01
5.245599880806634197e+00 3.296869404933174508e+01 2.236156333716559086e+00 3.073253771561518022e+01
5.246711238886207163e+00 3.275721585359207921e+01 2.221874981815149308e+00 3.053534087177694545e+01
5.247822596965781017e+00 3.254605134487321294e+01 2.207632068825303051e+00 3.033841927604790456e+01
5.248933955045353983e+00 3.233521859130605236e+01 2.193418750794839944e+00 3.014179984051121863e+01
5.250045313124926949e+00 3.212478288942190119e+01 2.179230264535808814e+00 2.994555262488608349e+01
5.251156671204499915e+00 3.191483733243234155e+01 2.165067729587970113e+00 2.974976960284436345e+01
5.252268029284072881e+00 3.170547513463791134e+01 2.150938422496500024e+00 2.955453671214140599e+01
5.253379387363646735e+00 3.149676346276563166e+01 2.136854337177635621e+00 2.935990912558798982e+01
5.254490745443219701e+00 3.128872761319963658e+01 2.122829349501442309e+00 2.916589826369819960e+01
5.255602103522793556e+00 3.108135040601944254e+01 2.108875739364344248e+00 2.897247466665509918e+01
5.256713461602366522e+00 3.087458614724042505e+01 2.095001050381342544e+00 2.877958509685907629e+01
5.257824819681939488e+00 3.066838344909099234e+01 2.081206205821801714e+00 2.858717724326919551e+01
5.258936177761512454e+00 3.046270837622970973e+01 2.067485456657877307e+00 2.839522291957182887e+01
5.260047535841086308e+00 3.025755972547441530e+01 2.053828209242520408e+00 2.820373151623190111e+01
5.261158893920659274e+00 3.005297150415911034e+01 2.040222223349619668e+00 2.801274928080949067e+01
5.262270252000233128e+00 2.984900256040820210e+01 2.026657257010522795e+00 2.782234530339768241e+01
5.263381610079806094e+00 2.964571800308226912e+01 2.013128093676701980e+00 2.763258990940556714e+01
5.264492968159379060e+00 2.944316983005106181e+01 1.999636068040181014e+00 2.744353376201089745e+01
5.265604326238952027e+00 2.924138411067654175e+01 1.986188657798434232e+00 2.725519545287810885e+01
5.266715684318524993e+00 2.904035926788635891e+01 1.972797292669607350e+00 2.706756197521675134e+01
5.267827042398098847e+00 2.884007560419066607e+01 1.959474068532999214e+00 2.688060153565765731e+01
5.268938400477671813e+00 2.864051190268362035e+01 1.946228376595197096e+00 2.669428352608843014e+01
5.270049758557245667e+00 2.844166232140791450e+01 1.933064464742106914e+00 2.650859785666580493e+01
5.271161116636818633e+00 2.824354682983053166e+01 1.919980639980784387e+00 2.632356618984974617e+01
5.272272474716391599e+00 2.804621104531264564e+01 1.906970296613472726e+00 2.613924074869916581e+01
5.273383832795964565e+00 2.784971548689525989e+01 1.894024382614925228e+00 2.595569110428033355e+01
5.274495190875538420e+00 2.765411837940542483e+01 1.881134479081009614e+00 2.577298390032442654e+01
5.275606548955111386e+00 2.745945865559312793e+01 1.868295502331664748e+00 2.559116315326146207e+01
5.276717907034685240e+00 2.726574577768373331e+01 1.855507193647802255e+00 2.541023858403593749e+01
5.277829265114258206e+00 2.707296045366324222e+01 1.842773981334579814e+00 2.523018647232866485e+01
5.278940623193831172e+00 2.688106622357921793e+01 1.830103341887554302e+00 2.505096288169166741e+01
5.280051981273404138e+00 2.669002778013642541e+01 1.817503271404076193e+00 2.487252450873234366e+01
5.281163339352977104e+00 2.649982930733523290e+01 1.804979746728892165e+00 2.469484956060633607e+01
5.282274697432550958e+00 2.631048603722863533e+01 1.792535024088003803e+00 2.451795101314062464e+01
5.283386055512123924e+00 2.612204467262212404e+01 1.780167308643231694e+00 2.434187736397889523e+01
5.284497413591697779e+00 2.593457239651402446e+01 1.767871843596954928e+00 2.416670055291706021e+01
5.285608771671270745e+00 2.574813837945609407e+01 1.755642980032747769e+00 2.399249539942334764e+01
5.286720129750843711e+00 2.556279445459549393e+01 1.743476464649343916e+00 2.381931798994614979e+01
5.287831487830416677e+00 2.537856193924842785e+01 1.731371129631295025e+00 2.364719080961713615e+01
5.288942845909990531e+00 2.519542932936373347e+01 1.719329400160551691e+00 2.347609992920318689e+01
5.290054203989563497e+00 2.501336161130200608e+01 1.707356465353220720e+00 2.330600514594878447e+01
5.291165562069137351e+00 2.483231769068115113e+01 1.695458434620345178e+00 2.313685925606080218e+01
5.292276920148710317e+00 2.465226948988845734e+01 1.683640156244027741e+00 2.296862933364442938e+01
5.293388278228283284e+00 2.447321569221108462e+01 1.671903485100797893e+00 2.280131220711028561e+01
5.294499636307856250e+00 2.429518511371195544e+01 1.660246615692966943e+00 2.263493849801899316e+01
5.295610994387429216e+00 2.411822851961190395e+01 1.648664708004669022e+00 2.246956381160723026e+01
5.296722352467003070e+00 2.394240195621175005e+01 1.637151567010072029e+00 2.230525038920167802e+01
5.297833710546576036e+00 2.376774778064583415e+01 1.625701759003947977e+00 2.214204602164188529e+01
5.298945068626149890e+00 2.359428040304286966e+01 1.614312394412047214e+00 2.197996800863081290e+01
5.300056426705722856e+00 2.342198201340178443e+01 1.602983932452979099e+00 2.181899808094881266e+01
5.301167784785295822e+00 2.325080989782911089e+01 1.591719723134995990e+00 2.165909017469412134e+01
5.302279142864868788e+00 2.308071270710481215e+01 1.580524467327093063e+00 2.150018823977772087e+01
5.303390500944441754e+00 2.291164977964165317e+01 1.569402178014634552e+00 2.134224760162701529e+01
5.304501859024015609e+00 2.274360652831265028e+01 1.558354418359942262e+00 2.118525210995271024e+01
5.305613217103589463e+00 2.257660036352332966e+01 1.547379501839780680e+00 2.102922086168354809e+01
5.306724575183162429e+00 2.241067509286447645e+01 1.536472994619987320e+00 2.087420209824449202e+01
5.307835933262735395e+00 2.224588592987144864e+01 1.525629381025279896e+00 2.072025654884616941e+01
5.308947291342308361e+00 2.208228062336475617e+01 1.514844310772694325e+00 2.056743631259206495e+01
5.310058649421881327e+00 2.191988355571268343e+01 1.504116603126752993e+00 2.041576695258592622e+01
5.311170007501455181e+00 2.175868848152163437e+01 1.493449232150461548e+00 2.026523924937117016e+01
5.312281365581028147e+00 2.159866234155260045e+01 1.482848850029126808e+00 2.011581349152346831e+01
5.313392723660602002e+00 2.143975849663014088e+01 1.472323911671544971e+00 1.996743458495860324e+01
5.314504081740174968e+00 2.128193429412482374e+01 1.461881968485693628e+00 1.982005232563913566e+01
5.315615439819747934e+00 2.112516636315184826e+01 1.451527023378755166e+00 1.967363933977309642e+01
5.316726797899320900e+00 2.096945797708563930e+01 1.441257862693965608e+00 1.952820011439167658e+01
5.317838155978893866e+00 2.081483585529853286e+01 1.431067986497009947e+00 1.938376786880152025e+01
5.318949514058467720e+00 2.066133776144885914e+01 1.420947239573812082e+00 1.924039052187504595e+01
5.320060872138041574e+00 2.050899570746138423e+01 1.410884675154669310e+00 1.909811103230671492e+01
5.321172230217614540e+00 2.035782120845468768e+01 1.400871756499032728e+00 1.895694945195566916e+01
5.322283588297187507e+00 2.020779824942624359e+01 1.390904866912501481e+00 1.881689338251374011e+01
5.323394946376760473e+00 2.005888671462218653e+01 1.380986307334536978e+00 1.867790040728765533e+01
5.324506304456333439e+00 1.991103508006846567e+01 1.371123446375017707e+00 1.853991163369345330e+01
5.325617662535907293e+00 1.976419765154377828e+01 1.361326289380259347e+00 1.840287136216351271e+01
5.326729020615480259e+00 1.961834985970812539e+01 1.351604248903803596e+00 1.826674561080431758e+01
5.327840378695054113e+00 1.947349577164147050e+01 1.341963155287084097e+00 1.813153261635439151e+01
5.328951736774627079e+00 1.932966481911480727e+01 1.332403457178363615e+00 1.799726136193644876e+01
5.330063094854200045e+00 1.918689873875991125e+01 1.322920159208278656e+00 1.786397857955163815e+01
5.331174452933773011e+00 1.904523339396524406e+01 1.313504465450314740e+00 1.773172892851493643e+01
5.332285811013345977e+00 1.890468213685899812e+01 1.304146539229442903e+00 1.760053559762955544e+01
5.333397169092919832e+00 1.876522691789097763e+01 1.294838439957984866e+00 1.747038847793299254e+01
5.334508527172493686e+00 1.862682060082897095e+01 1.285576270538288046e+00 1.734124433029067802e+01
5.335619885252066652e+00 1.848939988056106998e+01 1.276360867330795346e+00 1.721303901323027929e+01
5.336731243331639618e+00 1.835290430792358052e+01 1.267196880161855832e+00 1.708570742776172224e+01
5.337842601411212584e+00 1.821729462850582948e+01 1.258090641145236388e+00 1.695920398736059553e+01
5.338953959490785550e+00 1.808256379673867187e+01 1.249047618033340967e+00 1.683351617870532024e+01
5.340065317570359404e+00 1.794873659881944050e+01 1.240070357266139123e+00 1.670866624155330271e+01
5.341176675649932371e+00 1.781585789218023308e+01 1.231157613187530808e+00 1.658470027899270249e+01
5.342288033729506225e+00 1.768397357628316158e+01 1.222304913955574168e+00 1.646166866232758252e+01
5.343399391809079191e+00 1.755311105977043695e+01 1.213506293897636423e+00 1.633960476587280297e+01
5.344510749888652157e+00 1.742326621367705997e+01 1.204756512092115539e+00 1.621850970158495642e+01
5.345622107968225123e+00 1.729440150591634051e+01 1.196052920919262297e+00 1.609834858499707622e+01
5.346733466047798089e+00 1.716645601702377988e+01 1.187396296863290290e+00 1.597905972016049070e+01
5.347844824127371943e+00 1.703936377767954724e+01 1.178790340442205098e+00 1.586057343723734547e+01
5.348956182206945797e+00 1.691307388033005665e+01 1.170240047243507719e+00 1.574283383308655182e+01
5.350067540286518764e+00 1.678756517913780399e+01 1.161749567893707535e+00 1.562581561124409646e+01
5.351178898366091730e+00 1.666285033592836839e+01 1.153320361892671286e+00 1.550952997403570954e+01
5.352290256445664696e+00 1.653896779459873301e+01 1.144950342510691277e+00 1.539401745208804329e+01
5.353401614525237662e+00 1.641596459401102237e+01 1.136634347705517412e+00 1.527933024630549852e+01
5.354512972604811516e+00 1.629387620123124591e+01 1.128365786900666690e+00 1.516551041433057634e+01
5.355624330684384482e+00 1.617271058794933225e+01 1.120138880815265692e+00 1.505257170713406722e+01
5.356735688763958336e+00 1.605244221511014757e+01 1.111950687455151909e+00 1.494049152765500033e+01
5.357847046843531302e+00 1.593301800472524477e+01 1.103802172976236839e+00 1.482921583174900526e+01
5.358958404923104268e+00 1.581437306395845432e+01 1.095697918757424949e+00 1.471867514520102027e+01
5.360069763002677234e+00 1.569645044327053895e+01 1.087644537609814943e+00 1.460880590566072179e+01
5.361181121082250201e+00 1.557921780978545634e+01 1.079648331435002495e+00 1.449956947835045540e+01
5.362292479161824055e+00 1.546267509334457380e+01 1.071712996606926094e+00 1.439096209673765259e+01
5.363403837241397909e+00 1.534685047621653453e+01 1.063838174577309781e+00 1.428301230163922142e+01
5.364515195320970875e+00 1.523178633715844299e+01 1.056019356587181601e+00 1.417576698057125206e+01
5.365626553400543841e+00 1.511752038573812129e+01 1.048249184582112026e+00 1.406927120115601149e+01
5.366737911480116807e+00 1.500406892246831347e+01 1.040519709502912615e+00 1.396354921296540219e+01
5.367849269559689773e+00 1.489141832742376970e+01 1.032824841164144969e+00 1.385859348625962006e+01
5.368960627639263627e+00 1.477952782935237330e+01 1.025162163841949248e+00 1.375436566551042361e+01
5.370071985718836594e+00 1.466834245792123603e+01 1.017533516881741429e+00 1.365080894103949483e+01
5.371183343798410448e+00 1.455781134832255042e+01 1.009944168499903316e+00 1.354786717982264932e+01
5.372294701877983414e+00 1.444790460913851149e+01 1.002400891724058551e+00 1.344550371741444650e+01
5.373406059957556380e+00 1.433862249149112778e+01 9.949096164408925969e-01 1.334371287505023673e+01
5.374517418037129346e+00 1.422999341514434413e+01 9.874734564498599543e-01 1.324251995869448528e+01
5.375628776116702312e+00 1.412206148762347091e+01 9.800917572496656849e-01 1.314196973037380545e+01
5.376740134196276166e+00 1.401486800958499757e+01 9.727604391942481499e-01 1.304210757039074764e+01
5.377851492275850021e+00 1.390843368940634406e+01 9.654734568983822651e-01 1.294296023250795891e+01
5.378962850355422987e+00 1.380274807933543357e+01 9.582248203501881889e-01 1.284452325898524627e+01
5.380074208434995953e+00 1.369777016705589645e+01 9.510104552886040619e-01 1.274675971176729661e+01
5.381185566514568919e+00 1.359344004107989967e+01 9.438292722871192142e-01 1.264961076879277613e+01
5.382296924594141885e+00 1.348969754733737503e+01 9.366831242012779724e-01 1.255301442313609783e+01
5.383408282673715739e+00 1.338650131380885533e+01 9.295757421061372483e-01 1.245692557170271897e+01
5.384519640753288705e+00 1.328384135808812516e+01 9.225111000674524053e-01 1.236133025802067209e+01
5.385630998832862559e+00 1.318174076849578391e+01 9.154918410816120788e-01 1.226624892741417128e+01
5.386742356912435525e+00 1.308024584318667038e+01 9.085183405178038907e-01 1.217172750266886894e+01
5.387853714992008491e+00 1.297940818281782960e+01 9.015887179061266021e-01 1.207781946491169833e+01
5.388965073071581457e+00 1.287926508522095759e+01 8.946997373053795499e-01 1.198456534791557715e+01
5.390076431151154424e+00 1.277982516647175615e+01 8.878482011567107035e-01 1.189197696531504356e+01
5.391187789230728278e+00 1.268106423502048408e+01 8.810322666151816362e-01 1.180003196840529789e+01
5.392299147310302132e+00 1.258293276651985160e+01 8.742521592233465366e-01 1.170868060729651106e+01
5.393410505389875098e+00 1.248537219476289728e+01 8.675100049743930120e-01 1.161786218978850194e+01
5.394521863469448064e+00 1.238833413136462447e+01 8.608088521240555568e-01 1.152752527924056913e+01
5.395633221549021030e+00 1.229179565645255856e+01 8.541512743219038528e-01 1.143764438213065660e+01
5.396744579628593996e+00 1.219576531365315120e+01 8.475381148959216793e-01 1.134822719875723251e+01
5.397855937708167851e+00 1.210027783711879579e+01 8.409678844277678200e-01 1.125930995269102119e+01
5.398967295787740817e+00 1.200537969876893385e+01 8.344370776452317839e-01 1.117094262112370551e+01
5.400078653867314671e+00 1.191111082427882550e+01 8.279413235426349438e-01 1.108316950073619367e+01
5.401190011946887637e+00 1.181748912217996050e+01 8.214769572680052923e-01 1.099601216491195999e+01
5.402301370026460603e+00 1.172450335623340756e+01 8.150424272491660904e-01 1.090946092898423814e+01
5.403412728106033569e+00 1.163211679516590813e+01 8.086389944627551118e-01 1.082347780070315046e+01
5.404524086185606535e+00 1.154028013568234456e+01 8.022704297632624604e-01 1.073800970591908666e+01
5.405635444265180389e+00 1.144894884783854039e+01 7.959417800061846515e-01 1.065300706783235718e+01
5.406746802344754244e+00 1.135809854253588824e+01 7.896576204253228370e-01 1.056844092211056108e+01
5.407858160424327210e+00 1.126773275333856894e+01 7.834204105895615777e-01 1.048431234274901058e+01
5.408969518503900176e+00 1.117788034959864341e+01 7.772295482576802028e-01 1.040065080134095687e+01
5.410080876583473142e+00 1.108858361082213762e+01 7.710814747952002834e-01 1.031750213602694011e+01
5.411192234663046108e+00 1.099988139870956338e+01 7.649708127276099168e-01 1.023491058598195558e+01
5.412303592742619962e+00 1.091179362693048738e+01 7.588921450395595958e-01 1.015290148189092712e+01
5.413414950822192928e+00 1.082431271894379599e+01 7.528418119672027897e-01 1.007147090697659131e+01
5.414526308901766782e+00 1.073740516133700496e+01 7.468190903118392399e-01 9.990586071025170156e+00
5.415637666981339748e+00 1.065102255722985447e+01 7.408263381267943259e-01 9.910196219103063697e+00
5.416749025060912714e+00 1.056511811604579165e+01 7.348680563590070935e-01 9.830250059686779451e+00
5.417860383140485681e+00 1.047966254437537792e+01 7.289492059058892970e-01 9.750713338469489955e+00
5.418971741220058647e+00 1.039465353877293907e+01 7.230733838144952630e-01 9.671580154958441256e+00
5.420083099299632501e+00 1.031011542981714513e+01 7.172415100567202106e-01 9.592873919760428691e+00
5.421194457379205467e+00 1.022608912465202025e+01 7.114514893082332092e-01 9.514637635343786926e+00
5.422305815458779321e+00 1.014261602915604144e+01 7.056989584281309069e-01 9.436917070727908197e+00
5.423417173538352287e+00 1.005972181626337303e+01 6.999788383467995256e-01 9.359742977916571505e+00
5.424528531617925253e+00 9.977405954231459262e+00 6.942871210428043227e-01 9.283118833188654051e+00
5.425639889697498219e+00 9.895640807674462636e+00 6.886222424286241317e-01 9.207018565245839170e+00
5.426751247777072074e+00 9.814380644365227724e+00 6.829855485104981971e-01 9.131395095854726307e+00
5.427862605856645040e+00 9.733577288537222927e+00 6.773806971738544069e-01 9.056196591363365300e+00
5.428973963936218894e+00 9.653196758658596721e+00 6.718122284133554167e-01 8.981384530245236419e+00
5.430085322015791860e+00 9.573230879940735960e+00 6.662838387815195329e-01 8.906947041159209988e+00
5.431196680095364826e+00 9.493699686876507116e+00 6.607970005393529744e-01 8.832902686337158471e+00
5.432308038174937792e+00 9.414643759881062834e+00 6.553504345119688379e-01 8.759293325369094774e+00
5.433419396254510758e+00 9.336109263176284756e+00 6.499406267344286503e-01 8.686168636441852442e+00
5.434530754334084612e+00 9.258131059172871602e+00 6.445631902457824580e-01 8.613567868927091808e+00
5.435642112413657578e+00 9.180719932859995325e+00 6.392145582570868401e-01 8.541505374602911260e+00
5.436753470493231433e+00 9.103858443410151935e+00 6.338933699287679913e-01 8.469965073481381168e+00
5.437864828572804399e+00 9.027506791504086081e+00 6.286010219345823380e-01 8.398905769569507740e+00
5.438976186652377365e+00 8.951616490184989061e+00 6.233411674659684598e-01 8.328275322719017382e+00
5.440087544731950331e+00 8.876146856531205387e+00 6.181183362865065867e-01 8.258028520244694803e+00
5.441198902811524185e+00 8.801078392836092945e+00 6.129361804226485244e-01 8.188142212413445975e+00
5.442310260891097151e+00 8.726418324289674899e+00 6.077959971916472304e-01 8.118622327098025337e+00
5.443421618970671005e+00 8.652196451233129082e+00 6.026960885211087859e-01 8.049500362712020518e+00
5.444532977050243971e+00 8.578452995447506169e+00 5.976322148017821911e-01 7.980820780645723644e+00
5.445644335129816938e+00 8.505222990711665432e+00 5.925990014986985965e-01 7.912623989212964837e+00
5.446755693209389904e+00 8.432522954701580531e+00 5.875918035148706142e-01 7.844931151186711027e+00
5.447867051288962870e+00 8.360344669104724957e+00 5.826083560607717704e-01 7.777736313043954297e+00
5.448978409368536724e+00 8.288658239459305577e+00 5.776496080179412962e-01 7.711008631441365502e+00
5.450089767448109690e+00 8.217423188389975763e+00 5.727194224354074104e-01 7.644703765954568908e+00
5.451201125527683544e+00 8.146603406988891294e+00 5.678232356594677954e-01 7.578780171329424498e+00
5.452312483607256510e+00 8.076180412097984984e+00 5.629661444392306535e-01 7.513214267658749002e+00
5.453423841686829476e+00 8.006160021610712718e+00 5.581511013532551857e-01 7.448008920257455756e+00
5.454535199766402442e+00 7.936570007681266858e+00 5.533778650118590381e-01 7.383192142669408931e+00
5.455646557845976297e+00 7.867449612804251480e+00 5.486430832694634274e-01 7.318806529534786165e+00
5.456757915925549263e+00 7.798834796342464237e+00 5.439414810261308242e-01 7.254893315316335745e+00
5.457869274005123117e+00 7.730744632146995698e+00 5.392677259180718163e-01 7.191476906228923660e+00
5.458980632084696083e+00 7.663173842240524003e+00 5.346182998584018131e-01 7.128555542382120080e+00
5.460091990164269049e+00 7.596094196305679169e+00 5.299927016773759991e-01 7.066101494628305169e+00
5.461203348243842015e+00 7.529464263577779093e+00 5.253935479210710691e-01 7.004070715656705914e+00
5.462314706323414981e+00 7.463243959964995788e+00 5.208255381937726414e-01 6.942418421771218817e+00
5.463426064402988835e+00 7.397408597267680186e+00 5.162936636366100007e-01 6.881114933631066855e+00
5.464537422482561801e+00 7.331957339529244777e+00 5.118013123570959166e-01 6.820156027172148860e+00
5.465648780562135656e+00 7.266913022515568699e+00 5.073489633154014689e-01 6.759564059200170227e+00
5.466760138641708622e+00 7.202313440621287199e+00 5.029339459372452747e-01 6.699379494684042591e+00
5.467871496721281588e+00 7.138197300227175468e+00 4.985513539225282509e-01 6.639645946304648660e+00
5.468982854800854554e+00 7.074589954496538269e+00 4.941957796663006275e-01 6.580394174830234810e+00
5.470094212880427520e+00 7.011494081729740202e+00 4.898632344169143171e-01 6.521630847312827939e+00
5.471205570960001374e+00 6.948888641508113473e+00 4.855525493547248050e-01 6.463336092153384449e+00
5.472316929039575228e+00 6.886736415987627424e+00 4.812657407792720887e-01 6.405470675208357889e+00
5.473428287119148195e+00 6.824997326077323123e+00 4.770072010101752968e-01 6.347990125067155098e+00
5.474539645198721161e+00 6.763642638329081080e+00 4.727820079207045723e-01 6.290860630408372955e+00
5.475651003278294127e+00 6.702664895656592847e+00 4.685939725533659339e-01 6.234070923103229411e+00
5.476762361357867093e+00 6.642080004115518577e+00 4.644441456407621960e-01 6.177635858474757491e+00
5.477873719437440947e+00 6.581920793605777753e+00 4.603303412190975497e-01 6.121590452386678649e+00
5.478985077517013913e+00 6.522224482292904746e+00 4.562478662979098099e-01 6.065976615994996379e+00
5.480096435596587767e+00 6.463018676878053093e+00 4.521912031706498691e-01 6.010827473707409219e+00
5.481207793676160733e+00 6.404311036553451686e+00 4.481560367258310973e-01 5.956154999827622198e+00
5.482319151755733699e+00 6.346086348121348308e+00 4.441408835870877536e-01 5.901945464534262165e+00
5.483430509835306665e+00 6.288312019669414887e+00 4.401477149660433241e-01 5.848164304703371563e+00
5.484541867914879631e+00 6.230949910168204653e+00 4.361813244045866789e-01 5.794768585763622859e+00
5.485653225994453486e+00 6.173970104212316734e+00 4.322476465450539873e-01 5.741722457667261637e+00
5.486764584074027340e+00 6.117361554682113400e+00 4.283516189797055840e-01 5.689009935702405762e+00
5.487875942153600306e+00 6.061135693785824508e+00 4.244953548223359130e-01 5.636640338963489150e+00
5.488987300233173272e+00 6.005321714128986521e+00 4.206772926523948408e-01 5.584644421476592235e+00
5.490098658312746238e+00 5.949955286731349879e+00 4.168926463981112440e-01 5.533062640333236359e+00
5.491210016392319204e+00 5.895064887226484807e+00 4.131350125498715053e-01 5.481929874676617409e+00
5.492321374471893058e+00 5.840660766390122660e+00 4.093985728997516227e-01 5.431262193490368873e+00
5.493432732551466025e+00 5.786730615244149334e+00 4.056801098208125955e-01 5.381050505423335295e+00
5.494544090631039879e+00 5.733243505793736539e+00 4.019801097872488516e-01 5.331263396006489685e+00
5.495655448710612845e+00 5.680160645641836759e+00 3.983025509063529146e-01 5.281858094735484954e+00
5.496766806790185811e+00 5.627448985415743898e+00 3.946534387315170367e-01 5.232795546684231525e+00
5.497878164869758777e+00 5.575092677238024486e+00 3.910386041772498933e-01 5.184054073060777590e+00
5.498989522949331743e+00 5.523098178923056878e+00 3.874615461230805358e-01 5.135636632799975843e+00
5.500100881028905597e+00 5.471491136899139462e+00 3.839220913264629886e-01 5.087569045572678306e+00
5.501212239108479451e+00 5.420306201396003942e+00 3.804163571880581074e-01 5.039889844207948499e+00
5.502323597188052418e+00 5.369573521967060614e+00 3.769380399453444719e-01 4.992635482021713145e+00
5.503434955267625384e+00 5.319306889185340559e+00 3.734805769898719707e-01 4.945826312195472418e+00
5.504546313347198350e+00 5.269497883888005774e+00 3.700394169913250320e-01 4.899458466896684072e+00
5.505657671426771316e+00 5.220118190905524536e+00 3.666135889907984891e-01 4.853504601914722549e+00
5.506769029506345170e+00 5.171129237844278137e+00 3.632060080275516523e-01 4.807923229816726263e+00
5.507880387585918136e+00 5.122495628916969856e+00 3.598224031491940589e-01 4.762673225767777296e+00
5.508991745665491990e+00 5.074197444767565734e+00 3.564692441832401637e-01 4.717728200584326181e+00
5.510103103745064956e+00 5.026236884929071280e+00 3.531514011883241100e-01 4.673085483740747392e+00
5.511214461824637922e+00 4.978636793128604410e+00 3.498703670096895424e-01 4.628766426118916755e+00
5.512325819904210888e+00 4.931431573869167195e+00 3.466236739401189482e-01 4.584807899929050912e+00
5.513437177983783855e+00 4.884653797061248248e+00 3.434057110390172363e-01 4.541248086022233288e+00
5.514548536063357709e+00 4.838321376292213927e+00 3.402096506146569110e-01 4.498111725677556905e+00
5.515659894142931563e+00 4.792430013120826615e+00 3.370297985061169732e-01 4.455400214614714471e+00
5.516771252222504529e+00 4.746953692102106714e+00 3.338635335977119256e-01 4.413090158504392235e+00
5.517882610302077495e+00 4.701853082327183131e+00 3.307121503783128080e-01 4.371140931948873209e+00
5.518993968381650461e+00 4.657088817588987517e+00 3.275803107884420196e-01 4.329508506800539891e+00
5.520105326461223427e+00 4.612634840040554352e+00 3.244743073999212801e-01 4.288160532640636013e+00
5.521216684540797281e+00 4.568486954258263566e+00 3.213997618246609567e-01 4.247087192433609104e+00
5.522328042620370248e+00 4.524663466518884292e+00 3.183595797641378122e-01 4.206303886754745314e+00
5.523439400699944102e+00 4.481197651802731663e+00 3.153528876325603081e-01 4.165844764170171466e+00
5.524550758779517068e+00 4.438124757426712641e+00 3.123753210141601566e-01 4.125749436412551319e+00
5.525662116859090034e+00 4.395468239610798022e+00 3.094205504394795248e-01 4.086047689171326880e+00
5.526773474938663000e+00 4.353230215215567966e+00 3.064824892240088361e-01 4.046747725991561850e+00
5.527884833018235966e+00 4.311389590545680939e+00 3.035573889581469897e-01 4.007832201587539167e+00
5.528996191097809820e+00 4.269908553340887813e+00 3.006450751703150792e-01 3.969263478170569570e+00
5.530107549177383675e+00 4.228745089134436697e+00 2.977488901288619649e-01 3.930996199005576841e+00
5.531218907256956641e+00 4.187867005272170928e+00 2.948743771765918176e-01 3.892992628095581331e+00
5.532330265336529607e+00 4.147262403507866679e+00 2.920271925343914110e-01 3.855235210973479987e+00
5.533441623416102573e+00 4.106942830213295537e+00 2.892110039340172745e-01 3.817731826279274987e+00
5.534552981495675539e+00 4.066937983432580950e+00 2.864261335004746334e-01 3.780511849932099988e+00
5.535664339575249393e+00 4.027283907130635221e+00 2.836694274502942759e-01 3.743614479680336782e+00
5.536775697654822359e+00 3.988008950313537415e+00 2.809353881885947035e-01 3.707073562124942878e+00
5.537887055734396213e+00 3.949122564461788443e+00 2.782181476017605015e-01 3.670904416860024000e+00
5.538998413813969179e+00 3.910610972697900589e+00 2.755135587765523697e-01 3.635097413921346110e+00
5.540109771893542145e+00 3.872441249282151166e+00 2.728206451745744388e-01 3.599620604107575339e+00
5.541221129973115112e+00 3.834572304945539134e+00 2.701418839102691094e-01 3.564430421035270413e+00
5.542332488052688078e+00 3.796968784584620060e+00 2.674822258880166226e-01 3.529486558696606657e+00
5.543443846132261932e+00 3.759612847363770438e+00 2.648472150004396175e-01 3.494765632363333818e+00
5.544555204211835786e+00 3.722509585020469469e+00 2.622408947746058261e-01 3.460268690245866807e+00
5.545666562291408752e+00 3.685684151017794008e+00 2.596642660374319234e-01 3.426019884980356700e+00
5.546777920370981718e+00 3.649171676891941551e+00 2.571148569261157979e-01 3.392056819965825198e+00
5.547889278450554684e+00 3.613003653074653432e+00 2.545875610445716419e-01 3.358416092030079181e+00
5.549000636530127650e+00 3.577195710242085269e+00 2.520764383514727536e-01 3.325119271890612183e+00
5.550111994609701505e+00 3.541741204398660248e+00 2.495768238385419613e-01 3.292164380560120396e+00
5.551223352689274471e+00 3.506612885769983201e+00 2.470869777220043861e-01 3.259525908047979925e+00
5.552334710768848325e+00 3.471771994615786561e+00 2.446086776433379906e-01 3.227163316972448293e+00
5.553446068848421291e+00 3.437181444022668675e+00 2.421465373347888861e-01 3.195034906687880927e+00
5.554557426927994257e+00 3.402818291311317633e+00 2.397062978745178319e-01 3.163111993436800162e+00
5.555668785007567223e+00 3.368680988090538175e+00 2.372927096803390257e-01 3.131388278410200954e+00
5.556780143087140189e+00 3.334788820507282203e+00 2.349077711854158923e-01 3.099881049321866033e+00
5.557891501166714043e+00 3.301173800424152205e+00 2.325499605466608555e-01 3.068623839877494763e+00
5.559002859246287898e+00 3.267868006503952927e+00 2.302147371020265842e-01 3.037653269401926259e+00
5.560114217325860864e+00 3.234891008202167573e+00 2.278961301187384381e-01 3.006994878083431466e+00
5.561225575405433830e+00 3.202241947813787348e+00 2.255888399222330531e-01 2.976653107891555461e+00
5.562336933485006796e+00 3.169899135534359313e+00 2.232900925459883057e-01 2.946609042988365790e+00
5.563448291564579762e+00 3.137827263232313424e+00 2.210005796581905324e-01 2.916826683574118118e+00
5.564559649644153616e+00 3.105989568560413083e+00 2.187241473182640339e-01 2.887265421242150243e+00
5.565671007723726582e+00 3.074360490947829483e+00 2.164663495849602770e-01 2.857894141362873786e+00
5.566782365803300436e+00 3.042934201584838849e+00 2.142323923035794886e-01 2.828701809281262136e+00
5.567893723882873402e+00 3.011725911741859107e+00 2.120252107613866399e-01 2.799700700980471080e+00
5.569005081962446368e+00 2.980765506866122738e+00 2.098443739898578353e-01 2.770921132876266402e+00
5.570116440042019335e+00 2.950085851623498900e+00 2.076862075718338696e-01 2.742399644051665586e+00
5.571227798121592301e+00 2.919710044627984669e+00 2.055450854721060649e-01 2.714164959155881185e+00
5.572339156201166155e+00 2.889642270453206763e+00 2.034154196520436553e-01 2.686226850801164634e+00
5.573450514280740009e+00 2.859865571916546223e+00 2.012936264208542159e-01 2.658571945495693090e+00
5.574561872360312975e+00 2.830347335450586588e+00 1.991793602507128391e-01 2.631167975199875553e+00
5.575673230439885941e+00 2.801050471508151674e+00 1.970755738231538823e-01 2.603974897684999679e+00
5.576784588519458907e+00 2.771946204319506890e+00 1.949873893679055503e-01 2.576958814951599397e+00
5.577895946599031873e+00 2.743023811093799669e+00 1.929201960091036228e-01 2.550103615084693853e+00
5.579007304678605728e+00 2.714293774326898223e+00 1.908776653615896490e-01 2.523416108965304883e+00
5.580118662758178694e+00 2.685783218248523507e+00 1.888604032509602626e-01 2.496922814997563744e+00
5.581230020837752548e+00 2.657525311784650235e+00 1.868657210406267644e-01 2.470659590744022971e+00
5.582341378917325514e+00 2.629546511564079037e+00 1.848886017523421743e-01 2.444657909811737362e+00
5.583452736996898480e+00 2.601856293963809019e+00 1.829235027446295681e-01 2.418932791219181588e+00
5.584564095076471446e+00 2.574443106821273641e+00 1.809663354333576890e-01 2.393476771387917257e+00
5.585675453156044412e+00 2.547277998098919305e+00 1.790159020825893010e-01 2.368262096016326090e+00
5.586786811235618266e+00 2.520324581261605079e+00 1.770742709138544146e-01 2.343250310347757548e+00
5.587898169315191232e+00 2.493551694558999277e+00 1.751459594562091715e-01 2.318405735102791798e+00
5.589009527394765087e+00 2.466944140050649104e+00 1.732362301862884202e-01 2.293707909864358019e+00
5.590120885474338053e+00 2.440507597852549893e+00 1.713491241113896391e-01 2.269158473741157866e+00
5.591232243553911019e+00 2.414265939162901109e+00 1.694859505332151905e-01 2.244779988629688638e+00
5.592343601633483985e+00 2.388251930470299378e+00 1.676447819708443143e-01 2.220607148499457839e+00
5.593454959713057839e+00 2.362494722403835734e+00 1.658211346423033583e-01 2.196673587761532431e+00
5.594566317792630805e+00 2.337008677872639328e+00 1.640095818499053559e-01 2.172999096022728338e+00
5.595677675872204659e+00 2.311787596584311544e+00 1.622057080028326548e-01 2.149581888581484357e+00
5.596789033951777625e+00 2.286806422059102228e+00 1.604076883108200291e-01 2.126398733748281256e+00
5.597900392031350592e+00 2.262029793326889138e+00 1.586169175703616985e-01 2.103412875756524247e+00
5.599011750110923558e+00 2.237424318763507447e+00 1.568374599156618365e-01 2.080586858847845111e+00
5.600123108190496524e+00 2.212970106376991541e+00 1.550745224738417083e-01 2.057895583903148751e+00
5.601234466270070378e+00 2.188667368137562796e+00 1.533325122209884817e-01 2.035334855916575592e+00
5.602345824349643344e+00 2.164535717916090896e+00 1.516133871237438369e-01 2.012922330792346948e+00
5.603457182429217198e+00 2.140606443825085581e+00 1.499159047322801142e-01 1.990690539092806022e+00
5.604568540508790164e+00 2.116910586458209842e+00 1.482360433385926379e-01 1.968674543119615095e+00
5.605679898588363130e+00 2.093467168002721479e+00 1.465684424008431852e-01 1.946898725601881042e+00
5.606791256667936096e+00 2.070275846618836901e+00 1.449083364376111960e-01 1.925367510181229092e+00
5.607902614747509951e+00 2.047316646499999671e+00 1.432532758506684656e-01 1.904063370649331732e+00
5.609013972827082917e+00 2.024556831973769011e+00 1.416040050785192239e-01 1.882952826895250675e+00
5.610125330906656771e+00 2.001962395709083520e+00 1.399641751640698650e-01 1.861998220545017624e+00
5.611236688986229737e+00 1.979509961463776335e+00 1.383389925962617006e-01 1.841170968867516411e+00
5.612348047065802703e+00 1.957194765191403452e+00 1.367332944760980273e-01 1.820461470715303731e+00
5.613459405145375669e+00 1.935031819796586561e+00 1.351497502382633109e-01 1.799882069558322639e+00
5.614570763224948635e+00 1.913049859353727067e+00 1.335878456338291109e-01 1.779462013719905755e+00
5.615682121304522489e+00 1.891280289115234492e+00 1.320440213881492741e-01 1.759236267727088521e+00
5.616793479384095455e+00 1.869745180678899388e+00 1.305129197001736463e-01 1.739232260978727629e+00
5.617904837463669310e+00 1.848448689786150290e+00 1.289892888545649263e-01 1.719459400931585336e+00
5.619016195543242276e+00 1.827375018202988199e+00 1.274698561403057595e-01 1.699905162062681052e+00
5.620127553622815242e+00 1.806493651998303696e+00 1.259544893936888899e-01 1.680539162604615333e+00
5.621238911702388208e+00 1.785769958303671245e+00 1.244462243593490169e-01 1.661323733944328751e+00
5.622350269781961174e+00 1.765177276107190218e+00 1.229501456403097187e-01 1.642227130466878293e+00
5.623461627861535028e+00 1.744706100271977034e+00 1.214715244146464396e-01 1.623234575857333217e+00
5.624572985941108882e+00 1.724367023626370399e+00 1.200138856756868683e-01 1.604353137950680575e+00
5.625684344020681849e+00 1.704186378396278734e+00 1.185777037324542149e-01 1.585608674663824047e+00
5.626795702100254815e+00 1.684196174812521152e+00 1.171601976578382359e-01 1.567035977154688009e+00
5.627907060179827781e+00 1.664422004531432187e+00 1.157563005934312828e-01 1.548665703937999849e+00
5.629018418259400747e+00 1.644873308310296878e+00 1.143604524469596789e-01 1.530512855863336741e+00
5.630129776338974601e+00 1.625539538206188572e+00 1.129685682281402759e-01 1.512570969978047408e+00
5.631241134418547567e+00 1.606393594133900260e+00 1.115794715629697953e-01 1.494814122570935266e+00
5.632352492498121421e+00 1.587401267686187500e+00 1.101952772239446071e-01 1.477205990462246765e+00
5.633463850577694387e+00 1.568533246055191288e+00 1.088205871258715457e-01 1.459712658929319229e+00
5.634575208657267353e+00 1.549775307028217863e+00 1.074607931151325690e-01 1.442314513913087515e+00
5.635686566736840319e+00 1.531133004407224885e+00 1.061201017391385226e-01 1.425012902668089332e+00
5.636797924816413285e+00 1.512629155002960024e+00 1.047999947921142705e-01 1.407829160210844144e+00
5.637909282895987140e+00 1.494295059039912443e+00 1.034986796565268846e-01 1.390796379383381298e+00
5.639020640975560994e+00 1.476158661303754283e+00 1.022117238098936010e-01 1.373946937493863985e+00
5.640131999055133960e+00 1.458233964400192706e+00 1.009336390968965658e-01 1.357300325303297139e+00
5.641243357134706926e+00 1.440515539631494368e+00 9.965983890665253142e-02 1.340855700724840727e+00
5.642354715214279892e+00 1.422980118392567883e+00 9.838825896178662878e-02 1.324591859430783058e+00
5.643466073293852858e+00 1.405594668074986453e+00 9.712005726021732954e-02 1.308474610814770456e+00
5.644577431373426712e+00 1.388328000407644813e+00 9.585914467058494204e-02 1.292468855737062938e+00
5.645688789452999679e+00 1.371161682861246955e+00 9.461072224748602599e-02 1.276550960613760610e+00
5.646800147532573533e+00 1.354096286978393682e+00 9.337936027547720508e-02 1.260716926702918572e+00
5.647911505612146499e+00 1.337150712008369213e+00 9.216731748440902539e-02 1.244983394523962117e+00
5.649022863691719465e+00 1.320354845153242085e+00 9.097370831261661350e-02 1.229381136840629773e+00
5.650134221771292431e+00 1.303738242171662565e+00 8.979481543103050301e-02 1.213943426740632159e+00
5.651245579850865397e+00 1.287318953764895912e+00 8.862542765987749260e-02 1.198693526105019336e+00
5.652356937930439251e+00 1.271096562208797298e+00 8.746071180974726578e-02 1.183635850399052725e+00
5.653468296010013106e+00 1.255051954454783125e+00 8.629793566499846524e-02 1.168754018789787130e+00
5.654579654089586072e+00 1.239153904493700553e+00 8.513741706673103038e-02 1.154016487426970272e+00
5.655691012169159038e+00 1.223370062544812953e+00 8.398235879696523687e-02 1.139387703747850145e+00
5.656802370248732004e+00 1.207678350943210965e+00 8.283763616726806667e-02 1.124840714775948269e+00
5.657913728328304970e+00 1.192074625048008318e+00 8.170798514216860708e-02 1.110366639905842723e+00
5.659025086407878824e+00 1.176573820501864542e+00 8.059625484407621776e-02 1.095977565657787700e+00
5.660136444487451790e+00 1.161204177654370007e+00 7.950236131690123498e-02 1.081701816337463873e+00
5.661247802567025644e+00 1.145996647472528052e+00 7.842332022034136096e-02 1.067573327252189896e+00
5.662359160646598610e+00 1.130973328072169215e+00 7.735434010089860257e-02 1.053618987971274068e+00
5.663470518726171576e+00 1.116139125563179180e+00 7.629057009833700720e-02 1.039848555464842450e+00
5.664581876805744542e+00 1.101479655440933403e+00 7.522885806193996272e-02 1.026250797378996937e+00
5.665693234885317509e+00 1.086966132148096564e+00 7.416887363498282648e-02 1.012797258513114862e+00
5.666804592964891363e+00 1.072565460364657275e+00 7.311318588452472844e-02 9.994522744801315195e-01
5.667915951044465217e+00 1.058251861823457096e+00 7.206627002095736256e-02 9.861855918025028700e-01
5.669027309124038183e+00 1.044015825798737751e+00 7.103281145463188895e-02 9.729830143441049461e-01
5.670138667203611149e+00 1.029867153760787302e+00 7.001593359943006356e-02 9.598512201613607076e-01
5.671250025283184115e+00 1.015831018075630032e+00 6.901600388145447129e-02 9.468150141941741316e-01
5.672361383362757081e+00 1.001938487966630209e+00 6.803046003515565709e-02 9.339080279314732058e-01
5.673472741442330936e+00 9.882149734808370889e-01 6.705472370684593952e-02 9.211602497739922457e-01
5.674584099521903902e+00 9.746707776381219324e-01 6.608386801194494897e-02 9.085869096261794953e-01
5.675695457601477756e+00 9.612971649029262711e-01 6.511442681423978973e-02 8.961827380886888683e-01
5.676806815681050722e+00 9.480693400916110347e-01 6.414567865577264216e-02 8.839236614358408906e-01
5.677918173760623688e+00 9.349552211494079890e-01 6.317992817191869781e-02 8.717752929774897908e-01
5.679029531840196654e+00 9.219267946357629917e-01 6.222167364218892521e-02 8.597051209935724359e-01
5.680140889919769620e+00 9.089699224119535126e-01 6.127595765998272020e-02 8.476939647519704524e-01
5.681252247999343474e+00 8.960890509337419152e-01 6.034649942588538735e-02 8.357425515078568123e-01
5.682363606078917329e+00 8.833051426935465411e-01 5.943429113580833700e-02 8.238708515577394254e-01
5.683474964158490295e+00 8.706476189491665352e-01 5.853717574357191616e-02 8.121104432055982203e-01
5.684586322238063261e+00 8.581432744665916657e-01 5.765056831268751403e-02 8.004927061539082178e-01
5.685697680317636227e+00 8.458062110002482203e-01 5.676906703296651091e-02 7.890371439672826392e-01
5.686809038397209193e+00 8.336324465914420889e-01 5.588837428916185179e-02 7.777440723022811531e-01
5.687920396476783047e+00 8.216011402296909960e-01 5.500683200815324053e-02 7.665943082215354032e-01
5.689031754556356013e+00 8.096819558034050734e-01 5.412601201849048804e-02 7.555559437849138638e-01
5.690143112635929867e+00 7.978458567565310799e-01 5.325014260912573627e-02 7.445957141474108809e-01
5.691254470715502833e+00 7.860753847729242683e-01 5.238457377761671085e-02 7.336908109953108603e-01
5.692365828795075799e+00 7.743706788220783288e-01 5.153383294219779365e-02 7.228368458798828389e-01
5.693477186874648766e+00 7.627490559342271492e-01 5.069997304906394969e-02 7.120490828851664400e-01
5.694588544954221732e+00 7.512383278426776334e-01 4.988181096807178111e-02 7.013565168746088707e-01
5.695699903033795586e+00 7.398663091785971924e-01 4.907533298512733316e-02 6.907909761934701853e-01
5.696811261113369440e+00 7.286503529953713976e-01 4.827512211995304420e-02 6.803752308754172917e-01
5.697922619192942406e+00 7.175907284671965147e-01 4.747629186557644765e-02 6.701144366016219545e-01
5.699033977272515372e+00 7.066702454646708320e-01 4.667622710604353575e-02 6.599940183586270326e-01
5.700145335352088338e+00 6.958602487193920050e-01 4.587550235155775369e-02 6.499847463678335435e-01
5.701256693431661304e+00 6.851307836068987189e-01 4.507764515925371390e-02 6.400531384476458863e-01
5.702368051511235159e+00 6.744612211145856184e-01 4.428783091407391403e-02 6.301733902005142163e-01
5.703479409590808125e+00 6.638474705026274902e-01 4.351098239979504095e-02 6.203364881028238242e-01
5.704590767670381979e+00 6.533031589705616815e-01 4.274996330571138176e-02 6.105531956648544423e-01
5.705702125749954945e+00 6.428543595556156509e-01 4.200452064682444475e-02 6.008498389087910674e-01
5.706813483829527911e+00 6.325297978232029550e-01 4.127135931249423240e-02 5.912584385107109153e-01
5.707924841909100877e+00 6.223501093577145094e-01 4.054532112588563053e-02 5.818047882318322372e-01
5.709036199988673843e+00 6.123200580054170006e-01 3.982123994259237354e-02 5.724988180628208800e-01
5.710147558068247697e+00 6.024265393795847912e-01 3.909579893832718089e-02 5.633307404412557506e-01
5.711258916147821552e+00 5.926430835728170310e-01 3.836871545338597922e-02 5.542743681194310934e-01
5.712370274227394518e+00 5.829392055673832118e-01 3.764282293771905458e-02 5.452963826296685079e-01
5.713481632306967484e+00 5.732911925866086555e-01 3.692302010082337826e-02 5.363681724857841671e-01
5.714592990386540450e+00 5.636904030812345257e-01 3.621446892152951208e-02 5.274759341597049511e-01
5.715704348466113416e+00 5.541460663796574648e-01 3.552069626163991550e-02 5.186253701180180142e-01
5.716815706545687270e+00 5.446815792447380344e-01 3.484228920628687498e-02 5.098392900384490778e-01
5.717927064625260236e+00 5.353256629613856177e-01 3.417665894324496689e-02 5.011490040181413308e-01
5.719038422704834090e+00 5.261016101813347223e-01 3.351896003811290214e-02 4.925826501432241100e-01
5.720149780784407056e+00 5.170185372384158429e-01 3.286383214669705982e-02 4.841547050917193173e-01
5.721261138863980023e+00 5.080678181828139905e-01 3.220733197413526427e-02 4.758604862086807663e-01
5.722372496943552989e+00 4.992259838119461057e-01 3.154835340425426321e-02 4.676776304076892821e-01
5.723483855023125955e+00 4.904630138512430237e-01 3.088901875377236469e-02 4.595739950974733756e-01
5.724595213102699809e+00 4.817529909945302280e-01 3.023389710222355864e-02 4.515190938923077102e-01
5.725706571182273663e+00 4.730832336164147445e-01 2.958833137626464341e-02 4.434949022401492025e-01
5.726817929261846629e+00 4.644585869539224476e-01 2.895647985764797372e-02 4.355021070962744045e-01
5.727929287341419595e+00 4.558993223508707171e-01 2.833978237154479926e-02 4.275595399793267748e-01
5.729040645420992561e+00 4.474334241509032029e-01 2.773640845294447765e-02 4.196970156979598632e-01
5.730152003500565527e+00 4.390860850589839992e-01 2.714188954251977107e-02 4.119441955164643843e-01
5.731263361580139382e+00 4.308702411875953708e-01 2.655070838907409511e-02 4.043195327985220078e-01
5.732374719659712348e+00 4.227815920881963785e-01 2.595827176565506170e-02 3.968233203225420280e-01
5.733486077739286202e+00 4.147999120654365934e-01 2.536255318415594692e-02 3.894373588812791720e-01
5.734597435818859168e+00 4.068961657514453267e-01 2.476481114064220737e-02 3.821313546108051629e-01
5.735708793898432134e+00 3.990428288699123249e-01 2.416912257226315475e-02 3.748737062976553180e-01
5.736820151978005100e+00 3.912236523514397435e-01 2.358089966209006919e-02 3.676427526893531472e-01
5.737931510057578066e+00 3.834393157498078297e-01 2.300492573218033965e-02 3.604343900176321114e-01
5.739042868137151920e+00 3.757069162703478016e-01 2.244361962191484747e-02 3.532632966484356429e-01
5.740154226216725775e+00 3.680534847749941108e-01 2.189615486053848523e-02 3.461573299144593552e-01
5.741265584296298741e+00 3.605058922240111374e-01 2.135875033481138621e-02 3.391471418892015310e-01
5.742376942375871707e+00 3.530808195372845404e-01 2.082602527956353700e-02 3.322547942577241398e-01
5.743488300455444673e+00 3.457784362277204204e-01 2.029292683994926919e-02 3.254855093877769279e-01
5.744599658535017639e+00 3.385820807231665341e-01 1.975653236257175066e-02 3.188255483605977325e-01
5.745711016614591493e+00 3.314640518685650350e-01 1.921707536747951570e-02 3.122469765010892351e-01
5.746822374694164459e+00 3.243954015305319238e-01 1.867782653761162343e-02 3.057175749929182396e-01
5.747933732773738313e+00 3.173561689405614006e-01 1.814387640170204985e-02 2.992122925388626675e-01
5.749045090853311279e+00 3.103423433428287304e-01 1.762026399996442089e-02 2.927220793428657597e-01
5.750156448932884246e+00 3.033670360026738955e-01 1.711013165611971823e-02 2.862569043465573171e-01
5.751267807012457212e+00 2.964554490518340191e-01 1.661357482672608243e-02 2.798418742251095881e-01
5.752379165092030178e+00 2.896354801200782259e-01 1.612760232206009517e-02 2.735078777980174958e-01
5.753490523171604032e+00 2.829273804223541022e-01 1.564721839551059049e-02 2.672801620268431821e-01
5.754601881251176998e+00 2.763362183820405882e-01 1.516723100165285817e-02 2.611689873803889617e-01
5.755713239330750852e+00 2.698498726812619264e-01 1.468412767482626079e-02 2.551657450064421240e-01
5.756824597410323818e+00 2.634432646631787445e-01 1.419733714719852505e-02 2.492459275159784604e-01
5.757935955489896784e+00 2.570872740983854432e-01 1.370941912585509070e-02 2.433778549725321982e-01
5.759047313569469750e+00 2.507590878500953746e-01 1.322511480523186345e-02 2.375339730448642050e-01
5.760158671649043605e+00 2.444502215521706656e-01 1.274960481402427799e-02 2.317006167381497617e-01
5.761270029728616571e+00 2.381693116013358091e-01 1.228660895509941370e-02 2.258827026462412180e-01
5.762381387808190425e+00 2.319386832298695189e-01 1.183701894570257304e-02 2.201016642841680526e-01
5.763492745887763391e+00 2.257859638944810232e-01 1.139856098082879174e-02 2.143874029136552672e-01
5.764604103967336357e+00 2.197338064435202243e-01 1.096661017091785963e-02 2.087671962726008468e-01
5.765715462046909323e+00 2.137914627627513220e-01 1.053586005231077656e-02 2.032556027104390206e-01
5.766826820126482289e+00 2.079512635370470430e-01 1.010223965448442569e-02 1.978490238825676151e-01
5.767938178206056143e+00 2.021912664562788842e-01 9.664380864247394329e-03 1.925268855920330424e-01
5.769049536285629109e+00 1.964830886901089424e-01 9.224102547153322298e-03 1.872589861429544700e-01
5.770160894365202964e+00 1.908020576433274440e-01 8.785735467299311471e-03 1.820163221760259797e-01
5.771272252444775930e+00 1.851359798707886972e-01 8.354533487774668671e-03 1.767814463830146010e-01
5.772383610524348896e+00 1.794893418046614175e-01 7.934748684253539394e-03 1.715545931204092156e-01
5.773494968603921862e+00 1.738814269871605811e-01 7.528070201952868044e-03 1.663533567852113482e-01
5.774606326683495716e+00 1.683390519552650788e-01 7.132994565719442785e-03 1.612060573895408300e-01
5.775717684763068682e+00 1.628865789085279792e-01 6.745356738627444025e-03 1.561412221699009228e-01
5.776829042842642536e+00 1.575368471680941296e-01 6.359829460626144869e-03 1.511770177074716892e-01
5.777940400922215503e+00 1.522863219148014591e-01 5.971846486328096990e-03 1.463144754284792515e-01
5.779051759001788469e+00 1.471162161321006578e-01 5.579251100726224585e-03 1.415369650313748340e-01
5.780163117081361435e+00 1.419991641478713096e-01 5.183070755248957683e-03 1.368160933926203526e-01
5.781274475160934401e+00 1.369090062639096717e-01 4.787135746669825449e-03 1.321218705172426677e-01
5.782385833240508255e+00 1.318301176315710421e-01 4.396679464005577576e-03 1.274334381675656935e-01
5.783497191320081221e+00 1.267628883264911854e-01 4.016427544013478727e-03 1.227464607824831216e-01
5.784608549399655075e+00 1.217233692194424621e-01 3.648869065027114666e-03 1.180745001544166589e-01
5.785719907479228041e+00 1.167372248697795822e-01 3.293337221931336069e-03 1.134438876478486569e-01
5.786831265558801007e+00 1.118302051245761847e-01 2.946233564751122094e-03 1.088839715598263480e-01
5.787942623638373973e+00 1.070186084456159481e-01 2.602315257367936868e-03 1.044162931882494788e-01
5.789053981717946940e+00 1.023032052655290097e-01 2.256579310948070120e-03 1.000466259545811226e-01
5.790165339797520794e+00 9.766882343677170397e-02 1.906061178657662359e-03 9.576276225811512777e-02
5.791276697877094648e+00 9.308973344462813382e-02 1.550895985924564697e-03 9.153883745870527999e-02
5.792388055956667614e+00 8.853886112769090988e-02 1.194257788983544297e-03 8.734460333870992799e-02
5.793499414036240580e+00 8.399746773062159722e-02 8.411987357142443333e-04 8.315626899490798085e-02
5.794610772115813546e+00 7.946177448823642242e-02 4.968084900348936897e-04 7.896496599819971540e-02
5.795722130195386512e+00 7.494412817015315420e-02 1.643603791171757548e-04 7.477976779103866212e-02
5.796833488274960366e+00 7.046829532118689676e-02 -1.558846675673378212e-04 7.062417998875664127e-02
5.797944846354533333e+00 6.606061019103570686e-02 -4.667837341457251347e-04 6.652739392518212946e-02
5.799056204434107187e+00 6.174020683083138172e-02 -7.732893636182312574e-04 6.251349619445153993e-02
5.800167562513680153e+00 5.751189314038477468e-02 -1.080669398089870344e-03 5.859256253847511253e-02
5.801278920593253119e+00 5.336425695485200876e-02 -1.392613574845743716e-03 5.475687052970159424e-02
5.802390278672826085e+00 4.927368594827855053e-02 -1.709911543465420609e-03 5.098359749174261740e-02
5.803501636752399051e+00 4.521283000065589447e-02 -2.030179466005756998e-03 4.724300946666613876e-02
5.804612994831972905e+00 4.116042028047450785e-02 -2.348732495722635760e-03 4.350915277620197308e-02
5.805724352911546760e+00 3.710886984389735743e-02 -2.660285962429552800e-03 3.976915580632694319e-02
5.806835710991119726e+00 3.306689216638272755e-02 -2.960869104709160267e-03 3.602776127109590110e-02
5.807947069070692692e+00 2.905618943218886072e-02 -3.249259698604877507e-03 3.230544913079672065e-02
5.809058427150265658e+00 2.510341994252233283e-02 -3.527422827410424139e-03 2.863084276993298552e-02
5.810169785229838624e+00 2.123036875760693498e-02 -3.799798478638564177e-03 2.503016723625454618e-02
5.811281143309412478e+00 1.744589509975697644e-02 -4.071699367897967103e-03 2.151759446765579009e-02
5.812392501388985444e+00 1.374257983799849134e-02 -4.347401361952221537e-03 1.808998119995177539e-02
5.813503859468559298e+00 1.009928500508935206e-02 -4.628618110478592562e-03 1.472790311556994303e-02
5.814615217548132264e+00 6.488688387815781493e-03 -4.913909988066216677e-03 1.140259837587988094e-02
5.815726575627705230e+00 2.887051233937780893e-03 -5.199237141962010506e-03 8.086288375898063180e-03
5.816837933707278196e+00 -7.173289346909378621e-04 -5.479451209721995612e-03 4.762122275030904878e-03
5.817949291786851163e+00 -4.320044646255511225e-03 -5.750180838699179252e-03 1.430136192446574339e-03
5.819060649866425017e+00 -7.902352814390004726e-03 -6.009425365640154969e-03 -1.892927448746949733e-03
5.820172007945998871e+00 -1.143814059702887194e-02 -6.258279396544308079e-03 -5.179861200480199296e-03
5.821283366025571837e+00 -1.490354381876904735e-02 -6.500528545452639861e-03 -8.403015273318539466e-03
5.822394724105144803e+00 -1.828572241492985168e-02 -6.741267442469333314e-03 -1.154445497246250549e-02
5.823506082184717769e+00 -2.158761190110019407e-02 -6.985045906918297895e-03 -1.460256599417879449e-02
5.824617440264290735e+00 -2.482693837908140494e-02 -7.234219216969428601e-03 -1.759271916211535905e-02
5.825728798343864590e+00 -2.802987108894285789e-02 -7.488102386918652452e-03 -2.054176870202055125e-02
5.826840156423437556e+00 -3.122163188423872360e-02 -7.743234483227819619e-03 -2.347839740100845368e-02
5.827951514503011410e+00 -3.441747920842115616e-02 -7.994654537553323378e-03 -2.642282467086718920e-02
5.829062872582584376e+00 -3.761733854033238317e-02 -8.237722774786604071e-03 -2.937961576554161056e-02
5.830174230662157342e+00 -4.080601793701217617e-02 -8.469823287030775472e-03 -3.233619464997839615e-02
5.831285588741730308e+00 -4.395891354800019607e-02 -8.691328454749484497e-03 -3.526758509324894736e-02
5.832396946821303274e+00 -4.705111627653881662e-02 -8.905474859995791623e-03 -3.814564141654413348e-02
5.833508304900877128e+00 -5.006660116244423392e-02 -9.117196826697038237e-03 -4.094940433575152555e-02
5.834619662980450983e+00 -5.300416017830832105e-02 -9.331342756970501320e-03 -4.367281742133902189e-02
5.835731021060023949e+00 -5.587793137491412626e-02 -9.550923347372590119e-03 -4.632700802754194380e-02
5.836842379139596915e+00 -5.871234638402170192e-02 -9.776028395498905302e-03 -4.893631798851832276e-02
5.837953737219169881e+00 -6.153334681267974560e-02 -1.000380508725721637e-02 -5.152954172542187350e-02
5.839065095298742847e+00 -6.435907092005088703e-02 -1.022950434894829945e-02 -5.412956657110038622e-02
5.840176453378316701e+00 -6.719339614642870495e-02 -1.044821368456895147e-02 -5.674518246185941001e-02
5.841287811457889667e+00 -7.002467669869977263e-02 -1.065664600267995227e-02 -5.936803069602004934e-02
5.842399169537463521e+00 -7.283012186307978586e-02 -1.085433455999242590e-02 -6.197578730308626882e-02
5.843510527617036487e+00 -7.558421021341782398e-02 -1.104380103454187349e-02 -6.454040917887127193e-02
5.844621885696609453e+00 -7.826807283241493662e-02 -1.122963771226115522e-02 -6.703843512015088268e-02
5.845733243776182420e+00 -8.087643474169263491e-02 -1.141683963987298253e-02 -6.945959510181791419e-02
5.846844601855755386e+00 -8.341959995208084178e-02 -1.160899475538311118e-02 -7.181060519669678344e-02
5.847955959935329240e+00 -8.591977297281694348e-02 -1.180699064258793757e-02 -7.411278233022595974e-02
5.849067318014903094e+00 -8.840306908913535267e-02 -1.200870753497014845e-02 -7.639436155416542973e-02
5.850178676094476060e+00 -9.089012821803314768e-02 -1.220980756279369840e-02 -7.868032065524113716e-02
5.851290034174049026e+00 -9.338874624774595734e-02 -1.240533102376094668e-02 -8.098341522398647130e-02
5.852401392253621992e+00 -9.589119497624318256e-02 -1.259151695513676013e-02 -8.329967802110312125e-02
5.853512750333194958e+00 -9.837719039689651890e-02 -1.276718419750683294e-02 -8.561000619938374800e-02
5.854624108412768813e+00 -1.008214137396251514e-01 -1.293416980081781194e-02 -8.788724393880734120e-02
5.855735466492341779e+00 -1.032028382914142312e-01 -1.309666538707092258e-02 -9.010617290434123905e-02
5.856846824571915633e+00 -1.055124667104633956e-01 -1.325969371981797901e-02 -9.225277299064485459e-02
5.857958182651488599e+00 -1.077566712041321539e-01 -1.342728101608800517e-02 -9.432939018804596676e-02
5.859069540731061565e+00 -1.099549355553620239e-01 -1.360099145955007312e-02 -9.635394409580982922e-02
5.860180898810634531e+00 -1.121328366935767235e-01 -1.377935859332460496e-02 -9.835347810025528437e-02
5.861292256890207497e+00 -1.143128319251476982e-01 -1.395842176226951351e-02 -1.003544101628774804e-01
5.862403614969781351e+00 -1.165062084476901488e-01 -1.413317335668836348e-02 -1.023730350910013465e-01
5.863514973049355206e+00 -1.187091194420185070e-01 -1.429939071330914302e-02 -1.044097287287076570e-01
5.864626331128928172e+00 -1.209041363365406241e-01 -1.445518593919644171e-02 -1.064489503973446577e-01
5.865737689208501138e+00 -1.230667361850594638e-01 -1.460170885632693094e-02 -1.084650273287273287e-01
5.866849047288074104e+00 -1.251743491619373427e-01 -1.474274574903695033e-02 -1.104316034128983576e-01
5.867960405367647070e+00 -1.272146659809820779e-01 -1.488335791335231896e-02 -1.123313080676245634e-01
5.869071763447220924e+00 -1.291901830070988633e-01 -1.502805330135938491e-02 -1.141621297057341389e-01
5.870183121526793890e+00 -1.311173399026837882e-01 -1.517915483950963394e-02 -1.159381850631759636e-01
5.871294479606367744e+00 -1.330205771736150122e-01 -1.533595831286169858e-02 -1.176846188607514748e-01
5.872405837685940710e+00 -1.349234898318383280e-01 -1.549498661904502063e-02 -1.194285032127920948e-01
5.873517195765513677e+00 -1.368403060421905792e-01 -1.565124952611316594e-02 -1.211890565160797101e-01
5.874628553845086643e+00 -1.387707947148606180e-01 -1.580005317426188410e-02 -1.229707415405959098e-01
5.875739911924659609e+00 -1.407004514297591213e-01 -1.593870391162788974e-02 -1.247617475181261731e-01
5.876851270004233463e+00 -1.426058866800707647e-01 -1.606748912640901944e-02 -1.265383975536576722e-01
5.877962628083807317e+00 -1.444634461852258855e-01 -1.618957971924592926e-02 -1.282738664659723027e-01
5.879073986163380283e+00 -1.462579192595446220e-01 -1.630988968019396121e-02 -1.299480295793470630e-01
5.880185344242953249e+00 -1.479881637622440793e-01 -1.643330609807990006e-02 -1.315548576641646650e-01
5.881296702322526215e+00 -1.496676030194641349e-01 -1.656293079475877270e-02 -1.331046722247038461e-01
5.882408060402099181e+00 -1.513194193107169905e-01 -1.669897008530799379e-02 -1.346204492254054474e-01
5.883519418481673036e+00 -1.529681987552622691e-01 -1.683867376731876600e-02 -1.361295249879422853e-01
5.884630776561246002e+00 -1.546310713843109808e-01 -1.697734387662771377e-02 -1.376537275076804845e-01
5.885742134640819856e+00 -1.563115699827873351e-01 -1.711004613770649926e-02 -1.392015238450846348e-01
5.886853492720392822e+00 -1.579984382816954358e-01 -1.723340294696970587e-02 -1.407650353347227046e-01
5.887964850799965788e+00 -1.596698162749310701e-01 -1.734681814973834321e-02 -1.423229981251922516e-01
5.889076208879538754e+00 -1.613012747029111960e-01 -1.745269090530839062e-02 -1.438485837975964077e-01
5.890187566959111720e+00 -1.628747734741005371e-01 -1.755554319503656660e-02 -1.453192302790612400e-01
5.891298925038685574e+00 -1.643852871057409348e-01 -1.766037959388959064e-02 -1.467249075118499391e-01
5.892410283118259429e+00 -1.658426930037807945e-01 -1.777087580908355904e-02 -1.480718171946933392e-01
5.893521641197832395e+00 -1.672682436055940025e-01 -1.788805353625358419e-02 -1.493801900693345897e-01
5.894632999277405361e+00 -1.686869125172372752e-01 -1.800992154924661165e-02 -1.506769909679906427e-01
5.895744357356978327e+00 -1.701184016770590501e-01 -1.813221142394495430e-02 -1.519861902531138009e-01
5.896855715436551293e+00 -1.715700780932832847e-01 -1.824993872217556268e-02 -1.533201393711028093e-01
5.897967073516125147e+00 -1.730344017074993690e-01 -1.835922120325127888e-02 -1.546751805042462513e-01
5.899078431595698113e+00 -1.744917695744875874e-01 -1.845869318911918730e-02 -1.560330763853682579e-01
5.900189789675271967e+00 -1.759177322373242924e-01 -1.855000286849207633e-02 -1.573677293688273970e-01
5.901301147754844934e+00 -1.772919521660249742e-01 -1.863721315988814409e-02 -1.586547390061355256e-01
5.902412505834417900e+00 -1.786056469633417465e-01 -1.872532530680766708e-02 -1.598803216565314600e-01
5.903523863913990866e+00 -1.798648176544433985e-01 -1.881846284194172922e-02 -1.610463548124989319e-01
5.904635221993563832e+00 -1.810880996783962860e-01 -1.891837637111563886e-02 -1.621697233072779132e-01
5.905746580073137686e+00 -1.823000304910762648e-01 -1.902381240779097218e-02 -1.632762180832812993e-01
5.906857938152710652e+00 -1.835221911604139333e-01 -1.913097506378169319e-02 -1.643912160966330693e-01
5.907969296232284506e+00 -1.847654460943463639e-01 -1.923491216391340006e-02 -1.655305339304352363e-01
5.909080654311857472e+00 -1.860260983620686814e-01 -1.933132164608468082e-02 -1.666947767159816240e-01
5.910192012391430438e+00 -1.872873482977050474e-01 -1.941812178444276768e-02 -1.678692265132571138e-01
5.911303370471003404e+00 -1.885255121018975522e-01 -1.949621497087701202e-02 -1.690292971310161929e-01
5.912414728550577259e+00 -1.897187279340517285e-01 -1.956916798353259060e-02 -1.701495599505174205e-01
5.913526086630150225e+00 -1.908549776710132817e-01 -1.964192521327808374e-02 -1.712130524577350488e-01
5.914637444709724079e+00 -1.919365082515766263e-01 -1.971902223827262657e-02 -1.722174860133028063e-01
5.915748802789297045e+00 -1.929790519442890206e-01 -1.980294808603148479e-02 -1.731761038582556866e-01
5.916860160868870011e+00 -1.940061395633762287e-01 -1.989324999777278974e-02 -1.741128895656048059e-01
5.917971518948442977e+00 -1.950405846140466914e-01 -1.998670455660534959e-02 -1.750538800574381049e-01
5.919082877028015943e+00 -1.960962412251461839e-01 -2.007849188598970561e-02 -1.760177493391579806e-01
5.920194235107589797e+00 -1.971730334315236199e-01 -2.016394591689577714e-02 -1.770090875146284048e-01
5.921305593187162764e+00 -1.982570583882368453e-01 -2.024024542677945598e-02 -1.780168129614545791e-01
5.922416951266736618e+00 -1.993257179826478653e-01 -2.030743305435852089e-02 -1.790182849282938859e-01
5.923528309346309584e+00 -2.003560051675872533e-01 -2.036839429722357014e-02 -1.799876108703596100e-01
5.924639667425882550e+00 -2.013329277029580477e-01 -2.042780642766289789e-02 -1.809051212752925131e-01
5.925751025505455516e+00 -2.022550072835907486e-01 -2.049044093918075266e-02 -1.817645663444152626e-01
5.926862383585029370e+00 -2.031348603934324260e-01 -2.055943692705156783e-02 -1.825754234663770070e-01
5.927973741664602336e+00 -2.039946582139736397e-01 -2.063517206551547176e-02 -1.833594861484556804e-01
5.929085099744176190e+00 -2.048581241697308986e-01 -2.071513957764388111e-02 -1.841429845920848074e-01
5.930196457823749157e+00 -2.057419826284540565e-01 -2.079487343326130028e-02 -1.849471091951905843e-01
5.931307815903322123e+00 -2.066499660001892003e-01 -2.086958317768834725e-02 -1.857803828225018383e-01
5.932419173982895089e+00 -2.075715517124660792e-01 -2.093590264092851094e-02 -1.866356490715363192e-01
5.933530532062468055e+00 -2.084858776425694282e-01 -2.099311652460643385e-02 -1.874927611179650622e-01
5.934641890142041909e+00 -2.093694022822112644e-01 -2.104341980346027471e-02 -1.883259824787534564e-01
5.935753248221614875e+00 -2.102045185684958684e-01 -2.109111728118533494e-02 -1.891134012873066372e-01
5.936864606301188729e+00 -2.109859900915693476e-01 -2.114105620549385639e-02 -1.898449338860715430e-01
5.937975964380761695e+00 -2.117228767477307150e-01 -2.119686338791287525e-02 -1.905260133598170591e-01
5.939087322460334661e+00 -2.124352612547145691e-01 -2.125962867466130862e-02 -1.911756325800502143e-01
5.940198680539907627e+00 -2.131469788265022425e-01 -2.132751352732333364e-02 -1.918194652991754845e-01
5.941310038619481482e+00 -2.138770019543196343e-01 -2.139642644257134727e-02 -1.924805755117484085e-01
5.942421396699054448e+00 -2.146326147330760714e-01 -2.146151867816340625e-02 -1.931710960549134770e-01
5.943532754778628302e+00 -2.154068532645682932e-01 -2.151895546805561790e-02 -1.938878977965088901e-01
5.944644112858201268e+00 -2.161811320231019629e-01 -2.156731797934613448e-02 -1.946138140437529140e-01
5.945755470937774234e+00 -2.169320885327868376e-01 -2.160812586717492101e-02 -1.953239626656110284e-01
5.946866829017347200e+00 -2.176401472017816807e-01 -2.164529032339698733e-02 -1.959948568783810019e-01
5.947978187096920166e+00 -2.182966837239147806e-01 -2.168369652884599708e-02 -1.966129871950672570e-01
5.949089545176494020e+00 -2.189071873562318526e-01 -2.172743095620471160e-02 -1.971797564000243308e-01
5.950200903256066987e+00 -2.194892796357135745e-01 -2.177829801863595191e-02 -1.977109816170736500e-01
5.951312261335640841e+00 -2.200663213912306682e-01 -2.183516531171560485e-02 -1.982311560795141370e-01
5.952423619415213807e+00 -2.206589431903616394e-01 -2.189437551563061871e-02 -1.987645676747266110e-01
5.953534977494786773e+00 -2.212775851290839368e-01 -2.195107544133363328e-02 -1.993265096877507581e-01
5.954646335574359739e+00 -2.219187587732147360e-01 -2.200097957400432014e-02 -1.999177791992054198e-01
5.955757693653932705e+00 -2.225663849397334082e-01 -2.204192777751559293e-02 -2.005244571622163963e-01
5.956869051733506559e+00 -2.231977120132697112e-01 -2.207467175876448931e-02 -2.011230402545049201e-01
5.957980409813080414e+00 -2.237916539755573642e-01 -2.210260510484311075e-02 -2.016890488707140938e-01
5.959091767892653380e+00 -2.243365106698550493e-01 -2.213053531839695443e-02 -2.022059753514534597e-01
5.960203125972226346e+00 -2.248342624541585510e-01 -2.216294392742942931e-02 -2.026713185267287887e-01
5.961314484051799312e+00 -2.252998818748803145e-01 -2.220236623632750733e-02 -2.030975156385559366e-01
5.962425842131372278e+00 -2.257559198262706068e-01 -2.224847839419728454e-02 -2.035074414320760527e-01
5.963537200210946132e+00 -2.262243419316907478e-01 -2.229822230077115053e-02 -2.039261196309185564e-01
5.964648558290519098e+00 -2.267185879323962983e-01 -2.234692197938914840e-02 -2.043716659530089019e-01
5.965759916370092952e+00 -2.272387413332935258e-01 -2.238998533611178191e-02 -2.048487559971775007e-01
5.966871274449665918e+00 -2.277715613119210003e-01 -2.242457324325548493e-02 -2.053469880686631110e-01
5.967982632529238884e+00 -2.282953583997766600e-01 -2.245063042717343471e-02 -2.058447279725989509e-01
5.969093990608811851e+00 -2.287879344296833706e-01 -2.247090491616136887e-02 -2.063170295135237364e-01
5.970205348688384817e+00 -2.292346959004335771e-01 -2.248995026668976563e-02 -2.067447456337426492e-01
5.971316706767958671e+00 -2.296339912114701287e-01 -2.251247391023077429e-02 -2.071215173012347366e-01
5.972428064847532525e+00 -2.299977357940244382e-01 -2.254163177168275883e-02 -2.074561040223414643e-01
5.973539422927105491e+00 -2.303471048524178000e-01 -2.257788801731698894e-02 -2.077692168350986912e-01
5.974650781006678457e+00 -2.307048664701468188e-01 -2.261885288012022155e-02 -2.080860135900253205e-01
5.975762139086251423e+00 -2.310871464116551477e-01 -2.266015601466595322e-02 -2.084269903969878934e-01
5.976873497165824389e+00 -2.314976181255509191e-01 -2.269703698381944981e-02 -2.088005811417288637e-01
5.977984855245398244e+00 -2.319262254431352366e-01 -2.272607472689109481e-02 -2.092001507162379037e-01
5.979096213324971210e+00 -2.323528950681915117e-01 -2.274642832289416536e-02 -2.096064667452953723e-01
5.980207571404545064e+00 -2.327548822058257139e-01 -2.276013971940862163e-02 -2.099947424864148371e-01
5.981318929484118030e+00 -2.331150749109462128e-01 -2.277139026336529384e-02 -2.103436846475831845e-01
5.982430287563690996e+00 -2.334282389238947486e-01 -2.278498274703342347e-02 -2.106432561768656064e-01
5.983541645643263962e+00 -2.337029380943199675e-01 -2.280460130009180283e-02 -2.108983367942309506e-01
5.984653003722836928e+00 -2.339584403270681678e-01 -2.283148109008934293e-02 -2.111269592369782455e-01
5.985764361802410782e+00 -2.342177416649665889e-01 -2.286396984829319398e-02 -2.113537718166713930e-01
5.986875719881984637e+00 -2.344992490213379521e-01 -2.289813853128580545e-02 -2.116011104900499540e-01
5.987987077961557603e+00 -2.348101444941812777e-01 -2.292921716369120816e-02 -2.118809273304849139e-01
5.989098436041130569e+00 -2.351438376364992644e-01 -2.295333264372205473e-02 -2.121905049927759190e-01
5.990209794120703535e+00 -2.354824226281957422e-01 -2.296891659667753965e-02 -2.125135060315200553e-01
5.991321152200276501e+00 -2.358032377642609589e-01 -2.297727241050072020e-02 -2.128259653537654672e-01
5.992432510279850355e+00 -2.360871366710254327e-01 -2.298209703986629771e-02 -2.131050396311595374e-01
5.993543868359423321e+00 -2.363254640453460176e-01 -2.298813338807041695e-02 -2.133373306572736161e-01
5.994655226438997175e+00 -2.365232056832267948e-01 -2.299944479530226585e-02 -2.135237608879199112e-01
5.995766584518570141e+00 -2.366971775729592165e-01 -2.301793974126456130e-02 -2.136792378316940133e-01
5.996877942598143107e+00 -2.368699231760808821e-01 -2.304268293047848082e-02 -2.138272402456034282e-01
5.997989300677716074e+00 -2.370615453505013626e-01 -2.307024220619769209e-02 -2.139913031442989833e-01
5.999100658757289040e+00 -2.372824444699609403e-01 -2.309594371572495572e-02 -2.141865007542283483e-01
6.000212016836862894e+00 -2.375295982448346888e-01 -2.311557759536708723e-02 -2.144140206494636047e-01
6.001323374916436748e+00 -2.377877260162364059e-01 -2.312693312139994795e-02 -2.146607928948344735e-01
6.002434732996009714e+00 -2.380349026716007399e-01 -2.313060496270211500e-02 -2.149042977089042628e-01
6.003546091075582680e+00 -2.382505717640284459e-01 -2.312977782844041069e-02 -2.151207939355883059e-01
6.004657449155155646e+00 -2.384230405598579128e-01 -2.312906863185695133e-02 -2.152939719280028696e-01
6.005768807234728612e+00 -2.385537348979791250e-01 -2.313284799988994667e-02 -2.154208868980889424e-01
6.006880165314302467e+00 -2.386566756239499321e-01 -2.314365198360255824e-02 -2.155130236403474397e-01
6.007991523393875433e+00 -2.387533785289664146e-01 -2.316126158802897170e-02 -2.155921169409396043e-01
6.009102881473449287e+00 -2.388650425264718380e-01 -2.318278452375237622e-02 -2.156822580027188407e-01
6.010214239553022253e+00 -2.390048720978743546e-01 -2.320370898125099016e-02 -2.158011631166233124e-01
6.011325597632595219e+00 -2.391733246863999851e-01 -2.321954587879305337e-02 -2.159537788076056897e-01
6.012436955712168185e+00 -2.393580041174388495e-01 -2.322746236411439916e-02 -2.161305417533241902e-01
6.013548313791741151e+00 -2.395382282741509161e-01 -2.322731290748255434e-02 -2.163109153666618323e-01
6.014659671871315005e+00 -2.396925998581857509e-01 -2.322169364016197016e-02 -2.164709062180237564e-01
6.015771029950888860e+00 -2.398068208690034009e-01 -2.321500078642731515e-02 -2.165918200825761031e-01
6.016882388030461826e+00 -2.398789087301714529e-01 -2.321183591722172576e-02 -2.166670728129493628e-01
6.017993746110034792e+00 -2.399199227044604699e-01 -2.321533780962089372e-02 -2.167045848948390974e-01
6.019105104189607758e+00 -2.399499455967706862e-01 -2.322604689288497795e-02 -2.167238987038797582e-01
6.020216462269180724e+00 -2.399907914198632364e-01 -2.324171426219361417e-02 -2.167490771576698894e-01
6.021327820348754578e+00 -2.400580971446524270e-01 -2.325812372882534937e-02 -2.167999734158260194e-01
6.022439178428327544e+00 -2.401556752628533353e-01 -2.327062729797019225e-02 -2.168850479648827267e-01
6.023550536507901398e+00 -2.402741761472435011e-01 -2.327583558323340768e-02 -2.169983405640101559e-01
6.024661894587474364e+00 -2.403945381415528437e-01 -2.327284893926471337e-02 -2.171216892022840017e-01
6.025773252667047331e+00 -2.404949616194431150e-01 -2.326358257839638427e-02 -2.172313790410469458e-01
6.026884610746620297e+00 -2.405588644801547604e-01 -2.325206856686255763e-02 -2.173067959132862770e-01
6.027995968826193263e+00 -2.405809247069491952e-01 -2.324298944662488847e-02 -2.173379352603212467e-01
6.029107326905767117e+00 -2.405690168025470532e-01 -2.323997714991671987e-02 -2.173290396526286472e-01
6.030218684985340971e+00 -2.405413461324172053e-01 -2.324429560779013582e-02 -2.172970505246292483e-01
6.031330043064913937e+00 -2.405198325575466367e-01 -2.325438540116396557e-02 -2.172654471563824075e-01
6.032441401144486903e+00 -2.405221564265508372e-01 -2.326643506952372556e-02 -2.172557213570265322e-01
6.033552759224059869e+00 -2.405553616860144905e-01 -2.327577044543861426e-02 -2.172795912405809382e-01
6.034664117303632835e+00 -2.406133391049333770e-01 -2.327855630680710289e-02 -2.173347827981277069e-01
6.035775475383206690e+00 -2.406790972951652063e-01 -2.327319161208996762e-02 -2.174059056830767167e-01
6.036886833462779656e+00 -2.407309865365364621e-01 -2.326089150598853114e-02 -2.174700950305468172e-01
6.037998191542353510e+00 -2.407506046427894397e-01 -2.324524527685249697e-02 -2.175053593659437290e-01
6.039109549621926476e+00 -2.407295067014794121e-01 -2.323091178538888232e-02 -2.174985949160910259e-01
6.040220907701499442e+00 -2.406722808162318206e-01 -2.322192719769540850e-02 -2.174503536185376229e-01
6.041332265781072408e+00 -2.405948779481075495e-01 -2.322024034450594077e-02 -2.173746376036033434e-01
6.042443623860645374e+00 -2.405188118453603363e-01 -2.322500779631007928e-02 -2.172938040490476341e-01
6.043554981940219228e+00 -2.404633458512134558e-01 -2.323290423051698611e-02 -2.172304416206964628e-01
6.044666340019793083e+00 -2.404385117718436105e-01 -2.323933451675461517e-02 -2.171991772550897204e-01
6.045777698099366049e+00 -2.404414984764375873e-01 -2.324010637671609231e-02 -2.172013920997220848e-01
6.046889056178939015e+00 -2.404577181022898302e-01 -2.323295547259015062e-02 -2.172247626297001966e-01
6.048000414258511981e+00 -2.404661544209995006e-01 -2.321836888694627996e-02 -2.172477855340484432e-01
6.049111772338084947e+00 -2.404470412375900035e-01 -2.319940832328376557e-02 -2.172476329143075702e-01
6.050223130417658801e+00 -2.403890744311814875e-01 -2.318059802466826760e-02 -2.172084764065141949e-01
6.051334488497231767e+00 -2.402935351983480905e-01 -2.316628215045542574e-02 -2.171272530478912111e-01
6.052445846576805621e+00 -2.401738293125950940e-01 -2.315904875525073847e-02 -2.170147805573424404e-01
6.053557204656378588e+00 -2.400506163667719406e-01 -2.315879280732546439e-02 -2.168918235594463617e-01
6.054668562735951554e+00 -2.399443062819181516e-01 -2.316275803686318815e-02 -2.167815482450480002e-01
6.055779920815524520e+00 -2.398676550526528117e-01 -2.316654152812469905e-02 -2.167011135245260622e-01
6.056891278895097486e+00 -2.398211517099143597e-01 -2.316569526593000722e-02 -2.166554564439844843e-01
6.058002636974671340e+00 -2.397928699327581681e-01 -2.315734235507698954e-02 -2.166355275776795375e-01
6.059113995054245194e+00 -2.397628324311389669e-01 -2.314122087485621926e-02 -2.166216115562822064e-01
6.060225353133818160e+00 -2.397102959049204618e-01 -2.311977683500030661e-02 -2.165905190699196348e-01
6.061336711213391126e+00 -2.396213052823627787e-01 -2.309727350854487785e-02 -2.165240317738147680e-01
6.062448069292964092e+00 -2.394937720554447258e-01 -2.307824176760196050e-02 -2.164155302878396081e-01
6.063559427372537058e+00 -2.393382354015913815e-01 -2.306583510333919812e-02 -2.162724002982510108e-01
6.064670785452110913e+00 -2.391740362845897749e-01 -2.306068704135268502e-02 -2.161133492432367742e-01
6.065782143531683879e+00 -2.390223016637115505e-01 -2.306068550863589819e-02 -2.159616161550749203e-01
6.066893501611257733e+00 -2.388982924137344199e-01 -2.306174512986690350e-02 -2.158365472838695842e-01
6.068004859690830699e+00 -2.388058952255492362e-01 -2.305929577134117545e-02 -2.157465994542034082e-01
6.069116217770403665e+00 -2.387362548998147593e-01 -2.304994570403108914e-02 -2.156863091957847145e-01
6.070227575849976631e+00 -2.386710356960965174e-01 -2.303271486241288690e-02 -2.156383208336831447e-01
6.071338933929549597e+00 -2.385891179132563766e-01 -2.300939049047798224e-02 -2.155797274227764238e-01
6.072450292009123451e+00 -2.384742903077718412e-01 -2.298387679406064740e-02 -2.154904135137095389e-01
6.073561650088696418e+00 -2.383211420562580951e-01 -2.296077587644249074e-02 -2.153603661798150215e-01
6.074673008168270272e+00 -2.381370177274602928e-01 -2.294371631780363005e-02 -2.151933014096570895e-01
6.075784366247843238e+00 -2.379393334689111905e-01 -2.293403695146032858e-02 -2.150052965174485131e-01
6.076895724327416204e+00 -2.377492394947870735e-01 -2.293030374071544641e-02 -2.148189357540747357e-01
6.078007082406989170e+00 -2.375839395335797855e-01 -2.292883449354405842e-02 -2.146551050400389848e-01
6.079118440486563024e+00 -2.374504611683316557e-01 -2.292503979119917337e-02 -2.145254213771355944e-01
6.080229798566135990e+00 -2.373431380225026477e-01 -2.291509212985147134e-02 -2.144280458926513255e-01
6.081341156645709844e+00 -2.372457111943966634e-01 -2.289731650106840988e-02 -2.143483946933273099e-01
6.082452514725282811e+00 -2.371372767304380236e-01 -2.287279745130255809e-02 -2.142644792791316977e-01
6.083563872804855777e+00 -2.369999096710948272e-01 -2.284498285397254524e-02 -2.141549268171259734e-01
6.084675230884428743e+00 -2.368251901771354362e-01 -2.281842939577377952e-02 -2.140067607813614381e-01
6.085786588964001709e+00 -2.366172617884686469e-01 -2.279714650351269412e-02 -2.138201152849583120e-01
6.086897947043575563e+00 -2.363913169778264767e-01 -2.278314090146780005e-02 -2.136081760763569037e-01
6.088009305123148529e+00 -2.361680693532184627e-01 -2.277569049453021660e-02 -2.133923788586846726e-01
6.089120663202722383e+00 -2.359662294992218856e-01 -2.277161073430254354e-02 -2.131946187649166879e-01
6.090232021282295349e+00 -2.357957231393880970e-01 -2.276641571357135296e-02 -2.130293074258115260e-01
6.091343379361868315e+00 -2.356541151609723161e-01 -2.275595118439439901e-02 -2.128981639765791800e-01
6.092454737441441281e+00 -2.355275330093546116e-01 -2.273790558858281366e-02 -2.127896274207732863e-01
6.093566095521015136e+00 -2.353957450282251618e-01 -2.271265005921836028e-02 -2.126830949690010353e-01
6.094677453600588102e+00 -2.352395397496394036e-01 -2.268310269656196101e-02 -2.125564370530754199e-01
6.095788811680161956e+00 -2.350477193779774987e-01 -2.265366726948686571e-02 -2.123940521084884681e-01
6.096900169759734922e+00 -2.348211661602650213e-01 -2.262863280228151128e-02 -2.121925333579869899e-01
6.098011527839307888e+00 -2.345725092566364745e-01 -2.261061608577915119e-02 -2.119618931708590059e-01
6.099122885918880854e+00 -2.343215218051550031e-01 -2.259961305896517406e-02 -2.117219087461886806e-01
6.100234243998453820e+00 -2.340879297539521509e-01 -2.259300327629387359e-02 -2.114949264776579407e-01
6.101345602078027675e+00 -2.338842516941598837e-01 -2.258650505856539537e-02 -2.112977466355971945e-01
6.102456960157600641e+00 -2.337112726834371657e-01 -2.257573347832511623e-02 -2.111355392051077751e-01
6.103568318237174495e+00 -2.335577926085660172e-01 -2.255779457685060108e-02 -2.109999980317105450e-01
6.104679676316747461e+00 -2.334047326233226749e-01 -2.253233652278940208e-02 -2.108723961005368186e-01
6.105791034396320427e+00 -2.332320987230330489e-01 -2.250167623423790161e-02 -2.107304224887902588e-01
6.106902392475893393e+00 -2.330262656128815058e-01 -2.246995623750300958e-02 -2.105563093753789750e-01
6.108013750555467247e+00 -2.327849322402909260e-01 -2.244163893069832730e-02 -2.103432933095912283e-01
6.109125108635040213e+00 -2.325179516245714229e-01 -2.241988590428563646e-02 -2.100980657202881630e-01
6.110236466714614068e+00 -2.322437407040880419e-01 -2.240541126389547499e-02 -2.098383294401915955e-01
6.111347824794187034e+00 -2.319825832367240215e-01 -2.239622517360432413e-02 -2.095863580631225909e-01
6.112459182873760000e+00 -2.317492658546710105e-01 -2.238836003537139976e-02 -2.093609058192952843e-01
6.113570540953332966e+00 -2.315477253639491584e-01 -2.237731462216277153e-02 -2.091704107417849123e-01
6.114681899032905932e+00 -2.313696493979468249e-01 -2.235969086013191859e-02 -2.090099585378160374e-01
6.115793257112479786e+00 -2.311975319098170945e-01 -2.233442841571955939e-02 -2.088631034940955089e-01
6.116904615192052752e+00 -2.310110646865289885e-01 -2.230318888149726564e-02 -2.087078758050312510e-01
6.118015973271626606e+00 -2.307945354254727910e-01 -2.226975070400966095e-02 -2.085247847214627692e-01
6.119127331351199572e+00 -2.305425412722460488e-01 -2.223863552235141178e-02 -2.083039057498955737e-01
6.120238689430772538e+00 -2.302619439939861679e-01 -2.221346562459101254e-02 -2.080484783693927753e-01
6.121350047510345505e+00 -2.299693629824856866e-01 -2.219564947712874756e-02 -2.077737135053578099e-01
6.122461405589918471e+00 -2.296851256570689170e-01 -2.218387257307203111e-02 -2.075012530839982217e-01
6.123572763669492325e+00 -2.294258809686985090e-01 -2.217457786683109389e-02 -2.072513031018679008e-01
6.124684121749066179e+00 -2.291985636809581173e-01 -2.216326040767071029e-02 -2.070353032732847043e-01
6.125795479828639145e+00 -2.289979011571174616e-01 -2.214610517427426442e-02 -2.068517959828395369e-01
6.126906837908212111e+00 -2.288083625792735054e-01 -2.212137287514805845e-02 -2.066869897041261339e-01
6.128018195987785077e+00 -2.286098339032580085e-01 -2.209003058745620182e-02 -2.065198033157997215e-01
6.129129554067358043e+00 -2.283849486860090039e-01 -2.205539889226267730e-02 -2.063295497937446543e-01
6.130240912146931898e+00 -2.281254066593003116e-01 -2.202194462963182053e-02 -2.061034620296670894e-01
6.131352270226504864e+00 -2.278349846971136905e-01 -2.199365860482477980e-02 -2.058413260922912214e-01
6.132463628306078718e+00 -2.275281513919311382e-01 -2.197260788573337717e-02 -2.055555435061993674e-01
6.133574986385651684e+00 -2.272247966960322385e-01 -2.195818829941659917e-02 -2.052666083966129262e-01
6.134686344465224650e+00 -2.269429995608959749e-01 -2.194734784173415360e-02 -2.049956517191581784e-01
6.135797702544797616e+00 -2.266924664235233089e-01 -2.193569875119175464e-02 -2.047567676723337504e-01
6.136909060624370582e+00 -2.264710249036284151e-01 -2.191911329102337255e-02 -2.045519116126053860e-01
6.138020418703944436e+00 -2.262654422000696108e-01 -2.189522303389422261e-02 -2.043702191661788681e-01
6.139131776783518291e+00 -2.260562632382603909e-01 -2.186427716206895341e-02 -2.041919860761942929e-01
6.140243134863091257e+00 -2.258249027719869129e-01 -2.182904877903554114e-02 -2.039958539929509762e-01
6.141354492942664223e+00 -2.255604092772004743e-01 -2.179382444167440175e-02 -2.037665848355257325e-01
6.142465851022237189e+00 -2.252634422278008142e-01 -2.176284515824913890e-02 -2.035005970695498434e-01
6.143577209101810155e+00 -2.249460216053140726e-01 -2.173876597197156590e-02 -2.032072556333445190e-01
6.144688567181384009e+00 -2.246271479045345021e-01 -2.172169384761099900e-02 -2.029054540569258103e-01
6.145799925260956975e+00 -2.243258919281199137e-01 -2.170915280778117767e-02 -2.026167391203377022e-01
6.146911283340530829e+00 -2.240544707127436197e-01 -2.169698792514137761e-02 -2.023574827876058191e-01
6.148022641420103795e+00 -2.238138266434293311e-01 -2.168087857614445224e-02 -2.021329480672866830e-01
6.149133999499676762e+00 -2.235933125053203852e-01 -2.165791028962271020e-02 -2.019354022156980843e-01
6.150245357579249728e+00 -2.233745898643189343e-01 -2.162763379112575199e-02 -2.017469560731958989e-01
6.151356715658822694e+00 -2.231383163545832826e-01 -2.159222678710393320e-02 -2.015460895674778818e-01
6.152468073738396548e+00 -2.228711861001931860e-01 -2.155570051453740976e-02 -2.013154855856566505e-01
6.153579431817970402e+00 -2.225707633599211255e-01 -2.152244032306437765e-02 -2.010483230368581842e-01
6.154690789897543368e+00 -2.222463561462904580e-01 -2.149561135183345600e-02 -2.007507447944600620e-01
6.155802147977116334e+00 -2.219156191836164083e-01 -2.147600893917829198e-02 -2.004396102444362948e-01
6.156913506056689300e+00 -2.215981286038901932e-01 -2.146177128235990730e-02 -2.001363573215312885e-01
6.158024864136262266e+00 -2.213082694760248881e-01 -2.144905815121580725e-02 -1.998592113248086055e-01
6.159136222215836121e+00 -2.210500229997107435e-01 -2.143344828593658422e-02 -1.996165747137743085e-01
6.160247580295409087e+00 -2.208155451064160446e-01 -2.141154712270053329e-02 -1.994039979837176901e-01
6.161358938374982941e+00 -2.205880466090022196e-01 -2.138222044924500270e-02 -1.992058261597598745e-01
6.162470296454555907e+00 -2.203479203589250868e-01 -2.134700597037018574e-02 -1.990009143885575760e-01
6.163581654534128873e+00 -2.200798822428194079e-01 -2.130955382308323889e-02 -1.987703284197380460e-01
6.164693012613701839e+00 -2.197785280868328472e-01 -2.127430002084349653e-02 -1.985042280659921055e-01
6.165804370693274805e+00 -2.194502888611750413e-01 -2.124485534016233926e-02 -1.982054335210159113e-01
6.166915728772848659e+00 -2.191110794064619616e-01 -2.122269515443058266e-02 -1.978883842520315073e-01
6.168027086852422514e+00 -2.187805027375202271e-01 -2.120662590284464952e-02 -1.975738768346760321e-01
6.169138444931995480e+00 -2.184747227779722800e-01 -2.119322134159570478e-02 -1.972815014363797081e-01
6.170249803011568446e+00 -2.182005989635500964e-01 -2.117806926438305787e-02 -1.970225296991661434e-01
6.171361161091141412e+00 -2.179532130947999524e-01 -2.115737511144678840e-02 -1.967958379833584237e-01
6.172472519170714378e+00 -2.177176820483100461e-01 -2.112933966547612258e-02 -1.965883423828364840e-01
6.173583877250288232e+00 -2.174745903613634068e-01 -2.109481064898709873e-02 -1.963797797123774114e-01
6.174695235329861198e+00 -2.172070618039390333e-01 -2.105697227971959143e-02 -1.961500895242214437e-01
6.175806593409435052e+00 -2.169068964428060020e-01 -2.102018653783859284e-02 -1.958867099049679816e-01
6.176917951489008018e+00 -2.165775436290083567e-01 -2.098840793001115548e-02 -1.955891356989990226e-01
6.178029309568580985e+00 -2.162328352230549200e-01 -2.096374803580245208e-02 -1.952690871872502787e-01
6.179140667648153951e+00 -2.158919464124512133e-01 -2.094571111663758728e-02 -1.949462352958107048e-01
6.180252025727726917e+00 -2.155724220946620417e-01 -2.093137774579522173e-02 -1.946410443488648112e-01
6.181363383807300771e+00 -2.152838070300915341e-01 -2.091646873035053408e-02 -1.943673382997419541e-01
6.182474741886874625e+00 -2.150241943674827683e-01 -2.089690186620989099e-02 -1.941272925012737793e-01
6.183586099966447591e+00 -2.147809425097591263e-01 -2.087027542808473149e-02 -1.939106670816719280e-01
6.184697458046020557e+00 -2.145352930121923185e-01 -2.083673950360775962e-02 -1.936985535085892218e-01
6.185808816125593523e+00 -2.142692045796989742e-01 -2.079893924283305814e-02 -1.934702653368682579e-01
6.186920174205166489e+00 -2.139719154067286910e-01 -2.076105160663103272e-02 -1.932108638000989143e-01
6.188031532284740344e+00 -2.136438489067649937e-01 -2.072726652356604235e-02 -1.929165823832014182e-01
6.189142890364313310e+00 -2.132964474393848342e-01 -2.070026486266653837e-02 -1.925961825767208146e-01
6.190254248443887164e+00 -2.129480011029815656e-01 -2.068024622298501175e-02 -1.922677548799910097e-01
6.191365606523460130e+00 -2.126169942976866845e-01 -2.066485921661200334e-02 -1.919521350810738658e-01
6.192476964603033096e+00 -2.123153925053008206e-01 -2.065005866678731178e-02 -1.916653338385108096e-01
6.193588322682606062e+00 -2.120443094507230564e-01 -2.063157734710752839e-02 -1.914127321036164786e-01
6.194699680762179028e+00 -2.117936255317169336e-01 -2.060647692638397505e-02 -1.911871486053302316e-01
6.195811038841752882e+00 -2.115456895768374757e-01 -2.057421454735735775e-02 -1.909714750294832508e-01
6.196922396921326737e+00 -2.112817515718360128e-01 -2.053683801863027958e-02 -1.907449135532026663e-01
6.198033755000899703e+00 -2.109887836219524193e-01 -2.049823958441784541e-02 -1.904905440375360137e-01
6.199145113080472669e+00 -2.106642092612577288e-01 -2.046274034587733034e-02 -1.902014689153831706e-01
6.200256471160045635e+00 -2.103168256992035412e-01 -2.043352031872198646e-02 -1.898833053804861726e-01
6.201367829239618601e+00 -2.099635903154437599e-01 -2.041146466984953764e-02 -1.895521256455970915e-01
6.202479187319192455e+00 -2.096234465703415428e-01 -2.039484488651565480e-02 -1.892286016838274632e-01
6.203590545398765421e+00 -2.093104386522789129e-01 -2.037994985505914639e-02 -1.889304887972204361e-01
6.204701903478339275e+00 -2.090286189070955092e-01 -2.036243658761332023e-02 -1.886661823194839827e-01
6.205813261557912242e+00 -2.087705961784606379e-01 -2.033890911110416283e-02 -1.884316870673534428e-01
6.206924619637485208e+00 -2.085202465823552120e-01 -2.030815164571775008e-02 -1.882120949366382634e-01
6.208035977717058174e+00 -2.082585942895381070e-01 -2.027156839969692162e-02 -1.879870258898467539e-01
6.209147335796631140e+00 -2.079707192300053464e-01 -2.023267102622471059e-02 -1.877380482037828424e-01
6.210258693876204994e+00 -2.076511789188954793e-01 -2.019580095803977238e-02 -1.874553779608568727e-01
6.211370051955778848e+00 -2.073059759180433392e-01 -2.016455162356544165e-02 -1.871414242944814676e-01
6.212481410035351814e+00 -2.069503614095805077e-01 -2.014046409699105089e-02 -1.868098973125895679e-01
6.213592768114924780e+00 -2.066032801378753780e-01 -2.012246978097273140e-02 -1.864808103569033648e-01
6.214704126194497746e+00 -2.062804815295065097e-01 -2.010728180072923407e-02 -1.861731997287782991e-01
6.215815484274070712e+00 -2.059888033103065008e-01 -2.009059187979734401e-02 -1.858982114305104405e-01
6.216926842353644567e+00 -2.057237036091606464e-01 -2.006863696700993127e-02 -1.856550666421445950e-01
6.218038200433217533e+00 -2.054709333032854746e-01 -2.003956601214442607e-02 -1.854313672911409028e-01
6.219149558512791387e+00 -2.052117339500679760e-01 -2.000411052001842965e-02 -1.852076234300472357e-01
6.220260916592364353e+00 -2.049296661594545432e-01 -1.996531601883824378e-02 -1.849643501406147694e-01
6.221372274671937319e+00 -2.046165837712629332e-01 -1.992743305846829405e-02 -1.846891507127929322e-01
6.222483632751510285e+00 -2.042755838263271562e-01 -1.989437163390723670e-02 -1.843812121924174319e-01
6.223594990831083251e+00 -2.039198651902575654e-01 -1.986828112270124652e-02 -1.840515840675603643e-01
6.224706348910657105e+00 -2.035679175940782737e-01 -1.984877160474764896e-02 -1.837191459893347256e-01
6.225817706990230960e+00 -2.032367959563910476e-01 -1.983305881103725188e-02 -1.834037371453533238e-01
6.226929065069803926e+00 -2.029359278342558470e-01 -1.981697901249235977e-02 -1.831189488217622729e-01
6.228040423149376892e+00 -2.026637039047240185e-01 -1.979650409091638502e-02 -1.828671998138090282e-01
6.229151781228949858e+00 -2.024080859571832092e-01 -1.976920566369327545e-02 -1.826388802934897637e-01
6.230263139308522824e+00 -2.021510044582921217e-01 -1.973513623011148924e-02 -1.824158682281827593e-01
6.231374497388096678e+00 -2.018749406716454087e-01 -1.969680772328158760e-02 -1.821781329483638801e-01
6.232485855467669644e+00 -2.015692969907959819e-01 -1.965827619802283655e-02 -1.819110207927745193e-01
6.233597213547243499e+00 -2.012342402324064639e-01 -1.962366622320154200e-02 -1.816105740092076870e-01
6.234708571626816465e+00 -2.008806251848034574e-01 -1.959567183337954793e-02 -1.812849533514253042e-01
6.235819929706389431e+00 -2.005260329418345755e-01 -1.957457887731876497e-02 -1.809514540645135450e-01
6.236931287785962397e+00 -2.001883708170601739e-01 -1.955816357303599012e-02 -1.806302072440232331e-01
6.238042645865535363e+00 -1.998793645797142804e-01 -1.954250329576467590e-02 -1.803368612839481577e-01
6.239154003945109217e+00 -1.996003089493612326e-01 -1.952340406061927811e-02 -1.800769048887464752e-01
6.240265362024682183e+00 -1.993416173665285562e-01 -1.949792532282730237e-02 -1.798436920436974340e-01
6.241376720104256037e+00 -1.990863283318253796e-01 -1.946544784463772465e-02 -1.796208804871926301e-01
6.242488078183829003e+00 -1.988162870237228930e-01 -1.942789696080503281e-02 -1.793883900629200945e-01
6.243599436263401969e+00 -1.985187505042619038e-01 -1.938904088198360742e-02 -1.791297096222773111e-01
6.244710794342974935e+00 -1.981910145859223926e-01 -1.935311989564026183e-02 -1.788378946902816902e-01
6.245822152422548790e+00 -1.978413835986961855e-01 -1.932330524481398748e-02 -1.785180783538854454e-01
6.246933510502121756e+00 -1.974861365382918343e-01 -1.930054789676033736e-02 -1.781855886415287249e-01
6.248044868581695610e+00 -1.971435990706424113e-01 -1.928323520438880376e-02 -1.778603638662574760e-01
6.249156226661268576e+00 -1.968274811316628181e-01 -1.926777948399042290e-02 -1.775597016476678225e-01
6.250267584740841542e+00 -1.965419032644003805e-01 -1.924992375929720015e-02 -1.772919795051052239e-01
6.251378942820414508e+00 -1.962799169359641382e-01 -1.922628950580690388e-02 -1.770536274301564850e-01
6.252490300899987474e+00 -1.960260509453743138e-01 -1.919560373070799963e-02 -1.768304472146677853e-01
6.253601658979561329e+00 -1.957619515746026884e-01 -1.915915977653049468e-02 -1.766027917980732831e-01
6.254713017059134295e+00 -1.954730610359155796e-01 -1.912034511191985225e-02 -1.763527159240005915e-01
6.255824375138708149e+00 -1.951539047313634589e-01 -1.908340857724312098e-02 -1.760704961541208757e-01
6.256935733218281115e+00 -1.948100676206289961e-01 -1.905191576593882538e-02 -1.757581518546901811e-01
6.258047091297854081e+00 -1.944561467953437595e-01 -1.902745413063798227e-02 -1.754286926647078415e-01
6.259158449377427047e+00 -1.941104313357166489e-01 -1.900905813111480186e-02 -1.751013732046035054e-01
6.260269807457000901e+00 -1.937882490420447801e-01 -1.899356264729563926e-02 -1.747946863947517360e-01
6.261381165536573867e+00 -1.934964010740350404e-01 -1.897675536816383762e-02 -1.745196457058757200e-01
6.262492523616147722e+00 -1.932307060243232677e-01 -1.895490865294634925e-02 -1.742757973713766617e-01
6.263603881695720688e+00 -1.929775411812703900e-01 -1.892613385995918496e-02 -1.740514073213086654e-01
6.264715239775293654e+00 -1.927188140600193944e-01 -1.889106617096302648e-02 -1.738277478890573047e-01
6.265826597854866620e+00 -1.924385510717448455e-01 -1.885263168329378083e-02 -1.735859193884505269e-01
6.266937955934439586e+00 -1.921287051765494802e-01 -1.881498225650530404e-02 -1.733137229200486518e-01
6.268049314014013440e+00 -1.917920721471158274e-01 -1.878198593579566075e-02 -1.730100862113199967e-01
6.269160672093586406e+00 -1.914412596460834948e-01 -1.875582189950791151e-02 -1.726854377465756318e-01
6.270272030173160260e+00 -1.910940900693220146e-01 -1.873619037766294237e-02 -1.723578996916619865e-01
6.271383388252733226e+00 -1.907671140966804013e-01 -1.872042404343497030e-02 -1.720466900532492682e-01
6.272494746332306192e+00 -1.904695961852996555e-01 -1.870445954297895313e-02 -1.717651366423218473e-01
6.273606104411879159e+00 -1.902001580250868573e-01 -1.868431532661441602e-02 -1.715158426984734197e-01
6.274717462491453013e+00 -1.899472962967773959e-01 -1.865753831629285778e-02 -1.712897579804839587e-01
6.275828820571025979e+00 -1.896935806993783058e-01 -1.862409379064645931e-02 -1.710694869087353021e-01
6.276940178650598945e+00 -1.894220005526353612e-01 -1.858637569562799144e-02 -1.708356248570098157e-01
6.278051536730172799e+00 -1.891221495211195813e-01 -1.854833450899577574e-02 -1.705738150121219598e-01
6.279162894809745765e+00 -1.887940003794247590e-01 -1.851404043650475492e-02 -1.702799599429190847e-01
6.280274252889318731e+00 -1.884479012593534841e-01 -1.848620458093423735e-02 -1.699616966784173178e-01
6.281385610968892586e+00 -1.881008004937172740e-01 -1.846519547404387729e-02 -1.696356050196707876e-01
6.282496969048465552e+00 -1.877700781248954343e-01 -1.844890782375172011e-02 -1.693211703011424929e-01
6.283608327128038518e+00 -1.874672300187229523e-01 -1.843353029975883586e-02 -1.690336997189686441e-01
6.284719685207612372e+00 -1.871937006132640413e-01 -1.841493244611529939e-02 -1.687787681671481521e-01
6.285831043287185338e+00 -1.869403757050430159e-01 -1.839016611395919917e-02 -1.685502095910838272e-01
6.286942401366758304e+00 -1.866909138670702628e-01 -1.835853570120395128e-02 -1.683323781658670470e-01
6.288053759446331270e+00 -1.864276994613113247e-01 -1.832184872461247241e-02 -1.681058507367002020e-01
6.289165117525905124e+00 -1.861382491766739589e-01 -1.828375649887387100e-02 -1.678544926778011981e-01
6.290276475605478090e+00 -1.858197426069571612e-01 -1.824842543728538713e-02 -1.675713171696693593e-01
6.291387833685051056e+00 -1.854800330127152064e-01 -1.821902249976249666e-02 -1.672610105129573588e-01
6.292499191764624911e+00 -1.851347765049456418e-01 -1.819656537294442669e-02 -1.669382111319997197e-01
6.293610549844197877e+00 -1.848017294561271617e-01 -1.817955487791634780e-02 -1.666221745782127117e-01
6.294721907923770843e+00 -1.844942916440301672e-01 -1.816452242335845138e-02 -1.663297692206699985e-01
6.295833266003344697e+00 -1.842166435024234217e-01 -1.814729265542584097e-02 -1.660693508470023061e-01
6.296944624082917663e+00 -1.839622426148485590e-01 -1.812450173876868284e-02 -1.658377408760849936e-01
6.298055982162490629e+00 -1.837162206262732966e-01 -1.809481924686962354e-02 -1.656214013794079232e-01
6.299167340242063595e+00 -1.834608029993512190e-01 -1.805942988324260937e-02 -1.654013731161167733e-01
6.300278698321637449e+00 -1.831817765678239729e-01 -1.802160066775484668e-02 -1.651601759000668468e-01
6.301390056401210416e+00 -1.828736520806552579e-01 -1.798549174521588134e-02 -1.648881603354440395e-01
6.302501414480783382e+00 -1.825416470695593318e-01 -1.795464370460199410e-02 -1.645870033649622088e-01
6.303612772560357236e+00 -1.821997732487287691e-01 -1.793069145194681885e-02 -1.642690817967827344e-01
6.304724130639930202e+00 -1.818657299045912390e-01 -1.791277183347559157e-02 -1.639529580711178713e-01
6.305835488719503168e+00 -1.815544647497922548e-01 -1.789783965194951046e-02 -1.636566250978427894e-01
6.306946846799077022e+00 -1.812727452024129604e-01 -1.788177639866275065e-02 -1.633909688037498420e-01
6.308058204878649988e+00 -1.810167120448072653e-01 -1.786088804869234020e-02 -1.631558239961113654e-01
6.309169562958222954e+00 -1.807733001248910121e-01 -1.783324724921681384e-02 -1.629400528756717315e-01
6.310280921037796809e+00 -1.805250035736433722e-01 -1.779939227977692107e-02 -1.627256112938631205e-01
6.311392279117369775e+00 -1.802562479788846483e-01 -1.776212936193153832e-02 -1.624941186169565344e-01
6.312503637196942741e+00 -1.799590504795350598e-01 -1.772551097167415074e-02 -1.622335395078626785e-01
6.313614995276515707e+00 -1.796359112237947697e-01 -1.769336218013855752e-02 -1.619425490436588455e-01
6.314726353356089561e+00 -1.792988893269229778e-01 -1.766789095030188786e-02 -1.616309983766238412e-01
6.315837711435662527e+00 -1.789652051642482700e-01 -1.764888731582407722e-02 -1.613163178484262050e-01
6.316949069515235493e+00 -1.786509731053367578e-01 -1.763380190938635891e-02 -1.610171711959523799e-01
6.318060427594809347e+00 -1.783653459670719865e-01 -1.761867449684050707e-02 -1.607466714702326105e-01
6.319171785674382313e+00 -1.781071992663652570e-01 -1.759957432398411362e-02 -1.605076249423814938e-01
6.320283143753955279e+00 -1.778655567624753131e-01 -1.757402841704637855e-02 -1.602915283454310891e-01
6.321394501833529134e+00 -1.776235968390913189e-01 -1.754191884772769022e-02 -1.600816779913656618e-01
6.322505859913102100e+00 -1.773647777598146846e-01 -1.750552342934948158e-02 -1.598592543304711844e-01
6.323617217992675066e+00 -1.770788517919629490e-01 -1.746868587467679049e-02 -1.596101659172854959e-01
6.324728576072248920e+00 -1.767655820081817375e-01 -1.743541778892025024e-02 -1.593301642192606615e-01
6.325839934151821886e+00 -1.764348140761904105e-01 -1.740844103498360995e-02 -1.590263730412071752e-01
6.326951292231394852e+00 -1.761028824849012464e-01 -1.738820018203475481e-02 -1.587146823028699472e-01
6.328062650310967818e+00 -1.757866632356858416e-01 -1.737270341622922792e-02 -1.584139598194573284e-01
6.329174008390541672e+00 -1.754974386082329418e-01 -1.735824889917746486e-02 -1.581391897090485832e-01
6.330285366470114639e+00 -1.752368046285202319e-01 -1.734077175249788827e-02 -1.578960328760248277e-01
6.331396724549687605e+00 -1.749961058916539858e-01 -1.731732158537896415e-02 -1.576787843062757433e-01
6.332508082629261459e+00 -1.747595978518374504e-01 -1.728713352936896500e-02 -1.574724643224756915e-01
6.333619440708834425e+00 -1.745101813634725163e-01 -1.725190398934282887e-02 -1.572582773741307283e-01
6.334730798788407391e+00 -1.742356209511201348e-01 -1.721517170091363749e-02 -1.570204492502043636e-01
6.335842156867981245e+00 -1.739329856263032992e-01 -1.718102990623258594e-02 -1.567519557200711400e-01
6.336953514947554211e+00 -1.736097006615574811e-01 -1.715263830478921947e-02 -1.564570623567667906e-01
6.338064873027127177e+00 -1.732808331745309127e-01 -1.713107573421854615e-02 -1.561497574403058197e-01
6.339176231106701032e+00 -1.729636040281491427e-01 -1.711495018297456983e-02 -1.558486538451734627e-01
6.340287589186273998e+00 -1.726711253115921219e-01 -1.710090711219471732e-02 -1.555702181994020328e-01
6.341398947265846964e+00 -1.724076411135309628e-01 -1.708485047785913979e-02 -1.553227906356763610e-01
6.342510305345419930e+00 -1.721669993255673381e-01 -1.706343202772374334e-02 -1.551035672978411384e-01
6.343621663424993784e+00 -1.719349050203244078e-01 -1.703526738900813450e-02 -1.548996376313162560e-01
6.344733021504566750e+00 -1.716941304275240721e-01 -1.700143727747555067e-02 -1.546926931500481051e-01
6.345844379584139716e+00 -1.714307830144720934e-01 -1.696509238219897492e-02 -1.544656906322739998e-01
6.346955737663713570e+00 -1.711393514524056081e-01 -1.693030639016245009e-02 -1.542090450622450593e-01
6.348067095743286536e+00 -1.708246970147946631e-01 -1.690059470985531137e-02 -1.539241023049395807e-01
6.349178453822859503e+00 -1.705002711682670202e-01 -1.687763753777248715e-02 -1.536226336304943874e-01
6.350289811902433357e+00 -1.701832130862277470e-01 -1.686067112907526852e-02 -1.533225419571556947e-01
6.351401169982006323e+00 -1.698881140356474639e-01 -1.684676784895242432e-02 -1.530413461866947933e-01
6.352512528061579289e+00 -1.696217174763974822e-01 -1.683190236820422681e-02 -1.527898151081999722e-01
6.353623886141153143e+00 -1.693804800899829099e-01 -1.681241576312030375e-02 -1.525680643268631231e-01
6.354735244220726109e+00 -1.691518759971558927e-01 -1.678634504233263852e-02 -1.523655309548297698e-01
6.355846602300299075e+00 -1.689189643381186490e-01 -1.675413503662439088e-02 -1.521648293014960518e-01
6.356957960379872041e+00 -1.686665548118078950e-01 -1.671847451032586196e-02 -1.519480803014857384e-01
6.358069318459445896e+00 -1.683867274184483176e-01 -1.668331687837567440e-02 -1.517034105400726363e-01
6.359180676539018862e+00 -1.680817008355692255e-01 -1.665244219430734099e-02 -1.514292586412623598e-01
6.360292034618591828e+00 -1.677630107554921868e-01 -1.662808345809854010e-02 -1.511349272973918356e-01
6.361403392698165682e+00 -1.674473025135201354e-01 -1.661011643298153026e-02 -1.508371860805403086e-01
6.362514750777738648e+00 -1.671502726628653623e-01 -1.659610690566964628e-02 -1.505541657571994318e-01
6.363626108857311614e+00 -1.668809647119657014e-01 -1.658219743656461076e-02 -1.502987672754058923e-01
6.364737466936885468e+00 -1.666384921338646408e-01 -1.656451057138684166e-02 -1.500739815624810292e-01
6.365848825016458434e+00 -1.664123762156694830e-01 -1.654055808536547198e-02 -1.498718181303048402e-01
6.366960183096031400e+00 -1.661863704187045709e-01 -1.651014410275144020e-02 -1.496762263159573947e-01
6.368071541175605255e+00 -1.659443756694723993e-01 -1.647543433411182909e-02 -1.494689413353552099e-01
6.369182899255178221e+00 -1.656762930121943311e-01 -1.644016701671678973e-02 -1.492361259954770591e-01
6.370294257334751187e+00 -1.653816860981326686e-01 -1.640829308131622893e-02 -1.489733930168162801e-01
6.371405615414324153e+00 -1.650699254054907583e-01 -1.638254023177957222e-02 -1.486873851737139651e-01
6.372516973493898007e+00 -1.647567670977259369e-01 -1.636342282409827473e-02 -1.483933442736307950e-01
6.373628331573470973e+00 -1.644586156186686743e-01 -1.634905694936058737e-02 -1.481095586693097488e-01
6.374739689653043939e+00 -1.641865592690211484e-01 -1.633584718378533127e-02 -1.478507120852402268e-01
6.375851047732617793e+00 -1.639423473795481312e-01 -1.631979464517774314e-02 -1.476225527343715538e-01
6.376962405812190759e+00 -1.637177685920449544e-01 -1.629795044630876974e-02 -1.474198181457406776e-01
6.378073763891763726e+00 -1.634976511460791704e-01 -1.626948624202315119e-02 -1.472281649040599050e-01
6.379185121971337580e+00 -1.632653890229720794e-01 -1.623599320700690879e-02 -1.470293958159689662e-01
6.380296480050910546e+00 -1.630089812174320973e-01 -1.620090152993280269e-02 -1.468080796875002314e-01
6.381407838130483512e+00 -1.627253878975183088e-01 -1.616823221087803839e-02 -1.465571556866424319e-01
6.382519196210056478e+00 -1.624216223756170530e-01 -1.614113538511292856e-02 -1.462804869905046379e-01
6.383630554289630332e+00 -1.621121868244140007e-01 -1.612074653964025786e-02 -1.459914402847730386e-01
6.384741912369203298e+00 -1.618137894178297009e-01 -1.610577595989103397e-02 -1.457080134579443742e-01
6.385853270448776264e+00 -1.615392674546097251e-01 -1.609297989116651242e-02 -1.454462875634442987e-01
6.386964628528350119e+00 -1.612929267753261953e-01 -1.607834134037006493e-02 -1.452145854349582710e-01
6.388075986607923085e+00 -1.610689896009840916e-01 -1.605853072161027295e-02 -1.450104588793773019e-01
6.389187344687496051e+00 -1.608537103675716506e-01 -1.603211526325982669e-02 -1.448215951043122784e-01
6.390298702767069905e+00 -1.606303848619846097e-01 -1.600007790366698643e-02 -1.446303069583240453e-01
6.391410060846642871e+00 -1.603854273217138748e-01 -1.596545776073647616e-02 -1.444199695609807432e-01
6.392521418926215837e+00 -1.601133046662274184e-01 -1.593224367155984811e-02 -1.441810609946743704e-01
6.393632777005789691e+00 -1.598185358177537652e-01 -1.590392361877836572e-02 -1.439146121989762495e-01
6.394744135085362657e+00 -1.595140337049350820e-01 -1.588221753675935280e-02 -1.436318161681764405e-01
6.395855493164935623e+00 -1.592163981902456338e-01 -1.586645385054928636e-02 -1.433499443396973605e-01
6.396966851244508590e+00 -1.589398757053569200e-01 -1.585381572476877304e-02 -1.430860599805870159e-01
6.398078209324082444e+00 -1.586911835123670789e-01 -1.584036672014703384e-02 -1.428508167922166172e-01
6.399189567403655410e+00 -1.584670789006462355e-01 -1.582248238975634061e-02 -1.426445965108900926e-01
6.400300925483228376e+00 -1.582555529262758831e-01 -1.579816716991434486e-02 -1.424573857563615487e-01
6.401412283562802230e+00 -1.580402093215891590e-01 -1.576777809230500357e-02 -1.422724312292826809e-01
6.402523641642375196e+00 -1.578062319102537525e-01 -1.573389286005676818e-02 -1.420723390502000860e-01
6.403634999721948162e+00 -1.575457687459112244e-01 -1.570037102692732958e-02 -1.418453977189857718e-01
6.404746357801522016e+00 -1.572607764562843069e-01 -1.567095021187606824e-02 -1.415898262444122702e-01
6.405857715881094983e+00 -1.569622944990933799e-01 -1.564788793875260611e-02 -1.413144065603393340e-01
6.406969073960667949e+00 -1.566664184428934181e-01 -1.563114263471965248e-02 -1.410352758081723779e-01
6.408080432040241803e+00 -1.563884410418916737e-01 -1.561839092373986694e-02 -1.407700501181522179e-01
6.409191790119814769e+00 -1.561372938007913602e-01 -1.560587415303420558e-02 -1.405314196477561450e-01
6.410303148199387735e+00 -1.559123093454363174e-01 -1.558976574081123549e-02 -1.403225436046273977e-01
6.411414506278960701e+00 -1.557034782306733756e-01 -1.556756194543896209e-02 -1.401359162852365836e-01
6.412525864358534555e+00 -1.554951017053406992e-01 -1.553899060533779283e-02 -1.399561111000079405e-01
6.413637222438107521e+00 -1.552715075109812326e-01 -1.550610804305310730e-02 -1.397653994679296519e-01
6.414748580517680487e+00 -1.550227477243592833e-01 -1.547254966450281946e-02 -1.395501980598569669e-01
6.415859938597254342e+00 -1.547482072186882607e-01 -1.544220737447360957e-02 -1.393059998442188196e-01
6.416971296676827308e+00 -1.544568139141307972e-01 -1.541781497855189073e-02 -1.390389989355897693e-01
6.418082654756400274e+00 -1.541637792978532429e-01 -1.539995573590732109e-02 -1.387638235619530758e-01
6.419194012835974128e+00 -1.538850592007467433e-01 -1.538685233750697150e-02 -1.384982068632422403e-01
6.420305370915547094e+00 -1.536315518852202633e-01 -1.537501491096694706e-02 -1.382565369742575767e-01
6.421416728995120060e+00 -1.534051430839891983e-01 -1.536051077013736096e-02 -1.380446323138521392e-01
6.422528087074693914e+00 -1.531980331381319616e-01 -1.534039390223632809e-02 -1.378576392358988323e-01
6.423639445154266880e+00 -1.529955861380595528e-01 -1.531377456702005639e-02 -1.376818115710423118e-01
6.424750803233839846e+00 -1.527816602370479504e-01 -1.528214065432473810e-02 -1.374995195827233840e-01
6.425862161313412813e+00 -1.525444778091324116e-01 -1.524881472465398381e-02 -1.372956630844828219e-01
6.426973519392986667e+00 -1.522809006682948052e-01 -1.521774486344237669e-02 -1.370631558048573395e-01
6.428084877472559633e+00 -1.519975584644481514e-01 -1.519206938707392748e-02 -1.368054890773755805e-01
6.429196235552132599e+00 -1.517084245861233249e-01 -1.517297720534894166e-02 -1.365354473807752766e-01
6.430307593631706453e+00 -1.514297259359580761e-01 -1.515927770639312333e-02 -1.362704482295684083e-01
6.431418951711279419e+00 -1.511740408809457703e-01 -1.514783578997696764e-02 -1.360262050909747389e-01
6.432530309790852385e+00 -1.509457321184516920e-01 -1.513471312411785764e-02 -1.358110189943382284e-01
6.433641667870426240e+00 -1.507393727994301991e-01 -1.511660020093147025e-02 -1.356227725985042765e-01
6.434753025949999206e+00 -1.505417336984478383e-01 -1.509201848208250110e-02 -1.354497152163662843e-01
6.435864384029572172e+00 -1.503366038410258454e-01 -1.506185597181986316e-02 -1.352747478692082339e-01
6.436975742109146026e+00 -1.501106880017507028e-01 -1.502904221310317340e-02 -1.350816457886500621e-01
6.438087100188718992e+00 -1.498584355630455944e-01 -1.499748163623951247e-02 -1.348609539268084134e-01
6.439198458268291958e+00 -1.495840468343937746e-01 -1.497063360718433461e-02 -1.346134132272106265e-01
6.440309816347864924e+00 -1.492999315789189096e-01 -1.495025555493031261e-02 -1.343496760239909216e-01
6.441421174427438778e+00 -1.490221853080903602e-01 -1.493576580703233868e-02 -1.340864195010619264e-01
6.442532532507011744e+00 -1.487647322451418619e-01 -1.492445711964511534e-02 -1.338402751254965384e-01
6.443643890586584710e+00 -1.485342661912171514e-01 -1.491248251153235935e-02 -1.336217836796861347e-01
6.444755248666158565e+00 -1.483278273712316797e-01 -1.489625441144967928e-02 -1.334315729597816691e-01
6.445866606745731531e+00 -1.481338923873023738e-01 -1.487374825386582680e-02 -1.332601441334370362e-01
6.446977964825304497e+00 -1.479365759656461332e-01 -1.484523685468830748e-02 -1.330913391109625754e-01
6.448089322904878351e+00 -1.477214124738419343e-01 -1.481318920194469278e-02 -1.329082232719009105e-01
6.449200680984451317e+00 -1.474806130572343110e-01 -1.478137120982733928e-02 -1.326992418474123858e-01
6.450312039064024283e+00 -1.472158878871503984e-01 -1.475347596978092424e-02 -1.324624119173734571e-01
6.451423397143598137e+00 -1.469378109368372765e-01 -1.473178171695442747e-02 -1.322060292198854459e-01
6.452534755223171103e+00 -1.466619631182977113e-01 -1.471632519693340420e-02 -1.319456379213649611e-01
6.453646113302744070e+00 -1.464032605008776244e-01 -1.470489036174013261e-02 -1.316983701391404027e-01
6.454757471382317036e+00 -1.461705321572597804e-01 -1.469381574556848612e-02 -1.314767164116960041e-01
6.455868829461890890e+00 -1.459633185169559866e-01 -1.467932635117292182e-02 -1.312839921657847908e-01
6.456980187541463856e+00 -1.457720510753278687e-01 -1.465890554136777164e-02 -1.311131455339636098e-01
6.458091545621036822e+00 -1.455815433983457807e-01 -1.463220834691037094e-02 -1.309493350514352450e-01
6.459202903700610676e+00 -1.453765196594275499e-01 -1.460118472508720525e-02 -1.307753349343425686e-01
6.460314261780183642e+00 -1.451471680015146704e-01 -1.456936872696084143e-02 -1.305777992745549010e-01
6.461425619859756608e+00 -1.448926998143706679e-01 -1.454059268936040879e-02 -1.303521071250109409e-01
6.462536977939330463e+00 -1.446216237690528261e-01 -1.451759427289324791e-02 -1.301040294961609556e-01
6.463648336018903429e+00 -1.443486395709738523e-01 -1.450102266259277288e-02 -1.298476169083846998e-01
6.464759694098476395e+00 -1.440892853758360959e-01 -1.448920470418943798e-02 -1.296000806716468001e-01
6.465871052178049361e+00 -1.438542878471603115e-01 -1.447875523331083533e-02 -1.293755326138499862e-01
6.466982410257623215e+00 -1.436456691989737577e-01 -1.446580898136187732e-02 -1.291798602176167376e-01
6.468093768337196181e+00 -1.434560239745188426e-01 -1.444742576307941027e-02 -1.290085982114372587e-01
6.469205126416769147e+00 -1.432712240336216081e-01 -1.442265810475007806e-02 -1.288485659288761964e-01
6.470316484496343001e+00 -1.430755636129905362e-01 -1.439289363613637310e-02 -1.286826699768579829e-01
6.471427842575915967e+00 -1.428574706800477545e-01 -1.436134850601976029e-02 -1.284961221740300863e-01
6.472539200655488933e+00 -1.426137075770863294e-01 -1.433189673806526190e-02 -1.282818108390260947e-01
6.473650558735062788e+00 -1.423505360576454715e-01 -1.430766160492511624e-02 -1.280428744527230267e-01
6.474761916814635754e+00 -1.420814274829541035e-01 -1.428988118390093348e-02 -1.277915462990525386e-01
6.475873274894208720e+00 -1.418221554494440151e-01 -1.427746012814420234e-02 -1.275446953212995005e-01
6.476984632973782574e+00 -1.415850584766171483e-01 -1.426736990816703139e-02 -1.273176885684524084e-01
6.478095991053355540e+00 -1.413745595517156006e-01 -1.425575126625375222e-02 -1.271188082854626811e-01
6.479207349132928506e+00 -1.411855694693439356e-01 -1.423931755858445086e-02 -1.269462519107636966e-01
6.480318707212501472e+00 -1.410053502733481234e-01 -1.421654868468276434e-02 -1.267888015886644293e-01
6.481430065292075327e+00 -1.408181564635974381e-01 -1.418824188871049656e-02 -1.266299145748913946e-01
6.482541423371648293e+00 -1.406109628261774380e-01 -1.415721985509618176e-02 -1.264537429710793637e-01
6.483652781451221259e+00 -1.403781951447352072e-01 -1.412730297224635938e-02 -1.262508921724923294e-01
6.484764139530795113e+00 -1.401237455029466783e-01 -1.410191996138382073e-02 -1.260218255415651578e-01
6.485875497610368079e+00 -1.398595434602171728e-01 -1.408286214657138852e-02 -1.257766813136476647e-01
6.486986855689941045e+00 -1.396012074554816296e-01 -1.406963396614837464e-02 -1.255315734893364676e-01
6.488098213769514899e+00 -1.393623614587142234e-01 -1.405963521085234168e-02 -1.253027262478635939e-01
6.489209571849087865e+00 -1.391496848477182802e-01 -1.404910797900161407e-02 -1.251005768687186437e-01
6.490320929928660831e+00 -1.389604939809957751e-01 -1.403450348064942503e-02 -1.249259905003441418e-01
6.491432288008234686e+00 -1.387837310194321994e-01 -1.401377155886188858e-02 -1.247699594605775064e-01
6.492543646087807652e+00 -1.386039956510718985e-01 -1.398710434805575976e-02 -1.246168913030138575e-01
6.493655004167380618e+00 -1.384071496930833756e-01 -1.395686431158533330e-02 -1.244502853815036697e-01
6.494766362246953584e+00 -1.381854548411624029e-01 -1.392672357561204957e-02 -1.242587312655532433e-01
6.495877720326527438e+00 -1.379403764577674107e-01 -1.390032809308417404e-02 -1.240400483646819513e-01
6.496989078406100404e+00 -1.376820374309749573e-01 -1.387997257178990099e-02 -1.238020648591857537e-01
6.498100436485673370e+00 -1.374255254098452339e-01 -1.386576773632341823e-02 -1.235597576735275038e-01
6.499211794565247224e+00 -1.371854003661314714e-01 -1.385560211403007690e-02 -1.233297982521061320e-01
6.500323152644820190e+00 -1.369704017822522824e-01 -1.384591149534481272e-02 -1.231244902869108454e-01
6.501434510724393157e+00 -1.367802793712346310e-01 -1.383297566819410851e-02 -1.229473037030414384e-01
6.502545868803967011e+00 -1.366058965209295817e-01 -1.381427065401924850e-02 -1.227916258669097538e-01
6.503657226883539977e+00 -1.364325642510463843e-01 -1.378938493718979280e-02 -1.226431793138629267e-01
6.504768584963112943e+00 -1.362453890860157446e-01 -1.376016709379560173e-02 -1.224852219922222124e-01
6.505879943042686797e+00 -1.360346877950743549e-01 -1.373005187013824104e-02 -1.223046359249416598e-01
6.506991301122259763e+00 -1.357995003625089847e-01 -1.370281039221303392e-02 -1.220966899702988079e-01
6.508102659201832729e+00 -1.355479266841889963e-01 -1.368117925453363193e-02 -1.218667474296594722e-01
6.509214017281405695e+00 -1.352941689921627055e-01 -1.366586684016116333e-02 -1.216283021520017937e-01
6.510325375360979550e+00 -1.350533598061210150e-01 -1.365529766857979943e-02 -1.213980621375431584e-01
6.511436733440552516e+00 -1.348360587844646963e-01 -1.364618701306488310e-02 -1.211898717714020718e-01
6.512548091520125482e+00 -1.346444196149274575e-01 -1.363473619653537451e-02 -1.210096834183876785e-01
6.513659449599699336e+00 -1.344714181788875806e-01 -1.361801359075139051e-02 -1.208534045881425878e-01
6.514770807679272302e+00 -1.343034183847902352e-01 -1.359501925042118364e-02 -1.207083991343695789e-01
6.515882165758845268e+00 -1.341251382803622660e-01 -1.356704654950369356e-02 -1.205580917308585603e-01
6.516993523838419122e+00 -1.339252077288663190e-01 -1.353721003128444990e-02 -1.203879976975889554e-01
6.518104881917992088e+00 -1.337002963555090351e-01 -1.350931182638655075e-02 -1.201909845291237872e-01
6.519216239997565054e+00 -1.334563130182851443e-01 -1.348645921828334898e-02 -1.199698538000018438e-01
6.520327598077138909e+00 -1.332062447476501932e-01 -1.346993599815056973e-02 -1.197363087495013356e-01
6.521438956156711875e+00 -1.329654253953608534e-01 -1.345873755501575224e-02 -1.195066878403509003e-01
6.522550314236284841e+00 -1.327459575670346947e-01 -1.344993805175826937e-02 -1.192960195152745068e-01
6.523661672315857807e+00 -1.325523168748766467e-01 -1.343975548079402033e-02 -1.191125613940889894e-01
6.524773030395431661e+00 -1.323797349477321417e-01 -1.342492688976026395e-02 -1.189548080579721501e-01
6.525884388475004627e+00 -1.322159452575326355e-01 -1.340389370218874991e-02 -1.188120515553503231e-01
6.526995746554577593e+00 -1.320456524972462575e-01 -1.337736653684928195e-02 -1.186682859603973017e-01
6.528107104634151447e+00 -1.318560969916701686e-01 -1.334806483369833582e-02 -1.185080321579749102e-01
6.529218462713724414e+00 -1.316416897518734030e-01 -1.331972667898720722e-02 -1.183219630728928745e-01
6.530329820793297380e+00 -1.314060344007091929e-01 -1.329574936080637516e-02 -1.181102850399044224e-01
6.531441178872871234e+00 -1.311606044658957249e-01 -1.327795505064616709e-02 -1.178826494152494936e-01
6.532552536952444200e+00 -1.309205614373425697e-01 -1.326593007151264519e-02 -1.176546313658324017e-01
6.533663895032017166e+00 -1.306992377679543349e-01 -1.325717733792007927e-02 -1.174420604300389775e-01
6.534775253111591020e+00 -1.305032922671663098e-01 -1.324802580248942915e-02 -1.172552664646789866e-01
6.535886611191163986e+00 -1.303302981666267790e-01 -1.323496568140992286e-02 -1.170953324852158778e-01
6.536997969270736952e+00 -1.301696373810821705e-01 -1.321592380452274104e-02 -1.169537135765624375e-01
6.538109327350309918e+00 -1.300063713802026844e-01 -1.319101565364051536e-02 -1.168153557265631109e-01
6.539220685429883773e+00 -1.298266774354094044e-01 -1.316250127611410213e-02 -1.166641761593018023e-01
6.540332043509456739e+00 -1.296228718583324335e-01 -1.313396185228873046e-02 -1.164889100060422511e-01
6.541443401589029705e+00 -1.293961946832973553e-01 -1.310899691678257643e-02 -1.162871977665169698e-01
6.542554759668603559e+00 -1.291563465171625680e-01 -1.308991615775550489e-02 -1.160664303594120400e-01
6.543666117748176525e+00 -1.289179503458808551e-01 -1.307690123954070513e-02 -1.158410491063429082e-01
6.544777475827749491e+00 -1.286952287241894533e-01 -1.306794182058725225e-02 -1.156272869036061579e-01
6.545888833907323345e+00 -1.284968337799257676e-01 -1.305956828045716327e-02 -1.154372654994727798e-01
6.547000191986896311e+00 -1.283227092666510138e-01 -1.304811409478731296e-02 -1.152745951718674028e-01
6.548111550066469277e+00 -1.281641226234838393e-01 -1.303104855620395262e-02 -1.151330740672843328e-01
6.549222908146042244e+00 -1.280068510564072448e-01 -1.300789540789831777e-02 -1.149989556485087189e-01
6.550334266225616098e+00 -1.278363590946018369e-01 -1.298040391215149469e-02 -1.148559551824514108e-01
6.551445624305189064e+00 -1.276430827101632526e-01 -1.295191089021459005e-02 -1.146911718199499497e-01
6.552556982384762030e+00 -1.274258989276892129e-01 -1.292612636637046654e-02 -1.144997725613221551e-01
6.553668340464335884e+00 -1.271925221116067539e-01 -1.290578472086223276e-02 -1.142867373907450190e-01
6.554779698543908850e+00 -1.269566870894560662e-01 -1.289165172256661641e-02 -1.140650353668899025e-01
6.555891056623481816e+00 -1.267331475436613841e-01 -1.288224800856723265e-02 -1.138508995350995673e-01
6.557002414703055670e+00 -1.265323109122632461e-01 -1.287438884611607701e-02 -1.136579220661473738e-01
6.558113772782628637e+00 -1.263564606817696168e-01 -1.286434323830580768e-02 -1.134921174434634777e-01
6.559225130862201603e+00 -1.261989372105179197e-01 -1.284919051236575738e-02 -1.133497466981528562e-01
6.560336488941775457e+00 -1.260465708160925236e-01 -1.282788114239161517e-02 -1.132186896737057136e-01
6.561447847021348423e+00 -1.258844781486180286e-01 -1.280161650960620276e-02 -1.130828616390150559e-01
6.562559205100921389e+00 -1.257014749532946452e-01 -1.277341019391300958e-02 -1.129280647593848275e-01
6.563670563180494355e+00 -1.254941366379504208e-01 -1.274699099431383237e-02 -1.127471456436417302e-01
6.564781921260068209e+00 -1.252680323302231835e-01 -1.272544698403502324e-02 -1.125425853461929221e-01
6.565893279339641175e+00 -1.250356876683411389e-01 -1.271010366611959562e-02 -1.123255840022278906e-01
6.567004637419214141e+00 -1.248120214073423079e-01 -1.270004376269291690e-02 -1.121119776446530547e-01
6.568115995498787996e+00 -1.246089182729315237e-01 -1.269244259652840476e-02 -1.119164756764041008e-01
6.569227353578360962e+00 -1.244309122331004325e-01 -1.268359643413395112e-02 -1.117473157989673782e-01
6.570338711657933928e+00 -1.242735479820969435e-01 -1.267026940883716341e-02 -1.116032785732637977e-01
6.571450069737507782e+00 -1.241250126559063915e-01 -1.265086918986030318e-02 -1.114741434660475178e-01
6.572561427817080748e+00 -1.239704401213295726e-01 -1.262602424597039467e-02 -1.113444158753618823e-01
6.573672785896653714e+00 -1.237973194015447587e-01 -1.259835342868497604e-02 -1.111989659728585961e-01
6.574784143976227568e+00 -1.236000395257424028e-01 -1.257151234144969140e-02 -1.110285271842933741e-01
6.575895502055800534e+00 -1.233819197107205862e-01 -1.254886373976604914e-02 -1.108330559709542751e-01
6.577006860135373500e+00 -1.231539902127274655e-01 -1.253225554352540433e-02 -1.106217346692069947e-01
6.578118218214946467e+00 -1.229309714644242491e-01 -1.252135049934303794e-02 -1.104096209650816535e-01
6.579229576294520321e+00 -1.227259170595616788e-01 -1.251375063737969126e-02 -1.102121664221861613e-01
6.580340934374093287e+00 -1.225454699273359344e-01 -1.250587058385040952e-02 -1.100395993434868519e-01
6.581452292453666253e+00 -1.223874554900689082e-01 -1.249424166182446470e-02 -1.098932138282469329e-01
6.582563650533240107e+00 -1.222416836759102204e-01 -1.247677242905328304e-02 -1.097649112468634669e-01
6.583675008612813073e+00 -1.220936639177618993e-01 -1.245350755776726201e-02 -1.096401563599942314e-01
6.584786366692386039e+00 -1.219298786553788538e-01 -1.242660969525410421e-02 -1.095032689601319331e-01
6.585897724771959894e+00 -1.217426960830290811e-01 -1.239957159129597905e-02 -1.093431244917359713e-01
6.587009082851532860e+00 -1.215331366008167019e-01 -1.237594552434948328e-02 -1.091571910764722736e-01
6.588120440931105826e+00 -1.213104900922990642e-01 -1.235805223216029577e-02 -1.089524378601416238e-01
6.589231799010679680e+00 -1.210889273611244765e-01 -1.234613858552617224e-02 -1.087427887756047401e-01
6.590343157090252646e+00 -1.208823416277527985e-01 -1.233828972975505728e-02 -1.085440518979936403e-01
6.591454515169825612e+00 -1.206992977949521567e-01 -1.233112694061291870e-02 -1.083681708543406119e-01
6.592565873249398578e+00 -1.205399255108579731e-01 -1.232103685656736614e-02 -1.082188886542923417e-01
6.593677231328972432e+00 -1.203958829538922248e-01 -1.230548485904341301e-02 -1.080903980948473703e-01
6.594788589408545398e+00 -1.202534004218785008e-01 -1.228393519812475201e-02 -1.079694652237564584e-01
6.595899947488118364e+00 -1.200982931477574817e-01 -1.225804381992439025e-02 -1.078402493278366320e-01
6.597011305567692219e+00 -1.199211183416543092e-01 -1.223105448430993406e-02 -1.076900638573496244e-01
6.598122663647265185e+00 -1.197206014525399737e-01 -1.220661837830364430e-02 -1.075139830742429942e-01
6.599234021726838151e+00 -1.195040883510641860e-01 -1.218746675180912113e-02 -1.073166215992587130e-01
6.600345379806412005e+00 -1.192848629955129552e-01 -1.217441912407235365e-02 -1.071104438714391843e-01
6.601456737885984971e+00 -1.190773098928871454e-01 -1.216608720627969549e-02 -1.069112226866099774e-01
6.602568095965557937e+00 -1.188916828805781228e-01 -1.215938150318257062e-02 -1.067323013773959772e-01
6.603679454045131791e+00 -1.187303825371544413e-01 -1.215063573238560693e-02 -1.065797468047727653e-01
6.604790812124704757e+00 -1.185870935569781348e-01 -1.213693982957923974e-02 -1.064501537274035736e-01
6.605902170204277724e+00 -1.184490919067480164e-01 -1.211719687618933311e-02 -1.063318950305602029e-01
6.607013528283850690e+00 -1.183018788145177441e-01 -1.209252007050478153e-02 -1.062093587440173653e-01
6.608124886363424544e+00 -1.181344538470151112e-01 -1.206582607363611455e-02 -1.060686277733789429e-01
6.609236244442997510e+00 -1.179433092239641906e-01 -1.204077326721495270e-02 -1.059025359567540292e-01
6.610347602522570476e+00 -1.177336949353164908e-01 -1.202043141161359026e-02 -1.057132635237044566e-01
6.611458960602144330e+00 -1.175176983292421512e-01 -1.200616646038425890e-02 -1.055115318688632092e-01
6.612570318681717296e+00 -1.173098405206605688e-01 -1.199714564470974638e-02 -1.053126948759527393e-01
6.613681676761290262e+00 -1.171217937936890330e-01 -1.199064213565859474e-02 -1.051311516580296923e-01
6.614793034840864117e+00 -1.169581416179730077e-01 -1.198302782334276576e-02 -1.049751137946278445e-01
6.615904392920437083e+00 -1.168147213361521164e-01 -1.197109276023713455e-02 -1.048436285759179742e-01
6.617015751000010049e+00 -1.166801486409808075e-01 -1.195321142117370880e-02 -1.047269372198097875e-01
6.618127109079583015e+00 -1.165399654537681851e-01 -1.192993204524120734e-02 -1.046100334085337674e-01
6.619238467159156869e+00 -1.163818998270021304e-01 -1.190377539126337425e-02 -1.044781244357448069e-01
6.620349825238729835e+00 -1.162003242093609945e-01 -1.187831676990474573e-02 -1.043220074394574787e-01
6.621461183318302801e+00 -1.159982923475405825e-01 -1.185688563873867063e-02 -1.041414067088018980e-01
6.622572541397876655e+00 -1.157864174926789697e-01 -1.184135573635411269e-02 -1.039450617563229678e-01
6.623683899477449621e+00 -1.155790038631074323e-01 -1.183146539309927470e-02 -1.037475384700073527e-01
6.624795257557022587e+00 -1.153888413330985824e-01 -1.182491456297002190e-02 -1.035639267701285865e-01
6.625906615636596442e+00 -1.152225574432790417e-01 -1.181820259921198893e-02 -1.034043548440738425e-01
6.627017973716169408e+00 -1.150782157411959356e-01 -1.180790160919901674e-02 -1.032703141319985252e-01
6.628129331795742374e+00 -1.149460306172419427e-01 -1.179190219425228434e-02 -1.031541284229940264e-01
6.629240689875316228e+00 -1.148119346911396221e-01 -1.177017884249654048e-02 -1.030417558486436957e-01
6.630352047954889194e+00 -1.146626981335894524e-01 -1.174479723923918875e-02 -1.029179008943519047e-01
6.631463406034462160e+00 -1.144907368194019726e-01 -1.171916153776326672e-02 -1.027715752816363570e-01
6.632574764114035126e+00 -1.142968617680473753e-01 -1.169677586937992349e-02 -1.026000858986741981e-01
6.633686122193608981e+00 -1.140899730369881460e-01 -1.167997066769830596e-02 -1.024100023692887246e-01
6.634797480273181947e+00 -1.138838133479135595e-01 -1.166905675463963954e-02 -1.022147565932775698e-01
6.635908838352754913e+00 -1.136919654742568481e-01 -1.166221423856315595e-02 -1.020297512356949932e-01
6.637020196432328767e+00 -1.135229143299038568e-01 -1.165615592412494635e-02 -1.018667584057816600e-01
6.638131554511901733e+00 -1.133769687934089443e-01 -1.164732339904719569e-02 -1.017296453943639933e-01
6.639242912591474699e+00 -1.132461598642729578e-01 -1.163318058345925304e-02 -1.016129792808186660e-01
6.640354270671048553e+00 -1.131171482768917880e-01 -1.161313450572862456e-02 -1.015040137711670509e-01
6.641465628750621519e+00 -1.129760805984917904e-01 -1.158874898825356520e-02 -1.013873316102435057e-01
6.642576986830194485e+00 -1.128136258792982460e-01 -1.156317423037591698e-02 -1.012504516489241696e-01
6.643688344909768340e+00 -1.126283615995873205e-01 -1.154000033420664144e-02 -1.010883612653814545e-01
6.644799702989341306e+00 -1.124272801534311195e-01 -1.152195200035354902e-02 -1.009053281530802315e-01
6.645911061068914272e+00 -1.122232355146198790e-01 -1.150989896607151376e-02 -1.007133365485513576e-01
6.647022419148487238e+00 -1.120302623334683972e-01 -1.150254156400929394e-02 -1.005277207694606212e-01
6.648133777228061092e+00 -1.118584719461614418e-01 -1.149688507134031396e-02 -1.003615868748207185e-01
6.649245135307634058e+00 -1.117103813594089029e-01 -1.148932972023937980e-02 -1.002210516391706663e-01
6.650356493387207024e+00 -1.115800078971121156e-01 -1.147697962919001780e-02 -1.001030282679271910e-01
6.651467851466780878e+00 -1.114550550214787467e-01 -1.145869470559551968e-02 -9.999636031588286789e-02
6.652579209546353844e+00 -1.113213906463367403e-01 -1.143550342341659483e-02 -9.988588722292068844e-02
6.653690567625926811e+00 -1.111681868868609480e-01 -1.141022702417362686e-02 -9.975795986269078708e-02
6.654801925705500665e+00 -1.109918518625292033e-01 -1.138645244448290017e-02 -9.960539941804835706e-02
6.655913283785073631e+00 -1.107973257535556921e-01 -1.136722786337105232e-02 -9.943009789018888989e-02
6.657024641864646597e+00 -1.105962733810143539e-01 -1.135395524344329048e-02 -9.924231813757902754e-02
6.658135999944220451e+00 -1.104028344427783331e-01 -1.134588221175785241e-02 -9.905695223102568836e-02
6.659247358023793417e+00 -1.102284795725836375e-01 -1.134037742597639349e-02 -9.888810214660688491e-02
6.660358716103366383e+00 -1.100778434443711873e-01 -1.133388863637518548e-02 -9.874395480799887104e-02
6.661470074182939349e+00 -1.099470485060830560e-01 -1.132323460949373820e-02 -9.862381389659290176e-02
6.662581432262513204e+00 -1.098251254967732154e-01 -1.130676104488682193e-02 -9.851836445188508207e-02
6.663692790342086170e+00 -1.096980102905093096e-01 -1.128494047113898224e-02 -9.841306981936616405e-02
6.664804148421659136e+00 -1.095536606691536047e-01 -1.126019857670811433e-02 -9.829346209244990695e-02
6.665915506501232990e+00 -1.093864313741281652e-01 -1.123603078855360191e-02 -9.815040058557555902e-02
6.667026864580805956e+00 -1.091991178517940780e-01 -1.121573082391501275e-02 -9.798338702788228494e-02
6.668138222660378922e+00 -1.090019287135892689e-01 -1.120119368663877700e-02 -9.780073502695750542e-02
6.669249580739952776e+00 -1.088087644520498443e-01 -1.119222810976611658e-02 -9.761653634228568965e-02
6.670360938819525742e+00 -1.086321587742123951e-01 -1.118662789281187238e-02 -9.744553088140248120e-02
6.671472296899098708e+00 -1.084787233681627494e-01 -1.118097553076502146e-02 -9.729774783740165189e-02
6.672583654978672563e+00 -1.083467515162958861e-01 -1.117188539464978973e-02 -9.717486612164638604e-02
6.673695013058245529e+00 -1.082268489874639722e-01 -1.115723422420169218e-02 -9.706961476326528282e-02
6.674806371137818495e+00 -1.081053589507975365e-01 -1.113693170675132856e-02 -9.696842724405238534e-02
6.675917729217391461e+00 -1.079693321841563303e-01 -1.111295147540187003e-02 -9.685638070876259609e-02
6.677029087296965315e+00 -1.078112336630444451e-01 -1.108861191661711203e-02 -9.672262174642745625e-02
6.678140445376538281e+00 -1.076316747748971431e-01 -1.106736885185100917e-02 -9.656430592304829363e-02
6.679251803456111247e+00 -1.074391803834441467e-01 -1.105155933870158314e-02 -9.638762104474363213e-02
6.680363161535685101e+00 -1.072470792207651652e-01 -1.104155321321082829e-02 -9.620552600755699624e-02
6.681474519615258068e+00 -1.070686517885042627e-01 -1.103562039138780877e-02 -9.603303139711594216e-02
6.682585877694831034e+00 -1.069123019828846360e-01 -1.103056152518072826e-02 -9.588174045770679610e-02
6.683697235774404888e+00 -1.067785077772616664e-01 -1.102287211798852994e-02 -9.575563565927720788e-02
6.684808593853977854e+00 -1.066596572780260377e-01 -1.101001651897251001e-02 -9.564964075905327268e-02
6.685919951933550820e+00 -1.065428260775222596e-01 -1.099134865548875677e-02 -9.555147742203222438e-02
6.687031310013124674e+00 -1.064144824488930940e-01 -1.096834517044927709e-02 -9.544613727844698803e-02
6.688142668092697640e+00 -1.062654073473237315e-01 -1.094406683980369589e-02 -9.532134050752309740e-02
6.689254026172270606e+00 -1.060940402737399896e-01 -1.092204470654608607e-02 -9.517199556719445341e-02
6.690365384251843572e+00 -1.059070366072073360e-01 -1.090499628257339537e-02 -9.500204032463417658e-02
6.691476742331417427e+00 -1.057168373290752472e-01 -1.089383857122215062e-02 -9.482299875785764331e-02
6.692588100410990393e+00 -1.055371384588128930e-01 -1.088735636618092840e-02 -9.464978209263244513e-02
6.693699458490563359e+00 -1.053779099548236980e-01 -1.088264579917004246e-02 -9.449526415565978610e-02
6.694810816570137213e+00 -1.052417755326965770e-01 -1.087617123508221283e-02 -9.436560429761393920e-02
6.695922174649710179e+00 -1.051230677968004457e-01 -1.086505083482293584e-02 -9.425801696197863566e-02
6.697033532729283145e+00 -1.050098988058686816e-01 -1.084810334121132439e-02 -9.416179546466037220e-02
6.698144890808856999e+00 -1.048884895061070327e-01 -1.082627584728305427e-02 -9.406221365882506957e-02
6.699256248888429965e+00 -1.047481812138191387e-01 -1.080229763164011932e-02 -9.394588358218065871e-02
6.700367606968002931e+00 -1.045853063647995407e-01 -1.077968657301420219e-02 -9.380561979178934917e-02
6.701478965047575898e+00 -1.044045127667639766e-01 -1.076146984895288462e-02 -9.364304291781101741e-02
6.702590323127149752e+00 -1.042170631404701897e-01 -1.074908414136594922e-02 -9.346797899911150898e-02
6.703701681206722718e+00 -1.040367319678137809e-01 -1.074185490874100118e-02 -9.329487705907936468e-02
6.704813039286295684e+00 -1.038747943724928485e-01 -1.073724345933611823e-02 -9.313755091315766010e-02
6.705924397365869538e+00 -1.037359299604068419e-01 -1.073177132878736992e-02 -9.300415863162211916e-02
6.707035755445442504e+00 -1.036165296136519476e-01 -1.072228537760340841e-02 -9.289424423604837611e-02
6.708147113525015470e+00 -1.035060177671928289e-01 -1.070710349322227459e-02 -9.279891427396992631e-02
6.709258471604589324e+00 -1.033907056528138441e-01 -1.068662459354793176e-02 -9.270408105926936093e-02
6.710369829684162291e+00 -1.032587714817373714e-01 -1.066318170987418275e-02 -9.259558977186731210e-02
6.711481187763735257e+00 -1.031045556114845579e-01 -1.064019223632299213e-02 -9.246436337516834858e-02
6.712592545843309111e+00 -1.029306100647923300e-01 -1.062091483414996304e-02 -9.230969523064129489e-02
6.713703903922882077e+00 -1.027467601320256330e-01 -1.060726516331752384e-02 -9.213949496871008671e-02
6.714815262002455043e+00 -1.025665229750295920e-01 -1.059912082195615078e-02 -9.196740215307930288e-02
6.715926620082028009e+00 -1.024021885682916688e-01 -1.059436767631412313e-02 -9.180782089198416540e-02
6.717037978161601863e+00 -1.022603529751123230e-01 -1.058967006870797575e-02 -9.167068290641081085e-02
6.718149336241174829e+00 -1.021395272575791879e-01 -1.058168430467215822e-02 -9.155784295291040376e-02
6.719260694320747795e+00 -1.020306886865202656e-01 -1.056827395955324371e-02 -9.146241472696750585e-02
6.720372052400321650e+00 -1.019205701614159104e-01 -1.054928528280939942e-02 -9.137128487860228521e-02
6.721483410479894616e+00 -1.017964885384141233e-01 -1.052660126612398397e-02 -9.126988727229522202e-02
6.722594768559467582e+00 -1.016509546046573675e-01 -1.050345537596003402e-02 -9.114749922869784526e-02
6.723706126639041436e+00 -1.014843890242811963e-01 -1.048325505369683379e-02 -9.100113397058241793e-02
6.724817484718614402e+00 -1.013049592553133121e-01 -1.046834304363591928e-02 -9.083661621167959943e-02
6.725928842798187368e+00 -1.011256003336234166e-01 -1.045914682062904465e-02 -9.066645351299938704e-02
6.727040200877761222e+00 -1.009593061416040050e-01 -1.045402492260705946e-02 -9.050528121900226763e-02
6.728151558957334188e+00 -1.008144051757064313e-01 -1.044986541394011051e-02 -9.036453976177044600e-02
6.729262917036907155e+00 -1.006915383175919776e-01 -1.044321828155256662e-02 -9.024832003604507658e-02
6.730374275116480121e+00 -1.005834352025299638e-01 -1.043154969469305138e-02 -9.015188550784077048e-02
6.731485633196053975e+00 -1.004775669850096198e-01 -1.041416213590647469e-02 -9.006340484910707600e-02
6.732596991275626941e+00 -1.003607074981848618e-01 -1.039244626459349258e-02 -8.996826123359541461e-02
6.733708349355199907e+00 -1.002237422227289648e-01 -1.036937356751648290e-02 -8.985436865521602423e-02
6.734819707434773761e+00 -1.000649764687524118e-01 -1.034841488145666483e-02 -8.971656158730094421e-02
6.735931065514346727e+00 -9.989074196523380078e-02 -1.033227838449697102e-02 -8.955846358074549818e-02
6.737042423593919693e+00 -9.971308470957895853e-02 -1.032192591738483912e-02 -8.939115879219586280e-02
6.738153781673493548e+00 -9.954537829887090405e-02 -1.031622492217268601e-02 -8.922915337669808100e-02
6.739265139753066514e+00 -9.939746009612250577e-02 -1.031236193942264810e-02 -8.908509815670147269e-02
6.740376497832639480e+00 -9.927205906120355194e-02 -1.030686669053418152e-02 -8.896519237067536390e-02
6.741487855912213334e+00 -9.916381228538133363e-02 -1.029687397855875465e-02 -8.886693830682712569e-02
6.742599213991786300e+00 -9.906122453648508186e-02 -1.028116453420890690e-02 -8.878006000227707528e-02
6.743710572071359266e+00 -9.895085475269790876e-02 -1.026060668982868573e-02 -8.869024806287252594e-02
6.744821930150932232e+00 -9.882220471655629723e-02 -1.023783888154600717e-02 -8.858436583501420880e-02
6.745933288230506086e+00 -9.867153176523399405e-02 -1.021630905690664760e-02 -8.845522270832999190e-02
6.747044646310079052e+00 -9.850320077406651831e-02 -1.019902070687351940e-02 -8.830418006719403801e-02
6.748156004389652018e+00 -9.832808696819293759e-02 -1.018744156139814519e-02 -8.814064540679535098e-02
6.749267362469225873e+00 -9.815961389125700542e-02 -1.018097145850082631e-02 -8.797864243275393958e-02
6.750378720548798839e+00 -9.800886986800066980e-02 -1.017716230170413044e-02 -8.783170756629932185e-02
6.751490078628371805e+00 -9.788057951438741688e-02 -1.017260948826548619e-02 -8.770797002612135129e-02
6.752601436707945659e+00 -9.777139378729014785e-02 -1.016419020436839724e-02 -8.760720358292337084e-02
6.753712794787518625e+00 -9.767111734505307119e-02 -1.015019819728791260e-02 -8.752091914776774506e-02
6.754824152867091591e+00 -9.756642336356863288e-02 -1.013096266282276572e-02 -8.743546070075525201e-02
6.755935510946665445e+00 -9.744570219703017899e-02 -1.010872676140937149e-02 -8.733697543562222998e-02
6.757046869026238411e+00 -9.730327974447647299e-02 -1.008683057748947266e-02 -8.721644916698778616e-02
6.758158227105811378e+00 -9.714147271099057845e-02 -1.006849610944662334e-02 -8.707297660154331154e-02
6.759269585185384344e+00 -9.696973625089949644e-02 -1.005565626226579898e-02 -8.691407998863684425e-02
6.760380943264958198e+00 -9.680121746536647642e-02 -1.004825342718501310e-02 -8.675296403818481827e-02
6.761492301344531164e+00 -9.664797094223338825e-02 -1.004426217442531445e-02 -8.660370876781178784e-02
6.762603659424104130e+00 -9.651657738887949034e-02 -1.004042716601262833e-02 -8.647615022287230557e-02
6.763715017503677984e+00 -9.640575771235507241e-02 -1.003344744370972090e-02 -8.637231026865270500e-02
6.764826375583250950e+00 -9.630684749064147288e-02 -1.002117624357253683e-02 -8.628567124706951197e-02
6.765937733662823916e+00 -9.620695581391004725e-02 -1.000340022854828009e-02 -8.620355558536220431e-02
6.767049091742397771e+00 -9.609365678862186178e-02 -9.981915287656102989e-03 -8.611174150096832791e-02
6.768160449821970737e+00 -9.595950621496135424e-02 -9.959871977856603331e-03 -8.599963423710768606e-02
6.769271807901543703e+00 -9.580474160939511652e-02 -9.940629171133884279e-03 -8.586411243826623518e-02
6.770383165981117557e+00 -9.563718620973730988e-02 -9.926533008476587025e-03 -8.571065320126211584e-02
6.771494524060690523e+00 -9.546939529858862461e-02 -9.918065039701252916e-03 -8.555133025888897458e-02
6.772605882140263489e+00 -9.531408568847983542e-02 -9.913668844646773143e-03 -8.540041684383592457e-02
6.773717240219836455e+00 -9.517951209166460036e-02 -9.910317548409687538e-03 -8.526919454325805614e-02
6.774828598299410309e+00 -9.506647136245857665e-02 -9.904615295285064056e-03 -8.516185606717552314e-02
6.775939956378983275e+00 -9.496802172392582175e-02 -9.894031852076785177e-03 -8.507398987185035844e-02
6.777051314458556242e+00 -9.487201572465356336e-02 -9.877821480484412844e-03 -8.499419424417131719e-02
6.778162672538130096e+00 -9.476552261805136490e-02 -9.857292376653111615e-03 -8.490823024140101150e-02
6.779274030617703062e+00 -9.463953009159545293e-02 -9.835329323169782895e-03 -8.480420076842867805e-02
6.780385388697276028e+00 -9.449221568924327797e-02 -9.815343721525104231e-03 -8.467687196772172298e-02
6.781496746776849882e+00 -9.432960035318722902e-02 -9.800033148591041909e-03 -8.452956720459811613e-02
6.782608104856422848e+00 -9.416334969522592580e-02 -9.790401473985773165e-03 -8.437294822123994620e-02
6.783719462935995814e+00 -9.400652583758373204e-02 -9.785395467227200189e-03 -8.422113037036096928e-02
6.784830821015568780e+00 -9.386883674907425812e-02 -9.782289430722736559e-03 -8.408654731835836504e-02
6.785942179095142635e+00 -9.375311079608115994e-02 -9.777677390718194153e-03 -8.397543340536650636e-02
6.787053537174715601e+00 -9.365427668687122120e-02 -9.768711672422401848e-03 -8.388556501444810465e-02
6.788164895254288567e+00 -9.356121658627321314e-02 -9.754137451553776539e-03 -8.380707913472361381e-02
6.789276253333862421e+00 -9.346081519010619731e-02 -9.734747431104764925e-03 -8.372606775900508225e-02
6.790387611413435387e+00 -9.334273003189549889e-02 -9.713091893375868160e-03 -8.362963813852186679e-02
6.791498969493008353e+00 -9.320314789506022046e-02 -9.692550174269372668e-03 -8.351059772079552634e-02
6.792610327572582207e+00 -9.304616292222003815e-02 -9.676101618645453761e-03 -8.337006130357559053e-02
6.793721685652155173e+00 -9.288227831221682051e-02 -9.665243006340669754e-03 -8.321703530587770681e-02
6.794833043731728139e+00 -9.272457982313915548e-02 -9.659445805433172424e-03 -8.306513401771206673e-02
6.795944401811301994e+00 -9.258397504864228356e-02 -9.656350048943627973e-03 -8.292762499969917600e-02
6.797055759890874960e+00 -9.246523037277816492e-02 -9.652623714851959677e-03 -8.281260665793088727e-02
6.798167117970447926e+00 -9.236524540438489916e-02 -9.645174660976314762e-03 -8.272007074341379551e-02
6.799278476050020892e+00 -9.227418949842687568e-02 -9.632274298989263600e-03 -8.264191519943984987e-02
6.800389834129594746e+00 -9.217908370041534571e-02 -9.614184662844100365e-03 -8.256489903757673054e-02
6.801501192209167712e+00 -9.206852291657870169e-02 -9.593061390158665741e-03 -8.247546152642384887e-02
6.802612550288740678e+00 -9.193682017101814652e-02 -9.572168521548756262e-03 -8.236465164947424922e-02
6.803723908368314532e+00 -9.178606699753612264e-02 -9.554691125351918654e-03 -8.223137587218941336e-02
6.804835266447887498e+00 -9.162536343324306776e-02 -9.542577680540316812e-03 -8.208278575270581967e-02
6.805946624527460465e+00 -9.146750098433645282e-02 -9.535832951030732627e-03 -8.193166803331074222e-02
6.807057982607034319e+00 -9.132430756226068980e-02 -9.532517970460608475e-03 -8.179178959180186115e-02
6.808169340686607285e+00 -9.120234837042315301e-02 -9.529456514520633081e-03 -8.167289185590159706e-02
6.809280698766180251e+00 -9.110054526069473468e-02 -9.523390650089809742e-03 -8.157715461061085249e-02
6.810392056845754105e+00 -9.101057772532651635e-02 -9.512164952897476239e-03 -8.149841277243143056e-02
6.811503414925327071e+00 -9.091991638051691305e-02 -9.495508938931461820e-03 -8.142440744158753463e-02
6.812614773004900037e+00 -9.081638293057131550e-02 -9.475133675749298698e-03 -8.134124925482576207e-02
6.813726131084473003e+00 -9.069257698650701194e-02 -9.454108069517675600e-03 -8.123846891698557893e-02
6.814837489164046858e+00 -9.054856052205474681e-02 -9.435742172043449366e-03 -8.111281835001206419e-02
6.815948847243619824e+00 -9.039182613370450037e-02 -9.422383835221353338e-03 -8.096944229849209473e-02
6.817060205323192790e+00 -9.023456392093333334e-02 -9.414566173774629315e-03 -8.081999774716108753e-02
6.818171563402766644e+00 -9.008922387619466843e-02 -9.410815398573439336e-03 -8.067840847762255962e-02
6.819282921482339610e+00 -8.996398913966971445e-02 -9.408188279306508098e-03 -8.055580086036362442e-02
6.820394279561912576e+00 -8.985980593121542515e-02 -9.403343231522563045e-03 -8.045646269969913833e-02
6.821505637641486430e+00 -8.977004805692846701e-02 -9.393755238937285049e-03 -8.037629281799436864e-02
6.822616995721059396e+00 -8.968293478595681933e-02 -9.378632887762078721e-03 -8.030430189819844078e-02
6.823728353800632362e+00 -8.958581976107743428e-02 -9.359204458388791642e-03 -8.022661530269395436e-02
6.824839711880206217e+00 -8.946978945104190617e-02 -9.338269648749080235e-03 -8.013151980229858695e-02
6.825951069959779183e+00 -8.933289900038465792e-02 -9.319180521978069967e-03 -8.001371847841382001e-02
6.827062428039352149e+00 -8.918087071714093927e-02 -9.304622589515313541e-03 -7.987624812763141624e-02
6.828173786118925115e+00 -8.902500431433855999e-02 -9.295639257896131172e-03 -7.972936505644317995e-02
6.829285144198498969e+00 -8.887806198992008466e-02 -9.291254016187300291e-03 -7.958680797373711424e-02
6.830396502278071935e+00 -8.874962676329326006e-02 -9.288827160635232047e-03 -7.946079960266204389e-02
6.831507860357644901e+00 -8.864262218182340780e-02 -9.285016742287972510e-03 -7.935760543953804258e-02
6.832619218437218755e+00 -8.855225726827017918e-02 -9.276993915778719221e-03 -7.927526335249654443e-02
6.833730576516791722e+00 -8.846777736114577739e-02 -9.263470707542431973e-03 -7.920430665360875255e-02
6.834841934596364688e+00 -8.837638095797287208e-02 -9.245166794016044728e-03 -7.913121416396126651e-02
6.835953292675938542e+00 -8.826787599053613487e-02 -9.224546120131018115e-03 -7.904332987040939285e-02
6.837064650755511508e+00 -8.813838184602532100e-02 -9.204919736585524120e-03 -7.893346210944229835e-02
6.838176008835084474e+00 -8.799173240610344560e-02 -9.189241518002148890e-03 -7.880249088810123426e-02
6.839287366914658328e+00 -8.783807278153009379e-02 -9.179034767727748539e-03 -7.865903801380230709e-02
6.840398724994231294e+00 -8.769016326854547905e-02 -9.173839755317726372e-03 -7.851632351323369063e-02
6.841510083073804260e+00 -8.755873697798098598e-02 -9.171382539511718779e-03 -7.838735443847257012e-02
6.842621441153377226e+00 -8.744860001769141911e-02 -9.168403079689173979e-03 -7.828019693800979117e-02
6.843732799232951081e+00 -8.735689112781779009e-02 -9.161841053238726357e-03 -7.819505007457948353e-02
6.844844157312524047e+00 -8.727413089980425032e-02 -9.149948041625919487e-03 -7.812418285817925023e-02
6.845955515392097013e+00 -8.718767579762604081e-02 -9.132921889746818331e-03 -7.805475390788189916e-02
6.847066873471670867e+00 -8.708631838464470087e-02 -9.112833078419613556e-03 -7.797348530623046670e-02
6.848178231551243833e+00 -8.696435995912674133e-02 -9.092870492061710247e-03 -7.787148946707032893e-02
6.849289589630816799e+00 -8.682367560478780610e-02 -9.076181326296280799e-03 -7.774749427849193817e-02
6.850400947710390653e+00 -8.667302329256951210e-02 -9.064727162261377799e-03 -7.760829613030997831e-02
6.851512305789963619e+00 -8.652485149645572360e-02 -9.058571988666814720e-03 -7.746627950779136351e-02
6.852623663869536585e+00 -8.639076890586770696e-02 -9.055860583793203661e-03 -7.733490832207386145e-02
6.853735021949110440e+00 -8.627732483141568876e-02 -9.053494511137126152e-03 -7.722383032027924088e-02
6.854846380028683406e+00 -8.618363398601970593e-02 -9.048259407176557564e-03 -7.713537457884252213e-02
6.855957738108256372e+00 -8.610170697070859691e-02 -9.037993419844602902e-03 -7.706371355086490127e-02
6.857069096187829338e+00 -8.601936310145547049e-02 -9.022372057759412561e-03 -7.699699104369880920e-02
6.858180454267403192e+00 -8.592466354406401441e-02 -9.003024509621041643e-03 -7.692163903444819428e-02
6.859291812346976158e+00 -8.581025126805721936e-02 -8.982939739475254148e-03 -7.682731152858299217e-02
6.860403170426549124e+00 -8.567602012466353500e-02 -8.965378852459288464e-03 -7.671064127220854345e-02
6.861514528506122979e+00 -8.552914467501569751e-02 -8.952689496158797861e-03 -7.657645517886092768e-02
6.862625886585695945e+00 -8.538146305160175531e-02 -8.945453324081083929e-03 -7.643600972752316591e-02
6.863737244665268911e+00 -8.524516745673769991e-02 -8.942276108238096308e-03 -7.630289134850450072e-02
6.864848602744842765e+00 -8.512837103685211293e-02 -8.940296226922540140e-03 -7.618807480993210202e-02
6.865959960824415731e+00 -8.503216295558194138e-02 -8.936226072303906157e-03 -7.609593688327984107e-02
6.867071318903988697e+00 -8.495022054356789198e-02 -8.927547380249109196e-03 -7.602267316332073088e-02
6.868182676983561663e+00 -8.487111650635127680e-02 -8.913425869782425764e-03 -7.595769063657011044e-02
6.869294035063135517e+00 -8.478247920905070123e-02 -8.895012986410814892e-03 -7.588746622264413988e-02
6.870405393142708483e+00 -8.467549136625666939e-02 -8.875025610971551057e-03 -7.580046575528724684e-02
6.871516751222281449e+00 -8.454809122167493418e-02 -8.856757136220094057e-03 -7.569133408545435093e-02
6.872628109301855304e+00 -8.440571395393586807e-02 -8.842879865098508124e-03 -7.556283408883668340e-02
6.873739467381428270e+00 -8.425930667040802680e-02 -8.834474218474391502e-03 -7.542483245193933039e-02
6.874850825461001236e+00 -8.412134186548698989e-02 -8.830637416530543252e-03 -7.529070444896271419e-02
6.875962183540575090e+00 -8.400128102260655261e-02 -8.828813360108055813e-03 -7.517246766250267054e-02
6.877073541620148056e+00 -8.390213823338263377e-02 -8.825723171613940668e-03 -7.507641506177172019e-02
6.878184899699721022e+00 -8.381939184300578327e-02 -8.818557632048923053e-03 -7.500083421095769809e-02
6.879296257779294876e+00 -8.374263702782376584e-02 -8.805997854898228033e-03 -7.493663917292793519e-02
6.880407615858867842e+00 -8.365937527500307003e-02 -8.788693351241261970e-03 -7.487068192376368503e-02
6.881518973938440809e+00 -8.355956056616352379e-02 -8.769024195324236215e-03 -7.479053637084072392e-02
6.882630332018013775e+00 -8.343924859178386555e-02 -8.750234368967052187e-03 -7.468901422281545854e-02
6.883741690097587629e+00 -8.330202336485366399e-02 -8.735251852520713178e-03 -7.456677151233655210e-02
6.884853048177160595e+00 -8.315768519794132507e-02 -8.725624614897332237e-03 -7.443206058304946415e-02
6.885964406256733561e+00 -8.301868025478682800e-02 -8.720959151189091110e-03 -7.429772110360113868e-02
6.887075764336307415e+00 -8.289557238349289092e-02 -8.719065208949239656e-03 -7.417650717454697673e-02
6.888187122415880381e+00 -8.279320459217132111e-02 -8.716753477558234972e-03 -7.407645111461200194e-02
6.889298480495453347e+00 -8.270894487017213526e-02 -8.710995719833395171e-03 -7.399794915033754139e-02
6.890409838575027202e+00 -8.263365165083458308e-02 -8.700025338003548880e-03 -7.393362631283735553e-02
6.891521196654600168e+00 -8.255500472866009187e-02 -8.683978387290470710e-03 -7.387102634137591994e-02
6.892632554734173134e+00 -8.246198788875894192e-02 -8.664842440946812774e-03 -7.379714544781378061e-02
6.893743912813746988e+00 -8.234889221855971886e-02 -8.645732500160404135e-03 -7.370315971840564473e-02
6.894855270893319954e+00 -8.221738524159601103e-02 -8.629757734260092017e-03 -7.358762750733796598e-02
6.895966628972892920e+00 -8.207589589283338649e-02 -8.618891333168508459e-03 -7.345700455966876208e-02
6.897077987052465886e+00 -8.193654207043846172e-02 -8.613254261661906427e-03 -7.332328780878157037e-02
6.898189345132039740e+00 -8.181072063956663920e-02 -8.611072898697310143e-03 -7.319964774087389658e-02
6.899300703211612706e+00 -8.170496472486944717e-02 -8.609325369970381725e-03 -7.309563935490008546e-02
6.900412061291185672e+00 -8.161857407842119938e-02 -8.604841038928365965e-03 -7.301373303949890148e-02
6.901523419370759527e+00 -8.154387794217074492e-02 -8.595453110333344318e-03 -7.294842483183540394e-02
6.902634777450332493e+00 -8.146903176505747302e-02 -8.580785344841797974e-03 -7.288824642021686506e-02
6.903746135529905459e+00 -8.138232805692446892e-02 -8.562387243694359260e-03 -7.281994081323356349e-02
6.904857493609479313e+00 -8.127645238207495404e-02 -8.543169134723513358e-03 -7.273328324735557626e-02
6.905968851689052279e+00 -8.115113726838917019e-02 -8.526343108743165977e-03 -7.262479415965232554e-02
6.907080209768625245e+00 -8.101325106003263998e-02 -8.514255192590441945e-03 -7.249899586744815161e-02
6.908191567848199099e+00 -8.087429239899127098e-02 -8.507533342430479220e-03 -7.236675905656445029e-02
6.909302925927772066e+00 -8.074620425317760586e-02 -8.504860674554139480e-03 -7.224134357862453670e-02
6.910414284007345032e+00 -8.063703127908197765e-02 -8.503455815628909939e-03 -7.213357546345842974e-02
6.911525642086917998e+00 -8.054799949125698855e-02 -8.500085155204006870e-03 -7.204791433605607642e-02
6.912637000166491852e+00 -8.047307828752589542e-02 -8.492238596821879287e-03 -7.198083969070859234e-02
6.913748358246064818e+00 -8.040118117298086786e-02 -8.479041296234232986e-03 -7.192213987675070974e-02
6.914859716325637784e+00 -8.032020203409936943e-02 -8.461570213129356033e-03 -7.185863182097251833e-02
6.915971074405211638e+00 -8.022141742192509528e-02 -8.442460933784361188e-03 -7.177895648814214269e-02
6.917082432484784604e+00 -8.010265394666499228e-02 -8.424948298813428674e-03 -7.167770564785565235e-02
6.918193790564357570e+00 -7.996907069135682222e-02 -8.411690049012253770e-03 -7.155738064234644369e-02
6.919305148643931425e+00 -7.983127495797391615e-02 -8.403801267490402030e-03 -7.142747369048667305e-02
6.920416506723504391e+00 -7.970145946461067166e-02 -8.400450401432465672e-03 -7.130100906317973775e-02
6.921527864803077357e+00 -7.958896762723596807e-02 -8.399163213870085992e-03 -7.118980441337000031e-02
6.922639222882651211e+00 -7.949689984940816467e-02 -8.396723564637701212e-03 -7.110017628477798002e-02
6.923750580962224177e+00 -7.942099341627244236e-02 -8.390343076973609537e-03 -7.103065033930139327e-02
6.924861939041797143e+00 -7.935118058209703062e-02 -8.378674295448933565e-03 -7.097250628664926453e-02
6.925973297121370109e+00 -7.927525530268753062e-02 -8.362299201158466741e-03 -7.091295610153491857e-02
6.927084655200943963e+00 -7.918331311874489409e-02 -8.343515972047412313e-03 -7.083979714669505490e-02
6.928196013280516929e+00 -7.907134915646497897e-02 -8.325502110409038065e-03 -7.074584704605353658e-02
6.929307371360089896e+00 -7.894270714989592985e-02 -8.311158674587619186e-03 -7.063154847530959957e-02
6.930418729439663750e+00 -7.880685517065168233e-02 -8.302056001485855208e-03 -7.050479916916645162e-02
6.931530087519236716e+00 -7.867593624253706175e-02 -8.297864049736883296e-03 -7.037807219280031723e-02
6.932641445598809682e+00 -7.856035045068750222e-02 -8.296474005457146750e-03 -7.026387644523054976e-02
6.933752803678383536e+00 -7.846497580862984988e-02 -8.294766346808358365e-03 -7.017020946182624119e-02
6.934864161757956502e+00 -7.838740106524381968e-02 -8.289745621613940282e-03 -7.009765544363451284e-02
6.935975519837529468e+00 -7.831881060053982879e-02 -8.279629139748711023e-03 -7.003918146079629592e-02
6.937086877917103322e+00 -7.824719664231899463e-02 -8.264493892359408081e-03 -6.998270274996565288e-02
6.938198235996676289e+00 -7.816172829867137906e-02 -8.246246933786656116e-03 -6.991548136489163234e-02
6.939309594076249255e+00 -7.805668769156154374e-02 -8.227930580558946022e-03 -6.982875711100640370e-02
6.940420952155822221e+00 -7.793354268586445699e-02 -8.212615558410157890e-03 -6.972092712745969756e-02
6.941532310235396075e+00 -7.780040481268386821e-02 -8.202284785366267469e-03 -6.959812002731957659e-02
6.942643668314969041e+00 -7.766907247170704021e-02 -8.197113532263360786e-03 -6.947195893944720091e-02
6.943755026394542007e+00 -7.755073715689321523e-02 -8.195407270959579465e-03 -6.935532988593851034e-02
6.944866384474115861e+00 -7.745191526877036325e-02 -8.194219230263671827e-03 -6.925769603851629486e-02
6.945977742553688827e+00 -7.737208427119740550e-02 -8.190422594133493425e-03 -6.918166167706607528e-02
6.947089100633261793e+00 -7.730388061959382606e-02 -8.181847213598443525e-03 -6.912203340599747114e-02
6.948200458712835648e+00 -7.723578456219984401e-02 -8.168067592905579877e-03 -6.906771696929553395e-02
6.949311816792408614e+00 -7.715631287784659176e-02 -8.150556027071419532e-03 -6.900575685077176002e-02
6.950423174871981580e+00 -7.705819352322643145e-02 -8.132145777512807955e-03 -6.892604774571353676e-02
6.951534532951554546e+00 -7.694100448791869884e-02 -8.116000014852464695e-03 -6.882500447306542923e-02
6.952645891031128400e+00 -7.681131924371965847e-02 -8.104461736860520821e-03 -6.870685750686734983e-02
6.953757249110701366e+00 -7.668030876648046501e-02 -8.098202808632586763e-03 -6.858210595785192709e-02
6.954868607190274332e+00 -7.655967484355628849e-02 -8.095981181480551431e-03 -6.846369366207737117e-02
6.955979965269848186e+00 -7.645739505272819425e-02 -8.095094011839937612e-03 -6.836230104089141557e-02
6.957091323349421152e+00 -7.637482657072620917e-02 -8.092361372595420835e-03 -6.828246519813299664e-02
6.958202681428994119e+00 -7.630622018919977489e-02 -8.085282527105934480e-03 -6.822093766210222954e-02
6.959314039508567973e+00 -7.624081846740515811e-02 -8.072944321666889606e-03 -6.816787414574257409e-02
6.960425397588140939e+00 -7.616677227301625608e-02 -8.056351719237093284e-03 -6.811042055378291327e-02
6.961536755667713905e+00 -7.607544974866817244e-02 -8.038060829097902829e-03 -6.803738891957274160e-02
6.962648113747287759e+00 -7.596457070062456740e-02 -8.021248427512171417e-03 -6.794332227311501715e-02
6.963759471826860725e+00 -7.583902822143206990e-02 -8.008556678004392221e-03 -6.783047154343103957e-02
6.964870829906433691e+00 -7.570910147296544546e-02 -8.001133179608824891e-03 -6.770796829336153677e-02
6.965982187986006657e+00 -7.558671235888093920e-02 -7.998215107186986209e-03 -6.758849725169580047e-02
6.967093546065580512e+00 -7.548108922528803943e-02 -7.997408133534318272e-03 -6.748368109175142959e-02
6.968204904145153478e+00 -7.539541475661035164e-02 -7.995558145324257668e-03 -6.739985661128973515e-02
6.969316262224726444e+00 -7.532567562666617200e-02 -7.989898378533486292e-03 -6.733577724813651078e-02
6.970427620304300298e+00 -7.526212961832011439e-02 -7.979054761195501777e-03 -6.728307485712736735e-02
6.971538978383873264e+00 -7.519285385550145140e-02 -7.963544153933377681e-03 -6.722930970157089958e-02
6.972650336463446230e+00 -7.510808179662142869e-02 -7.945584821759468092e-03 -6.716249697486645354e-02
6.973761694543020084e+00 -7.500375135351217137e-02 -7.928288625722333671e-03 -6.707546272779492391e-02
6.974873052622593050e+00 -7.488297508674385261e-02 -7.914529101688693932e-03 -6.696844598505607982e-02
6.975984410702166016e+00 -7.475490033926336653e-02 -7.905897150982390056e-03 -6.684900318828607135e-02
6.977095768781739871e+00 -7.463137667494823546e-02 -7.902123864179435089e-03 -6.672925281077535242e-02
6.978207126861312837e+00 -7.452264468573166489e-02 -7.901179871626872603e-03 -6.662146481410739784e-02
6.979318484940885803e+00 -7.443361463869023475e-02 -7.900014520292675604e-03 -6.653360011839479227e-02
6.980429843020458769e+00 -7.436208721869018434e-02 -7.895665637332485026e-03 -6.646642158136172041e-02
6.981541201100032623e+00 -7.429956102441886978e-02 -7.886336168237027475e-03 -6.641322485618945948e-02
6.982652559179605589e+00 -7.423433031930937176e-02 -7.872046369017754452e-03 -6.636228395029190874e-02
6.983763917259178555e+00 -7.415574423460154219e-02 -7.854624853295969628e-03 -6.630111938130776872e-02
6.984875275338752409e+00 -7.405807764801732029e-02 -7.837042322602386438e-03 -6.622103532541945281e-02
6.985986633418325376e+00 -7.394260689448405033e-02 -7.822330734066795799e-03 -6.612027616042141787e-02
6.987097991497898342e+00 -7.381713769995673635e-02 -7.812481140215374494e-03 -6.600465655974625812e-02
6.988209349577472196e+00 -7.369315984179074241e-02 -7.807720847028449748e-03 -6.588543899476476118e-02
6.989320707657045162e+00 -7.358166565879195598e-02 -7.806432309752822651e-03 -6.577523334903870311e-02
6.990432065736618128e+00 -7.348915413060680413e-02 -7.805742690761506217e-03 -6.568341143984256225e-02
6.991543423816191982e+00 -7.341527305737467757e-02 -7.802569197543580103e-03 -6.561270385983276887e-02
6.992654781895764948e+00 -7.335295469350815167e-02 -7.794739831465142578e-03 -6.555821486204804760e-02
6.993766139975337914e+00 -7.329099271021698170e-02 -7.781782096577536875e-03 -6.550921061363883247e-02
6.994877498054910880e+00 -7.321812086110844608e-02 -7.765093264773104305e-03 -6.545302759633807310e-02
6.995988856134484735e+00 -7.312710883347578461e-02 -7.747430842954211236e-03 -6.537967799052354922e-02
6.997100214214057701e+00 -7.301738619247000184e-02 -7.731909043373424995e-03 -6.528547714910117039e-02
6.998211572293630667e+00 -7.289524212709484752e-02 -7.720866463236684095e-03 -6.517437566386491410e-02
6.999322930373204521e+00 -7.277153111072440228e-02 -7.715016677787346969e-03 -6.505651443293790359e-02
7.000434288452777487e+00 -7.265772140821032121e-02 -7.713190257380397354e-03 -6.494453115083363703e-02
7.001545646532350453e+00 -7.256172488636389306e-02 -7.712761472027583089e-03 -6.484896341433962763e-02
7.002657004611924307e+00 -7.248502447195288856e-02 -7.710603985304362307e-03 -6.477442048665703334e-02
7.003768362691497273e+00 -7.242214212706232779e-02 -7.704227688957913413e-03 -6.471791443810581690e-02
7.004879720771070239e+00 -7.236263812739866796e-02 -7.692683286492849049e-03 -6.466995484090931612e-02
7.005991078850644094e+00 -7.229491194537084053e-02 -7.676906013849098785e-03 -6.461800593152247640e-02
7.007102436930217060e+00 -7.221042087334153536e-02 -7.659374040980321610e-03 -6.455104683236230489e-02
7.008213795009790026e+00 -7.210678221255131803e-02 -7.643206317204022208e-03 -6.446357589534866539e-02
7.009325153089362992e+00 -7.198863245898844132e-02 -7.631028275499536148e-03 -6.435760418349213696e-02
7.010436511168936846e+00 -7.186593364878751666e-02 -7.624017909873350568e-03 -6.424191573891800677e-02
7.011547869248509812e+00 -7.175034546879309472e-02 -7.621478818602865288e-03 -6.412886665019706944e-02
7.012659227328082778e+00 -7.165098425282717676e-02 -7.621094956089086506e-03 -6.402988929673936180e-02
7.013770585407656633e+00 -7.157111139625041418e-02 -7.619773902893211409e-03 -6.395133749335744910e-02
7.014881943487229599e+00 -7.150695409721558038e-02 -7.614771618816947550e-03 -6.389218247840403042e-02
7.015993301566802565e+00 -7.144908475733192932e-02 -7.604689590064522831e-03 -6.384439516727152819e-02
7.017104659646376419e+00 -7.138585468095387521e-02 -7.589982018697549911e-03 -6.379587266225836273e-02
7.018216017725949385e+00 -7.130763141994465870e-02 -7.572789113897230966e-03 -6.373484230605062917e-02
7.019327375805522351e+00 -7.121029834434645933e-02 -7.556157663681418828e-03 -6.365414068066577169e-02
7.020438733885096205e+00 -7.109674496978141134e-02 -7.542932736449889375e-03 -6.355381223333388119e-02
7.021550091964669171e+00 -7.097580847118983849e-02 -7.534723661002048350e-03 -6.344108481019285206e-02
7.022661450044242137e+00 -7.085905405948068891e-02 -7.531320087028160054e-03 -6.332773397245283764e-02
7.023772808123815103e+00 -7.075656715974354416e-02 -7.530770000800394472e-03 -6.322579715895010333e-02
7.024884166203388958e+00 -7.067328828645806638e-02 -7.530090768767961316e-03 -6.314319751768861233e-02
7.025995524282961924e+00 -7.060722249659723282e-02 -7.526354201016506248e-03 -6.308086829558322284e-02
7.027106882362534890e+00 -7.055017229491307440e-02 -7.517750893303685490e-03 -6.303242140161133267e-02
7.028218240442108744e+00 -7.049072471874881507e-02 -7.504246977207158949e-03 -6.298647774154289558e-02
7.029329598521681710e+00 -7.041840410603283917e-02 -7.487594899792841992e-03 -6.293080920624430363e-02
7.030440956601254676e+00 -7.032747946810979922e-02 -7.470694868266770060e-03 -6.285678459984511690e-02
7.031552314680828530e+00 -7.021904264817768748e-02 -7.456539631358759419e-03 -6.276250301682109733e-02
7.032663672760401496e+00 -7.010060365901635282e-02 -7.447126526308592287e-03 -6.265347713270641439e-02
7.033775030839974463e+00 -6.998335308254484410e-02 -7.442732290263451810e-03 -6.254062079228477067e-02
7.034886388919547429e+00 -6.987808940916385991e-02 -7.441813930956595914e-03 -6.243627547821230250e-02
7.035997746999121283e+00 -6.979129345582719968e-02 -7.441571153875678815e-03 -6.234972230195456877e-02
7.037109105078694249e+00 -6.972277688113488747e-02 -7.438965336920896204e-03 -6.228381154421318983e-02
7.038220463158267215e+00 -6.966575795219545619e-02 -7.431824264559992038e-03 -6.223393368764210121e-02
7.039331821237841069e+00 -6.960933432174677693e-02 -7.419630977367980794e-03 -6.218970334438167491e-02
7.040443179317414035e+00 -6.954245115315367542e-02 -7.403710261105259788e-03 -6.213874089204918932e-02
7.041554537396987001e+00 -6.945792028343203417e-02 -7.386745502150923390e-03 -6.207117478128331561e-02
7.042665895476560856e+00 -6.935502916542446439e-02 -7.371802105795643295e-03 -6.198322705963312668e-02
7.043777253556133822e+00 -6.923979264534266265e-02 -7.361212886676321565e-03 -6.187857975867183669e-02
7.044888611635706788e+00 -6.912275865280895215e-02 -7.355730709885771254e-03 -6.176702794292616289e-02
7.045999969715280642e+00 -6.901516827365011819e-02 -7.354256168418989680e-03 -6.166091210523381994e-02
7.047111327794853608e+00 -6.892486806855788184e-02 -7.354238793829352000e-03 -6.157062927473292563e-02
7.048222685874426574e+00 -6.885346102465154938e-02 -7.352605383433619829e-03 -6.150085564122056286e-02
7.049334043953999540e+00 -6.879573056777446571e-02 -7.346877546299515095e-03 -6.144885302148172385e-02
7.050445402033573394e+00 -6.874154452527830861e-02 -7.336072078304775763e-03 -6.140547244697516088e-02
7.051556760113146360e+00 -6.867954409648988068e-02 -7.321057066351354704e-03 -6.135848703014375183e-02
7.052668118192719326e+00 -6.860127469879270801e-02 -7.304234743839762949e-03 -6.129703995495799224e-02
7.053779476272293181e+00 -6.850425639585897009e-02 -7.288666955995230963e-03 -6.121558943986252221e-02
7.054890834351866147e+00 -6.839287879932259839e-02 -7.276961605470951347e-03 -6.111591719385434801e-02
7.056002192431439113e+00 -6.827679749678816634e-02 -7.270325059730317271e-03 -6.100647243706031758e-02
7.057113550511012967e+00 -6.816741775775594925e-02 -7.268124827852213803e-03 -6.089929292990779730e-02
7.058224908590585933e+00 -6.807374600733093195e-02 -7.268121036874825892e-03 -6.080562497045927800e-02
7.059336266670158899e+00 -6.799911800026424424e-02 -7.267281993031155136e-03 -6.073183600723691677e-02
7.060447624749732753e+00 -6.793999222686951389e-02 -7.262886871180011458e-03 -6.067710535569036112e-02
7.061558982829305720e+00 -6.788724494164059819e-02 -7.253514458531716037e-03 -6.063373048311331698e-02
7.062670340908878686e+00 -6.782949323875225867e-02 -7.239558641886067840e-03 -6.058993459686977390e-02
7.063781698988451652e+00 -6.775723580225781473e-02 -7.223083663624787001e-03 -6.053415213863692218e-02
7.064893057068025506e+00 -6.766630502643275480e-02 -7.207072326863636115e-03 -6.045923269956927915e-02
7.066004415147598472e+00 -6.755937621292507078e-02 -7.194340947381362185e-03 -6.036503526554803239e-02
7.067115773227171438e+00 -6.744498730272076303e-02 -7.186515753849100421e-03 -6.025847154887209456e-02
7.068227131306745292e+00 -6.733442826721490471e-02 -7.183442762935280008e-03 -6.015098550428570057e-02
7.069338489386318258e+00 -6.723763339368259151e-02 -7.183245269165770830e-03 -6.005438812451709824e-02
7.070449847465891224e+00 -6.715957095841396107e-02 -7.183007497277316480e-03 -5.997656346113720144e-02
7.071561205545465079e+00 -6.709844230952007049e-02 -7.179835372059300766e-03 -5.991860693746817179e-02
7.072672563625038045e+00 -6.704634311101169419e-02 -7.171908491474573988e-03 -5.987443461953817492e-02
7.073783921704611011e+00 -6.699214364327590876e-02 -7.159140916601866057e-03 -5.983300272667904651e-02
7.074895279784184865e+00 -6.692553856269457813e-02 -7.143210915010680603e-03 -5.978232764769142449e-02
7.076006637863757831e+00 -6.684079250873456446e-02 -7.126949386001162935e-03 -5.971384312273393669e-02
7.077117995943330797e+00 -6.673882014197034251e-02 -7.113309825667071991e-03 -5.962551031630569653e-02
7.078229354022903763e+00 -6.662684622055208006e-02 -7.104294609885612212e-03 -5.952255161066994510e-02
7.079340712102477617e+00 -6.651577195182457880e-02 -7.100227931468055219e-03 -5.941554402035998522e-02
7.080452070182050583e+00 -6.641620761755449853e-02 -7.099639384084182464e-03 -5.931656823347415675e-02
7.081563428261623550e+00 -6.633461531304304937e-02 -7.099799987930645664e-03 -5.923481532511550018e-02
7.082674786341197404e+00 -6.627096402014261145e-02 -7.097715251971992850e-03 -5.917324876816917184e-02
7.083786144420770370e+00 -6.621874788128551126e-02 -7.091213900371169838e-03 -5.912753398091806500e-02
7.084897502500343336e+00 -6.616735844268499533e-02 -7.079736425298334412e-03 -5.908762201739418962e-02
7.086008860579917190e+00 -6.610594584181631039e-02 -7.064537080845158766e-03 -5.904140876097506430e-02
7.087120218659490156e+00 -6.602736353900956479e-02 -7.048226393743078390e-03 -5.897913714527042855e-02
7.088231576739063122e+00 -6.593076235748841774e-02 -7.033821053565116749e-03 -5.889694130392372079e-02
7.089342934818636977e+00 -6.582189222069434464e-02 -7.023646972156354258e-03 -5.879824524854019435e-02
7.090454292898209943e+00 -6.571100439236454704e-02 -7.018494380770200214e-03 -5.869251001159515174e-02
7.091565650977782909e+00 -6.560911950145105476e-02 -7.017331876135663934e-03 -5.859178762531982998e-02
7.092677009057355875e+00 -6.552401993180177742e-02 -7.017682884442642301e-03 -5.850633704736413199e-02
7.093788367136929729e+00 -6.545742388408015699e-02 -7.016527132203150170e-03 -5.844089675188321453e-02
7.094899725216502695e+00 -6.540436721709347312e-02 -7.011398987461856490e-03 -5.839296822963588318e-02
7.096011083296075661e+00 -6.535501539880156363e-02 -7.001283250940584790e-03 -5.835373214786288704e-02
7.097122441375649515e+00 -6.529824416356955208e-02 -6.986982944782462422e-03 -5.831126121878754676e-02
7.098233799455222481e+00 -6.522568516409295303e-02 -6.970825855194754360e-03 -5.825485930889940517e-02
7.099345157534795447e+00 -6.513476527363785962e-02 -6.955817064642010050e-03 -5.817894820899990188e-02
7.100456515614369302e+00 -6.502963566401034901e-02 -6.944546003721838168e-03 -5.808508966028710224e-02
7.101567873693942268e+00 -6.491965518156223025e-02 -6.938245523642895540e-03 -5.798140965792460827e-02
7.102679231773515234e+00 -6.481598206595094724e-02 -6.936344891817289825e-03 -5.787963717413781295e-02
7.103790589853088200e+00 -6.472751518497402157e-02 -6.936678778924606180e-03 -5.779083640604975453e-02
7.104901947932662054e+00 -6.465766109984015519e-02 -6.936275711939074093e-03 -5.772138538790309858e-02
7.106013306012235020e+00 -6.460310143129953386e-02 -6.932438893783343312e-03 -5.767066253751637617e-02
7.107124664091807986e+00 -6.455500649020930182e-02 -6.923726257971256175e-03 -5.763128023224216301e-02
7.108236022171381840e+00 -6.450225128981043610e-02 -6.910473589214786647e-03 -5.759177770059612650e-02
7.109347380250954807e+00 -6.443546255186700933e-02 -6.894670941639901782e-03 -5.754079161022868094e-02
7.110458738330527773e+00 -6.435042447187852566e-02 -6.879237827264441697e-03 -5.747118664461910859e-02
7.111570096410101627e+00 -6.424960573929618113e-02 -6.866961158519760237e-03 -5.738264458078030233e-02
7.112681454489674593e+00 -6.414125468161918642e-02 -6.859482294983192466e-03 -5.728177238664214355e-02
7.113792812569247559e+00 -6.403639413952187665e-02 -6.856701366286441050e-03 -5.717969277323912969e-02
7.114904170648821413e+00 -6.394481089056801293e-02 -6.856815048110657430e-03 -5.708799584245927844e-02
7.116015528728394379e+00 -6.387149879823261767e-02 -6.856973521022865191e-03 -5.701452527721400515e-02
7.117126886807967345e+00 -6.381484832458565737e-02 -6.854317277404063657e-03 -5.696053104718500765e-02
7.118238244887540311e+00 -6.376723874016071436e-02 -6.847016568589432521e-03 -5.692022217157517022e-02
7.119349602967114166e+00 -6.371781512696063354e-02 -6.834935644959321509e-03 -5.688287948200845129e-02
7.120460961046687132e+00 -6.365643820510802353e-02 -6.819680652612470848e-03 -5.683675755250313516e-02
7.121572319126260098e+00 -6.357736971367583534e-02 -6.804014299548896694e-03 -5.677335541413421754e-02
7.122683677205833952e+00 -6.348135377293198656e-02 -6.790850601678497141e-03 -5.669050317125468030e-02
7.123795035285406918e+00 -6.337533925972270443e-02 -6.782195481069947310e-03 -5.659314377865510420e-02
7.124906393364979884e+00 -6.326994667613929091e-02 -6.778418361549477453e-03 -5.649152831459652857e-02
7.126017751444553738e+00 -6.317560289294939235e-02 -6.778119260119721753e-03 -5.639748363283259708e-02
7.127129109524126704e+00 -6.309875046001814369e-02 -6.778639181780179816e-03 -5.632011127824043673e-02
7.128240467603699670e+00 -6.303950954998147060e-02 -6.777027740227889972e-03 -5.626248180975414181e-02
7.129351825683273525e+00 -6.299164099250875726e-02 -6.771115880247792485e-03 -5.622052511226432320e-02
7.130463183762846491e+00 -6.294482135981439852e-02 -6.760303671464679490e-03 -5.618451768835495963e-02
7.131574541842419457e+00 -6.288840047943351774e-02 -6.745777047295987115e-03 -5.614262343214079798e-02
7.132685899921992423e+00 -6.281527369377248871e-02 -6.730075187689246383e-03 -5.608519850609054030e-02
7.133797258001566277e+00 -6.272446094083046486e-02 -6.716166355687687613e-03 -5.600829458514113707e-02
7.134908616081139243e+00 -6.262145639460481306e-02 -6.706368543812397769e-03 -5.591508785079007254e-02
7.136019974160712209e+00 -6.251622394818497075e-02 -6.701507413593272254e-03 -5.581471653459504911e-02
7.137131332240286063e+00 -6.241956983485131422e-02 -6.700617421025537208e-03 -5.571895241382941732e-02
7.138242690319859030e+00 -6.233921290451690383e-02 -6.701294309402682295e-03 -5.563791859511717230e-02
7.139354048399431996e+00 -6.227698157470340501e-02 -6.700570283543544857e-03 -5.557641129116545897e-02
7.140465406479005850e+00 -6.222815532404836480e-02 -6.695993290328899721e-03 -5.553216203372431103e-02
7.141576764558578816e+00 -6.218318783375319930e-02 -6.686517907378804366e-03 -5.549666992637429519e-02
7.142688122638151782e+00 -6.213118275363662540e-02 -6.672884156190517571e-03 -5.545829859744915574e-02
7.143799480717725636e+00 -6.206385655994100387e-02 -6.657346974123076223e-03 -5.540650958582232083e-02
7.144910838797298602e+00 -6.197854724205736909e-02 -6.642855235298327291e-03 -5.533569200676284605e-02
7.146022196876871568e+00 -6.187917600198677287e-02 -6.631979219608925315e-03 -5.524719678238112358e-02
7.147133554956444534e+00 -6.177481452291133657e-02 -6.625976615467084850e-03 -5.514883790744491004e-02
7.148244913036018389e+00 -6.167638125913356417e-02 -6.624336452683397478e-03 -5.505204480645215642e-02
7.149356271115591355e+00 -6.159266984944866685e-02 -6.624966342644323866e-03 -5.496770350680683925e-02
7.150467629195164321e+00 -6.152715428356839156e-02 -6.624954415544272342e-03 -5.490219986802665625e-02
7.151578987274738175e+00 -6.147673150433747430e-02 -6.621628496290958912e-03 -5.485510300804598283e-02
7.152690345354311141e+00 -6.143285651413642884e-02 -6.613527247967715059e-03 -5.481932926617238966e-02
7.153801703433884107e+00 -6.138465474268364752e-02 -6.600930339716717075e-03 -5.478372440297085699e-02
7.154913061513457961e+00 -6.132287802877677690e-02 -6.585755293809857081e-03 -5.473712273497279707e-02
7.156024419593030927e+00 -6.124326507199172320e-02 -6.570859047435677856e-03 -5.467240602456327481e-02
7.157135777672603894e+00 -6.114808526368969988e-02 -6.558998623551082208e-03 -5.458908664013970014e-02
7.158247135752177748e+00 -6.104530656237897035e-02 -6.551829005690616714e-03 -5.449347755669406435e-02
7.159358493831750714e+00 -6.094569247994970074e-02 -6.549302466698143574e-03 -5.439639001325590612e-02
7.160469851911323680e+00 -6.085888581430574235e-02 -6.549687359726860496e-03 -5.430919845457879425e-02
7.161581209990896646e+00 -6.078990401132274013e-02 -6.550199014708137958e-03 -5.423970499661637940e-02
7.162692568070470500e+00 -6.073731986716479625e-02 -6.548012883419975817e-03 -5.418930698375055283e-02
7.163803926150043466e+00 -6.069378719774271014e-02 -6.541291320671566850e-03 -5.415249587707488682e-02
7.164915284229616432e+00 -6.064871786084069516e-02 -6.529850744434869889e-03 -5.411886711641009789e-02
7.166026642309190287e+00 -6.059213457523781460e-02 -6.515226960663685583e-03 -5.407690761457713963e-02
7.167138000388763253e+00 -6.051829754719711268e-02 -6.500115416723527967e-03 -5.401818213047623884e-02
7.168249358468336219e+00 -6.042778664531341798e-02 -6.487390387110541536e-03 -5.394039625820581940e-02
7.169360716547910073e+00 -6.032728377003979819e-02 -6.479059984827261962e-03 -5.384822378521558761e-02
7.170472074627483039e+00 -6.022713698982626318e-02 -6.475536917261423553e-03 -5.375160007257383243e-02
7.171583432707056005e+00 -6.013759439057636547e-02 -6.475489807469639834e-03 -5.366210458311103382e-02
7.172694790786629859e+00 -6.006507828212893918e-02 -6.476328635464040709e-03 -5.358874964666743290e-02
7.173806148866202825e+00 -6.000985427238555298e-02 -6.475147299509675415e-03 -5.353470697287859847e-02
7.174917506945775791e+00 -5.996594116184009171e-02 -6.469780278843410663e-03 -5.349616088300103434e-02
7.176028865025348757e+00 -5.992329203418116784e-02 -6.459589192588347135e-03 -5.346370284159612796e-02
7.177140223104922612e+00 -5.987145116928040828e-02 -6.445693560097357985e-03 -5.342575760918866906e-02
7.178251581184495578e+00 -5.980335569743883833e-02 -6.430562348990400724e-03 -5.337279334845324019e-02
7.179362939264068544e+00 -5.971789970631255495e-02 -6.417115328438504837e-03 -5.330078437787232754e-02
7.180474297343642398e+00 -5.962032990311991187e-02 -6.407661310673550513e-03 -5.321266859244567354e-02
7.181585655423215364e+00 -5.952033128590968752e-02 -6.403059380524100952e-03 -5.311727190538724497e-02
7.182697013502788330e+00 -5.942850125186440596e-02 -6.402407827330113856e-03 -5.302609342453168395e-02
7.183808371582362184e+00 -5.935249573018131636e-02 -6.403373410534897274e-03 -5.294912231965004379e-02
7.184919729661935150e+00 -5.929424880697005407e-02 -6.403040725755597580e-03 -5.289120808121727108e-02
7.186031087741508117e+00 -5.924927554112467687e-02 -6.398972477309735306e-03 -5.285030306381612725e-02
7.187142445821081083e+00 -5.920830923513170641e-02 -6.390095056884663796e-03 -5.281821417824898723e-02
7.188253803900654937e+00 -5.916067543776718646e-02 -6.377087657132002492e-03 -5.278358778063815815e-02
7.189365161980227903e+00 -5.909817418250789406e-02 -6.362133891493147383e-03 -5.273604029101782581e-02
7.190476520059800869e+00 -5.901805848777130076e-02 -6.348126747532019734e-03 -5.266993174024017788e-02
7.191587878139374723e+00 -5.892402720756168694e-02 -6.337616344480176064e-03 -5.258641086308220303e-02
7.192699236218947689e+00 -5.882487336869383215e-02 -6.331883215135916849e-03 -5.249299015355889803e-02
7.193810594298520655e+00 -5.873128188637882080e-02 -6.330473880236517012e-03 -5.240080800614987239e-02
7.194921952378094510e+00 -5.865194284381924222e-02 -6.331367149840040620e-03 -5.232057569398085306e-02
7.196033310457667476e+00 -5.859039412230983290e-02 -6.331710167392765390e-03 -5.225868395491665985e-02
7.197144668537240442e+00 -5.854374051261654333e-02 -6.328856154631363161e-03 -5.221488435798681688e-02
7.198256026616814296e+00 -5.850371300829828453e-02 -6.321326369516713610e-03 -5.218238663878443234e-02
7.199367384696387262e+00 -5.845968069393938510e-02 -6.309346656964595970e-03 -5.215033403697914849e-02
7.200478742775960228e+00 -5.840251815863212875e-02 -6.294763907832277329e-03 -5.210775425080228784e-02
7.201590100855533194e+00 -5.832792148840095642e-02 -6.280373316953347801e-03 -5.204754817145007539e-02
7.202701458935107048e+00 -5.823796784876131977e-02 -6.268901487273329659e-03 -5.196906636148567599e-02
7.203812817014680014e+00 -5.814035350350475057e-02 -6.262015324927555464e-03 -5.187833817858399088e-02
7.204924175094252981e+00 -5.804558974276303324e-02 -6.259716983340328673e-03 -5.178587275942814899e-02
7.206035533173826835e+00 -5.796317832545943433e-02 -6.260344476842582065e-03 -5.170283384861693032e-02
7.207146891253399801e+00 -5.789815797507549822e-02 -6.261177230547764622e-03 -5.163698074453269837e-02
7.208258249332972767e+00 -5.784927710171255955e-02 -6.259425931531477708e-03 -5.158985117018599631e-02
7.209369607412546621e+00 -5.780945536865753076e-02 -6.253246533380237178e-03 -5.155620883528064247e-02
7.210480965492119587e+00 -5.776836388780214049e-02 -6.242409789470793405e-03 -5.152595409833521378e-02
7.211592323571692553e+00 -5.771618375464748069e-02 -6.228383220552653927e-03 -5.148780053409611479e-02
7.212703681651266407e+00 -5.764717522302781338e-02 -6.213796215167221443e-03 -5.143337900786383587e-02
7.213815039730839374e+00 -5.756176010020267603e-02 -6.201483225487012564e-03 -5.136027687471624026e-02
7.214926397810412340e+00 -5.746636184563762295e-02 -6.193453225423463555e-03 -5.127290862022092915e-02
7.216037755889985306e+00 -5.737106386018549220e-02 -6.190160109278838689e-03 -5.118090375090963984e-02
7.217149113969559160e+00 -5.728593961613783619e-02 -6.190338997859829578e-03 -5.109560061828099381e-02
7.218260472049132126e+00 -5.721739024691736841e-02 -6.191467480734590134e-03 -5.102592276618365952e-02
7.219371830128705092e+00 -5.716582110463658967e-02 -6.190683600333497100e-03 -5.097513750430129192e-02
7.220483188208278946e+00 -5.712550059687232507e-02 -6.185826493313971441e-03 -5.093967410355801362e-02
7.221594546287851912e+00 -5.708665033677455536e-02 -6.176221297574783359e-03 -5.091042903919976159e-02
7.222705904367424878e+00 -5.703900436686262787e-02 -6.162923215232756803e-03 -5.087608115162938621e-02
7.223817262446998733e+00 -5.697554191818177127e-02 -6.148332466055965798e-03 -5.082720945213073382e-02
7.224928620526571699e+00 -5.689503643053872572e-02 -6.135320630828049182e-03 -5.075971579971144676e-02
7.226039978606144665e+00 -5.680249534572016923e-02 -6.126186382989833035e-03 -5.067630896273375707e-02
7.227151336685718519e+00 -5.670733298936453393e-02 -6.121820359358530819e-03 -5.058551263001178494e-02
7.228262694765291485e+00 -5.661994318495518902e-02 -6.121382576384386265e-03 -5.049856060857613183e-02
7.229374052844864451e+00 -5.654791934439903911e-02 -6.122609225202552130e-03 -5.042531011920459855e-02
7.230485410924437417e+00 -5.649329663728059475e-02 -6.122636791858099801e-03 -5.037065984542794805e-02
7.231596769004011271e+00 -5.645181781438494278e-02 -6.119043487305944953e-03 -5.033277432708044286e-02
7.232708127083584237e+00 -5.641448749019369047e-02 -6.110729228582191877e-03 -5.030375826161131297e-02
7.233819485163157204e+00 -5.637084741373973862e-02 -6.098314419511256974e-03 -5.027253299422902721e-02
7.234930843242731058e+00 -5.631278016378980789e-02 -6.083912971940545755e-03 -5.022886719185381404e-02
7.236042201322304024e+00 -5.623745783430815492e-02 -6.070362603114826464e-03 -5.016709523119516206e-02
7.237153559401876990e+00 -5.614836456995998815e-02 -6.060192664040590579e-03 -5.008817190591844520e-02
7.238264917481450844e+00 -5.605402320585126108e-02 -6.054704930081657686e-03 -4.999931827577316912e-02
7.239376275561023810e+00 -5.596489135280224847e-02 -6.053501406557157925e-03 -4.991138994624299413e-02
7.240487633640596776e+00 -5.588955730487914914e-02 -6.054630424666150416e-03 -4.983492688021129435e-02
7.241598991720170631e+00 -5.583161952760237051e-02 -6.055297401032629263e-03 -4.977632212657510241e-02
7.242710349799743597e+00 -5.578838351532332263e-02 -6.052881414444277047e-03 -4.973550210088157481e-02
7.243821707879316563e+00 -5.575184790095783632e-02 -6.045887801158045943e-03 -4.970596009980322860e-02
7.244933065958889529e+00 -5.571161891942484623e-02 -6.034490538209986120e-03 -4.967712838121605273e-02
7.246044424038463383e+00 -5.565869162660097569e-02 -6.020467593162203215e-03 -4.963822403344200773e-02
7.247155782118036349e+00 -5.558872225881501816e-02 -6.006553250529219311e-03 -4.958216900828934376e-02
7.248267140197609315e+00 -5.550360255368786550e-02 -5.995443343544799852e-03 -4.950815921014203869e-02
7.249378498277183169e+00 -5.541076543209129401e-02 -5.988815297004589956e-03 -4.942195013509117357e-02
7.250489856356756135e+00 -5.532047682883866474e-02 -5.986719199867063593e-03 -4.933375762897400374e-02
7.251601214436329101e+00 -5.524210035652874634e-02 -5.987560952203037183e-03 -4.925453940433075634e-02
7.252712572515902956e+00 -5.518069390111961237e-02 -5.988683117350838969e-03 -4.919201078376828074e-02
7.253823930595475922e+00 -5.513517515853514489e-02 -5.987331829083960590e-03 -4.914784332945258682e-02
7.254935288675048888e+00 -5.509872142715493970e-02 -5.981657943703691180e-03 -4.911706348345573625e-02
7.256046646754622742e+00 -5.506125598821293848e-02 -5.971388472306478866e-03 -4.908986751591176007e-02
7.257158004834195708e+00 -5.501311495190241291e-02 -5.957924492190943243e-03 -4.905519045971093450e-02
7.258269362913768674e+00 -5.494856021337532481e-02 -5.943830424572957294e-03 -4.900472978880062586e-02
7.259380720993341640e+00 -5.486786149415406877e-02 -5.931900844260571543e-03 -4.893596064989542971e-02
7.260492079072915494e+00 -5.477719199752611318e-02 -5.924144405049788960e-03 -4.885304759247810491e-02
7.261603437152488461e+00 -5.468637787810405604e-02 -5.921054310910767865e-03 -4.876532356719837091e-02
7.262714795232061427e+00 -5.460532195802858535e-02 -5.921430289244992637e-03 -4.868389166878954455e-02
7.263826153311635281e+00 -5.454040326942276307e-02 -5.922816320772639372e-03 -4.861758694864595776e-02
7.264937511391208247e+00 -5.449216144376413384e-02 -5.922394488633586813e-03 -4.856976695512682518e-02
7.266048869470781213e+00 -5.445510649108889489e-02 -5.918009635605801615e-03 -4.853709685548530245e-02
7.267160227550355067e+00 -5.441972092881586232e-02 -5.908952239477432110e-03 -4.851076868934263431e-02
