#    Energy_eV   Re_FT_dcf   Re_FT_dcf1   Re_FT_dcf2
2.166135580476510114e+00 3.366387967964701647e-05 -2.513315210931265850e-05 5.879703178650032497e-05
2.167246938556083524e+00 4.087418023174292994e-05 -1.385998478043576343e-05 5.473416501310351782e-05
2.168358296635656490e+00 5.359547934236921427e-05 8.295631815776523948e-06 4.529984752663735945e-05
2.169469654715229900e+00 6.985326463497965738e-05 3.775999021235227487e-05 3.209327442245412700e-05
2.170581012794802866e+00 8.708981138665821201e-05 6.975266567660950295e-05 1.733714570832265919e-05
2.171692370874376277e+00 1.025844980143313448e-04 9.907194444637099084e-05 3.512553565515261211e-06
2.172803728953949687e+00 1.139014436098528642e-04 1.209505539670153659e-04 -7.049110357444394320e-06
2.173915087033522653e+00 1.192908153705802762e-04 1.318409212143255640e-04 -1.255010584544618418e-05
2.175026445113096063e+00 1.179776917721135632e-04 1.300006143490090721e-04 -1.202292257960297858e-05
2.176137803192669473e+00 1.102907966704599375e-04 1.157813566702060870e-04 -5.490560000547591718e-06
2.177249161272242439e+00 9.760972047953737907e-05 9.157367778351351711e-05 6.036042694441794143e-06
2.178360519351815849e+00 8.213909742653228985e-05 6.141589319558563020e-05 2.072320422958663644e-05
2.179471877431388815e+00 6.654670306716287467e-05 3.033136835630095146e-05 3.621533470910551569e-05
2.180583235510962226e+00 5.352488050853663158e-05 3.502827080208853472e-06 5.002205342690161857e-05
2.181694593590535636e+00 4.534739679930906587e-05 -1.458057845047972152e-05 5.992797524862392058e-05
2.182805951670108602e+00 4.349467015668951470e-05 -2.086306996981746303e-05 6.435774012716259478e-05
2.183917309749682012e+00 4.840914213360102136e-05 -1.422700165942076753e-05 6.263614379279069120e-05
2.185028667829254978e+00 5.942122024845666525e-05 4.320799919816081108e-06 5.510042032922952276e-05
2.186140025908828388e+00 7.485818779327888667e-05 3.181217722064526299e-05 4.304601057130395814e-05
2.187251383988401798e+00 9.231837326553618897e-05 6.380383658637946154e-05 2.851453667776764761e-05
2.188362742067974764e+00 1.090656473101648746e-04 9.510695973614577414e-05 1.395868757150461881e-05
2.189474100147548175e+00 1.224794528436401811e-04 1.206404285594335837e-04 1.839024281983115544e-06
2.190585458227121141e+00 1.304863537033434939e-04 1.362673643718623553e-04 -5.781010669408340880e-06
2.191696816306694551e+00 1.319020406274793930e-04 1.394772590917947239e-04 -7.575218462654766810e-06
2.192808174386267961e+00 1.266273861523481946e-04 1.298012220567251393e-04 -3.173835905274230429e-06
2.193919532465840927e+00 1.156660983432436507e-04 1.088916622525252370e-04 6.774436088980654441e-06
2.195030890545414337e+00 1.009608505066952183e-04 8.025287702630428538e-05 2.070797347870131228e-05
2.196142248624987747e+00 8.507464317529956493e-05 4.866646890063115738e-05 3.640817427486659971e-05
2.197253606704560713e+00 7.076966309381470602e-05 1.940579830339659445e-05 5.136386478970665810e-05
2.198364964784134123e+00 6.055284296974897552e-05 -2.631473849139948085e-06 6.318431681853601579e-05
2.199476322863707090e+00 5.626289054896298041e-05 -1.373005946485859365e-05 6.999295001133072798e-05
2.200587680943280500e+00 5.876682064782944893e-05 -1.197006731581799505e-05 7.073688796320897908e-05
2.201699039022853910e+00 6.781608083003391220e-05 2.454774198835506932e-06 6.536130663057444692e-05
2.202810397102426876e+00 8.208615019311389996e-05 2.726644377157349045e-05 5.481970642217054782e-05
2.203921755182000286e+00 9.939331658618795820e-05 5.847510492308291563e-05 4.091821166192933373e-05
2.205033113261573252e+00 1.170531628698293775e-04 9.103384351106733052e-05 2.601931935821170591e-05
2.206144471341146662e+00 1.323219206745985393e-04 1.196682333075085869e-04 1.265368736753881215e-05
2.207255829420720072e+00 1.428481357885090161e-04 1.397443848501211949e-04 3.103750937251577302e-06
2.208367187500293038e+00 1.470603024639697415e-04 1.480326283198130435e-04 -9.723258577939986047e-07
2.209478545579866449e+00 1.444265727574638690e-04 1.432409828983419176e-04 1.185589857215924026e-06
2.210589903659439859e+00 1.355436271410961208e-04 1.262303046217260263e-04 9.313322518922102083e-06
2.211701261739012825e+00 1.220398636089374024e-04 9.987529585493183648e-05 2.216456775363303405e-05
2.212812619818586235e+00 1.063086112451311696e-04 6.859381123253387863e-05 3.771480001251402425e-05
2.213923977898159201e+00 9.111507575499874778e-05 3.762152698730519135e-05 5.349354876673251963e-05
2.215035335977732611e+00 7.914156611074272228e-05 1.215105556769732059e-05 6.699051054231529995e-05
2.216146694057306021e+00 7.254579189865226121e-05 -3.522948953979358755e-06 7.606874085302507693e-05
2.217258052136878987e+00 7.260496408157508189e-05 -6.711955244497825115e-06 7.931691932463455020e-05
2.218369410216452398e+00 7.950439713013562372e-05 3.221773170403435110e-06 7.628262395900566473e-05
2.219480768296025364e+00 9.230559720792589837e-05 2.475753438431352663e-05 6.754806282199105581e-05
2.220592126375598774e+00 1.090993174109183839e-04 5.446372218630753798e-05 5.463559522443412093e-05
2.221703484455172184e+00 1.273186187509393365e-04 8.756024300371305358e-05 3.975837574648338757e-05
2.222814842534745150e+00 1.441606039829712235e-04 1.187036360119743741e-04 2.545696797076309539e-05
2.223926200614318560e+00 1.570475367807678407e-04 1.428659399220384707e-04 1.418159685827140304e-05
2.225037558693891526e+00 1.640514872649290537e-04 1.561627540822346435e-04 7.888733182177028874e-06
2.226148916773464936e+00 1.642125535465917621e-04 1.564941215027740654e-04 7.718432042625074374e-06
2.227260274853038347e+00 1.576981391268033467e-04 1.438924992595274482e-04 1.380563986804091148e-05
2.228371632932611313e+00 1.457768646660052674e-04 1.205201639999939692e-04 2.525670066558932669e-05
2.229482991012184723e+00 1.306111732931897890e-04 9.031603364270841816e-05 4.029513965027884184e-05
2.230594349091758133e+00 1.149025394974576182e-04 5.834959520741034300e-05 5.655294428908450369e-05
2.231705707171331099e+00 1.014474986200525342e-04 2.998791568488033341e-05 7.145958293445901256e-05
2.232817065250904509e+00 9.267746787420063932e-05 1.001261524525513119e-05 8.266485262908331022e-05
2.233928423330477475e+00 9.025809014031899863e-05 1.832092242902883146e-06 8.842599789824574699e-05
2.235039781410050885e+00 9.481412990737818000e-05 6.918795159123296290e-06 8.789533474774858840e-05
2.236151139489624295e+00 1.058253661668216196e-04 2.456445615210125707e-05 8.126091001489730431e-05
2.237262497569197262e+00 1.217108365162244792e-04 5.199397987265107907e-05 6.971685664178359915e-05
2.238373855648770672e+00 1.400878034109988637e-04 8.481969529843848277e-05 5.526810811167610568e-05
2.239485213728343638e+00 1.581630342151751911e-04 1.177616277569758230e-04 4.040140645561116073e-05
2.240596571807917048e+00 1.731921528459832299e-04 1.455155656637351774e-04 2.767658718226106290e-05
2.241707929887490458e+00 1.829315331206777043e-04 1.636262169938881850e-04 1.930531612588659574e-05
2.242819287967063424e+00 1.860083364383447249e-04 1.692217323512670846e-04 1.678660408802610041e-05
2.243930646046636834e+00 1.821476758347277160e-04 1.614885079957552663e-04 2.065916783840432772e-05
2.245042004126210244e+00 1.722193302278966082e-04 1.418077811995424251e-04 3.041154902816596561e-05
2.246153362205783210e+00 1.580960888941909843e-04 1.135311016767885650e-04 4.456498721812840111e-05
2.247264720285356621e+00 1.423468041637718229e-04 8.143117790591035410e-05 6.091562625700581643e-05
2.248376078364929587e+00 1.278144685070874750e-04 5.091807948607316239e-05 7.689638902186866388e-05
2.249487436444502997e+00 1.171486226257133266e-04 2.714951595538320217e-05 8.999910667005202661e-05
2.250598794524076407e+00 1.123690064668423283e-04 1.418151169313875293e-05 9.818749477299298922e-05
2.251710152603649373e+00 1.145323205435132621e-04 1.429933486133132432e-05 1.002329856814895663e-04
2.252821510683222783e+00 1.235570829066789684e-04 2.763904447375224727e-05 9.591803843073554853e-05
2.253932868762795749e+00 1.382356131200235087e-04 5.216232351716153931e-05 8.607328960193432604e-05
2.255044226842369159e+00 1.564314090137233423e-04 8.398919280253394626e-05 7.244221620944187902e-05
2.256155584921942570e+00 1.754296624118245607e-04 1.180342967602599630e-04 5.739536565103203758e-05
2.257266943001515536e+00 1.923834113350198285e-04 1.488424132608297951e-04 4.354099807145307352e-05
2.258378301081088946e+00 2.047820113877940607e-04 1.714859142076009813e-04 3.329609717986087986e-05
2.259489659160662356e+00 2.108648414465329538e-04 1.823765298373664079e-04 2.848831160837421092e-05
2.260601017240235322e+00 2.099120775875540357e-04 1.798576899331542911e-04 3.005438765567910314e-05
2.261712375319808732e+00 2.023645168190832053e-04 1.644796605733810785e-04 3.788485624707862987e-05
2.262823733399381698e+00 1.897525127488200285e-04 1.389117862201109596e-04 5.084072653041993989e-05
2.263935091478955108e+00 1.744454803649293263e-04 1.075058213794791162e-04 6.693965898557597757e-05
2.265046449558528519e+00 1.592629777822716745e-04 7.558178670388077114e-05 8.368119107862032058e-05
2.266157807638101485e+00 1.470112091485902168e-04 4.855354814223104831e-05 9.845766100596733787e-05
2.267269165717674895e+00 1.400211497111375773e-04 3.103784904258475447e-05 1.089833006694724974e-04
2.268380523797247861e+00 1.397643217365309842e-04 2.609342963439884033e-05 1.136708921014269787e-04
2.269491881876821271e+00 1.466095643380513520e-04 3.471564233874149114e-05 1.118939219965367428e-04
2.270603239956394681e+00 1.597610094274293409e-04 5.567007181221791598e-05 1.040909376154460463e-04
2.271714598035967647e+00 1.773876992962439454e-04 8.569297374497273495e-05 9.169472555085335895e-05
2.272825956115541057e+00 1.969237473434595764e-04 1.200259994856948953e-04 7.689774785900153897e-05
2.273937314195114467e+00 2.154898446125948393e-04 1.531976074422153333e-04 6.229223717074032843e-05
2.275048672274687434e+00 2.303668777942184664e-04 1.799228445053431547e-04 5.044403328924350685e-05
2.276160030354260844e+00 2.394437602287122213e-04 1.959735345636306678e-04 4.347022566525459222e-05
2.277271388433833810e+00 2.415657245643182752e-04 1.988755952471079474e-04 4.269012931616689155e-05
2.278382746513407220e+00 2.367256194756106949e-04 1.883184801084415369e-04 4.840713936546305746e-05
2.279494104592980630e+00 2.260665246619488963e-04 1.662089853259815508e-04 5.985753933492043988e-05
2.280605462672553596e+00 2.116950187619898172e-04 1.363601157665867217e-04 7.533490299594302816e-05
2.281716820752127006e+00 1.963356045959143044e-04 1.038657690967852501e-04 9.246983549684659187e-05
2.282828178831699972e+00 1.828829819754845300e-04 7.426377763886885669e-05 1.086192043374932265e-04
2.283939536911273382e+00 1.739257466115782386e-04 5.262481880866022761e-05 1.213009278013756249e-04
2.285050894990846793e+00 1.713198902178566423e-04 4.271708289258009292e-05 1.286028073272402292e-04
2.286162253070419759e+00 1.758823767857599623e-04 4.638430555560860147e-05 1.294980712296320822e-04
2.287273611149993169e+00 1.872553924488849081e-04 6.323982632645787014e-05 1.240155661216602902e-04
2.288384969229566135e+00 2.039638331267396194e-04 9.072744064810966264e-05 1.132363924797364935e-04
2.289496327309139545e+00 2.236568112381014627e-04 1.245394974636708507e-04 9.911731377363198862e-05
2.290607685388712955e+00 2.434936572991582525e-04 1.593238731944822753e-04 8.416978410568645361e-05
2.291719043468285921e+00 2.606110538343813995e-04 1.895638094788348882e-04 7.104724435604134122e-05
2.292830401547859331e+00 2.725945020620578613e-04 2.104859968362730871e-04 6.210850522594653714e-05
2.293941759627432297e+00 2.778765090769635612e-04 2.188474483448086400e-04 5.902906073122771158e-05
2.295053117707005708e+00 2.759958483530312867e-04 2.134714693049393278e-04 6.252437904759496068e-05
2.296164475786579118e+00 2.676750311120927074e-04 1.954441623183526822e-04 7.223086879453539597e-05
2.297275833866152084e+00 2.547029988196245452e-04 1.679386760914305249e-04 8.676432272812810084e-05
2.298387191945725494e+00 2.396420948756932193e-04 1.356956430780065573e-04 1.039464517977439079e-04
2.299498550025298904e+00 2.254073263667948687e-04 1.042448860335549836e-04 1.211624403334712538e-04
2.300609908104871870e+00 2.147870129248852580e-04 7.899617659684436688e-05 1.357908363273619638e-04
2.301721266184445280e+00 2.099836584610723002e-04 6.434855202316306245e-05 1.456351064383543028e-04
2.302832624264018246e+00 2.122506549679364224e-04 6.296483689422383186e-05 1.492858180718380863e-04
2.303943982343591657e+00 2.216847498980132475e-04 7.533101321600954581e-05 1.463537366806755540e-04
2.305055340423165067e+00 2.372086451444092858e-04 9.967334869906462405e-05 1.375352964447346896e-04
2.306166698502738033e+00 2.567468403392642907e-04 1.322473958432551430e-04 1.244994444953228478e-04
2.307278056582311443e+00 2.775660262051764075e-04 1.679517778995854096e-04 1.096142483052787477e-04
2.308389414661884409e+00 2.967242082664274874e-04 2.011661520414220056e-04 9.555805622417541667e-05
2.309500772741457819e+00 3.115547689878485696e-04 2.266757045056655775e-04 8.487906448170681045e-05
2.310612130821031229e+00 3.201058299036755109e-04 2.405301092217289674e-04 7.957572068103451260e-05
2.311723488900604195e+00 3.214625289017798010e-04 2.406954685604725114e-04 8.076706034070707529e-05
2.312834846980177606e+00 3.158990088480782138e-04 2.273916485141724494e-04 8.850736033328820279e-05
2.313946205059751016e+00 3.048348757249078750e-04 2.030590656878997896e-04 1.017758100359963079e-04
2.315057563139323982e+00 2.906030402678176812e-04 1.719599080015335110e-04 1.186431322663201657e-04
2.316168921218897392e+00 2.760669140964792240e-04 1.394789520639035801e-04 1.365879620319598170e-04
2.317280279298470358e+00 2.641497805138184884e-04 1.112386761935018481e-04 1.529111043191747586e-04
2.318391637378043768e+00 2.573536985153976374e-04 9.217408653751802544e-05 1.651796119788758854e-04
2.319502995457617178e+00 2.573471223434060234e-04 8.571949506905237335e-05 1.716276272757112338e-04
2.320614353537190144e+00 2.646892103800478277e-04 9.324126030972254564e-05 1.714479500689683488e-04
2.321725711616763554e+00 2.787363842563675247e-04 1.138101875377832591e-04 1.649261967182126011e-04
2.322837069696336521e+00 2.977467573326989317e-04 1.443514979202770859e-04 1.533952594107920731e-04
2.323948427775909931e+00 3.191654996374604716e-04 1.801481735358009470e-04 1.390173261010996426e-04
2.325059785855483341e+00 3.400443999776164156e-04 2.156152854145094652e-04 1.244291145641564580e-04
2.326171143935056307e+00 3.575267338754781199e-04 2.452181975936690295e-04 1.123085362824917041e-04
2.327282502014629717e+00 3.693177068996049070e-04 2.643836918681807813e-04 1.049340150313126697e-04
2.328393860094203127e+00 3.740630134965771195e-04 2.702540261110665878e-04 1.038089873846470730e-04
2.329505218173776093e+00 3.715730765477924524e-04 2.621595986155413407e-04 1.094134779309904014e-04
2.330616576253349503e+00 3.628558552330033750e-04 2.417320492896085637e-04 1.211238059432165684e-04
2.331727934332922469e+00 3.499525719764403318e-04 2.126387133086077297e-04 1.373138586669830213e-04
2.332839292412495880e+00 3.356031455237183658e-04 1.799816486530428014e-04 1.556214968707106926e-04
2.333950650492069290e+00 3.227961828048179181e-04 1.494597272344530027e-04 1.733364555714625617e-04
2.335062008571642256e+00 3.142774575098236049e-04 1.264314107379356164e-04 1.878460467712053748e-04
2.336173366651215666e+00 3.120977315236776826e-04 1.150323580714229278e-04 1.970653734521109895e-04
2.337284724730788632e+00 3.172744035193279626e-04 1.174931849327008615e-04 1.997812185890350870e-04
2.338396082810362042e+00 3.296228271549594448e-04 1.337699370303948448e-04 1.958528901243320386e-04
2.339507440889935452e+00 3.477852830356714837e-04 1.615485070251485022e-04 1.862367760104997796e-04
2.340618798969508418e+00 3.694530878439140562e-04 1.966227487905950963e-04 1.728303390527850987e-04
2.341730157049081829e+00 3.917455243051268590e-04 2.335845254772730278e-04 1.581609988266291164e-04
2.342841515128655239e+00 4.116834142811756983e-04 2.667125000927255893e-04 1.449709141881673491e-04
2.343952873208228205e+00 4.266794968083029507e-04 2.909136130906262926e-04 1.357658837187556561e-04
2.345064231287801615e+00 4.349649074514476757e-04 3.025623306849084190e-04 1.324025767667188005e-04
2.346175589367374581e+00 4.358814701112866466e-04 3.000993746561219505e-04 1.357820954537214062e-04
2.347286947446947991e+00 4.299915130669658761e-04 2.842910598679151968e-04 1.457004531983264323e-04
2.348398305526521401e+00 4.189868980953516571e-04 2.581061082502092777e-04 1.608807898452919993e-04
2.349509663606094367e+00 4.054119830371764530e-04 2.262297241472878070e-04 1.791822588898387726e-04
2.350621021685667777e+00 3.922458878451388214e-04 1.942944568411606246e-04 1.979514310040649330e-04
2.351732379765240744e+00 3.824126555025449820e-04 1.679541040220692769e-04 2.144585514792607481e-04
2.352843737844814154e+00 3.782998579305489411e-04 1.519529145715089232e-04 2.263469433575561246e-04
2.353955095924387564e+00 3.813649108855708854e-04 1.493433224645918361e-04 2.320215884218822439e-04
2.355066454003960530e+00 3.918940252114883321e-04 1.609811933836265314e-04 2.309128318284194058e-04
2.356177812083533940e+00 4.089536768023165417e-04 1.853820483465433433e-04 2.235716284558271916e-04
2.357289170163107350e+00 4.305428352656738046e-04 2.189624126968468115e-04 2.115804225672670430e-04
2.358400528242680316e+00 4.539211497447456084e-04 2.566270671609969731e-04 1.972940825840383341e-04
2.359511886322253726e+00 4.760592896673864621e-04 2.926059800468913327e-04 1.834533096194495248e-04
2.360623244401826692e+00 4.941374565943928987e-04 3.214034668423560587e-04 1.727339897520420442e-04
2.361734602481400103e+00 5.060100552149544503e-04 3.387034635488608489e-04 1.673065916649014127e-04
2.362845960560973513e+00 5.105599751590965407e-04 3.420818165220671295e-04 1.684781586357474506e-04
2.363957318640546479e+00 5.078840081315927346e-04 3.314080623974310219e-04 1.764759457333086624e-04
2.365068676720119889e+00 4.992786490668863104e-04 3.088701330296334674e-04 1.904085160363412459e-04
2.366180034799692855e+00 4.870283536224364815e-04 2.786174088616633765e-04 2.084109447588874606e-04
2.367291392879266265e+00 4.740308503000051701e-04 2.460803683724029772e-04 2.279504819267200860e-04
2.368402750958839675e+00 4.633209789633224371e-04 2.170784025045070439e-04 2.462425764568020297e-04
2.369514109038412641e+00 4.575713162704949689e-04 1.968623872706353872e-04 2.607089290011870789e-04
2.370625467117986052e+00 4.586517757006545581e-04 1.892495481042804446e-04 2.694022275967838335e-04
2.371736825197559018e+00 4.673207704863715541e-04 1.959931679646562813e-04 2.713276025235314740e-04
2.372848183277132428e+00 4.830989657040023894e-04 2.164912241289524558e-04 2.666077415738804047e-04
2.373959541356705838e+00 5.043466537328821983e-04 2.478823830293951438e-04 2.564642707005885484e-04
2.375070899436278804e+00 5.285322905411202025e-04 2.855140771011923512e-04 2.430182134400397410e-04
2.376182257515852214e+00 5.526482419886966438e-04 3.237061141562157240e-04 2.289421278315918740e-04
2.377293615595425180e+00 5.737054923343450422e-04 3.566845109238660563e-04 2.170209814098740010e-04
2.378404973674998590e+00 5.892259731780629534e-04 3.795320476719888855e-04 2.096939255057748280e-04
2.379516331754572001e+00 5.976514523872988871e-04 3.889990788581466907e-04 2.086523735286317793e-04
2.380627689834144967e+00 5.986015471203740002e-04 3.840409246919562411e-04 2.145606224291272610e-04
2.381739047913718377e+00 5.929381726251454002e-04 3.659929973270220627e-04 2.269451752966106586e-04
2.382850405993291787e+00 5.826255461745676219e-04 3.383543311188249789e-04 2.442712150572908837e-04
2.383961764072864753e+00 5.704085092082442597e-04 3.062146123021108890e-04 2.641938969057330833e-04
2.385073122152438163e+00 5.593618726773535305e-04 2.754185406477066556e-04 2.839433320317979320e-04
2.386184480232011129e+00 5.523847970782021092e-04 2.516047259377087071e-04 3.007800711402176894e-04
2.387295838311584539e+00 5.517233705652092174e-04 2.392771667742059696e-04 3.124462037912021989e-04
2.388407196391157949e+00 5.586000213007504683e-04 2.410622130154337463e-04 3.175378082874533592e-04
2.389518554470730916e+00 5.730109223238764437e-04 2.572735908467566404e-04 3.157373314757213993e-04
2.390629912550304326e+00 5.937249761428678267e-04 2.858575254557176037e-04 3.078674506885651068e-04
2.391741270629877292e+00 6.184848288237833509e-04 3.227275249365595816e-04 2.957573038863993420e-04
2.392852628709450702e+00 6.443771050206555974e-04 3.624342564616921808e-04 2.819428485602644592e-04
2.393963986789024112e+00 6.683111540725390071e-04 3.990607092859074778e-04 2.692504447858452658e-04
2.395075344868597078e+00 6.875276492192047145e-04 4.271956001349165935e-04 2.603320490826219191e-04
2.396186702948170488e+00 7.000533600910775756e-04 4.428248943678606692e-04 2.572284657221010455e-04
2.397298061027743898e+00 7.050271631561643576e-04 4.439945732746843066e-04 2.610325898799283409e-04
2.398409419107316864e+00 7.028434487528706712e-04 4.311352323192350552e-04 2.717082164340406739e-04
2.399520777186890275e+00 6.950890669817863000e-04 4.069946091703460431e-04 2.880944578110829039e-04
2.400632135266463241e+00 6.842839096777731528e-04 3.761886075336114826e-04 3.080953021445172885e-04
2.401743493346036651e+00 6.734675626573496075e-04 3.444441962298702004e-04 3.290233664287349133e-04
2.402854851425610061e+00 6.656998591143888522e-04 3.176583846656250501e-04 3.480414744481104619e-04
2.403966209505183027e+00 6.635574304040356029e-04 3.009279222679474373e-04 3.626295081359367026e-04
2.405077567584756437e+00 6.687091215449206911e-04 2.977094014763677810e-04 3.709997200699604214e-04
2.406188925664329403e+00 6.816402683273816484e-04 3.092481955653621131e-04 3.723920727615011783e-04
2.407300283743902813e+00 7.015714239623671751e-04 3.343706002313481980e-04 3.672008237318741958e-04
2.408411641823476224e+00 7.265851760212571099e-04 3.696738892439294100e-04 3.569112867782065542e-04
2.409522999903049190e+00 7.539404578096190260e-04 4.100835407949577488e-04 3.438569170161058682e-04
2.410634357982622600e+00 7.805228668674620007e-04 4.496864092631341556e-04 3.308364576054324303e-04
2.411745716062196010e+00 8.033570444009622766e-04 4.827030686642792487e-04 3.206539757380682046e-04
2.412857074141768976e+00 8.200968531485927637e-04 5.044394578494308667e-04 3.156573952995300920e-04
2.413968432221342386e+00 8.294126323695515460e-04 5.120611472409913878e-04 3.173514851300541888e-04
2.415079790300915352e+00 8.312116418897645340e-04 5.050625315350066799e-04 3.261491103561460665e-04
2.416191148380488762e+00 8.266551806759957904e-04 4.853532978459440886e-04 3.413018828317877264e-04
2.417302506460062173e+00 8.179692872314165905e-04 4.569474148375793007e-04 3.610218723936876699e-04
2.418413864539635139e+00 8.080799048799536949e-04 4.253052987106351740e-04 3.827746061716851174e-04
2.419525222619208549e+00 8.001323330918657783e-04 3.964369727364382839e-04 4.036953603575208719e-04
2.420636580698781515e+00 7.969739163997581347e-04 3.759135295943647447e-04 4.210603868057723187e-04
2.421747938778354925e+00 8.006850804899037864e-04 3.679494999062904188e-04 4.327355805856691233e-04
2.422859296857928335e+00 8.122359823953969292e-04 3.747072819706958723e-04 4.375287004256032215e-04
2.423970654937501301e+00 8.313254675646215147e-04 3.959384386334379238e-04 4.353870289302735116e-04
2.425082013017074711e+00 8.564290921303954578e-04 4.290213704914117715e-04 4.274077216398005242e-04
2.426193371096648121e+00 8.850485890579016732e-04 4.693897065729518009e-04 4.156588824863124976e-04
2.427304729176221088e+00 9.141219836370072932e-04 5.112814259935578518e-04 4.028405576464045429e-04
2.428416087255794498e+00 9.405270632536471415e-04 5.486858317819464162e-04 3.918412314732016948e-04
2.429527445335367464e+00 9.615954452634450228e-04 5.763327579381685370e-04 3.852626873256624618e-04
2.430638803414940874e+00 9.755526309186994191e-04 5.905612269097946371e-04 3.849914040108984130e-04
2.431750161494514284e+00 9.818115011644458490e-04 5.899243939171301687e-04 3.918871072479362776e-04
2.432861519574087250e+00 9.810707391377324754e-04 5.754308315399792734e-04 4.056399075977245791e-04
2.433972877653660660e+00 9.752017113763430077e-04 5.503819351544460281e-04 4.248197762234244036e-04
2.435084235733233626e+00 9.669421423887545816e-04 5.198316610531047294e-04 4.471104813357587061e-04
2.436195593812807036e+00 9.594467490904217202e-04 4.897570167385215459e-04 4.696897323523060996e-04
2.437306951892380447e+00 9.557686182250406740e-04 4.660754600923676730e-04 4.896931581318700408e-04
2.438418309971953413e+00 9.583566131580482580e-04 4.536707548897615794e-04 5.046858582703605406e-04
2.439529668051526823e+00 9.686515742323430515e-04 4.555876598913169645e-04 5.130639143425999148e-04
2.440641026131100233e+00 9.868479270593887888e-04 4.725282574373030828e-04 5.143196696238503535e-04
2.441752384210673199e+00 1.011860174077306666e-03 5.027332547460810000e-04 5.091269193334101162e-04
2.442863742290246609e+00 1.041500069508342983e-03 5.422683311048113672e-04 4.992317384048961925e-04
2.443975100369819575e+00 1.072835601854084647e-03 5.856689533409115481e-04 4.871666485165410641e-04
2.445086458449392985e+00 1.102672936581803285e-03 6.268380044443279397e-04 4.758349321393592554e-04
2.446197816528965951e+00 1.128082147510449905e-03 6.600488052341136475e-04 4.680333422757551251e-04
2.447309174608539362e+00 1.146880245854541014e-03 6.808885532475234675e-04 4.659916926087435962e-04
2.448420532688112772e+00 1.157991925065553381e-03 6.869867820435311689e-04 4.710051430232386864e-04
2.449531890767685738e+00 1.161628459267129154e-03 6.784086171410935728e-04 4.832198421275200710e-04
2.450643248847259148e+00 1.159255046712021064e-03 6.576476197810909516e-04 5.016074269315346640e-04
2.451754606926832558e+00 1.153351675058292194e-03 6.292188347890650957e-04 5.241328402706951078e-04
2.452865965006405524e+00 1.147006584229425582e-03 5.989184755276662220e-04 5.480881087042395808e-04
2.453977323085978934e+00 1.143409016307440603e-03 5.728716519022504679e-04 5.705373644082102885e-04
2.455088681165552345e+00 1.145324616175680873e-03 5.565246108625958310e-04 5.888000053124479646e-04
2.456200039245125311e+00 1.154639820447059088e-03 5.537473142377607538e-04 6.008925062088127204e-04
2.457311397324698721e+00 1.172050338540140801e-03 5.661942496044880188e-04 6.058560889368082162e-04
2.458422755404271687e+00 1.196945215118312093e-03 5.930290677498388507e-04 6.039161473705310576e-04
2.459534113483845097e+00 1.227505841123528296e-03 6.310588976355868338e-04 5.964469434873700873e-04
2.460645471563418063e+00 1.261003923798486616e-03 6.752568135076362013e-04 5.857471102924628401e-04
2.461756829642991473e+00 1.294249651850338384e-03 7.195870011426127449e-04 5.746626507068556752e-04
2.462868187722564883e+00 1.324116498934068721e-03 7.579972195158012072e-04 5.661192794211272056e-04
2.463979545802137849e+00 1.348056388127932825e-03 7.854154212549278868e-04 5.626409668746785130e-04
2.465090903881711260e+00 1.364520404003794103e-03 7.985864784473949846e-04 5.659339255562247789e-04
2.466202261961284670e+00 1.373215666023123484e-03 7.966110475156364112e-04 5.766046185084697934e-04
2.467313620040857636e+00 1.375155844974065844e-03 7.810974392357689783e-04 5.940584057369429141e-04
2.468424978120431046e+00 1.372496711680739473e-03 7.559009383680780070e-04 6.165957733135769663e-04
2.469536336200004012e+00 1.368183475876740170e-03 7.264928867922989045e-04 6.416905890832122136e-04
2.470647694279577422e+00 1.365467688885625610e-03 6.990628475615793744e-04 6.664048413262233135e-04
2.471759052359150832e+00 1.367373032308029802e-03 6.795012481688308612e-04 6.878717841409961141e-04
2.472870410438723798e+00 1.376197837587071543e-03 6.724297828232445907e-04 7.037680547642402498e-04
2.473981768518297208e+00 1.393136256696936824e-03 6.804392269381243476e-04 7.126970297590550125e-04
2.475093126597870175e+00 1.418080588373365385e-03 7.036604009438181262e-04 7.144201874294481627e-04
2.476204484677443585e+00 1.449637534808050857e-03 7.397393615059689315e-04 7.098981733032097129e-04
2.477315842757016995e+00 1.485355998888064979e-03 7.842214619974635995e-04 7.011345368918642587e-04
2.478427200836589961e+00 1.522129214885242950e-03 8.312816345842893168e-04 6.908475803031931609e-04
2.479538558916163371e+00 1.556705263889642150e-03 8.746811724601776319e-04 6.820240914324209210e-04
2.480649916995736781e+00 1.586222102586866932e-03 9.087938490223140126e-04 6.774282535648339446e-04
2.481761275075309747e+00 1.608679089959682944e-03 9.295325828827666337e-04 6.791465070779645168e-04
2.482872633154883157e+00 1.623267335730079440e-03 9.350240007262901332e-04 6.882433350059681196e-04
2.483983991234456123e+00 1.630504331063978816e-03 9.259195393547517069e-04 7.045847917098745951e-04
2.485095349314029534e+00 1.632150466139746341e-03 9.052914044440875038e-04 7.268590616954753898e-04
2.486206707393602944e+00 1.630920911642230135e-03 8.781299683799899738e-04 7.527909432615991804e-04
2.487318065473175910e+00 1.630040040154572510e-03 8.505248157005063439e-04 7.795152244545145923e-04
2.488429423552749320e+00 1.632711541593793482e-03 8.286638287929863796e-04 8.040477128030693987e-04
2.489540781632322286e+00 1.641591354361570656e-03 8.178148362287848260e-04 8.237765181332260163e-04
2.490652139711895696e+00 1.658350179724092655e-03 8.214574363705433703e-04 8.368927433546240538e-04
2.491763497791469106e+00 1.683397706605646062e-03 8.407081086128738098e-04 8.426895979923728318e-04
2.492874855871042072e+00 1.715814142748579851e-03 8.741336352382032132e-04 8.416805075093364546e-04
2.493986213950615483e+00 1.753500575331707039e-03 9.179840573630623779e-04 8.355165179686949682e-04
2.495097572030188893e+00 1.793523671726218911e-03 9.668073650226658225e-04 8.267163067043697099e-04
2.496208930109761859e+00 1.832598202869666765e-03 1.014345225943371481e-03 8.182529769288566027e-04
2.497320288189335269e+00 1.867628108398709796e-03 1.054562654783521881e-03 8.130654536157490980e-04
2.498431646268908235e+00 1.896217082516039529e-03 1.082642276413997573e-03 8.135748061035121340e-04
2.499543004348481645e+00 1.917064563638702125e-03 1.095779436310312382e-03 8.212851273304753140e-04
2.500654362428055055e+00 1.930181772278292095e-03 1.093646979385373350e-03 8.365347928938745778e-04
2.501765720507628021e+00 1.936891987556044366e-03 1.078452724719616493e-03 8.584392628356164560e-04
2.502877078587201432e+00 1.939614735573517122e-03 1.054579619806587064e-03 8.850351157690871870e-04
2.503988436666774398e+00 1.941469145493779271e-03 1.027867253014210294e-03 9.136018924791036375e-04
2.505099794746347808e+00 1.945761554735899856e-03 1.004652532538908780e-03 9.411090221981594124e-04
2.506211152825921218e+00 1.955441593821078284e-03 9.907271557565173331e-04 9.647144380650844037e-04
2.507322510905494184e+00 1.972616286004153473e-03 9.903834112717827508e-04 9.822328747352685775e-04
2.508433868985067594e+00 1.998202264991111657e-03 1.005705550240281474e-03 9.924967147488163860e-04
2.509545227064641004e+00 2.031773578879873029e-03 1.036223750200665223e-03 9.955498286786394670e-04
2.510656585144213970e+00 2.071630418277117455e-03 1.078988156701189693e-03 9.926422615763896319e-04
2.511767943223787380e+00 2.115077758880928079e-03 1.129051401765693470e-03 9.860263571141499733e-04
2.512879301303360347e+00 2.158868324321735685e-03 1.180280725289555542e-03 9.785875990318449076e-04
2.513990659382933757e+00 2.199737149092850265e-03 1.226366442929225850e-03 9.733707061660816506e-04
2.515102017462507167e+00 2.234939833010752414e-03 1.261860985721464587e-03 9.730788472894569621e-04
2.516213375542080133e+00 2.262705844696497916e-03 1.283077466462972938e-03 9.796283782334247979e-04
2.517324733621653543e+00 2.282532094534607016e-03 1.288699613557250934e-03 9.938324809796402794e-04
2.518436091701226509e+00 2.295268193715075712e-03 1.280002224730822195e-03 1.015265968986035078e-03
2.519547449780799919e+00 2.302979051556991452e-03 1.260645278812569728e-03 1.042333772745208855e-03
2.520658807860373329e+00 2.308607110434640012e-03 1.236074989631920015e-03 1.072532120802012663e-03
2.521770165939946295e+00 2.315489546854994883e-03 1.212629854661258222e-03 1.102859692194859461e-03
2.522881524019519706e+00 2.326809732244258279e-03 1.196498466404442677e-03 1.130311265840740643e-03
2.523992882099093116e+00 2.345073191297802288e-03 1.192700477878974553e-03 1.152372713421275213e-03
2.525104240178666082e+00 2.371694395507772078e-03 1.204258550560328815e-03 1.167435844947308605e-03
2.526215598258239492e+00 2.406762606511983656e-03 1.231697913372652598e-03 1.175064693139540959e-03
2.527326956337812458e+00 2.449025601183472435e-03 1.272956418503603734e-03 1.176069182681655249e-03
2.528438314417385868e+00 2.496094289917693068e-03 1.323720512595548057e-03 1.172373777321414259e-03
2.529549672496958834e+00 2.544834869593225711e-03 1.378132435531422353e-03 1.166702434062306427e-03
2.530661030576532244e+00 2.591884221221431826e-03 1.429752753931359463e-03 1.162131467289760113e-03
2.531772388656105655e+00 2.634203871870618129e-03 1.472620124747050369e-03 1.161583747122996602e-03
2.532883746735678621e+00 2.669581361233355592e-03 1.502233938013004463e-03 1.167347423220519830e-03
2.533995104815252031e+00 2.696996377151056161e-03 1.516297929085735213e-03 1.180698448065560773e-03
2.535106462894825441e+00 2.716791165694326833e-03 1.515101964189370307e-03 1.201689201506370760e-03
2.536217820974398407e+00 2.730616858628057055e-03 1.501478595676460949e-03 1.229138262952248362e-03
2.537329179053971817e+00 2.741164214598307801e-03 1.480340901908166334e-03 1.260823312692310738e-03
2.538440537133545227e+00 2.751722781657676802e-03 1.457877077995676542e-03 1.293845703663833863e-03
2.539551895213118193e+00 2.765640806417138994e-03 1.440533871212728613e-03 1.325106935205983341e-03
2.540663253292691603e+00 2.785774667710801122e-03 1.433955919779061287e-03 1.351818747931392024e-03
2.541774611372264570e+00 2.814018472229340428e-03 1.442055564717554432e-03 1.371962907514393286e-03
2.542885969451837980e+00 2.850991388024018934e-03 1.466366484554980539e-03 1.384624903470937050e-03
2.543997327531410946e+00 2.895934438195171736e-03 1.505788003736336419e-03 1.390146434458286060e-03
2.545108685610984356e+00 2.946834067405205287e-03 1.556762763332328499e-03 1.390071304073821562e-03
2.546220043690557766e+00 3.000752482021632438e-03 1.613859156340084582e-03 1.386893325682801194e-03
2.547331401770130732e+00 3.054310688394441461e-03 1.670663243741235711e-03 1.383647444655150809e-03
2.548442759849704142e+00 3.104244930259953197e-03 1.720833770150288766e-03 1.383411160110339239e-03
2.549554117929277552e+00 3.147945018184781021e-03 1.759146820434907138e-03 1.388798197750066438e-03
2.550665476008850518e+00 3.183885887231487945e-03 1.782358104113802161e-03 1.401527783118134210e-03
2.551776834088423929e+00 3.211881160210160874e-03 1.789740615547097402e-03 1.422140544666087095e-03
2.552888192167996895e+00 3.233116691764955503e-03 1.783208650627525482e-03 1.449908041138583611e-03
2.553999550247570305e+00 3.249958227761763716e-03 1.767007126359521063e-03 1.482951101403496858e-03
2.555110908327143715e+00 3.265564495617432391e-03 1.747016686522345590e-03 1.518547809096842342e-03
2.556222266406716681e+00 3.283369123078113197e-03 1.729788410269850977e-03 1.553580712808453473e-03
2.557333624486290091e+00 3.306516476971332018e-03 1.721466632938840283e-03 1.585049844033186491e-03
2.558444982565863057e+00 3.337344230863211695e-03 1.726777051901297148e-03 1.610567178963585519e-03
2.559556340645436467e+00 3.376997920780377364e-03 1.748246813939542243e-03 1.628751106840845096e-03
2.560667698725009878e+00 3.425241150991215500e-03 1.785785345774990908e-03 1.639455805216573272e-03
2.561779056804582844e+00 3.480492999582250700e-03 1.836695495891767053e-03 1.643797503689939810e-03
2.562890414884156254e+00 3.540086819999762550e-03 1.896113821729521719e-03 1.643972998271167173e-03
2.564001772963729664e+00 3.600708178430837153e-03 1.957808204074607157e-03 1.642899974356349258e-03
2.565113131043302630e+00 3.658940112689617469e-03 2.015202034938604753e-03 1.643738077752740934e-03
2.566224489122876040e+00 3.711826120982793763e-03 2.062456723915960868e-03 1.649369397067136905e-03
2.567335847202449006e+00 3.757358233936693506e-03 2.095434409886751462e-03 1.661923824049536987e-03
2.568447205282022416e+00 3.794809714199973150e-03 2.112382212007799659e-03 1.682427502192631891e-03
2.569558563361595827e+00 3.824857382913757209e-03 2.114224951778055292e-03 1.710632431139215599e-03
2.570669921441168793e+00 3.849473118256979687e-03 2.104417557459948782e-03 1.745055560797446371e-03
2.571781279520742203e+00 3.871602038078824411e-03 2.088380772027154803e-03 1.783221266053399128e-03
2.572892637600315169e+00 3.894680018169808296e-03 2.072612416263197241e-03 1.822067601907561684e-03
2.574003995679888579e+00 3.922069723280495641e-03 2.063620007104353948e-03 1.858449716178411145e-03
2.575115353759461989e+00 3.956507859754291798e-03 2.066850159843055309e-03 1.889657699912356686e-03
2.576226711839034955e+00 3.999654648685626972e-03 2.085790997117932186e-03 1.913863651567507002e-03
2.577338069918608365e+00 4.051819827215095808e-03 2.121395574565239882e-03 1.930424252650714614e-03
2.578449427998181775e+00 4.111910537004175373e-03 2.171921712560932402e-03 1.939988824443746474e-03
2.579560786077754742e+00 4.177610001348806487e-03 2.233215221427555311e-03 1.944394779923245675e-03
2.580672144157328152e+00 4.245757915509490443e-03 2.299390560438646126e-03 1.946367355073076039e-03
2.581783502236901118e+00 4.312870228736533952e-03 2.363797480433166287e-03 1.949072748304780164e-03
2.582894860316474528e+00 4.375712960579507781e-03 2.420114957717546880e-03 1.955598002863345210e-03
2.584006218396047938e+00 4.431835675517022816e-03 2.463392537819169420e-03 1.968443137697356397e-03
2.585117576475620904e+00 4.479976744025847106e-03 2.490867597452270724e-03 1.989109146575980275e-03
2.586228934555194314e+00 4.520273497810283446e-03 2.502423667332085572e-03 2.017849830478935999e-03
2.587340292634767280e+00 4.554242407111598785e-03 2.500613844643539627e-03 2.053628562468484166e-03
2.588451650714340690e+00 4.584532217780459135e-03 2.490244806586863237e-03 2.094287411194505327e-03
2.589563008793914101e+00 4.614490364212787271e-03 2.477589260689826156e-03 2.136901103523976796e-03
2.590674366873487067e+00 4.647613772765004855e-03 2.469355935896710291e-03 2.178257836869919133e-03
2.591785724953060477e+00 4.686974304015852424e-03 2.471586320788591012e-03 2.215387983228237195e-03
2.592897083032633887e+00 4.734713387835431074e-03 2.488659664512650905e-03 2.246053723324426855e-03
2.594008441112206853e+00 4.791689150689230209e-03 2.522570201283342011e-03 2.269118949408346735e-03
2.595119799191780263e+00 4.857334349399116888e-03 2.572595986053962877e-03 2.284738363345980607e-03
2.596231157271353229e+00 4.929748804595414022e-03 2.635414436645132363e-03 2.294334367952430113e-03
2.597342515350926639e+00 5.006011453898354981e-03 2.705646218311897125e-03 2.300365235586071880e-03
2.598453873430500050e+00 5.082660965655765549e-03 2.776738562658397254e-03 2.305922402998849315e-03
2.599565231510073016e+00 5.156266027349204126e-03 2.842043099217914093e-03 2.314222928133464943e-03
2.600676589589646426e+00 5.223991542489722292e-03 2.895911039322796032e-03 2.328080503167222898e-03
2.601787947669219392e+00 5.284067506174401803e-03 2.934625431974098586e-03 2.349442074199460575e-03
2.602899305748792802e+00 5.336083213249264746e-03 2.957016763183547420e-03 2.379066450066003122e-03
2.604010663828366212e+00 5.381058097051870208e-03 2.964660073488851327e-03 2.416398023563412663e-03
2.605122021907939178e+00 5.421277199320215234e-03 2.961620510034792923e-03 2.459656689285193328e-03
2.606233379987512588e+00 5.459918005852686627e-03 2.953788522577232949e-03 2.506129483276363975e-03
2.607344738067085999e+00 5.500529771898637552e-03 2.947913532433898975e-03 2.552616239467102571e-03
2.608456096146658965e+00 5.546450838687544405e-03 2.950494707509134732e-03 2.595956131178024130e-03
2.609567454226232375e+00 5.600259780709401433e-03 2.966711242067935055e-03 2.633548538642183252e-03
2.610678812305805341e+00 5.663350796977380079e-03 2.999568310548217549e-03 2.663782486428180243e-03
2.611790170385378751e+00 5.735703441129559946e-03 3.049399624716002833e-03 2.686303816415357322e-03
2.612901528464951717e+00 5.815884895433207080e-03 3.113809029090480393e-03 2.702075866345493571e-03
2.614012886544525127e+00 5.901284767892351832e-03 3.188061415861009537e-03 2.713223352031555232e-03
2.615124244624098537e+00 5.988544110773793942e-03 3.265859285526172447e-03 2.722684825250485524e-03
2.616235602703671503e+00 6.074108327246741795e-03 3.340377694915167353e-03 2.733730632332603133e-03
2.617346960783244914e+00 6.154813132769556064e-03 3.405387605946073870e-03 2.749425526823028564e-03
2.618458318862818324e+00 6.228407160324584378e-03 3.456282838175072508e-03 2.772124322150446019e-03
2.619569676942391290e+00 6.293925085777874080e-03 3.490841420406618975e-03 2.803083665373094779e-03
2.620681035021964700e+00 6.351849629590523502e-03 3.509595606330667000e-03 2.842254023260354368e-03
2.621792393101538110e+00 6.404035457264325992e-03 3.515749056840704323e-03 2.888286400424070963e-03
2.622903751181111076e+00 6.453407157080329193e-03 3.514654145459770833e-03 2.938753011621915347e-03
2.624015109260684486e+00 6.503480684973791948e-03 3.512934780452817499e-03 2.990545904522208271e-03
2.625126467340257452e+00 6.557786799708986876e-03 3.517398621814787733e-03 3.040388177894875251e-03
2.626237825419830862e+00 6.619291260911598987e-03 3.533917457718364647e-03 3.085373803192293252e-03
2.627349183499403829e+00 6.689907232106473076e-03 3.566460013022808122e-03 3.123447219084516269e-03
2.628460541578977239e+00 6.770180289331850787e-03 3.616436641412795489e-03 3.153743647917855303e-03
2.629571899658550649e+00 6.859198134740548958e-03 3.682464243740498581e-03 3.176733891003041908e-03
2.630683257738123615e+00 6.954740194434349751e-03 3.760590731024290000e-03 3.194149463410631776e-03
2.631794615817697025e+00 7.053642806998032359e-03 3.844942751334281747e-03 3.208700055665132753e-03
2.632905973897270435e+00 7.152320178873745014e-03 3.928690659801056112e-03 3.223629519074144335e-03
2.634017331976843401e+00 7.247355549419147794e-03 4.005172320866154378e-03 3.242183228554103205e-03
2.635128690056416811e+00 7.336065325651498943e-03 4.068990945128414527e-03 3.267074380521966387e-03
2.636240048135989777e+00 7.416943257698388296e-03 4.116906163104989622e-03 3.300037094593574315e-03
2.637351406215563188e+00 7.489911344070539559e-03 4.148371310126209091e-03 3.341540033944726852e-03
2.638462764295136598e+00 7.556335875513220043e-03 4.165627929951946917e-03 3.390707945561158634e-03
2.639574122374709564e+00 7.618805640735684323e-03 4.173341276725060084e-03 3.445464364010284667e-03
2.640685480454282974e+00 7.680708479860902382e-03 4.177836149738644103e-03 3.502872330122296443e-03
2.641796838533855940e+00 7.745675634425925465e-03 4.186058296890187228e-03 3.559617337536192735e-03
2.642908196613429350e+00 7.816985218670512506e-03 4.204432003137430554e-03 3.612553215534341361e-03
2.644019554693002760e+00 7.897023008259951293e-03 4.237801839228839441e-03 3.659221169031837834e-03
2.645130912772575726e+00 7.986889452660062699e-03 4.288632979185946423e-03 3.698256473474824044e-03
2.646242270852149137e+00 8.086217872978064547e-03 4.356602189482888798e-03 3.729615683494935923e-03
2.647353628931722547e+00 8.193234127508454076e-03 4.438647469778789212e-03 3.754586657731148486e-03
2.648464987011295513e+00 8.305048305492571115e-03 4.529468905440757129e-03 3.775579400050993895e-03
2.649576345090868923e+00 8.418130781143810457e-03 4.622398981011741244e-03 3.795731800135331360e-03
2.650687703170441889e+00 8.528894518815596792e-03 4.710499631977647234e-03 3.818394886840693024e-03
2.651799061250015299e+00 8.634287894582936412e-03 4.787705746494024320e-03 3.846582148090233952e-03
2.652910419329588709e+00 8.732300408826065147e-03 4.849826885042691701e-03 3.882473523783888658e-03
2.654021777409161675e+00 8.822297848032128673e-03 4.895242024793052329e-03 3.927055823238843023e-03
2.655133135488735086e+00 8.905131399775794224e-03 4.925172409140369384e-03 3.979958990637604520e-03
2.656244493568308052e+00 8.983002354870288017e-03 4.943486859708948536e-03 4.039515495162419347e-03
2.657355851647881462e+00 9.059104245349884621e-03 4.956070812403088298e-03 4.103033432947119849e-03
2.658467209727454872e+00 9.137100950172002273e-03 4.969862220512591064e-03 4.167238729660501483e-03
2.659578567807027838e+00 9.220526406936570968e-03 4.991712486014186073e-03 4.228813920925108411e-03
2.660689925886601248e+00 9.312204618378906382e-03 5.027259647344221698e-03 4.284944971034808717e-03
2.661801283966174658e+00 9.413785467414465674e-03 5.079999344237763267e-03 4.333786123177920183e-03
2.662912642045747624e+00 9.525472948078230612e-03 5.150706825762395649e-03 4.374766122315990220e-03
2.664024000125321034e+00 9.645990872300612071e-03 5.237305731607591608e-03 4.408685140693705679e-03
2.665135358204894001e+00 9.772792094836927138e-03 5.335205986684203941e-03 4.437586108152818606e-03
2.666246716284467411e+00 9.902477223839800669e-03 5.438055964082122960e-03 4.464421259759564220e-03
2.667358074364040377e+00 1.003135424816999077e-02 5.538785791383737250e-03 4.492568456787852070e-03
2.668469432443613787e+00 1.015604720787948931e-02 5.630770553600788694e-03 4.525276654280995653e-03
2.669580790523187197e+00 1.027405381673470938e-02 5.708922137724056073e-03 4.565131679011117348e-03
2.670692148602760163e+00 1.038416019109919541e-02 5.770529906735587591e-03 4.613630284364339008e-03
2.671803506682333573e+00 1.048664421592674159e-02 5.815711449842201133e-03 4.670932766085584761e-03
2.672914864761906983e+00 1.058323376318772574e-02 5.847398620974095240e-03 4.735835142215271548e-03
2.674026222841479949e+00 1.067682627613380369e-02 5.870860451819395580e-03 4.805965824314125355e-03
2.675137580921053360e+00 1.077101552151801811e-02 5.892840758680560100e-03 4.878174762839190132e-03
2.676248939000626770e+00 1.086950312104920276e-02 5.920451803923382043e-03 4.949051317126585726e-03
2.677360297080199736e+00 1.097549155470403486e-02 5.960005742170130030e-03 5.015485812534369731e-03
2.678471655159773146e+00 1.109115852274251968e-02 6.015976098928300583e-03 5.075182423812945806e-03
2.679583013239346112e+00 1.121729930824876334e-02 6.090260415275675077e-03 5.127038892972787289e-03
2.680694371318919522e+00 1.135319625528319332e-02 6.181865876183296853e-03 5.171330379098903335e-03
2.681805729398492488e+00 1.149673717691905225e-02 6.287070293502873553e-03 5.209666883415705121e-03
2.682917087478065898e+00 1.164476356014639176e-02 6.400032642652371366e-03 5.244730917493259717e-03
2.684028445557639309e+00 1.179359157446457744e-02 6.513753306192663836e-03 5.279838268271660334e-03
2.685139803637212275e+00 1.193962035760493673e-02 6.621226457860786632e-03 5.318393899743434523e-03
2.686251161716785685e+00 1.207992755430803075e-02 6.716595150354789934e-03 5.363332403953397810e-03
2.687362519796359095e+00 1.221275403291412209e-02 6.796118939258887978e-03 5.416635093655570651e-03
2.688473877875932061e+00 1.233779780239023689e-02 6.858794450273167365e-03 5.479003352114873368e-03
2.689585235955505471e+00 1.245626844452392065e-02 6.906526192048487861e-03 5.549742252476921184e-03
2.690696594035078881e+00 1.257069273178175635e-02 6.943818807614447579e-03 5.626873924167864749e-03
2.691807952114651847e+00 1.268450305231527339e-02 6.977040703822615965e-03 5.707462348493487492e-03
2.692919310194225258e+00 1.280147607164223295e-02 7.013379644181198108e-03 5.788096427460829273e-03
2.694030668273798224e+00 1.292511382095452507e-02 7.059661791995651414e-03 5.865452028959791328e-03
2.695142026353371634e+00 1.305806902381140451e-02 7.121228439312296023e-03 5.936840584500260344e-03
2.696253384432944600e+00 1.320170934571722292e-02 7.201055459567493912e-03 6.000653886150270240e-03
2.697364742512518010e+00 1.335589252625318454e-02 7.299260848721702416e-03 6.056631677533296648e-03
2.698476100592091420e+00 1.351898974492660513e-02 7.413082048656874194e-03 6.105907696270482937e-03
2.699587458671664386e+00 1.368815376244072839e-02 7.537327529493078639e-03 6.150826232948802472e-03
2.700698816751237796e+00 1.385978807570432958e-02 7.665229030855242806e-03 6.194559044850224752e-03
2.701810174830811206e+00 1.403014016545510792e-02 7.789554782482027706e-03 6.240585382973700378e-03
2.702921532910384173e+00 1.419592136817662137e-02 7.903800837967973544e-03 6.292120530209221151e-03
2.704032890989957583e+00 1.435485137352410234e-02 8.003264508749779668e-03 6.351586864773483936e-03
2.705144249069530993e+00 1.450603760236715556e-02 8.085822989581197690e-03 6.420214612784739226e-03
2.706255607149103959e+00 1.465012676886277669e-02 8.152288526946424585e-03 6.497838241916867319e-03
2.707366965228677369e+00 1.478920334067542267e-02 8.206280997479161593e-03 6.582922343197056443e-03
2.708478323308250335e+00 1.492645124160713564e-02 8.253638123630561291e-03 6.672813117976937776e-03
2.709589681387823745e+00 1.506563414242675057e-02 8.301459706798196975e-03 6.764174435629209323e-03
2.710701039467396711e+00 1.521047963341674684e-02 8.356942661528152586e-03 6.853536971890542354e-03
2.711812397546970121e+00 1.536406852187879174e-02 8.426198319088159736e-03 6.937870202792822960e-03
2.712923755626543532e+00 1.552832980185143985e-02 8.513246682479734539e-03 7.015083119373017630e-03
2.714035113706116498e+00 1.570372459180769190e-02 8.619353481749678081e-03 7.084371110060240333e-03
2.715146471785689908e+00 1.588917134409070786e-02 8.742819693335991682e-03 7.146351650756201102e-03
2.716257829865263318e+00 1.608222498019958729e-02 8.879258860464639760e-03 7.202966119737792480e-03
2.717369187944836284e+00 1.627948081266651983e-02 9.022317289139367147e-03 7.257163523531039336e-03
2.718480546024409694e+00 1.647713705931788675e-02 9.164719208390370922e-03 7.312417850927090818e-03
2.719591904103983104e+00 1.667162354240476693e-02 9.299465294174013089e-03 7.372158248228455335e-03
2.720703262183556070e+00 1.686019313193831345e-02 9.420987442132365899e-03 7.439205689807175739e-03
2.721814620263129481e+00 1.704137847497002450e-02 9.526069574735751902e-03 7.515308900233446873e-03
2.722925978342702447e+00 1.721523859487673544e-02 9.614382502403784683e-03 7.600856092471978444e-03
2.724037336422275857e+00 1.738335443765919724e-02 9.688544173613629004e-03 7.694810264046848466e-03
2.725148694501848823e+00 1.754857372995571527e-02 9.753694668996920614e-03 7.794879060960359374e-03
2.726260052581422233e+00 1.771454680124653902e-02 9.816655184454382843e-03 7.897891616792019134e-03
2.727371410660995643e+00 1.788512951606931883e-02 9.884808865171356568e-03 8.000320650901011910e-03
2.728482768740568609e+00 1.806375146734689671e-02 9.964887375049700027e-03 8.098864092297628631e-03
2.729594126820142019e+00 1.825285345574961110e-02 1.006186290011854348e-02 8.190990555631015579e-03
2.730705484899715429e+00 1.845348703100737134e-02 1.017812823933099062e-02 8.275358791677137060e-03
2.731816842979288396e+00 1.866514232291583211e-02 1.031310048374144833e-02 8.352041839175454105e-03
2.732928201058861806e+00 1.888583289240162652e-02 1.046331424352521869e-02 8.422518648876742633e-03
2.734039559138435216e+00 1.911242404269399703e-02 1.062298986506108288e-02 8.489434177633058132e-03
2.735150917218008182e+00 1.934115090567754131e-02 1.078498382935880011e-02 8.556167076316591874e-03
2.736262275297581148e+00 1.956824127141329472e-02 1.094196543006451319e-02 8.626275841347435386e-03
2.737373633377154558e+00 1.979054073332793193e-02 1.108762630196516441e-02 8.702914431362417103e-03
2.738484991456727968e+00 2.000603717085750952e-02 1.121772364226099675e-02 8.788313528596726140e-03
2.739596349536300934e+00 2.021419799743863141e-02 1.133078501968418951e-02 8.883412977754769763e-03
2.740707707615874344e+00 2.041606429617360066e-02 1.142835811181969717e-02 8.987706184356427513e-03
2.741819065695447755e+00 2.061408591203953838e-02 1.151476345578786829e-02 9.099322456252154079e-03
2.742930423775020721e+00 2.081172420947193999e-02 1.159639007512657492e-02 9.215334134344430050e-03
2.744041781854594131e+00 2.101288751452162068e-02 1.168064919069234688e-02 9.332238323830477703e-03
2.745153139934167541e+00 2.122129192943265560e-02 1.177475772850135848e-02 9.446534200930910286e-03
2.746264498013740507e+00 2.143985265788208097e-02 1.188455165895827351e-02 9.555300998923920222e-03
2.747375856093313917e+00 2.167020613531623480e-02 1.201352463192981862e-02 9.656681503388568968e-03
2.748487214172886883e+00 2.191244188998911838e-02 1.216225060766003632e-02 9.750191282329925130e-03
2.749598572252460293e+00 2.216508865810583317e-02 1.232828622418725983e-02 9.836802433919664482e-03
2.750709930332033260e+00 2.242535748281374725e-02 1.250656980951717068e-02 9.918787673299346921e-03
2.751821288411606670e+00 2.268960221355364668e-02 1.269025219786613576e-02 9.999350015688331442e-03
2.752932646491180080e+00 2.295392195520106621e-02 1.287182329733973368e-02 1.008209865786349399e-02
2.754044004570753046e+00 2.321480651322885974e-02 1.304434942655217922e-02 1.017045708667752013e-02
2.755155362650326456e+00 2.346971863353139454e-02 1.320261788469876026e-02 1.026710074883560586e-02
2.756266720729899866e+00 2.371751706361955800e-02 1.334400014835892406e-02 1.037351691526043271e-02
2.757378078809472832e+00 2.395865051164819057e-02 1.346889109921166339e-02 1.048975941243884651e-02
2.758489436889046242e+00 2.419509018694222108e-02 1.358065125313051048e-02 1.061443893381166549e-02
2.759600794968619653e+00 2.443001160008831038e-02 1.368506067430949949e-02 1.074495092578045194e-02
2.760712153048192619e+00 2.466727760590707585e-02 1.378937367369272374e-02 1.087790393221416477e-02
2.761823511127766029e+00 2.491080749069311470e-02 1.390112927749080109e-02 1.100967821320196667e-02
2.762934869207338995e+00 2.516393581168101939e-02 1.402691292528317722e-02 1.113702288639647348e-02
2.764046227286912405e+00 2.542886655872289223e-02 1.417127321817599622e-02 1.125759334054764541e-02
2.765157585366485371e+00 2.570631268710822995e-02 1.433597234836718817e-02 1.137034033873992635e-02
2.766268943446058781e+00 2.599538069559100689e-02 1.451969419889793424e-02 1.147568649669085047e-02
2.767380301525632191e+00 2.629371966847408870e-02 1.471825894730699642e-02 1.157546072116907160e-02
2.768491659605205157e+00 2.659791067930029895e-02 1.492530968441889080e-02 1.167260099488174815e-02
2.769603017684778568e+00 2.690403282725931794e-02 1.513335877389270119e-02 1.177067405336755523e-02
2.770714375764351978e+00 2.720831297606306209e-02 1.533502224440780326e-02 1.187329073165356401e-02
2.771825733843924944e+00 2.750775231833331794e-02 1.552423924787439853e-02 1.198351307046027769e-02
2.772937091923498354e+00 2.780062651691566841e-02 1.569727572359352896e-02 1.210335079332316120e-02
2.774048450003071764e+00 2.808677681306432847e-02 1.585334659516439079e-02 1.223343021789918827e-02
2.775159808082644730e+00 2.836764377003037074e-02 1.599475335423825723e-02 1.237289041579363313e-02
2.776271166162218140e+00 2.864603761912773439e-02 1.612651350679386239e-02 1.251952411233485038e-02
2.777382524241791106e+00 2.892568254331785368e-02 1.625554199268271910e-02 1.267014055063485529e-02
2.778493882321364516e+00 2.921060953021965140e-02 1.638951857207899751e-02 1.282109095814096614e-02
2.779605240400937483e+00 2.950449750205382318e-02 1.653562712395902426e-02 1.296887037809605833e-02
2.780716598480510893e+00 2.981007113205431241e-02 1.669937422679353481e-02 1.311069690525782858e-02
2.781827956560084303e+00 3.012865462517551329e-02 1.688368171121783223e-02 1.324497291395761514e-02
2.782939314639657269e+00 3.045995524533250814e-02 1.708840311447024779e-02 1.337155213086074247e-02
2.784050672719230679e+00 3.080211268308878994e-02 1.731034444348447665e-02 1.349176823960511473e-02
2.785162030798804089e+00 3.115200665701210042e-02 1.754378676579231716e-02 1.360821989121921254e-02
2.786273388878377055e+00 3.150577261558080988e-02 1.778142552365480009e-02 1.372434709192761962e-02
2.787384746957950465e+00 3.185944105562281414e-02 1.801557270546353534e-02 1.384386835015800551e-02
2.788496105037523876e+00 3.220959546832355413e-02 1.823942445801197965e-02 1.397017101031085284e-02
2.789607463117096842e+00 3.255394066520248680e-02 1.844818559628992952e-02 1.410575506891011480e-02
2.790718821196670252e+00 3.289168778872157001e-02 1.863986565095672107e-02 1.425182213776655417e-02
2.791830179276243218e+00 3.322369231499153197e-02 1.881561483564022502e-02 1.440807747935207717e-02
2.792941537355816628e+00 3.355232189278840871e-02 1.897954381589554707e-02 1.457277807689228745e-02
2.794052895435389594e+00 3.388107528399314505e-02 1.913805603393490054e-02 1.474301925005836594e-02
2.795164253514963004e+00 3.421401466809788350e-02 1.929880162936219168e-02 1.491521303873501875e-02
2.796275611594536414e+00 3.455510439482020746e-02 1.946942447232604192e-02 1.508567992249360348e-02
2.797386969674109380e+00 3.490756482278143530e-02 1.965630817525507862e-02 1.525125664752567840e-02
2.798498327753682791e+00 3.527334758497592537e-02 1.986352747280870773e-02 1.540982011216754377e-02
2.799609685833256201e+00 3.565281881851339874e-02 2.009217790841012069e-02 1.556064091010295192e-02
2.800721043912829167e+00 3.604470281956505262e-02 2.034019479203788214e-02 1.570450802752908562e-02
2.801832401992402577e+00 3.644629581743712154e-02 2.060269204795898285e-02 1.584360376947900259e-02
2.802943760071975987e+00 3.685391512948438253e-02 2.087276604937350274e-02 1.598114908011111571e-02
2.804055118151548953e+00 3.726351017063929405e-02 2.114263290776640519e-02 1.612087726287192435e-02
2.805166476231122363e+00 3.767133504028846724e-02 2.140491257658657873e-02 1.626642246370114953e-02
2.806277834310695329e+00 3.807457211680313758e-02 2.165384865002518283e-02 1.642072346677838496e-02
2.807389192390268740e+00 3.847180397710769917e-02 2.188626296876932525e-02 1.658554100833708328e-02
2.808500550469841706e+00 3.886325575481128919e-02 2.210208745952776249e-02 1.676116829528358568e-02
2.809611908549415116e+00 3.925076770202633181e-02 2.230438495811356073e-02 1.694638274391383620e-02
2.810723266628988526e+00 3.963750205061837562e-02 2.249885473117339829e-02 1.713864731944456793e-02
2.811834624708561492e+00 4.002743199236619837e-02 2.269290321978368122e-02 1.733452877258246858e-02
2.812945982788134902e+00 4.042469651826120780e-02 2.289443222209966433e-02 1.753026429616171694e-02
2.814057340867708312e+00 4.083292705098794106e-02 2.311054348853815860e-02 1.772238356245112167e-02
2.815168698947281278e+00 4.125465659852544514e-02 2.334637278410040331e-02 1.790828381442527081e-02
2.816280057026854688e+00 4.169090873696020688e-02 2.360424550887952472e-02 1.808666322808312119e-02
2.817391415106428099e+00 4.214103427718904338e-02 2.388329335067957901e-02 1.825774092650795169e-02
2.818502773186001065e+00 4.260282281020000977e-02 2.417959578754308100e-02 1.842322702265649162e-02
2.819614131265574031e+00 4.307287113260650085e-02 2.448682397456203655e-02 1.858604715804567861e-02
2.820725489345147441e+00 4.354714826283236084e-02 2.479728183086935336e-02 1.874986643196287217e-02
2.821836847424720851e+00 4.402166433129293954e-02 2.510317360536769987e-02 1.891849072592447986e-02
2.822948205504293817e+00 4.449313341975617841e-02 2.539788966590190988e-02 1.909524375385577427e-02
2.824059563583867227e+00 4.495952128655607283e-02 2.567709894309881669e-02 1.928242234345920250e-02
2.825170921663440637e+00 4.542038773020430631e-02 2.593946797057582188e-02 1.948091975962807504e-02
2.826282279743013603e+00 4.587696704151711380e-02 2.618688766333290840e-02 1.969007937818405968e-02
2.827393637822587014e+00 4.633197304368309732e-02 2.642416983514111334e-02 1.990780320854351748e-02
2.828504995902160424e+00 4.678916054790319135e-02 2.665826269483764430e-02 2.013089785306423560e-02
2.829616353981733390e+00 4.725271519655352415e-02 2.689711382385154281e-02 2.035560137270421219e-02
2.830727712061306800e+00 4.772657201014626066e-02 2.714836736371752796e-02 2.057820464642898250e-02
2.831839070140879766e+00 4.821377481334396947e-02 2.741810971014580628e-02 2.079566510319912770e-02
2.832950428220453176e+00 4.871598211317409999e-02 2.770987033163908528e-02 2.100611178153557676e-02
2.834061786300026142e+00 4.923320100400001287e-02 2.802404262089044570e-02 2.120915838310922369e-02
2.835173144379599552e+00 4.976379320150235014e-02 2.835782075125916485e-02 2.140597245024323733e-02
2.836284502459172963e+00 5.030475252302664402e-02 2.870566366815727188e-02 2.159908885486782129e-02
2.837395860538745929e+00 5.085220839494296319e-02 2.906021053587317868e-02 2.179199785906943063e-02
2.838507218618319339e+00 5.140207265404975884e-02 2.941349748142818576e-02 2.198857517262275962e-02
2.839618576697892749e+00 5.195072317502637954e-02 2.975827561146208305e-02 2.219244756356411261e-02
2.840729934777465715e+00 5.249561163353790028e-02 3.008921328313370405e-02 2.240639835040276334e-02
2.841841292857039125e+00 5.303569505395967776e-02 3.040378433207401726e-02 2.263191072188515743e-02
2.842952650936612535e+00 5.357161968863218687e-02 3.070269537897862833e-02 2.286892430965406509e-02
2.844064009016185501e+00 5.410562649633544191e-02 3.098978103468777445e-02 2.311584546164714010e-02
2.845175367095758912e+00 5.464119333883923207e-02 3.127138337312709848e-02 2.336980996571359770e-02
2.846286725175331878e+00 5.518247244886871627e-02 3.155531704141581462e-02 2.362715540745296758e-02
2.847398083254905288e+00 5.573361557802914562e-02 3.184958982150160045e-02 2.388402575652598392e-02
2.848509441334478254e+00 5.629809791469719826e-02 3.216108904496710330e-02 2.413700886973138213e-02
2.849620799414051664e+00 5.687815226453910022e-02 3.249445025978955903e-02 2.438370200474894445e-02
2.850732157493625074e+00 5.747440701127758123e-02 3.285129490395407442e-02 2.462311210732480785e-02
2.851843515573198040e+00 5.808578795516810417e-02 3.322996328062169380e-02 2.485582467454767672e-02
2.852954873652771450e+00 5.870970073895816904e-02 3.362578775566217593e-02 2.508391298329708599e-02
2.854066231732344860e+00 5.934246435041261314e-02 3.403186217803947505e-02 2.531060217237356136e-02
2.855177589811917827e+00 5.997992474686687780e-02 3.444018169182583994e-02 2.553974305504021561e-02
2.856288947891491237e+00 6.061814782053036310e-02 3.484296585621367293e-02 2.577518196431968084e-02
2.857400305971064647e+00 6.125407764872170535e-02 3.523394744478790946e-02 2.602013020393306730e-02
2.858511664050637613e+00 6.188605146989462069e-02 3.560941454331593287e-02 2.627663692657884048e-02
2.859623022130211023e+00 6.251408622292181638e-02 3.596883380772597505e-02 2.654525241519594889e-02
2.860734380209783989e+00 6.313988896286805430e-02 3.631495141611279509e-02 2.682493754675621678e-02
2.861845738289357399e+00 6.376658887279668120e-02 3.665335409152834650e-02 2.711323478126653058e-02
2.862957096368930365e+00 6.439823446113786265e-02 3.699156147697606201e-02 2.740667298416039552e-02
2.864068454448503775e+00 6.503913831298294146e-02 3.733779847540265318e-02 2.770133983758061441e-02
2.865179812528077186e+00 6.569317704598037766e-02 3.769964916363863910e-02 2.799352788234229714e-02
2.866291170607650152e+00 6.636316171920754459e-02 3.808281377895804398e-02 2.828034794025161697e-02
2.867402528687223562e+00 6.705038256726801593e-02 3.849017372064755804e-02 2.856020884662099218e-02
2.868513886766796972e+00 6.775440342287535056e-02 3.892131916722876145e-02 2.883308425564734892e-02
2.869625244846369938e+00 6.847314020970370063e-02 3.937261800900965919e-02 2.910052220069517942e-02
2.870736602925943348e+00 6.920321116082173152e-02 3.983781578867107154e-02 2.936539537215065998e-02
2.871847961005516758e+00 6.994050163383933039e-02 4.030906886480459250e-02 2.963143276903494258e-02
2.872959319085089724e+00 7.068085092977657857e-02 4.077824147248923503e-02 2.990260945728811029e-02
2.874070677164663135e+00 7.142074824053681881e-02 4.123825356441258860e-02 3.018249467612399428e-02
2.875182035244236101e+00 7.215792311799909542e-02 4.168425753900228264e-02 3.047366557899617787e-02
2.876293393323809511e+00 7.289173299935708394e-02 4.211444971135452908e-02 3.077728328800232241e-02
2.877404751403382477e+00 7.362328354865718683e-02 4.253038215497471214e-02 3.109290139368266204e-02
2.878516109482955887e+00 7.435526144665179082e-02 4.293672255909235236e-02 3.141853888755941071e-02
2.879627467562529297e+00 7.509150657209849589e-02 4.334050054040040206e-02 3.175100603169871138e-02
2.880738825642102263e+00 7.583639348446009898e-02 4.374996348638043181e-02 3.208642999807781448e-02
2.881850183721675673e+00 7.659412365748680118e-02 4.417322954304562371e-02 3.242089411444145503e-02
2.882961541801249084e+00 7.736804480789857830e-02 4.461695912560548899e-02 3.275108568229208317e-02
2.884072899880822050e+00 7.816010943132152555e-02 4.508526371096600871e-02 3.307484572035537806e-02
2.885184257960395460e+00 7.897056195813058344e-02 4.557903202839991286e-02 3.339152992972935913e-02
2.886295616039968870e+00 7.979790647844525742e-02 4.609578539379324824e-02 3.370212108465312634e-02
2.887406974119541836e+00 8.063916089909042850e-02 4.663008703585478504e-02 3.400907386323401976e-02
2.888518332199115246e+00 8.149035625760268908e-02 4.717443911175838583e-02 3.431591714584572572e-02
2.889629690278688212e+00 8.234719948899682507e-02 4.772052070385616324e-02 3.462667878513969039e-02
2.890741048358261622e+00 8.320579088791810185e-02 4.826056368708510347e-02 3.494522720083169387e-02
2.891852406437834588e+00 8.406327831039081544e-02 4.878864028599773361e-02 3.527463802439541329e-02
2.892963764517407999e+00 8.491834036302130240e-02 4.930165026350169510e-02 3.561669009951853176e-02
2.894075122596981409e+00 8.577141878527434760e-02 4.979984473837590492e-02 3.597157404689993454e-02
2.895186480676554375e+00 8.662466137415940348e-02 5.028679960607609217e-02 3.633786176808422724e-02
2.896297838756127785e+00 8.748158437557626566e-02 5.076884197489989897e-02 3.671274240067397276e-02
2.897409196835701195e+00 8.834650945513515541e-02 5.125402306628656229e-02 3.709248638885012661e-02
2.898520554915274161e+00 8.922386755107433731e-02 5.175080583530888151e-02 3.747306171576365863e-02
2.899631912994847571e+00 9.011748397154348278e-02 5.226668281279642225e-02 3.785080115874524948e-02
2.900743271074420981e+00 9.102996236115071249e-02 5.280695151207543542e-02 3.822301084907402113e-02
2.901854629153993947e+00 9.196226906762300368e-02 5.337384918683549945e-02 3.858841988078945406e-02
2.902965987233566914e+00 9.291358659792144092e-02 5.396618989958755497e-02 3.894739669833319901e-02
2.904077345313140324e+00 9.388146065084974901e-02 5.457956440200556480e-02 3.930189624884254662e-02
2.905188703392713734e+00 9.486221690458200573e-02 5.520707076629968735e-02 3.965514613828272084e-02
2.906300061472286700e+00 9.585157927541100575e-02 5.584045626989260491e-02 4.001112300551926820e-02
2.907411419551860110e+00 9.684538807548874473e-02 5.647148312755027877e-02 4.037390494793675899e-02
2.908522777631433520e+00 9.784029988297868186e-02 5.709329349967381950e-02 4.074700638330506358e-02
2.909634135711006486e+00 9.883435376508553638e-02 5.770154896006016859e-02 4.113280480502442410e-02
2.910745493790579896e+00 9.982731032753300315e-02 5.829515638093730329e-02 4.153215394659571374e-02
2.911856851870153307e+00 1.008207073415986199e-01 5.887645999881266357e-02 4.194424734278396488e-02
2.912968209949726273e+00 1.018176223074055142e-01 5.945086714858369148e-02 4.236675515882227377e-02
2.914079568029299683e+00 1.028221805880596001e-01 6.002596838241212179e-02 4.279621220564698569e-02
2.915190926108872649e+00 1.038388897453631915e-01 6.061029608288587278e-02 4.322859366247844976e-02
2.916302284188446059e+00 1.048719094943625640e-01 6.121192548283627133e-02 4.365998401152653557e-02
2.917413642268019025e+00 1.059243775047991609e-01 6.183714832773283543e-02 4.408722917706810185e-02
2.918525000347592435e+00 1.069979023012715830e-01 6.248943786533690120e-02 4.450846443593544505e-02
2.919636358427165845e+00 1.080923071916984057e-01 6.316887625632189307e-02 4.492343093537581877e-02
2.920747716506738811e+00 1.092056679545196224e-01 6.387213964138942213e-02 4.533352831313092884e-02
2.921859074586312222e+00 1.103346386992679756e-01 6.459304441904889504e-02 4.574159428021914303e-02
2.922970432665885632e+00 1.114750128295837334e-01 6.532356585283857764e-02 4.615144697674532226e-02
2.924081790745458598e+00 1.126224272049677483e-01 6.605516216189705192e-02 4.656726504307153597e-02
2.925193148825032008e+00 1.137730938307856682e-01 6.678018661881729434e-02 4.699290721196787424e-02
2.926304506904605418e+00 1.149244386477949187e-01 6.749315527509471002e-02 4.743128337270116623e-02
2.927415864984178384e+00 1.160755420608388377e-01 6.819166127371123487e-02 4.788388078712711715e-02
2.928527223063751794e+00 1.172273082957291795e-01 6.887678451851830808e-02 4.835052377720970573e-02
2.929638581143324760e+00 1.183823351929027129e-01 6.955292829424503109e-02 4.882940689865757772e-02
2.930749939222898170e+00 1.195445053212914471e-01 7.022710867086308373e-02 4.931739665042757237e-02
2.931861297302471137e+00 1.207183652236326760e-01 7.090781268677087690e-02 4.981055253686233336e-02
2.932972655382044547e+00 1.219083946097746785e-01 7.160361252567611079e-02 5.030478208409781132e-02
2.934084013461617957e+00 1.231182856162623962e-01 7.232176342406823610e-02 5.079652219219347314e-02
2.935195371541190923e+00 1.243503508003347274e-01 7.306701613399460560e-02 5.128333466633806792e-02
2.936306729620764333e+00 1.256051575401870013e-01 7.384083984753192498e-02 5.176431769265523591e-02
2.937418087700337743e+00 1.268814493938984211e-01 7.464118424496901660e-02 5.224026514893057721e-02
2.938529445779910709e+00 1.281763678107668836e-01 7.546282077311926295e-02 5.271354703764705857e-02
2.939640803859484119e+00 1.294859381424356415e-01 7.629820794118037652e-02 5.318773020125431433e-02
2.940752161939057530e+00 1.308057403071931080e-01 7.713873902487046463e-02 5.366700128232426009e-02
2.941863520018630496e+00 1.321316539103265242e-01 7.797616734077443545e-02 5.415548656955163770e-02
2.942974878098203906e+00 1.334605551734132645e-01 7.880397464878036162e-02 5.465658052462960687e-02
2.944086236177776872e+00 1.347908507573205295e-01 7.961845719629226381e-02 5.517239356102990322e-02
2.945197594257350282e+00 1.361227602424434080e-01 8.041935003212467847e-02 5.570341021031816747e-02
2.946308952336923248e+00 1.374583002915844288e-01 8.120988595815217814e-02 5.624841433343109182e-02
2.947420310416496658e+00 1.388009725968399333e-01 8.199627843633341961e-02 5.680469416050769327e-02
2.948531668496070068e+00 1.401552065290543880e-01 8.278671264470828517e-02 5.736849388434308444e-02
2.949643026575643034e+00 1.415256479243071353e-01 8.359001005674585039e-02 5.793563786756279754e-02
2.950754384655216445e+00 1.429164109668218108e-01 8.441418600515297743e-02 5.850222496166793129e-02
2.951865742734789855e+00 1.443304164258190636e-01 8.526513772376694000e-02 5.906527870205106889e-02
2.952977100814362821e+00 1.457689255061655476e-01 8.614567930418447206e-02 5.962324620197940322e-02
2.954088458893936231e+00 1.472313465430806212e-01 8.705508325046285023e-02 6.017626329261625828e-02
2.955199816973509641e+00 1.487153469572424502e-01 8.798920514996941278e-02 6.072614180727103211e-02
2.956311175053082607e+00 1.502172526449108148e-01 8.894117205074499044e-02 6.127608059416606717e-02
2.957422533132656017e+00 1.517326695792248770e-01 8.990252222465464071e-02 6.183014735457045136e-02
2.958533891212228983e+00 1.532572256549636913e-01 9.086460941202782748e-02 6.239261624293737651e-02
2.959645249291802394e+00 1.547873107980681506e-01 9.182004071051860783e-02 6.296727008754840482e-02
2.960756607371375360e+00 1.563206934092193912e-01 9.276391128301407496e-02 6.355678212620444190e-02
2.961867965450948770e+00 1.578569113495495724e-01 9.369463207701964058e-02 6.416227927253140284e-02
2.962979323530522180e+00 1.593973726263211155e-01 9.461421340573063221e-02 6.478315922059119103e-02
2.964090681610095146e+00 1.609451486407479093e-01 9.552795662321025838e-02 6.541719201753694313e-02
2.965202039689668556e+00 1.625044934805228991e-01 9.644360355172927612e-02 6.606088992879487198e-02
2.966313397769241966e+00 1.640801679400862023e-01 9.737008275254899203e-02 6.671008518753689109e-02
2.967424755848814932e+00 1.656766792737396632e-01 9.831605842357914182e-02 6.736062085015998013e-02
2.968536113928388342e+00 1.672975617819562055e-01 9.928852062710823156e-02 6.800904115484811274e-02
2.969647472007961753e+00 1.689448168372923997e-01 1.002916492050138914e-01 6.865316763228034025e-02
2.970758830087534719e+00 1.706186049082076273e-01 1.013261391000641887e-01 6.929246580814406309e-02
2.971870188167108129e+00 1.723172407855226573e-01 1.023890991414478369e-01 6.992814164407629152e-02
2.972981546246681095e+00 1.740374933458142537e-01 1.034745420806486849e-01 7.056295126516494431e-02
2.974092904326254505e+00 1.757751409956904987e-01 1.045743862672827429e-01 7.120075472840739494e-02
2.975204262405827471e+00 1.775256917038744164e-01 1.056798048784400312e-01 7.184588682543414928e-02
2.976315620485400881e+00 1.792851492179039219e-01 1.067827010005857058e-01 7.250244821731660627e-02
2.977426978564974291e+00 1.810506992104725377e-01 1.078770656569899150e-01 7.317363355348227572e-02
2.978538336644547257e+00 1.828212020412964267e-01 1.089599946474008457e-01 7.386120739389571976e-02
2.979649694724120668e+00 1.845974104619385603e-01 1.100321958068818107e-01 7.456521465505533408e-02
2.980761052803694078e+00 1.863818757605686105e-01 1.110979018956624043e-01 7.528397386490763565e-02
2.981872410883267044e+00 1.881785571234839416e-01 1.121642020835809245e-01 7.601435503990278120e-02
2.982983768962840454e+00 1.899921979454403942e-01 1.132399008214629854e-01 7.675229712397658999e-02
2.984095127042413864e+00 1.918275713800745297e-01 1.143340910079148898e-01 7.749348037215837703e-02
2.985206485121986830e+00 1.936887192071825026e-01 1.154546758549118701e-01 7.823404335227092388e-02
2.986317843201559796e+00 1.955783094836414659e-01 1.166070828471969245e-01 7.897122663644315366e-02
2.987429201281133206e+00 1.974972191656181320e-01 1.177933821129391878e-01 7.970383705268006824e-02
2.988540559360706617e+00 1.994444110720945684e-01 1.190119554089263815e-01 8.043245566316764572e-02
2.989651917440279583e+00 2.014171262340941626e-01 1.202577715898079519e-01 8.115935464428682133e-02
2.990763275519852993e+00 2.034113607756657116e-01 1.215232247021878487e-01 8.188813607347572576e-02
2.991874633599426403e+00 2.054225495405606061e-01 1.227993981197888357e-01 8.262315142077260310e-02
2.992985991678999369e+00 2.074463444584682403e-01 1.240775477063497528e-01 8.336879675212065244e-02
2.994097349758572779e+00 2.094793597922048056e-01 1.253505604909669335e-01 8.412879930123742800e-02
2.995208707838146189e+00 2.115197615785727736e-01 1.266141488554455574e-01 8.490561272312333041e-02
2.996320065917719155e+00 2.135676039559723238e-01 1.278675832593710593e-01 8.570002069659905797e-02
2.997431423997292566e+00 2.156248565256525251e-01 1.291138420648403340e-01 8.651101446081126134e-02
2.998542782076865532e+00 2.176951176250135900e-01 1.303591526957093016e-01 8.733596492930353894e-02
2.999654140156438942e+00 2.197830600639379406e-01 1.316119984627434070e-01 8.817106160119694835e-02
3.000765498236011908e+00 2.218936999815294964e-01 1.328817534352013940e-01 8.901194654632792191e-02
3.001876856315585318e+00 2.240316087427526859e-01 1.341771692223605039e-01 8.985443952039309790e-02
3.002988214395158728e+00 2.262001973643281427e-01 1.355049622700098266e-01 9.069523509431892672e-02
3.004099572474731694e+00 2.284011912250681897e-01 1.368687341383157396e-01 9.153245708675276926e-02
3.005210930554305104e+00 2.306343816702116356e-01 1.382684027892677747e-01 9.236597888094293107e-02
3.006322288633878514e+00 2.328976956564890732e-01 1.397002390679051020e-01 9.319745658858327730e-02
3.007433646713451481e+00 2.351875722691681159e-01 1.411575030700646383e-01 9.403006919910325556e-02
3.008545004793024891e+00 2.374995843784677430e-01 1.426315763029638306e-01 9.486800807550582748e-02
3.009656362872598301e+00 2.398292032247198446e-01 1.441134037379591670e-01 9.571579948675999761e-02
3.010767720952171267e+00 2.421725800201553480e-01 1.455950085350727063e-01 9.657757148508230860e-02
3.011879079031744677e+00 2.445272156623918280e-01 1.470708298899195410e-01 9.745638577247106582e-02
3.012990437111317643e+00 2.468924079066811550e-01 1.485386632239496241e-01 9.835374468272985171e-02
3.014101795190891053e+00 2.492694018696840763e-01 1.500000471384186906e-01 9.926935473126406728e-02
3.015213153270464019e+00 2.516612185535468948e-01 1.514600325107936241e-01 1.002011860427527851e-01
3.016324511350037429e+00 2.540721891595739690e-01 1.529263708832798441e-01 1.011458182762915298e-01
3.017435869429610840e+00 2.565072715668267334e-01 1.544082551327334019e-01 1.020990164340939282e-01
3.018547227509183806e+00 2.589712614579343652e-01 1.559148195081237476e-01 1.030564419498108536e-01
3.019658585588757216e+00 2.614680282030103498e-01 1.574536462216777066e-01 1.040143819813315190e-01
3.020769943668330626e+00 2.639999018197224934e-01 1.590295252077705834e-01 1.049703766119529230e-01
3.021881301747903592e+00 2.665673126892813549e-01 1.606436724269317828e-01 1.059236402623501411e-01
3.022992659827477002e+00 2.691687442427560528e-01 1.622935369054032129e-01 1.068752073373525763e-01
3.024104017907050412e+00 2.718010073380515146e-01 1.639732298845767433e-01 1.078277774534741468e-01
3.025215375986623378e+00 2.744597919912833972e-01 1.656745069183174213e-01 1.087852850729649629e-01
3.026326734066196789e+00 2.771404062514773448e-01 1.673881423907812582e-01 1.097522638606970302e-01
3.027438092145769755e+00 2.798385808931401209e-01 1.691054708129797746e-01 1.107331100801618590e-01
3.028549450225343165e+00 2.825512074121675488e-01 1.708198411868970534e-01 1.117313662252693851e-01
3.029660808304916131e+00 2.852768874358177498e-01 1.725277444044872044e-01 1.127491430313290743e-01
3.030772166384489541e+00 2.880162024044278235e-01 1.742294269280402486e-01 1.137867754763872002e-01
3.031883524464062951e+00 2.907716582247732995e-01 1.759288881743474309e-01 1.148427700504246612e-01
3.032994882543635917e+00 2.935473130226969873e-01 1.776332603125592713e-01 1.159140527101370360e-01
3.034106240623209327e+00 2.963481483460989052e-01 1.793516709275762011e-01 1.169964774185236756e-01
3.035217598702782738e+00 2.991792865847471838e-01 1.810937744394598703e-01 1.180855121452872025e-01
3.036328956782355704e+00 3.020451829687798018e-01 1.828681931921109505e-01 1.191769897766691566e-01
3.037440314861929114e+00 3.049489250277944152e-01 1.846811245969192661e-01 1.202678004308735671e-01
3.038551672941502524e+00 3.078917550428303396e-01 1.865353440015993791e-01 1.213564110412293506e-01
3.039663031021075490e+00 3.108728946106344981e-01 1.884297683544333135e-01 1.224431262561997691e-01
3.040774389100648900e+00 3.138897009156579321e-01 1.903596538039714348e-01 1.235300471116849430e-01
3.041885747180221866e+00 3.169381297960622845e-01 1.923173961936953946e-01 1.246207336023663070e-01
3.042997105259795276e+00 3.200134301586426977e-01 1.942938041073044575e-01 1.257196260513381847e-01
3.044108463339368242e+00 3.231109560741456388e-01 1.962796360604849855e-01 1.268313200136607921e-01
3.045219821418941653e+00 3.262269632867351721e-01 1.982671495141383744e-01 1.279598137725954099e-01
3.046331179498515063e+00 3.293592591680211124e-01 2.002514069138424946e-01 1.291078522541777573e-01
3.047442537578088029e+00 3.325075990018594996e-01 2.022311234291229720e-01 1.302764755727365276e-01
3.048553895657661439e+00 3.356737630193722954e-01 2.042089160666796799e-01 1.314648469526944474e-01
3.049665253737234849e+00 3.388613010108783574e-01 2.061909120853719080e-01 1.326703889255052282e-01
3.050776611816807815e+00 3.420749860156530597e-01 2.081857800165109462e-01 1.338892059991426131e-01
3.051887969896381225e+00 3.453200665323472029e-01 2.102033417498386236e-01 1.351167247825088846e-01
3.052999327975954635e+00 3.486014399981960943e-01 2.122529933980843442e-01 1.363484466001123607e-01
3.054110686055527601e+00 3.519228834371586068e-01 2.143421945361262404e-01 1.375806889010319223e-01
3.055222044135100568e+00 3.552864679767788192e-01 2.164752746080841339e-01 1.388111933686927979e-01
3.056333402214673978e+00 3.586922538503073965e-01 2.186527534940753137e-01 1.400395003562327489e-01
3.057444760294247388e+00 3.621383164546105871e-01 2.208712888866449786e-01 1.412670275679635268e-01
3.058556118373820354e+00 3.656210995796124741e-01 2.231242600699794021e-01 1.424968395096337104e-01
3.059667476453393764e+00 3.691360380165177313e-01 2.254028928634335682e-01 1.437331451530816651e-01
3.060778834532967174e+00 3.726783472765590188e-01 2.276977411567682463e-01 1.449806061197896345e-01
3.061890192612540140e+00 3.762438504510892123e-01 2.300002813709991489e-01 1.462435690800887311e-01
3.063001550692113550e+00 3.798297059174022827e-01 2.323043571269237106e-01 1.475253487904789884e-01
3.064112908771686961e+00 3.834349157236000005e-01 2.346072356129745018e-01 1.488276801106232783e-01
3.065224266851259927e+00 3.870605304546321235e-01 2.369101007104508771e-01 1.501504297441821345e-01
3.066335624930833337e+00 3.907095162978121983e-01 2.392179004627282002e-01 1.514916158350830544e-01
3.067446983010406303e+00 3.943863056896930175e-01 2.415385727770223978e-01 1.528477329126683160e-01
3.068558341089979713e+00 3.980961051654057781e-01 2.438817758239429367e-01 1.542143293414613425e-01
3.069669699169552679e+00 4.018440742325062320e-01 2.462573315437798227e-01 1.555867426887263261e-01
3.070781057249126089e+00 4.056345105913857219e-01 2.486736384174728365e-01 1.569608721739142454e-01
3.071892415328699499e+00 4.094701762456910421e-01 2.511363152764430340e-01 1.583338609692502841e-01
3.073003773408272465e+00 4.133518760640800815e-01 2.536473003837059204e-01 1.597045756803736338e-01
3.074115131487845876e+00 4.172783589162032958e-01 2.562045554184333995e-01 1.610738034977692579e-01
3.075226489567419286e+00 4.212465584015258058e-01 2.588024245451200911e-01 1.624441338564070469e-01
3.076337847646992252e+00 4.252521341570906777e-01 2.614325907936704829e-01 1.638195433634227483e-01
3.077449205726565662e+00 4.292902250044980383e-01 2.640854732930921211e-01 1.652047517114076935e-01
3.078560563806139072e+00 4.333562899979724881e-01 2.667518357852450284e-01 1.666044542127256556e-01
3.079671921885712038e+00 4.374468986061515463e-01 2.694243414121443303e-01 1.680225571940076323e-01
3.080783279965285448e+00 4.415603392987664244e-01 2.720987969568874343e-01 1.694615423418778521e-01
3.081894638044858414e+00 4.456969454481856108e-01 2.747748802844006133e-01 1.709220651637838317e-01
3.083005996124431825e+00 4.498590838610894149e-01 2.774562294417549091e-01 1.724028544193331458e-01
3.084117354204004791e+00 4.540508068178600309e-01 2.801498768646381032e-01 1.739009299532218444e-01
3.085228712283578201e+00 4.582772240741677661e-01 2.828651201355862899e-01 1.754121039385818925e-01
3.086340070363151611e+00 4.625436977047960863e-01 2.856120139596773355e-01 1.769316837451189450e-01
3.087451428442724577e+00 4.668549922599188329e-01 2.883997310556511984e-01 1.784552612042670794e-01
3.088562786522297987e+00 4.712145205295992234e-01 2.912350620323096995e-01 1.799794584972859157e-01
3.089674144601871397e+00 4.756238099214464832e-01 2.941213022368919239e-01 1.815025076845531438e-01
3.090785502681444363e+00 4.800822784997539894e-01 2.970577105362774972e-01 1.830245679634775746e-01
3.091896860761017773e+00 4.845873589801769632e-01 3.000396312990235570e-01 1.845477276811524625e-01
3.093008218840591184e+00 4.891349517428089100e-01 3.030592618367500268e-01 1.860756899060558300e-01
3.094119576920164150e+00 4.937201336298309151e-01 3.061069411527783668e-01 1.876131924770535198e-01
3.095230934999737560e+00 4.983380068900217230e-01 3.091727495745737464e-01 1.891652573154488648e-01
3.096342293079310526e+00 5.029845491360226406e-01 3.122481569709117388e-01 1.907363921651111793e-01
3.097453651158883936e+00 5.076573245262098188e-01 3.153274484266408995e-01 1.923298760995690304e-01
3.098565009238456902e+00 5.123559387364238216e-01 3.184086920265167264e-01 1.939472467099067066e-01
3.099676367318030312e+00 5.170821620398936558e-01 3.214940880259666844e-01 1.955880740139286922e-01
3.100787725397603722e+00 5.218396991459397505e-01 3.245896399776487806e-01 1.972500591682907478e-01
3.101899083477176688e+00 5.266336424495478008e-01 3.277041997359582126e-01 1.989294427135910315e-01
3.103010441556750099e+00 5.314696974808309493e-01 3.308480413785143126e-01 2.006216561023148048e-01
3.104121799636323509e+00 5.363533070182698870e-01 3.340311969714467866e-01 2.023221100468220457e-01
3.105233157715896475e+00 5.412888173062855302e-01 3.372618268833877941e-01 2.040269904228974307e-01
3.106344515795469885e+00 5.462788232481085027e-01 3.405448923782827819e-01 2.057339308698255820e-01
3.107455873875043295e+00 5.513238003525580133e-01 3.438813491987451898e-01 2.074424511538122962e-01
3.108567231954616261e+00 5.564220843293679053e-01 3.472679957477251000e-01 2.091540885816414175e-01
3.109678590034189671e+00 5.615702022219651868e-01 3.506980021988041485e-01 2.108722000231608440e-01
3.110789948113762637e+00 5.667635011968599201e-01 3.541620350161020503e-01 2.126014661807583417e-01
3.111901306193336048e+00 5.719969720757343001e-01 3.576497933290597175e-01 2.143471787466739997e-01
3.113012664272909014e+00 5.772661324891595891e-01 3.611517055480931715e-01 2.161144269410656404e-01
3.114124022352482424e+00 5.825678244850549525e-01 3.646605077846110099e-01 2.179073167004443312e-01
3.115235380432055834e+00 5.879007952421372307e-01 3.681724445573422155e-01 2.197283506847925727e-01
3.116346738511628800e+00 5.932659649973505145e-01 3.716878939118676839e-01 2.215780710854819979e-01
3.117458096591202210e+00 5.986663376048700913e-01 3.752113133972812542e-01 2.234550242075885040e-01
3.118569454670775620e+00 6.041065678943027262e-01 3.787505148861071702e-01 2.253560530081940572e-01
3.119680812750348586e+00 6.095922565308489194e-01 3.823153866684396718e-01 2.272768698624092476e-01
3.120792170829921996e+00 6.151290880921288506e-01 3.859162724277794831e-01 2.292128156643477299e-01
3.121903528909495407e+00 6.207219541292785525e-01 3.895622735657272573e-01 2.311596805635505458e-01
3.123014886989068373e+00 6.263742057472519997e-01 3.932597544621102004e-01 2.331144512851430206e-01
3.124126245068641783e+00 6.320871592166984465e-01 3.970112973905126630e-01 2.350758618261845068e-01
3.125237603148214749e+00 6.378599367273931620e-01 4.008152802696777761e-01 2.370446564577150528e-01
3.126348961227788159e+00 6.436896693872032893e-01 4.046661482485711114e-01 2.390235211386324554e-01
3.127460319307361125e+00 6.495720299863751990e-01 4.085553360536302026e-01 2.410166939327441915e-01
3.128571677386934535e+00 6.555020086877287877e-01 4.124726908297823291e-01 2.430293178579473190e-01
3.129683035466507945e+00 6.614748046264588011e-01 4.164081625361261696e-01 2.450666420903332421e-01
3.130794393546080912e+00 6.674866870561663168e-01 4.203534844753246680e-01 2.471332025808411492e-01
3.131905751625654322e+00 6.735356843853346209e-01 4.243035676358189456e-01 2.492321167495151202e-01
3.133017109705227732e+00 6.796219874846011200e-01 4.282573791153184151e-01 2.513646083692823718e-01
3.134128467784800698e+00 6.857480004416472985e-01 4.322181593919556253e-01 2.535298410496907295e-01
3.135239825864374108e+00 6.919180298257021633e-01 4.361929417707451906e-01 2.557250880549575278e-01
3.136351183943947518e+00 6.981376629896804964e-01 4.401914521311547923e-01 2.579462108585240943e-01
3.137462542023520484e+00 7.044129371946246110e-01 4.442245692424733883e-01 2.601883679521508341e-01
3.138573900103093450e+00 7.107494359290886798e-01 4.483025985493581667e-01 2.624468373797291254e-01
3.139685258182666860e+00 7.171514609906585180e-01 4.524336434467726709e-01 2.647178175438865688e-01
3.140796616262240271e+00 7.236214166431746975e-01 4.566223424505020945e-01 2.669990741926718258e-01
3.141907974341813237e+00 7.301595074362650095e-01 4.608691808149134039e-01 2.692903266213508839e-01
3.143019332421386647e+00 7.367637997514309145e-01 4.651704908254036264e-01 2.715933089260271771e-01
3.144130690500960057e+00 7.434306372783725525e-01 4.695191416750320590e-01 2.739114956033419923e-01
3.145242048580533023e+00 7.501553422763627132e-01 4.739058061576527092e-01 2.762495361187097820e-01
3.146353406660106433e+00 7.569330872532359367e-01 4.783205961005044249e-01 2.786124911527305126e-01
3.147464764739679843e+00 7.637597934098985242e-01 4.827547972694432032e-01 2.810049961404539887e-01
3.148576122819252809e+00 7.706329075426342490e-01 4.872024175506550758e-01 2.834304899919792287e-01
3.149687480898826220e+00 7.775519288891019620e-01 4.916612924352741221e-01 2.858906364538277289e-01
3.150798838978399186e+00 7.845185984290006243e-01 4.961335643172117837e-01 2.883850341117883964e-01
3.151910197057972596e+00 7.915367186852309000e-01 5.006254550008943927e-01 2.909112636843355637e-01
3.153021555137545562e+00 7.986116329905301736e-01 5.051463672126884630e-01 2.934652657778407669e-01
3.154132913217118972e+00 8.057494494493909754e-01 5.097074616529799762e-01 2.960419877964109991e-01
3.155244271296692382e+00 8.129561371502334044e-01 5.143199429539043743e-01 2.986361941963280309e-01
3.156355629376265348e+00 8.202366435545519474e-01 5.189933364488232836e-01 3.012433071057277201e-01
3.157466987455838758e+00 8.275941788376746100e-01 5.237340398283051313e-01 3.038601390093666477e-01
3.158578345535412168e+00 8.350297857480132313e-01 5.285443890976269099e-01 3.064853966503860438e-01
3.159689703614985135e+00 8.425422667162013601e-01 5.334223940084963367e-01 3.091198727077060782e-01
3.160801061694558545e+00 8.501284811704836741e-01 5.383621881255735708e-01 3.117662930449105474e-01
3.161912419774131955e+00 8.577839649625813578e-01 5.433551209728770814e-01 3.144288439897043874e-01
3.163023777853704921e+00 8.655037705474392107e-01 5.483913136802421873e-01 3.171124568671955246e-01
3.164135135933278331e+00 8.732833898963939800e-01 5.534614227234946338e-01 3.198219671728987357e-01
3.165246494012851297e+00 8.811196081412379089e-01 5.585583214512630512e-01 3.225612866899728592e-01
3.166357852092424707e+00 8.890111470113495340e-01 5.636784219742917434e-01 3.253327250370580126e-01
3.167469210171997673e+00 8.969589914660150987e-01 5.688224186366559465e-01 3.281365728293585970e-01
3.168580568251571083e+00 9.049663449371699864e-01 5.739953291393170565e-01 3.309710157978522083e-01
3.169691926331144494e+00 9.130382197353587026e-01 5.792058248778797491e-01 3.338323948574781763e-01
3.170803284410717460e+00 9.211807293755022163e-01 5.844649592020100259e-01 3.367157701734904141e-01
3.171914642490290870e+00 9.294001989029322397e-01 5.897845017795123601e-01 3.396156971234177147e-01
3.173026000569864280e+00 9.377022395821106304e-01 5.951751526147825988e-01 3.425270869673269769e-01
3.174137358649437246e+00 9.460909404968722569e-01 6.006449296589634335e-01 3.454460108379088235e-01
3.175248716729010656e+00 9.545683106216168445e-01 6.061979958920516998e-01 3.483703147295643676e-01
3.176360074808584066e+00 9.631340638218959249e-01 6.118341197612043869e-01 3.512999440606909274e-01
3.177471432888157032e+00 9.717857827584720498e-01 6.175488586968537197e-01 3.542369240616189963e-01
3.178582790967729998e+00 9.805194350832935335e-01 6.233344362016453033e-01 3.571849988816480637e-01
3.179694149047303853e+00 9.893301569483193836e-01 6.291811683534199728e-01 3.601489885948985781e-01
3.180805507126876819e+00 9.982131743510098687e-01 6.350792044147508530e-01 3.631339699362583495e-01
3.181916865206449785e+00 1.007164709606425124e+00 6.410202937068756324e-01 3.661444158995486586e-01
3.183028223286023195e+00 1.016182722170507091e+00 6.469992857618259707e-01 3.691834364086798437e-01
3.184139581365596605e+00 1.025267359908455855e+00 6.530151140042615987e-01 3.722522459041935905e-01
3.185250939445169571e+00 1.034421044352948682e+00 6.590710978373518492e-01 3.753499465155993309e-01
3.186362297524742981e+00 1.043648173768174203e+00 6.651745101799946269e-01 3.784736635881796318e-01
3.187473655604316392e+00 1.052954491023958772e+00 6.713354787995465811e-01 3.816190122244128569e-01
3.188585013683889358e+00 1.062346218970144474e+00 6.775654002194608783e-01 3.847808187506818745e-01
3.189696371763462768e+00 1.071829104969033386e+00 6.838751263014869464e-01 3.879539786675459956e-01
3.190807729843036178e+00 1.081407531999645455e+00 6.902732222930094697e-01 3.911343097066347640e-01
3.191919087922609144e+00 1.091083843606389658e+00 6.967645846700324386e-01 3.943192589363540557e-01
3.193030446002182110e+00 1.100857995496641761e+00 7.033496490502729737e-01 3.975083464463683991e-01
3.194141804081755964e+00 1.110727593385276935e+00 7.100243222065164561e-01 4.007032711787604784e-01
3.195253162161328930e+00 1.120688313434066385e+00 7.167806535110580191e-01 4.039076599230082554e-01
3.196364520240901896e+00 1.130734638717530549e+00 7.236081394656205257e-01 4.071264992519098014e-01
3.197475878320475307e+00 1.140860792927073986e+00 7.304954503567963053e-01 4.103653425702753488e-01
3.198587236400048717e+00 1.151061719631749192e+00 7.374322978040508403e-01 4.136294218276986290e-01
3.199698594479621683e+00 1.161333947331298022e+00 7.444111377297349952e-01 4.169228096015619722e-01
3.200809952559195093e+00 1.171676198674661995e+00 7.514284292079427274e-01 4.202477694667177688e-01
3.201921310638768503e+00 1.182089643681708324e+00 7.584852416427499966e-01 4.236044020389585496e-01
3.203032668718341469e+00 1.192577754848363147e+00 7.655871090741480645e-01 4.269906457742156380e-01
3.204144026797914879e+00 1.203145787146649104e+00 7.727431537258094840e-01 4.304026334208421734e-01
3.205255384877488289e+00 1.213799967457922069e+00 7.799646209444469624e-01 4.338353465134742737e-01
3.206366742957061255e+00 1.224546525779768746e+00 7.872630646900411477e-01 4.372834610897279872e-01
3.207478101036634222e+00 1.235390726724972632e+00 7.946484806889395625e-01 4.407422460360334027e-01
3.208589459116208076e+00 1.246336060027360304e+00 8.021276936243511013e-01 4.442083664030075374e-01
3.209700817195781042e+00 1.257383722889811484e+00 8.097032636585733689e-01 4.476804592312365605e-01
3.210812175275354008e+00 1.268532479248570821e+00 8.173730927876503571e-01 4.511593864609215743e-01
3.211923533354927418e+00 1.279778919192848363e+00 8.251307968630905432e-01 4.546481223297585417e-01
3.213034891434500828e+00 1.291118076015297156e+00 8.329667833722262937e-01 4.581512926430700294e-01
3.214146249514073794e+00 1.302544299488482826e+00 8.408698589084375730e-01 4.616744405800449202e-01
3.215257607593647204e+00 1.314052241677525101e+00 8.488291028278818207e-01 4.652231388496451681e-01
3.216368965673220615e+00 1.325637792902864431e+00 8.568356993308932079e-01 4.688020935719708349e-01
3.217480323752793581e+00 1.337298813494657956e+00 8.648844265129588260e-01 4.724143869816965768e-01
3.218591681832366991e+00 1.349035540460770344e+00 8.729745568701017255e-01 4.760609835906698950e-01
3.219703039911940401e+00 1.360850601666216741e+00 8.811100202252412084e-01 4.797405814409744229e-01
3.220814397991513367e+00 1.372748634816339797e+00 8.892988012572219381e-01 4.834498335591156937e-01
3.221925756071086333e+00 1.384735573809908304e+00 8.975516698604640853e-01 4.871839039494443857e-01
3.223037114150659743e+00 1.396817720112301764e+00 9.058804526808973412e-01 4.909372674314037566e-01
3.224148472230233153e+00 1.409000752578975169e+00 9.142961301816283637e-01 4.947046223973461943e-01
3.225259830309806119e+00 1.421288839680451277e+00 9.228070728869813832e-01 4.984817667934711705e-01
3.226371188389379530e+00 1.433684001534833996e+00 9.314177080920977847e-01 5.022662934427353232e-01
3.227482546468952940e+00 1.446185828196351997e+00 9.401278378705012484e-01 5.060579903258501933e-01
3.228593904548525906e+00 1.458791601969654961e+00 9.489327221604035856e-01 5.098588798092492658e-01
3.229705262628099316e+00 1.471496804751366572e+00 9.578239146204649002e-01 5.136728901309024486e-01
3.230816620707672726e+00 1.484295927545381533e+00 9.667907145636995825e-01 5.175052129816818391e-01
3.231927978787245692e+00 1.497183448910801351e+00 9.758219961245750973e-01 5.213614527862256987e-01
3.233039336866819102e+00 1.510154820551920407e+00 9.849081128007916019e-01 5.252467077511294713e-01
3.234150694946392512e+00 1.523207296344687878e+00 9.940425621489131780e-01 5.291647341957746997e-01
3.235262053025965479e+00 1.536340466233129476e+00 1.003223134052357857e+00 5.331173321807697318e-01
3.236373411105538445e+00 1.549556404581946323e+00 1.012452350410044666e+00 5.371040541719050987e-01
3.237484769185111855e+00 1.562859405884907460e+00 1.021737120529734755e+00 5.411222853551704848e-01
3.238596127264685265e+00 1.576255348822660274e+00 1.031087665854813817e+00 5.451676829678475666e-01
3.239707485344258231e+00 1.589750791325323487e+00 1.040515888612963957e+00 5.492349027123580862e-01
3.240818843423831641e+00 1.603351944332195744e+00 1.050033451579378330e+00 5.533184927528175256e-01
3.241930201503405051e+00 1.617063692854067591e+00 1.059649885025854443e+00 5.574138078282117048e-01
3.243041559582978017e+00 1.630888826181455586e+00 1.069371033869567889e+00 5.615177923118858105e-01
3.244152917662551427e+00 1.644827605634913148e+00 1.079198103363141259e+00 5.656295022717698906e-01
3.245264275742124838e+00 1.658877743505750013e+00 1.089127464199612039e+00 5.697502793061371973e-01
3.246375633821697804e+00 1.673034799703411624e+00 1.099151253547493434e+00 5.738835461559177453e-01
3.247486991901270770e+00 1.687292934094364760e+00 1.109258677665366344e+00 5.780342564289979723e-01
3.248598349980844624e+00 1.701645893846330804e+00 1.119437805893465088e+00 5.822080879528646058e-01
3.249709708060417590e+00 1.716088075964120829e+00 1.129677564108257481e+00 5.864105118558636809e-01
3.250821066139990556e+00 1.730615492124395027e+00 1.139969601717310654e+00 5.906458904070832627e-01
3.251932424219563966e+00 1.745226478138350856e+00 1.150309725730906285e+00 5.949167524074430169e-01
3.253043782299137376e+00 1.759922031500542827e+00 1.160698665347470682e+00 5.992233661530677047e-01
3.254155140378710342e+00 1.774705720868575476e+00 1.171142039513736632e+00 6.035636813548382884e-01
3.255266498458283753e+00 1.789583181118989730e+00 1.181649530257222525e+00 6.079336508617656509e-01
3.256377856537857163e+00 1.804561275426233014e+00 1.192233394887863396e+00 6.123278805383682855e-01
3.257489214617430129e+00 1.819647060486083934e+00 1.202906558999814246e+00 6.167405014862678003e-01
3.258600572697003539e+00 1.834846723549875769e+00 1.213680601628590594e+00 6.211661219212860630e-01
3.259711930776576949e+00 1.850164664948286131e+00 1.224563962399372041e+00 6.256007025489122020e-01
3.260823288856149915e+00 1.865602876367872476e+00 1.235560664862279001e+00 6.300422115055950290e-01
3.261934646935722881e+00 1.881160717063417698e+00 1.246669766155055648e+00 6.344909509083608290e-01
3.263046005015296736e+00 1.896835125264801691e+00 1.257885624342640396e+00 6.389495009221614064e-01
3.264157363094869702e+00 1.912621230873508438e+00 1.269198940688234245e+00 6.434222901852735266e-01
3.265268721174442668e+00 1.928513269795075535e+00 1.280598406708053361e+00 6.479148630870220638e-01
3.266380079254016078e+00 1.944505650709433597e+00 1.292072686101856549e+00 6.524329646075781586e-01
3.267491437333589488e+00 1.960593999901382611e+00 1.303612406001764201e+00 6.569815938996170779e-01
3.268602795413162454e+00 1.976776013131494425e+00 1.315211829688105016e+00 6.615641834433875212e-01
3.269714153492735864e+00 1.993051974924614722e+00 1.326869934489294467e+00 6.661820404353198111e-01
3.270825511572309274e+00 2.009424859990135648e+00 1.338590715664224495e+00 6.708341443259082659e-01
3.271936869651882240e+00 2.025899999881023206e+00 1.350382663799005067e+00 6.755173360820184714e-01
3.273048227731455651e+00 2.042484369253545928e+00 1.362257498881615403e+00 6.802268703719298593e-01
3.274159585811029061e+00 2.059185608508347975e+00 1.374228366463758011e+00 6.849572420445885212e-01
3.275270943890602027e+00 2.076010942921697300e+00 1.386307790062894174e+00 6.897031528588021265e-01
3.276382301970174993e+00 2.092966175466650647e+00 1.398505714538459399e+00 6.944604609281903596e-01
3.277493660049748847e+00 2.110054918537545454e+00 1.410827960826866123e+00 6.992269577106785539e-01
3.278605018129321813e+00 2.127278190656501256e+00 1.423275345394874991e+00 7.040028452616240440e-01
3.279716376208894779e+00 2.144634444350808522e+00 1.435843608986260733e+00 7.087908353645480108e-01
3.280827734288468189e+00 2.162120020561300482e+00 1.448524166508869282e+00 7.135958540524303118e-01
3.281939092368041599e+00 2.179729954804388470e+00 1.461305555024173586e+00 7.184243997802128856e-01
3.283050450447614566e+00 2.197459002394825500e+00 1.474175341943535056e+00 7.232836604512906664e-01
3.284161808527187976e+00 2.215302713887094654e+00 1.487122179642192066e+00 7.281805342449026996e-01
3.285273166606761386e+00 2.233258383483389675e+00 1.500137668329114993e+00 7.331207151542751266e-01
3.286384524686334352e+00 2.251325713909633652e+00 1.513217720263826171e+00 7.381079936458102564e-01
3.287495882765907762e+00 2.269507087804270018e+00 1.526363200247146557e+00 7.431438875571243496e-01
3.288607240845481172e+00 2.287807400371918654e+00 1.539579736343153593e+00 7.482276640287623959e-01
3.289718598925054138e+00 2.306233480307538830e+00 1.552876731491266593e+00 7.533567488162735692e-01
3.290829957004627104e+00 2.324793193907572775e+00 1.566265738549068365e+00 7.585274553585040769e-01
3.291941315084200959e+00 2.343494379671196004e+00 1.579758466645360793e+00 7.637359130258329909e-01
3.293052673163773925e+00 2.362343788906239528e+00 1.593364748110876583e+00 7.689790407953647211e-01
3.294164031243346891e+00 2.381346207208710819e+00 1.607090802497111559e+00 7.742554047115993709e-01
3.295275389322920301e+00 2.400503902244553345e+00 1.620938085994729327e+00 7.795658162498217969e-01
3.296386747402493711e+00 2.419816489829786921e+00 1.634902918755578360e+00 7.849135710742098926e-01
3.297498105482066677e+00 2.439281241643107556e+00 1.648976954906303360e+00 7.903042867368045288e-01
3.298609463561640087e+00 2.458893785297450396e+00 1.663148421402616206e+00 7.957453638948335239e-01
3.299720821641213497e+00 2.478649082895010736e+00 1.677403925141879082e+00 8.012451577531327640e-01
3.300832179720786463e+00 2.498542528245251582e+00 1.691730533844823414e+00 8.068119944004261690e-01
3.301943537800359874e+00 2.518570983229780680e+00 1.706117790679520851e+00 8.124531925502590513e-01
3.303054895879933284e+00 2.538733583630075508e+00 1.720559333035837302e+00 8.181742505942386501e-01
3.304166253959506250e+00 2.559032182510368791e+00 1.735053850655402741e+00 8.239783318549653846e-01
3.305277612039079216e+00 2.579471358774490408e+00 1.749605226897759325e+00 8.298661318767301953e-01
3.306388970118652626e+00 2.600057990002838437e+00 1.764221841449368444e+00 8.358361485534699931e-01
3.307500328198226036e+00 2.620800460346597749e+00 1.778915151109083936e+00 8.418853092375128133e-01
3.308611686277799002e+00 2.641707634286027062e+00 1.793697784584709298e+00 8.480098497013198733e-01
3.309723044357372412e+00 2.662787765524444961e+00 1.808581467766265272e+00 8.542062977581773575e-01
3.310834402436945823e+00 2.684047520813313437e+00 1.823575124318538743e+00 8.604723964947719184e-01
3.311945760516518789e+00 2.705491279312360220e+00 1.838683467845636965e+00 8.668078114667238099e-01
3.313057118596092199e+00 2.727120822316157600e+00 1.853906320912391825e+00 8.732145014037651087e-01
3.314168476675665609e+00 2.748935463356011688e+00 1.869238776108532951e+00 8.796966872474795140e-01
3.315279834755238575e+00 2.770932595514504548e+00 1.884672174867431327e+00 8.862604206470729995e-01
3.316391192834811541e+00 2.793108563368542629e+00 1.900195743908259738e+00 8.929128194602794499e-01
3.317502550914385395e+00 2.815459712815139515e+00 1.915798619438193739e+00 8.996610933769464413e-01
3.318613908993958361e+00 2.837983442147809843e+00 1.931471923868338880e+00 9.065115182794718507e-01
3.319725267073531327e+00 2.860679077157474381e+00 1.947210549726426487e+00 9.134685274310485603e-01
3.320836625153104738e+00 2.883548421915705262e+00 1.963014352557382214e+00 9.205340693583218270e-01
3.321947983232678148e+00 2.906595890568040907e+00 1.978888551313807032e+00 9.277073392542325436e-01
3.323059341312251114e+00 2.929828195104989597e+00 1.994843265252805642e+00 9.349849298521837326e-01
3.324170699391824524e+00 2.953253638203618081e+00 2.010892259234515755e+00 9.423613789691032139e-01
3.325282057471397934e+00 2.976881126572490821e+00 2.027051100997978583e+00 9.498300255745105725e-01
3.326393415550970900e+00 3.000719067755350355e+00 2.043335032663718742e+00 9.573840350916335007e-01
3.327504773630544310e+00 3.024774334098282225e+00 2.059756907940622828e+00 9.650174261576586199e-01
3.328616131710117720e+00 3.049051467993174835e+00 2.076325537943502830e+00 9.727259300496674532e-01
3.329727489789690686e+00 3.073552264016617741e+00 2.093044723312793565e+00 9.805075407038239543e-01
3.330838847869263653e+00 3.098275802405294765e+00 2.109913138966490465e+00 9.883626634388045229e-01
3.331950205948837507e+00 3.123218934436788885e+00 2.126925098449109264e+00 9.962938359876759575e-01
3.333061564028410473e+00 3.148377145850278502e+00 2.144072080311913542e+00 1.004305065538365627e+00
3.334172922107983439e+00 3.173745661712057409e+00 2.161344773023225141e+00 1.012400888688830269e+00
3.335284280187556849e+00 3.199320615496453080e+00 2.178735308367681256e+00 1.020585307128772046e+00
3.336395638267130259e+00 3.225100093402720969e+00 2.196239320531137018e+00 1.028860772871582396e+00
3.337506996346703225e+00 3.251084884105437833e+00 2.213857494656025438e+00 1.037227389449411508e+00
3.338618354426276635e+00 3.277278811205337927e+00 2.231596350425510078e+00 1.045682460779828293e+00
3.339729712505850046e+00 3.303688592958256454e+00 2.249468129920240589e+00 1.054220463038014532e+00
3.340841070585423012e+00 3.330323250402875690e+00 2.267489804381944030e+00 1.062833446020930994e+00
3.341952428664996422e+00 3.357193158222343321e+00 2.285681357777968437e+00 1.071511800444374440e+00
3.343063786744569832e+00 3.384308890506462664e+00 2.304063622635062369e+00 1.080245267871398962e+00
3.344175144824142798e+00 3.411680046482637785e+00 2.322656016114720057e+00 1.089024030367918172e+00
3.345286502903715764e+00 3.439314243796691706e+00 2.341474539731241755e+00 1.097839704065450173e+00
3.346397860983289618e+00 3.467216438585007054e+00 2.360530361828905743e+00 1.106686076756101533e+00
3.347509219062862584e+00 3.495388677026200597e+00 2.379829205147533155e+00 1.115559471878665887e+00
3.348620577142435550e+00 3.523830311270341298e+00 2.399371628399025624e+00 1.124458682871318116e+00
3.349731935222008961e+00 3.552538635467431760e+00 2.419154142717023781e+00 1.133384492750406647e+00
3.350843293301582371e+00 3.581509827834138182e+00 2.439170965573079553e+00 1.142338862261056409e+00
3.351954651381155337e+00 3.610740033896815859e+00 2.459416109165742270e+00 1.151323924731070703e+00
3.353066009460728747e+00 3.640226402711367992e+00 2.479885444934960770e+00 1.160340957776405224e+00
3.354177367540302157e+00 3.669967895941744995e+00 2.500578390028636910e+00 1.169389505913108529e+00
3.355288725619875123e+00 3.699965727939998228e+00 2.521498924729161040e+00 1.178466803210834746e+00
3.356400083699448533e+00 3.730223357152032904e+00 2.542655761736681175e+00 1.187567595415350841e+00
3.357511441779021943e+00 3.760746025019006566e+00 2.564061630404113945e+00 1.196684394614889957e+00
3.358622799858594909e+00 3.791539915477671219e+00 2.585731788031187861e+00 1.205808127446483802e+00
3.359734157938167876e+00 3.822611073360405509e+00 2.607682001425208007e+00 1.214929071935196614e+00
3.360845516017741730e+00 3.853964262505979566e+00 2.629926333247609271e+00 1.224037929258366297e+00
3.361956874097314696e+00 3.885601956979521265e+00 2.652475103808584755e+00 1.233126853170936510e+00
3.363068232176887662e+00 3.917523639129876223e+00 2.675333373600631504e+00 1.242190265529244275e+00
3.364179590256461072e+00 3.949725529316007844e+00 2.698500208817248947e+00 1.251225320498757565e+00
3.365290948336034482e+00 3.982200801889573594e+00 2.721968864759771289e+00 1.260231937129803415e+00
3.366402306415607448e+00 4.014940261925281639e+00 2.745727871211645521e+00 1.269212390713636562e+00
3.367513664495180858e+00 4.047933380448881735e+00 2.769762854361935922e+00 1.278170526086945369e+00
3.368625022574754269e+00 4.081169525286012956e+00 2.794058806444030374e+00 1.287110718841983026e+00
3.369736380654327235e+00 4.114639190339691055e+00 2.818602437526181781e+00 1.296036752813509496e+00
3.370847738733900645e+00 4.148335024024395246e+00 2.843384226868024278e+00 1.304950797156370523e+00
3.371959096813474055e+00 4.182252488396992263e+00 2.868399837207572300e+00 1.313852651189417520e+00
3.373070454893047021e+00 4.216390039453106198e+00 2.893650657154991812e+00 1.322739382298115274e+00
3.374181812972619987e+00 4.250748796651672379e+00 2.919143378181682458e+00 1.331605418469987256e+00
3.375293171052193397e+00 4.285331753387335851e+00 2.944888670530196428e+00 1.340443082857137647e+00
3.376404529131766807e+00 4.320142656134088988e+00 2.970899170872186357e+00 1.349243485261900188e+00
3.377515887211339773e+00 4.355184735772972715e+00 2.997187109228721003e+00 1.357997626544251268e+00
3.378627245290913184e+00 4.390459500832859518e+00 3.023761964431147753e+00 1.366697536401709323e+00
3.379738603370486594e+00 4.425965794455644975e+00 3.050628535738984404e+00 1.375337258716658795e+00
3.380849961450059560e+00 4.461699275823898247e+00 3.077785752946685438e+00 1.383913522877212143e+00
3.381961319529632970e+00 4.497652419003194346e+00 3.105226428683342643e+00 1.392425990319851037e+00
3.383072677609206380e+00 4.533815038504840800e+00 3.132938003704373919e+00 1.400877034800465104e+00
3.384184035688779346e+00 4.570175264908283630e+00 3.160904173606816858e+00 1.409271091301466994e+00
3.385295393768352756e+00 4.606720819611906492e+00 3.189107140078247582e+00 1.417613679533659354e+00
3.386406751847926166e+00 4.643440387416337245e+00 3.217530125387393358e+00 1.425910262028942332e+00
3.387518109927499133e+00 4.680324867580594628e+00 3.246159742658293546e+00 1.434165124922300416e+00
3.388629468007072099e+00 4.717368301407365294e+00 3.274987834424797573e+00 1.442380466982566167e+00
3.389740826086645509e+00 4.754568324731500262e+00 3.304012475163602858e+00 1.450555849567894295e+00
3.390852184166218919e+00 4.791926068946433581e+00 3.333237966726609880e+00 1.458688102219823923e+00
3.391963542245791885e+00 4.829445522346715869e+00 3.362673817392022091e+00 1.466771704954692890e+00
3.393074900325365295e+00 4.867132450359394902e+00 3.392332859411534063e+00 1.474799590947859951e+00
3.394186258404938705e+00 4.904993044602685259e+00 3.422228799747410566e+00 1.482764244855273805e+00
3.395297616484511671e+00 4.943032515000127525e+00 3.452373591324972235e+00 1.490658923675155512e+00
3.396408974564085081e+00 4.981253849092498243e+00 3.482775042343619454e+00 1.498478806748879677e+00
3.397520332643658492e+00 5.019656936480632048e+00 3.513435043886146580e+00 1.506221892594485690e+00
3.398631690723231458e+00 5.058238198111431494e+00 3.544348697125303982e+00 1.513889500986129510e+00
3.399743048802804424e+00 5.096990779208236511e+00 3.575504476793921249e+00 1.521486302414316150e+00
3.400854406882378278e+00 5.135905274084206162e+00 3.606885400697219080e+00 1.529019873386984640e+00
3.401965764961951244e+00 5.174970865502664275e+00 3.638471013011755240e+00 1.536499852490907925e+00
3.403077123041524210e+00 5.214176694533624534e+00 3.670239858316431736e+00 1.543936836217192132e+00
3.404188481121097620e+00 5.253513239839088911e+00 3.702172045057864125e+00 1.551341194781222788e+00
3.405299839200671030e+00 5.292973484045692345e+00 3.734251484254185627e+00 1.558721999791507384e+00
3.406411197280243996e+00 5.332553679575616101e+00 3.766467443818491301e+00 1.566086235757124356e+00
3.407522555359817407e+00 5.372253591413726603e+00 3.798815172061885015e+00 1.573438419351840478e+00
3.408633913439390817e+00 5.412076179242859553e+00 3.831295497243957460e+00 1.580780681998901205e+00
3.409745271518963783e+00 5.452026772410497379e+00 3.863913478443548932e+00 1.588113293966944672e+00
3.410856629598537193e+00 5.492111873513000120e+00 3.896676338980621601e+00 1.595435534532374078e+00
3.411967987678110603e+00 5.532337786635234345e+00 3.929591031617876595e+00 1.602746755017357749e+00
3.413079345757683569e+00 5.572709294668872992e+00 3.962661845462711607e+00 1.610047449206158499e+00
3.414190703837256535e+00 5.613228602055229111e+00 3.995888457923186365e+00 1.617340144132041857e+00
3.415302061916830390e+00 5.653894716079086891e+00 4.029264762273896849e+00 1.624629953805191374e+00
3.416413419996403356e+00 5.694703368540912969e+00 4.062778674267288892e+00 1.631924694273621856e+00
3.417524778075976322e+00 5.735647491875492499e+00 4.096412960589665531e+00 1.639234531285826968e+00
3.418636136155549732e+00 5.776718173878255591e+00 4.130146964145833266e+00 1.646571209732421215e+00
3.419747494235123142e+00 5.817905937799960014e+00 4.163958953701446752e+00 1.653946984098512152e+00
3.420858852314696108e+00 5.859202142279822390e+00 4.197828722543445856e+00 1.661373419736373869e+00
3.421970210394269518e+00 5.900600276913782416e+00 4.231740019479964587e+00 1.668860257433818717e+00
3.423081568473842928e+00 5.942096947201513935e+00 4.265682422548962016e+00 1.676414524652547922e+00
3.424192926553415894e+00 5.983692394201213460e+00 4.299652356868237213e+00 1.684040037332976691e+00
3.425304284632989305e+00 6.025390470965219514e+00 4.333653098256074365e+00 1.691737372709142484e+00
3.426415642712562715e+00 6.067198087131510320e+00 4.367693770586284607e+00 1.699504316545226157e+00
3.427527000792135681e+00 6.109124220256831883e+00 4.401787509992386660e+00 1.707336710264443003e+00
3.428638358871708647e+00 6.151178663290628457e+00 4.435949105825842231e+00 1.715229557464787113e+00
3.429749716951282501e+00 6.193370720384172579e+00 4.470192514128174643e+00 1.723178206255996159e+00
3.430861075030855467e+00 6.235708070984657958e+00 4.504528660063417789e+00 1.731179410921242168e+00
3.431972433110428433e+00 6.278195993598700397e+00 4.538963897715252216e+00 1.739232095883446627e+00
3.433083791190001843e+00 6.320837080405670605e+00 4.573499386622605023e+00 1.747337693783062917e+00
3.434195149269575253e+00 6.363631491941639240e+00 4.608131492198237922e+00 1.755499999743401096e+00
3.435306507349148220e+00 6.406577710818006643e+00 4.642853146679443377e+00 1.763724564138564155e+00
3.436417865428721630e+00 6.449673669729058645e+00 4.677655946507996987e+00 1.772017723221063212e+00
3.437529223508295040e+00 6.492918065627352853e+00 4.712532637518226153e+00 1.780385428109126034e+00
3.438640581587868006e+00 6.536311639374446258e+00 4.747479571630928596e+00 1.788832067743517218e+00
3.439751939667441416e+00 6.579858203850578846e+00 4.782498719264461684e+00 1.797359484586118716e+00
3.440863297747014826e+00 6.623565242923462826e+00 4.817598890548593360e+00 1.805966352374869022e+00
3.441974655826587792e+00 6.667443972486688075e+00 4.852795944653000682e+00 1.814648027833686283e+00
3.443086013906160758e+00 6.711508841788908164e+00 4.888111929643977227e+00 1.823396912144930049e+00
3.444197371985734613e+00 6.755776544308149667e+00 4.923573268712196693e+00 1.832203275595949865e+00
3.445308730065307579e+00 6.800264687606687453e+00 4.959208264041975234e+00 1.841056423564710220e+00
3.446420088144880545e+00 6.844990327821035336e+00 4.995044301585555679e+00 1.849946026235476104e+00
3.447531446224453955e+00 6.889968597468963729e+00 5.031105190161212271e+00 1.858863407307749682e+00
3.448642804304027365e+00 6.935211641287671647e+00 5.067409048300957508e+00 1.867802592986713917e+00
3.449754162383600331e+00 6.980728026078192983e+00 5.103967065265440972e+00 1.876760960812750678e+00
3.450865520463173741e+00 7.026522714917304846e+00 5.140783322707338954e+00 1.885739392209965448e+00
3.451976878542747151e+00 7.072597605900981854e+00 5.177855693354108446e+00 1.894741912546870743e+00
3.453088236622320117e+00 7.118952545465399240e+00 5.215177660493843348e+00 1.903774884971555004e+00
3.454199594701893528e+00 7.165586650932527668e+00 5.252740755089190472e+00 1.912845895843336752e+00
3.455310952781466938e+00 7.212499728481835071e+00 5.290537209937303587e+00 1.921962518544531484e+00
3.456422310861039904e+00 7.259693559072523783e+00 5.328562398245998644e+00 1.931131160826524695e+00
3.457533668940612870e+00 7.307172848060068837e+00 5.366816662413365080e+00 1.940356185646703091e+00
3.458645027020186280e+00 7.354945690468706054e+00 5.405306241246570664e+00 1.949639449222136056e+00
3.459756385099759690e+00 7.403023483810938110e+00 5.444043153415640823e+00 1.958980330395297287e+00
3.460867743179332656e+00 7.451420310841612604e+00 5.483044066982888154e+00 1.968376243858722896e+00
3.461979101258906066e+00 7.500151900860592136e+00 5.522328351095040055e+00 1.977823549765550526e+00
3.463090459338479477e+00 7.549234346027482445e+00 5.561915639070771356e+00 1.987318706956709535e+00
3.464201817418052443e+00 7.598682787576797715e+00 5.601823310346527585e+00 1.996859477230269020e+00
3.465313175497625853e+00 7.648510289627187042e+00 5.642064309299477110e+00 2.006445980327710377e+00
3.466424533577199263e+00 7.698727085148973082e+00 5.682645660269981747e+00 2.016081424878995332e+00
3.467535891656772229e+00 7.749340315179690464e+00 5.723567919993532982e+00 2.025772395186159258e+00
3.468647249736345639e+00 7.800354299144428794e+00 5.764825650785267541e+00 2.035528648359162140e+00
3.469758607815919049e+00 7.851771284960196162e+00 5.806408826415611735e+00 2.045362458544582207e+00
3.470869965895492015e+00 7.903592547259918888e+00 5.848304926145986293e+00 2.055287621113935259e+00
3.471981323975064981e+00 7.955819643858835555e+00 5.890501356874567662e+00 2.065318286984263896e+00
3.473092682054638392e+00 8.008455614122659938e+00 5.932987788021052644e+00 2.075467826101607738e+00
3.474204040134211802e+00 8.061505912554039810e+00 5.975757997971646418e+00 2.085747914582395168e+00
3.475315398213784768e+00 8.114978915071709764e+00 6.018810912396621582e+00 2.096168002675088626e+00
3.476426756293358178e+00 8.168885906792940688e+00 6.062150650176930000e+00 2.106735256616008467e+00
3.477538114372931588e+00 8.223240546813471497e+00 6.105785559673986285e+00 2.117454987139489209e+00
3.478649472452504554e+00 8.278057893132970690e+00 6.149726398983790254e+00 2.128331494149182657e+00
3.479760830532077964e+00 8.333353144942892143e+00 6.193983960216002060e+00 2.139369184726885642e+00
3.480872188611651374e+00 8.389140307652759532e+00 6.238566535255603007e+00 2.150573772397157857e+00
3.481983546691224340e+00 8.445431000232229479e+00 6.283477652440258687e+00 2.161953347791970792e+00
3.483094904770797307e+00 8.502233602238726817e+00 6.328714474398911882e+00 2.173519127839810494e+00
3.484206262850371161e+00 8.559552882871221513e+00 6.374267142988919943e+00 2.185285739882297129e+00
3.485317620929944127e+00 8.617390175549047626e+00 6.420119204652520395e+00 2.197270970896527675e+00
3.486428979009517093e+00 8.675744071860574280e+00 6.466249073498114619e+00 2.209494998362457441e+00
3.487540337089090503e+00 8.734611523056136306e+00 6.512632318870888781e+00 2.221979204185248413e+00
3.488651695168663913e+00 8.793989169789549365e+00 6.559244427277807432e+00 2.234744742511738824e+00
3.489763053248236879e+00 8.853874682777474803e+00 6.606063608037998414e+00 2.247811074739481274e+00
3.490874411327810289e+00 8.914267894871782616e+00 6.653073201572613726e+00 2.261194693299169778e+00
3.491985769407383700e+00 8.975171539257525311e+00 6.700263311030165703e+00 2.274908228227360940e+00
3.493097127486956666e+00 9.036591473636091720e+00 6.747631402335975359e+00 2.288960071300116361e+00
3.494208485566530076e+00 9.098536355737117276e+00 6.795181784809120273e+00 2.303354570928000555e+00
3.495319843646103486e+00 9.161016827363319237e+00 6.842924067195494509e+00 2.318092760167823840e+00
3.496431201725676452e+00 9.224044347324090509e+00 6.890870852605920582e+00 2.333173494718170815e+00
3.497542559805249418e+00 9.287629874345908476e+00 6.939035062872976667e+00 2.348594811472931809e+00
3.498653917884823272e+00 9.351782629271463421e+00 6.987427347370827491e+00 2.364355281900634598e+00
3.499765275964396238e+00 9.416509156756488252e+00 7.036054022577866718e+00 2.380455134178625531e+00
3.500876634043969204e+00 9.481812861510803714e+00 7.084915907692146853e+00 2.396896953818656417e+00
3.501987992123542615e+00 9.547694120042445221e+00 7.134008281218729763e+00 2.413685838823715901e+00
3.503099350203116025e+00 9.614150977726877656e+00 7.183322006106728885e+00 2.430828971620147883e+00
3.504210708282688991e+00 9.681180347467396530e+00 7.232845685151136905e+00 2.448334662316259625e+00
3.505322066362262401e+00 9.748779545297445281e+00 7.282568543838642938e+00 2.466211001458803231e+00
3.506433424441835811e+00 9.816947942981714803e+00 7.332483620950847936e+00 2.484464322030864647e+00
3.507544782521408777e+00 9.885688496826025684e+00 7.382590796647935605e+00 2.503097700178089635e+00
3.508656140600982187e+00 9.955008928733535711e+00 7.432899211275350915e+00 2.522109717458182132e+00
3.509767498680555597e+00 1.002492238716127204e+01 7.483428721585567267e+00 2.541493665575702998e+00
3.510878856760128564e+00 1.009544749356172311e+01 7.534210188995630553e+00 2.561237304566092998e+00
3.511990214839701530e+00 1.016660777143326655e+01 7.585284572704543038e+00 2.581323198728720403e+00
3.513101572919275384e+00 1.023843054546692599e+01 7.636700980059650590e+00 2.601729565407274070e+00
3.514212930998848350e+00 1.031094547300058473e+01 7.688513978577043773e+00 2.622431494423543175e+00
3.515324289078421316e+00 1.038418291730212140e+01 7.740780574324507946e+00 2.643402342977613895e+00
3.516435647157994726e+00 1.045817238495148160e+01 7.793557294495040644e+00 2.664615090456438296e+00
3.517547005237568136e+00 1.053294122638783392e+01 7.846897773642628415e+00 2.686043452745204174e+00
3.518658363317141102e+00 1.060851374407762115e+01 7.900851140739734824e+00 2.707662603337890328e+00
3.519769721396714512e+00 1.068491077645381182e+01 7.955461355980457228e+00 2.729449420473351484e+00
3.520881079476287923e+00 1.076214974097530686e+01 8.010767477578397688e+00 2.751382263396906502e+00
3.521992437555860889e+00 1.084024504084218066e+01 8.066804678363473258e+00 2.773440362478706955e+00
3.523103795635434299e+00 1.091920868039817094e+01 8.123605706818890937e+00 2.795602973579280448e+00
3.524215153715007709e+00 1.099905090400148389e+01 8.181202418253507247e+00 2.817848485747975307e+00
3.525326511794580675e+00 1.107978067703746383e+01 8.239627000389720735e+00 2.840153676647743541e+00
3.526437869874153641e+00 1.116140586482473651e+01 8.298912583596365522e+00 2.862493281228364772e+00
3.527549227953727495e+00 1.124393302877557765e+01 8.359093047683447963e+00 2.884839981092131911e+00
3.528660586033300461e+00 1.132736683810317757e+01 8.420201993482638869e+00 2.907164844620539590e+00
3.529771944112873427e+00 1.141170917575101740e+01 8.482271011300948516e+00 2.929438164450070214e+00
3.530883302192446838e+00 1.149695808484730719e+01 8.545327521272479743e+00 2.951630563574828336e+00
3.531994660272020248e+00 1.158310674476257240e+01 8.609392557575873184e+00 2.973714187186701441e+00
3.533106018351593214e+00 1.167014267581436826e+01 8.674478901982658030e+00 2.995663773831710675e+00
3.534217376431166624e+00 1.175804734639369009e+01 8.740589935429243340e+00 3.017457410964444087e+00
3.535328734510740034e+00 1.184679629935789791e+01 8.807719474275781835e+00 3.039076825082110300e+00
3.536440092590313000e+00 1.193635983494910313e+01 8.875852706731462760e+00 3.060507128217642148e+00
3.537551450669886410e+00 1.202670419824206327e+01 8.944968169161544580e+00 3.081736029080520467e+00
3.538662808749459820e+00 1.211779313503537736e+01 9.015040530677376651e+00 3.102752604357998933e+00
3.539774166829032787e+00 1.220958961537565202e+01 9.086043816202513668e+00 3.123545799173139237e+00
3.540885524908605753e+00 1.230205748975550328e+01 9.157954616638308565e+00 3.144102873117196051e+00
3.541996882988179163e+00 1.239516284575059224e+01 9.230754824248696977e+00 3.164408021501892598e+00
3.543108241067752573e+00 1.248887487276789621e+01 9.304433494827920370e+00 3.184441377939976725e+00
3.544219599147325539e+00 1.258316611385126116e+01 9.378987566327307235e+00 3.204178547523958809e+00
3.545330957226898949e+00 1.267801207510485106e+01 9.454421336426413802e+00 3.223590738678440371e+00
3.546442315306472359e+00 1.277339026076530182e+01 9.530744791539056848e+00 3.242645469226242749e+00
3.547553673386045325e+00 1.286927878971158457e+01 9.607971056437165203e+00 3.261307733274418030e+00
3.548665031465618735e+00 1.296565481308643797e+01 9.686113368441574778e+00 3.279541444644860526e+00
3.549776389545192146e+00 1.306249298235396061e+01 9.765182051047890610e+00 3.297310931306064674e+00
3.550887747624765112e+00 1.315976420763999855e+01 9.845181957242136406e+00 3.314582250397863028e+00
3.551999105704338522e+00 1.325743489900271932e+01 9.926110773162012180e+00 3.331324125840711137e+00
3.553110463783911932e+00 1.335546680588211288e+01 1.000795843090375747e+01 3.347508374978357626e+00
3.554221821863484898e+00 1.345381747480451473e+01 1.009070769804213796e+01 3.363109776762372327e+00
3.555333179943057864e+00 1.355244124775528469e+01 1.017433582010396798e+01 3.378105427651319825e+00
3.556444538022631274e+00 1.365129063918743313e+01 1.025881692178180771e+01 3.392473717405625422e+00
3.557555896102204684e+00 1.375031787193905863e+01 1.034412475065036929e+01 3.406193121288691561e+00
3.558667254181777651e+00 1.384947633053751659e+01 1.043023529319859932e+01 3.419241037338916378e+00
3.559778612261351061e+00 1.394872170777682996e+01 1.051712881566077051e+01 3.431592892116060778e+00
3.560889970340924471e+00 1.404801267396108244e+01 1.060479097744186028e+01 3.443221696519220831e+00
3.562001328420497437e+00 1.414731097882783040e+01 1.069321281706593574e+01 3.454098161761895103e+00
3.563112686500070847e+00 1.424658099052954086e+01 1.078238959447057788e+01 3.464191396058961203e+00
3.564224044579644257e+00 1.434578876859233887e+01 1.087231865894886340e+01 3.473470109643476356e+00
3.565335402659217223e+00 1.444490084330581681e+01 1.096299666878240942e+01 3.481904174523406503e+00
3.566446760738790189e+00 1.454388292020952989e+01 1.105441659112157460e+01 3.489466329087954399e+00
3.567558118818364044e+00 1.464269873782371256e+01 1.114656494249391550e+01 3.496133795329797955e+00
3.568669476897937010e+00 1.474130927821429005e+01 1.123941968669970137e+01 3.501889591514590006e+00
3.569780834977509976e+00 1.483967246839566023e+01 1.133294909550762952e+01 3.506723372888029377e+00
3.570892193057083386e+00 1.493774342641952479e+01 1.142711171735368048e+01 3.510631709065845207e+00
3.572003551136656796e+00 1.503547521346392557e+01 1.152185741706592559e+01 3.513617796397999982e+00
3.573114909216229762e+00 1.513281996784394323e+01 1.161712927587280930e+01 3.515690691971132154e+00
3.574226267295803172e+00 1.522973023291275751e+01 1.171286600448630288e+01 3.516864228426457739e+00
3.575337625375376582e+00 1.532616025898082057e+01 1.180900444541461880e+01 3.517155813566202216e+00
3.576448983454949548e+00 1.542206706493208301e+01 1.190548173631909101e+01 3.516585328612990224e+00
3.577560341534522959e+00 1.551741108717558859e+01 1.200223677451142379e+01 3.515174312664159029e+00
3.578671699614096369e+00 1.561215631484294875e+01 1.209921075173552119e+01 3.512945563107429336e+00
3.579783057693669335e+00 1.570626989872772405e+01 1.219634669616078604e+01 3.509923202566934464e+00
3.580894415773242301e+00 1.579972131244630695e+01 1.229358813650278037e+01 3.506133175943519475e+00
3.582005773852816155e+00 1.589248122237109584e+01 1.239087716116900317e+01 3.501604061202093110e+00
3.583117131932389121e+00 1.598452027487555327e+01 1.248815225644616866e+01 3.496368018429381053e+00
3.584228490011962087e+00 1.607580802656480756e+01 1.258534635307339933e+01 3.490461673491413119e+00
3.585339848091535497e+00 1.616631222249047184e+01 1.268238548222053552e+01 3.483926740269937650e+00
3.586451206171108907e+00 1.625599857230713141e+01 1.277918834455902264e+01 3.476810227748115434e+00
3.587562564250681874e+00 1.634483109411902291e+01 1.287566694608350915e+01 3.469164148035519091e+00
3.588673922330255284e+00 1.643277300387481432e+01 1.297172827698251041e+01 3.461044726892304801e+00
3.589785280409828694e+00 1.651978804005787893e+01 1.306727683525974548e+01 3.452511204798123678e+00
3.590896638489401660e+00 1.660584204396682040e+01 1.316221765480808514e+01 3.443624389158734367e+00
3.592007996568975070e+00 1.669090457681378226e+01 1.325645941268588146e+01 3.434445164127898575e+00
3.593119354648548480e+00 1.677495035281887326e+01 1.334991717740676975e+01 3.425033175412101283e+00
3.594230712728121446e+00 1.685796030279249536e+01 1.344251442194285140e+01 3.415445880849645288e+00
3.595342070807694412e+00 1.693992214934485219e+01 1.353418405196153884e+01 3.405738097383309348e+00
3.596453428887268267e+00 1.702083046142580258e+01 1.362486837051307553e+01 3.395962090912724385e+00
3.597564786966841233e+00 1.710068624746263666e+01 1.371451808617868906e+01 3.386168161283949818e+00
3.598676145046414199e+00 1.717949622700226087e+01 1.380309064084811510e+01 3.376405586154146654e+00
3.599787503125987609e+00 1.725727197626261855e+01 1.389054825646075386e+01 3.366723719801857140e+00
3.600898861205561019e+00 1.733402916328187260e+01 1.397685615522637725e+01 3.357173008055490904e+00
3.602010219285133985e+00 1.740978706923740305e+01 1.406198138418108279e+01 3.347805685056318037e+00
3.603121577364707395e+00 1.748456853653429732e+01 1.414589257475240913e+01 3.338675961781887747e+00
3.604232935444280805e+00 1.755840040033885430e+01 1.422856080655332889e+01 3.329839593785524965e+00
3.605344293523853771e+00 1.763131436226570870e+01 1.430996154778325824e+01 3.321352814482452676e+00
3.606455651603427182e+00 1.770334816954587254e+01 1.439007744471097539e+01 3.313270724834896264e+00
3.607567009683000592e+00 1.777454688684018080e+01 1.446890156328828425e+01 3.305645323551898773e+00
3.608678367762573558e+00 1.784496400474321476e+01 1.454644057615863595e+01 3.298523428584577033e+00
3.609789725842146524e+00 1.791466212763785038e+01 1.462271735814492502e+01 3.291944769492924028e+00
3.610901083921720378e+00 1.798371302587543497e+01 1.469777250997236173e+01 3.285940515903072789e+00
3.612012442001293344e+00 1.805219691810203031e+01 1.477166446674770128e+01 3.280532451354332135e+00
3.613123800080866310e+00 1.812020095728689029e+01 1.484446804462871050e+01 3.275732912658178897e+00
3.614235158160439720e+00 1.818781701233520209e+01 1.491627150617204478e+01 3.271545506163155981e+00
3.615346516240013131e+00 1.825513894767324885e+01 1.498717244669088977e+01 3.267966500982356415e+00
3.616457874319586097e+00 1.832225968830910645e+01 1.505727298556538507e+01 3.264986702743720492e+00
3.617569232399159507e+00 1.838926840370763216e+01 1.512667485879213913e+01 3.262593544915497024e+00
3.618680590478732917e+00 1.845624814243525336e+01 1.519547503380864484e+01 3.260773108626616068e+00
3.619791948558305883e+00 1.852327420027767246e+01 1.526376240018976027e+01 3.259511800087912192e+00
3.620903306637879293e+00 1.859041341421707827e+01 1.533161594013743745e+01 3.258797474079639933e+00
3.622014664717452703e+00 1.865772445649173505e+01 1.539910457370378438e+01 3.258619882787949784e+00
3.623126022797025669e+00 1.872525907452352456e+01 1.546628863768135531e+01 3.258970436842170137e+00
3.624237380876598635e+00 1.879306410292101504e+01 1.553322273048647517e+01 3.259841372434537199e+00
3.625348738956172046e+00 1.886118398072120783e+01 1.559995947287871410e+01 3.261224507842499065e+00
3.626460097035745456e+00 1.892966345391932848e+01 1.566655362343091795e+01 3.263109830488409191e+00
3.627571455115318422e+00 1.899855013718697450e+01 1.573306596405255675e+01 3.265484173134414636e+00
3.628682813194891832e+00 1.906789664906259318e+01 1.579956643615764023e+01 3.268330212904955623e+00
3.629794171274465242e+00 1.913776211408512395e+01 1.586613614953765428e+01 3.271625964547468790e+00
3.630905529354038208e+00 1.920821292960759052e+01 1.593286807879091782e+01 3.275344850816669595e+00
3.632016887433611618e+00 1.927932280694756173e+01 1.599986647345471447e+01 3.279456333492849041e+00
3.633128245513185028e+00 1.935117219788282128e+01 1.606724520250170940e+01 3.283926995381110547e+00
3.634239603592757994e+00 1.942384729224779960e+01 1.613512539970749415e+01 3.288721892540307223e+00
3.635350961672331405e+00 1.949743880929874251e+01 1.620363285036102496e+01 3.293805958937721101e+00
3.636462319751904815e+00 1.957204080000866142e+01 1.627289555121843989e+01 3.299145248790223750e+00
3.637573677831477781e+00 1.964774963225451643e+01 1.634304178808802277e+01 3.304707844166486108e+00
3.638685035911050747e+00 1.972466325549491017e+01 1.641419892619948939e+01 3.310464329295417230e+00
3.639796393990624157e+00 1.980288075068125409e+01 1.648649292545474410e+01 3.316387825226503772e+00
3.640907752070197567e+00 1.988250208206613578e+01 1.656004840960069302e+01 3.322453672465440544e+00
3.642019110149770533e+00 1.996362789717251829e+01 1.663498896927056236e+01 3.328638927901962141e+00
3.643130468229343943e+00 2.004635918310012599e+01 1.671143729200975514e+01 3.334921891090374846e+00
3.644241826308917354e+00 2.013079658954060491e+01 1.678951470551796632e+01 3.341281884022641702e+00
3.645353184388490320e+00 2.021703927224730535e+01 1.686933979732846822e+01 3.347699474918840679e+00
3.646464542468063730e+00 2.030518318883543927e+01 1.695102592428500898e+01 3.354157264550432949e+00
3.647575900547637140e+00 2.039531887893064166e+01 1.703467762468151747e+01 3.360641254249125076e+00
3.648687258627210106e+00 2.048752886585648980e+01 1.712038616175673056e+01 3.367142704099754358e+00
3.649798616706783072e+00 2.058188490885808974e+01 1.720822462250215423e+01 3.373660286355943949e+00
3.650909974786356926e+00 2.067844539657606973e+01 1.729824313584398254e+01 3.380202260732085850e+00
3.652021332865929892e+00 2.077725319194975384e+01 1.739046483276656119e+01 3.386788359183189545e+00
3.653132690945502858e+00 2.087833421044468096e+01 1.748488313412726924e+01 3.393451076317409498e+00
3.654244049025076269e+00 2.098169693975139793e+01 1.758146082137136545e+01 3.400236118380032480e+00
3.655355407104649679e+00 2.108733299969356878e+01 1.768013113800427405e+01 3.407201861689290734e+00
3.656466765184222645e+00 2.119521871193749263e+01 1.778080091538541652e+01 3.414417796552064122e+00
3.657578123263796055e+00 2.130531751972667465e+01 1.788335545329950094e+01 3.421962066427175930e+00
3.658689481343369465e+00 2.141758298830428586e+01 1.798766465426513150e+01 3.429918334039149919e+00
3.659800839422942431e+00 2.153196204423576177e+01 1.809358974688098698e+01 3.438372297354766349e+00
3.660912197502515841e+00 2.164839808825323431e+01 1.820098986384068951e+01 3.447408224412547018e+00
3.662023555582089251e+00 2.176683364574928703e+01 1.830972777635393811e+01 3.457105869395354691e+00
3.663134913661662218e+00 2.188721229761907594e+01 1.841967422397294030e+01 3.467538073646136976e+00
3.664246271741235184e+00 2.200947975004390500e+01 1.853071049680979598e+01 3.478769253234105907e+00
3.665357629820809038e+00 2.213358403739596980e+01 1.864272919274716145e+01 3.490854844648808353e+00
3.666468987900382004e+00 2.225947498694310056e+01 1.875563334488648337e+01 3.503841642056617189e+00
3.667580345979954970e+00 2.238710318685375000e+01 1.886933435249504143e+01 3.517768834358709018e+00
3.668691704059528380e+00 2.251641877291457661e+01 1.898374931590521086e+01 3.532669457009364855e+00
3.669803062139101790e+00 2.264737037333100034e+01 1.909879844725766418e+01 3.548571926073328608e+00
3.670914420218674756e+00 2.277990452176133829e+01 1.921440319481918735e+01 3.565501326942148275e+00
3.672025778298248166e+00 2.291396577144812596e+01 1.933048558560573582e+01 3.583480185842388810e+00
3.673137136377821577e+00 2.304949763053584988e+01 1.944696908137924396e+01 3.602528549156593929e+00
3.674248494457394543e+00 2.318644430834587311e+01 1.956378099064892950e+01 3.622663317696947605e+00
3.675359852536967953e+00 2.332475313492306412e+01 1.968085622418598035e+01 3.643896910737087325e+00
3.676471210616541363e+00 2.346437741117090070e+01 1.979814196356538503e+01 3.666235447605512565e+00
3.677582568696114329e+00 2.360527937996914716e+01 1.991560266449449657e+01 3.689676715474652813e+00
3.678693926775687295e+00 2.374743298902586019e+01 2.003322476036453637e+01 3.714208228661322941e+00
3.679805284855261149e+00 2.389082614530066806e+01 2.015102047262298512e+01 3.739805672677674497e+00
3.680916642934834115e+00 2.403546223220526201e+01 2.026903026336636060e+01 3.766431968838894306e+00
3.682028001014407081e+00 2.418136076136440948e+01 2.038732365819683068e+01 3.794037103167566816e+00
3.683139359093980492e+00 2.432855714309074457e+01 2.050599839030873284e+01 3.822558752782011737e+00
3.684250717173553902e+00 2.447710166514744401e+01 2.062517803243243009e+01 3.851923632715016588e+00
3.685362075253126868e+00 2.462705785092214583e+01 2.074500845650216974e+01 3.882049394419976096e+00
3.686473433332700278e+00 2.477850041362963651e+01 2.086565356492495127e+01 3.912846848704688352e+00
3.687584791412273688e+00 2.493151302706742811e+01 2.098729075803413835e+01 3.944222269033279549e+00
3.688696149491846654e+00 2.508618609783521691e+01 2.111010654069309567e+01 3.976079557142118137e+00
3.689807507571420064e+00 2.524261465790524284e+01 2.123429254267739097e+01 4.008322115227848315e+00
3.690918865650993475e+00 2.540089641452959413e+01 2.136004205982874993e+01 4.040854354700854856e+00
3.692030223730566441e+00 2.556112991399789180e+01 2.148754705032535028e+01 4.073582863672538856e+00
3.693141581810139407e+00 2.572341271363157489e+01 2.161699537775731983e+01 4.106417335874253283e+00
3.694252939889713261e+00 2.588783942613710209e+01 2.174856800950561464e+01 4.139271416631491007e+00
3.695364297969286227e+00 2.605449950961256889e+01 2.188243587374439869e+01 4.172063635868168419e+00
3.696475656048859193e+00 2.622347472523810907e+01 2.201875615529475283e+01 4.204718569943365125e+00
3.697587014128432603e+00 2.639483626549203521e+01 2.215766795814136003e+01 4.237168307350674290e+00
3.698698372208006013e+00 2.656864165463970906e+01 2.229928745542920154e+01 4.269354199210510181e+00
3.699809730287578979e+00 2.674493162201273577e+01 2.244370285113509667e+01 4.301228770877639995e+00
3.700921088367152390e+00 2.692372722793283302e+01 2.259096965248868827e+01 4.332757575444151854e+00
3.702032446446725800e+00 2.710502756495393584e+01 2.274110686254496372e+01 4.363920702408980112e+00
3.703143804526298766e+00 2.728880835166572894e+01 2.289409472131330503e+01 4.394713630352418576e+00
3.704255162605872176e+00 2.747502167847687815e+01 2.304987453901820871e+01 4.425147139458676548e+00
3.705366520685445586e+00 2.766359705908372035e+01 2.320835098093028037e+01 4.455246078153435541e+00
3.706477878765018552e+00 2.785444380049689173e+01 2.336939690125187141e+01 4.485046899245023866e+00
3.707589236844591518e+00 2.804745454782240444e+01 2.353286051936444423e+01 4.514594028457958430e+00
3.708700594924164928e+00 2.824250971034601321e+01 2.369857442970964811e+01 4.543935280636364205e+00
3.709811953003738338e+00 2.843948235575291150e+01 2.386636568291405069e+01 4.573116672838862584e+00
3.710923311083311305e+00 2.863824308879400249e+01 2.403606601117984454e+01 4.602177077614156175e+00
3.712034669162884715e+00 2.883866442178240419e+01 2.420752122386883798e+01 4.631143197913567988e+00
3.713146027242458125e+00 2.904062420043600667e+01 2.438059888093895466e+01 4.660025319497050234e+00
3.714257385322031091e+00 2.924400776342507768e+01 2.455519355435252749e+01 4.688814209072546646e+00
3.715368743401604501e+00 2.944870867226840261e+01 2.473122928415966726e+01 4.717479388108735350e+00
3.716480101481177911e+00 2.965462802787767416e+01 2.490865918525221900e+01 4.745968842625455153e+00
3.717591459560750877e+00 2.986167256558303862e+01 2.508746251282530793e+01 4.774210052757726253e+00
3.718702817640324287e+00 3.006975186682312895e+01 2.526763979847004649e+01 4.802112068353085128e+00
3.719814175719897698e+00 3.027877512210655198e+01 2.544920688060793168e+01 4.829568241498620296e+00
3.720925533799470664e+00 3.048864791311446254e+01 2.563218874252145341e+01 4.856459170593013575e+00
3.722036891879043630e+00 3.069926944824791448e+01 2.581661402694586727e+01 4.882655421302048104e+00
3.723148249958617040e+00 3.091053059194587149e+01 2.600251092683239307e+01 4.908019665113476648e+00
3.724259608038190450e+00 3.112231288918427907e+01 2.618990488525778204e+01 4.932408003926495255e+00
3.725370966117763416e+00 3.133448862477341024e+01 2.637881821595962606e+01 4.955670408813778849e+00
3.726482324197336826e+00 3.154692179751715031e+01 2.656927142996744351e+01 4.977650367549704136e+00
3.727593682276910236e+00 3.175946975623170232e+01 2.676128577365738082e+01 4.998183982574326834e+00
3.728705040356483202e+00 3.197198515762225668e+01 2.695488629177688011e+01 5.017098865845376565e+00
3.729816398436056613e+00 3.218431787692945534e+01 2.715010465350703583e+01 5.034213223422416839e+00
3.730927756515630023e+00 3.239631653351736418e+01 2.734698102963721666e+01 5.049335503880147513e+00
3.732039114595202989e+00 3.260782937794814984e+01 2.754556447356385007e+01 5.062264904384288222e+00
3.733150472674775955e+00 3.281870440898801888e+01 2.774591150914317694e+01 5.072792899844833059e+00
3.734261830754349809e+00 3.302878872721066017e+01 2.794808292230645819e+01 5.080705804904201095e+00
3.735373188833922775e+00 3.323792726311878454e+01 2.815213904242015630e+01 5.085788220698630013e+00
3.736484546913495741e+00 3.344596112041984526e+01 2.835813403688266732e+01 5.087827083537187711e+00
3.737595904993069151e+00 3.365272583301450027e+01 2.856610989088882491e+01 5.086615942125675360e+00
3.738707263072642561e+00 3.385804983899842568e+01 2.877609078135697729e+01 5.081959057641440403e+00
3.739818621152215528e+00 3.406175342723223309e+01 2.898807847598926557e+01 5.073674951242966635e+00
3.740929979231788938e+00 3.426364832141918271e+01 2.920204921070489235e+01 5.061599110714293914e+00
3.742041337311362348e+00 3.446353794980530694e+01 2.941795225278790582e+01 5.045585697017397564e+00
3.743152695390935314e+00 3.466121832645553269e+01 2.963571008541700280e+01 5.025508241038513901e+00
3.744264053470508724e+00 3.485647936399762870e+01 2.985521989778498764e+01 5.001259466212643723e+00
3.745375411550082134e+00 3.504910636613327313e+01 3.007635587569341951e+01 4.972750490439853621e+00
3.746486769629655100e+00 3.523888142325322548e+01 3.029897169114039812e+01 4.939909732112814922e+00
3.747598127709228066e+00 3.542558446012171203e+01 3.052290260069930028e+01 4.902681859422415300e+00
3.748709485788801921e+00 3.560899375591817062e+01 3.074796667758538860e+01 4.861027078332791795e+00
3.749820843868374887e+00 3.578888586113071568e+01 3.097396489971204048e+01 4.814920961418680534e+00
3.750932201947947853e+00 3.596503495438841469e+01 3.120068006028586538e+01 4.764354894102548421e+00
3.752043560027521263e+00 3.613721179437684583e+01 3.142787471532850674e+01 4.709337079048337316e+00
3.753154918107094673e+00 3.630518250778612810e+01 3.165528859030452580e+01 4.649893917481601413e+00
3.754266276186667639e+00 3.646870749873333040e+01 3.188263599927795866e+01 4.586071499455368183e+00
3.755377634266241049e+00 3.662754076050559604e+01 3.210960386161379887e+01 4.517936898891797171e+00
3.756488992345814459e+00 3.678142981767964415e+01 3.233585082751032758e+01 4.445578990169298805e+00
3.757600350425387425e+00 3.693011643509392172e+01 3.256100785734934533e+01 4.369108577744585276e+00
3.758711708504960836e+00 3.707333811610724439e+01 3.278468037009024272e+01 4.288657746017007888e+00
3.759823066584534246e+00 3.721083029643258300e+01 3.300645182318716309e+01 4.204378473245415471e+00
3.760934424664107212e+00 3.734232904242285400e+01 3.322588835571588106e+01 4.116440686706978269e+00
3.762045782743680178e+00 3.746757400157705575e+01 3.344254395917543832e+01 4.025030042401618324e+00
3.763157140823254032e+00 3.758631133937162616e+01 3.365596556780631943e+01 3.930345771565294744e+00
3.764268498902826998e+00 3.769829643287945231e+01 3.386569749709269672e+01 3.832598935786762695e+00
3.765379856982399964e+00 3.780329617142611909e+01 3.407128480125152947e+01 3.732011370174586506e+00
3.766491215061973374e+00 3.790109082291753140e+01 3.427227534509237472e+01 3.628815477825154900e+00
3.767602573141546785e+00 3.799147554090165357e+01 3.446822065475202379e+01 3.523254886149637777e+00
3.768713931221119751e+00 3.807426168906223296e+01 3.465867587856956078e+01 3.415585810492681063e+00
3.769825289300693161e+00 3.814927822566859561e+01 3.484319940584007469e+01 3.306078819828524473e+00
3.770936647380266571e+00 3.821637340510608283e+01 3.502135281651044352e+01 3.195020588595645972e+00
3.772048005459839537e+00 3.827541701018990494e+01 3.519270184248411226e+01 3.082715167705791348e+00
3.773159363539412947e+00 3.832630323089372126e+01 3.535681890362049984e+01 2.969484327273223645e+00
3.774270721618986357e+00 3.836895416588195928e+01 3.551328755228721690e+01 2.855666613594742387e+00
3.775382079698559323e+00 3.840332376452333563e+01 3.566170885227442255e+01 2.741614912248905078e+00
3.776493437778132289e+00 3.842940187550556175e+01 3.580170937820140864e+01 2.627692497304158881e+00
3.777604795857706144e+00 3.844721795104804585e+01 3.593295020448823607e+01 2.514267746559813332e+00
3.778716153937279110e+00 3.845684389639559697e+01 3.605513601106424204e+01 2.401707885331344716e+00
3.779827512016852076e+00 3.845839556819306182e+01 3.616802330853510483e+01 2.290372259657962317e+00
3.780938870096425486e+00 3.845203251706040959e+01 3.627142680351828830e+01 2.180605713542111079e+00
3.782050228175998896e+00 3.843795573171387758e+01 3.636522308861164987e+01 2.072732643102233485e+00
3.783161586255571862e+00 3.841640335545148588e+01 3.644935113169410812e+01 1.967052223757383533e+00
3.784272944335145272e+00 3.838764458308659755e+01 3.652380941686780602e+01 1.863835166218804407e+00
3.785384302414718682e+00 3.835197217504595102e+01 3.658865000125027223e+01 1.763322173795681014e+00
3.786495660494291648e+00 3.830969421305353961e+01 3.664397013923131396e+01 1.665724073822225870e+00
3.787607018573865059e+00 3.826112584140364703e+01 3.668990243336399004e+01 1.571223408039664760e+00
3.788718376653438469e+00 3.820658177143369016e+01 3.672660465547880904e+01 1.479977115954878242e+00
3.789829734733011435e+00 3.814637026875249859e+01 3.675425041833787532e+01 1.392119850414635929e+00
3.790941092812584401e+00 3.808078920050454741e+01 3.677302176505148168e+01 1.307767435453065952e+00
3.792052450892157811e+00 3.801012451284497473e+01 3.678310450078438265e+01 1.227020012060586529e+00
3.793163808971731221e+00 3.793465126524587561e+01 3.678468675802448473e+01 1.149964507221397092e+00
3.794275167051304187e+00 3.785463710110923330e+01 3.677796091400515621e+01 1.076676187104087523e+00
3.795386525130877597e+00 3.777034781566651134e+01 3.676312862148117233e+01 1.007219194185337896e+00
3.796497883210451008e+00 3.768205451887160251e+01 3.674040842120976436e+01 9.416460976618409306e-01
3.797609241290023974e+00 3.759004179980760796e+01 3.671004521198678816e+01 8.799965878208058090e-01
3.798720599369597384e+00 3.749461628474840325e+01 3.667232077871773299e+01 8.222955060306811337e-01
3.799831957449170794e+00 3.739611503564616157e+01 3.662756461629557947e+01 7.685504193505808823e-01
3.800943315528743760e+00 3.729491334084568166e+01 3.657616441279925823e+01 7.187489280464236518e-01
3.802054673608317170e+00 3.719143157940473543e+01 3.651857573075028540e+01 6.728558486544496953e-01
3.803166031687890580e+00 3.708614096620935641e+01 3.645533060378691204e+01 6.308103624224402628e-01
3.804277389767463546e+00 3.697956808155695541e+01 3.638704490386146517e+01 5.925231776954756890e-01
3.805388747847036512e+00 3.687229813799104505e+01 3.631442439718895088e+01 5.578737408021100519e-01
3.806500105926609923e+00 3.676497693182115256e+01 3.623826937932373937e+01 5.267075524974060841e-01
3.807611464006183333e+00 3.665831137237199044e+01 3.615947766582268486e+01 4.988337065493235190e-01
3.808722822085756299e+00 3.655306839578339151e+01 3.607904554108332462e+01 4.740228547000840398e-01
3.809834180165329709e+00 3.645007197828968515e+01 3.599806607754981513e+01 4.520059007398870010e-01
3.810945538244903119e+00 3.635019789679288493e+01 3.591772408384120752e+01 4.324738129516808582e-01
3.812056896324476085e+00 3.625436587138180755e+01 3.583928687710869099e+01 4.150789942731152316e-01
3.813168254404049495e+00 3.616352878743064281e+01 3.576409014573596323e+01 3.994386416946728025e-01
3.814279612483622905e+00 3.607865884443729243e+01 3.569351839791524839e+01 3.851404465220455431e-01
3.815390970563195872e+00 3.600073071046820417e+01 3.562897987870610450e+01 3.717508317621073255e-01
3.816502328642768838e+00 3.593070205511717319e+01 3.557187635396768144e+01 3.588257011494870863e-01
3.817613686722342692e+00 3.586949215682887626e+01 3.552356874922934793e+01 3.459234075995286095e-01
3.818725044801915658e+00 3.581795958957146553e+01 3.548534022104664132e+01 3.326193685248409193e-01
3.819836402881488624e+00 3.577688024320688243e+01 3.545835874448999903e+01 3.185214987168942247e-01
3.820947760961062034e+00 3.574692707928569035e+01 3.544364164316475296e+01 3.032854361209485483e-01
3.822059119040635444e+00 3.572865303766479173e+01 3.544202460334028615e+01 2.866284343245044108e-01
3.823170477120208410e+00 3.572247837363928369e+01 3.545413756372563086e+01 2.683408099136365133e-01
3.824281835199781820e+00 3.572868342387251062e+01 3.548038945333188821e+01 2.482939705406222441e-01
3.825393193279355231e+00 3.574740739592793659e+01 3.552096309421047948e+01 2.264443017174586903e-01
3.826504551358928197e+00 3.577865329180976772e+01 3.557582075958514878e+01 2.028325322246154472e-01
3.827615909438501607e+00 3.582229856423737857e+01 3.564471997245692592e+01 1.775785917804434122e-01
3.828727267518075017e+00 3.587811062443864074e+01 3.572723825013658683e+01 1.508723743020614905e-01
3.829838625597647983e+00 3.594576592846252083e+01 3.582280475061148906e+01 1.229611778510260323e-01
3.830949983677220949e+00 3.602487111136139930e+01 3.593073624625169060e+01 9.413486510971169619e-02
3.832061341756794803e+00 3.611498454420979698e+01 3.605027460048608390e+01 6.470994372371413617e-02
3.833172699836367769e+00 3.621563676602441006e+01 3.618062297879841793e+01 3.501378722598935678e-02
3.834284057915940735e+00 3.632634847745593731e+01 3.632097837200721813e+01 5.370105448712469975e-03
3.835395415995514146e+00 3.644664514192336924e+01 3.647055859513388754e+01 -2.391345321052220155e-02
3.836506774075087556e+00 3.657606767394896252e+01 3.662862266730034122e+01 -5.255499335138466566e-02
3.837618132154660522e+00 3.671417914709491725e+01 3.679448427723411896e+01 -8.030513013920725918e-02
3.838729490234233932e+00 3.686056786845480815e+01 3.696751879185321599e+01 -1.069509233983975682e-01
3.839840848313807342e+00 3.701484749440022881e+01 3.714716487994736127e+01 -1.323173855471340976e-01
3.840952206393380308e+00 3.717665506900610239e+01 3.733292223088649564e+01 -1.562671618803825324e-01
3.842063564472953718e+00 3.734564793676502603e+01 3.752434701395017669e+01 -1.786990771851433846e-01
3.843174922552527129e+00 3.752150041936791069e+01 3.772104664802385088e+01 -1.995462286559299414e-01
3.844286280632100095e+00 3.770390097529448781e+01 3.792267516928090032e+01 -2.187741939864247254e-01
3.845397638711673061e+00 3.789255031741316060e+01 3.812893005873367258e+01 -2.363797413205177000e-01
3.846508996791246915e+00 3.808716069193241083e+01 3.833955090128804954e+01 -2.523902093556243398e-01
3.847620354870819881e+00 3.828745626629913090e+01 3.855431977555400636e+01 -2.668635092548702903e-01
3.848731712950392847e+00 3.849317437171187350e+01 3.877306289170822851e+01 -2.798885199963621617e-01
3.849843071029966257e+00 3.870406722313904879e+01 3.899565275482272142e+01 -2.915855316836732936e-01
3.850954429109539667e+00 3.891990370583373249e+01 3.922201005693348463e+01 -3.021063510997419876e-01
3.852065787189112633e+00 3.914047086573709322e+01 3.945210458601911796e+01 -3.116337202820150809e-01
3.853177145268686044e+00 3.936557485119917743e+01 3.968595464987762966e+01 -3.203797986784504559e-01
3.854288503348259454e+00 3.959504119486906859e+01 3.992362479356530258e+01 -3.285835986962359900e-01
3.855399861427832420e+00 3.982871446354434397e+01 4.016522187719475312e+01 -3.365074136504292990e-01
3.856511219507405830e+00 4.006645740919773857e+01 4.041088981574807093e+01 -3.444324065503275856e-01
3.857622577586979240e+00 4.030814980398937308e+01 4.066080341736697790e+01 -3.526536133776000947e-01
3.858733935666552206e+00 4.055368712622810534e+01 4.091516176696091378e+01 -3.614746407328301991e-01
3.859845293746125172e+00 4.080297918788716061e+01 4.117418149035555075e+01 -3.712023024683812622e-01
3.860956651825699026e+00 4.105594867593701025e+01 4.143809002930874641e+01 -3.821413533717263333e-01
3.862068009905271992e+00 4.131252944801250493e+01 4.170711880904188718e+01 -3.945893610293697007e-01
3.863179367984844959e+00 4.157266431109083271e+01 4.198149594850547572e+01 -4.088316374146576671e-01
3.864290726064418369e+00 4.183630195152095865e+01 4.226143801032273473e+01 -4.251360588017659148e-01
3.865402084143991779e+00 4.210339269955436237e+01 4.254714026110213609e+01 -4.437475615477743940e-01
3.866513442223564745e+00 4.237388291209171598e+01 4.283876504031645993e+01 -4.648821282247537767e-01
3.867624800303138155e+00 4.264770793841061192e+01 4.313642811538532129e+01 -4.887201769747110958e-01
3.868736158382711565e+00 4.292478387382779914e+01 4.344018330001882333e+01 -5.153994261910296304e-01
3.869847516462284531e+00 4.320499857090015183e+01 4.375000607401189967e+01 -5.450075031117558311e-01
3.870958874541857941e+00 4.348820262391651426e+01 4.406577738942387867e+01 -5.775747655073651954e-01
3.872070232621431352e+00 4.377420122579851380e+01 4.438726919878030230e+01 -6.130679729817875012e-01
3.873181590701004318e+00 4.406274787888499134e+01 4.471413342204177610e+01 -6.513855431567757703e-01
3.874292948780577284e+00 4.435354089700567926e+01 4.504589602817407723e+01 -6.923551311683953102e-01
3.875404306860150694e+00 4.464622345825236494e+01 4.538195762322442306e+01 -7.357341649720536836e-01
3.876515664939724104e+00 4.494038766861544332e+01 4.572160142571696184e+01 -7.812137571015136395e-01
3.877627023019297070e+00 4.523558270818608662e+01 4.606400882435772104e+01 -8.284261161716354183e-01
3.878738381098870480e+00 4.553132670143821770e+01 4.640828193541854318e+01 -8.769552339803069474e-01
3.879849739178443890e+00 4.582712153755379347e+01 4.675347180976496730e+01 -9.263502722111670584e-01
3.880961097258016856e+00 4.612246952293219238e+01 4.709861028867021560e+01 -9.761407657380172243e-01
3.882072455337590267e+00 4.641689052520275283e+01 4.744274306800183894e+01 -1.025852542799073230e+00
3.883183813417163677e+00 4.670993820006326303e+01 4.778496137031515190e+01 -1.075023170251889315e+00
3.884295171496736643e+00 4.700121399204770256e+01 4.812442977450778869e+01 -1.123215782460071477e+00
3.885406529576309609e+00 4.729037785754191958e+01 4.846040820041582009e+01 -1.170030342873894957e+00
3.886517887655883463e+00 4.757715504043782317e+01 4.879226673602437359e+01 -1.215111695586545082e+00
3.887629245735456429e+00 4.786133868734959407e+01 4.911949283755561879e+01 -1.258154150206031385e+00
3.888740603815029395e+00 4.814278855924214895e+01 4.944169131479348778e+01 -1.298902755551342381e+00
3.889851961894602805e+00 4.842142651662683051e+01 4.975857831645424767e+01 -1.337151799827412502e+00
3.890963319974176216e+00 4.869722977042189171e+01 5.006997114521625747e+01 -1.372741374794370639e+00
3.892074678053749182e+00 4.897022305958904553e+01 5.037577607796803392e+01 -1.405553018378993047e+00
3.893186036133322592e+00 4.924047092025605821e+01 5.067597640152677485e+01 -1.435505481270716643e+00
3.894297394212896002e+00 4.950807105332482649e+01 5.097062259987737320e+01 -1.462551546552553372e+00
3.895408752292468968e+00 4.977314950539668104e+01 5.125982609241631138e+01 -1.486676587019633011e+00
3.896520110372042378e+00 5.003585799649726340e+01 5.154375720712945252e+01 -1.507899210632165365e+00
3.897631468451615788e+00 5.029637331434166470e+01 5.182264728560542011e+01 -1.526273971263744755e+00
3.898742826531188754e+00 5.055489830848988220e+01 5.209679407367282522e+01 -1.541895765182942579e+00
3.899854184610761720e+00 5.081166371265094739e+01 5.236656895834313019e+01 -1.554905245692195681e+00
3.900965542690335575e+00 5.106692984004210700e+01 5.263242424989969948e+01 -1.565494409857601354e+00
3.902076900769908541e+00 5.132098715660443844e+01 5.289489862236297313e+01 -1.573911465758523365e+00
3.903188258849481507e+00 5.157415484019949758e+01 5.315461901919137233e+01 -1.580464178991891844e+00
3.904299616929054917e+00 5.182677666033745822e+01 5.341229776573547383e+01 -1.585521105398003172e+00
3.905410975008628327e+00 5.207921382578884817e+01 5.366872423349881416e+01 -1.589510407709972206e+00
3.906522333088201293e+00 5.233183479963738449e+01 5.392475107956574476e+01 -1.592916279928368706e+00
3.907633691167774703e+00 5.258500242343266251e+01 5.418127573686770404e+01 -1.596273313435041752e+00
3.908745049247348113e+00 5.283905897955876441e+01 5.443921836546921611e+01 -1.600159385910445042e+00
3.909856407326921079e+00 5.309431002065485217e+01 5.469949782271801553e+01 -1.605187802063148927e+00
3.910967765406494490e+00 5.335100788935265115e+01 5.496300733414653905e+01 -1.611999444793887681e+00
3.912079123486067900e+00 5.360933584026540899e+01 5.523059144710627777e+01 -1.621255606840860786e+00
3.913190481565640866e+00 5.386939357419731067e+01 5.550302555935949300e+01 -1.633631985162180555e+00
3.914301839645213832e+00 5.413118482866333636e+01 5.578099889621854146e+01 -1.649814067555207098e+00
3.915413197724787686e+00 5.439460747178303279e+01 5.606510133862905576e+01 -1.670493866846014530e+00
3.916524555804360652e+00 5.465944635091641146e+01 5.635581405880529360e+01 -1.696367707888878362e+00
3.917635913883933618e+00 5.492536897942276397e+01 5.665350356587152447e+01 -1.728134586448761167e+00
3.918747271963507028e+00 5.519192402077045045e+01 5.695841854531981596e+01 -1.766494524549364620e+00
3.919858630043080439e+00 5.545854245273142880e+01 5.727068880807738083e+01 -1.812146355345950477e+00
3.920969988122653405e+00 5.572454125762821775e+01 5.759032573299079161e+01 -1.865784475362586958e+00
3.922081346202226815e+00 5.598912947088197001e+01 5.791722375082986929e+01 -1.928094279947883960e+00
3.923192704281800225e+00 5.625141640860528724e+01 5.825116262252826971e+01 -1.999746213922989568e+00
3.924304062361373191e+00 5.651042186622078134e+01 5.859181044900660851e+01 -2.081388582785824504e+00
3.925415420440946601e+00 5.676508802114024377e+01 5.893872746241625293e+01 -2.173639441275995843e+00
3.926526778520520011e+00 5.701429268077210821e+01 5.929137065571946152e+01 -2.277077974947375960e+00
3.927638136600092977e+00 5.725686340189031398e+01 5.964909920196289050e+01 -2.392235800072572971e+00
3.928749494679665943e+00 5.749159188900247841e+01 6.001118041722158125e+01 -2.519588528219101953e+00
3.929860852759239798e+00 5.771724798560822478e+01 6.037679577741146630e+01 -2.659547791803229089e+00
3.930972210838812764e+00 5.793259253300518452e+01 6.074504627057794437e+01 -2.812453737572752299e+00
3.932083568918385730e+00 5.813638841203013641e+01 6.111495621861785565e+01 -2.978567806587713473e+00
3.933194926997959140e+00 5.832740921866894013e+01 6.148547469226267026e+01 -3.158065473593731909e+00
3.934306285077532550e+00 5.850444525425448461e+01 6.185547380556074870e+01 -3.351028551306280523e+00
3.935417643157105516e+00 5.866630681672808123e+01 6.222374351557003536e+01 -3.557436698841954126e+00
3.936529001236678926e+00 5.881182512600022960e+01 6.258898303968418020e+01 -3.777157913683931945e+00
3.937640359316252336e+00 5.893985155585219360e+01 6.294978957516683948e+01 -4.009938019314632562e+00
3.938751717395825303e+00 5.904925612314998062e+01 6.330464557758002542e+01 -4.255389454430048346e+00
3.939863075475398713e+00 5.913892635118151020e+01 6.365190633094506723e+01 -4.512979979763557914e+00
3.940974433554972123e+00 5.920776763821532285e+01 6.398978983226744077e+01 -4.782022194052105490e+00
3.942085791634545089e+00 5.925470610515283454e+01 6.431637104776450542e+01 -5.061664942611690421e+00
3.943197149714118055e+00 5.927869457266955067e+01 6.462958234414031722e+01 -5.350887771470760335e+00
3.944308507793691465e+00 5.927872186047192571e+01 6.492722136546146317e+01 -5.648499504989536568e+00
3.945419865873264875e+00 5.925382506527325432e+01 6.520696686956127053e+01 -5.953141804288014427e+00
3.946531223952837841e+00 5.920310393320719555e+01 6.546640215163857590e+01 -6.263298218431370579e+00
3.947642582032411251e+00 5.912573597735139685e+01 6.570304478759369715e+01 -6.577308810242298520e+00
3.948753940111984662e+00 5.902099067789007592e+01 6.591438065534723023e+01 -6.893389977457153428e+00
3.949865298191557628e+00 5.888824100057892963e+01 6.609789965755682317e+01 -7.209658656977896207e+00
3.950976656271131038e+00 5.872697061106621419e+01 6.625113036212583495e+01 -7.524159751059613654e+00
3.952088014350704448e+00 5.853677554719192955e+01 6.637167094072405860e+01 -7.834895393532115726e+00
3.953199372430277414e+00 5.831735970210336006e+01 6.645721430937241792e+01 -8.139854607269070286e+00
3.954310730509850824e+00 5.806852419947895072e+01 6.650556619401487524e+01 -8.437041994535920963e+00
3.955422088589424234e+00 5.779015151648646764e+01 6.651465584726892644e+01 -8.724504330782460571e+00
3.956533446668997200e+00 5.748218592760832735e+01 6.648254018966269996e+01 -9.000354262054365506e+00
3.957644804748570166e+00 5.714461240425276856e+01 6.640740309029024502e+01 -9.262790686037476462e+00
3.958756162828143577e+00 5.677743643066484935e+01 6.628755220280625338e+01 -9.510115772141396917e+00
3.959867520907716987e+00 5.638066723648262268e+01 6.612141613326804190e+01 -9.740748896785424549e+00
3.960978878987289953e+00 5.595430668970430332e+01 6.590754468817750933e+01 -9.953237998473204229e+00
3.962090237066863363e+00 5.549834557150095549e+01 6.564461454522680128e+01 -1.014626897372583159e+01
3.963201595146436773e+00 5.501276823439060593e+01 6.533144197467689196e+01 -1.031867374028628603e+01
3.964312953226009739e+00 5.449756582372258862e+01 6.496700333190743493e+01 -1.046943750818486230e+01
3.965424311305583149e+00 5.395275742878691716e+01 6.455046308543022349e+01 -1.059770565664328856e+01
3.966535669385156559e+00 5.337841783081376690e+01 6.408120828768163335e+01 -1.070279045686786112e+01
3.967647027464729526e+00 5.277471001802531703e+01 6.355888776547885755e+01 -1.078417774745354762e+01
3.968758385544302492e+00 5.214192039714916405e+01 6.298345398753296109e+01 -1.084153359038379705e+01
3.969869743623876346e+00 5.148049465921505430e+01 6.235520558418552639e+01 -1.087471092497045788e+01
3.970981101703449312e+00 5.079107252412951823e+01 6.167482881223957492e+01 -1.088375628811004958e+01
3.972092459783022278e+00 5.007452002371229582e+01 6.094343677973866846e+01 -1.086891675602637442e+01
3.973203817862595688e+00 4.933195848939554651e+01 6.016260583366219805e+01 -1.083064734426664621e+01
3.974315175942169098e+00 4.856478988018501752e+01 5.933440901116224353e+01 -1.076961913097722245e+01
3.975426534021742064e+00 4.777471841767563632e+01 5.846144671577929586e+01 -1.068672829810365066e+01
3.976537892101315474e+00 4.696376861222726973e+01 5.754687469641990560e+01 -1.058310608419261989e+01
3.977649250180888885e+00 4.613429963216611185e+01 5.659442893360363769e+01 -1.046012930143752051e+01
3.978760608260461851e+00 4.528901559899411922e+01 5.560844620641995562e+01 -1.031943060742583640e+01
3.979871966340035261e+00 4.443097084849728162e+01 5.459387803594865574e+01 -1.016290718745137944e+01
3.980983324419608671e+00 4.356356858505358787e+01 5.355629455609816603e+01 -9.992725971044592370e+00
3.982094682499181637e+00 4.269055080667277480e+01 5.250187387526223404e+01 -9.811323068589455687e+00
3.983206040578754603e+00 4.181597703111570041e+01 5.143737189810204313e+01 -9.621394866986339167e+00
3.984317398658328457e+00 4.094418933326955568e+01 5.037006758626170466e+01 -9.425878252992131223e+00
3.985428756737901423e+00 4.007976159796149318e+01 4.930767939684147194e+01 -9.227917798879980538e+00
3.986540114817474389e+00 3.922743173262912109e+01 4.825825020093475359e+01 -9.030818468305636060e+00
3.987651472897047800e+00 3.839201683743494442e+01 4.723000029194349025e+01 -8.837983454508542280e+00
3.988762830976621210e+00 3.757831289609937642e+01 4.623115096871590168e+01 -8.652838072616535925e+00
3.989874189056194176e+00 3.679098227036620727e+01 4.526972434325365668e+01 -8.478742072887442305e+00
3.990985547135767586e+00 3.603443395538026550e+01 4.435332812492420373e+01 -8.318894169543922246e+00
3.992096905215340996e+00 3.531270296701828926e+01 4.348893678940510910e+01 -8.176233822386814509e+00
3.993208263294913962e+00 3.462933618269756408e+01 4.268268238577983453e+01 -8.053346203082274002e+00
3.994319621374487372e+00 3.398729228254347845e+01 4.193966897201237742e+01 -7.952376689468895421e+00
3.995430979454060783e+00 3.338886304110489789e+01 4.126382411153294782e+01 -7.874961070428065035e+00
3.996542337533633749e+00 3.283562208583371245e+01 4.065779896850773412e+01 -7.822176882674026999e+00
3.997653695613206715e+00 3.232840543985475534e+01 4.012292541891068254e+01 -7.794519979055911207e+00
3.998765053692780569e+00 3.186732585824012176e+01 3.965923451022389656e+01 -7.791908651983771250e+00
3.999876411772353535e+00 3.145182037071766956e+01 3.926553593902893624e+01 -7.813715568311260462e+00
4.000987769851926501e+00 3.108072782215441876e+01 3.893955343740798725e+01 -7.858825615253568486e+00
4.002099127931499467e+00 3.075239082784146660e+01 3.867810655620625226e+01 -7.925715728364780333e+00
4.003210486011073321e+00 3.046477468299624647e+01 3.847732576316695230e+01 -8.012551080170709383e+00
4.004321844090646287e+00 3.021559458096704276e+01 3.833288540606358907e+01 -8.117290825096532103e+00
4.005433202170220142e+00 3.000244212087110895e+01 3.824023816170595325e+01 -8.237796040834844291e+00
4.006544560249793108e+00 2.982290254996750534e+01 3.819483517686037288e+01 -8.371932626892863993e+00
4.007655918329366074e+00 2.967465542215212793e+01 3.819231811376452157e+01 -8.517662691612379433e+00
4.008767276408939040e+00 2.955555321020873549e+01 3.822867249269757650e+01 -8.673119282488862325e+00
4.009878634488512894e+00 2.946367466970117022e+01 3.830033570566682499e+01 -8.836661035965649447e+00
4.010989992568085860e+00 2.939735216330116074e+01 3.840425741158110640e+01 -9.006905248279952758e+00
4.012101350647658826e+00 2.935517445674116388e+01 3.853791424683426925e+01 -9.182739790093089383e+00
4.013212708727232680e+00 2.933596845779084461e+01 3.869928446455698889e+01 -9.363316006766142507e+00
4.014324066806805646e+00 2.933876480629547601e+01 3.888679090537512906e+01 -9.548026099079665485e+00
4.015435424886378613e+00 2.936275302652013863e+01 3.909922237975525405e+01 -9.736469353235097657e+00
4.016546782965951579e+00 2.940723209359567392e+01 3.933564402725582454e+01 -9.928411933660155952e+00
4.017658141045525433e+00 2.947156179367865292e+01 3.959530657527368191e+01 -1.012374478159502544e+01
4.018769499125098399e+00 2.955511928991485959e+01 3.987756283926840695e+01 -1.032244354935355091e+01
4.019880857204672253e+00 2.965726400869069579e+01 4.018179757150531373e+01 -1.052453356281461971e+01
4.020992215284245219e+00 2.977731252150626418e+01 4.050737421017495166e+01 -1.073006168866868215e+01
4.022103573363818185e+00 2.991452370302210184e+01 4.085359954377532432e+01 -1.093907584075323847e+01
4.023214931443391151e+00 3.006809325505155073e+01 4.121970508587673265e+01 -1.115161183082517660e+01
4.024326289522965006e+00 3.023715581463187974e+01 4.160484227762680121e+01 -1.136768646299491614e+01
4.025437647602537972e+00 3.042079237167891037e+01 4.200808762778927274e+01 -1.158729525611036770e+01
4.026549005682110938e+00 3.061804061060252025e+01 4.242845358748164131e+01 -1.181041297687912639e+01
4.027660363761684792e+00 3.082790601163577904e+01 4.286490126789584565e+01 -1.203699525626007727e+01
4.028771721841257758e+00 3.104937201383880563e+01 4.331635189778830863e+01 -1.226697988394950301e+01
4.029883079920830724e+00 3.128140814339637998e+01 4.378169499091657713e+01 -1.250028684752020425e+01
4.030994438000403690e+00 3.152297563537462466e+01 4.425979234632698223e+01 -1.273681671095235046e+01
4.032105796079977544e+00 3.177303062597916750e+01 4.474947804959151654e+01 -1.297644742361235437e+01
4.033217154159550510e+00 3.203052539415263311e+01 4.524955543798718338e+01 -1.321903004383455738e+01
4.034328512239124365e+00 3.229440834955205020e+01 4.575879245496660275e+01 -1.346438410541455077e+01
4.035439870318697331e+00 3.256362349827028169e+01 4.627591693247734383e+01 -1.371229343420707991e+01
4.036551228398270297e+00 3.283710999951978238e+01 4.679961314718928378e+01 -1.396250314766948186e+01
4.037662586477843263e+00 3.311380220953988385e+01 4.732852058702399489e+01 -1.421471837748411460e+01
4.038773944557417117e+00 3.339263035719844197e+01 4.786123535095814674e+01 -1.446860499375969766e+01
4.039885302636990083e+00 3.367252177053077844e+01 4.839631410317509363e+01 -1.472379233264431164e+01
4.040996660716563049e+00 3.395240242274463327e+01 4.893228010917587056e+01 -1.497987768643124085e+01
4.042108018796136903e+00 3.423119851668714375e+01 4.946763065921769709e+01 -1.523643214253054623e+01
4.043219376875709870e+00 3.450783788077780656e+01 5.000084515453710310e+01 -1.549300727375930009e+01
4.044330734955282836e+00 3.478125108643768471e+01 5.053039327375237377e+01 -1.574914218731467486e+01
4.045442093034855802e+00 3.505037237944627293e+01 5.105474289663410303e+01 -1.600437051718782300e+01
4.046553451114429656e+00 3.531414069932253597e+01 5.157236776626808705e+01 -1.625822706694554753e+01
4.047664809194002622e+00 3.557150119685090317e+01 5.208175514108532411e+01 -1.651025394423442094e+01
4.048776167273576476e+00 3.582140771576325022e+01 5.258141386047601173e+01 -1.676000614471276862e+01
4.049887525353149442e+00 3.606282666299269835e+01 5.306988328212842987e+01 -1.700705661913573863e+01
4.050998883432722408e+00 3.629474255598388766e+01 5.354574343872161535e+01 -1.725100088273771348e+01
4.052110241512295374e+00 3.651616532809794791e+01 5.400762653179948813e+01 -1.749146120370153668e+01
4.053221599591869229e+00 3.672613923235868327e+01 5.445422958427683113e+01 -1.772809035191815497e+01
4.054332957671442195e+00 3.692375295562557369e+01 5.488432777827950559e+01 -1.796057482265391414e+01
4.055444315751015161e+00 3.710815038477709749e+01 5.529678778162404029e+01 -1.818863739684693925e+01
4.056555673830589015e+00 3.727854138897795622e+01 5.569058027093122121e+01 -1.841203888195326854e+01
4.057667031910161981e+00 3.743421201631214501e+01 5.606479092410256015e+01 -1.863057890779041159e+01
4.058778389989734947e+00 3.757453364708760546e+01 5.641862937957171198e+01 -1.884409573248410652e+01
4.059889748069307913e+00 3.769897087730230112e+01 5.675143601137214944e+01 -1.905246513406984121e+01
4.061001106148881767e+00 3.780708818418107597e+01 5.706268678689131235e+01 -1.925559860271023993e+01
4.062112464228454733e+00 3.789855570081766700e+01 5.735199688023931941e+01 -1.945344117942162399e+01
4.063223822308028588e+00 3.797315464640949756e+01 5.761912402750956375e+01 -1.964596938110006619e+01
4.064335180387601554e+00 3.803078307712596029e+01 5.786397276155756231e+01 -1.983318968443160557e+01
4.065446538467174520e+00 3.807146261036405122e+01 5.808660060903747535e+01 -2.001513799867343124e+01
4.066557896546747486e+00 3.809534662274427319e+01 5.828722706074920268e+01 -2.019188043800492238e+01
4.067669254626321340e+00 3.810273014326121199e+01 5.846624566432800663e+01 -2.036351552106679819e+01
4.068780612705894306e+00 3.809406129212136705e+01 5.862423899585918008e+01 -2.053017770373781659e+01
4.069891970785467272e+00 3.806995370350226437e+01 5.876199562848156432e+01 -2.069204192497928574e+01
4.071003328865041127e+00 3.803119897535969329e+01 5.888052762659094697e+01 -2.084932865123126078e+01
4.072114686944614093e+00 3.797877786924010479e+01 5.898108664444553284e+01 -2.100230877520543515e+01
4.073226045024187059e+00 3.791386878593121423e+01 5.906517646906760888e+01 -2.115130768313639820e+01
4.074337403103760025e+00 3.783785200016622241e+01 5.913455985987155117e+01 -2.129670785970533586e+01
4.075448761183333879e+00 3.775230826008483831e+01 5.919125780505887491e+01 -2.143894954497402949e+01
4.076560119262906845e+00 3.765901063371183710e+01 5.923753980432258714e+01 -2.157852917061075715e+01
4.077671477342480699e+00 3.755990888528688743e+01 5.927590443503414264e+01 -2.171599554974724811e+01
4.078782835422053665e+00 3.745710614526193893e+01 5.930905018168512299e+01 -2.185194403642320182e+01
4.079894193501626631e+00 3.735282814915102279e+01 5.933983721749179807e+01 -2.198700906834077173e+01
4.081005551581199597e+00 3.724938581334925658e+01 5.937124144338502418e+01 -2.212185563003576760e+01
4.082116909660773452e+00 3.714913234945761644e+01 5.940630255495693746e+01 -2.225717020549932457e+01
4.083228267740346418e+00 3.705441646379939868e+01 5.944806819301359724e+01 -2.239365172921419855e+01
4.084339625819919384e+00 3.696753343095235778e+01 5.949953633963030342e+01 -2.253200290867795630e+01
4.085450983899493238e+00 3.689067596747204902e+01 5.956359807713040766e+01 -2.267292210965836929e+01
4.086562341979066204e+00 3.682588687214482093e+01 5.964298267789912700e+01 -2.281709580575430607e+01
4.087673700058639170e+00 3.677501535415180456e+01 5.974020678946924079e+01 -2.296519143531743623e+01
4.088785058138212136e+00 3.673967885176645609e+01 5.985752926553616504e+01 -2.311785041376971250e+01
4.089896416217785990e+00 3.672123195811631291e+01 5.999691299512929987e+01 -2.327568103701300117e+01
4.091007774297358957e+00 3.672074381677906274e+01 6.015999490051682130e+01 -2.343925108373774435e+01
4.092119132376932811e+00 3.673898502215589446e+01 6.034806508655892543e+01 -2.360908006440302032e+01
4.093230490456505777e+00 3.677642464871868810e+01 6.056205588877571699e+01 -2.378563124005702178e+01
4.094341848536078743e+00 3.683323753345683826e+01 6.080254123603368299e+01 -2.396930370257683762e+01
4.095453206615651709e+00 3.690932135083978949e+01 6.106974627577091752e+01 -2.416042492493111382e+01
4.096564564695225563e+00 3.700432236855574786e+01 6.136356658702789701e+01 -2.435924421847215626e+01
4.097675922774798529e+00 3.711766809369727582e+01 6.168359554581486037e+01 -2.456592745211757389e+01
4.098787280854371495e+00 3.724860437102196187e+01 6.202915756600145869e+01 -2.478055319497950038e+01
4.099898638933945350e+00 3.739623395114773530e+01 6.239934411368204081e+01 -2.500311016253431617e+01
4.101009997013518316e+00 3.755955318819393085e+01 6.279304870963120777e+01 -2.523349552143726982e+01
4.102121355093091282e+00 3.773748343036790942e+01 6.320899672990105245e+01 -2.547151329953312882e+01
4.103232713172664248e+00 3.792889389257856436e+01 6.364576581373026443e+01 -2.571687192115170362e+01
4.104344071252238102e+00 3.813261337586019550e+01 6.410179317891918060e+01 -2.596917980305898510e+01
4.105455429331811068e+00 3.834742911161484358e+01 6.457536715700504715e+01 -2.622793804539020002e+01
4.106566787411384922e+00 3.857207220042788975e+01 6.506460174963055465e+01 -2.649252954920268621e+01
4.107678145490957888e+00 3.880519048121857395e+01 6.556739485082781016e+01 -2.676220436960922555e+01
4.108789503570530854e+00 3.904531106574415134e+01 6.608137278478025678e+01 -2.703606171903607347e+01
4.109900861650103820e+00 3.929079604347411703e+01 6.660382573255819239e+01 -2.731302968908407180e+01
4.111012219729676787e+00 3.953979583903625183e+01 6.713164020338561500e+01 -2.759184436434934540e+01
4.112123577809250641e+00 3.979020524705273232e+01 6.766123570391398800e+01 -2.787103045686125213e+01
4.113234935888823607e+00 4.003962717943359451e+01 6.818851298768956326e+01 -2.814888580825596875e+01
4.114346293968397461e+00 4.028534860195493650e+01 6.870882063172406617e+01 -2.842347202976914389e+01
4.115457652047970427e+00 4.052433204602572658e+01 6.921694520552020435e+01 -2.869261315949447777e+01
4.116569010127543393e+00 4.075322456646265579e+01 6.970712810744467447e+01 -2.895390354098201158e+01
4.117680368207116359e+00 4.096838424797526557e+01 7.017310948992883368e+01 -2.920472524195357167e+01
4.118791726286690213e+00 4.116592255607257300e+01 7.060819690542037108e+01 -2.944227434934780163e+01
4.119903084366263180e+00 4.134175921192575487e+01 7.100535374444349657e+01 -2.966359453251774880e+01
4.121014442445837034e+00 4.149168505929382889e+01 7.135730055825013096e+01 -2.986561549895630563e+01
4.122125800525410000e+00 4.161142775210318945e+01 7.165662124916158859e+01 -3.004519349705839559e+01
4.123237158604982966e+00 4.169671511829430699e+01 7.189586604924961932e+01 -3.019915093095530523e+01
4.124348516684555932e+00 4.174333175448687427e+01 7.206764422764452149e+01 -3.032431247315764367e+01
4.125459874764128898e+00 4.174716568869916244e+01 7.216470144960585742e+01 -3.041753576090670563e+01
4.126571232843702752e+00 4.170424364215553936e+01 7.217997939411364428e+01 -3.047573575195809070e+01
4.127682590923275718e+00 4.161075529102747339e+01 7.210665824803648150e+01 -3.049590295700901166e+01
4.128793949002849573e+00 4.146306870927465127e+01 7.193818560115663274e+01 -3.047511689188198503e+01
4.129905307082422539e+00 4.125774060658708464e+01 7.166829763754678595e+01 -3.041055703095971552e+01
4.131016665161995505e+00 4.099152584841101543e+01 7.129103999249400658e+01 -3.029951414408299826e+01
4.132128023241568471e+00 4.066139092426895729e+01 7.080079598244390127e+01 -3.013940505817494042e+01
4.133239381321142325e+00 4.026453548264824178e+01 7.019232904529154382e+01 -2.992779356264329849e+01
4.134350739400715291e+00 3.979842485048793321e+01 6.946084425833521436e+01 -2.966241940784729891e+01
4.135462097480288257e+00 3.926083477732749571e+01 6.860207101070477620e+01 -2.934123623337729114e+01
4.136573455559862111e+00 3.864990773880892050e+01 6.761236570857839467e+01 -2.896245796976947418e+01
4.137684813639435077e+00 3.796421829089216970e+01 6.648883027054493766e+01 -2.852461197965276796e+01
4.138796171719008044e+00 3.720284346968306721e+01 6.522943961193905693e+01 -2.802659614225597196e+01
4.139907529798581010e+00 3.636543331745584595e+01 6.383316972795667255e+01 -2.746773641050083370e+01
4.141018887878154864e+00 3.545227643017133801e+01 6.230011762704373268e+01 -2.684784119687239112e+01
4.142130245957727830e+00 3.446435599776281578e+01 6.063160530609523136e+01 -2.616724930833241913e+01
4.143241604037301684e+00 3.340339305325662878e+01 5.883026205138461506e+01 -2.542686899812798984e+01
4.144352962116874650e+00 3.227187535339540858e+01 5.690008224835941775e+01 -2.462820689496400561e+01
4.145464320196447616e+00 3.107307218826590756e+01 5.484645909029934785e+01 -2.377338690203343319e+01
4.146575678276020582e+00 2.981103712419995944e+01 5.267619751141841533e+01 -2.286516038721845945e+01
4.147687036355594437e+00 2.849060189625762263e+01 5.039751176574634428e+01 -2.190690986948872165e+01
4.148798394435167403e+00 2.711736512179955483e+01 4.802001386666820082e+01 -2.090264874486863889e+01
4.149909752514740369e+00 2.569767905429523225e+01 4.555469832036501288e+01 -1.985701926606977707e+01
4.151021110594314223e+00 2.423863623089004804e+01 4.301392620717638238e+01 -1.877528997628633434e+01
4.152132468673887189e+00 2.274805573993545593e+01 4.041140794082969734e+01 -1.766335220089424141e+01
4.153243826753460155e+00 2.123446624368466118e+01 3.776217947872288505e+01 -1.652771323503823453e+01
4.154355184833033121e+00 1.970708024676818226e+01 3.508256208124441144e+01 -1.537548183447621497e+01
4.155466542912606975e+00 1.817575187104646872e+01 3.239009174796184709e+01 -1.421433987691537659e+01
4.156577900992179941e+00 1.665090904148566864e+01 2.970340200966759880e+01 -1.305249296818193017e+01
4.157689259071753796e+00 1.514345088585567467e+01 2.704204351154107755e+01 -1.189859262568540110e+01
4.158800617151326762e+00 1.366460254025739474e+01 2.442622622128051191e+01 -1.076162368102311540e+01
4.159911975230899728e+00 1.222572247766549935e+01 2.187647523801226157e+01 -9.650752760346763992e+00
4.161023333310472694e+00 1.083806176781957653e+01 1.941319878356995332e+01 -8.575137015750373237e+00
4.162134691390046548e+00 9.512479952453759324e+00 1.705617636914739776e+01 -7.543696416693641993e+00
4.163246049469619514e+00 8.259127923114961689e+00 1.482398537037185271e+01 -6.564857447256891909e+00
4.164357407549192480e+00 7.087113647264102312e+00 1.273339412002865423e+01 -5.646280472764553693e+00
4.165468765628766334e+00 6.004171096253178241e+00 1.079875787634741791e+01 -4.794586780094237000e+00
4.166580123708339300e+00 5.016355636321340405e+00 9.031459469807897378e+00 -4.015103833486558749e+00
4.167691481787912267e+00 4.127789946046714675e+00 7.439438144407188425e+00 -3.311648198360477746e+00
4.168802839867485233e+00 3.340482934105706736e+00 6.026847543713564903e+00 -2.686364609607855058e+00
4.169914197947059087e+00 2.654240130290935529e+00 4.793876875123169512e+00 -2.139636744832232207e+00
4.171025556026632053e+00 2.066677875480179782e+00 3.736758454828243980e+00 -1.670080579348064864e+00
4.172136914106205907e+00 1.573345872749999597e+00 2.847971009495378514e+00 -1.274625136745376253e+00
4.173248272185778873e+00 1.167954024397952706e+00 2.116632598068296289e+00 -9.486785736703473582e-01
4.174359630265351839e+00 8.426908410291884532e-01 1.529061376251866777e+00 -6.863705352226713297e-01
4.175470988344924805e+00 5.886129722578566925e-01 1.069468285611834046e+00 -4.808553133539756885e-01
4.176582346424497771e+00 3.960794007053615173e-01 7.207346159728759138e-01 -3.246552152675092895e-01
4.177693704504071626e+00 2.552002133780625903e-01 4.652204698940738403e-01 -2.100202565160094736e-01
4.178805062583645480e+00 1.562690140135150063e-01 2.855482091483185214e-01 -1.292791951348044310e-01
4.179916420663218446e+00 9.015005992439548144e-02 1.653082013189418054e-01 -7.515814139454468634e-02
4.181027778742791412e+00 4.859587479780053121e-02 8.964225579340973082e-02 -4.104638099560758979e-02
4.182139136822364378e+00 2.447789266318656232e-02 4.567215922564249464e-02 -2.119426656245493312e-02
4.183250494901937344e+00 1.192088715803085730e-02 2.275538337561033853e-02 -1.083449621757612280e-02
4.184361852981511198e+00 6.340653615834801471e-03 1.256576721120633566e-02 -6.225113595375142417e-03
4.185473211061084164e+00 4.392723184180602480e-03 9.012112969938673723e-03 -4.619389785763414191e-03
4.186584569140658019e+00 3.846953717235868098e-03 8.020638108075794914e-03 -4.173684390837900660e-03
4.187695927220230985e+00 3.407985419993007914e-03 7.216837306326856494e-03 -3.808851886330302805e-03
4.188807285299803951e+00 2.504336140118131743e-03 5.547704608331642528e-03 -3.043368468211710143e-03
4.189918643379376917e+00 1.069192314929648391e-03 2.886129410922283478e-03 -1.816937095988430118e-03
4.191030001458949883e+00 -6.661317480293471593e-04 -3.441765181171341226e-04 -3.219552299115191474e-04
4.192141359538523737e+00 -2.349138690485919057e-03 -3.491948216447687825e-03 1.142809525964891271e-03
4.193252717618097591e+00 -3.641972997022291381e-03 -5.928204893998867409e-03 2.286231896973717204e-03
4.194364075697670557e+00 -4.310642783154766677e-03 -7.211937318924832585e-03 2.901294535773174532e-03
4.195475433777243524e+00 -4.268088417217541508e-03 -7.171748000174449356e-03 2.903659582955270269e-03
4.196586791856816490e+00 -3.576696737097040391e-03 -5.913035103449371110e-03 2.336338366353940543e-03
4.197698149936389456e+00 -2.419695052432363491e-03 -3.767478921740896602e-03 1.347783869307894733e-03
4.198809508015963310e+00 -1.053055637858263394e-03 -1.205812449954796195e-03 1.527568120918421091e-04
4.199920866095536276e+00 2.499960505553955326e-04 1.264073122649006509e-03 -1.014077072090363574e-03
4.201032224175110130e+00 1.250916651921535339e-03 3.193515926305373620e-03 -1.942599274382061925e-03
4.202143582254683096e+00 1.785690713160641152e-03 4.268055740420745314e-03 -2.482365027266751623e-03
4.203254940334256062e+00 1.787293696011745328e-03 4.350911433471382761e-03 -2.563617737457874954e-03
4.204366298413829028e+00 1.289013602078781240e-03 3.491326085204290997e-03 -2.202312483125502818e-03
4.205477656493401994e+00 4.101877547784751887e-04 1.900253843681448673e-03 -1.490066088899726082e-03
4.206589014572975849e+00 -6.714297009198511024e-04 -9.916854574645861398e-05 -5.722611551668907448e-04
4.207700372652549703e+00 -1.754756023936404619e-03 -2.135675329137415313e-03 3.809193052005943603e-04
4.208811730732122669e+00 -2.651415305511967135e-03 -3.856519614531678242e-03 1.205104309024651599e-03
4.209923088811695635e+00 -3.216693074263476948e-03 -4.985525450690087013e-03 1.768832376427262321e-03
4.211034446891268601e+00 -3.370758383908267763e-03 -5.363768823317321965e-03 1.993010439409359513e-03
4.212145804970841567e+00 -3.107479933371029568e-03 -4.967677619120869359e-03 1.860197685754072516e-03
4.213257163050415421e+00 -2.490386044313744329e-03 -3.903409097246679504e-03 1.413023052930770240e-03
4.214368521129988387e+00 -1.637423612352958968e-03 -2.380267305990835247e-03 7.428436936349896991e-04
4.215479879209562242e+00 -6.978430455275019817e-04 -6.690735556309501675e-04 -2.876948989784244848e-05
4.216591237289135208e+00 1.744499688191569753e-04 9.466278193482613457e-04 -7.721778505289933481e-04
4.217702595368708174e+00 8.464863752136453368e-04 2.218074428527117004e-03 -1.371588053309627520e-03
4.218813953448281140e+00 1.226678214899867142e-03 2.969859120344975345e-03 -1.743180905441576306e-03
4.219925311527854106e+00 1.277138031144925759e-03 3.123898198296157225e-03 -1.846760167149890525e-03
4.221036669607427960e+00 1.016406431302352420e-03 2.705858387987841729e-03 -1.689451956687064438e-03
4.222148027687001814e+00 5.127644132732131488e-04 1.834129534188641553e-03 -1.321365120913183672e-03
4.223259385766574781e+00 -1.301849860764481281e-04 6.942435766101456851e-04 -8.244285626857056348e-04
4.224370743846147747e+00 -7.928383880076300683e-04 -4.961871716139543143e-04 -2.966512163956602777e-04
4.225482101925720713e+00 -1.360370434711988263e-03 -1.525712693202979642e-03 1.653422584952241037e-04
4.226593460005293679e+00 -1.741492708779157628e-03 -2.224026166380566050e-03 4.825334575988549091e-04
4.227704818084867533e+00 -1.882247320731486595e-03 -2.488140631919572021e-03 6.058933111885017597e-04
4.228816176164440499e+00 -1.772862363027538635e-03 -2.295959705302719200e-03 5.230973422748752544e-04
4.229927534244014353e+00 -1.446932196102201917e-03 -1.705697520117011035e-03 2.587653240143650279e-04
4.231038892323587319e+00 -9.734721111609584421e-04 -8.419876384173630157e-04 -1.314844727422215254e-04
4.232150250403160285e+00 -4.435257817756305121e-04 1.283554243592943678e-04 -5.718812061336689401e-04
4.233261608482733251e+00 4.619743547233656766e-05 1.026422029687751314e-03 -9.802245942150608626e-04
4.234372966562306217e+00 4.098209258478618944e-04 1.691908660182414592e-03 -1.282087734340256469e-03
4.235484324641880072e+00 5.862196063993914408e-04 2.009353291023273369e-03 -1.423133684621873118e-03
4.236595682721453926e+00 5.481965589286437457e-04 1.925790290769275118e-03 -1.377593731842649723e-03
4.237707040801026892e+00 3.056316781476428601e-04 1.457299199207846840e-03 -1.151667521061394001e-03
4.238818398880599858e+00 -9.763951978120771757e-05 6.838484718928311556e-04 -7.814879916732964116e-04
4.239929756960172824e+00 -5.924236519875558660e-04 -2.662259426661345296e-04 -3.261977093196033461e-04
4.241041115039745790e+00 -1.096590941378219886e-03 -1.239129904366226276e-03 1.425389629861467666e-04
4.242152473119319644e+00 -1.529114652474655722e-03 -2.081846427945344136e-03 5.527317754675520334e-04
4.243263831198892611e+00 -1.823352565939587167e-03 -2.667255706129412207e-03 8.439031401887148176e-04
4.244375189278466465e+00 -1.937418355339962095e-03 -2.914056424381972210e-03 9.766380690421211375e-04
4.245486547358039431e+00 -1.860055755291467605e-03 -2.798413031470520229e-03 9.383572761791358907e-04
4.246597905437612397e+00 -1.611229096862246135e-03 -2.355723101763212979e-03 7.444940048995235538e-04
4.247709263517185363e+00 -1.237540784123469795e-03 -1.672574178612523665e-03 4.350333944868403635e-04
4.248820621596758329e+00 -8.034301971737850545e-04 -8.705614385834253843e-04 6.713124140673293327e-05
4.249931979676332183e+00 -3.797643215975726738e-04 -8.490933881795392768e-05 -2.948549827754970432e-04
4.251043337755906038e+00 -3.179866797946295787e-05 5.584120616647925139e-04 -5.902107296424756455e-04
4.252154695835479004e+00 1.914814400905025249e-04 9.632647442150733819e-04 -7.717833041245604486e-04
4.253266053915051970e+00 2.649272321884757822e-04 1.078306902953105745e-03 -8.133796707647444543e-04
4.254377411994624936e+00 1.905559801530544439e-04 9.040617180366451733e-04 -7.135057378845968690e-04
4.255488770074197902e+00 -3.765918029627335351e-06 4.911721369935465042e-04 -4.949380550222856612e-04
4.256600128153771756e+00 -2.699186427964767043e-04 -6.960789288777691208e-05 -2.003107499063822017e-04
4.257711486233344722e+00 -5.483444945960716521e-04 -6.638020792532062231e-04 1.154575846572386544e-04
4.258822844312918576e+00 -7.785285299738986531e-04 -1.173110966298657187e-03 3.945824363235442278e-04
4.259934202392491542e+00 -9.093636668292409686e-04 -1.495462852938236886e-03 5.860991861092526567e-04
4.261045560472064508e+00 -9.076917924837890617e-04 -1.561928346886912178e-03 6.542365544040459890e-04
4.262156918551637474e+00 -7.636614673130065478e-04 -1.347812652307420200e-03 5.841511849968353265e-04
4.263268276631210441e+00 -4.921033410244940454e-04 -8.762598121250658734e-04 3.841564710971787089e-04
4.264379634710784295e+00 -1.297986761160663249e-04 -2.139636156724272764e-04 8.416493955538256744e-05
4.265490992790357261e+00 2.708087692533805990e-04 5.401302230887972122e-04 -2.693214538319818607e-04
4.266602350869931115e+00 6.503416216489601998e-04 1.271136020508906173e-03 -6.207943988634639920e-04
4.267713708949504081e+00 9.521750313856193471e-04 1.866803489955083661e-03 -9.146284585706890291e-04
4.268825067029077047e+00 1.131480898844589716e-03 2.235315163113881648e-03 -1.103834264272957402e-03
4.269936425108650013e+00 1.162178768551639686e-03 2.319472534604877234e-03 -1.157293766054261902e-03
4.271047783188223868e+00 1.040721487192419747e-03 2.105095982649490827e-03 -1.064374495456364179e-03
4.272159141267796834e+00 7.861866395314498490e-04 1.622452736640481175e-03 -8.362660971105613517e-04
4.273270499347370688e+00 4.367581818740806643e-04 9.406778629515027967e-04 -5.039196810747541277e-04
4.274381857426943654e+00 4.326490614337680229e-05 1.562750785494004813e-04 -1.130101724033660826e-04
4.275493215506516620e+00 -3.391003056561758822e-04 -6.223027976928752203e-04 2.832024920364425991e-04
4.276604573586089586e+00 -6.594947536165407520e-04 -1.291430610424734726e-03 6.319358568089086803e-04
4.277715931665662552e+00 -8.791588373289541125e-04 -1.767748116925038637e-03 8.885892795939751010e-04
4.278827289745236406e+00 -9.769541218922830894e-04 -1.999865315228610552e-03 1.022911193335966640e-03
4.279938647824809372e+00 -9.518856461448871320e-04 -1.974622769587347504e-03 1.022737123444125706e-03
4.281050005904383227e+00 -8.223019788874269542e-04 -1.717126449165468083e-03 8.948244702785268512e-04
4.282161363983956193e+00 -6.220155053339171403e-04 -1.284803430160005866e-03 6.627879248215021168e-04
4.283272722063529159e+00 -3.940785222565981738e-04 -7.566764421523541895e-04 3.625979198919257462e-04
4.284384080143102125e+00 -1.833091341141568353e-04 -2.197796647426947247e-04 3.647053063067506873e-05
4.285495438222675979e+00 -2.883003578045897908e-05 2.449749439823595276e-04 -2.738049797669749041e-04
4.286606796302248945e+00 4.215918376484356633e-05 5.751741398374986963e-04 -5.330149560737133113e-04
4.287718154381822799e+00 1.839661401245584749e-05 7.355949707158800782e-04 -7.171983567036376017e-04
4.288829512461395765e+00 -9.422559641680122722e-05 7.219645641688213211e-04 -8.161901605890625050e-04
4.289940870540968731e+00 -2.743490671946388626e-04 5.594025106489264321e-04 -8.337515778435548863e-04
4.291052228620541698e+00 -4.893646494142853132e-04 2.960544150825139553e-04 -7.854190644959908874e-04
4.292163586700114664e+00 -7.013722345650535983e-04 -6.796204673698014176e-06 -6.945760298875738870e-04
4.293274944779688518e+00 -8.738356388503717986e-04 -2.863125512630460001e-04 -5.875230875865208868e-04
4.294386302859261484e+00 -9.777981134942645425e-04 -4.893450510533581266e-04 -4.884530624433003343e-04
4.295497660938835338e+00 -9.966289590411236965e-04 -5.814199966546335085e-04 -4.152089623871146884e-04
4.296609019018408304e+00 -9.285445425200392067e-04 -5.520175896750606492e-04 -3.765269528431119950e-04
4.297720377097981270e+00 -7.865384124528113086e-04 -4.153616594592401956e-04 -3.711767529940498966e-04
4.298831735177554236e+00 -5.957975213117458479e-04 -2.067359373437577252e-04 -3.890615839672179055e-04
4.299943093257128091e+00 -3.891003636312950764e-04 2.489001622307807082e-05 -4.139903798505428778e-04
4.301054451336701057e+00 -2.010193109262189970e-04 2.265268905282391554e-04 -4.275462014578929049e-04
4.302165809416274911e+00 -6.193161035711672313e-05 3.513630579135736121e-04 -4.132946682697223595e-04
4.303277167495847877e+00 7.145562111163239472e-06 3.676787529565371526e-04 -3.605331908458249413e-04
4.304388525575420843e+00 -1.961002839745776272e-06 2.649193159241971379e-04 -2.668803187657713127e-04
4.305499883654993809e+00 -8.333686179312280173e-05 5.588801562411357948e-05 -1.392248774189277366e-04
4.306611241734566775e+00 -2.181505999594608725e-04 -2.252940369508321661e-04 7.143436991929874580e-06
4.307722599814140629e+00 -3.780064817362760454e-04 -5.290766717340328329e-04 1.510701899981141405e-04
4.308833957893713595e+00 -5.298863539639139808e-04 -7.991728438469375417e-04 2.692864898827251885e-04
4.309945315973287450e+00 -6.418327965831346904e-04 -9.825340404323035237e-04 3.407012438505080398e-04
4.311056674052860416e+00 -6.884154919545235063e-04 -1.038877641812874231e-03 3.504621498593499251e-04
4.312168032132433382e+00 -6.550734769510402344e-04 -9.481199221232500252e-04 2.930464451714534513e-04
4.313279390212006348e+00 -5.406259316240516477e-04 -7.144315460892308733e-04 1.738056144666502711e-04
4.314390748291579314e+00 -3.575576046221384807e-04 -3.662096869507247554e-04 8.652082327600951750e-06
4.315502106371153168e+00 -1.300579894964459804e-04 4.804686930832968716e-05 -1.781048588008274369e-04
4.316613464450727022e+00 1.098367318119013170e-04 4.672831703021670946e-04 -3.574464384921462179e-04
4.317724822530299988e+00 3.273441300196237858e-04 8.276050823789113386e-04 -5.002609523583056994e-04
4.318836180609872955e+00 4.904309516564897553e-04 1.072558323605681679e-03 -5.821273719489143683e-04
4.319947538689445921e+00 5.748064121629831852e-04 1.162269875246247502e-03 -5.874634630833753396e-04
4.321058896769018887e+00 5.676148015404816963e-04 1.079944922069928440e-03 -5.123301205280056218e-04
4.322170254848592741e+00 4.692565136491938516e-04 8.346539162354879582e-04 -3.653974025870183537e-04
4.323281612928165707e+00 2.930833034488801447e-04 4.599592103875504989e-04 -1.668759069371663489e-04
4.324392971007739561e+00 6.306530679537486472e-05 8.615830879014907406e-06 5.444947591944776510e-05
4.325504329087312527e+00 -1.901445821388750290e-04 -4.557773417997665333e-04 2.656327596598020979e-04
4.326615687166885493e+00 -4.340725955812585468e-04 -8.688068138160004450e-04 4.347342182381905284e-04
4.327727045246458459e+00 -6.394020958778515173e-04 -1.175320613541572246e-03 5.359185176659966854e-04
4.328838403326031425e+00 -7.842603706089898430e-04 -1.337923272893101756e-03 5.536629022815930945e-04
4.329949761405605280e+00 -8.571428093327587705e-04 -1.342533378585100690e-03 4.853905692528137639e-04
4.331061119485179134e+00 -8.580465744954524077e-04 -1.200138211122150911e-03 3.420916366263862529e-04
4.332172477564752100e+00 -7.976941493473624356e-04 -9.445070829852270089e-04 1.468129336373025229e-04
4.333283835644325066e+00 -6.950474044114737793e-04 -6.262842117475964088e-04 -6.876319266470656832e-05
4.334395193723898032e+00 -5.735913810367247734e-04 -3.044650695618322800e-04 -2.691263114730502171e-04
4.335506551803470998e+00 -4.570581997142292990e-04 -3.667263021751160368e-05 -4.203855694980152685e-04
4.336617909883044852e+00 -3.653352313088414904e-04 1.301736342115208944e-04 -4.955088655198714581e-04
4.337729267962617818e+00 -3.112480736617399824e-04 1.672887238096665286e-04 -4.785367974713015601e-04
4.338840626042191673e+00 -2.987396735983031265e-04 6.837605190514357834e-05 -3.671157255042936836e-04
4.339951984121764639e+00 -3.227130914212825163e-04 -1.497547914155565596e-04 -1.729583000027318240e-04
4.341063342201337605e+00 -3.705116024472661362e-04 -4.503473325905282820e-04 7.983573014390052403e-05
4.342174700280910571e+00 -4.247267394156747922e-04 -7.830592193800237077e-04 3.583324799624060253e-04
4.343286058360483537e+00 -4.668005285243456703e-04 -1.092436189157275361e-03 6.256356606349974814e-04
4.344397416440057391e+00 -4.807598943388641244e-04 -1.327082265702286823e-03 8.463223713654870195e-04
4.345508774519631245e+00 -4.564094741249247189e-04 -1.448017958268016381e-03 9.916084841454300691e-04
4.346620132599204211e+00 -3.914142763259548241e-04 -1.434874863970536651e-03 1.043460587644189780e-03
4.347731490678777178e+00 -2.919062071865749508e-04 -1.288950578498565536e-03 9.970443713080978654e-04
4.348842848758350144e+00 -1.715125661347835506e-04 -1.032677451525861045e-03 8.611648853901303358e-04
4.349954206837923110e+00 -4.898415134876182853e-05 -7.056533372676310201e-04 6.566691859192543002e-04
4.351065564917496964e+00 5.515262498632239607e-05 -3.579435089263172109e-04 4.130961339125077680e-04
4.352176922997069930e+00 1.223234942059406305e-04 -4.179866500638590443e-05 1.641221592156398568e-04
4.353288281076643784e+00 1.393503220096029005e-04 1.968253226149185853e-04 -5.747500060154613066e-05
4.354399639156216750e+00 1.009955637051619670e-04 3.255512808451625426e-04 -2.245557171411099312e-04
4.355510997235789716e+00 1.114612806460413275e-05 3.304943521928701070e-04 -3.193482241285877654e-04
4.356622355315362682e+00 -1.175895899158483499e-04 2.180421778706122249e-04 -3.356317677860294960e-04
4.357733713394935648e+00 -2.658231458144456882e-04 1.326851110462073935e-05 -2.790916569193925556e-04
4.358845071474509503e+00 -4.105502161561372376e-04 -2.446927927897621369e-04 -1.658574233672598097e-04
4.359956429554083357e+00 -5.290073511101008041e-04 -5.094893776098410876e-04 -1.951797349883724331e-05
4.361067787633656323e+00 -6.025664203055391965e-04 -7.354308050761676485e-04 1.328643847720890891e-04
4.362179145713229289e+00 -6.199983258773633654e-04 -8.850789855733426359e-04 2.650806596971276574e-04
4.363290503792802255e+00 -5.795379248167698005e-04 -9.352908480484978249e-04 3.557529232286991971e-04
4.364401861872375221e+00 -4.893798313206632056e-04 -8.807346617046782344e-04 3.913548303826029640e-04
4.365513219951949075e+00 -3.664968381026229016e-04 -7.343394766101615789e-04 3.678426385070321381e-04
4.366624578031522041e+00 -2.339551724414579148e-04 -5.246590218489360913e-04 2.907038494084461522e-04
4.367735936111095896e+00 -1.171561962285232184e-04 -2.906489962752889511e-04 1.734928000478586085e-04
4.368847294190668862e+00 -3.961940195580312962e-05 -7.478368487438824541e-05 3.516428291942125250e-05
4.369958652270241828e+00 -1.900518281865680448e-05 8.429604995355277630e-05 -1.033012327738211389e-04
4.371070010349814794e+00 -6.404332801910554013e-05 1.583487616804053755e-04 -2.223920897002672550e-04
4.372181368429387760e+00 -1.728893006010204930e-04 1.342069665049086535e-04 -3.070962671063840778e-04
4.373292726508961614e+00 -3.331984901010446448e-04 1.578860242323031071e-05 -3.489870925229860560e-04
4.374404084588535468e+00 -5.239268876499544869e-04 -1.768656560233242137e-04 -3.470612316249978985e-04
4.375515442668108435e+00 -7.185815436950501733e-04 -4.113314375595034100e-04 -3.072501061345510320e-04
4.376626800747681401e+00 -8.894029357051774776e-04 -6.486470828701157432e-04 -2.407558528375701445e-04
4.377738158827254367e+00 -1.011804107139871456e-03 -8.502439109439874354e-04 -1.615601961985242696e-04
4.378849516906827333e+00 -1.068344452055898508e-03 -9.847578786454508348e-04 -8.358657340906336386e-05
4.379960874986401187e+00 -1.051587483509398846e-03 -1.033545923648557241e-03 -1.804155986397104616e-05
4.381072233065974153e+00 -9.653704901227203039e-04 -9.939554241648607125e-04 2.858493404258796722e-05
4.382183591145548007e+00 -8.242706304791742877e-04 -8.797810377917311686e-04 5.551040731388567906e-05
4.383294949225120973e+00 -6.513448118916978502e-04 -7.188242399557426277e-04 6.747942806569623420e-05
4.384406307304693939e+00 -4.745017130624758217e-04 -5.479659987982499203e-04 7.346428573606206269e-05
4.385517665384266905e+00 -3.220874730474887482e-04 -4.065889006079070889e-04 8.450142755941567052e-05
4.386629023463839872e+00 -2.183952741515744062e-04 -3.294701564413096695e-04 1.110748822873760394e-04
4.387740381543413726e+00 -1.798221420457948860e-04 -3.403633867678085290e-04 1.605412447202763174e-04
4.388851739622987580e+00 -2.122915715169206800e-04 -4.473785707749255991e-04 2.350869992573953807e-04
4.389963097702560546e+00 -3.103551532801498633e-04 -6.409739273166344814e-04 3.306187740364698729e-04
4.391074455782133512e+00 -4.581138089882318826e-04 -8.949398062911631535e-04 4.368259973039478189e-04
4.392185813861706478e+00 -6.318040911390369885e-04 -1.170254934702609495e-03 5.384508435607119475e-04
4.393297171941279444e+00 -8.036254944986179205e-04 -1.421212629466352129e-03 6.175871349659717291e-04
4.394408530020853298e+00 -9.461848256743995988e-04 -1.602829149824278043e-03 6.566443241503502892e-04
4.395519888100426265e+00 -1.036835929151012914e-03 -1.678322495538578374e-03 6.414865663887381331e-04
4.396631246180000119e+00 -1.061213242520800404e-03 -1.625425291384111071e-03 5.642120488647747734e-04
4.397742604259573085e+00 -1.015392212794091753e-03 -1.440474739355136757e-03 4.250825265579918910e-04
4.398853962339146051e+00 -9.063362925837425976e-04 -1.139577150902931768e-03 2.332408583196922403e-04
4.399965320418719017e+00 -7.505717515180095056e-04 -7.566166130561768899e-04 6.044861535957346543e-06
4.401076678498291983e+00 -5.713216776967074140e-04 -3.383898430350529285e-04 -2.329318346617169355e-04
4.402188036577865837e+00 -3.945817661840586577e-04 6.238152951992814721e-05 -4.569632957052774391e-04
4.403299394657439692e+00 -2.447917167281016271e-04 3.950609092063656069e-04 -6.398526259359035850e-04
4.404410752737012658e+00 -1.408193895844189053e-04 6.188567281506501122e-04 -7.596761177363735296e-04
4.405522110816585624e+00 -9.292012344234079277e-05 7.090940202427757286e-04 -8.020141436827980634e-04
4.406633468896158590e+00 -1.011700080484267614e-04 6.609931698425891219e-04 -7.621631778903460632e-04
4.407744826975731556e+00 -1.556264724261215149e-04 4.903480293873344054e-04 -6.459745018160632096e-04
4.408856185055305410e+00 -2.381827378867655554e-04 2.309905532112896398e-04 -4.691732910980794813e-04
4.409967543134878376e+00 -3.258016937523269818e-04 -7.055767779776123128e-05 -2.552440159557124028e-04
4.411078901214452230e+00 -3.945857955651756177e-04 -3.623980652853742157e-04 -3.218773027938159892e-05
4.412190259294025196e+00 -4.240003316376070308e-04 -5.953710542691767471e-04 1.713707226299009123e-04
4.413301617373598162e+00 -4.005407971819224811e-04 -7.306900624725748417e-04 3.301492652909229775e-04
4.414412975453171128e+00 -3.202256366343636529e-04 -7.458891620252330878e-04 4.256635253910463768e-04
4.415524333532744095e+00 -1.894885300785277560e-04 -6.381543656775456874e-04 4.486658355982720003e-04
4.416635691612317949e+00 -2.430817826631903600e-05 -4.245299475112151999e-04 4.002217692432204210e-04
4.417747049691891803e+00 1.522949991417353599e-04 -1.389918990760477535e-04 2.912868982189106837e-04
4.418858407771464769e+00 3.139944780176720518e-04 1.731205413277314697e-04 1.408739366898191514e-04
4.419969765851037735e+00 4.355180966487716410e-04 4.624075214900054409e-04 -2.688942484556020029e-05
4.421081123930610701e+00 4.969179886688112474e-04 6.832692447251570433e-04 -1.863512560582609306e-04
4.422192482010183667e+00 4.870434534469856268e-04 8.010707263454291960e-04 -3.140272729014927794e-04
4.423303840089757522e+00 4.056348766094033248e-04 7.974804345410825210e-04 -3.918455579300164637e-04
4.424415198169330488e+00 2.636773543641182660e-04 6.731563566748886840e-04 -4.094790023103835747e-04
4.425526556248904342e+00 8.193355305569777203e-05 4.473863140437780994e-04 -3.654527609882442588e-04
4.426637914328477308e+00 -1.121289234900305076e-04 1.547812116929475623e-04 -2.669101351812242645e-04
4.427749272408050274e+00 -2.885378043092946820e-04 -1.604094652972246071e-04 -1.281283390129235589e-04
4.428860630487623240e+00 -4.194795434273035362e-04 -4.514168793909173472e-04 3.193733596494260918e-05
4.429971988567196206e+00 -4.836811537671618921e-04 -6.763462641303299994e-04 1.926651103606631665e-04
4.431083346646770060e+00 -4.698055374739752710e-04 -8.046562021822301070e-04 3.348506647036543493e-04
4.432194704726343026e+00 -3.783090463586047392e-04 -8.216997196462891284e-04 4.433906732881631729e-04
4.433306062805916881e+00 -2.214532469768104583e-04 -7.306308468548461388e-04 5.091775998783305834e-04
4.434417420885489847e+00 -2.145678193669203759e-05 -5.514164337408061778e-04 5.299596518036284176e-04
4.435528778965062813e+00 1.929293321438138586e-04 -3.171656046218815361e-04 5.100949367656017197e-04
4.436640137044635779e+00 3.908864372244875290e-04 -6.842113072095049042e-05 4.593075679450546456e-04
4.437751495124209633e+00 5.443282945948868523e-04 1.536215744026396546e-04 3.907067201933470124e-04
4.438862853203782599e+00 6.322757767380123017e-04 3.138422163445897528e-04 3.184335603949473709e-04
4.439974211283356453e+00 6.441108675028742615e-04 3.887703310872462487e-04 2.553405364160059657e-04
4.441085569362929419e+00 5.811911327885796105e-04 3.701123524246612007e-04 2.110787803605350486e-04
4.442196927442502385e+00 4.565653675811000289e-04 2.656855124365670173e-04 1.908798551467170285e-04
4.443308285522075352e+00 2.928323775109806237e-04 9.764728405467146266e-05 1.951850934552665923e-04
4.444419643601648318e+00 1.184798025769019658e-04 -1.016435689508363160e-04 2.201233715265361185e-04
4.445531001681222172e+00 -3.671845122974262687e-05 -2.954112818592535827e-04 2.586928306294120766e-04
4.446642359760795138e+00 -1.465176978568440147e-04 -4.489059569547856898e-04 3.023882590980839224e-04
4.447753717840368992e+00 -1.924680348547209985e-04 -5.354199434932163659e-04 3.429519086385578175e-04
4.448865075919941958e+00 -1.669536860800235889e-04 -5.408743783288233464e-04 3.739206922500071251e-04
4.449976433999514924e+00 -7.452339733094240359e-05 -4.662192263205355847e-04 3.916958289883060162e-04
4.451087792079087890e+00 6.870110296331929933e-05 -3.272598049415612054e-04 3.959609079059074610e-04
4.452199150158661745e+00 2.374485403062454036e-04 -1.519535071224167866e-04 3.894020474306016111e-04
4.453310508238234711e+00 4.011751089050188263e-04 2.435917304697415853e-05 3.768159358602234804e-04
4.454421866317808565e+00 5.287887536088789475e-04 1.649843719401314357e-04 3.638043816658036861e-04
4.455533224397381531e+00 5.934825028910580003e-04 2.381547282833389872e-04 3.553277746071933918e-04
4.456644582476954497e+00 5.769232725967754667e-04 2.225112990502002910e-04 3.544119735479061423e-04
4.457755940556527463e+00 4.721456398131288965e-04 1.108752801754651560e-04 3.612703596381143349e-04
4.458867298636100429e+00 2.847047816603096027e-04 -8.831689150957076906e-05 3.730216731696600618e-04
4.459978656715674283e+00 3.191629347370529557e-05 -3.521535970358244394e-04 3.840698905083839501e-04
4.461090014795247249e+00 -2.596905121540274419e-04 -6.467762301300521155e-04 3.870857179772944912e-04
4.462201372874821104e+00 -5.583021403859390885e-04 -9.327154617473562559e-04 3.744133213609245059e-04
4.463312730954394070e+00 -8.315177062191252133e-04 -1.171159464311122278e-03 3.396417580899362132e-04
4.464424089033967036e+00 -1.051083479062756010e-03 -1.330127136403742860e-03 2.790436573423087097e-04
4.465535447113540002e+00 -1.196936762931522652e-03 -1.389537805712208474e-03 1.926010427791939594e-04
4.466646805193112968e+00 -1.259945577524054783e-03 -1.344352802119516688e-03 8.440722459674906974e-05
4.467758163272686822e+00 -1.242940135040917354e-03 -1.205282725087762630e-03 -3.765740995243654909e-05
4.468869521352260676e+00 -1.159902418975931188e-03 -9.969543165230382309e-04 -1.629481024526362176e-04
4.469980879431833642e+00 -1.033468176059638283e-03 -7.538465995577565970e-04 -2.796215765015642313e-04
4.471092237511406609e+00 -8.911559288787979094e-04 -5.146691195949126829e-04 -3.764868092846086062e-04
4.472203595590979575e+00 -7.609296893038540455e-04 -3.161064516681959258e-04 -4.448232376343223826e-04
4.473314953670552541e+00 -6.667966238063280891e-04 -1.869519669213878799e-04 -4.798446568854523864e-04
4.474426311750126395e+00 -6.251244370734745405e-04 -1.435847146822005586e-04 -4.815397223914658856e-04
4.475537669829699361e+00 -6.422398338149200650e-04 -1.875183245402464727e-04 -4.547215092726734562e-04
4.476649027909273215e+00 -7.136600014288445315e-04 -3.054076535106108048e-04 -4.082523479203509567e-04
4.477760385988846181e+00 -8.250478232987353694e-04 -4.714943045740424554e-04 -3.535535187231871740e-04
4.478871744068419147e+00 -9.547103305050722022e-04 -6.520726852497944759e-04 -3.026376452534718792e-04
4.479983102147992113e+00 -1.077221529260985466e-03 -8.112293813729090641e-04 -2.659921478879011952e-04
4.481094460227565079e+00 -1.167582137633044193e-03 -9.169038204491150590e-04 -2.506783171836862723e-04
4.482205818307138934e+00 -1.205255275939509652e-03 -9.462704713284614266e-04 -2.589848046116761948e-04
4.483317176386712788e+00 -1.177448658531900227e-03 -8.895592351324602132e-04 -2.878894233954709669e-04
4.484428534466285754e+00 -1.081143482916983867e-03 -7.516914203034644193e-04 -3.294520626135437336e-04
4.485539892545858720e+00 -9.235757418441410682e-04 -5.514703736231099662e-04 -3.721053682214196801e-04
4.486651250625431686e+00 -7.211232600135078497e-04 -3.184687700411165112e-04 -4.026544899734096211e-04
4.487762608705004652e+00 -4.968015146768825496e-04 -8.813254444692275591e-05 -4.086689702313267558e-04
4.488873966784578506e+00 -2.767838186788617455e-04 1.040873275518737484e-04 -3.808711462317589808e-04
4.489985324864151472e+00 -8.650398636364953903e-05 2.286068801583950733e-04 -3.151108665241141374e-04
4.491096682943725327e+00 5.304878754644167319e-05 2.666189109205275264e-04 -2.135701233743356534e-04
4.492208041023298293e+00 1.282785037756218119e-04 2.132348287527275482e-04 -8.495632497846792794e-05
4.493319399102871259e+00 1.347429775715655587e-04 7.834495320577575250e-05 5.639802436373415884e-05
4.494430757182444225e+00 7.749233578690367663e-05 -1.149412345869682550e-04 1.924335703734330466e-04
4.495542115262017191e+00 -3.002012794296737841e-05 -3.340167569289564931e-04 3.039966289875919991e-04
4.496653473341591045e+00 -1.682373729302369392e-04 -5.420494176335555192e-04 3.738120447025622406e-04
4.497764831421164899e+00 -3.146091507629199258e-04 -7.039412768444081037e-04 3.893321260785218008e-04
4.498876189500737866e+00 -4.470017033263301576e-04 -7.920017104877247194e-04 3.450000071631501020e-04
4.499987547580310832e+00 -5.468669250753011024e-04 -7.904096703089460996e-04 2.435427452323959963e-04
4.501098905659883798e+00 -6.016906157412689471e-04 -6.977408214695474120e-04 9.605020572961420200e-05
4.502210263739456764e+00 -6.063736837297779847e-04 -5.271529304240810121e-04 -7.922075330523380143e-05
4.503321621819030618e+00 -5.633853521995225988e-04 -3.042059390433241028e-04 -2.591794131581812849e-04
4.504432979898603584e+00 -4.817319477673498440e-04 -6.267883935552262531e-05 -4.190531084119347716e-04
4.505544337978177438e+00 -3.749747846372927795e-04 1.609291606710673561e-04 -5.359039453108928319e-04
4.506655696057750404e+00 -2.586753183536107115e-04 3.333134897643905137e-04 -5.919888081173177441e-04
4.507767054137323370e+00 -1.477227074854973576e-04 4.297305532339028289e-04 -5.774532607203670780e-04
4.508878412216896336e+00 -5.399747587171883911e-05 4.379436087103253002e-04 -4.919410845795738930e-04
4.509989770296469302e+00 1.525234296287716895e-05 3.601105735068308583e-04 -3.448582305423781268e-04
4.511101128376043157e+00 5.808429367073347782e-05 2.123135951953951384e-04 -1.542293015240822629e-04
4.512212486455617011e+00 7.751954843589030364e-05 2.181541918204465969e-05 5.570412925547281457e-05
4.513323844535189977e+00 8.030125771042034843e-05 -1.775023218728750962e-04 2.578035795841836231e-04
4.514435202614762943e+00 7.502312056351101432e-05 -3.507689713344447346e-04 4.257920918995794501e-04
4.515546560694335909e+00 7.000183585217922833e-05 -4.679011086592410606e-04 5.379029445132018500e-04
4.516657918773908875e+00 7.130325765635978086e-05 -5.085820843200167252e-04 5.798853419784408270e-04
4.517769276853482729e+00 8.129564142465503518e-05 -4.656337236301141824e-04 5.469293650558759712e-04
4.518880634933055696e+00 9.800171691905917859e-05 -3.462324757793414087e-04 4.442341926984508943e-04
4.519991993012629550e+00 1.153728414380016110e-04 -1.707737645135765092e-04 2.861466059513699534e-04
4.521103351092202516e+00 1.244393226656637791e-04 3.042949697606295301e-05 9.400982568994256661e-05
4.522214709171775482e+00 1.151305857887748724e-04 2.220774442289324968e-04 -1.069468584399407840e-04
4.523326067251348448e+00 7.843490830036423112e-05 3.696433625568103232e-04 -2.912084542548102478e-04
4.524437425330921414e+00 8.502296490382667965e-06 4.450314375036030362e-04 -4.365291410149060858e-04
4.525548783410495268e+00 -9.570286515099449103e-05 4.312189527372564148e-04 -5.269218178861195812e-04
4.526660141490069122e+00 -2.295208924267318901e-04 3.251358369347695856e-04 -5.546567293607869865e-04
4.527771499569642089e+00 -3.826805092014100296e-04 1.383203719208386806e-04 -5.210008811209693516e-04
4.528882857649215055e+00 -5.403764431775887750e-04 -1.047512266183422969e-04 -4.356252165613246768e-04
4.529994215728788021e+00 -6.851991232515661223e-04 -3.703901121404687413e-04 -3.148090111118953538e-04
4.531105573808360987e+00 -7.996251807840110137e-04 -6.208759372360664330e-04 -1.787492435471830371e-04
4.532216931887934841e+00 -8.686748852097733731e-04 -8.202652334653726118e-04 -4.840965174275797811e-05
4.533328289967507807e+00 -8.823046355903273186e-04 -9.399035570836697384e-04 5.759892149297986264e-05
4.534439648047081661e+00 -8.371360920928251625e-04 -9.627719221801875338e-04 1.256358300880753426e-04
4.535551006126654627e+00 -7.372235161708963480e-04 -8.859910920026442538e-04 1.487675758283478478e-04
4.536662364206227593e+00 -5.937113877113806004e-04 -7.211071167726526565e-04 1.273957290603994902e-04
4.537773722285800559e+00 -4.234109735971013089e-04 -4.921388348135824486e-04 6.872786121709176244e-05
4.538885080365373526e+00 -2.464984374311376958e-04 -2.317247545810009746e-04 -1.477368285079938559e-05
4.539996438444947380e+00 -8.367985843187736306e-05 2.399470518510415928e-05 -1.076745636163552872e-04
4.541107796524521234e+00 4.674324613657566269e-05 2.409307835917178647e-04 -1.941875374558118053e-04
4.542219154604094200e+00 1.314551915503070229e-04 3.921497668000128653e-04 -2.606945752505287518e-04
4.543330512683667166e+00 1.639548079428168256e-04 4.617264542119050436e-04 -2.977716462699050558e-04
4.544441870763240132e+00 1.453494661825711909e-04 4.467619738238292476e-04 -3.014125076413205068e-04
4.545553228842813098e+00 8.399485290066371901e-05 3.572857861289038817e-04 -2.732909332280476083e-04
4.546664586922386952e+00 -5.957580370970910755e-06 2.141081286828917796e-04 -2.200657090540361627e-04
4.547775945001959919e+00 -1.068721616405664265e-04 4.501958890907112321e-05 -1.518917505488916186e-04
4.548887303081533773e+00 -2.004323552340578352e-04 -1.200046423863801448e-04 -8.042771284958762090e-05
4.549998661161106739e+00 -2.704937833689809168e-04 -2.537886940756281517e-04 -1.670508929358868744e-05
4.551110019240679705e+00 -3.055404128538032060e-04 -3.363056946511303047e-04 3.076528179846681199e-05
4.552221377320252671e+00 -3.003640131280516101e-04 -3.576906967882667598e-04 5.732668365861226523e-05
4.553332735399825637e+00 -2.567134739784177055e-04 -3.194481174855663685e-04 6.273464350749040352e-05
4.554444093479399491e+00 -1.828263028607647611e-04 -2.336928609005944901e-04 5.086655803876113935e-05
4.555555451558973346e+00 -9.193281468030355119e-05 -1.205947456622176450e-04 2.866193098045519139e-05
4.556666809638546312e+00 1.440310479390582987e-08 -4.494089422022590208e-06 4.508492524382679001e-06
4.557778167718119278e+00 7.701298377909594761e-05 9.062669094239694800e-05 -1.361370716092789868e-05
4.558889525797692244e+00 1.256529799607902179e-04 1.455300265691848380e-04 -1.987704661046479568e-05
4.560000883877265210e+00 1.373066169994478607e-04 1.492148294097704088e-04 -1.190821241009963616e-05
4.561112241956839064e+00 1.095207782827543191e-04 1.009164693552659642e-04 8.604308924381031537e-06
4.562223600036412030e+00 4.639882232476862101e-05 1.027524688129548280e-05 3.612357544255546948e-05
4.563334958115985884e+00 -4.207781424320732044e-05 -1.043542012146916886e-04 6.227638697252693700e-05
4.564446316195558850e+00 -1.416681039924788665e-04 -2.191642186068314124e-04 7.749611461411488877e-05
4.565557674275131816e+00 -2.361616264402316423e-04 -3.091708486380184695e-04 7.300922219769662158e-05
4.566669032354704783e+00 -3.099686819203785471e-04 -3.527768247940273050e-04 4.280814287048288758e-05
4.567780390434277749e+00 -3.505958858708198289e-04 -3.358397849658537049e-04 -1.475610090502683935e-05
4.568891748513851603e+00 -3.506168696053406364e-04 -2.545431330568670436e-04 -9.607373654882400693e-05
4.570003106593425457e+00 -3.088336110259430611e-04 -1.165628073377528162e-04 -1.922708036899440504e-04
4.571114464672998423e+00 -2.304569168229096687e-04 5.969593841836581816e-05 -2.901528552415166134e-04
4.572225822752571389e+00 -1.262925952216255310e-04 2.476980854422446143e-04 -3.739906806659570176e-04
4.573337180832144355e+00 -1.107715162825331778e-05 4.168154538520818519e-04 -4.278926054809110979e-04
4.574448538911717321e+00 9.876178431178755240e-05 5.371596876144728999e-04 -4.383979033060455069e-04
4.575559896991291176e+00 1.875601992306239960e-04 5.844335237046678275e-04 -3.968733244728633522e-04
4.576671255070864142e+00 2.427017930519152680e-04 5.440114932728015718e-04 -3.013097002192367986e-04
4.577782613150437996e+00 2.563819864128055737e-04 4.135790981380869230e-04 -1.571971117252444865e-04
4.578893971230010962e+00 2.265936398496686682e-04 2.038870360722647851e-04 2.270660377754786519e-05
4.580005329309583928e+00 1.572064747644378452e-04 -6.252265402734158428e-05 2.197291287914506994e-04
4.581116687389156894e+00 5.715939450391671617e-05 -3.544372643493019781e-04 4.115966588538761545e-04
4.582228045468729860e+00 -6.107508625694847704e-05 -6.364636882129869055e-04 5.753886019571781418e-04
4.583339403548303714e+00 -1.834847989291392423e-04 -8.741913826190474135e-04 6.907065836879357906e-04
4.584450761627876680e+00 -2.966373335836214320e-04 -1.039223089445394377e-03 7.425857558596427044e-04
4.585562119707450535e+00 -3.895845159049907136e-04 -1.113289254978347409e-03 7.237047390729386270e-04
4.586673477787023501e+00 -4.552597622010205736e-04 -1.090808211961776658e-03 6.355484497590126874e-04
4.587784835866596467e+00 -4.911705425225156019e-04 -9.795017195873487181e-04 4.883311770659780338e-04
4.588896193946169433e+00 -4.993119422293038068e-04 -7.989842643743548523e-04 2.996723221461612685e-04
4.590007552025743287e+00 -4.853590951313171975e-04 -5.775647920714596650e-04 9.220569694022573426e-05
4.591118910105316253e+00 -4.573139032099660106e-04 -3.477798319385105863e-04 -1.095340712736828093e-04
4.592230268184890107e+00 -4.238656830021178025e-04 -1.413725901665916634e-04 -2.824930928347138548e-04
4.593341626264463073e+00 -3.927629407377627589e-04 1.548728709561920588e-05 -4.082502278319384038e-04
4.594452984344036039e+00 -3.694792847939920230e-04 1.059959534482047237e-04 -4.754752382431223301e-04
4.595564342423609006e+00 -3.563942783206229536e-04 1.249385539701906855e-04 -4.813328322943624497e-04
4.596675700503181972e+00 -3.526116270585570589e-04 7.901980460308516419e-05 -4.316314316622753972e-04
4.597787058582755826e+00 -3.544202066422010022e-04 -1.471506637816186180e-05 -3.397051402652360996e-04
4.598898416662328792e+00 -3.562886074951129856e-04 -1.320801849097330560e-04 -2.242084225860408592e-04
4.600009774741902646e+00 -3.521909372240505931e-04 -2.460248976146536815e-04 -1.061660396089701697e-04
4.601121132821475612e+00 -3.370063139225901172e-04 -3.312754563160116850e-04 -5.730857607966211020e-06
4.602232490901048578e+00 -3.077258355264518574e-04 -3.685833117066418529e-04 6.085747617935732823e-05
4.603343848980621544e+00 -2.642396623365669828e-04 -3.478948379798778301e-04 8.365517564457719546e-05
4.604455207060195399e+00 -2.095558185154604292e-04 -2.699411808963249337e-04 6.038536238081246288e-05
4.605566565139768365e+00 -1.494071261991577332e-04 -1.460097682544278519e-04 -3.397357943980480743e-06
4.606677923219342219e+00 -9.131469434310590660e-05 4.042480960794736511e-06 -9.535717530562322353e-05
4.607789281298915185e+00 -4.327581798815351155e-05 1.551887556164865956e-04 -1.984645736032367158e-04
4.608900639378488151e+00 -1.231352489596947847e-05 2.814729378406242294e-04 -2.937864627378158205e-04
4.610011997458061117e+00 -3.152141746565412586e-06 3.603882293720123836e-04 -3.635403711188087313e-04
4.611123355537634083e+00 -1.726334161739496303e-05 3.766752330967930960e-04 -3.939385747158811492e-04
4.612234713617207937e+00 -5.246356823860980068e-05 3.249221169051071806e-04 -3.773856851420325648e-04
4.613346071696780903e+00 -1.031475172700163645e-04 2.105499520806929092e-04 -3.136974693508636641e-04
4.614457429776354758e+00 -1.611302059520841601e-04 4.903251524224216951e-05 -2.101627211947270507e-04
4.615568787855927724e+00 -2.169616402373439334e-04 -1.365120858421720040e-04 -8.044955439548417964e-05
4.616680145935500690e+00 -2.614922226055176741e-04 -3.189576185682121978e-04 5.746539596428353047e-05
4.617791504015073656e+00 -2.874190622724481781e-04 -4.714379519089283155e-04 1.840188896368374905e-04
4.618902862094647510e+00 -2.905420213915634042e-04 -5.715545661543232348e-04 2.810125447646819041e-04
4.620014220174220476e+00 -2.705044336286689666e-04 -6.048469483091560572e-04 3.343425146796023817e-04
4.621125578253794330e+00 -2.308795469282212687e-04 -5.669752517109931389e-04 3.360957047792885455e-04
4.622236936333367296e+00 -1.785754676010570946e-04 -4.642782430847140762e-04 2.857027754820662402e-04
4.623348294412940263e+00 -1.226497446133456570e-04 -3.126354704716741151e-04 1.899857258575027297e-04
4.624459652492513229e+00 -7.272937277041403858e-05 -1.348370248442677666e-04 6.210765207302973434e-05
4.625571010572086195e+00 -3.730465048583288951e-05 4.309740176026283232e-05 -8.040205224831616787e-05
4.626682368651660049e+00 -2.219296195431902374e-05 1.960445332180541650e-04 -2.182374951733134089e-04
4.627793726731233015e+00 -2.944563443997333559e-05 3.036792225202789540e-04 -3.331248569603114870e-04
4.628905084810806869e+00 -5.690055845062984285e-05 3.535281009637127395e-04 -4.104286594145429429e-04
4.630016442890379835e+00 -9.847640250796717981e-05 3.426976754166630168e-04 -4.411740779268966128e-04
4.631127800969952801e+00 -1.451785150531730018e-04 2.780213184936791704e-04 -4.231998335460264438e-04
4.632239159049525767e+00 -1.866629918581119013e-04 1.746301449204734624e-04 -3.612931367795793602e-04
4.633350517129098733e+00 -2.131049061959225388e-04 5.320902710493485843e-05 -2.663139332985606234e-04
4.634461875208672588e+00 -2.170568347830397621e-04 -6.359074444170151330e-05 -1.534660903402852716e-04
4.635573233288246442e+00 -1.949755382322868741e-04 -1.549801314317776624e-04 -3.999540680205138088e-05
4.636684591367819408e+00 -1.481404991041605085e-04 -2.054698662887835536e-04 5.732936718482947724e-05
4.637795949447392374e+00 -8.278152217872265795e-05 -2.073576868342474899e-04 1.245761646533928568e-04
4.638907307526965340e+00 -9.359236700154718869e-06 -1.618700524662897156e-04 1.525108157675661436e-04
4.640018665606538306e+00 5.891816850394672456e-05 -7.878965426311862474e-05 1.377078227667617727e-04
4.641130023686112160e+00 1.081290948013232528e-04 2.534861996139267659e-05 8.278047483982996224e-05
4.642241381765685126e+00 1.259126292027321764e-04 1.301759050494188247e-04 -4.263275846112454803e-06
4.643352739845258981e+00 1.036218594660603086e-04 2.150246182797011657e-04 -1.114027588152979517e-04
4.644464097924831947e+00 3.800332960523632869e-05 2.624875874214444363e-04 -2.244842578157293239e-04
4.645575456004404913e+00 -6.788542147517697550e-05 2.614103831598047802e-04 -3.292958046363402610e-04
4.646686814083977879e+00 -2.046952816338754727e-04 2.088257202027422182e-04 -4.135210018371207608e-04
4.647798172163550845e+00 -3.577733054005004937e-04 1.105179146727985201e-04 -4.682912200735652938e-04
4.648909530243124699e+00 -5.089983035983462051e-04 -1.986616786458367256e-05 -4.891321357318361221e-04
4.650020888322698553e+00 -6.392080059549731103e-04 -1.630034930656457104e-04 -4.762045128906891578e-04
4.651132246402271520e+00 -7.308636450875632268e-04 -2.970108190994968922e-04 -4.338528259868294767e-04
4.652243604481844486e+00 -7.705539575853515011e-04 -4.009734841132414629e-04 -3.695804734723980023e-04
4.653354962561417452e+00 -7.509584261596452537e-04 -4.583075938007080685e-04 -2.926508323597750566e-04
4.654466320640990418e+00 -6.719669787835988450e-04 -4.594091476579457989e-04 -2.125578311244855773e-04
4.655577678720564272e+00 -5.407787268428086019e-04 -4.031657689314641080e-04 -1.376129579107356060e-04
4.656689036800137238e+00 -3.709563543050336393e-04 -2.970969243654628111e-04 -7.385942993943725443e-05
4.657800394879711092e+00 -1.805714962986159494e-04 -1.561148415393752431e-04 -2.445665476018613060e-05
4.658911752959284058e+00 1.028497630581239747e-05 -1.231860204103235601e-07 1.040816232662517687e-05
4.660023111038857024e+00 1.822571836997176689e-04 1.491429439198343337e-04 3.311423978217230280e-05
4.661134469118429990e+00 3.193328446266744530e-04 2.715141508244740473e-04 4.781869380150651633e-05
4.662245827198002956e+00 4.109199369502121186e-04 3.514684798739784073e-04 5.945145707486132816e-05
4.663357185277576811e+00 4.530884727186441051e-04 3.804052751840928531e-04 7.268319753469111404e-05
4.664468543357150665e+00 4.488042804678821218e-04 3.577586171054168013e-04 9.104566335950978542e-05
4.665579901436723631e+00 4.071375118284148442e-04 2.907935910141153796e-04 1.163439208147609011e-04
4.666691259516296597e+00 3.415859148892756020e-04 1.931472229325451040e-04 1.484386919551041947e-04
4.667802617595869563e+00 2.677871063856140932e-04 8.238092255115694873e-05 1.854061838344241847e-04
4.668913975675442529e+00 2.009842522566352568e-04 -2.303098652526452961e-05 2.240152387829683761e-04
4.670025333755016383e+00 1.536419238937283827e-04 -1.067670432839534778e-04 2.604089671773227727e-04
4.671136691834589350e+00 1.335788472790651327e-04 -1.572699040093272771e-04 2.908487512893881410e-04
4.672248049914163204e+00 1.428971337350502802e-04 -1.694795112492306077e-04 3.123766449849400828e-04
4.673359407993736170e+00 1.778576901565898788e-04 -1.454190499232434208e-04 3.232767400776995897e-04
4.674470766073309136e+00 2.296998479403844495e-04 -9.356151369522072714e-05 3.232613616326301259e-04
4.675582124152882102e+00 2.862540802828304060e-04 -2.711075126893974785e-05 3.133648315519644428e-04
4.676693482232455068e+00 3.340736336741294971e-04 3.848855193061551105e-05 2.955850817443969603e-04
4.677804840312028922e+00 3.607332243684914681e-04 8.837229818379165047e-05 2.723609261849361737e-04
4.678916198391602776e+00 3.569224625963730683e-04 1.109206865004437603e-04 2.460017760979441893e-04
4.680027556471175743e+00 3.180009076073717772e-04 9.980880483381922297e-05 2.181921027729935396e-04
4.681138914550748709e+00 2.447735981881086348e-04 5.509906025770797133e-05 1.896745379312875408e-04
4.682250272630321675e+00 1.433751352490492126e-04 -1.680196810171369348e-05 1.601771033487384838e-04
4.683361630709894641e+00 2.429569054400101957e-05 -1.043035797220343008e-04 1.285992702670015614e-04
4.684472988789468495e+00 -9.927989335176481966e-05 -1.926980467707832545e-04 9.341815341738085587e-05
4.685584346869041461e+00 -2.135405694018641110e-04 -2.667709023041441030e-04 5.323033290060077971e-05
4.686695704948615315e+00 -3.061842934498557045e-04 -3.134995828733451451e-04 7.315289423956081172e-06
4.687807063028188281e+00 -3.682737112875537205e-04 -3.243726190670925824e-04 -4.390109222007082534e-05
4.688918421107761247e+00 -3.955168581672857675e-04 -2.969284069842467733e-04 -9.858845118271633567e-05
4.690029779187334213e+00 -3.887754987695647702e-04 -2.352475490997492369e-04 -1.535279496702596225e-04
4.691141137266907180e+00 -3.537326212462443831e-04 -1.493126816534788570e-04 -2.044199395926909330e-04
4.692252495346481034e+00 -2.997889394093060378e-04 -5.334396266497287709e-05 -2.464449767415818893e-04
4.693363853426054888e+00 -2.383833910782444387e-04 3.660599837090536268e-05 -2.749893894505072225e-04
4.694475211505627854e+00 -1.810242654874758689e-04 1.053867841574480241e-04 -2.864110496464192246e-04
4.695586569585200820e+00 -1.373611210856028227e-04 1.413461314505146289e-04 -2.787072525397078955e-04
4.696697927664773786e+00 -1.136164329354799780e-04 1.383413210539661230e-04 -2.519577539911659167e-04
4.697809285744346752e+00 -1.116323068617646949e-04 9.681837247914413386e-05 -2.084506793381829277e-04
4.698920643823920607e+00 -1.286825408725253417e-04 2.376904204209537297e-05 -1.524515829167652665e-04
4.700032001903493573e+00 -1.580714255635749105e-04 -6.843395288881788663e-05 -8.963747267360343274e-05
4.701143359983067427e+00 -1.904093517627637733e-04 -1.641319523840202577e-04 -2.627739937918153329e-05
4.702254718062640393e+00 -2.153431795750664068e-04 -2.470545730666844075e-04 3.171139349121381013e-05
4.703366076142213359e+00 -2.234447694997622469e-04 -3.031212115365035376e-04 7.967644203444104734e-05
4.704477434221786325e+00 -2.079361536239509450e-04 -3.228929219821555230e-04 1.149567683585775435e-04
4.705588792301359291e+00 -1.659583902852736215e-04 -3.032532050354329323e-04 1.372948147499997162e-04
4.706700150380933145e+00 -9.916824722317266194e-05 -2.480232003898123760e-04 1.488549531671080894e-04
4.707811508460507000e+00 -1.355959996610957286e-05 -1.673942984945567258e-04 1.538346985266083461e-04
4.708922866540079966e+00 8.146388783715832749e-05 -7.625977338582973220e-05 1.577236612220669215e-04
4.710034224619652932e+00 1.746130267909996522e-04 8.286452857220183432e-06 1.663265739325911832e-04
4.711145582699225898e+00 2.545824105044036320e-04 6.987266283721947635e-05 1.847097476673099231e-04
4.712256940778798864e+00 3.119542789109012396e-04 9.570697997435522603e-05 2.162472989377141330e-04
4.713368298858372718e+00 3.408189793950293801e-04 7.888800219322113054e-05 2.619309772022790101e-04
4.714479656937945684e+00 3.398389418327687518e-04 1.977203858509989087e-05 3.200669032482064084e-04
4.715591015017519538e+00 3.125729483871037689e-04 -7.384733418422731455e-05 3.864202825702984893e-04
4.716702373097092504e+00 2.669976522357963428e-04 -1.877976084047796451e-04 4.547952606406228254e-04
4.717813731176665470e+00 2.142941762323588573e-04 -3.036695960174813635e-04 5.179637722493692434e-04
4.718925089256238437e+00 1.670878889036744169e-04 -4.017089656116676344e-04 5.687968545145215271e-04
4.720036447335811403e+00 1.374195537842213405e-04 -4.639952809417612067e-04 6.014148347249694687e-04
4.721147805415385257e+00 1.347713573552518362e-04 -4.773943545040917891e-04 6.121657118586913693e-04
4.722259163494959111e+00 1.644645092864563396e-04 -4.358011489607911682e-04 6.002656582475476149e-04
4.723370521574532077e+00 2.266873085826365958e-04 -3.413010074809971761e-04 5.679883160644057238e-04
4.724481879654105043e+00 3.163131436838759192e-04 -2.040490031179793828e-04 5.203621468010972279e-04
4.725593237733678009e+00 4.235429205695709354e-04 -4.087282748528597853e-05 4.644157480557242756e-04
4.726704595813250975e+00 5.352760157420130560e-04 1.271895061727753434e-04 4.080865095677892185e-04
4.727815953892824830e+00 6.369989637524768600e-04 2.780333364601726698e-04 3.589656272917698954e-04
4.728927311972397796e+00 7.149000458373747785e-04 3.918175450764007153e-04 3.230825007618691805e-04
4.730038670051971650e+00 7.578835464759898881e-04 4.539550278902706321e-04 3.039285185853306780e-04
4.731150028131544616e+00 7.591749133136595565e-04 4.572907081508131161e-04 3.018842051618620390e-04
4.732261386211117582e+00 7.172742545445524864e-04 4.031241277649465563e-04 3.141501267784159099e-04
4.733372744290690548e+00 6.361195865686600573e-04 3.009186554193202245e-04 3.352009311493276897e-04
4.734484102370263514e+00 5.244460790756327873e-04 1.667495671386926698e-04 3.576965119347994687e-04
4.735595460449837368e+00 3.944530997969600966e-04 2.074458499827167013e-05 3.737085147979277502e-04
4.736706818529411223e+00 2.599970716955935651e-04 -1.160697103889107851e-04 3.760667820835190273e-04
4.737818176608984189e+00 1.345982696896366043e-04 -2.250096418118935349e-04 3.596079114991674458e-04
4.738929534688557155e+00 2.957292893662408217e-05 -2.925479763554172941e-04 3.221209052933788480e-04
4.740040892768130121e+00 -4.742468555053551416e-05 -3.122558876623889035e-04 2.648312021132897404e-04
4.741152250847703087e+00 -9.323728742298073580e-05 -2.855742964429641706e-04 1.923370090185661657e-04
4.742263608927276941e+00 -1.093081484663215031e-04 -2.213073675799148710e-04 1.119992191136402054e-04
4.743374967006849907e+00 -1.010645932209112974e-04 -1.339388353695965261e-04 3.287424214946932377e-05
4.744486325086423761e+00 -7.670835968933992915e-05 -4.106186819212431782e-05 -3.564649149779327425e-05
4.745597683165996727e+00 -4.563242513384770799e-05 3.964550825848525695e-05 -8.527793339171019921e-05
4.746709041245569694e+00 -1.673884305652701548e-05 9.339762466035192792e-05 -1.101364677143978552e-04
4.747820399325142660e+00 3.059025292105783944e-06 1.107419475870801209e-04 -1.076829222960134363e-04
4.748931757404715626e+00 9.904544242810356391e-06 8.906706641676007813e-05 -7.916252217572391017e-05
4.750043115484289480e+00 3.468760591427907936e-06 3.293859632132190018e-05 -2.946983573128827624e-05
4.751154473563862446e+00 -1.323851018961846870e-05 -4.678096953781435419e-05 3.354245934739791268e-05
4.752265831643436300e+00 -3.466680222159561342e-05 -1.348710955162771286e-04 1.002042932945227879e-04
4.753377189723009266e+00 -5.397821679295998487e-05 -2.144191318883791053e-04 1.604409150977679360e-04
4.754488547802582232e+00 -6.452532532117208341e-05 -2.697631252694954185e-04 2.052377999479243487e-04
4.755599905882155198e+00 -6.128665471429907419e-05 -2.892175722703747842e-04 2.279309175552760025e-04
4.756711263961729053e+00 -4.200142659360403541e-05 -2.671262293910091346e-04 2.251248027956113951e-04
4.757822622041302019e+00 -7.797742371929913818e-06 -2.048993490672626483e-04 1.971016066932840261e-04
4.758933980120875873e+00 3.680428086466104587e-05 -1.108622487752883301e-04 1.476665296409884753e-04
4.760045338200448839e+00 8.452548670515556972e-05 1.060177519655869371e-06 8.346530918445626418e-05
4.761156696280021805e+00 1.264982406696518041e-04 1.136052070937528663e-04 1.289303357544790973e-05
4.762268054359594771e+00 1.537825654937090281e-04 2.090056545564402540e-04 -5.522308906120553668e-05
4.763379412439167737e+00 1.589740428186094297e-04 2.719254996161523871e-04 -1.129514567950592671e-04
4.764490770518741591e+00 1.376298951062824498e-04 2.920113217828119914e-04 -1.543814266785200826e-04
4.765602128598314557e+00 8.926531057888318840e-05 2.656362929378788991e-04 -1.763709823587190223e-04
4.766713486677888412e+00 1.773909215146019652e-05 1.965464587918679118e-04 -1.788073666374547822e-04
4.767824844757461378e+00 -6.905475042461115681e-05 9.529980203201726674e-05 -1.643545524582295733e-04
4.768936202837034344e+00 -1.601606299599898919e-04 -2.241267719214554144e-05 -1.377479527685633934e-04
4.770047560916607310e+00 -2.430627652645050291e-04 -1.382906302290105860e-04 -1.047721350339514065e-04
4.771158918996181164e+00 -3.054894735580911125e-04 -2.343805137818254225e-04 -7.110895977513118082e-05
4.772270277075754130e+00 -3.372436508106788772e-04 -2.959807234015066069e-04 -4.126292741057566160e-05
4.773381635155327984e+00 -3.317748206334326933e-04 -3.140203673337935153e-04 -1.775445329803802819e-05
4.774492993234900950e+00 -2.872455936477856520e-04 -2.865225050360901971e-04 -7.230886130086405794e-07
4.775604351314473917e+00 -2.069222624386073128e-04 -2.189126098479168836e-04 1.199034741003988935e-05
4.776715709394046883e+00 -9.882329511004366018e-05 -1.231220563888760222e-04 2.429876127902665106e-05
4.777827067473619849e+00 2.532590457782722682e-05 -1.563354263395266841e-05 4.095944721010415235e-05
4.778938425553193703e+00 1.516766621015306141e-04 8.521178546078665705e-05 6.646487664065635348e-05
4.780049783632766669e+00 2.661414584998957229e-04 1.622054179755477374e-04 1.039360405263346776e-04
4.781161141712340523e+00 3.562965941713152089e-04 2.020725319029702087e-04 1.542240622683255930e-04
4.782272499791913489e+00 4.130200468933946031e-04 1.976265507579728735e-04 2.153934961366755010e-04
4.783383857871486455e+00 4.316250371675612804e-04 1.489271392811830283e-04 2.826978978848822700e-04
4.784495215951059421e+00 4.123301625200545203e-04 6.325499478752362459e-05 3.490751677330101131e-04
4.785606574030633276e+00 3.600110339471440657e-04 -4.608957293593569926e-05 4.061006068827744536e-04
4.786717932110206242e+00 2.832894407456265640e-04 -1.619651963081260304e-04 4.452546370530569703e-04
4.787829290189780096e+00 1.931165494094971846e-04 -2.661869535486478811e-04 4.593035029565074867e-04
4.788940648269353062e+00 1.010807980865290751e-04 -3.424844553105016454e-04 4.435652533958910071e-04
4.790052006348926028e+00 1.770766692679899557e-05 -3.791371539536431134e-04 3.968448208794567861e-04
4.791163364428498994e+00 -4.898774779364331589e-05 -3.708576132623528365e-04 3.218698654661421299e-04
4.792274722508071960e+00 -9.448168134419676623e-05 -3.196176274701291453e-04 2.251359461256235983e-04
4.793386080587645814e+00 -1.181224412606478313e-04 -2.342857915112774025e-04 1.161633502495696552e-04
4.794497438667218780e+00 -1.228764397656414986e-04 -1.291398559175593874e-04 6.263416150120715287e-06
4.795608796746792635e+00 -1.145072478429143975e-04 -2.150103444185751111e-05 -9.300621340218879346e-05
4.796720154826365601e+00 -1.003441579034390629e-04 7.111967766204770058e-05 -1.714638355650522153e-04
4.797831512905938567e+00 -8.785801379744616162e-05 1.338944442678680069e-04 -2.217524580665178498e-04
4.798942870985511533e+00 -8.328654260286109511e-05 1.571002972568531081e-04 -2.403868398600738331e-04
4.800054229065084499e+00 -9.053591519459511586e-05 1.376943607994448454e-04 -2.282302759935149906e-04
4.801165587144658353e+00 -1.105331462115310623e-04 7.978704826425153662e-05 -1.903201944754959359e-04
4.802276945224232207e+00 -1.411244787792361594e-04 -6.061161808720849642e-06 -1.350633169722257471e-04
4.803388303303805174e+00 -1.775216509531333392e-04 -1.046009347676797596e-04 -7.292071618630706353e-05
4.804499661383378140e+00 -2.132064746147611933e-04 -1.984219114490350100e-04 -1.478456316552495542e-05
4.805611019462951106e+00 -2.411294800907081565e-04 -2.708310178153178205e-04 2.970153772203359965e-05
4.806722377542524072e+00 -2.549924816141885264e-04 -3.086087626626328462e-04 5.361628104586999011e-05
4.807833735622097926e+00 -2.503948475684122932e-04 -3.041921501163377672e-04 5.379730254616126028e-05
4.808945093701670892e+00 -2.256500552609511795e-04 -2.569277560757234069e-04 3.127770081544530012e-05
4.810056451781244746e+00 -1.821376994416475797e-04 -1.731915128178607155e-04 -8.946186623854518460e-06
4.811167809860817712e+00 -1.241362652576183390e-04 -6.535762992124216630e-05 -5.877863533699199949e-05
4.812279167940390678e+00 -5.817001105418335982e-05 5.021263463870183352e-05 -1.083826456918035933e-04
4.813390526019963644e+00 8.015540709845059286e-06 1.558317607304009200e-04 -1.478162200190848152e-04
4.814501884099536611e+00 6.667415032539023012e-05 2.353602962095937418e-04 -1.686861458856220818e-04
4.815613242179110465e+00 1.112694147804166051e-04 2.768248526252797912e-04 -1.655554378458441722e-04
4.816724600258684319e+00 1.374735223656324556e-04 2.743529045478336134e-04 -1.368793821825733644e-04
4.817835958338257285e+00 1.437903916175053282e-04 2.291101822937549951e-04 -8.531979067539618294e-05
4.818947316417830251e+00 1.317043840702953814e-04 1.490901234313685847e-04 -1.738573936024920968e-05
4.820058674497403217e+00 1.053366249653096831e-04 4.779265298060150768e-05 5.754397198402209229e-05
4.821170032576976183e+00 7.067394427043814653e-05 -5.798925913804917065e-05 1.286632034078524084e-04
4.822281390656550037e+00 3.450663873546568061e-05 -1.509118402661623060e-04 1.854184789990415139e-04
4.823392748736123004e+00 3.258828484641040912e-06 -2.159029266531609093e-04 2.191617551366951966e-04
4.824504106815696858e+00 -1.808864106306144748e-05 -2.426042044422378752e-04 2.245155633780054893e-04
4.825615464895269824e+00 -2.680049071672289951e-05 -2.270364016702872134e-04 2.002359109535781917e-04
4.826726822974842790e+00 -2.278057251206902500e-05 -1.722185733857121981e-04 1.494380008741844068e-04
4.827838181054415756e+00 -8.493472061252976824e-06 -8.764408825178912621e-05 7.915061618991164893e-05
4.828949539133988722e+00 1.156806598280341741e-05 1.229730475306618775e-05 -7.292387695992386121e-07
4.830060897213562576e+00 3.177441047751139447e-05 1.106904157702447156e-04 -7.891600529278709752e-05
4.831172255293136431e+00 4.645221800142788557e-05 1.908692830791761802e-04 -1.444170650777790860e-04
4.832283613372709397e+00 5.098803841324596638e-05 2.391418982225692463e-04 -1.881538598088438458e-04
4.833394971452282363e+00 4.274863081318142598e-05 2.470211438994199867e-04 -2.042725130846302552e-04
4.834506329531855329e+00 2.165480790571354050e-05 2.126002760911962011e-04 -1.909454681878464382e-04
4.835617687611428295e+00 -9.696149364571068907e-06 1.408521027932100461e-04 -1.505482521577958602e-04
4.836729045691002149e+00 -4.638825725355837093e-05 4.280727465836436929e-05 -8.919553191067634140e-05
4.837840403770575115e+00 -8.197201613645288543e-05 -6.625009331213960184e-05 -1.572192282625530652e-05
4.838951761850148969e+00 -1.095510143298908390e-04 -1.692717532692650240e-04 5.972073893659255589e-05
4.840063119929721935e+00 -1.229911572410997272e-04 -2.502116177742486069e-04 1.272204605311088449e-04
4.841174478009294901e+00 -1.180502312690158428e-04 -2.966177375962435192e-04 1.785675063258173462e-04
4.842285836088867867e+00 -9.323531419775862861e-05 -3.016291535764201170e-04 2.083938393764445118e-04
4.843397194168440834e+00 -5.023719253692895959e-05 -2.650557166984507385e-04 2.148185241609562590e-04
4.844508552248014688e+00 6.142226187130436776e-06 -1.933698648641651863e-04 1.995120910511967438e-04
4.845619910327588542e+00 6.857229946125639047e-05 -9.861736389001757308e-05 1.671896633498306736e-04
4.846731268407161508e+00 1.282061491418998514e-04 3.570001552485185803e-06 1.246361475885516407e-04
4.847842626486734474e+00 1.759731905095120869e-04 9.653155817595203414e-05 7.944163233070296315e-05
4.848953984566307440e+00 2.039546659210120239e-04 1.652854904963252380e-04 3.866917542424616605e-05
4.850065342645880406e+00 2.066292588139105732e-04 1.989458460338964368e-04 7.683412780780125156e-06
4.851176700725454261e+00 1.817935868489101506e-04 1.924573552864856062e-04 -1.066376843800924488e-05
4.852288058805027227e+00 1.310109090050370212e-04 1.473700683155502317e-04 -1.635915931093171252e-05
4.853399416884601081e+00 5.951301372152887487e-05 7.153392229171731675e-05 -1.202090857115208078e-05
4.854510774964174047e+00 -2.443637182639873950e-05 -2.222992174445714841e-05 -2.206450082542672775e-06
4.855622133043747013e+00 -1.106263343771361762e-04 -1.182577453831823444e-04 7.631411006842406253e-06
4.856733491123319979e+00 -1.882736065439392925e-04 -2.006197596272595030e-04 1.234615308247713483e-05
4.857844849202892945e+00 -2.474862875088187225e-04 -2.557215359379264030e-04 8.235248428625427386e-06
4.858956207282466799e+00 -2.806032518349547283e-04 -2.745062588731250752e-04 -6.096992961420258372e-06
4.860067565362040654e+00 -2.832166100169702938e-04 -2.539016557097165117e-04 -2.931495430734225305e-05
4.861178923441613620e+00 -2.547340539750340277e-04 -1.972811177331432186e-04 -5.745293624124375720e-05
4.862290281521186586e+00 -1.984081771343529366e-04 -1.138709817775709898e-04 -8.453719535555116044e-05
4.863401639600759552e+00 -1.208396597129606648e-04 -1.720838672079200160e-05 -1.036312729917367170e-04
4.864512997680332518e+00 -3.103809192319447602e-05 7.709166489331537031e-05 -1.081297568176677742e-04
4.865624355759906372e+00 6.081358350115565262e-05 1.538905446270321178e-04 -9.307696112614838313e-05
4.866735713839479338e+00 1.447066194854704961e-04 2.009823394788032985e-04 -5.627571999253103488e-05
4.867847071919053192e+00 2.120721752585394502e-04 2.110522888434003541e-04 1.019886415388245732e-06
4.868958429998626158e+00 2.567913598905441526e-04 1.828217639357129776e-04 7.396959595478954166e-05
4.870069788078199124e+00 2.758210545398707622e-04 1.211996821943051722e-04 1.546213723446921567e-04
4.871181146157772091e+00 2.693695187760431625e-04 3.642414411416869391e-05 2.329453746605395989e-04
4.872292504237345057e+00 2.406252150279723778e-04 -5.765662447844779881e-05 2.982818395065320663e-04
4.873403862316918911e+00 1.951074980452004864e-04 -1.458753360476343353e-04 3.409828340912067837e-04
4.874515220396492765e+00 1.397588562984143634e-04 -2.142288175727979915e-04 3.539876738706468351e-04
4.875626578476065731e+00 8.192802272223922988e-05 -2.521451907111504909e-04 3.340732134303574241e-04
4.876737936555638697e+00 2.839801071138903232e-05 -2.541659030855375478e-04 2.825639137963905506e-04
4.877849294635211663e+00 -1.540630135152959435e-05 -2.207726838697257610e-04 2.053663825178717733e-04
4.878960652714784629e+00 -4.593540685418270875e-05 -1.582322464017231478e-04 1.122968395454969348e-04
4.880072010794358484e+00 -6.171259261581688721e-05 -7.749405923644300809e-05 1.578146661906920656e-05
4.881183368873931450e+00 -6.322075606222249400e-05 7.668125784246471177e-06 -7.088888184617406218e-05
4.882294726953505304e+00 -5.253544105847472029e-05 8.295757132680860180e-05 -1.354930123843578471e-04
4.883406085033078270e+00 -3.279477469063721284e-05 1.359151399848912076e-04 -1.687099146767618088e-04
4.884517443112651236e+00 -7.612371050561526908e-06 1.579492899892781434e-04 -1.655616610398435735e-04
4.885628801192224202e+00 1.946506244657891793e-05 1.457036316519604024e-04 -1.262385692038059219e-04
4.886740159271797168e+00 4.537542487375104128e-05 1.015425574009166942e-04 -5.616713252683518814e-05
4.887851517351371022e+00 6.778812403703243089e-05 3.308323238355309615e-05 3.470489165306647056e-05
4.888962875430944877e+00 8.517292728034940585e-05 -4.813924515166372042e-05 1.333121724306053982e-04
4.890074233510517843e+00 9.671961765304708247e-05 -1.286437087956102121e-04 2.253633264473337006e-04
4.891185591590090809e+00 1.021638889899239427e-04 -1.952780991967516255e-04 2.974419881854924869e-04
4.892296949669663775e+00 1.015872902964988500e-04 -2.374163735393529373e-04 3.390036638352949411e-04
4.893408307749236741e+00 9.525549868430113754e-05 -2.487113449430033985e-04 3.439668436282820527e-04
4.894519665828810595e+00 8.354123319142918447e-05 -2.281140866539355105e-04 3.116553198431928212e-04
4.895631023908383561e+00 6.695006091990939046e-05 -1.799946187149258081e-04 2.469446796343529454e-04
4.896742381987957415e+00 4.623548771668685442e-05 -1.133495021868047292e-04 1.595849899034369399e-04
4.897853740067530381e+00 2.256112121585066022e-05 -4.023449432724590658e-05 6.279561554140868085e-05
4.898965098147103348e+00 -2.351268035478189938e-06 2.631075486372001782e-05 -2.866202289835296374e-05
4.900076456226676314e+00 -2.615377458040253622e-05 7.449518205223520928e-05 -1.006489566330675232e-04
4.901187814306249280e+00 -4.593944753640685427e-05 9.579015228833960213e-05 -1.417295998229297672e-04
4.902299172385823134e+00 -5.847408347796475767e-05 8.638655225639852581e-05 -1.448606357324621350e-04
4.903410530465396988e+00 -6.058722483085008520e-05 4.785099747783329305e-05 -1.084382223113578882e-04
4.904521888544969954e+00 -4.967863688588522453e-05 -1.312852588054684577e-05 -3.655011100623870024e-05
4.905633246624542920e+00 -2.426292654973943169e-05 -8.586477208483850321e-05 6.160184553517192990e-05
4.906744604704115886e+00 1.554675592051885102e-05 -1.574731589691954342e-04 1.730199148866394879e-04
4.907855962783688852e+00 6.771940964231740190e-05 -2.150519115239717116e-04 2.827713211653133316e-04
4.908967320863262707e+00 1.282394122933839392e-04 -2.478755066241469796e-04 3.761149189167502932e-04
4.910078678942835673e+00 1.913464630038368836e-04 -2.492339625337243458e-04 4.405804255370269346e-04
4.911190037022409527e+00 2.500885065057460721e-04 -2.176091395853403665e-04 4.676976460890880372e-04
4.912301395101982493e+00 2.971396365199149847e-04 -1.569892269132969198e-04 4.541288634353655637e-04
4.913412753181555459e+00 3.257836104078610379e-04 -7.626571355789923956e-05 4.020493239642597416e-04
4.914524111261128425e+00 3.309245355820880294e-04 1.219038027080142361e-05 3.187341553100679625e-04
4.915635469340701391e+00 3.099673480037234627e-04 9.453966846222072729e-05 2.154276795404731770e-04
4.916746827420275245e+00 2.634167401048903914e-04 1.577416096236764972e-04 1.056751304806167156e-04
4.917858185499848211e+00 1.950750347445245978e-04 1.917031910301731160e-04 3.371843716186602447e-06
4.918969543579422066e+00 1.117736099579835513e-04 1.909532615288409008e-04 -7.917965157154966674e-05
4.920080901658995032e+00 2.264133164351983182e-05 1.555643273669377741e-04 -1.329229957234704176e-04
4.921192259738567998e+00 -6.201339046968835228e-05 9.116735012047738618e-05 -1.531807405903647980e-04
4.922303617818140964e+00 -1.320645796794965576e-04 8.054480197071736680e-06 -1.401190598771711107e-04
4.923414975897714818e+00 -1.789851978228878399e-04 -8.048492889143818441e-05 -9.850026893197093986e-05
4.924526333977287784e+00 -1.971087411306114007e-04 -1.603230719122872988e-04 -3.678566921867885281e-05
4.925637692056861638e+00 -1.845384264331784152e-04 -2.187933426840184270e-04 3.425491624894656112e-05
4.926749050136434604e+00 -1.435499729571902694e-04 -2.467533228742678497e-04 1.032033499183153055e-04
4.927860408216007571e+00 -8.040365356169407174e-05 -2.400720010286849782e-04 1.596683474675286707e-04
4.928971766295580537e+00 -4.567294201068480830e-06 -2.002964072246732341e-04 1.957291130229230069e-04
4.930083124375153503e+00 7.255859474717893387e-05 -1.343874763207845990e-04 2.069460710673433693e-04
4.931194482454727357e+00 1.392432351562077064e-04 -5.356778743955369071e-05 1.928110225937187602e-04
4.932305840534300323e+00 1.851292096624098521e-04 2.853027476977867960e-05 1.565989348910560436e-04
4.933417198613874177e+00 2.027875917742436029e-04 9.811239694068954464e-05 1.046751948345341771e-04
4.934528556693447143e+00 1.888888576791747636e-04 1.434975284430022729e-04 4.539132923717711238e-05
4.935639914773020109e+00 1.448042194284752861e-04 1.570469892345563445e-04 -1.224276980698463246e-05
4.936751272852593075e+00 7.653205685208101794e-05 1.364306956069716477e-04 -5.989863875489843600e-05
4.937862630932166930e+00 -6.057653874508642233e-06 8.502227511556284534e-05 -9.107992898995135797e-05
4.938973989011739896e+00 -9.056620969984281733e-05 1.135756161714344958e-05 -1.019237713185535896e-04
4.940085347091313750e+00 -1.638117470679645998e-04 -7.225559066427640620e-05 -9.155615640242358022e-05
4.941196705170886716e+00 -2.137289019223508751e-04 -1.517492116937541741e-04 -6.197969022890895130e-05
4.942308063250459682e+00 -2.311461271753516289e-04 -2.136000590247412456e-04 -1.754606815119932189e-05
4.943419421330032648e+00 -2.111774560815057877e-04 -2.470506511897362090e-04 3.587319510678539658e-05
4.944530779409605614e+00 -1.540184494455577174e-04 -2.458834420771792428e-04 9.186499263261118514e-05
4.945642137489179468e+00 -6.502129122336677836e-05 -2.094581469591211276e-04 1.444368557371959044e-04
4.946753495568752435e+00 4.597098131215934802e-05 -1.428426411323076295e-04 1.888136224432188440e-04
4.947864853648326289e+00 1.659419771381951889e-04 -5.601584750848480343e-05 2.219578246467346361e-04
4.948976211727899255e+00 2.804852078993717857e-04 3.772761870980169407e-05 2.427575891899083627e-04
4.950087569807472221e+00 3.757973176412138759e-04 1.239113240442003133e-04 2.518859935965421515e-04
4.951198927887045187e+00 4.405934106960483244e-04 1.892023244522301334e-04 2.513910862414203695e-04
4.952310285966618153e+00 4.676672351950989176e-04 2.235502406889651635e-04 2.441169945053287341e-04
4.953421644046192007e+00 4.548708651205806558e-04 2.217935118040692544e-04 2.330773533182258503e-04
4.954533002125765861e+00 4.053739079702498721e-04 1.844737432958260329e-04 2.209001646747532199e-04
4.955644360205338828e+00 3.271682964070786459e-04 1.177285655829182764e-04 2.094397308253924568e-04
4.956755718284911794e+00 2.318954199173788380e-04 3.228364617146456395e-05 1.996117737445351689e-04
4.957867076364484760e+00 1.331710599402841436e-04 -5.828913905581503685e-05 1.914601989948735983e-04
4.958978434444057726e+00 4.465553585263071223e-05 -1.397617585628500858e-04 1.844172944152049770e-04
4.960089792523631580e+00 -2.184898843507303290e-05 -1.995311069578828422e-04 1.776821185244959606e-04
4.961201150603204546e+00 -5.799981031354324579e-05 -2.286208725451911727e-04 1.706210622316236408e-04
4.962312508682778400e+00 -5.998779187624432574e-05 -2.230813576982876301e-04 1.630935658225446394e-04
4.963423866762351366e+00 -2.893976546941741390e-05 -1.845642696254486126e-04 1.556245041563165607e-04
4.964535224841924332e+00 2.939371875211940766e-05 -1.199852567285355359e-04 1.493789754803418260e-04
4.965646582921497298e+00 1.056021375218218344e-04 -4.033626753232634476e-05 1.459384050545107364e-04
4.966757941001070265e+00 1.880724668146737874e-04 4.115183800668803515e-05 1.469206288083006046e-04
4.967869299080644119e+00 2.647136493639291356e-04 1.111911780159362609e-04 1.535224713464992778e-04
4.968980657160217973e+00 3.246879537050486805e-04 1.586037292460760681e-04 1.660842244605672570e-04
4.970092015239790939e+00 3.598956627845013769e-04 1.761186204432406855e-04 1.837770423431353854e-04
4.971203373319363905e+00 3.660041018769084539e-04 1.615083010283284437e-04 2.044958008503969162e-04
4.972314731398936871e+00 3.428869046903735424e-04 1.178825702570270723e-04 2.250043344344692699e-04
4.973426089478509837e+00 2.944324036471971176e-04 5.309908992018504137e-05 2.413333137276062190e-04
4.974537447558083691e+00 2.277763639637045076e-04 -2.160531898971751463e-05 2.493816829514262229e-04
4.975648805637656658e+00 1.520990363783614185e-04 -9.353055028314682939e-05 2.456295866615654938e-04
4.976760163717230512e+00 7.718692320549114250e-05 -1.506553278335254903e-04 2.278422510389602543e-04
4.977871521796803478e+00 1.198709731107389098e-05 -1.836490663678393143e-04 1.956361636773424131e-04
4.978982879876376444e+00 -3.662686010447169238e-05 -1.874203665768250926e-04 1.507935064710462861e-04
4.980094237955949410e+00 -6.470069856788496221e-05 -1.619472815246030678e-04 9.724658295756118120e-05
4.981205596035522376e+00 -7.154888117060637098e-05 -1.122545032028361700e-04 4.070562203124013928e-05
4.982316954115096230e+00 -5.958189825860677608e-05 -4.754445823492228773e-05 -1.203744002318922479e-05
4.983428312194670085e+00 -3.366918183388481478e-05 2.037048603040561567e-05 -5.403966786308046083e-05
4.984539670274243051e+00 -1.659356869544541258e-07 7.907204380917538106e-05 -7.923797949616236125e-05
4.985651028353816017e+00 3.422066625323417696e-05 1.176418621210558943e-04 -8.342119586741405732e-05
4.986762386433388983e+00 6.353359925278883290e-05 1.285185079338898185e-04 -6.498490868147427640e-05
4.987873744512961949e+00 8.345917894535736722e-05 1.087966006634005084e-04 -2.533742171788658237e-05
4.988985102592535803e+00 9.187748978458504245e-05 6.075178990729273448e-05 3.112569987610337187e-05
4.990096460672108769e+00 8.899985573479138323e-05 -8.496429593187609930e-06 9.749628532639692535e-05
4.991207818751682623e+00 7.709581749512119109e-05 -8.812940475180254529e-05 1.652252222467433251e-04
4.992319176831255589e+00 5.988138368041850956e-05 -1.653933461239886354e-04 2.252747298059128850e-04
4.993430534910828555e+00 4.169479427264775884e-05 -2.276921680319544949e-04 2.693869623048754727e-04
4.994541892990401522e+00 2.661697683818513294e-05 -2.646642517733638345e-04 2.912812286117623384e-04
4.995653251069974488e+00 1.769676543972135974e-05 -2.699007232845086757e-04 2.875974887230564950e-04
4.996764609149548342e+00 1.641609590065026825e-05 -2.420217092857415014e-04 2.584378051853327210e-04
4.997875967229122196e+00 2.248278658040572808e-05 -1.849325373999444883e-04 2.074153239795505088e-04
4.998987325308695162e+00 3.397691241345621865e-05 -1.072165702628823103e-04 1.411934826747061542e-04
5.000098683388268128e+00 4.781214838272228318e-05 -2.076312636301209935e-05 6.857527474584627220e-05
5.001210041467841094e+00 6.041708095859323752e-05 6.114556375077899453e-05 -7.284827929845971717e-07
5.002321399547414060e+00 6.850304772707156709e-05 1.259757816204319647e-04 -5.747273389197001675e-05
5.003432757626987915e+00 6.977102194729494031e-05 1.639622700087648311e-04 -9.419124806195528811e-05
5.004544115706560881e+00 6.342257719221637557e-05 1.696769906292677505e-04 -1.062544134353647900e-04
5.005655473786134735e+00 5.037659909463152244e-05 1.428911324828563076e-04 -9.251453338946272718e-05
5.006766831865707701e+00 3.314754929409011175e-05 8.859073844338233306e-05 -5.544318915063012679e-05
5.007878189945280667e+00 1.540313413659569891e-05 1.614492933129860197e-05 -7.417951925392692047e-07
5.008989548024853633e+00 1.278255448132654959e-06 -6.223576237800523825e-05 6.351401782643279620e-05
5.010100906104426599e+00 -5.432258990517926933e-06 -1.334976927965889765e-04 1.280654338070771892e-04
5.011212264184000453e+00 -2.055485265174336607e-06 -1.858717452419937632e-04 1.838162599777969433e-04
5.012323622263574308e+00 1.234822282517381020e-05 -2.107827200555616870e-04 2.231309428820686322e-04
5.013434980343147274e+00 3.666198761884294222e-05 -2.042295398025362196e-04 2.408915274213392632e-04
5.014546338422720240e+00 6.774645585890144706e-05 -1.674127853824192852e-04 2.351592412413328753e-04
5.015657696502293206e+00 1.008388622090374692e-04 -1.065098679049539254e-04 2.073487301155205534e-04
5.016769054581866172e+00 1.302609390769742664e-04 -3.163788835357228546e-05 1.618988274288777479e-04
5.017880412661440026e+00 1.503241681727910881e-04 4.482299627503634476e-05 1.055011718974763202e-04
5.018991770741012992e+00 1.562837222835113289e-04 1.102688379789737091e-04 4.601488430256393813e-05
5.020103128820586846e+00 1.451800977407323532e-04 1.539385696486777859e-04 -8.758471907765238290e-06
5.021214486900159812e+00 1.164223501524725866e-04 1.686696109661316167e-04 -5.224726081483311267e-05
5.022325844979732778e+00 7.200686870070154358e-05 1.520561571995218686e-04 -8.004928850031630717e-05
5.023437203059305745e+00 1.632433858682162675e-05 1.068228600725430397e-04 -9.049852148730651649e-05
5.024548561138878711e+00 -4.442470495572524436e-05 4.035592660955877875e-05 -8.478063156505417225e-05
5.025659919218452565e+00 -1.031198085095323680e-04 -3.652796697764873479e-05 -6.659184153118974381e-05
5.026771277298026419e+00 -1.527778371820751740e-04 -1.113698554209667513e-04 -4.140798176155684879e-05
5.027882635377599385e+00 -1.876092532937956997e-04 -1.721180564614524511e-04 -1.549119682926237973e-05
5.028993993457172351e+00 -2.039025776530579287e-04 -2.091016713635356766e-04 5.199093710609586916e-06
5.030105351536745317e+00 -2.005918259137279974e-04 -2.166043185796075882e-04 1.601249266613199301e-05
5.031216709616318283e+00 -1.794116899556108535e-04 -1.937812732961952111e-04 1.436958334203024962e-05
5.032328067695892138e+00 -1.446115166724923351e-04 -1.447719906972205761e-04 1.604740258141779119e-07
5.033439425775465104e+00 -1.022709230037678260e-04 -7.799273286981933673e-05 -2.427819013369435230e-05
5.034550783855038958e+00 -5.932536381750546511e-05 -4.728821323336449001e-06 -5.459654249456713515e-05
5.035662141934611924e+00 -2.245825217728723844e-05 6.273925971451554257e-05 -8.519751189257082982e-05
5.036773500014184890e+00 2.960801633884692016e-06 1.131658512297534919e-04 -1.102050495959986873e-04
5.037884858093757856e+00 1.371844124493606281e-05 1.381915282917603460e-04 -1.244730870465467817e-04
5.038996216173330822e+00 9.242427183705961141e-06 1.337117504412420332e-04 -1.244693232552347446e-04
5.040107574252904676e+00 -8.351423754042897746e-06 1.005389912242631023e-04 -1.088904149783138063e-04
5.041218932332478531e+00 -3.465894461452279779e-05 4.425156005321510128e-05 -7.891050466767024485e-05
5.042330290412051497e+00 -6.376908693736700606e-05 -2.574347072934086988e-05 -3.802561620976953327e-05
5.043441648491624463e+00 -8.929878302611077290e-05 -9.777651713854286497e-05 8.477734114237071850e-06
5.044553006571197429e+00 -1.055099967399997229e-04 -1.598510334815794048e-04 5.434103674141141371e-05
5.045664364650770395e+00 -1.083227971308813736e-04 -2.016283551773377647e-04 9.330555804729079306e-05
5.046775722730344249e+00 -9.605390046149922534e-05 -2.161345168425875957e-04 1.200806163792304815e-04
5.047887080809917215e+00 -6.975400583169102942e-05 -2.009082910454321885e-04 1.311542852152885325e-04
5.048998438889491069e+00 -3.308244326004870783e-05 -1.584023531341557933e-04 1.253199098756492547e-04
5.050109796969064035e+00 8.266359522284168204e-06 -9.557286641960829887e-05 1.038392259405558626e-04
5.051221155048637002e+00 4.749566073296903473e-05 -2.272655126300295036e-05 7.022221199479237314e-05
5.052332513128209968e+00 7.784886151295748041e-05 4.818357826352932805e-05 2.966528324720336951e-05
5.053443871207782934e+00 9.377524975316253036e-05 1.055322104962438945e-04 -1.175696074168838118e-05
5.054555229287356788e+00 9.192592367367809648e-05 1.399399500380668279e-04 -4.801402636335581203e-05
5.055666587366930642e+00 7.181155064463684221e-05 1.458199366151334813e-04 -7.400838596932868231e-05
5.056777945446503608e+00 3.600615375262032972e-05 1.222986791089885131e-04 -8.629252535521112280e-05
5.057889303526076574e+00 -1.014683398185920599e-05 7.336021334447030695e-05 -8.350704732508311412e-05
5.059000661605649540e+00 -5.928993599716055052e-05 7.190612752960151566e-06 -6.648054874903389783e-05
5.060112019685222506e+00 -1.031568861661700393e-04 -6.516864593302668096e-05 -3.798824023112847698e-05
5.061223377764796361e+00 -1.338580602009316334e-04 -1.316365441318533697e-04 -2.221516069176275587e-06
5.062334735844369327e+00 -1.451447559099577206e-04 -1.810789205358084852e-04 3.593416462618122947e-05
5.063446093923943181e+00 -1.334512524917234183e-04 -2.051391322785318938e-04 7.168787978828906199e-05
5.064557452003516147e+00 -9.854592743215907780e-05 -1.996127301126370684e-04 1.010668026780129486e-04
5.065668810083089113e+00 -4.368221826324143048e-05 -1.651411573630259810e-04 1.214589390996995491e-04
5.066780168162662079e+00 2.478241428102885557e-05 -1.071115254173624076e-04 1.318939396982134540e-04
5.067891526242235045e+00 9.824834830251920337e-05 -3.477986434309750241e-05 1.330282126454553765e-04
5.069002884321808899e+00 1.670897825447109283e-04 4.023750424935086667e-05 1.268522782974582097e-04
5.070114242401382754e+00 2.220420960347638945e-04 1.058565705862558534e-04 1.161855254494183372e-04
5.071225600480955720e+00 2.555502076650292744e-04 1.514919169008756630e-04 1.040582907645788355e-04
5.072336958560528686e+00 2.628727478423652231e-04 1.697749846426764532e-04 9.309776320021059641e-05
5.073448316640101652e+00 2.427740724469627798e-04 1.577439956232115983e-04 8.503007682529335060e-05
5.074559674719674618e+00 1.976995345193597285e-04 1.173123909315272259e-04 8.038714358993021697e-05
5.075671032799248472e+00 1.334089731265834453e-04 5.494127099321850782e-05 7.846770213437671490e-05
5.076782390878821438e+00 5.812655175664680623e-05 -1.942816714785820797e-05 7.755471890317621603e-05
5.077893748958395292e+00 -1.866118781837511342e-05 -9.400522741279809802e-05 7.534403959452880273e-05
5.079005107037968259e+00 -8.757440451530318359e-05 -1.570747510663793312e-04 6.950034655103451420e-05
5.080116465117541225e+00 -1.406678251848810651e-04 -1.989006638373150976e-04 5.823283865299348078e-05
5.081227823197114191e+00 -1.725179358412955860e-04 -2.132966909326114435e-04 4.077875509316507274e-05
5.082339181276687157e+00 -1.809098048773053607e-04 -1.986085091212966280e-04 1.769870424487857835e-05
5.083450539356261011e+00 -1.670279442547266402e-04 -1.579489575983718946e-04 -9.078986655729377742e-06
5.084561897435833977e+00 -1.351337006552169595e-04 -9.865094636307171483e-05 -3.648275429375680279e-05
5.085673255515407831e+00 -9.179127566802738891e-05 -3.103110431635497379e-05 -6.076017135168716027e-05
5.086784613594980797e+00 -4.477305605370953887e-05 3.333006353790392284e-05 -7.810311959148509217e-05
5.087895971674553763e+00 -1.821827021478150677e-06 8.350714882016455065e-05 -8.532897584022976906e-05
5.089007329754126729e+00 3.053442785509740982e-05 1.110319131176627956e-04 -8.049748526224695562e-05
5.090118687833700584e+00 4.793246954907441452e-05 1.112827364431697753e-04 -6.335026689158066229e-05
5.091230045913273550e+00 4.874741755246572023e-05 8.423450303277155854e-05 -3.548708548041816166e-05
5.092341403992847404e+00 3.421200391085909426e-05 3.444781180201618442e-05 -2.358078920964429281e-07
5.093452762072420370e+00 8.077478363260892635e-06 -2.969822142041139701e-05 3.777569978462465283e-05
5.094564120151993336e+00 -2.411482433110206935e-05 -9.740101630952360812e-05 7.328619197878583069e-05
5.095675478231566302e+00 -5.602196316574145629e-05 -1.572260917357126697e-04 1.012041285694646742e-04
5.096786836311139268e+00 -8.158049920699295132e-05 -1.989993161642684277e-04 1.174188169591229569e-04
5.097898194390713122e+00 -9.600255252244921378e-05 -2.154883263519348502e-04 1.194857738305542261e-04
5.099009552470286089e+00 -9.652781861838218014e-05 -2.035971146836443313e-04 1.070692960660618587e-04
5.100120910549859943e+00 -8.281659160406552866e-05 -1.648785402817085077e-04 8.206194867786675839e-05
5.101232268629432909e+00 -5.693054650621632434e-05 -1.052821052865294399e-04 4.835155878081705272e-05
5.102343626709005875e+00 -2.291699052920943142e-05 -3.418017997845572420e-05 1.126318944911011699e-05
5.103454984788578841e+00 1.392292323838762932e-05 3.716575209573684535e-05 -2.324282885647361435e-05
5.104566342868152695e+00 4.795146528220259330e-05 9.744574786824718865e-05 -4.949428258643881126e-05
5.105677700947725661e+00 7.413913688368535190e-05 1.371461849979885989e-04 -6.300704811300697483e-05
5.106789059027299515e+00 8.887844777820093703e-05 1.500960772074273622e-04 -6.121762942853481264e-05
5.107900417106872482e+00 9.053384032808517445e-05 1.344621933172260655e-04 -4.392835298888588674e-05
5.109011775186445448e+00 7.964230639572822748e-05 9.303146591975453017e-05 -1.338915952227032885e-05
5.110123133266018414e+00 5.873997167654600865e-05 3.273664008653955071e-05 2.600333159116785531e-05
5.111234491345591380e+00 3.185365084514089201e-05 -3.649454501735219236e-05 6.834819586320345364e-05
5.112345849425165234e+00 3.752388007850770979e-06 -1.033755704719918622e-04 1.071279584792163980e-04
5.113457207504738200e+00 -2.090699456821099728e-05 -1.571126180015831181e-04 1.362056234314370368e-04
5.114568565584312054e+00 -3.839063764244331212e-05 -1.891667396106012228e-04 1.507761019704963179e-04
5.115679923663885020e+00 -4.651496583608742685e-05 -1.946378268319545746e-04 1.481228609973642141e-04
5.116791281743457986e+00 -4.498454670156387669e-05 -1.730445844044629922e-04 1.280600377038748974e-04
5.117902639823030952e+00 -3.538583982246653464e-05 -1.283747068562424848e-04 9.298886703425993799e-05
5.119013997902603919e+00 -2.084241551434610346e-05 -6.839980634405426474e-05 4.755739082816512475e-05
5.120125355982177773e+00 -5.395983790576833194e-06 -3.370512996037078324e-06 -2.025470794439140909e-06
5.121236714061751627e+00 6.775120673996500031e-06 5.569130520949663876e-05 -4.891618453368084748e-05
5.122348072141324593e+00 1.216048842905327089e-05 9.882069710909734128e-05 -8.666020868039686978e-05
5.123459430220897559e+00 8.601960227824453388e-06 1.187567399179632974e-04 -1.101547796900237018e-04
5.124570788300470525e+00 -4.264607913499621553e-06 1.121378888393554166e-04 -1.164024967512250486e-04
5.125682146380043491e+00 -2.489048114488181737e-05 8.004996769226703501e-05 -1.049404488349639682e-04
5.126793504459617346e+00 -5.004252261194344631e-05 2.783827999664530845e-05 -7.788080260820451350e-05
5.127904862539190312e+00 -7.534315658660247633e-05 -3.578335292869772033e-05 -3.955980365763457282e-05
5.129016220618764166e+00 -9.603152269452297496e-05 -1.001782141730016285e-04 4.146691477427411066e-06
5.130127578698337132e+00 -1.078162199331196211e-04 -1.545476772288646716e-04 4.673145729682144645e-05
5.131238936777910098e+00 -1.076725908497316170e-04 -1.897169566382733014e-04 8.204436578980976724e-05
5.132350294857483064e+00 -9.444498260449858684e-05 -1.996516417340204325e-04 1.052066591295391929e-04
5.133461652937056030e+00 -6.914570747126522199e-05 -1.824559793175313527e-04 1.133102718457916838e-04
5.134573011016629884e+00 -3.489239766253822428e-05 -1.406896533788244003e-04 1.057972557175082887e-04
5.135684369096203739e+00 3.514195337235570538e-06 -8.095218767306330832e-05 8.446638301001698629e-05
5.136795727175776705e+00 4.030921321028328730e-05 -1.280456030047089078e-05 5.311377351118785894e-05
5.137907085255349671e+00 6.966592208588291354e-05 5.279367159085560784e-05 1.687225049532697918e-05
5.139018443334922637e+00 8.663513356868069240e-05 1.052743068734899798e-04 -1.863917330302035380e-05
5.140129801414495603e+00 8.796731942599302773e-05 1.361834316485704098e-04 -4.821611222113300795e-05
5.141241159494069457e+00 7.268002079107035128e-05 1.405550499230511516e-04 -6.787502913258833303e-05
5.142352517573642423e+00 4.227317452662254435e-05 1.177112155688955775e-04 -7.543804104142301861e-05
5.143463875653216277e+00 5.514718453194372705e-07 7.135921474856442293e-05 -7.080774290232948534e-05
5.144575233732789243e+00 -4.692338000821666411e-05 8.972076760468961076e-06 -5.589545676713825184e-05
5.145686591812362209e+00 -9.366705883553927414e-05 -5.944368125783069945e-05 -3.422337757637283762e-05
5.146797949891935176e+00 -1.332628591904994400e-04 -1.229889724395777373e-04 -1.027388675148028369e-05
5.147909307971508142e+00 -1.603505421462229560e-04 -1.716512632671061273e-04 1.130072112058653350e-05
5.149020666051081996e+00 -1.714556535813011040e-04 -1.979297323265218067e-04 2.647407874682271983e-05
5.150132024130655850e+00 -1.655259370484125220e-04 -1.980406542955847476e-04 3.251471724858689266e-05
5.151243382210228816e+00 -1.440880085530719945e-04 -1.725071456066332165e-04 2.841913705334091211e-05
5.152354740289801782e+00 -1.109982506436171454e-04 -1.260393018212811744e-04 1.504105117773862216e-05
5.153466098369374748e+00 -7.182705856262436989e-05 -6.672774503020673098e-05 -5.099313531970080249e-06
5.154577456448947714e+00 -3.297453542498761728e-05 -4.686389837661557312e-06 -2.828814558685117941e-05
5.155688814528521569e+00 -6.588950014706738967e-07 4.962970935584037901e-05 -5.028860435820053237e-05
5.156800172608094535e+00 2.006082899150556272e-05 8.715298907002733131e-05 -6.709216007683409949e-05
5.157911530687668389e+00 2.607195225254939786e-05 1.016934857129953539e-04 -7.562153346206174249e-05
5.159022888767241355e+00 1.668031659981129150e-05 9.094580660476501294e-05 -7.426549000445542212e-05
5.160134246846814321e+00 -6.306347733354023682e-06 5.684888909464076018e-05 -6.315523682809995147e-05
5.161245604926387287e+00 -3.889486932954783899e-05 5.241781575105429469e-06 -4.413665090388175019e-05
5.162356963005960253e+00 -7.556950721385700953e-05 -5.512499429918132909e-05 -2.044451291399783724e-05
5.163468321085534107e+00 -1.101923886571726935e-04 -1.140567954368062326e-04 3.864406779499965361e-06
5.164579679165107962e+00 -1.369950583298643748e-04 -1.616167075254686114e-04 2.462164919533015028e-05
5.165691037244680928e+00 -1.515010002310279366e-04 -1.897796703901194482e-04 3.827867016093205316e-05
5.166802395324253894e+00 -1.512313359842334254e-04 -1.937653100168648668e-04 4.253397403382319641e-05
5.167913753403826860e+00 -1.360821263789091171e-04 -1.728296746566371916e-04 3.674754827801690604e-05
5.169025111483399826e+00 -1.083157884120529782e-04 -1.303859858308980407e-04 2.207019741794560841e-05
5.170136469562973680e+00 -7.217216692317635768e-05 -7.343565867268947445e-05 1.263491749439391021e-06
5.171247827642546646e+00 -3.316644082147768291e-05 -1.140484929463420061e-05 -2.176159152590846635e-05
5.172359185722120500e+00 2.808752707333071752e-06 4.542015562501548753e-05 -4.261140291640956243e-05
5.173470543801693466e+00 3.042894822920250153e-05 8.759941641577496246e-05 -5.717046818657289461e-05
5.174581901881266432e+00 4.577700479967204521e-05 1.081053253513563663e-04 -6.232832054995978907e-05
5.175693259960839399e+00 4.694062267299658683e-05 1.034892960941565833e-04 -5.654867341997859556e-05
5.176804618040412365e+00 3.427410931011775144e-05 7.445657880922936650e-05 -4.018246949745582150e-05
5.177915976119986219e+00 1.028639781668408415e-05 2.575452802496165650e-05 -1.546813020958945697e-05
5.179027334199560073e+00 -2.082082718306548647e-05 -3.460695796886001374e-05 1.378613078437725820e-05
5.180138692279133039e+00 -5.388367159325085920e-05 -9.667393084035122430e-05 4.279025924821579230e-05
5.181250050358706005e+00 -8.365056314651227870e-05 -1.501881272415479113e-04 6.653756409458547183e-05
5.182361408438278971e+00 -1.056536241736006493e-04 -1.862774312843765850e-04 8.062380711073343503e-05
5.183472766517851937e+00 -1.169318333966830672e-04 -1.989183655958341734e-04 8.198653219886400945e-05
5.184584124597425792e+00 -1.164870731094960754e-04 -1.859296540353602006e-04 6.944258092511906150e-05
5.185695482676998758e+00 -1.053998807213846547e-04 -1.493332985483229736e-04 4.393341782713694466e-05
5.186806840756572612e+00 -8.658931772475078614e-05 -9.502387886775598425e-05 8.434561143876896649e-06
5.187918198836145578e+00 -6.426119917864181463e-05 -3.180071920946304920e-05 -3.246047996928545093e-05
5.189029556915718544e+00 -4.314102995208075886e-05 3.007759089832060667e-05 -7.321862085091397632e-05
5.190140914995291510e+00 -2.762372275327959134e-05 8.057833335067474123e-05 -1.082020561044907958e-04
5.191252273074864476e+00 -2.098563714310612734e-05 1.115421879440401699e-04 -1.325278250841777517e-04
5.192363631154438330e+00 -2.479349871748349338e-05 1.180222472719083147e-04 -1.428157459882900960e-04
5.193474989234012185e+00 -3.861122789435142075e-05 9.909453310856693176e-05 -1.377057610026130412e-04
5.194586347313585151e+00 -6.005527053752623967e-05 5.800706370337645190e-05 -1.180623342412179776e-04
5.195697705393158117e+00 -8.519011982247547132e-05 1.643334437239143964e-06 -8.683345425985989838e-05
5.196809063472731083e+00 -1.091981903020662267e-04 -6.061124730544556471e-05 -4.858694299512836615e-05
5.197920421552304049e+00 -1.272116583157520756e-04 -1.184134162094743759e-04 -8.798242105805854918e-06
5.199031779631877903e+00 -1.351660829498483110e-04 -1.621627594333985289e-04 2.699667648497008909e-05
5.200143137711450869e+00 -1.305312269236141506e-04 -1.845797395347258119e-04 5.404851261237193782e-05
5.201254495791024723e+00 -1.127942661995522469e-04 -1.819020711599315249e-04 6.910780496161353370e-05
5.202365853870597689e+00 -8.361125740038218707e-05 -1.545033654740662205e-04 7.089210807348367283e-05
5.203477211950170656e+00 -4.659759940068078365e-05 -1.068329429416616655e-04 6.023534354288213877e-05
5.204588570029743622e+00 -6.788188454713399433e-06 -4.668717200095005848e-05 3.989898354606405406e-05
5.205699928109316588e+00 3.014691564372229404e-05 1.606769666567635368e-05 1.407921897821724430e-05
5.206811286188890442e+00 5.880437311824677701e-05 7.111144590092859791e-05 -1.230707278222472126e-05
5.207922644268464296e+00 7.491977665161379460e-05 1.093595472308342767e-04 -3.443977057790642907e-05
5.209034002348037262e+00 7.606693382227326487e-05 1.244498222693412128e-04 -4.838288844749290100e-05
5.210145360427610228e+00 6.206857030377705212e-05 1.137830403138439563e-04 -5.171447001112871754e-05
5.211256718507183194e+00 3.504954272162165430e-05 7.894781398468976585e-05 -4.389827126269124288e-05
5.212368076586756160e+00 -8.781387049695485447e-07 2.546125795966497352e-05 -2.633939666336080135e-05
5.213479434666330015e+00 -4.024908189372271988e-05 -3.813100493470049368e-05 -2.118076959449835539e-06
5.214590792745902981e+00 -7.709557552194185037e-05 -1.016471543994288546e-04 2.455157887965454117e-05
5.215702150825476835e+00 -1.058789099719860058e-04 -1.549252545736765768e-04 4.904634460256834111e-05
5.216813508905049801e+00 -1.223508081535460562e-04 -1.894719679013390223e-04 6.712115974765245352e-05
5.217924866984622767e+00 -1.242062844333457691e-04 -1.998346922040122875e-04 7.562840777190337621e-05
5.219036225064195733e+00 -1.114233942347067630e-04 -1.844739208242650308e-04 7.305052659042823165e-05
5.220147583143768699e+00 -8.623654328222384730e-05 -1.459950674478488475e-04 5.975852416821234026e-05
5.221258941223342553e+00 -5.274985559768942400e-05 -9.070424672157073598e-05 3.795439112432279910e-05
5.222370299302916408e+00 -1.625571514460473488e-05 -2.756324702387659420e-05 1.130753188110285995e-05
5.223481657382489374e+00 1.762864131353743258e-05 3.328301106684736221e-05 -1.565436975255012075e-05
5.224593015462062340e+00 4.386452240272785928e-05 8.216390507787517394e-05 -3.829938267168242136e-05
5.225704373541635306e+00 5.878755868723572076e-05 1.114534811610778508e-04 -5.266592247121413238e-05
5.226815731621208272e+00 6.066688840929731867e-05 1.167971873734098380e-04 -5.613029896266077262e-05
5.227927089700782126e+00 4.993858691804912292e-05 9.779579240522338207e-05 -4.785720548493668271e-05
5.229038447780355092e+00 2.907850626230040064e-05 5.803717546930004662e-05 -2.895866920696668623e-05
5.230149805859928946e+00 2.139539106778276523e-06 4.474146565696182631e-06 -2.334607457541403031e-06
5.231261163939501913e+00 -2.596623455788406309e-05 -5.374617432727345212e-05 2.777993976816380689e-05
5.232372522019074879e+00 -5.031819160856466910e-05 -1.068062616534377202e-04 5.648807004569270790e-05
5.233483880098647845e+00 -6.682689217021690886e-05 -1.458429918064219066e-04 7.901609963413287058e-05
5.234595238178220811e+00 -7.292179481025676951e-05 -1.644054563798048874e-04 9.148366157287618483e-05
5.235706596257794665e+00 -6.797200411568643519e-05 -1.595064845426995975e-04 9.153448042681540386e-05
5.236817954337367631e+00 -5.337037244082781101e-05 -1.320964469525270218e-04 7.872607451590418054e-05
5.237929312416941485e+00 -3.226814116345181477e-05 -8.688375802923253843e-05 5.461561686621180245e-05
5.239040670496514451e+00 -9.006269709833231163e-06 -3.153445242998556552e-05 2.252818272272145983e-05
5.240152028576087417e+00 1.165917407722075541e-05 2.461452290338991822e-05 -1.295534882432038126e-05
5.241263386655660383e+00 2.540526500643697921e-05 7.211391317061416339e-05 -4.670864816581086001e-05
5.242374744735234238e+00 2.911904983883073852e-05 1.029741029559189981e-04 -7.385505311747206716e-05
5.243486102814807204e+00 2.146946918086796528e-05 1.119904464787996410e-04 -9.052097729613862217e-05
5.244597460894381058e+00 3.174939751926335318e-06 9.760348539500102866e-05 -9.442854564390920375e-05
5.245708818973954024e+00 -2.308191429331845484e-05 6.215295210879566434e-05 -8.523486640182962454e-05
5.246820177053526990e+00 -5.308154353757775501e-05 1.148492834795664108e-05 -6.456647188418651595e-05
5.247931535133099956e+00 -8.176802503593455507e-05 -4.602153638890577048e-05 -3.574648864470165305e-05
5.249042893212672922e+00 -1.041073458323184958e-04 -1.008462858281006930e-04 -3.261060004289793868e-06
5.250154251292246776e+00 -1.159600689275910868e-04 -1.439075210624002343e-04 2.794745213725770977e-05
5.251265609371819743e+00 -1.148209589312615062e-04 -1.680674092729601832e-04 5.324645034265364230e-05
5.252376967451393597e+00 -1.002986462678356547e-04 -1.693149877031278894e-04 6.901634143577708991e-05
5.253488325530966563e+00 -7.425025870235173880e-05 -1.474311605831994665e-04 7.318090188152513720e-05
5.254599683610539529e+00 -4.054236184447036762e-05 -1.060263509935852749e-04 6.548398915227644085e-05
5.255711041690112495e+00 -4.471289400901495847e-06 -5.194505375822125459e-05 4.747376435763200897e-05
5.256822399769686349e+00 2.806715708857923305e-05 5.863972488437049768e-06 2.220318460290993459e-05
5.257933757849259315e+00 5.152604030795975010e-05 5.782506833813122471e-05 -6.299028029703532955e-06
5.259045115928833170e+00 6.161985179381880909e-05 9.531662691454525355e-05 -3.369677512023031354e-05
5.260156474008406136e+00 5.605138575045165092e-05 1.120947987601380843e-04 -5.604341301080717312e-05
5.261267832087979102e+00 3.493151104526272949e-05 1.053252437090467300e-04 -7.039373266382492915e-05
5.262379190167552068e+00 8.190882570401243623e-07 7.605300671733802864e-05 -7.523391846116526602e-05
5.263490548247125034e+00 -4.163073814680753187e-05 2.903329865751140548e-05 -7.066403680481463459e-05
5.264601906326698888e+00 -8.635821580285467369e-05 -2.804870859796429472e-05 -5.830950720659864792e-05
5.265713264406271854e+00 -1.268234414148845454e-04 -8.584037603606708977e-05 -4.098306537861015619e-05
5.266824622485845708e+00 -1.570178742925391543e-04 -1.348583856784595081e-04 -2.215948861353754518e-05
5.267935980565418674e+00 -1.724020122187098700e-04 -1.670468526621393668e-04 -5.355159555130682703e-06
5.269047338644991640e+00 -1.706191185298303742e-04 -1.771004912059018221e-04 6.481372675846801268e-06
5.270158696724564606e+00 -1.518700021761907812e-04 -1.633354381462195221e-04 1.146543596921428820e-05
5.271270054804138461e+00 -1.188876956556414108e-04 -1.279649284972265294e-04 9.077232841448942824e-06
5.272381412883711427e+00 -7.651479530150582381e-05 -7.673501486153352924e-05 2.202195616678864765e-07
5.273492770963285281e+00 -3.094989657369609515e-05 -1.798076992007291430e-05 -1.296912665244053312e-05
5.274604129042858247e+00 1.121732920022090046e-05 3.874140508511834946e-05 -2.752407588590619070e-05
5.275715487122431213e+00 4.402893266961405844e-05 8.422027042493535065e-05 -4.019133775611449452e-05
5.276826845202004179e+00 6.307662747735985663e-05 1.110975624008800951e-04 -4.802093492285177366e-05
5.277938203281577145e+00 6.616910827102607910e-05 1.150696475755773416e-04 -4.890053930489004857e-05
5.279049561361151000e+00 5.364342546966506184e-05 9.558618844324575162e-05 -4.194276297196100015e-05
5.280160919440723966e+00 2.827247862830341643e-05 5.593192129205691587e-05 -2.765944266336275298e-05
5.281272277520297820e+00 -5.214280089487106917e-06 2.679173413299568152e-06 -7.893453502207277428e-06
5.282383635599870786e+00 -4.091769594110217928e-05 -5.539785397119280363e-05 1.448015802825095011e-05
5.283494993679443752e+00 -7.273487616034357561e-05 -1.087677357188444188e-04 3.603285956016791247e-05
5.284606351759016718e+00 -9.534751937684618484e-05 -1.487074456597761024e-04 5.335992628262807569e-05
5.285717709838589684e+00 -1.050729914233812165e-04 -1.687315395803301588e-04 6.365854815758992258e-05
5.286829067918163538e+00 -1.004415140082376076e-04 -1.656503775590324745e-04 6.520886354882422103e-05
5.287940425997737393e+00 -8.240788514923824692e-05 -1.400842670748678187e-04 5.767638192685515391e-05
5.289051784077310359e+00 -5.416589734683063817e-05 -9.635015925595416530e-05 4.218426191030574118e-05
5.290163142156883325e+00 -2.059832026535517863e-05 -4.174083296332349591e-05 2.114251269649033288e-05
5.291274500236456291e+00 1.254556793663704622e-05 1.468365867605438135e-05 -2.138090737711668271e-06
5.292385858316029257e+00 3.960898056318620797e-05 6.359252851315024685e-05 -2.398354795043761839e-05
5.293497216395603111e+00 5.596559597889584278e-05 9.692204458086215932e-05 -4.095644860167705140e-05
5.294608574475176077e+00 5.878306550913031583e-05 1.092014950013766531e-04 -5.041842949094995675e-05
5.295719932554749931e+00 4.748775465232037141e-05 9.844955361549851541e-05 -5.096179896414384288e-05
5.296831290634322897e+00 2.385574971111538087e-05 6.649431994401946988e-05 -4.263857023241749908e-05
5.297942648713895863e+00 -8.283407767935291321e-06 1.866537677064784156e-05 -2.694878453739441362e-05
5.299054006793468830e+00 -4.368033622392103466e-05 -3.709038991138967345e-05 -6.589946312986726118e-06
5.300165364873041796e+00 -7.653173079330381767e-05 -9.152273115555289995e-05 1.499100036211897802e-05
5.301276722952615650e+00 -1.014357420353693279e-04 -1.356047823629410315e-04 3.416904032950765502e-05
5.302388081032189504e+00 -1.142796475272272669e-04 -1.620209688825511446e-04 4.774132135516688524e-05
5.303499439111762470e+00 -1.129140915471895171e-04 -1.663711901580509911e-04 5.345709861199164636e-05
5.304610797191335436e+00 -9.750345314057072554e-05 -1.478934322355542758e-04 5.038997909499309119e-05
5.305722155270908402e+00 -7.049522056013814153e-05 -1.095864680278942765e-04 3.909124746912222975e-05
5.306833513350481368e+00 -3.621384876021770810e-05 -5.771317141390654160e-05 2.149932265438359025e-05
5.307944871430055223e+00 -1.461911975746132963e-07 -7.668978003637014207e-07 6.207066025145681343e-07
5.309056229509628189e+00 3.196384483626331721e-05 5.192838117984259483e-05 -1.996453634198376570e-05
5.310167587589202043e+00 5.506254185550516281e-05 9.175346201612888733e-05 -3.669092015889203681e-05
5.311278945668775009e+00 6.561981974190656680e-05 1.122120640171711103e-04 -4.659224427677396974e-05
5.312390303748347975e+00 6.221188624457247088e-05 1.099985770002709536e-04 -4.778669075567403392e-05
5.313501661827920941e+00 4.575721310493344185e-05 8.554011241194287019e-05 -3.978289930636758065e-05
5.314613019907493907e+00 1.936677086846784468e-05 4.292420277267599421e-05 -2.355743190313652410e-05
5.315724377987067761e+00 -1.216734537727581777e-05 -1.077540331232210158e-05 -1.391942065733040718e-06
5.316835736066641616e+00 -4.316151816120480933e-05 -6.666347026109548102e-05 2.350195210085604530e-05
5.317947094146214582e+00 -6.797943970225910765e-05 -1.154866469354632469e-04 4.750720723443492555e-05
5.319058452225787548e+00 -8.196663712359449072e-05 -1.491547270523457119e-04 6.718808992996119084e-05
5.320169810305360514e+00 -8.222769624726018745e-05 -1.620698003758063582e-04 7.984210412643674704e-05
5.321281168384933480e+00 -6.811871129917997092e-05 -1.520451370123562795e-04 8.392642571443831995e-05
5.322392526464507334e+00 -4.137381534034118014e-05 -1.206632874767524927e-04 7.928947213569400437e-05
5.323503884544080300e+00 -5.844215017055884309e-06 -7.301516135007485309e-05 6.717094633440154339e-05
5.324615242623654154e+00 3.310875833001554469e-05 -1.686356739298566776e-05 4.997232572171101186e-05
5.325726600703227120e+00 6.946874056109990370e-05 3.863085956358307260e-05 3.083788099906767388e-05
5.326837958782800087e+00 9.752932895074669511e-05 8.441175662353590792e-05 1.311757232945335097e-05
5.327949316862373053e+00 1.128128346804948634e-04 1.130104271104743520e-04 -1.975924290218127738e-07
5.329060674941946019e+00 1.127941223240464452e-04 1.197672182952089562e-04 -6.973095972479599787e-06
5.330172033021519873e+00 9.731248016336957463e-05 1.035909348923026545e-04 -6.278454728983278409e-06
5.331283391101093727e+00 6.860503407813941038e-05 6.713245220231738725e-05 1.472581876360871608e-06
5.332394749180666693e+00 3.095650449350291489e-05 1.634501763250490597e-05 1.461148686069616703e-05
5.333506107260239659e+00 -9.977879503433179087e-06 -4.049559902748016416e-05 3.051771952446939024e-05
5.334617465339812625e+00 -4.806681472655383730e-05 -9.414945192851541245e-05 4.608263720256786100e-05
5.335728823419385591e+00 -7.767040801823742180e-05 -1.359258095156717916e-04 5.825540149898954939e-05
5.336840181498959446e+00 -9.452507540612647280e-05 -1.591031260673100856e-04 6.457805065936909200e-05
5.337951539578532412e+00 -9.640413136339284067e-05 -1.600229563504321217e-04 6.361882498614156167e-05
5.339062897658106266e+00 -8.344915209394006966e-05 -1.386791540306849674e-04 5.523000193825844395e-05
5.340174255737679232e+00 -5.812084844618488344e-05 -9.870689590121134449e-05 4.058604745517217782e-05
5.341285613817252198e+00 -2.477990373689949871e-05 -4.677478073162634475e-05 2.199487699698025184e-05
5.342396971896825164e+00 1.103204429179919024e-05 8.518783358269638173e-06 2.513260935359685339e-06
5.343508329976398130e+00 4.349305675667653262e-05 5.806254369825330358e-05 -1.456948694114265641e-05
5.344619688055971984e+00 6.743636280517471999e-05 9.372933404308645550e-05 -2.629297123759710003e-05
5.345731046135545839e+00 7.916922561412251822e-05 1.097070013748129274e-04 -3.053777576020343977e-05
5.346842404215118805e+00 7.704381057545999813e-05 1.034451971389130191e-04 -2.640138656347242822e-05
5.347953762294691771e+00 6.168992729128864802e-05 7.606351667841741021e-05 -1.437358938655608660e-05
5.349065120374264737e+00 3.587518901674701527e-05 3.215533227792985449e-05 3.719856738517053618e-06
5.350176478453837703e+00 4.019060732535391367e-06 -2.097887643463022117e-05 2.499793716894153570e-05
5.351287836533411557e+00 -2.855651845398623351e-05 -7.454120461873603443e-05 4.598468616234027001e-05
5.352399194612984523e+00 -5.651489894260668112e-05 -1.196889940553880899e-04 6.317409511375198655e-05
5.353510552692558377e+00 -7.538418141143140433e-05 -1.489909741667835852e-04 7.360679275503819591e-05
5.354621910772131343e+00 -8.228416900745230689e-05 -1.576473165428877304e-04 7.536314753416647333e-05
5.355733268851704310e+00 -7.638268223375110216e-05 -1.442734001392536464e-04 6.789071790460048800e-05
5.356844626931277276e+00 -5.900838863376074023e-05 -1.111192819922730834e-04 5.211089335908133252e-05
5.357955985010850242e+00 -3.340426400658645656e-05 -6.368997453198681213e-05 3.028571052484871351e-05
5.359067343090424096e+00 -4.165054487571557412e-06 -9.830296683170820782e-06 5.665242194670752629e-06
5.360178701169997950e+00 2.354608046971178037e-05 4.157394139443597314e-05 -1.802786092312521141e-05
5.361290059249570916e+00 4.487066827672217713e-05 8.206379734573051449e-05 -3.719312906759388720e-05
5.362401417329143882e+00 5.607253120954282591e-05 1.050020339881160142e-04 -4.892950277789024933e-05
5.363512775408716848e+00 5.516448142003438707e-05 1.066653016293076135e-04 -5.150082020867084373e-05
5.364624133488289814e+00 4.224076424060377311e-05 8.685422799890700485e-05 -4.461346375868725615e-05
5.365735491567863669e+00 1.946090064661176733e-05 4.892161731762188076e-05 -2.946071667097498528e-05
5.366846849647436635e+00 -9.311633339594005410e-06 -7.851009977766568171e-07 -8.526532340515004943e-06
5.367958207727010489e+00 -3.915540400444873781e-05 -5.397460138844081823e-05 1.481919738400162140e-05
5.369069565806583455e+00 -6.491427874917143209e-05 -1.017819349454461564e-04 3.686765619708397279e-05
5.370180923886156421e+00 -8.206141209912524992e-05 -1.362323279595900605e-04 5.417091586068078363e-05
5.371292281965729387e+00 -8.746086090515199640e-05 -1.515573586230323927e-04 6.409649772046166483e-05
5.372403640045302353e+00 -7.990075002448516345e-05 -1.451469266724614987e-04 6.524617664739433553e-05
5.373514998124876207e+00 -6.030966007487727903e-05 -1.179805870991298966e-04 5.767092702282927696e-05
5.374626356204450062e+00 -3.162014504726976677e-05 -7.446763562807615089e-05 4.284749058198946553e-05
5.375737714284023028e+00 1.698603841911866530e-06 -2.172266096278716724e-05 2.342126480422285217e-05
5.376849072363595994e+00 3.436250829525746772e-05 3.160389798341749906e-05 2.758610311918464897e-06
5.377960430443168960e+00 6.113051987719029384e-05 7.674758584319540944e-05 -1.561706596756680041e-05
5.379071788522741926e+00 7.765811140013952757e-05 1.062702345937110993e-04 -2.861212319260316231e-05
5.380183146602315780e+00 8.120649867100759867e-05 1.152819913797742900e-04 -3.407549270803761961e-05
5.381294504681888746e+00 7.109143813526386940e-05 1.022444189522882588e-04 -3.115298081562587699e-05
5.382405862761462600e+00 4.879814594995054641e-05 6.922303816689345801e-05 -2.042489221576199859e-05
5.383517220841035567e+00 1.774357229273985925e-05 2.154825858004857236e-05 -3.804686286793500238e-06
5.384628578920608533e+00 -1.727504673538354796e-05 -3.305914223594892676e-05 1.578409550214224244e-05
5.385739937000181499e+00 -5.085520304883624915e-05 -8.575395545704252165e-05 3.489875240708390641e-05
5.386851295079754465e+00 -7.786113673162800564e-05 -1.280157433448652488e-04 5.015460661266825382e-05
5.387962653159328319e+00 -9.425066536726273841e-05 -1.530433078133688202e-04 5.879264244525086308e-05
5.389074011238902173e+00 -9.772227032755955584e-05 -1.568656953546132549e-04 5.914342502742406249e-05
5.390185369318475139e+00 -8.807751265383061828e-05 -1.389878216511118703e-04 5.091030899772881063e-05
5.391296727398048105e+00 -6.724056290821796289e-05 -1.024654194102837812e-04 3.522485650188107026e-05
5.392408085477621071e+00 -3.893274138472378049e-05 -5.339781194034498579e-05 1.446507055690316595e-05
5.393519443557194037e+00 -8.056277161894772471e-06 7.743089677596237674e-08 -8.133708058405322155e-06
5.394630801636767892e+00 2.011120733750541151e-05 4.912228202798209903e-05 -2.901107469013754908e-05
5.395742159716340858e+00 4.077940690504840322e-05 8.564851991927323327e-05 -4.486911301541376615e-05
5.396853517795914712e+00 5.042427067668557757e-05 1.036423858920109808e-04 -5.321811521413050399e-05
5.397964875875487678e+00 4.735637980639523584e-05 1.001465553034206098e-04 -5.279017549808182053e-05
5.399076233955060644e+00 3.198684898181747976e-05 7.573893841582345424e-05 -4.375208943499043004e-05
5.400187592034633610e+00 6.748621801485731736e-06 3.443067411821112977e-05 -2.768205231776883421e-05
5.401298950114206576e+00 -2.431246227307948260e-05 -1.699887405949215835e-05 -7.313588213456786308e-06
5.402410308193780430e+00 -5.620848750925201698e-05 -7.011994369854161746e-05 1.391145618879693902e-05
5.403521666273353397e+00 -8.383123553638155423e-05 -1.162387284652441344e-04 3.240749292990341424e-05
5.404633024352927251e+00 -1.027897009268537165e-04 -1.478242352064857573e-04 4.503453427887136457e-05
5.405744382432500217e+00 -1.101260794812968652e-04 -1.597413898248561254e-04 4.961531034213418484e-05
5.406855740512073183e+00 -1.047933963112803943e-04 -1.500883835439149883e-04 4.529498723103344421e-05
5.407967098591646149e+00 -8.781744519009183902e-05 -1.205015993477522723e-04 3.268415415587627021e-05
5.409078456671220003e+00 -6.211774938492346104e-05 -7.587912578979269518e-05 1.376137640384487992e-05
5.410189814750792969e+00 -3.201826164617649004e-05 -2.356941575185241000e-05 -8.448845894713091775e-06
5.411301172830366824e+00 -2.529300465533342729e-06 2.784062021316327518e-05 -3.036992067869835263e-05
5.412412530909939790e+00 2.148053256248298216e-05 6.993828146577805993e-05 -4.845774890431791410e-05
5.413523888989512756e+00 3.608605780287333416e-05 9.586611106136367147e-05 -5.978005325705344417e-05
5.414635247069085722e+00 3.894922784036640179e-05 1.014445412434369096e-04 -6.249531340373035322e-05
5.415746605148658688e+00 2.969957945608077583e-05 8.585226026939455496e-05 -5.615268081189878687e-05
5.416857963228232542e+00 9.989707636558903259e-06 5.175340126511301930e-05 -4.176369362969513041e-05
5.417969321307805508e+00 -1.678242057298606760e-05 4.851723772122257250e-06 -2.163414434448902857e-05
5.419080679387379362e+00 -4.603777273818124294e-05 -4.705387769170406298e-05 1.016104954020685680e-06
5.420192037466952328e+00 -7.277371298943131894e-05 -9.535642133496821660e-05 2.258270834499913338e-05
5.421303395546525294e+00 -9.238969742632937437e-05 -1.320583286597565298e-04 3.966863123382614181e-05
5.422414753626098260e+00 -1.014454119422636413e-04 -1.510861934259487976e-04 4.964078148544590063e-05
5.423526111705672115e+00 -9.822700283956906780e-05 -1.492869493126842279e-04 5.105994647238137202e-05
5.424637469785245081e+00 -8.302886096110077135e-05 -1.269422712864773373e-04 4.391341032542253608e-05
5.425748827864818935e+00 -5.810533010505280344e-05 -8.771747667487075906e-05 2.961214657060985689e-05
5.426860185944391901e+00 -2.730097812682352743e-05 -3.805423688503159485e-05 1.075325875786979635e-05
5.427971544023964867e+00 4.579222055111492606e-06 1.389222690785160697e-05 -9.313004854965330898e-06
5.429082902103537833e+00 3.255594788837226118e-05 5.959612160655238661e-05 -2.704017371886816012e-05
5.430194260183110799e+00 5.228860418225299983e-05 9.156314876695124949e-05 -3.927454458365784926e-05
5.431305618262684654e+00 6.078209908491074252e-05 1.045612167518252325e-04 -4.377911766747523935e-05
5.432416976342257620e+00 5.687176610782410276e-05 9.647787192663655545e-05 -3.960610581850312981e-05
5.433528334421831474e+00 4.140754273462788834e-05 6.866414746330498642e-05 -2.725660472932068049e-05
5.434639692501404440e+00 1.710801564437256991e-05 2.570909961296767576e-05 -8.601083969452926609e-06
5.435751050580977406e+00 -1.189087246371029610e-05 -2.531711341027548939e-05 1.342624094462230300e-05
5.436862408660550372e+00 -4.071769185808125219e-05 -7.602654270085287824e-05 3.530885084131966251e-05
5.437973766740124226e+00 -6.456562844404153262e-05 -1.180915472614608303e-04 5.352591881575309574e-05
5.439085124819697192e+00 -7.947942127613065455e-05 -1.446111163150420181e-04 6.513169504082129413e-05
5.440196482899271047e+00 -8.300026399714419828e-05 -1.512411447569025208e-04 6.824088075714235951e-05
5.441307840978844013e+00 -7.456344262674833440e-05 -1.369035053033988009e-04 6.234006267618816266e-05
5.442419199058416979e+00 -5.558429714155096318e-05 -1.039582028841499334e-04 4.837390574060924237e-05
5.443530557137989945e+00 -2.921934502754346130e-05 -5.781121843172545849e-05 2.859187340146975703e-05
5.444641915217562911e+00 1.573417409079028162e-07 -6.023315521777074244e-06 6.180657262057874524e-06
5.445753273297136765e+00 2.767589399000182707e-05 4.293312980667776668e-05 -1.525723581894192216e-05
5.446864631376709731e+00 4.877173584787349025e-05 8.106470833158007164e-05 -3.229297248468474858e-05
5.447975989456283585e+00 5.993458561266663473e-05 1.021665744627428887e-04 -4.223198885101343836e-05
5.449087347535856551e+00 5.928289030334441337e-05 1.028363714112960625e-04 -4.355348110793720215e-05
5.450198705615429517e+00 4.687019916337163000e-05 8.302670958145906208e-05 -3.615651041833679857e-05
5.451310063695002484e+00 2.467417980808045419e-05 4.604645103808025636e-05 -2.137227122981743936e-05
5.452421421774575450e+00 -3.728896551304268503e-06 -1.988335495497345340e-06 -1.740561054621673348e-06
5.453532779854149304e+00 -3.374989888026147522e-05 -5.316259078450014108e-05 1.941269190415409809e-05
5.454644137933723158e+00 -6.053611200743623522e-05 -9.906333985732276859e-05 3.852722784951226678e-05
5.455755496013296124e+00 -7.976094840212062664e-05 -1.321596017910750542e-04 5.239865338902902070e-05
5.456866854092869090e+00 -8.832486795592401491e-05 -1.470346240341254690e-04 5.870975607840354937e-05
5.457978212172442056e+00 -8.485334023159134959e-05 -1.412686420201019616e-04 5.641530178882546431e-05
5.459089570252015022e+00 -6.991138988838956070e-05 -1.158281423747735406e-04 4.591675248458073483e-05
5.460200928331588877e+00 -4.590102310156937010e-05 -7.489890681056619870e-05 2.899788370894565426e-05
5.461312286411161843e+00 -1.665990877638143589e-05 -2.519152193095151177e-05 8.531613152125850502e-06
5.462423644490735697e+00 1.317146529699947041e-05 2.516544838616907587e-05 -1.199398309004694185e-05
5.463535002570308663e+00 3.890934114195729668e-05 6.796202854281608446e-05 -2.905268740097154481e-05
5.464646360649881629e+00 5.658788096181687497e-05 9.625324844326414546e-05 -3.966536748108563486e-05
5.465757718729454595e+00 6.359731712687844915e-05 1.054944314221974763e-04 -4.189711429636474010e-05
5.466869076809027561e+00 5.909521760563197536e-05 9.427954391986364049e-05 -3.518432631492967450e-05
5.467980434888601415e+00 4.412483066047225011e-05 6.456241394667966427e-05 -2.043758328799070989e-05
5.469091792968175270e+00 2.142294709133428510e-05 2.132581247933119928e-05 9.713461166568210237e-08
5.470203151047748236e+00 -5.049139265880971117e-06 -2.824586100672564493e-05 2.319672173883673139e-05
5.471314509127321202e+00 -3.077261186692960976e-05 -7.595316707927068922e-05 4.518055521373796554e-05
5.472425867206894168e+00 -5.142490926522257783e-05 -1.139316940301504655e-04 6.250678476545958040e-05
5.473537225286467134e+00 -6.359542263484427999e-05 -1.359434337581937741e-04 7.234801112456119843e-05
5.474648583366040988e+00 -6.534512844549259653e-05 -1.383974707395690257e-04 7.305234229456215173e-05
5.475759941445613954e+00 -5.651848789164221065e-05 -1.209329721604639196e-04 6.441448426899865076e-05
5.476871299525187808e+00 -3.875726481794832673e-05 -8.646977975091361956e-05 4.771251493240757924e-05
5.477982657604760774e+00 -1.521538123836017192e-05 -4.071961270182746645e-05 2.550423146382421388e-05
5.479094015684333741e+00 9.976644007751722665e-06 8.760454681176407798e-06 1.216189323762027069e-06
5.480205373763906707e+00 3.240789250154047646e-05 5.381554514476746126e-05 -2.140765264532686757e-05
5.481316731843479673e+00 4.812782667075726079e-05 8.703575308314538683e-05 -3.890792641378566265e-05
5.482428089923053527e+00 5.430858700958043884e-05 1.029731633140114214e-04 -4.866457630654948650e-05
5.483539448002627381e+00 4.971907641493269331e-05 9.903331542308164114e-05 -4.931423900801412729e-05
5.484650806082200347e+00 3.493254019795765178e-05 7.589529463412946278e-05 -4.096275443680628611e-05
5.485762164161773313e+00 1.223364537160202825e-05 3.739245732098470804e-05 -2.515881195005054832e-05
5.486873522241346279e+00 -1.475912170360946934e-05 -1.012536055557990144e-05 -4.633761149209179864e-06
5.487984880320919245e+00 -4.169282899114598595e-05 -5.884209088010197708e-05 1.714926188902234430e-05
5.489096238400493100e+00 -6.420172566440687789e-05 -1.007644779803754803e-04 3.656275231521226299e-05
5.490207596480066066e+00 -7.863150932860447917e-05 -1.290373677170029293e-04 5.040585838700806925e-05
5.491318954559639920e+00 -8.264631844717013065e-05 -1.390688259333121984e-04 5.642250748624788592e-05
5.492430312639212886e+00 -7.561804271049611670e-05 -1.292804072815009059e-04 5.366236457035773733e-05
5.493541670718785852e+00 -5.873360688021453391e-05 -1.013599373394201419e-04 4.262633045805808846e-05
5.494653028798358818e+00 -3.480252471187075120e-05 -5.997625729600893074e-05 2.517373258320272991e-05
5.495764386877931784e+00 -7.796527558899361832e-06 -1.200397067971196996e-05 4.207443120072748566e-06
5.496875744957505638e+00 1.780272513901906550e-05 3.461325467714326809e-05 -1.681052953597010971e-05
5.497987103037079493e+00 3.774023039804707755e-05 7.217306437011777182e-05 -3.443283397230748402e-05
5.499098461116652459e+00 4.868706877282429849e-05 9.448249891639854542e-05 -4.579543014547984067e-05
5.500209819196225425e+00 4.878743380281485610e-05 9.787517325047210854e-05 -4.908773944878574427e-05
5.501321177275798391e+00 3.796322695019498095e-05 8.181061776009641850e-05 -4.384739081017389756e-05
5.502432535355371357e+00 1.792620325981450144e-05 4.895790511253751698e-05 -3.103170185378813575e-05
5.503543893434945211e+00 -8.104128334095184183e-06 4.750716158004840428e-06 -1.285484449254064437e-05
5.504655251514518177e+00 -3.593017692247318928e-05 -4.351200217719321250e-05 7.581825254123712027e-06
5.505766609594092031e+00 -6.106611780604120909e-05 -8.787099732600334168e-05 2.680487951981988526e-05
5.506877967673664998e+00 -7.947423020157520085e-05 -1.210184569788233522e-04 4.154422677626629784e-05
5.507989325753237964e+00 -8.822650897942659054e-05 -1.375004747595186261e-04 4.927396578041295938e-05
5.509100683832810930e+00 -8.598277070509443426e-05 -1.346125006216284531e-04 4.862972991588089544e-05
5.510212041912383896e+00 -7.320681415460064678e-05 -1.128408787428158283e-04 3.963406458775894925e-05
5.511323399991957750e+00 -5.208541688981986606e-05 -7.577849615364624924e-05 2.369307926368673795e-05
5.512434758071531604e+00 -2.616391884236769771e-05 -2.952920392479407852e-05 3.365285081692592772e-06
5.513546116151104570e+00 2.412022312428194204e-07 1.830022950416888144e-05 -1.805902727457057988e-05
5.514657474230677536e+00 2.275570870551154798e-05 5.985415899205977913e-05 -3.709845028680019974e-05
5.515768832310250502e+00 3.766924854984123917e-05 8.832139249491085045e-05 -5.065214394620173519e-05
5.516880190389823468e+00 4.254635478634718766e-05 9.905493865305020152e-05 -5.650858386734730100e-05
5.517991548469397323e+00 3.662623879359156072e-05 9.033415893559305909e-05 -5.370792014145787940e-05
5.519102906548970289e+00 2.094571107092661061e-05 6.364439349325736253e-05 -4.269868242309793338e-05
5.520214264628544143e+00 -1.834764686990848770e-06 2.342867707090436763e-05 -2.526344175916806975e-05
5.521325622708117109e+00 -2.787295723181027612e-05 -2.364694068191040138e-05 -4.226016549742882267e-06
5.522436980787690075e+00 -5.278165260013366333e-05 -6.979301025434106465e-05 1.701135765385525245e-05
5.523548338867263041e+00 -7.235524551562136364e-05 -1.073799077537084673e-04 3.502466223688710870e-05
5.524659696946836007e+00 -8.326632241118566563e-05 -1.301933886621482739e-04 4.692706624838480917e-05
5.525771055026409861e+00 -8.361743091686579810e-05 -1.344560083143681029e-04 5.083857739726204555e-05
5.526882413105983716e+00 -7.325713608890942197e-05 -1.194467144243621659e-04 4.618957833394873869e-05
5.527993771185556682e+00 -5.380831104405923992e-05 -8.761719963191853811e-05 3.380888858930085339e-05
5.529105129265129648e+00 -2.840399754367069207e-05 -4.418646850082655342e-05 1.578247095502562092e-05
5.530216487344702614e+00 -1.174300223557873252e-06 3.719121653993420762e-06 -4.893421878497585670e-06
5.531327845424275580e+00 2.343127604939772290e-05 4.823845938788789978e-05 -2.480718333761804464e-05
5.532439203503849434e+00 4.137459425873884350e-05 8.206782403779363383e-05 -4.069322977782790715e-05
5.533550561583422400e+00 4.969260912299108520e-05 9.966008694452146554e-05 -4.996747782350866984e-05
5.534661919662996254e+00 4.698495938909802785e-05 9.813403456266798705e-05 -5.114907517422392284e-05
5.535773277742569221e+00 3.364532585673754225e-05 7.774477611279580896e-05 -4.409945025725620169e-05
5.536884635822142187e+00 1.179858597132651260e-05 4.183852319676519688e-05 -3.003993722706173493e-05
5.537995993901715153e+00 -1.504586101306205209e-05 -3.700146088012924717e-06 -1.134571492452871033e-05
5.539107351981288119e+00 -4.256761362586482939e-05 -5.141704910272860973e-05 8.849435476201983342e-06
5.540218710060861973e+00 -6.634143844228609227e-05 -9.351348545425137992e-05 2.717204701263662564e-05
5.541330068140435827e+00 -8.256017710072532934e-05 -1.231260645744771537e-04 4.056588747178725002e-05
5.542441426220008793e+00 -8.865581530792965986e-05 -1.354510004449235860e-04 4.679518513647784594e-05
5.543552784299581759e+00 -8.371694673462923286e-05 -1.285284673257485605e-04 4.481152059086432327e-05
5.544664142379154725e+00 -6.863436595355189296e-05 -1.035587381782929195e-04 3.492437222377305084e-05
5.545775500458727691e+00 -4.595120188009924750e-05 -6.469894402795755423e-05 1.874774214790774635e-05
5.546886858538301546e+00 -1.944250830682387257e-05 -1.837469590331222702e-05 -1.067812404063721299e-06
5.547998216617874512e+00 6.506406449775618828e-06 2.777954738062381190e-05 -2.127314093047739593e-05
5.549109574697448366e+00 2.762068051008633417e-05 6.617667558418520446e-05 -3.855599507473920010e-05
5.550220932777021332e+00 4.043726869321279983e-05 9.052299286370119220e-05 -5.008572417073103682e-05
5.551332290856594298e+00 4.287193222838095973e-05 9.684946425810513852e-05 -5.397753203222386111e-05
5.552443648936167264e+00 3.455898804851373698e-05 8.415908914990392203e-05 -4.960010110267865091e-05
5.553555007015740230e+00 1.690836244360024651e-05 5.458470411448534954e-05 -3.767634167169131576e-05
5.554666365095314084e+00 -7.129046031307487846e-06 1.303213688853485652e-05 -2.016118292115769844e-05
5.555777723174887939e+00 -3.354880799678622988e-05 -3.363175422414418914e-05 8.294622751234964619e-08
5.556889081254460905e+00 -5.795288171489467594e-05 -7.771193281895516503e-05 1.975905110330501702e-05
5.558000439334033871e+00 -7.627347260124196088e-05 -1.119521918302966712e-04 3.567871922928672959e-05
5.559111797413606837e+00 -8.544193311890799919e-05 -1.307278367038127581e-04 4.528590358338861060e-05
5.560223155493179803e+00 -8.389296297103571859e-05 -1.309681212890729390e-04 4.707515831678388274e-05
5.561334513572753657e+00 -7.182152276621195375e-05 -1.126572428914122265e-04 4.083572012083484110e-05
5.562445871652326623e+00 -5.115054441147404152e-05 -7.883221115655668354e-05 2.768166674268742258e-05
5.563557229731900478e+00 -2.521501851251517837e-05 -3.507872894762190108e-05 9.863710432747498785e-06
5.564668587811473444e+00 1.785441511445266805e-06 1.139127352462344228e-05 -9.605832014427610061e-06
5.565779945891046410e+00 2.547554285492405375e-05 5.292817771489297801e-05 -2.745263486193067967e-05
5.566891303970619376e+00 4.202164593464609906e-05 8.270351535654557606e-05 -4.068186942107320653e-05
5.568002662050192342e+00 4.875984683354794499e-05 9.583207558901173442e-05 -4.707222875456509425e-05
5.569114020129766196e+00 4.463194450000105076e-05 9.017302947934933283e-05 -4.554108498051678095e-05
5.570225378209339162e+00 3.035804683583238212e-05 6.667884571941347371e-05 -3.632079888421946984e-05
5.571336736288913016e+00 8.317824236208238436e-06 2.923528199504261960e-05 -2.091745775833976813e-05
5.572448094368485982e+00 -1.783980135187414329e-05 -1.598054673770422929e-05 -1.859254615463584032e-06
5.573559452448058948e+00 -4.379428160813502585e-05 -6.151786951556770244e-05 1.772358790859320660e-05
5.574670810527631915e+00 -6.526026607108804944e-05 -9.987798367328340476e-05 3.461771760188050301e-05
5.575782168607205769e+00 -7.868777879521497709e-05 -1.247463191059970666e-04 4.605854031106138002e-05
5.576893526686778735e+00 -8.184118152723511563e-05 -1.320284136132523350e-04 5.018723208307426104e-05
5.578004884766352589e+00 -7.416240436279499665e-05 -1.205198819826565348e-04 4.635747761949117474e-05
5.579116242845925555e+00 -5.685941880478103533e-05 -9.210084167328609628e-05 3.524142286887629177e-05
5.580227600925498521e+00 -3.270602336076944977e-05 -5.142354107133366437e-05 1.871751771067133377e-05
5.581338959005071487e+00 -5.586297061681809450e-06 -5.145233878981955722e-06 -4.410631852746170478e-07
5.582450317084644453e+00 2.014120009560457780e-05 3.916703696835339976e-05 -1.902583687571823487e-05
5.583561675164218308e+00 4.035506922809260766e-05 7.427939005816459883e-05 -3.392432082958279915e-05
5.584673033243791274e+00 5.184197876595346530e-05 9.447744669659175441e-05 -4.263546793196331969e-05
5.585784391323365128e+00 5.281722231635882329e-05 9.650134450457929954e-05 -4.368412218919463189e-05
5.586895749402938094e+00 4.321021362591547475e-05 8.007629181933009072e-05 -3.686607819365541727e-05
5.588007107482511060e+00 2.466892532747419139e-05 4.795220988055518690e-05 -2.328328455423805607e-05
5.589118465562084026e+00 2.834333044684882175e-07 5.446778655843892425e-06 -5.163345353962744272e-06
5.590229823641657880e+00 -2.592526377163256734e-05 -4.043222971883159850e-05 1.450696594578089471e-05
5.591341181721230846e+00 -4.966666331426491943e-05 -8.214047609307259523e-05 3.247381277898028079e-05
5.592452539800804701e+00 -6.708356732772896569e-05 -1.128365241723321144e-04 4.575295684265331952e-05
5.593563897880377667e+00 -7.538098517283903233e-05 -1.275035541546711004e-04 5.212256898159701307e-05
5.594675255959950633e+00 -7.327831192372510211e-05 -1.237693129503836253e-04 5.049100102539911400e-05
5.595786614039523599e+00 -6.121127243556394315e-05 -1.022901841336385648e-04 4.107891169750476495e-05
5.596897972119096565e+00 -4.125140378172589828e-05 -6.663709162168986871e-05 2.538568783776434107e-05
5.598009330198670419e+00 -1.675730412738088773e-05 -2.270289408747190596e-05 5.945589959625244975e-06
5.599120688278243385e+00 8.184137747287156817e-06 2.227050509587963356e-05 -1.408636734850877634e-05
5.600232046357817239e+00 2.943401195185189195e-05 6.088480934377448958e-05 -3.145079739340014835e-05
5.601343404437390205e+00 4.348362017000451975e-05 8.680140512675837798e-05 -4.331778495805967133e-05
5.602454762516963171e+00 4.803048924276252622e-05 9.578102669264404977e-05 -4.775053745174320709e-05
5.603566120596536138e+00 4.235376833174042677e-05 8.637651281110042892e-05 -4.402274447964438838e-05
5.604677478676109104e+00 2.742786017968703444e-05 6.016546172717693666e-05 -3.273760155139519845e-05
5.605788836755682958e+00 5.756344056178502866e-06 2.148538636995069723e-05 -1.572904231449297197e-05
5.606900194835256812e+00 -1.904570448891564072e-05 -2.328421633318589201e-05 4.238511843904224641e-06
5.608011552914829778e+00 -4.285158142615288351e-05 -6.677409880095734607e-05 2.392251737426843300e-05
5.609122910994402744e+00 -6.170579547264826159e-05 -1.018382928909683516e-04 4.013249741728315903e-05
5.610234269073975710e+00 -7.247725242697129755e-05 -1.227283118606682655e-04 5.025105943253904001e-05
5.611345627153548676e+00 -7.337528879445935626e-05 -1.260356306852644659e-04 5.266034188910161118e-05
5.612456985233122531e+00 -6.424385882662468628e-05 -1.112479625246763637e-04 4.700410369760411877e-05
5.613568343312695497e+00 -4.658585789388963727e-05 -8.082858416118103573e-05 3.424272626589407870e-05
5.614679701392269351e+00 -2.331406140014449097e-05 -3.980649716036569613e-05 1.649243575986645421e-05
5.615791059471842317e+00 1.729857327354734908e-06 5.054380930184093623e-06 -3.324523602924334825e-06
5.616902417551415283e+00 2.440869216641886746e-05 4.636974003140864609e-05 -2.196104786643480328e-05
5.618013775630988249e+00 4.097098931837850344e-05 7.734946778663971331e-05 -3.637847846974851841e-05
5.619125133710561215e+00 4.866809363403385119e-05 9.291253117515193942e-05 -4.424443754243981199e-05
5.620236491790135069e+00 4.620555238721312831e-05 9.051909784926585878e-05 -4.431354546372663020e-05
5.621347849869708924e+00 3.395488215970346099e-05 7.058362679152399566e-05 -3.662874463150264659e-05
5.622459207949281890e+00 1.389122673681967429e-05 3.640175149232597468e-05 -2.251052475774994836e-05
5.623570566028854856e+00 -1.073244814237721625e-05 -6.396204578229883198e-06 -4.336243566825746104e-06
5.624681924108427822e+00 -3.592068966978487210e-05 -5.077446708890570592e-05 1.485377742052899561e-05
5.625793282188000788e+00 -5.759214353611222248e-05 -8.945044413547799389e-05 3.185830059894163152e-05
5.626904640267574642e+00 -7.224933251418451385e-05 -1.160919502196794406e-04 4.384261770421383347e-05
5.628015998347147608e+00 -7.755158617319454079e-05 -1.263561990199162099e-04 4.880461284394871369e-05
5.629127356426721462e+00 -7.269717504751905396e-05 -1.186000742128615060e-04 4.590289916413074767e-05
5.630238714506294428e+00 -5.855220913535651162e-05 -9.414550084656594930e-05 3.559329170981775578e-05
5.631350072585867395e+00 -3.750556078566981422e-05 -5.705704713220797336e-05 1.955148634712015887e-05
5.632461430665440361e+00 -1.307410645570239796e-05 -1.346912352873444463e-05 3.950170716351605882e-07
5.633572788745013327e+00 1.067646272359451184e-05 2.942589703584450045e-05 -1.874943431291221929e-05
5.634684146824587181e+00 2.979984834717728723e-05 6.456176917587217248e-05 -3.476192082857995982e-05
5.635795504904161035e+00 4.111652846482122389e-05 8.615978713062146487e-05 -4.504325866650123189e-05
5.636906862983734001e+00 4.273410886942747167e-05 9.067667457142761754e-05 -4.794256570189020777e-05
5.638018221063306967e+00 3.435550796155890235e-05 7.738351928716913353e-05 -4.302801132544814295e-05
5.639129579142879933e+00 1.732484952599207262e-05 4.848121069365215335e-05 -3.115636116619250467e-05
5.640240937222452899e+00 -5.595892959760553897e-06 8.734168887247761859e-06 -1.433006184626108362e-05
5.641352295302026754e+00 -3.068224004530543947e-05 -3.531665190375024577e-05 4.634411856948173619e-06
5.642463653381599720e+00 -5.385927325893009182e-05 -7.643145573906374307e-05 2.257218247774667175e-05
5.643575011461173574e+00 -7.136960656065234609e-05 -1.078624077969839168e-04 3.649280123619712962e-05
5.644686369540746540e+00 -8.038750231056154133e-05 -1.244616619287888803e-04 4.407415961582691541e-05
5.645797727620319506e+00 -7.947848509127965894e-05 -1.235246560012219497e-04 4.404617090943531779e-05
5.646909085699892472e+00 -6.882942895448680015e-05 -1.052305226022717810e-04 3.640109364898887895e-05
5.648020443779465438e+00 -5.021198627603706138e-05 -7.260790348200246019e-05 2.239591720552781481e-05
5.649131801859039292e+00 -2.668612692124233687e-05 -3.103256894333890348e-05 4.346442023251025077e-06
5.650243159938613147e+00 -2.093243098592358076e-06 1.265982217322526859e-05 -1.475306527274743845e-05
5.651354518018186113e+00 1.957726972195224409e-05 5.129937373035122969e-05 -3.172210400886887882e-05
5.652465876097759079e+00 3.484346699760411219e-05 7.856062832737589416e-05 -4.371716132953152277e-05
5.653577234177332045e+00 4.130050546458151426e-05 9.000047339770625432e-05 -4.869996793295148455e-05
5.654688592256905011e+00 3.801104228211456271e-05 8.378493627097995805e-05 -4.577389398906564748e-05
5.655799950336478865e+00 2.565266388176654089e-05 6.098593966936960431e-05 -3.533327578722034006e-05
5.656911308416051831e+00 6.398768251626718584e-06 2.539996117126384206e-05 -1.900119292043422892e-05
5.658022666495625685e+00 -1.644674460543529143e-05 -1.708080662556066276e-05 6.340620206301758599e-07
5.659134024575198652e+00 -3.900013360541403074e-05 -5.944070168112554342e-05 2.044056807369793241e-05
5.660245382654771618e+00 -5.744260249880561719e-05 -9.469588215532155628e-05 3.725327965665211488e-05
5.661356740734344584e+00 -6.865267800020176392e-05 -1.170424767244129111e-04 4.838979872156612752e-05
5.662468098813917550e+00 -7.072191142490011351e-05 -1.228088989361497685e-04 5.208698751170415253e-05
5.663579456893491404e+00 -6.326905973252743010e-05 -1.110561185096968495e-04 4.778705877562204607e-05
5.664690814973065258e+00 -4.750126740578515527e-05 -8.372780148588158944e-05 3.622653407706023440e-05
5.665802173052638224e+00 -2.601254990847439580e-05 -4.532636544701037357e-05 1.931381553787418076e-05
5.666913531132211190e+00 -2.353193875544168367e-06 -2.168956590422634056e-06 -1.842372867799299541e-07
5.668024889211784156e+00 1.955860428897024036e-05 3.865369484410113160e-05 -1.909509055522413262e-05
5.669136247291357122e+00 3.608562965552448813e-05 7.044394812527219815e-05 -3.435831847088091813e-05
5.670247605370930977e+00 4.447397657684679356e-05 8.799750897614273121e-05 -4.352353240119426724e-05
5.671358963450503943e+00 4.330950475315903034e-05 8.845654773767270412e-05 -4.514704298647960337e-05
5.672470321530077797e+00 3.275324001683881797e-05 7.177586381022175305e-05 -3.902262379358535562e-05
5.673581679609650763e+00 1.451701219534230758e-05 4.072610043388477652e-05 -2.620908823973335661e-05
5.674693037689223729e+00 -8.416575083004893681e-06 4.342157473155236480e-07 -8.850790830084928618e-06
5.675804395768796695e+00 -3.228365943319828901e-05 -4.246253502175438566e-05 1.017887558823473912e-05
5.676915753848369661e+00 -5.315749515646343154e-05 -8.090946262925662047e-05 2.775196747108708839e-05
5.678027111927943515e+00 -6.759391785086856647e-05 -1.085941691247992863e-04 4.100025127312927758e-05
5.679138470007517370e+00 -7.319774113304089447e-05 -1.209824567699954723e-04 4.778471563599527572e-05
5.680249828087090336e+00 -6.901700444455517724e-05 -1.160604037270095840e-04 4.704339928002536017e-05
5.681361186166663302e+00 -5.570035281425144563e-05 -9.466114943164349871e-05 3.896079661918272138e-05
5.682472544246236268e+00 -3.539180329634964567e-05 -6.032337949380024711e-05 2.493157619760716023e-05
5.683583902325809234e+00 -1.138031407647930454e-05 -1.870554126129440192e-05 7.325227185349825892e-06
5.684695260405383088e+00 1.243817646386351922e-05 2.334721491822639577e-05 -1.090903845659676671e-05
5.685806618484956054e+00 3.219784272636251957e-05 5.892947148866027954e-05 -2.673162876276700267e-05
5.686917976564529909e+00 4.469462240957620611e-05 8.220994016938198805e-05 -3.751531776120440274e-05
5.688029334644102875e+00 4.790887375512032894e-05 8.938741389368572588e-05 -4.147854014032131657e-05
5.689140692723675841e+00 4.133350853531580528e-05 7.931150854331519250e-05 -3.797800000919439485e-05
5.690252050803248807e+00 2.605411201647873931e-05 5.366678663665204116e-05 -2.761267462120286023e-05
5.691363408882821773e+00 4.568333578721002486e-06 1.669078048172154688e-05 -1.212244690286133283e-05
5.692474766962395627e+00 -1.962537184061440010e-05 -2.552691738310752106e-05 5.901545542291459362e-06
5.693586125041969481e+00 -4.260178465970414913e-05 -6.604856352413705084e-05 2.344677886562509042e-05
5.694697483121542447e+00 -6.065129842761866202e-05 -9.822964532656304482e-05 3.757834689740351466e-05
5.695808841201115413e+00 -7.088516513340231001e-05 -1.168099071131665362e-04 4.592474198026686230e-05
5.696920199280688379e+00 -7.170445142327258603e-05 -1.187747989305713153e-04 4.707034750475909413e-05
5.698031557360261345e+00 -6.305613414062712779e-05 -1.038461796929457392e-04 4.079004555269157700e-05
5.699142915439835200e+00 -4.643487773540403568e-05 -7.452229501329985656e-05 2.808741727526771481e-05
5.700254273519408166e+00 -2.463089135166292992e-05 -3.566128457255235418e-05 1.103039322025971963e-05
5.701365631598982020e+00 -1.265966924387639664e-06 6.322479598664179634e-06 -7.588446524495976592e-06
5.702476989678554986e+00 1.980549892908545564e-05 4.451639432149394685e-05 -2.471089539418159543e-05
5.703588347758127952e+00 3.513168547067413178e-05 7.264755210794043155e-05 -3.751586663779961882e-05
5.704699705837700918e+00 4.223019440525603357e-05 8.611334446267785749e-05 -4.388315005576662667e-05
5.705811063917273884e+00 3.999349763669822824e-05 8.273545949787184002e-05 -4.274196186281970173e-05
5.706922421996847739e+00 2.886667167621443514e-05 6.311376287172288171e-05 -3.424709119597812296e-05
5.708033780076421593e+00 1.076870953275153864e-05 3.052255436324438631e-05 -1.975384483259750093e-05
5.709145138155994559e+00 -1.122904833322259377e-05 -9.632962426428352820e-06 -1.596085908405799059e-06
5.710256496235567525e+00 -3.341387307934182843e-05 -5.070986689335345299e-05 1.729599381517172088e-05
5.711367854315140491e+00 -5.204743140500064230e-05 -8.592288197355711643e-05 3.387545056785434480e-05
5.712479212394713457e+00 -6.398472232379496388e-05 -1.094614180325043790e-04 4.547669571016441439e-05
5.713590570474287311e+00 -6.719414491717073251e-05 -1.174445308701945606e-04 5.025038595334605299e-05
5.714701928553860277e+00 -6.109311721935999778e-05 -1.085569742197145526e-04 4.746385699809507752e-05
5.715813286633434132e+00 -4.664416402195420419e-05 -8.426221687877349931e-05 3.761805285695156778e-05
5.716924644713007098e+00 -2.619591123625931647e-05 -4.855802902765330581e-05 2.236211778948319143e-05
5.718036002792580064e+00 -3.095449456990556625e-06 -7.315522244313692191e-06 4.220072784820796952e-06
5.719147360872153030e+00 1.886385534544251716e-05 3.268902846765078807e-05 -1.382517312257906805e-05
5.720258718951725996e+00 3.606800570098134782e-05 6.488989599755939919e-05 -2.882189029556930966e-05
5.721370077031299850e+00 4.567837041740037147e-05 8.401143261345628103e-05 -3.833306219541297768e-05
5.722481435110872816e+00 4.609991592377299038e-05 8.693393324824124843e-05 -4.083401732458624635e-05
5.723592793190446670e+00 3.724466417498527131e-05 7.320373934774707103e-05 -3.595907517276266709e-05
5.724704151270019636e+00 2.054712945983574665e-05 4.510420378285411036e-05 -2.455707432250228348e-05
5.725815509349592602e+00 -1.270677666365561259e-06 7.276471435051223846e-06 -8.547149101486607725e-06
5.726926867429165569e+00 -2.464589836815613000e-05 -3.404691931518585846e-05 9.401020946838908876e-06
5.728038225508739423e+00 -4.575957750889165371e-05 -7.206903873420433815e-05 2.630946122401597864e-05
5.729149583588312389e+00 -6.116332376546879113e-05 -1.005469159683601565e-04 3.938359220234145808e-05
5.730260941667886243e+00 -6.834488024853781901e-05 -1.148172091968678588e-04 4.647232894760752742e-05
5.731372299747459209e+00 -6.613973385471202254e-05 -1.125606629645298923e-04 4.642092911082834616e-05
5.732483657827032175e+00 -5.492127796762665687e-05 -9.418001707619388929e-05 3.925873910791714480e-05
5.733595015906605141e+00 -3.653848386195356415e-05 -6.272976399863180313e-05 2.619128013588069986e-05
5.734706373986178107e+00 -1.401154391830403134e-05 -2.340993246859220112e-05 9.398388550156330790e-06
5.735817732065751962e+00 8.964312265030867366e-06 1.729225663522643980e-05 -8.327944371683531494e-06
5.736929090145324928e+00 2.862518239398425222e-05 5.267123342254410867e-05 -2.404605102988258310e-05
5.738040448224898782e+00 4.175539054102387314e-05 7.690637443265053302e-05 -3.515098389144668233e-05
5.739151806304471748e+00 4.621366988249639689e-05 8.601828673995913065e-05 -3.980461685576915576e-05
5.740263164384044714e+00 4.128239697661620008e-05 7.852103251964844856e-05 -3.723863554210937558e-05
5.741374522463617680e+00 2.778281396710255424e-05 5.566345997693594727e-05 -2.788064601141676188e-05
5.742485880543191534e+00 7.937669565444283037e-06 2.122050630442608166e-05 -1.328283673927973738e-05
5.743597238622764500e+00 -1.499579504792014628e-05 -1.913061366771648397e-05 4.134818616747561182e-06
5.744708596702338355e+00 -3.726192136592823556e-05 -5.874621968902926650e-05 2.148429832253117427e-05
5.745819954781911321e+00 -5.522350937697470541e-05 -9.110970624682298430e-05 3.588619687076204448e-05
5.746931312861484287e+00 -6.595810497357634805e-05 -1.109028156159198170e-04 4.494471064110574371e-05
5.748042670941057253e+00 -6.773584951893368844e-05 -1.148785500398978587e-04 4.714270051997928104e-05
5.749154029020630219e+00 -6.030064723933342002e-05 -1.023924764782333657e-04 4.209182923818350491e-05
5.750265387100204073e+00 -4.490883070778790148e-05 -7.550552797638138136e-05 3.059669726837143527e-05
5.751376745179777039e+00 -2.411940357511209443e-05 -3.864196281921656456e-05 1.452255924241701787e-05
5.752488103259350893e+00 -1.370751661603723109e-06 2.140705561369179999e-06 -3.511457224665125859e-06
5.753599461338923859e+00 1.958627327061277477e-05 4.014928744319745668e-05 -2.056301417233726697e-05
5.754710819418496826e+00 3.530551441601435803e-05 6.915567135586846506e-05 -3.385015694052934815e-05
5.755822177498069792e+00 4.321143117029695234e-05 8.441968084858656775e-05 -4.120824967736042704e-05
5.756933535577643646e+00 4.202088107897673959e-05 8.346601094114255385e-05 -4.144512986085921512e-05
5.758044893657216612e+00 3.195169177429291185e-05 6.648786727229179933e-05 -3.453617549993679044e-05
5.759156251736790466e+00 1.468409528287582463e-05 3.631146502284122307e-05 -2.162736973898766492e-05
5.760267609816363432e+00 -6.918242066224992298e-06 -2.072186853770835446e-06 -4.846055211678735458e-06
5.761378967895936398e+00 -2.928136865349394158e-05 -4.233067584289915142e-05 1.304930718849231161e-05
5.762490325975509364e+00 -4.871031058127899688e-05 -7.783293642252796241e-05 2.912262584217270578e-05
5.763601684055082330e+00 -6.199742073869588671e-05 -1.027396781333352049e-04 4.074225739438474755e-05
5.764713042134656185e+00 -6.694978936874242115e-05 -1.129622028991101451e-04 4.601241352940495244e-05
5.765824400214229151e+00 -6.274913702609616339e-05 -1.068322003777918972e-04 4.408306335061369999e-05
5.766935758293803005e+00 -5.008525785041555850e-05 -8.537282463734561372e-05 3.528756678718809534e-05
5.768047116373375971e+00 -3.104137308909855897e-05 -5.212703611807804893e-05 2.108566302680718249e-05
5.769158474452948937e+00 -8.750545257930029963e-06 -1.257201468729107069e-05 3.821469427919051837e-06
5.770269832532521903e+00 1.312010653513199024e-05 2.678355999241859714e-05 -1.366345345693272331e-05
5.771381190612094869e+00 3.097243803423625763e-05 5.947058052656632385e-05 -2.849814249441672172e-05
5.772492548691668723e+00 4.186838704542351561e-05 8.012269128254115476e-05 -3.825430423801470803e-05
5.773603906771242578e+00 4.401207770804861207e-05 8.535687122203849606e-05 -4.134479351343943454e-05
5.774715264850815544e+00 3.704387647580735521e-05 7.432696235843729016e-05 -3.728308588046662635e-05
5.775826622930388510e+00 2.209834715701528354e-05 4.885963246942714652e-05 -2.676128531246260364e-05
5.776937981009961476e+00 1.616889847552271248e-06 1.315100334863244375e-05 -1.153411350089347288e-05
5.778049339089534442e+00 -2.105385546090268040e-05 -2.692560145187757742e-05 5.871745989485636918e-06
5.779160697169108296e+00 -4.221162756705594543e-05 -6.478650535587243686e-05 2.257487778765466038e-05
5.780272055248681262e+00 -5.840576512890043037e-05 -9.421988253627191362e-05 3.581411740600235274e-05
5.781383413328255116e+00 -6.700228607852114909e-05 -1.104053477095079394e-04 4.340306163036228987e-05
5.782494771407828082e+00 -6.661415187026679258e-05 -1.107035106699544302e-04 4.408935879952413997e-05
5.783606129487401049e+00 -5.732631512087114217e-05 -9.508611234111934846e-05 3.775979721858590751e-05
5.784717487566974015e+00 -4.067895105721100468e-05 -6.613660913850835654e-05 2.545765807983064316e-05
5.785828845646546981e+00 -1.941202427209118286e-05 -2.862175104888231569e-05 9.209726775470140903e-06
5.786940203726120835e+00 2.986481870450186787e-06 1.129480652499719601e-05 -8.308324654683185012e-06
5.788051561805694689e+00 2.285418926280952112e-05 4.706711155120363310e-05 -2.421292229031054774e-05
5.789162919885267655e+00 3.695544022986620679e-05 7.284269234058941833e-05 -3.588725211030449266e-05
5.790274277964840621e+00 4.301119173646939225e-05 8.442265569832941262e-05 -4.141146396056504930e-05
5.791385636044413587e+00 4.007084177302705670e-05 7.994853893131194551e-05 -3.987769715748829837e-05
5.792496994123986553e+00 2.866524372549354716e-05 6.020348948319311985e-05 -3.153824575940816690e-05
5.793608352203560408e+00 1.071619752818870827e-05 2.847889540374872602e-05 -1.776269787785332219e-05
5.794719710283133374e+00 -1.078226615099792118e-05 -9.970926075031534552e-06 -8.113400779743290547e-07
5.795831068362707228e+00 -3.225805009599881645e-05 -4.879571447336059770e-05 1.653766437860471061e-05
5.796942426442280194e+00 -5.014913324448422305e-05 -8.159494002532661355e-05 3.144580678011467401e-05
5.798053784521853160e+00 -6.148893606798110784e-05 -1.029700322631166287e-04 4.148109619374991050e-05
5.799165142601426126e+00 -6.439278748434935223e-05 -1.094102238230684754e-04 4.501743633898540320e-05
5.800276500680999092e+00 -5.836578799789382543e-05 -9.986668284543004370e-05 4.150089484738182788e-05
5.801387858760572946e+00 -4.438183893615277320e-05 -7.592106003201891384e-05 3.153922109583491562e-05
5.802499216840146801e+00 -2.472128316859502697e-05 -4.152138501935069559e-05 1.680010184775850013e-05
5.803610574919719767e+00 -2.594265911607697428e-06 -2.329392065931502886e-06 -2.648738474920163399e-07
5.804721932999292733e+00 1.838793063290052043e-05 3.521284482214427636e-05 -1.682491419050706830e-05
5.805833291078865699e+00 3.480647226753418033e-05 6.494312020755618059e-05 -3.013664793960241402e-05
5.806944649158438665e+00 4.399586788758944695e-05 8.199168889138654364e-05 -3.799582100463025185e-05
5.808056007238012519e+00 4.448011595823385400e-05 8.357987577277100136e-05 -3.909975981560351440e-05
5.809167365317585485e+00 3.621270082842338242e-05 6.947375902157520988e-05 -3.326105819533389275e-05
5.810278723397159339e+00 2.058139136000038116e-05 4.201888068204161913e-05 -2.143748932217611272e-05
5.811390081476732306e+00 1.774966931940291648e-07 5.750911175762991878e-06 -5.573414482983561624e-06
5.812501439556305272e+00 -2.163207375445669670e-05 -3.335309709050649635e-05 1.172102333628572204e-05
5.813612797635878238e+00 -4.125927750809905287e-05 -6.885925257347352835e-05 2.759997506436616746e-05
5.814724155715451204e+00 -5.548461369431646056e-05 -9.493498110130140638e-05 3.945036740749105139e-05
5.815835513795025058e+00 -6.198507277917382485e-05 -1.073067578384592421e-04 4.532168505701726635e-05
5.816946871874598912e+00 -5.971374948415299200e-05 -1.039601427390117461e-04 4.424639325447104338e-05
5.818058229954171878e+00 -4.906904141236800160e-05 -8.546744498814495133e-05 3.639840357641923110e-05
5.819169588033744844e+00 -3.182604064252232343e-05 -5.488971829233774136e-05 2.306367764853692673e-05
5.820280946113317810e+00 -1.084184901817492400e-05 -1.726983761760753078e-05 6.427988599636003109e-06
5.821392304192890776e+00 1.041632873701988163e-05 2.119940434663902806e-05 -1.078307560838532436e-05
5.822503662272464631e+00 2.844243149689729133e-05 5.419495080696400818e-05 -2.575251930890401844e-05
5.823615020352037597e+00 4.026806707685317427e-05 7.630300042568705088e-05 -3.603493335045757778e-05
5.824726378431611451e+00 4.394956343904037402e-05 8.390749553305760231e-05 -3.995793209522768581e-05
5.825837736511184417e+00 3.888567087713770166e-05 7.578176340844217269e-05 -3.689609253202980228e-05
5.826949094590757383e+00 2.591401838482245562e-05 5.328650884510628682e-05 -2.737249046017931411e-05
5.828060452670330349e+00 7.170881740588448683e-06 2.014220602036993768e-05 -1.297132428195596487e-05
5.829171810749903315e+00 -1.426225177997807181e-05 -1.818605413804897514e-05 3.923802360123948563e-06
5.830283168829477169e+00 -3.486684062615867663e-05 -5.538956104346719894e-05 2.052272041690129598e-05
5.831394526909051024e+00 -5.126636268978218558e-05 -8.535428944204427604e-05 3.408792674972505737e-05
5.832505884988623990e+00 -6.078099649334950394e-05 -1.031656301081346205e-04 4.238463361403961918e-05
5.833617243068196956e+00 -6.186678109729691621e-05 -1.059144375704645924e-04 4.404765647238488221e-05
5.834728601147769922e+00 -5.436727673086699797e-05 -9.317219344196978059e-05 3.880491670981995461e-05
5.835839959227342888e+00 -3.953669713617664894e-05 -6.705767402298990626e-05 2.752097688511929985e-05
5.836951317306916742e+00 -1.983112045820210889e-05 -3.188477588917260769e-05 1.205365542956103597e-05
5.838062675386489708e+00 1.497483193662208639e-06 6.549978181417601131e-06 -5.052494988225936234e-06
5.839174033466063563e+00 2.093731758692155692e-05 4.192258676359496977e-05 -2.098526917686770188e-05
5.840285391545636529e+00 3.529455919266694802e-05 6.842198889677841671e-05 -3.312742970720231224e-05
5.841396749625209495e+00 4.221782179724439636e-05 8.170458936684768612e-05 -3.948676756997538794e-05
5.842508107704782461e+00 4.058314978444207966e-05 7.960609730933015937e-05 -3.902294752751455948e-05
5.843619465784355427e+00 3.067648091895796604e-05 6.249401408363070703e-05 -3.181753316637688997e-05
5.844730823863929281e+00 1.414392210648349885e-05 3.320335284579672974e-05 -1.905943073899794490e-05
5.845842181943503135e+00 -6.281592963849804562e-06 -3.433227362595499266e-06 -2.848365601982021794e-06
5.846953540023076101e+00 -2.723194295996484229e-05 -4.138302841381284042e-05 1.415108545275252025e-05
5.848064898102649067e+00 -4.525919265929018165e-05 -7.440705136294196997e-05 2.914785870350477051e-05
5.849176256182222033e+00 -5.740320036485765942e-05 -9.708619934437751064e-05 3.968299897830381007e-05
5.850287614261794999e+00 -6.167809347420571270e-05 -1.057111815125372917e-04 4.403308803729985219e-05
5.851398972341368854e+00 -5.739773280460588878e-05 -9.889000505042180172e-05 4.149227224548805021e-05
5.852510330420941820e+00 -4.528688047661377780e-05 -7.777357684552593797e-05 3.248669637007442490e-05
5.853621688500515674e+00 -2.736010732730864356e-05 -4.586287044354778186e-05 1.850276311461066664e-05
5.854733046580088640e+00 -6.588686052766759560e-06 -8.429950178931097660e-06 1.841264125236694721e-06
5.855844404659661606e+00 1.358945138362453731e-05 2.835141144743105746e-05 -1.476196006260479046e-05
5.856955762739234572e+00 2.983589394897254686e-05 5.842218271171015914e-05 -2.858628876270053257e-05
5.858067120818807538e+00 3.946086913387229908e-05 7.683426725992731354e-05 -3.737339812645980135e-05
5.859178478898381393e+00 4.086503640962136676e-05 8.056268956123841017e-05 -3.969765315176457623e-05
5.860289836977955247e+00 3.380146556921943130e-05 6.900049464178201197e-05 -3.519902907575935078e-05
5.861401195057528213e+00 1.941497000095254027e-05 4.405543416419882563e-05 -2.464046416538801833e-05
5.862512553137101179e+00 5.262037814507403155e-08 9.833085943872568735e-06 -9.780465564318465560e-06
5.863623911216674145e+00 -2.112311647721552138e-05 -2.804093261926828007e-05 6.917816142708050481e-06
5.864735269296247111e+00 -4.065477524437671741e-05 -6.334774122071333557e-05 2.269296597737224808e-05
5.865846627375820965e+00 -5.535813069265909520e-05 -9.029826654535257069e-05 3.494013585265878102e-05
5.866957985455393931e+00 -6.284484251992475401e-05 -1.044842915632433408e-04 4.163944904360655092e-05
5.868069343534967786e+00 -6.191369534948917147e-05 -1.036012390694101420e-04 4.168754372061702837e-05
5.869180701614540752e+00 -5.274633867254335112e-05 -8.782418497977045185e-05 3.507784630865130870e-05
5.870292059694113718e+00 -3.687564510008838059e-05 -5.977576204777446806e-05 2.290011694630611494e-05
5.871403417773686684e+00 -1.693221011467987980e-05 -2.409178755979728137e-05 7.159577444327235030e-06
5.872514775853259650e+00 3.789042566173378423e-06 1.334343373628980173e-05 -9.554391170699724073e-06
5.873626133932833504e+00 2.187069798093022044e-05 4.636598169084280019e-05 -2.449528370990260509e-05
5.874737492012407358e+00 3.433396969018827870e-05 6.954582777550337436e-05 -3.521185808527389598e-05
5.875848850091980324e+00 3.912691656963800894e-05 7.907832296267771005e-05 -3.995140639366094896e-05
5.876960208171553290e+00 3.545969136431546126e-05 7.340730111705896441e-05 -3.794760975524063759e-05
5.878071566251126256e+00 2.393201149755459084e-05 5.347774914288500395e-05 -2.954573764713951285e-05
5.879182924330699223e+00 6.432263969706128459e-06 2.257703041391202758e-05 -1.614476644499888459e-05
5.880294282410273077e+00 -1.417479872131482618e-05 -1.420866714862099867e-05 3.386842657672126111e-08
5.881405640489846043e+00 -3.452011335529706071e-05 -5.083277427185561859e-05 1.631266091681529695e-05
5.882516998569419897e+00 -5.128430072205529544e-05 -8.128344812281286524e-05 2.999914740116739822e-05
5.883628356648992863e+00 -6.174246024927363546e-05 -1.005715579802286819e-04 3.882909772951262384e-05
5.884739714728565829e+00 -6.421029534600403849e-05 -1.055491657537830155e-04 4.133887040739950627e-05
5.885851072808138795e+00 -5.831846562977596737e-05 -9.542420901418203344e-05 3.710574338517454857e-05
5.886962430887711761e+00 -4.507041218590121523e-05 -7.188722064214482510e-05 2.681680845615427161e-05
5.888073788967285616e+00 -2.667455571203885406e-05 -3.882980912882447871e-05 1.215525341672230725e-05
5.889185147046858582e+00 -6.178856905748094513e-06 -1.701758743229489501e-06 -4.477098163179534657e-06
5.890296505126432436e+00 1.303184771060303913e-05 3.338705732465214321e-05 -2.035520961347859689e-05
5.891407863206005402e+00 2.779287910493512259e-05 6.067196045777319829e-05 -3.287908135162160086e-05
5.892519221285578368e+00 3.567947584386652916e-05 7.568054563319125128e-05 -4.000106978992255119e-05
5.893630579365151334e+00 3.540392693146196534e-05 7.596595790049947595e-05 -4.056203096763092092e-05
5.894741937444725188e+00 2.702502856032551123e-05 6.150613436556751773e-05 -3.448110580465892257e-05
5.895853295524298154e+00 1.193577570884028771e-05 3.470385941772109392e-05 -2.276808370978481398e-05
5.896964653603872009e+00 -7.368290114982169181e-06 -1.180661738861554788e-08 -7.356483499488305350e-06
5.898076011683444975e+00 -2.770160674392483507e-05 -3.691663760303255659e-05 9.215030861387581845e-06
5.899187369763017941e+00 -4.571385576853173593e-05 -6.993423181847913811e-05 2.422037605017161518e-05
5.900298727842590907e+00 -5.844141596173316189e-05 -9.363556337553102099e-05 3.519414741478665148e-05
5.901410085922163873e+00 -6.379429805890637906e-05 -1.041306972388404695e-04 4.033639918100875160e-05
5.902521444001737727e+00 -6.089861318832410358e-05 -9.970622787877202881e-05 3.880761469224900187e-05
5.903632802081310693e+00 -5.023851009075281510e-05 -8.110400824264639430e-05 3.086549815086618923e-05
5.904744160160884547e+00 -3.357457567337851501e-05 -5.139584987606544281e-05 1.782127420320430908e-05
5.905855518240457513e+00 -1.365247863830982428e-05 -1.547535600346285761e-05 1.822877365595387822e-06
5.906966876320030480e+00 6.249903370389182228e-06 2.074904011090290823e-05 -1.449913674029558452e-05
5.908078234399603446e+00 2.286216006912008061e-05 5.132675863808288524e-05 -2.846459856841159625e-05
5.909189592479177300e+00 3.345896777476770360e-05 7.124334866140174735e-05 -3.778438088626015663e-05
5.910300950558750266e+00 3.630727244640589296e-05 7.724352845275232055e-05 -4.093625600820759614e-05
5.911412308638324120e+00 3.094966914424452167e-05 6.836390823797711819e-05 -3.741423909471846155e-05
5.912523666717897086e+00 1.827765630808353761e-05 4.608822569764515348e-05 -2.781056938882045526e-05
5.913635024797470052e+00 3.830600654257908244e-07 1.410009910156849455e-05 -1.371703903697992465e-05
5.914746382877043018e+00 -1.978758983570095761e-05 -2.232549545914345318e-05 2.537905624637720042e-06
5.915857740956615984e+00 -3.891860041553302924e-05 -5.719148821490670914e-05 1.827288780082520978e-05
5.916969099036189839e+00 -5.387053027260026855e-05 -8.476545967327046849e-05 3.089492940076821181e-05
5.918080457115762805e+00 -6.219572597612570142e-05 -1.005214938072348033e-04 3.832576783097943127e-05
5.919191815195336659e+00 -6.253928342961952852e-05 -1.018823732011576652e-04 3.934308977107756761e-05
5.920303173274909625e+00 -5.485971229066523638e-05 -8.864039009500584987e-05 3.378067780359424871e-05
5.921414531354482591e+00 -4.043332646081745571e-05 -6.298804572846868760e-05 2.255471926970340976e-05
5.922525889434055557e+00 -2.164199915419577278e-05 -2.915414268790921665e-05 7.512143535941696176e-06
5.923637247513629411e+00 -1.579535268211515464e-06 7.294352110830647218e-06 -8.873887377996558107e-06
5.924748605593202377e+00 1.645832193720715535e-05 4.036943149802844910e-05 -2.391110956043813671e-05
5.925859963672776232e+00 2.951620777836097033e-05 6.464707914543795821e-05 -3.513087136498122508e-05
5.926971321752349198e+00 3.546455414124954062e-05 7.615817194420106302e-05 -4.069361780344334361e-05
5.928082679831922164e+00 3.334838509696017288e-05 7.303891919805934399e-05 -3.969053410138206656e-05
5.929194037911495130e+00 2.354235692350885485e-05 5.583423870281385704e-05 -3.229188177959014736e-05
5.930305395991068096e+00 7.686857192826506563e-06 2.740467452075779492e-05 -1.971781732952571607e-05
5.931416754070641950e+00 -1.158398257669742901e-05 -7.547289591906987394e-06 -4.036692984575335902e-06
5.932528112150214916e+00 -3.107730816352379313e-05 -4.325311705848967903e-05 1.217580889560166205e-05
5.933639470229788770e+00 -4.756780828091364960e-05 -7.382832518778963127e-05 2.626051690349804138e-05
5.934750828309361737e+00 -5.832854009317316180e-05 -9.424036088722005655e-05 3.591182079377584421e-05
5.935862186388934703e+00 -6.157901353320317794e-05 -1.011350868304547457e-04 3.955607329799619779e-05
5.936973544468507669e+00 -5.677697102476290253e-05 -9.338618153374462355e-05 3.660921050876878372e-05
5.938084902548080635e+00 -4.470610777800206048e-05 -7.227749054567779441e-05 2.757138276918017286e-05
5.939196260627654489e+00 -2.734560458692155901e-05 -4.128883754481865731e-05 1.394323295689052500e-05
5.940307618707228343e+00 -7.543239690693988309e-06 -5.521034918477482623e-06 -2.022204772984554505e-06
5.941418976786801309e+00 1.145389024803395578e-05 2.914489499648755672e-05 -1.769100474922772129e-05
5.942530334866374275e+00 2.653367663422480371e-05 5.701570346905611431e-05 -3.048202683770596423e-05
5.943641692945947241e+00 3.523039389617701436e-05 7.352179241589180438e-05 -3.829139851926281323e-05
5.944753051025520207e+00 3.612913612552717032e-05 7.596715619952046708e-05 -3.983802007358121862e-05
5.945864409105094062e+00 2.909696049294271600e-05 6.397033604503468002e-05 -3.487337555151137376e-05
5.946975767184667028e+00 1.530298593900190560e-05 3.952428872076862998e-05 -2.422130278089697740e-05
5.948087125264240882e+00 -2.975550035211067118e-06 6.665820494126083184e-06 -9.641370529135271858e-06
5.949198483343813848e+00 -2.272908430563536780e-05 -2.919056710133389326e-05 6.461482796392848532e-06
5.950309841423386814e+00 -4.071132902861308162e-05 -6.214447172795626445e-05 2.143314269848883152e-05
5.951421199502959780e+00 -5.397303697331559680e-05 -8.678012818985961219e-05 3.280709121591127500e-05
5.952532557582532746e+00 -6.034613521019478732e-05 -9.905603848315083781e-05 3.870990327178771423e-05
5.953643915662106600e+00 -5.879872130784731532e-05 -9.696755116216353859e-05 3.816882985534317957e-05
5.954755273741680455e+00 -4.960276544572952279e-05 -8.087376293304093106e-05 3.127099748812802935e-05
5.955866631821253421e+00 -3.428723741179771911e-05 -5.343543817375347171e-05 1.914820076142839667e-05
5.956977989900826387e+00 -1.538469374765330522e-05 -1.917465596654524540e-05 3.789962220544697974e-06
5.958089347980399353e+00 3.986700333298391630e-06 1.627093833928526523e-05 -1.228423800676359604e-05
5.959200706059972319e+00 2.063674969252126193e-05 4.707629112151411055e-05 -2.643954142897463402e-05
5.960312064139546173e+00 3.182783563944881038e-05 6.818670011303701664e-05 -3.635886447461342784e-05
5.961423422219119139e+00 3.572429287887913391e-05 7.614770021512182099e-05 -4.042340733615123463e-05
5.962534780298692993e+00 3.169280136015644941e-05 6.967082770642464215e-05 -3.797802634651408979e-05
5.963646138378265960e+00 2.040464454580769374e-05 4.984261022756295359e-05 -2.943796568207781000e-05
5.964757496457838926e+00 3.723334295246613634e-06 1.994289757302654398e-05 -1.621956327714393735e-05
5.965868854537411892e+00 -1.560358419109512257e-05 -1.509709041107830385e-05 -5.064937779381863125e-07
5.966980212616984858e+00 -3.439757052295594822e-05 -4.950744232783219761e-05 1.510987180469453711e-05
5.968091570696558712e+00 -4.957225720668076430e-05 -7.762901846362739444e-05 2.805676125510261909e-05
5.969202928776132566e+00 -5.864062219279857907e-05 -9.484345393994883522e-05 3.620283174882990215e-05
5.970314286855705532e+00 -6.012280323230111134e-05 -9.833086122421931530e-05 3.820805799197067934e-05
5.971425644935278498e+00 -5.378765884113878223e-05 -8.753091938385783310e-05 3.374326054305602091e-05
5.972537003014851464e+00 -4.068861918749304071e-05 -6.423195593905760975e-05 2.354333675163395798e-05
5.973648361094424430e+00 -2.298825994203040207e-05 -3.227388158193525425e-05 9.285621639661990889e-06
5.974759719173998285e+00 -3.600779674796383834e-06 3.085675303085046173e-06 -6.686454977789489662e-06
5.975871077253571251e+00 1.428853676153549711e-05 3.603738914908409877e-05 -2.174885238677925180e-05
5.976982435333145105e+00 2.774764742097127548e-05 6.117574871880885820e-05 -3.342810129812966678e-05
5.978093793412718071e+00 3.457957318364683575e-05 7.438688136556415205e-05 -3.980730818112308399e-05
5.979205151492291037e+00 3.368252454855340423e-05 7.352284442263068778e-05 -3.984031987304680359e-05
5.980316509571864003e+00 2.522928781789634568e-05 5.875184445269625300e-05 -3.352255663522795033e-05
5.981427867651436969e+00 1.063663347678368148e-05 3.252725801573342138e-05 -2.189062453918089179e-05
5.982539225731010823e+00 -7.669907840915368702e-06 -8.189261035008305045e-07 -6.850981737457906284e-06
5.983650583810584678e+00 -2.665691059597526114e-05 -3.579090121604445313e-05 9.133990621003774263e-06
5.984761941890157644e+00 -4.318337336090948692e-05 -6.663414343025062664e-05 2.345077006891483143e-05
5.985873299969730610e+00 -5.451804394697879613e-05 -8.828177696131381258e-05 3.376373301005545363e-05
5.986984658049303576e+00 -5.878861416789334798e-05 -9.718657296517094202e-05 3.839795879735565659e-05
5.988096016128876542e+00 -5.528897204464151838e-05 -9.190196708748227944e-05 3.661299504150762607e-05
5.989207374208450396e+00 -4.459414497942713190e-05 -7.331692467068585961e-05 2.872277969029812458e-05
5.990318732288023362e+00 -2.846426449629093497e-05 -4.450651372765127706e-05 1.604224923326723687e-05
5.991430090367597217e+00 -9.553611893431575297e-06 -1.022327568849651369e-05 6.696637946429669086e-07
5.992541448447170183e+00 9.027157853819202035e-06 2.388650356429083271e-05 -1.485934571119067356e-05
5.993652806526743149e+00 2.422342557234307379e-05 5.221240305491002542e-05 -2.798897748106966843e-05
5.994764164606316115e+00 3.353927785219998001e-05 7.010233281592201209e-05 -3.656305496418498641e-05
5.995875522685889081e+00 3.544776781175772423e-05 7.462620931083976516e-05 -3.917844149930741946e-05
5.996986880765462935e+00 2.964139342960373825e-05 6.505550101154264353e-05 -3.541410758188062941e-05
5.998098238845036789e+00 1.708177632802699089e-05 4.298018210761997068e-05 -2.589840577956088741e-05
5.999209596924609755e+00 -1.594087717603741294e-07 1.204434619143761320e-05 -1.220375496348616827e-05
6.000320955004182721e+00 -1.924187166204693183e-05 -2.265555281883921412e-05 3.413681154831611081e-06
6.001432313083755687e+00 -3.702417462310208726e-05 -5.541045744784922622e-05 1.838628282557937255e-05
6.002543671163328654e+00 -5.058024388728942639e-05 -8.083809375356541815e-05 3.025784986508120097e-05
6.003655029242902508e+00 -5.767996531782539071e-05 -9.476742140130355041e-05 3.708745608518859704e-05
6.004766387322475474e+00 -5.715491282134912282e-05 -9.492281412020776854e-05 3.776790129798651349e-05
6.005877745402049328e+00 -4.908923721052508432e-05 -8.129575471414306892e-05 3.220651750432661914e-05
6.006989103481622294e+00 -3.480455327029528811e-05 -5.614334338071170355e-05 2.133879011211644444e-05
6.008100461561195260e+00 -1.664156097902751846e-05 -2.361434944367617889e-05 6.972788464171177786e-06
6.009211819640768226e+00 2.425459354008299706e-06 1.093523363732140652e-05 -8.509774283089327485e-06
6.010323177720341192e+00 1.927772068411118256e-05 4.182420890749870626e-05 -2.254648822373164947e-05
6.011434535799915047e+00 3.116407776424694794e-05 6.398051758424623536e-05 -3.281643981991309335e-05
6.012545893879488901e+00 3.615207309089749944e-05 7.377423422543139724e-05 -3.762216113387649181e-05
6.013657251959061867e+00 3.344386173582546314e-05 6.961241111774763013e-05 -3.616854938073572456e-05
6.014768610038634833e+00 2.350530435342879781e-05 5.219829408461499481e-05 -2.869298973093206001e-05
6.015879968118207799e+00 7.987295165452507756e-06 2.441273523936214607e-05 -1.642544007366807807e-05
6.016991326197780765e+00 -1.054743602745206524e-05 -9.162212673221106773e-06 -1.385223355060806807e-06
6.018102684277354619e+00 -2.904685601645348725e-05 -4.299873450520734497e-05 1.395187848658241761e-05
6.019214042356927585e+00 -4.447183162732811987e-05 -7.153317662794006493e-05 2.706134500435417728e-05
6.020325400436501440e+00 -5.429534894313371371e-05 -9.008067228955581734e-05 3.578532334594809045e-05
6.021436758516074406e+00 -5.691670942602937780e-05 -9.560410930812678759e-05 3.868739987977678346e-05
6.022548116595647372e+00 -5.192276392534510981e-05 -8.721122160557787106e-05 3.528845768038064643e-05
6.023659474675220338e+00 -4.015349231252822101e-05 -6.629844555838208114e-05 2.614495324657984190e-05
6.024770832754793304e+00 -2.356146484442430550e-05 -3.631835655694935772e-05 1.275689171402472066e-05
6.025882190834367158e+00 -4.888621911107449147e-06 -2.209411737034636114e-06 -2.679210173273105511e-06
6.026993548913941012e+00 1.278619404019025636e-05 3.041781362104339914e-05 -1.763161957997190325e-05
6.028104906993513978e+00 2.655435049422460309e-05 5.620380050994078225e-05 -2.964945001304817446e-05
6.029216265073086944e+00 3.415570577698775687e-05 7.092076691185176477e-05 -3.676506113445862471e-05
6.030327623152659910e+00 3.434944881798573935e-05 7.216613498745982208e-05 -3.781668616881502334e-05
6.031438981232232877e+00 2.711667219229638853e-05 5.975503163424805003e-05 -3.263835944174479572e-05
6.032550339311806731e+00 1.366161089264971568e-05 3.574769348160507579e-05 -2.208608258819013022e-05
6.033661697391379697e+00 -3.788360189006887563e-06 4.107754698664395354e-06 -7.896114888747895674e-06
6.034773055470953551e+00 -2.235078498535533753e-05 -2.995192287339604187e-05 7.601137888118333213e-06
6.035884413550526517e+00 -3.896346146015344097e-05 -6.082792207475450075e-05 2.186446061528237242e-05
6.036995771630099483e+00 -5.088871560703697033e-05 -8.344801351952736701e-05 3.255929791146604246e-05
6.038107129709672449e+00 -5.616362441254046933e-05 -9.410435459274602704e-05 3.794073018142289991e-05
6.039218487789245415e+00 -5.392219779221585005e-05 -9.106128244950901368e-05 3.713908465843070855e-05
6.040329845868819270e+00 -4.453668770187631590e-05 -7.483807500991996459e-05 3.030138730727473251e-05
6.041441203948393124e+00 -2.955500897850859426e-05 -4.812061753601930281e-05 1.856560855686582509e-05
6.042552562027966090e+00 -1.144481900034388308e-05 -1.531698014027062238e-05 3.872161140245494737e-06
6.043663920107539056e+00 6.813412531446981502e-06 1.816956861863238543e-05 -1.135615608530734892e-05
6.044775278187112022e+00 2.221722923068840741e-05 4.683022664942913457e-05 -2.461299741729917195e-05
6.045886636266684988e+00 3.223608277071318348e-05 6.595653085569516683e-05 -3.372044808506308167e-05
6.046997994346258842e+00 3.522706307362394014e-05 7.241348681311321695e-05 -3.718642373985202375e-05
6.048109352425831808e+00 3.070418641704206371e-05 6.515302429476485351e-05 -3.444883787965977119e-05
6.049220710505405663e+00 1.941712624987782833e-05 4.538369699990003892e-05 -2.596657075155895875e-05
6.050332068584978629e+00 3.226662899913183835e-06 1.636916983401275755e-05 -1.314250693463994007e-05
6.051443426664551595e+00 -1.520243191475501368e-05 -1.711090414165550994e-05 1.908472227577905772e-06
6.052554784744124561e+00 -3.284036353000657077e-05 -4.954855298391902529e-05 1.670818945288202878e-05
6.053666142823697527e+00 -4.679080574448383351e-05 -7.561389286883483940e-05 2.882308712444945145e-05
6.054777500903271381e+00 -5.476688359987245264e-05 -9.103110833196068757e-05 3.626422473236102020e-05
6.055888858982844347e+00 -5.546641684129813288e-05 -9.328003685857289007e-05 3.781362001893055075e-05
6.057000217062418201e+00 -4.878484843488057818e-05 -8.200824050817127203e-05 3.322339207175416254e-05
6.058111575141991167e+00 -3.583104385998774760e-05 -5.908619186260639228e-05 2.325514800171572111e-05
6.059222933221564134e+00 -1.874359635961695553e-05 -2.829695661463876855e-05 9.553360256077392254e-06
6.060334291301137100e+00 -3.380747653353166626e-07 5.288144701379345058e-06 -5.626219466572848077e-06
6.061445649380710954e+00 1.635659617123122814e-05 3.614485799084774659e-05 -1.978826182011698617e-05
6.062557007460283920e+00 2.859627528231710545e-05 5.920470597074278633e-05 -3.060843068923286940e-05
6.063668365539857774e+00 3.437233663173664842e-05 7.068760672779896568e-05 -3.631527009717561670e-05
6.064779723619430740e+00 3.274095874800618533e-05 6.872161981933853567e-05 -3.598066107193082994e-05
6.065891081699003706e+00 2.397699031721407283e-05 5.364820796427503119e-05 -2.967121764754743988e-05
6.067002439778576672e+00 9.527314787496042603e-06 2.796323343441436612e-05 -1.843591864719826452e-05
6.068113797858149638e+00 -8.228374832021639190e-06 -4.096145521618500818e-06 -4.132229309833715392e-06
6.069225155937723493e+00 -2.636983155728531494e-05 -3.725031196644135179e-05 1.088048040876789246e-05
6.070336514017296459e+00 -4.191687625246416637e-05 -6.604651035561123068e-05 2.412963410320387650e-05
6.071447872096870313e+00 -5.231927692666117971e-05 -8.575551757358627902e-05 3.343624064757692166e-05
6.072559230176443279e+00 -5.587535434404449289e-05 -9.314821985819624756e-05 3.727286551629674025e-05
6.073670588256016245e+00 -5.201059876144267444e-05 -8.702458078166299543e-05 3.501398202121345019e-05
6.074781946335589211e+00 -4.137067978491736769e-05 -6.840835488187198971e-05 2.703767509664670859e-05
6.075893304415163065e+00 -2.571379599536132918e-05 -4.037596096489928094e-05 1.466216496964160149e-05
6.077004662494736031e+00 -7.620312344872037791e-06 -7.548113436063944026e-06 -7.219890924090727191e-08
6.078116020574309886e+00 9.932359031518313980e-06 2.467178612231002433e-05 -1.473942709037776196e-05
6.079227378653882852e+00 2.405959033553218846e-05 5.098696831324538506e-05 -2.692737797932941678e-05
6.080338736733455818e+00 3.244349260220520258e-05 6.707796299705603461e-05 -3.463447039464746281e-05
6.081450094813028784e+00 3.371311621915517014e-05 7.031150133183085120e-05 -3.659838511508288093e-05
6.082561452892601750e+00 2.766853127719260189e-05 6.017131584985422298e-05 -3.250278457230448489e-05
6.083672810972175604e+00 1.531216242333039226e-05 3.834036780494144009e-05 -2.302820537987350542e-05
6.084784169051748570e+00 -1.317520291700159663e-06 8.421424727144723177e-06 -9.738945018280230348e-06
6.085895527131322424e+00 -1.948236226461058998e-05 -2.465761916507335644e-05 5.175256901040863056e-06
6.087006885210895391e+00 -3.619543139884865215e-05 -5.545551832144765547e-05 1.926008692221736415e-05
6.088118243290468357e+00 -4.871221229384593149e-05 -7.891281893329400027e-05 3.020060664051015323e-05
6.089229601370041323e+00 -5.498130564030642015e-05 -9.118310725660539601e-05 3.620180161442243874e-05
6.090340959449614289e+00 -5.398061349561143057e-05 -9.026378930994741201e-05 3.628317581542582146e-05
6.091452317529188143e+00 -4.588391027448473006e-05 -7.632295690268055266e-05 3.043904662630974450e-05
6.092563675608761997e+00 -3.203065138919752169e-05 -5.166898881045229458e-05 1.963833742219325829e-05
6.093675033688334963e+00 -1.470424612790271340e-05 -2.036833482339361207e-05 5.664088694846448890e-06
6.094786391767907929e+00 3.244504274650152065e-06 1.242523843049490179e-05 -9.180734155556351944e-06
6.095897749847480895e+00 1.886670326101970961e-05 4.131930593961451875e-05 -2.245260267886173972e-05
6.097009107927053861e+00 2.960013260993807349e-05 6.156960665212938937e-05 -3.196947404249684405e-05
6.098120466006627716e+00 3.368980574269001211e-05 6.985919201695764197e-05 -3.616938627487505413e-05
6.099231824086200682e+00 3.047526497808685821e-05 6.484194409960052433e-05 -3.436667911984068796e-05
6.100343182165774536e+00 2.049758578154020801e-05 4.736141045427006910e-05 -2.686382467166040407e-05
6.101454540245347502e+00 5.408745748588465047e-06 2.030938636860294896e-05 -1.490064061913801488e-05
6.102565898324920468e+00 -1.230147511861170648e-05 -1.185205365146230899e-05 -4.494214675197609477e-07
6.103677256404493434e+00 -2.971592515986281810e-05 -4.382607582261235923e-05 1.411015066107162985e-05
6.104788614484066400e+00 -4.397019493743332952e-05 -7.035291897567342440e-05 2.638272403918161604e-05
6.105899972563640254e+00 -5.272340367429946204e-05 -8.707454119320171687e-05 3.435113752057799771e-05
6.107011330643214109e+00 -5.454228954166829083e-05 -9.124994647304474765e-05 3.670765692964433544e-05
6.108122688722787075e+00 -4.913558983171695260e-05 -8.220378271314981306e-05 3.306819288038638852e-05
6.109234046802360041e+00 -3.740039052479993131e-05 -6.143479832988740785e-05 2.403440780714399122e-05
6.110345404881933007e+00 -2.127308424173905699e-05 -3.236675612535919178e-05 1.109367188533881207e-05
6.111456762961505973e+00 -3.409700210575510038e-06 2.167991852266085151e-07 -3.626499396542411796e-06
6.112568121041079827e+00 1.325161559727946331e-05 3.096059892597783844e-05 -1.770898332949764897e-05
6.113679479120652793e+00 2.597389585773596590e-05 5.481870266509526052e-05 -2.884480680830168314e-05
6.114790837200226647e+00 3.267092085284487458e-05 6.788358540220601305e-05 -3.521266454985932937e-05
6.115902195279799614e+00 3.224921347898734511e-05 6.802702830401973627e-05 -3.577781482323603079e-05
6.117013553359372580e+00 2.478639524671919989e-05 5.524768979932401930e-05 -3.046129455355761628e-05
6.118124911438945546e+00 1.151681342453480389e-05 3.166858769687716166e-05 -2.015177427186639302e-05
6.119236269518518512e+00 -5.372931241361383198e-06 1.185347456023055912e-06 -6.558278698206698037e-06
6.120347627598092366e+00 -2.310468319666105635e-05 -3.117651575923734847e-05 8.071832560856313787e-06
6.121458985677666220e+00 -3.876615183994857466e-05 -6.008925387291762926e-05 2.132310203254317998e-05
6.122570343757239186e+00 -4.978972927521764166e-05 -8.079918065342396594e-05 3.100945138046710264e-05
6.123681701836812152e+00 -5.437397335123893977e-05 -8.990748345301304706e-05 3.553351009983902326e-05
6.124793059916385118e+00 -5.177855294586199489e-05 -8.592730276157228841e-05 3.414874981523107617e-05
6.125904417995958084e+00 -4.244435295549294634e-05 -6.952577811832495042e-05 2.708142516266633798e-05
6.127015776075531939e+00 -2.791924022418684412e-05 -4.341165935068096865e-05 1.549241912796950685e-05
6.128127134155104905e+00 -1.060196863988298668e-05 -1.188740552620845548e-05 1.285436885240399257e-06
6.129238492234678759e+00 6.653424636853151608e-06 1.986017685714483103e-05 -1.320675222131928624e-05
6.130349850314251725e+00 2.100750194027208549e-05 4.661380784528896398e-05 -2.560630590662518399e-05
6.131461208393824691e+00 3.010223923308793376e-05 6.398356306384716218e-05 -3.388132383186446411e-05
6.132572566473397657e+00 3.244803505675439986e-05 6.912762318073335278e-05 -3.667958812363469163e-05
6.133683924552970623e+00 2.766740369973563242e-05 6.121762165624961005e-05 -3.355021795669211205e-05
6.134795282632544478e+00 1.655548970881377639e-05 4.157240136114150747e-05 -2.501691165118433147e-05
6.135906640712118332e+00 9.477109807944777975e-07 1.343860226624138399e-05 -1.249089128670479755e-05
6.137017998791691298e+00 -1.658344349090602743e-05 -1.854541404286771944e-05 1.961970551255659556e-06
6.138129356871264264e+00 -3.315237737535215584e-05 -4.911378035617718074e-05 1.596140298098461946e-05
6.139240714950837230e+00 -4.603524491799716734e-05 -7.323956198054294708e-05 2.720431706066750790e-05
6.140352073030410196e+00 -5.311756541843482352e-05 -8.696085040491800117e-05 3.384328498551303355e-05
6.141463431109984050e+00 -5.324104215063268919e-05 -8.803075348327079469e-05 3.478971133381381434e-05
6.142574789189557016e+00 -4.639270570782477732e-05 -7.628464277417614653e-05 2.989193706670308440e-05
6.143686147269130871e+00 -3.370550317960104361e-05 -5.366463476427687368e-05 1.995913158423694503e-05
6.144797505348703837e+00 -1.727049485198773118e-05 -2.389770527427056285e-05 6.627210419598780766e-06
6.145908863428276803e+00 2.082068859942526329e-07 8.119215923723353823e-06 -7.911009038284212702e-06
6.147020221507849769e+00 1.585880960657481097e-05 3.712571664160656607e-05 -2.126690703599973080e-05
6.148131579587422735e+00 2.711416355470337540e-05 5.836311945309593033e-05 -3.124895589952706408e-05
6.149242937666996589e+00 3.213334432307536756e-05 6.835613127876999395e-05 -3.622278695518518690e-05
6.150354295746570443e+00 3.010325176112807824e-05 6.548252505434912739e-05 -3.537927329302787143e-05
6.151465653826143409e+00 2.137080448125433865e-05 5.023746219305191135e-05 -2.886665771336316064e-05
6.152577011905716375e+00 7.384227769158171334e-06 2.514937947307917948e-05 -1.776515170197356421e-05
6.153688369985289341e+00 -9.546648669045160879e-06 -5.638297984658299788e-06 -3.908350684415050347e-06
6.154799728064862308e+00 -2.663142275735304668e-05 -3.705043549420868054e-05 1.041901273543879847e-05
6.155911086144436162e+00 -4.105863674555652182e-05 -6.391579658172018286e-05 2.285715983542380147e-05
6.157022444224009128e+00 -5.045811433543627086e-05 -8.181741332652370247e-05 3.135929899019101325e-05
6.158133802303582982e+00 -5.329009123702325296e-05 -8.781789392358057417e-05 3.452780268670390534e-05
6.159245160383155948e+00 -4.909725196970650060e-05 -8.094057599191805535e-05 3.184332402238415974e-05
6.160356518462728914e+00 -3.857841295942061530e-05 -6.232771950020338236e-05 2.374930654191510782e-05
6.161467876542301880e+00 -2.347197431658591335e-05 -3.505012652642996995e-05 1.157815220752689972e-05
6.162579234621874846e+00 -6.268558703063226156e-06 -3.599912949233535775e-06 -2.668645752653981545e-06
6.163690592701448701e+00 1.019968093421202635e-05 2.684978901043274038e-05 -1.665010807495718483e-05
6.164801950781022555e+00 2.322538568837911096e-05 5.129620421640175565e-05 -2.807081852889900531e-05
6.165913308860595521e+00 3.067118589003463920e-05 6.572925587728902300e-05 -3.505806998726134979e-05
6.167024666940168487e+00 3.132058022520776974e-05 6.778971066037826638e-05 -3.646913043402389863e-05
6.168136025019741453e+00 2.507691447555795636e-05 5.715512248683808638e-05 -3.207820801058802957e-05
6.169247383099315307e+00 1.297792587645792139e-05 3.559044905860698008e-05 -2.261252318191920782e-05
6.170358741178888273e+00 -2.976309297850372737e-06 6.655423888926072229e-06 -9.631733187665273907e-06
6.171470099258461239e+00 -2.015350257915382581e-05 -2.488279623005969221e-05 4.729293650611830768e-06
6.172581457338034205e+00 -3.572287306524441625e-05 -5.383479262954793398e-05 1.811191956501432068e-05
6.173692815417608060e+00 -4.712101037690269098e-05 -7.544253390232187606e-05 2.832152352388829161e-05
6.174804173497181026e+00 -5.247323420662971388e-05 -8.616109096103337361e-05 3.368785675329864088e-05
6.175915531576753992e+00 -5.090121437860417597e-05 -8.423998925796878645e-05 3.333877487994270708e-05
6.177026889656327846e+00 -4.266640046397948347e-05 -7.000886229746854789e-05 2.734246183368335345e-05
6.178138247735900812e+00 -2.912587012243381124e-05 -4.582080162538696572e-05 1.669493150044561169e-05
6.179249605815473778e+00 -1.250807336291431815e-05 -1.566312295436019658e-05 3.155049592274642573e-06
6.180360963895047632e+00 4.454443288862955028e-06 1.550006156786961492e-05 -1.104561827873994616e-05
6.181472321974620598e+00 1.897478139073266110e-05 4.254506700680955877e-05 -2.357028561658191905e-05
6.182583680054193565e+00 2.866986467989278376e-05 6.103111494238397210e-05 -3.236125026387988868e-05
6.183695038133767419e+00 3.195170786648944333e-05 6.792953936630302409e-05 -3.597783150036768939e-05
6.184806396213340385e+00 2.828753533342829793e-05 6.211997881493819262e-05 -3.383244348157749470e-05
6.185917754292913351e+00 1.828614521780388101e-05 4.457226490457537327e-05 -2.628611968588418120e-05
6.187029112372486317e+00 3.596529279417410435e-06 1.818448414833521987e-05 -1.458795486982550349e-05
6.188140470452060171e+00 -1.336435650982695234e-05 -1.269574882377649122e-05 -6.686076853346708398e-07
6.189251828531633137e+00 -2.980971251390724872e-05 -4.298772567693041197e-05 1.317801316288568642e-05
6.190363186611206103e+00 -4.304130714050504250e-05 -6.771372179256111151e-05 2.467241465120952396e-05
6.191474544690779958e+00 -5.089275219897050964e-05 -8.281712895584665557e-05 3.192437675636093306e-05
6.192585902770352924e+00 -5.208479350311085929e-05 -8.582816833045420896e-05 3.374337482759098145e-05
6.193697260849925890e+00 -4.643432780525140469e-05 -7.626793379871595752e-05 2.983360599344937400e-05
6.194808618929499744e+00 -3.488297438298962674e-05 -5.572466212263368218e-05 2.084168774114155548e-05
6.195919977009072710e+00 -1.934073655562819002e-05 -2.759009089927256381e-05 8.249354343060205652e-06
6.197031335088645676e+00 -2.370693314416531111e-06 3.500338666663320442e-06 -5.871031981447179249e-06
6.198142693168218642e+00 1.323324034362160541e-05 3.243104692547465681e-05 -1.919780658284639743e-05
6.199254051247792496e+00 2.490593164392387870e-05 5.444787259989728942e-05 -2.954194095588732506e-05
6.200365409327365462e+00 3.073242065079160061e-05 6.593918072317654297e-05 -3.520676007261105273e-05
6.201476767406938428e+00 2.976185716519581196e-05 6.502818358501639886e-05 -3.526632642052400372e-05
6.202588125486512283e+00 2.216251421300273992e-05 5.187933245879563712e-05 -2.971681824494732792e-05
6.203699483566085249e+00 9.192600631543514089e-06 2.866875917165558410e-05 -1.947615854154343372e-05
6.204810841645658215e+00 -7.008086877782499641e-06 -7.759601109167194033e-07 -6.232126767737478784e-06
6.205922199725232069e+00 -2.377118478469591317e-05 -3.160709403909889303e-05 7.835909255014903568e-06
6.207033557804805035e+00 -3.833922624853344438e-05 -5.875498107107794687e-05 2.041575482227431931e-05
6.208144915884378001e+00 -4.831918095311036124e-05 -7.776176052878749217e-05 2.944257957768247128e-05
6.209256273963951855e+00 -5.207548132959375492e-05 -8.551349864087138403e-05 3.343801731046881429e-05
6.210367632043524821e+00 -4.899799175686701119e-05 -8.075047304105433671e-05 3.175248128594850353e-05
6.211478990123097788e+00 -3.960101953440946579e-05 -6.427199388333876967e-05 2.467097434748384555e-05
6.212590348202670754e+00 -2.543730243003685873e-05 -3.880245997964822807e-05 1.336515754825655031e-05
6.213701706282244608e+00 -8.841350724957206669e-06 -8.541085202714605862e-06 -3.002655229113367075e-07
6.214813064361817574e+00 7.455440773208258515e-06 2.153029641571409594e-05 -1.407485564045149115e-05
6.215924422441390540e+00 2.077446125130655991e-05 4.646725051110503837e-05 -2.569278926300598218e-05
6.217035780520964394e+00 2.893031384790806649e-05 6.217561855559924477e-05 -3.324530470694424429e-05
6.218147138600537360e+00 3.058959715320625199e-05 6.608361750422763956e-05 -3.549402035148629345e-05
6.219258496680110326e+00 2.548914148640035390e-05 5.756283315392837774e-05 -3.207369166824598251e-05
6.220369854759684181e+00 1.447798841446414422e-05 3.802919904468847132e-05 -2.355121063077618600e-05
6.221481212839257147e+00 -6.235773482455436723e-07 1.070774166800477975e-05 -1.133131901594587945e-05
6.222592570918830113e+00 -1.732454289393768956e-05 -1.989982631133563329e-05 2.575283417117352203e-06
6.223703928998403967e+00 -3.287362325786772829e-05 -4.875677685731941852e-05 1.588315359957919240e-05
6.224815287077976933e+00 -4.471203654555448020e-05 -7.112011607895377813e-05 2.640807953243609271e-05
6.225926645157549899e+00 -5.089409795405340151e-05 -8.332005563194393866e-05 3.242595767765157899e-05
6.227038003237122865e+00 -5.040651327660895104e-05 -8.336211461346804130e-05 3.295560133698876085e-05
6.228149361316696719e+00 -4.333399038602752870e-05 -7.125307329211919005e-05 2.791908290579155419e-05
6.229260719396269685e+00 -3.084411770167081596e-05 -4.899751783888663115e-05 1.815340013653883935e-05
6.230372077475842651e+00 -1.499420558627537897e-05 -2.026593451200011525e-05 5.271728925810605093e-06
6.231483435555416506e+00 1.607944342793456854e-06 1.021069096707530321e-05 -8.602746623853586502e-06
6.232594793634989472e+00 1.623339806728295830e-05 3.741991360344323891e-05 -2.118651553509364252e-05
6.233706151714562438e+00 2.648088228329216476e-05 5.689222840535431910e-05 -3.041134612386453204e-05
6.234817509794136292e+00 3.067120370595381642e-05 6.543524000035202959e-05 -3.476403629440504364e-05
6.235928867873709258e+00 2.812251412675603312e-05 6.165701066722893697e-05 -3.353449654045390321e-05
6.237040225953282224e+00 1.926130672413807650e-05 4.619279774216661708e-05 -2.693149101891877898e-05
6.238151584032856078e+00 5.551086845980400530e-06 2.159825382802398053e-05 -1.604716698295105722e-05
6.239262942112429045e+00 -1.074934237026582001e-05 -8.072956102405173806e-06 -2.676386267001524405e-06
6.240374300192002011e+00 -2.695804481011448983e-05 -3.793730883876883508e-05 1.097926402806150351e-05
6.241485658271574977e+00 -4.041123263975963248e-05 -6.308521262741399044e-05 2.267397998865702813e-05
6.242597016351148831e+00 -4.890104199601870774e-05 -7.938813009879773508e-05 3.048708810330941904e-05
6.243708374430721797e+00 -5.103784484611914932e-05 -8.417634160528576770e-05 3.313849675928457958e-05
6.244819732510294763e+00 -4.647763013596647313e-05 -7.667607987533846259e-05 3.019844974050953437e-05
6.245931090589868617e+00 -3.597724093265097095e-05 -5.813445906797855972e-05 2.215721813419785011e-05
6.247042448669441583e+00 -2.126859780280558956e-05 -3.161203266429865599e-05 1.034343486184738370e-05
6.248153806749014549e+00 -4.772805457207551089e-06 -1.477480070815294366e-06 -3.295325386141589180e-06
6.249265164828588404e+00 1.079866422460913980e-05 2.731214940951236236e-05 -1.651348518426592853e-05
6.250376522908161370e+00 2.289001467753958539e-05 5.002705214701653677e-05 -2.713703746811866289e-05
6.251487880987734336e+00 2.952101170803099256e-05 6.294194392794444023e-05 -3.342093222003699252e-05
6.252599239067308190e+00 2.961172533150397725e-05 6.394725550315180120e-05 -3.433553017181452003e-05
6.253710597146881156e+00 2.315886113375513478e-05 5.289396780338716415e-05 -2.973510666910684185e-05
6.254821955226454122e+00 1.123488123545976144e-05 3.161571620099480617e-05 -2.038083496647873430e-05
6.255933313306027088e+00 -4.189720017476993019e-06 3.624915700757222470e-06 -7.814635716824752665e-06
6.257044671385600942e+00 -2.057154563018777707e-05 -2.646674193070193415e-05 5.895196300707795586e-06
6.258156029465173908e+00 -3.521319884290012928e-05 -5.370781919815988820e-05 1.849462035582180933e-05
6.259267387544746875e+00 -4.570697407288090708e-05 -7.362160406416181496e-05 2.791462999107447579e-05
6.260378745624320729e+00 -5.033036393207058340e-05 -8.294155320826262362e-05 3.261118927647913696e-05
6.261490103703893695e+00 -4.832842100691622095e-05 -8.014689083390719865e-05 3.181846982786484465e-05
6.262601461783466661e+00 -4.003669414002260923e-05 -6.571054465092339425e-05 2.567385051055947817e-05
6.263712819863040515e+00 -2.682472543332620196e-05 -4.201899906644979837e-05 1.519427363338900910e-05
6.264824177942613481e+00 -1.086961933516577411e-05 -1.297763288837360668e-05 2.108013553255971145e-06
6.265935536022186447e+00 5.202881952886097630e-06 1.663320001121532804e-05 -1.143031805981263582e-05
6.267046894101760302e+00 1.875064590978366141e-05 4.194518642869956432e-05 -2.319454052057017858e-05
6.268158252181333268e+00 2.754956795920362415e-05 5.880260341788764826e-05 -3.125303545868608410e-05
6.269269610260906234e+00 3.015873892081582944e-05 6.444476806660682459e-05 -3.428602914626853199e-05
6.270380968340479200e+00 2.615641354109768564e-05 5.795832637653939093e-05 -3.180191283558888573e-05
6.271492326420053054e+00 1.620814437811447621e-05 4.042528932971314881e-05 -2.421714495183828128e-05
6.272603684499626020e+00 1.956085574815035616e-06 1.474283519581473176e-05 -1.278674962061003388e-05
6.273715042579198986e+00 -1.425211659172214221e-05 -1.485511249075133905e-05 6.029958987989122998e-07
6.274826400658772840e+00 -2.975008034168495630e-05 -4.349552633084192294e-05 1.374544598751028038e-05
6.275937758738345806e+00 -4.199136933915334838e-05 -6.646818321654878597e-05 2.447681387637628755e-05
6.277049116817918772e+00 -4.896791748567469460e-05 -7.999987882068015921e-05 3.103196133620936270e-05
6.278160474897492627e+00 -4.953943544708456007e-05 -8.187369514168606893e-05 3.233425969567313429e-05
6.279271832977065593e+00 -4.361975688158339914e-05 -7.179169178248359651e-05 2.817193490004324397e-05
6.280383191056638559e+00 -3.218966735032057977e-05 -5.142169201184480787e-05 1.923202466195964369e-05
6.281494549136211525e+00 -1.713432186789109329e-05 -2.412084006944096443e-05 6.986518202236821629e-06
6.282605907215785379e+00 -9.321982198903008138e-07 5.618244120624091981e-06 -6.550442339256501434e-06
6.283717265295358345e+00 1.375309458276005592e-05 3.290733542872037801e-05 -1.915424084608045169e-05
6.284828623374931311e+00 2.451092529469952458e-05 5.326664528756269723e-05 -2.875571999343194511e-05
6.285939981454505165e+00 2.957960576011696278e-05 6.336077496409131538e-05 -3.378116920561401865e-05
6.287051339534078132e+00 2.813516621903255736e-05 6.154566529894905068e-05 -3.341049907852332063e-05
6.288162697613651098e+00 2.042560194240794144e-05 4.813684985351899398e-05 -2.771124791071759557e-05
6.289274055693224952e+00 7.728711672177600994e-06 2.535523517603437138e-05 -1.762652350374379652e-05
6.290385413772797918e+00 -7.859320231008628393e-06 -3.040297326077114060e-06 -4.819022905323561839e-06
6.291496771852370884e+00 -2.376962811330776693e-05 -3.237269648921885928e-05 8.603068374716735245e-06
6.292608129931944738e+00 -3.738365299894809077e-05 -5.781675838601070538e-05 2.043310538842090310e-05
6.293719488011517704e+00 -4.646377532788745560e-05 -7.519258375285331475e-05 2.872880842316911931e-05
6.294830846091090670e+00 -4.952078256383529373e-05 -8.165199935232861361e-05 3.213121678870538983e-05
6.295942204170663636e+00 -4.605783434464237602e-05 -7.614521843719249811e-05 3.008738409163592281e-05
6.297053562250237491e+00 -3.665096611979142341e-05 -5.959127643227150189e-05 2.294031031279059399e-05
6.298164920329810457e+00 -2.285309712097378584e-05 -3.472457090744184710e-05 1.187147378602657413e-05
6.299276278409383423e+00 -6.937540109310837144e-06 -5.643115835523952739e-06 -1.294424273954718901e-06
6.300387636488957277e+00 8.476619979019177700e-06 2.286686657316204518e-05 -1.439024659526133045e-05
6.301498994568530243e+00 2.085554334942704528e-05 4.611871183612991157e-05 -2.526316848356605256e-05
6.302610352648103209e+00 2.816711489966901966e-05 6.029578538011438199e-05 -3.212867048047580130e-05
6.303721710727677063e+00 2.921443241010810831e-05 6.307801027954354142e-05 -3.386357786833220319e-05
6.304833068807250029e+00 2.383157431686791679e-05 5.402160593902184844e-05 -3.019003162050865486e-05
6.305944426886822995e+00 1.290963077848279912e-05 3.462989400125583359e-05 -2.172026322088912477e-05
6.307055784966396850e+00 -1.751074419544668137e-06 8.103887052779944200e-06 -9.854961472707552544e-06
6.308167143045969816e+00 -1.773806135544220980e-05 -2.118596016744290350e-05 3.447898811924582710e-06
6.309278501125542782e+00 -3.242404639206084710e-05 -4.841966712118995347e-05 1.599562072991190034e-05
6.310389859205115748e+00 -4.339911537493395394e-05 -6.912072224151636496e-05 2.572160686854525063e-05
6.311501217284689602e+00 -4.886662199674041140e-05 -7.989169780615000549e-05 3.102507581191453478e-05
6.312612575364262568e+00 -4.793776369941887480e-05 -7.897160470368355667e-05 3.103384100323685821e-05
6.313723933443835534e+00 -4.077652712600535190e-05 -6.652355749785232586e-05 2.574703037129229613e-05
6.314835291523409389e+00 -2.857135405770006367e-05 -4.460576302383473246e-05 1.603440896747777844e-05
6.315946649602982355e+00 -1.333839993850624919e-05 -1.683096889277570229e-05 3.492568954308050699e-06
6.317058007682555321e+00 2.411063416846116400e-06 1.222928388246776604e-05 -9.818220465585437290e-06
6.318169365762129175e+00 1.608424814848697856e-05 3.779736135855506218e-05 -2.171311321106836854e-05
6.319280723841702141e+00 2.543335084025316953e-05 5.567525984247288090e-05 -3.024190900235480296e-05
6.320392081921275107e+00 2.892481005371512828e-05 6.293413257431226381e-05 -3.400932252195607453e-05
6.321503440000848961e+00 2.599067455717621669e-05 5.839436523036485582e-05 -3.240369067419195982e-05
6.322614798080421927e+00 1.712089082363016553e-05 4.281751066120961444e-05 -2.569661983622376251e-05
6.323726156159994893e+00 3.781524650337507454e-06 1.877885716002969732e-05 -1.499733251100797762e-05
6.324837514239567859e+00 -1.182743241612705526e-05 -9.758054381524793042e-06 -2.069378032318715602e-06
6.325948872319141714e+00 -2.713465998857014436e-05 -3.809466951575687238e-05 1.096000952992108590e-05
6.327060230398714680e+00 -3.962074978357613131e-05 -6.157075659772668491e-05 2.195000681409374141e-05
6.328171588478287646e+00 -4.723243008249037103e-05 -7.633056004161670183e-05 2.909812995832835800e-05
6.329282946557861500e+00 -4.871967748698189868e-05 -7.995581467049126673e-05 3.123613718412779697e-05
6.330394304637434466e+00 -4.384038005027625709e-05 -7.186170159831101883e-05 2.802132154784437584e-05
6.331505662717007432e+00 -3.339905479918378259e-05 -5.339091459676936074e-05 1.999185979676852340e-05
6.332617020796581286e+00 -1.911344848939868640e-05 -2.759071709071154316e-05 8.477268600435954038e-06
6.333728378876154252e+00 -3.331153962804608501e-06 1.289995749287082411e-06 -4.621149712285763100e-06
6.334839736955727219e+00 1.135699232935401433e-05 2.850062490090564046e-05 -1.714363257052662140e-05
6.335951095035301073e+00 2.254305015054352580e-05 4.957048601710077954e-05 -2.702743586679707925e-05
6.337062453114874039e+00 2.839754706125363040e-05 6.104352171842452983e-05 -3.264597465882737061e-05
6.338173811194447005e+00 2.796948470799572126e-05 6.104536817409735201e-05 -3.307588346511484414e-05
6.339285169274019971e+00 2.134157118870204720e-05 4.958973593087402307e-05 -2.824816473969956124e-05
6.340396527353593825e+00 9.615331720074513436e-06 2.857402933636099193e-05 -1.895869761628452693e-05
6.341507885433166791e+00 -5.271250619828110606e-06 1.465277267249497778e-06 -6.736527886713750135e-06
6.342619243512739757e+00 -2.086338191716399781e-05 -2.727163801753435673e-05 6.408256101164211752e-06
6.343730601592313612e+00 -3.459367485516770535e-05 -5.290915905943084641e-05 1.831548420492276966e-05
6.344841959671886578e+00 -4.420437790160795452e-05 -7.123458447671170146e-05 2.703020657742307223e-05
6.345953317751459544e+00 -4.811817614293334433e-05 -7.924207490211335886e-05 3.112389876062287078e-05
6.347064675831033398e+00 -4.569666144735784127e-05 -7.562545941745824063e-05 2.992879797024785085e-05
6.348176033910606364e+00 -3.734411263576955381e-05 -6.099104949625587524e-05 2.364693686058606803e-05
6.349287391990179330e+00 -2.443970847457524465e-05 -3.775578891155977057e-05 1.331608043926655466e-05
6.350398750069753184e+00 -9.109526567044508305e-06 -9.747842554680592742e-06 6.383159894601461715e-07
6.351510108149326150e+00 6.123991869166900415e-06 1.842437375424799476e-05 -1.230038188653565998e-05
6.352621466228899116e+00 1.875732777590981802e-05 4.213072320433672649e-05 -2.337339542967807778e-05
6.353732824308472082e+00 2.671756172247189017e-05 5.748058810818243176e-05 -3.076302638498529165e-05
6.354844182388045937e+00 2.870275538900831334e-05 6.196166270627730425e-05 -3.325890731677139632e-05
6.355955540467618903e+00 2.439515522027388937e-05 5.485141816210289262e-05 -3.045626294278749218e-05
6.357066898547191869e+00 1.451231047803602098e-05 3.733384921301638459e-05 -2.282153873539084256e-05
6.358178256626765723e+00 6.878914534237494383e-07 1.230264398744112392e-05 -1.161475253473273107e-05
6.359289614706338689e+00 -1.479799734445744197e-05 -1.611650814159048400e-05 1.318510797346629862e-06
6.360400972785911655e+00 -2.939448904452348840e-05 -4.324561551703656054e-05 1.385112647072500591e-05
6.361512330865485509e+00 -4.069971824564345975e-05 -6.462411461719604761e-05 2.392439637178070400e-05
6.362623688945058475e+00 -4.685560536619613400e-05 -7.674198146681056321e-05 2.988637610075754389e-05
6.363735047024631442e+00 -4.685277693914106575e-05 -7.761573577235933441e-05 3.076295883428685832e-05
6.364846405104204408e+00 -4.069558873648262270e-05 -6.711281809271794907e-05 2.641722935623315796e-05
6.365957763183778262e+00 -2.940027870716082140e-05 -4.697129460944863416e-05 1.757101589985226101e-05
6.367069121263351228e+00 -1.482674279873258047e-05 -2.051199236133890297e-05 5.685249561799242402e-06
6.368180479342924194e+00 6.282134359114361494e-07 7.909256697160877564e-06 -7.281043260222701957e-06
6.369291837422498048e+00 1.442555598179010544e-05 3.361891871020991976e-05 -1.919336272790568565e-05
6.370403195502071014e+00 2.430163979019674299e-05 5.239448455827576054e-05 -2.809284476989765827e-05
6.371514553581643980e+00 2.864007127862815182e-05 6.115817785318531730e-05 -3.251810657255139146e-05
6.372625911661217835e+00 2.673672814145085751e-05 5.848168204761975547e-05 -3.174495390500666034e-05
6.373737269740790801e+00 1.891448075505173729e-05 4.481911452658762784e-05 -2.590463377150336449e-05
6.374848627820363767e+00 6.468925990185496466e-06 2.243025591457548790e-05 -1.596132992542757291e-05
6.375959985899937621e+00 -8.545753353943891240e-06 -4.992997888995931444e-06 -3.552755463785478227e-06
6.377071343979510587e+00 -2.365541319240003007e-05 -3.293521190292445638e-05 9.279798710956372459e-06
6.378182702059083553e+00 -3.637323925165594773e-05 -5.680069843956754572e-05 2.042745918765876204e-05
6.379294060138656519e+00 -4.460866161039344149e-05 -7.266916279246270205e-05 2.806050118348652964e-05
6.380405418218230373e+00 -4.701065718987988001e-05 -7.793945995215358080e-05 3.092880276148743737e-05
6.381516776297803339e+00 -4.318906993430867911e-05 -7.175575328590300811e-05 2.856668335355803598e-05
6.382628134377376306e+00 -3.377769769838260064e-05 -5.514625723698329124e-05 2.136855953830275184e-05
6.383739492456950160e+00 -2.032895081676300980e-05 -3.085207737359412644e-05 1.052312655749768414e-05
6.384850850536523126e+00 -5.057591209852493191e-06 -2.874636481060930532e-06 -2.182954729467887975e-06
6.385962208616096092e+00 9.524145431073554810e-06 2.418358963787985844e-05 -1.465944420708060678e-05
6.387073566695669946e+00 2.101993278845210728e-05 4.587640877998450453e-05 -2.485647599035343581e-05
6.388184924775242912e+00 2.754322377024329203e-05 5.864470089436148691e-05 -3.110147712337169457e-05
6.389296282854815878e+00 2.802687260786054096e-05 6.040054274679147045e-05 -3.237367013821858155e-05
6.390407640934389732e+00 2.239770010388584393e-05 5.086880240729699416e-05 -2.847110230410417227e-05
6.391518999013962699e+00 1.158745360512001416e-05 3.163031647467539828e-05 -2.004286286912267904e-05
6.392630357093535665e+00 -2.621454887991384042e-06 5.859890741749442661e-06 -8.481345628931578201e-06
6.393741715173108631e+00 -1.788988719472577038e-05 -2.219745927736164332e-05 4.307572081974075928e-06
6.394853073252682485e+00 -3.170711034443515416e-05 -4.792562104936545775e-05 1.621851070531194275e-05
6.395964431332255451e+00 -4.180370373695367278e-05 -6.709671561840133830e-05 2.529301187974980492e-05
6.397075789411828417e+00 -4.652432766997409777e-05 -7.656573773626683399e-05 3.004141006731925884e-05
6.398187147491402271e+00 -4.509911858480500357e-05 -7.478637793424669500e-05 2.968725934844335806e-05
6.399298505570975237e+00 -3.776920878437346751e-05 -6.206342021748169346e-05 2.429421143489369009e-05
6.400409863650548203e+00 -2.574590472967982352e-05 -4.050051949158316872e-05 1.475461476276073228e-05
6.401521221730122058e+00 -1.101042599275115635e-05 -1.365228701494334423e-05 2.641861020865124421e-06
6.402632579809695024e+00 4.012687663259087434e-06 1.406178162017927835e-05 -1.004909395826546897e-05
6.403743937889267990e+00 1.685466333801598389e-05 3.808491209846172343e-05 -2.123024875963215423e-05
6.404855295968841844e+00 2.540838343866237041e-05 5.447240645819247801e-05 -2.906402301766685195e-05
6.405966654048414810e+00 2.827433907113310321e-05 6.053952113040323227e-05 -3.226518205865863903e-05
6.407078012127987776e+00 2.498984409002400625e-05 5.530146400602262841e-05 -3.031161991425332771e-05
6.408189370207560742e+00 1.610396387019086099e-05 3.963340479404015709e-05 -2.352944092362161364e-05
6.409300728287134596e+00 3.086020369322782508e-06 1.612450332879504858e-05 -1.303848295859731492e-05
6.410412086366707562e+00 -1.191708825703553798e-05 -1.134970031860162848e-05 -5.673879387895278126e-07
6.411523444446280529e+00 -2.643467947030693488e-05 -3.826591719035144640e-05 1.183123772043959479e-05
6.412634802525854383e+00 -3.807889297175902008e-05 -6.019752702949437984e-05 2.211863405782556538e-05
6.413746160605427349e+00 -4.493720133468036629e-05 -7.354227427071660661e-05 2.860507293417791780e-05
6.414857518685000315e+00 -4.588630935638835298e-05 -7.611362008628011488e-05 3.022731073184896367e-05
6.415968876764574169e+00 -4.077592532340497747e-05 -6.749867693406959995e-05 2.672275160972180028e-05
6.417080234844147135e+00 -3.045234235633667921e-05 -4.912413733346339406e-05 1.867179497738735705e-05
6.418191592923720101e+00 -1.661813940459586775e-05 -2.401968242518419394e-05 7.401543022323483351e-06
6.419302951003293956e+00 -1.551258394727949783e-06 3.681896987951099876e-06 -5.233155382460691341e-06
6.420414309082866922e+00 1.227019144333014490e-05 2.942538811168951204e-05 -1.715519667050001591e-05
6.421525667162439888e+00 2.257560650339941657e-05 4.898254084288321437e-05 -2.640693433865969574e-05
6.422637025242012854e+00 2.767497584059092975e-05 5.914686807406737334e-05 -3.147189223482978540e-05
6.423748383321586708e+00 2.673608112734677991e-05 5.825968880050227082e-05 -3.152360767272015664e-05
6.424859741401159674e+00 1.992034719356175487e-05 4.648111677572723532e-05 -2.656076958127274838e-05
6.425971099480732640e+00 8.355170267006477997e-06 2.576172300933557424e-05 -1.740655274140622336e-05
6.427082457560306494e+00 -6.052536398245579596e-06 -4.801363315634112061e-07 -5.572400066059402662e-06
6.428193815639879460e+00 -2.093074042571396384e-05 -2.792195097956091943e-05 6.991210551489900060e-06
6.429305173719452426e+00 -3.383279241694165870e-05 -5.204871344554381357e-05 1.821592102813508057e-05
6.430416531799026281e+00 -4.263974055794626100e-05 -6.889543604353919048e-05 2.625569548470952155e-05
6.431527889878599247e+00 -4.590829798425738115e-05 -7.569841758482166727e-05 2.979011960183974156e-05
6.432639247958172213e+00 -4.310731565988767944e-05 -7.134828804854914663e-05 2.824097238638724472e-05
6.433750606037746067e+00 -3.470401060076937910e-05 -5.657056680643309660e-05 2.186655620700986291e-05
6.434861964117319033e+00 -2.208594669158561383e-05 -3.380435111860133346e-05 1.171840442994349918e-05
6.435973322196891999e+00 -7.331787185720431421e-06 -6.799414948586383206e-06 -5.323722362612654663e-07
6.437084680276464965e+00 7.131313348446429931e-06 2.000173050916136813e-05 -1.287041716023268507e-05
6.438196038356038819e+00 1.892721364681547967e-05 4.219498054699403339e-05 -2.326776689987064030e-05
6.439307396435611786e+00 2.612143397550027333e-05 5.613865480796117330e-05 -3.001722083120880909e-05
6.440418754515184752e+00 2.753872618701559694e-05 5.955136272312554213e-05 -3.201263653464727515e-05
6.441530112594758606e+00 2.295543260536175682e-05 5.188556186981889591e-05 -2.893012926527961486e-05
6.442641470674331572e+00 1.313514847384959078e-05 3.441564338060865147e-05 -2.128049490609617948e-05
6.443752828753904538e+00 -2.979969687963782143e-07 1.002637889541829752e-05 -1.032437586452887752e-05
6.444864186833478392e+00 -1.512742085852574261e-05 -1.726315741956002681e-05 2.135736559268986215e-06
6.445975544913051358e+00 -2.890928756218080417e-05 -4.296162615313910138e-05 1.405233859167256960e-05
6.447086902992624324e+00 -3.937467154501838457e-05 -6.284436860548407722e-05 2.346969706081827520e-05
6.448198261072197290e+00 -4.480251225415406158e-05 -7.364768494688526956e-05 2.884517269444338006e-05
6.449309619151771145e+00 -4.430207034376984140e-05 -7.360435080606270164e-05 2.930228046262983027e-05
6.450420977231344111e+00 -3.795853959648234216e-05 -6.273250088465170266e-05 2.477396128718100179e-05
6.451532335310917077e+00 -2.681802475456955548e-05 -4.283066000370511217e-05 1.601263524829638421e-05
6.452643693390490931e+00 -1.271453121815587645e-05 -1.718006293551909563e-05 4.465531719057176663e-06
6.453755051470063897e+00 2.032412448529224980e-06 9.996470780630588304e-06 -7.964058331805809812e-06
6.454866409549636863e+00 1.499963939289097881e-05 3.422987106637765189e-05 -1.923023167357796291e-05
6.455977767629210717e+00 2.405886018182234239e-05 5.153986887119869909e-05 -2.748100868951166512e-05
6.457089125708783683e+00 2.772626669555753654e-05 5.908887052730128677e-05 -3.136260383035491435e-05
6.458200483788356649e+00 2.540579757156981484e-05 5.564724035244999686e-05 -3.024144278108078653e-05
6.459311841867930504e+00 1.748618459737074325e-05 4.179370043017830577e-05 -2.430751583535522078e-05
6.460423199947503470e+00 5.275985797871182714e-06 1.981819338478909079e-05 -1.454220758634653353e-05
6.461534558027076436e+00 -9.212535612508534338e-06 -6.656495678643813141e-06 -2.556039934131651772e-06
6.462645916106649402e+00 -2.359498595548570332e-05 -3.327183713716912877e-05 9.676851182718404845e-06
6.463757274186223256e+00 -3.550722715264320942e-05 -5.565096452444552588e-05 2.014373737101995618e-05
6.464868632265796222e+00 -4.299399394144158906e-05 -7.011830905479833620e-05 2.712431511354626568e-05
6.465979990345369188e+00 -4.482985407369428216e-05 -7.430314225337873724e-05 2.947328818029290934e-05
6.467091348424943043e+00 -4.071981699666545745e-05 -6.752792360119851123e-05 2.680810660563720527e-05
6.468202706504516009e+00 -3.134674433729603069e-05 -5.091784177229351227e-05 1.957109743648934377e-05
6.469314064584088975e+00 -1.825793788175038290e-05 -2.721384358559623268e-05 8.955905703788603900e-06
6.470425422663662829e+00 -3.609732916480881681e-06 -3.202181923333928537e-07 -3.289514724713876043e-06
6.471536780743235795e+00 1.018775295995788185e-05 2.533859194695214229e-05 -1.515083898755566032e-05
6.472648138822808761e+00 2.086719353800977131e-05 4.554599400636433204e-05 -2.467880046831617998e-05
6.473759496902382615e+00 2.667670259135307095e-05 5.698627816294024508e-05 -3.030957557234050491e-05
6.474870854981955581e+00 2.666731388725545552e-05 5.778877499416131686e-05 -3.112146110561685337e-05
6.475982213061528547e+00 2.084812169913705625e-05 4.783383506212117789e-05 -2.698571336397909397e-05
6.477093571141101513e+00 1.018372130653488056e-05 2.877058339166007825e-05 -1.858686208347872827e-05
6.478204929220675368e+00 -3.565453784034298967e-06 3.743845955380027679e-06 -7.309299737757665727e-06
6.479316287300248334e+00 -1.813347209717606004e-05 -2.312453770928792063e-05 4.991065613134263237e-06
6.480427645379821300e+00 -3.112203946907012020e-05 -4.741446756063687207e-05 1.629242809211015400e-05
6.481539003459395154e+00 -4.039498827742996415e-05 -6.513463279060518335e-05 2.473964451398967188e-05
6.482650361538968120e+00 -4.442923497276771508e-05 -7.337826717012871369e-05 2.894903219898209770e-05
6.483761719618541086e+00 -4.256455276998184073e-05 -7.079987652879732307e-05 2.823532375855787591e-05
6.484873077698114940e+00 -3.511120138964323942e-05 -5.783474862296276303e-05 2.272354723352812411e-05
6.485984435777687906e+00 -2.329787865428499527e-05 -3.662544209519311839e-05 1.332756344147104088e-05
6.487095793857260873e+00 -9.068724985774202080e-06 -1.066765512700582411e-05 1.598930141450197184e-06
6.488207151936834727e+00 5.237075410432405834e-06 1.576599369958490635e-05 -1.052891829062896703e-05
6.489318510016407693e+00 1.727028841330940489e-05 3.832929205093002153e-05 -2.105900363800019583e-05
6.490429868095980659e+00 2.505784932443997498e-05 5.331709409175521171e-05 -2.825924476567928407e-05
6.491541226175553625e+00 2.732680552735086569e-05 5.827380077438003552e-05 -3.094699524682962243e-05
6.492652584255127479e+00 2.371279165964122228e-05 5.239573434070261479e-05 -2.868294268148976079e-05
6.493763942334700445e+00 1.481888734162833607e-05 3.666147337527203912e-05 -2.184258603316665409e-05
6.494875300414273411e+00 2.115348940472452921e-06 1.366901765370142491e-05 -1.155366871407638441e-05
6.495986658493847266e+00 -1.230312427698710548e-05 -1.279312877873473031e-05 4.900045016246763058e-07
6.497098016573420232e+00 -2.606251933900093076e-05 -3.837014410095016675e-05 1.230762476320517579e-05
6.498209374652993198e+00 -3.690017660595889051e-05 -5.885751064758221185e-05 2.195733404105129627e-05
6.499320732732567052e+00 -4.303670919317964527e-05 -7.089214530796566355e-05 2.785543611531987943e-05
6.500432090812140018e+00 -4.346804456552624818e-05 -7.250443500100671457e-05 2.903639043427439989e-05
6.501543448891712984e+00 -3.812965842258861371e-05 -6.344056418685836696e-05 2.531090576469822995e-05
6.502654806971286838e+00 -2.790613755712743199e-05 -4.520238718378789822e-05 1.729624962570376623e-05
6.503766165050859804e+00 -1.448466861154280513e-05 -2.079859391508100119e-05 6.313925302113120724e-06
6.504877523130432770e+00 -7.671314547247516658e-08 5.751606267860587263e-06 -5.828319413345422334e-06
6.505988881210005736e+00 1.294622405163510862e-05 3.008041371987263402e-05 -1.713418967084763371e-05
6.507100239289579591e+00 2.244275254635087757e-05 4.818997100086534757e-05 -2.574721845517680911e-05
6.508211597369152557e+00 2.685349988929626626e-05 5.710929736776540607e-05 -3.025579747902289608e-05
6.509322955448725523e+00 2.545694312635715748e-05 5.538168382652488252e-05 -2.992474069972393398e-05
6.510434313528299377e+00 1.848720580081755077e-05 4.330259111619966239e-05 -2.481538531719403029e-05
6.511545671607872343e+00 7.094601697378794328e-06 2.286920669608734358e-05 -1.577460499705557462e-05
6.512657029687445309e+00 -6.844419865439498735e-06 -2.549739341930687408e-06 -4.294680523770104050e-06
6.513768387767019163e+00 -2.103651681029539838e-05 -2.876931091271104496e-05 7.732794102493058611e-06
6.514879745846592130e+00 -3.314891383804450392e-05 -5.147731027551304128e-05 1.832839643642813696e-05
6.515991103926165096e+00 -4.119294581055726878e-05 -6.694341312029304658e-05 2.575046730936845010e-05
6.517102462005738062e+00 -4.385061908692734767e-05 -7.263188082224421999e-05 2.878126173338048724e-05
6.518213820085311916e+00 -4.069056217070573037e-05 -6.761721355584039694e-05 2.692665138288646495e-05
6.519325178164884882e+00 -3.223798035925824756e-05 -5.273461407550011221e-05 2.049663371594175748e-05
6.520436536244457848e+00 -1.988727183745023566e-05 -3.044080740807753038e-05 1.055353557163647010e-05
6.521547894324031702e+00 -5.671842018054084125e-06 -4.408405941737272155e-06 -1.263436076310523598e-06
6.522659252403604668e+00 8.070882966643372694e-06 2.107920270162698742e-05 -1.300831973523558331e-05
6.523770610483177634e+00 1.908405548808943340e-05 4.183274676391708982e-05 -2.274869127491725186e-05
6.524881968562751489e+00 2.556233082718071040e-05 5.444573769891884914e-05 -2.888340687254027216e-05
6.525993326642324455e+00 2.644815002123728290e-05 5.685370929979819635e-05 -3.040555927795660627e-05
6.527104684721897421e+00 2.160474912232140422e-05 4.867221672487354565e-05 -2.706746760252200061e-05
6.528216042801471275e+00 1.183758675253805161e-05 3.125826170396420883e-05 -1.942067495290349111e-05
6.529327400881044241e+00 -1.239167075200130197e-06 7.485337817518533665e-06 -8.724504892668356881e-06
6.530438758960617207e+00 -1.546895913661066463e-05 -1.873061400285442463e-05 3.261654865626198441e-06
6.531550117040190173e+00 -2.850806461655820342e-05 -4.307613729024207389e-05 1.456807267240472874e-05
6.532661475119764027e+00 -3.821118095309822618e-05 -6.154986214757483809e-05 2.333868119478539269e-05
6.533772833199336993e+00 -4.298397331653274964e-05 -7.112004391235469264e-05 2.813607059415227166e-05
6.534884191278909960e+00 -4.204464157335279992e-05 -7.022198570493486114e-05 2.817734413051173684e-05
6.535995549358483814e+00 -3.555160138078196363e-05 -5.901373428332176707e-05 2.346213290130684873e-05
6.537106907438056780e+00 -2.457643141704412768e-05 -3.934826740716133170e-05 1.477183599023906835e-05
6.538218265517629746e+00 -1.092670063681210058e-05 -1.446704516232591442e-05 3.540344525564554506e-06
6.539329623597203600e+00 3.152029660190725641e-06 1.153439165564899491e-05 -8.382361996246050564e-06
6.540440981676776566e+00 1.534590455379660802e-05 3.438067599991455336e-05 -1.903477144786936553e-05
6.541552339756349532e+00 2.365331057444062125e-05 5.031971612953680534e-05 -2.666640555583962152e-05
6.542663697835923386e+00 2.671366900246582464e-05 5.673901771301908051e-05 -3.002534871163989750e-05
6.543775055915496353e+00 2.403048204045049596e-05 5.259398830272554899e-05 -2.856350626243041920e-05
6.544886413995069319e+00 1.605207237355670696e-05 3.857800822764257537e-05 -2.252593585611397699e-05
6.545997772074642285e+00 4.096891451945989387e-06 1.700657916481199475e-05 -1.290968771295772886e-05
6.547109130154216139e+00 -9.864156446220614938e-06 -8.565095083964881922e-06 -1.299061361954541652e-06
6.548220488233789105e+00 -2.353243421039132033e-05 -3.392794062492040380e-05 1.039550641541596085e-05
6.549331846313362071e+00 -3.465983233179271636e-05 -5.491172239239366926e-05 2.025189006044396042e-05
6.550443204392935925e+00 -4.141832277108469657e-05 -6.807063028603076854e-05 2.665230751157376954e-05
6.551554562472508891e+00 -4.270005439390789706e-05 -7.124902997294839391e-05 2.854897557690288384e-05
6.552665920552081857e+00 -3.829872499093531918e-05 -6.393449189926771192e-05 2.563576690812509329e-05
6.553777278631655712e+00 -2.894253660974503706e-05 -4.734028406396147137e-05 1.839774745300256156e-05
6.554888636711228678e+00 -1.617347286381751528e-05 -2.420405178685854780e-05 8.030578924102249605e-06
6.555999994790801644e+00 -2.092911283101041992e-06 1.663911093929739543e-06 -3.756822377668726093e-06
6.557111352870375498e+00 1.098446315911838674e-05 2.600826556426426295e-05 -1.502380240631833244e-05
6.558222710949948464e+00 2.091144530709987317e-05 4.482873287438228667e-05 -2.391728756647489972e-05
6.559334069029521430e+00 2.606115440473943500e-05 5.503751862523923897e-05 -2.897636422211042695e-05
6.560445427109094396e+00 2.559395410494996401e-05 5.496601312379441155e-05 -2.937205901817302824e-05
6.561556785188668250e+00 1.959465558054943046e-05 4.463762164811486098e-05 -2.504296606929202248e-05
6.562668143268241217e+00 9.057582958939616735e-06 2.576211567921699377e-05 -1.670453272113758304e-05
6.563779501347814183e+00 -4.277880763969583305e-06 1.452730436893572702e-06 -5.730611200463952767e-06
6.564890859427388037e+00 -1.821407009070050848e-05 -2.428718368839045960e-05 6.073113595178288374e-06
6.566002217506961003e+00 -3.045685729062596117e-05 -4.722331160439061093e-05 1.676645431543952527e-05
6.567113575586533969e+00 -3.899294756206338197e-05 -6.358679634706470435e-05 2.459384878454509010e-05
6.568224933666107823e+00 -4.242060292396600610e-05 -7.069339637989519726e-05 2.827279345549854606e-05
6.569336291745680789e+00 -4.017946855006809814e-05 -6.738366044108882319e-05 2.720419189109401711e-05
6.570447649825253755e+00 -3.264182262192188988e-05 -5.421194030939390646e-05 2.157011768821664663e-05
6.571559007904827610e+00 -2.105039368041714681e-05 -3.335343028169901469e-05 1.230303660022238552e-05
6.572670365984400576e+00 -7.313132221342926592e-06 -8.244818134355100941e-06 9.316859129347623142e-07
6.573781724063973542e+00 6.311172294166077223e-06 1.698209128368505932e-05 -1.067091898996740812e-05
6.574893082143546508e+00 1.758462507498587124e-05 3.818043961159004081e-05 -2.059581453759014302e-05
6.576004440223120362e+00 2.465813406981161521e-05 5.187013435699056995e-05 -2.721200028800549627e-05
6.577115798302693328e+00 2.637500957364762423e-05 5.580932258842193809e-05 -2.943431301525542857e-05
6.578227156382266294e+00 2.246040907674651515e-05 4.936167800966722620e-05 -2.690126893302381868e-05
6.579338514461840148e+00 1.356560147190667351e-05 3.359932899625519415e-05 -2.003372752326204164e-05
6.580449872541413114e+00 1.159926980942669467e-06 1.112478544420614571e-05 -9.964858464472578503e-06
6.581561230620986080e+00 -1.271162491207162779e-05 -1.435856271553639929e-05 1.646937800056473555e-06
6.582672588700559935e+00 -2.576522221566217991e-05 -3.865649406325968179e-05 1.289127184691055139e-05
6.583783946780132901e+00 -3.585391023674467173e-05 -5.777406095381146245e-05 2.192015071498815831e-05
6.584895304859705867e+00 -4.132043474882945641e-05 -6.857220597030096176e-05 2.725177122292303522e-05
6.586006662939279721e+00 -4.126918780536243531e-05 -6.928296794128825653e-05 2.801378013461176819e-05
6.587118021018852687e+00 -3.571265390716910765e-05 -5.979872018368331821e-05 2.408606627536625730e-05
6.588229379098425653e+00 -2.556841435693429920e-05 -4.168812469931143516e-05 1.611971034176607961e-05
6.589340737177998619e+00 -1.250736096193236224e-05 -1.793646724781126911e-05 5.429106287005609766e-06
6.590452095257572473e+00 1.321768924602683554e-06 7.546644527182694989e-06 -6.224875604879604243e-06
6.591563453337145440e+00 1.364611888209684570e-05 3.057103488469936625e-05 -1.692491600421277761e-05
6.592674811416718406e+00 2.244246650027028386e-05 4.735516513192030048e-05 -2.491269863156219625e-05
6.593786169496292260e+00 2.626953758871870088e-05 5.514742763973576236e-05 -2.887789005186539547e-05
6.594897527575865226e+00 2.450429651518833303e-05 5.267745329439940932e-05 -2.817315677938709651e-05
6.596008885655438192e+00 1.744347140872478871e-05 4.036341045441076830e-05 -2.291993904773880798e-05
6.597120243735012046e+00 6.253769597250845302e-06 2.024146928489810315e-05 -1.398769968857555175e-05
6.598231601814585012e+00 -7.220866552079280992e-06 -4.370677758002566859e-06 -2.850188796094197535e-06
6.599342959894157978e+00 -2.076312252498931782e-05 -2.942063890432403128e-05 8.657516377565946039e-06
6.600454317973730944e+00 -3.214721659795761674e-05 -5.078836221490603403e-05 1.864114561787519331e-05
6.601565676053304799e+00 -3.950479213802237863e-05 -6.496359564752297172e-05 2.545880350896152777e-05
6.602677034132877765e+00 -4.163164350863514038e-05 -6.962237279311070393e-05 2.799072928422532969e-05
6.603788392212450731e+00 -3.818491620494017524e-05 -6.400784930843655268e-05 2.582293310150057808e-05
6.604899750292024585e+00 -2.973848201190919249e-05 -4.905308088432470265e-05 1.931459886947732227e-05
6.606011108371597551e+00 -1.768754274272289762e-05 -2.722582850322747411e-05 9.538285760049645262e-06
6.607122466451170517e+00 -4.018311723416991346e-06 -2.121198470307790462e-06 -1.897113253073422212e-06
6.608233824530744371e+00 9.019211919116020340e-06 2.213064099900775850e-05 -1.311142908080637111e-05
6.609345182610317337e+00 1.928147214938264083e-05 4.154409335857642445e-05 -2.226262121025651859e-05
6.610456540689890303e+00 2.508367200682902541e-05 5.293328337373671023e-05 -2.784961136900331209e-05
6.611567898769464158e+00 2.547627319312385568e-05 5.443503263591136475e-05 -2.895875944273107634e-05
6.612679256849037124e+00 2.040030365911354136e-05 4.581381455211999860e-05 -2.541351089463406154e-05
6.613790614928610090e+00 1.069607162121756321e-05 2.849877745329061282e-05 -1.780270583086416419e-05
6.614901973008183056e+00 -2.035985603908007507e-06 5.347029537251281328e-06 -7.383015141279852117e-06
6.616013331087756910e+00 -1.569927891940849779e-05 -1.982760954017098037e-05 4.128330621121570343e-06
6.617124689167329876e+00 -2.804633267561047055e-05 -4.288266360761346790e-05 1.483633092926907315e-05
6.618236047246902842e+00 -3.704848377147386407e-05 -6.002843682188438446e-05 2.297995304950846418e-05
6.619347405326476697e+00 -4.122920537733519575e-05 -6.845073911320841836e-05 2.722153373412115190e-05
6.620458763406049663e+00 -3.990628982433264485e-05 -6.677257318718314572e-05 2.686628336446466106e-05
6.621570121485622629e+00 -3.330317327040685504e-05 -5.527904575002625526e-05 2.197587248146080918e-05
6.622681479565196483e+00 -2.251123851262698192e-05 -3.586876829889725643e-05 1.335752978349298223e-05
6.623792837644769449e+00 -9.309455428068835053e-06 -1.174002399241015626e-05 2.430568563157155595e-06
6.624904195724342415e+00 4.128834758553457523e-06 1.313642610393465221e-05 -9.007591345661569368e-06
6.626015553803916269e+00 1.559366062994424745e-05 3.467099521739774176e-05 -1.907733458776650348e-05
6.627126911883489235e+00 2.320180187936893290e-05 4.932778212321650355e-05 -2.612598024715720620e-05
6.628238269963062201e+00 2.570606007813074426e-05 5.470535007613176477e-05 -2.899928999984871785e-05
6.629349628042635167e+00 2.269962979653723529e-05 4.993038076732858772e-05 -2.723075097122812328e-05
6.630460986122209022e+00 1.468208244120882723e-05 3.579967546803218895e-05 -2.111759302626749126e-05
6.631572344201781988e+00 2.976262693334986997e-06 1.464741726122514853e-05 -1.167115456627079717e-05
6.632683702281354954e+00 -1.049007762116095296e-05 -1.004019594810778848e-05 -4.498816729388895735e-07
6.633795060360928808e+00 -2.350186144942523897e-05 -3.419932570825762186e-05 1.069746425741576433e-05
6.634906418440501774e+00 -3.392116325826640549e-05 -5.385724378808263990e-05 1.993608052877106351e-05
6.636017776520074740e+00 -4.003860597498638818e-05 -6.578540881151898750e-05 2.574680283746327847e-05
6.637129134599648594e+00 -4.085391953480722177e-05 -6.802951125070219596e-05 2.717559171589107106e-05
6.638240492679221560e+00 -3.623960975482516667e-05 -6.022946583450917296e-05 2.398985608043340684e-05
6.639351850758794527e+00 -2.696095680855244495e-05 -4.367696061107449734e-05 1.671600380221630738e-05
6.640463208838368381e+00 -1.454920991493134294e-05 -2.110137097298230013e-05 6.552161057885724782e-06
6.641574566917941347e+00 -1.048986301843387106e-06 3.780480251914727918e-06 -4.829466555874043984e-06
6.642685924997514313e+00 1.131845819330552436e-05 2.687644629047192257e-05 -1.555798809774015801e-05
6.643797283077087279e+00 2.052063189970628008e-05 4.439225356557660769e-05 -2.387162166819019500e-05
6.644908641156661133e+00 2.504777565414230758e-05 5.345502750476918263e-05 -2.840725184931943564e-05
6.646019999236234099e+00 2.416052051103755038e-05 5.258468163344136477e-05 -2.842416112304300578e-05
6.647131357315807065e+00 1.801060858240685278e-05 4.193582402094056354e-05 -2.392521543832651972e-05
6.648242715395380920e+00 7.614966922959206380e-06 2.327064777808132354e-05 -1.565568085594936341e-05
6.649354073474953886e+00 -5.312445820241339101e-06 -3.324603475795238905e-07 -4.979985471445123532e-06
6.650465431554526852e+00 -1.864321832611200852e-05 -2.498641010338469026e-05 6.343191775807490926e-06
6.651576789634100706e+00 -3.018490620164664823e-05 -4.663533436659143827e-05 1.645042816357479218e-05
6.652688147713673672e+00 -3.804160358301077183e-05 -6.172160318220452913e-05 2.367999959721443781e-05
6.653799505793246638e+00 -4.092536947756944890e-05 -6.777023026697994584e-05 2.684486078942524209e-05
6.654910863872820492e+00 -3.836735650251379623e-05 -6.379467386346138885e-05 2.542731736207256080e-05
6.656022221952393458e+00 -3.079403423043034285e-05 -5.045749715905378796e-05 1.966346292974017335e-05
6.657133580031966424e+00 -1.945611746632762429e-05 -2.995972688677427109e-05 1.050360942033714239e-05
6.658244938111539390e+00 -6.222042187310891301e-06 -5.677382900929651977e-06 -5.446592889549184413e-07
6.659356296191113245e+00 6.729911283941559380e-06 1.839480128865492170e-05 -1.166489000436967023e-05
6.660467654270686211e+00 1.727011771585074129e-05 3.830080600198933552e-05 -2.103068828607039791e-05
6.661579012350259177e+00 2.366773152792702177e-05 5.077370796638261755e-05 -2.710597644054704887e-05
6.662690370429833031e+00 2.487487611887848797e-05 5.377209165579986553e-05 -2.889721553868775973e-05
6.663801728509405997e+00 2.069823986585394258e-05 4.681441381891061904e-05 -2.611617395218443580e-05
6.664913086588978963e+00 1.182998365293914250e-05 3.105655696985631237e-05 -1.922657331742284176e-05
6.666024444668552817e+00 -2.669758986015811908e-07 9.100085295409357511e-06 -9.367061193416362230e-06
6.667135802748125784e+00 -1.360029268903913471e-05 -1.543699180760844600e-05 1.836699119270573249e-06
6.668247160827698750e+00 -2.597631749041073509e-05 -3.851613284976043022e-05 1.253981535657825754e-05
6.669358518907272604e+00 -3.536098155999594858e-05 -5.634270123259978863e-05 2.098171967242429617e-05
6.670469876986845570e+00 -4.021406945660475213e-05 -6.598961527830553980e-05 2.577554582074061823e-05
6.671581235066418536e+00 -3.974194747790628368e-05 -6.587771426306253397e-05 2.613576678369344472e-05
6.672692593145991502e+00 -3.402728051244124224e-05 -5.603401000788856001e-05 2.200672949458732860e-05
6.673803951225565356e+00 -2.401453699101257361e-05 -3.808559059720589141e-05 1.407105360525483240e-05
6.674915309305138322e+00 -1.135381725741665959e-05 -1.499045431161511940e-05 3.636637051446754698e-06
6.676026667384711288e+00 1.871171099969339696e-06 9.450202786091994878e-06 -7.579031686750841920e-06
6.677138025464285143e+00 1.348614430988787777e-05 3.121783124347991475e-05 -1.773168693346453481e-05
6.678249383543858109e+00 2.158380685348304691e-05 4.673746495907149870e-05 -2.515365810639271296e-05
6.679360741623431075e+00 2.483714480115958097e-05 5.346504435199884346e-05 -2.862789955260952070e-05
6.680472099703004929e+00 2.271698570002799247e-05 5.030463836880154360e-05 -2.758765267268218128e-05
6.681583457782577895e+00 1.557815438224378381e-05 3.778714066109264622e-05 -2.220898627972023569e-05
6.682694815862150861e+00 4.600199004039812883e-06 1.798130670069720410e-05 -1.338110769904393704e-05
6.683806173941723827e+00 -8.407415922205303122e-06 -5.847967557736418603e-06 -2.559448363765020468e-06
6.684917532021297681e+00 -2.130347658873491673e-05 -2.977768005405639906e-05 8.474203465129578547e-06
6.686028890100870647e+00 -3.196741639355585307e-05 -4.987240725426011351e-05 1.790499086014914892e-05
6.687140248180443614e+00 -3.864794483209380016e-05 -6.283136687041963181e-05 2.418342203943128418e-05
6.688251606260017468e+00 -4.025059325232695912e-05 -6.653046970873845861e-05 2.627987645613351006e-05
6.689362964339590434e+00 -3.651696528996764210e-05 -6.037034652504880139e-05 2.385338123381611219e-05
6.690474322419163400e+00 -2.806633306797401070e-05 -4.537332587109792897e-05 1.730699280299988554e-05
6.691585680498737254e+00 -1.629288651814513392e-05 -2.401367764120858339e-05 7.720791121733567089e-06
6.692697038578310220e+00 -3.135680189072630880e-06 1.906955367308137139e-07 -3.326375725561884350e-06
6.693808396657883186e+00 9.240762973750354242e-06 2.325774063012585671e-05 -1.401697765489188022e-05
6.694919754737457041e+00 1.880258304332613033e-05 4.139645871720481346e-05 -2.259387567374131472e-05
6.696031112817030007e+00 2.398085698998002216e-05 5.163002757875285835e-05 -2.764917059031583206e-05
6.697142470896602973e+00 2.392907646274001002e-05 5.228442240126629764e-05 -2.835534593982773002e-05
6.698253828976175939e+00 1.866157586133507414e-05 4.326233402978047274e-05 -2.460075816953361232e-05
6.699365187055749793e+00 9.050275565916686762e-06 2.605756825469797422e-05 -1.700729269018175140e-05
6.700476545135322759e+00 -3.319578357991164602e-06 3.507820014342268727e-06 -6.827398373318322583e-06
6.701587903214895725e+00 -1.641080915716543881e-05 -2.067325881784445873e-05 4.262449659916392117e-06
6.702699261294469579e+00 -2.806974136578639298e-05 -4.250754068073261255e-05 1.443779931360701305e-05
6.703810619374042545e+00 -3.638043991024747167e-05 -5.840676717833864773e-05 2.202632726830367968e-05
6.704921977453615511e+00 -3.997949363812591805e-05 -6.576212881019734280e-05 2.578263517313524392e-05
6.706033335533189366e+00 -3.827962749979301610e-05 -6.337220886424264898e-05 2.509258136332119526e-05
6.707144693612762332e+00 -3.156547165693692272e-05 -5.163909428054780371e-05 2.007362262252320936e-05
6.708256051692335298e+00 -2.094587354484808012e-05 -3.250064581833758681e-05 1.155477227313323786e-05
6.709367409771909152e+00 -8.170741117642784865e-06 -9.110330528835745845e-06 9.395894100022901541e-07
6.710478767851482118e+00 4.657328452068853347e-06 1.468248587873375102e-05 -1.002515742892849497e-05
6.711590125931055084e+00 1.542911373248530716e-05 3.496613655871376285e-05 -1.953702282709137220e-05
6.712701484010628050e+00 2.237556914741934029e-05 4.840985119301973155e-05 -2.603428204933666036e-05
6.713812842090201904e+00 2.435834097010250747e-05 5.281079339087852570e-05 -2.845245242312697512e-05
6.714924200169774871e+00 2.105629148040891099e-05 4.745509318342219958e-05 -2.639880170339660827e-05
6.716035558249347837e+00 1.301747212517135634e-05 3.323370514918093377e-05 -2.021623302457151942e-05
6.717146916328921691e+00 1.568138670019229505e-06 1.249429162897578924e-05 -1.092615295931196120e-05
6.718258274408494657e+00 -1.140608463253475063e-05 -1.134624753705614289e-05 -5.983709667947006983e-08
6.719369632488067623e+00 -2.377078057822553520e-05 -3.436464972251390693e-05 1.059386914606711382e-05
6.720480990567641477e+00 -3.349389766874348237e-05 -5.277684542677289758e-05 1.928294775562508848e-05
6.721592348647214443e+00 -3.897971525860686667e-05 -6.355997145345536337e-05 2.458025619639760476e-05
6.722703706726787409e+00 -3.933072612328841408e-05 -6.494859737046516229e-05 2.561787124955288569e-05
6.723815064806361264e+00 -3.449445571163892860e-05 -5.672370568359300091e-05 2.222924997006756054e-05
6.724926422885934230e+00 -2.527119915012943432e-05 -4.024712302159050986e-05 1.497592387247285300e-05
6.726037780965507196e+00 -1.318154966664392830e-05 -1.823600057630336141e-05 5.054450906744447150e-06
6.727149139045080162e+00 -2.156446448509791169e-07 5.685313621066681589e-06 -5.900958267074070743e-06
6.728260497124654016e+00 1.149451995352437743e-05 2.758210412012827156e-05 -1.608758416669800288e-05
6.729371855204226982e+00 2.002575251694059186e-05 4.385654223795906401e-05 -2.383078971873460027e-05
6.730483213283799948e+00 2.397962707173734512e-05 5.183889083863044340e-05 -2.785926376738074531e-05
6.731594571363373802e+00 2.271183446151900116e-05 5.022551670971471625e-05 -2.751368224955923485e-05
6.732705929442946768e+00 1.643730580645004664e-05 3.929184757169284364e-05 -2.285454176673552655e-05
6.733817287522519734e+00 6.193955802939656724e-06 2.084548829799515862e-05 -1.465153249684107446e-05
6.734928645602093589e+00 -6.328843070320909481e-06 -2.072531121331475101e-06 -4.256311948699085038e-06
6.736040003681666555e+00 -1.906871106609198119e-05 -2.568900068618436283e-05 6.620289619076701049e-06
6.737151361761239521e+00 -2.992974286360628594e-05 -4.611965175976059234e-05 1.618990889583381623e-05
6.738262719840813375e+00 -3.712713848623471272e-05 -6.000790843375611305e-05 2.288076994927824154e-05
6.739374077920386341e+00 -3.948031649577635888e-05 -6.507623152124733523e-05 2.559591502597621457e-05
6.740485435999959307e+00 -3.660637041318212312e-05 -6.049949252069728584e-05 2.389312210850959295e-05
6.741596794079532273e+00 -2.898216666193066324e-05 -4.703916910087958814e-05 1.805700243846884018e-05
6.742708152159106127e+00 -1.786501289158031955e-05 -2.691654000499914268e-05 9.051527114118133530e-06
6.743819510238679094e+00 -5.085089891524504496e-06 -3.445992612908024832e-06 -1.639097279260712595e-06
6.744930868318252060e+00 7.256088264919868108e-06 1.951102392611699793e-05 -1.225493566169998279e-05
6.746042226397825914e+00 1.713150735376629472e-05 3.818143855153881272e-05 -2.104993119901869998e-05
6.747153584477398880e+00 2.292186942762984526e-05 4.950082490241564537e-05 -2.657895547425296896e-05
6.748264942556971846e+00 2.368141626553284555e-05 5.161652487207634560e-05 -2.793510860685091202e-05
6.749376300636545700e+00 1.929272421173980345e-05 4.419102879119410354e-05 -2.489830458061970900e-05
6.750487658716118666e+00 1.048513199114172248e-05 2.845592913011327219e-05 -1.797079713953837060e-05
6.751599016795691632e+00 -1.286083037428361123e-06 7.007832695973652271e-06 -8.293915731943544631e-06
6.752710374875265487e+00 -1.407977089323440498e-05 -1.661995598318741219e-05 2.540185090013939370e-06
6.753821732954838453e+00 -2.578861708429046329e-05 -3.853932781734074192e-05 1.275071073105317823e-05
6.754933091034411419e+00 -3.448584194250866458e-05 -5.514701162456347311e-05 2.066116968126377462e-05
6.756044449113984385e+00 -3.874185511968395237e-05 -6.371673805047502193e-05 2.497488293103219612e-05
6.757155807193558239e+00 -3.785882831709198870e-05 -6.284660997084908635e-05 2.498778165484563663e-05
6.758267165273131205e+00 -3.198470013284328631e-05 -5.268826913860935601e-05 2.070356900382925094e-05
6.759378523352704171e+00 -2.208799033233486281e-05 -3.492039921415817511e-05 1.283240887900373613e-05
6.760489881432278025e+00 -9.797707634873415242e-06 -1.247117900128645943e-05 2.673471365862486321e-06
6.761601239511850991e+00 2.865187480012099455e-06 1.096442782071464436e-05 -8.099240342342942794e-06
6.762712597591423958e+00 1.382049828915884928e-05 3.153297350665020676e-05 -1.771247521653368170e-05
6.763823955670997812e+00 2.127091181617745807e-05 4.585627499311263448e-05 -2.458536317808302125e-05
6.764935313750570778e+00 2.399725966651061835e-05 5.158638579074218376e-05 -2.758912612457295357e-05
6.766046671830143744e+00 2.155841479825647885e-05 4.779061888431079819e-05 -2.623220408943266620e-05
6.767158029909716710e+00 1.436305432723572820e-05 3.510348964463698949e-05 -2.074043531855788818e-05
6.768269387989290564e+00 3.601614487554367916e-06 1.562082583402620711e-05 -1.201921134841277793e-05
6.769380746068863530e+00 -8.950230942187872851e-06 -7.446284243076486953e-06 -1.503946699441417040e-06
6.770492104148436496e+00 -2.122412788777439802e-05 -3.030056973888067134e-05 9.076441850088424329e-06
6.771603462228010351e+00 -3.119943266192276576e-05 -4.918350638855907564e-05 1.798407372418297720e-05
6.772714820307583317e+00 -3.723541937635703805e-05 -6.099325192892180586e-05 2.375783255042368536e-05
6.773826178387156283e+00 -3.834068835282351470e-05 -6.379399432748615595e-05 2.545330597427493055e-05
6.774937536466730137e+00 -3.433553970169905128e-05 -5.713307373883015627e-05 2.279753403548832186e-05
6.776048894546303103e+00 -2.588072107366674868e-05 -4.211393056265892026e-05 1.623320948786655289e-05
6.777160252625876069e+00 -1.436795544257612328e-05 -2.121312785378611301e-05 6.845172410785849842e-06
6.778271610705449923e+00 -1.690386450594336468e-06 2.128211251785274566e-06 -3.818597702265336125e-06
6.779382968785022889e+00 1.006919418225504792e-05 2.407115077461422295e-05 -1.400195659442089388e-05
6.780494326864595855e+00 1.898099401152449680e-05 4.101053352471482026e-05 -2.202953951547506270e-05
6.781605684944168821e+00 2.358536998630386770e-05 5.016750503534253515e-05 -2.658213504748711993e-05
6.782717043023742676e+00 2.313236251110916547e-05 5.004558926992753055e-05 -2.691322675893356156e-05
6.783828401103315642e+00 1.770430343950085347e-05 4.067546214928672091e-05 -2.297115870928062922e-05
6.784939759182888608e+00 8.201456612651333508e-06 2.360838958664424406e-05 -1.540693297666969729e-05
6.786051117262462462e+00 -3.806813343953246997e-06 1.659657795510111056e-06 -5.466471139586523420e-06
6.787162475342035428e+00 -1.634073912541071996e-05 -2.155557059023210584e-05 5.214831464171948774e-06
6.788273833421608394e+00 -2.733607172623452736e-05 -4.221745440738475935e-05 1.488138268130440554e-05
6.789385191501182248e+00 -3.498357021693111399e-05 -5.692973458608450305e-05 2.194616436741779822e-05
6.790496549580755214e+00 -3.802622842886136181e-05 -6.327772740657901934e-05 2.525149897678567734e-05
6.791607907660328181e+00 -3.596541084815519165e-05 -6.022437509101141728e-05 2.425896424272568769e-05
6.792719265739902035e+00 -2.914209649736154706e-05 -4.827939788960063788e-05 1.913730139266409808e-05
6.793830623819475001e+00 -1.867999677083141685e-05 -2.941396028487142100e-05 1.073396351422453536e-05
6.794941981899047967e+00 -6.300036687455472934e-06 -6.735134158063465354e-06 4.350974676034513600e-07
6.796053339978620933e+00 5.963170340543208492e-06 1.602607896677597440e-05 -1.006290862737724973e-05
6.797164698058194787e+00 1.609614054403859552e-05 3.512880273422972106e-05 -1.903266219230683766e-05
6.798276056137767753e+00 2.243753187256976550e-05 4.743735693840233757e-05 -2.499982506517747002e-05
6.799387414217340719e+00 2.395093079867176723e-05 5.093621513631714200e-05 -2.698528433678519588e-05
6.800498772296914574e+00 2.039462245212583444e-05 4.506027926999859809e-05 -2.466565681964023003e-05
6.801610130376487540e+00 1.236053593065737990e-05 3.078635386392220008e-05 -1.842581793476253706e-05
6.802721488456060506e+00 1.176092293635059086e-06 1.047101476647077645e-05 -9.294922474122665340e-06
6.803832846535634360e+00 -1.131476839529889367e-05 -1.253821656235559398e-05 1.223448167717196278e-06
6.804944204615207326e+00 -2.305525823561357240e-05 -3.445424080319135773e-05 1.139898256806784471e-05
6.806055562694780292e+00 -3.211409810843128890e-05 -5.167347361125038813e-05 1.955937550260507772e-05
6.807166920774354146e+00 -3.700289490974912471e-05 -6.136814643010416598e-05 2.436525151944127568e-05
6.808278278853927112e+00 -3.692037986873690850e-05 -6.195046065025563986e-05 2.503008078293686781e-05
6.809389636933500078e+00 -3.188342767411738582e-05 -5.333240962226721421e-05 2.144898194679240727e-05
6.810500995013073045e+00 -2.272342880418540267e-05 -3.693874971736656188e-05 1.421532091009161669e-05
6.811612353092646899e+00 -1.094875011665324450e-05 -1.547123585972712267e-05 4.522485743732205729e-06
6.812723711172219865e+00 1.503967580244579966e-06 7.536869603890893748e-06 -6.032902023217837084e-06
6.813835069251792831e+00 1.258867022445992433e-05 2.830255812125972645e-05 -1.571388789722307465e-05
6.814946427331366685e+00 2.048641341943980209e-05 4.341532028735673940e-05 -2.292890686956888194e-05
6.816057785410939651e+00 2.390419890662635188e-05 5.039752599174827040e-05 -2.649332708684880864e-05
6.817169143490512617e+00 2.228702932867681480e-05 4.811086451222436593e-05 -2.582383518361909493e-05
6.818280501570086471e+00 1.590840404538398055e-05 3.694217081496578223e-05 -2.103376677087536329e-05
6.819391859649659438e+00 5.824499984842784056e-06 1.873830404001269878e-05 -1.291380405696394406e-05
6.820503217729232404e+00 -6.300290654535911639e-06 -3.498966454705976920e-06 -2.801324198686751948e-06
6.821614575808806258e+00 -1.846765022830553632e-05 -2.610766191613999448e-05 7.640011686882311817e-06
6.822725933888379224e+00 -2.867425470808818849e-05 -4.536835852480582132e-05 1.669410381657234974e-05
6.823837291967952190e+00 -3.524118404524137840e-05 -5.811579844789555027e-05 2.287461440223003198e-05
6.824948650047525156e+00 -3.708966379543585101e-05 -6.225878219404037267e-05 2.516911839846964691e-05
6.826060008127099010e+00 -3.391785268814714871e-05 -5.712294948036385211e-05 2.320509679276617707e-05
6.827171366206671976e+00 -2.624970973806248220e-05 -4.356026613388467444e-05 1.731055639433878683e-05
6.828282724286244942e+00 -1.534803339612363787e-05 -2.380744388677264595e-05 8.459410492151712285e-06
6.829394082365818797e+00 -3.006107274049945113e-06 -1.116819838470339832e-06 -1.889287437160588889e-06
6.830505440445391763e+00 8.747668595150952936e-06 2.077938944374966776e-05 -1.203172084685900402e-05
6.831616798524964729e+00 1.798350984465462050e-05 3.828320844525548092e-05 -2.029969860160049482e-05
6.832728156604538583e+00 2.318743335186291871e-05 4.852234685356242652e-05 -2.533491350048989055e-05
6.833839514684111549e+00 2.350976260480597225e-05 4.982174658792421027e-05 -2.631198398204880810e-05
6.834950872763684515e+00 1.890416241652676833e-05 4.197781646132010998e-05 -2.307365404219353325e-05
6.836062230843258369e+00 1.013445442620778542e-05 2.629046175611771119e-05 -1.615600733077761277e-05
6.837173588922831335e+00 -1.351775243146717542e-06 5.347879037574665428e-06 -6.699654282173346520e-06
6.838284947002404301e+00 -1.366186092102966015e-05 -1.740025587639070295e-05 3.738394955688905535e-06
6.839396305081977268e+00 -2.476967797431341503e-05 -3.821082230855837869e-05 1.344114433389585056e-05
6.840507663161551122e+00 -3.284889068990359470e-05 -5.366297786128793046e-05 2.081408717081534646e-05
6.841619021241124088e+00 -3.657301398658080460e-05 -6.122028666055712165e-05 2.464727267486232706e-05
6.842730379320697054e+00 -3.533298771655514481e-05 -5.964688153016917821e-05 2.431389381203803712e-05
6.843841737400270908e+00 -2.933657393939647501e-05 -4.920937822348349366e-05 1.987280428351911356e-05
6.844953095479843874e+00 -1.957335440312592961e-05 -3.163155521910491347e-05 1.205820081614551731e-05
6.846064453559416840e+00 -7.651219504699584978e-06 -9.809493271774501200e-06 2.158273765763898955e-06
6.847175811638990695e+00 4.468637429372616585e-06 1.266575332823250549e-05 -8.197115900558833712e-06
6.848287169718563661e+00 1.479454491747761707e-05 3.209928164412604971e-05 -1.730473672715464664e-05
6.849398527798136627e+00 2.163186101816560276e-05 4.529995865054008228e-05 -2.366809763205491093e-05
6.850509885877709593e+00 2.386130858029911097e-05 5.010461054051921700e-05 -2.624330196130666634e-05
6.851621243957283447e+00 2.112242554723183039e-05 4.573268111673607986e-05 -2.461025557185878422e-05
6.852732602036856413e+00 1.387206094873374984e-05 3.291321019538895505e-05 -1.904114924740070262e-05
6.853843960116429379e+00 3.308426378771526025e-06 1.376348058130518956e-05 -1.045505420395201682e-05
6.854955318196003233e+00 -8.826675959864443977e-06 -8.560472378218476897e-06 -2.662035832835460414e-07
6.856066676275576199e+00 -2.053480593421043096e-05 -3.038379937005293574e-05 9.848993435387356707e-06
6.857178034355149165e+00 -2.988974884496732945e-05 -4.811756987561140869e-05 1.822782103229206654e-05
6.858289392434723020e+00 -3.535417343715745869e-05 -5.884878526148280831e-05 2.349461182362018452e-05
6.859400750514295986e+00 -3.603203149884874612e-05 -6.081867742019700374e-05 2.478664592119560195e-05
6.860512108593868952e+00 -3.181526117471090639e-05 -5.371075983343336774e-05 2.189549865827663741e-05
6.861623466673442806e+00 -2.340077867602581227e-05 -3.870145660432762480e-05 1.530067792691967160e-05
6.862734824753015772e+00 -1.217509288122041282e-05 -1.826521662797765677e-05 6.090123747412535746e-06
6.863846182832588738e+00 1.435279147333871907e-08 4.233602571482482368e-06 -4.219249781621569120e-06
6.864957540912161704e+00 1.116340267930181034e-05 2.509477198831076145e-05 -1.393136931017403476e-05
6.866068898991735558e+00 1.944087829292663128e-05 4.089091078379085767e-05 -2.145003249145777287e-05
6.867180257071308525e+00 2.348950139544787061e-05 4.903075036187206671e-05 -2.554124896888881804e-05
6.868291615150881491e+00 2.264859974065156802e-05 4.818437508391038102e-05 -2.553577534184353615e-05
6.869402973230455345e+00 1.706205514531407633e-05 3.850065666652271318e-05 -2.143860152159049286e-05
6.870514331310028311e+00 7.653857645418919720e-06 2.158133472828296928e-05 -1.392747708506172737e-05
6.871625689389601277e+00 -4.024583780657103177e-06 2.162429337967085308e-07 -4.240826714953628909e-06
6.872737047469175131e+00 -1.605014206631149784e-05 -2.207655221383606967e-05 6.026410147840074658e-06
6.873848405548748097e+00 -2.644454011014674491e-05 -4.162989947716078110e-05 1.518535936303349633e-05
6.874959763628321063e+00 -3.349967530791829462e-05 -5.523065816751167312e-05 2.173098285713440797e-05
6.876071121707894918e+00 -3.605820083172174909e-05 -6.064755588011845611e-05 2.458935504915608222e-05
6.877182479787467884e+00 -3.370327546487221146e-05 -5.699709335933115378e-05 2.329381789403220035e-05
6.878293837867040850e+00 -2.682637094549977091e-05 -4.488749095138758194e-05 1.806112000680374502e-05
6.879405195946613816e+00 -1.656210960876642116e-05 -2.631722698085304374e-05 9.755117370127686094e-06
6.880516554026187670e+00 -4.600975937772656607e-06 -4.345088451875814967e-06 -2.558874864864307819e-07
6.881627912105760636e+00 7.089182770569565917e-06 1.741379229430435951e-05 -1.032460952601161816e-05
6.882739270185333602e+00 1.658698590590299872e-05 3.538288374036260842e-05 -1.879589783590604381e-05
6.883850628264907456e+00 2.233339082429429152e-05 4.661227515221017317e-05 -2.427888432936990519e-05
6.884961986344480422e+00 2.338767704449071401e-05 4.926309331039743279e-05 -2.587541626764896391e-05
6.886073344424053388e+00 1.958151481148626138e-05 4.290877134936125874e-05 -2.332725653870977882e-05
6.887184702503627243e+00 1.154588494311462217e-05 2.860381102775047535e-05 -1.705792608828516927e-05
6.888296060583200209e+00 6.065495501480101109e-07 8.708959777396513974e-06 -8.102410228813441279e-06
6.889407418662773175e+00 -1.143461034835762877e-05 -1.349821599877813402e-05 2.063605650275872685e-06
6.890518776742347029e+00 -2.259632587892600186e-05 -3.436312348075766521e-05 1.176679760156321489e-05
6.891630134821919995e+00 -3.104387500480398562e-05 -5.045540301150050477e-05 1.941152800693786255e-05
6.892741492901492961e+00 -3.539060197126466314e-05 -5.913273529550410607e-05 2.374213332373377103e-05
6.893852850981065927e+00 -3.492547001079189181e-05 -5.897453087878781058e-05 2.404906086911828486e-05
6.894964209060639782e+00 -2.972930716399480033e-05 -5.001432306593438237e-05 2.028501590243571295e-05
6.896075567140212748e+00 -2.066073923148378788e-05 -3.373284450267077794e-05 1.307210526991240199e-05
6.897186925219785714e+00 -9.214254808145297057e-06 -1.281316469305560785e-05 3.598909885218874727e-06
6.898298283299359568e+00 2.726138621441352716e-06 9.301626836330859072e-06 -6.575488217442151950e-06
6.899409641378932534e+00 1.319705884320889963e-05 2.897527035592567524e-05 -1.577821151290998043e-05
6.900520999458505500e+00 2.047863859454940837e-05 4.297639888043629317e-05 -2.249776028776699979e-05
6.901632357538079354e+00 2.337705848489307929e-05 4.900944889687494426e-05 -2.563239041037128265e-05
6.902743715617652320e+00 2.142031015336161998e-05 4.609119228581298050e-05 -2.467088213407191751e-05
6.903855073697225286e+00 1.493508837147462624e-05 3.471112962578752105e-05 -1.977604125676514328e-05
6.904966431776799141e+00 4.992286673917347567e-06 1.674958147580667134e-05 -1.175729480285578159e-05
6.906077789856372107e+00 -6.769811456980388137e-06 -4.832819602196194303e-06 -1.936991853143795947e-06
6.907189147935945073e+00 -1.841545462816967030e-05 -2.648296154743540534e-05 8.067506918985143521e-06
6.908300506015518039e+00 -2.802998663074601424e-05 -4.464002916944060512e-05 1.661004253821667456e-05
6.909411864095091893e+00 -3.403462464045834204e-05 -5.632098125272610306e-05 2.228635661114582861e-05
6.910523222174664859e+00 -3.544570124567030661e-05 -5.961046410163720055e-05 2.416476285576306393e-05
6.911634580254237825e+00 -3.203580019122548306e-05 -5.397470103624991966e-05 2.193890084504980693e-05
6.912745938333811679e+00 -2.437039093336522758e-05 -4.034792127066699763e-05 1.597753033603997556e-05
6.913857296413384645e+00 -1.371405973588243031e-05 -2.097733334152250204e-05 7.263273607711331556e-06
6.914968654492957612e+00 -1.821886465701565844e-06 9.476295564718982545e-07 -2.769516023485348727e-06
6.916080012572531466e+00 9.349619446606498296e-06 2.182062830390595065e-05 -1.247100885885571615e-05
6.917191370652104432e+00 1.796441422412893476e-05 3.821177516367176702e-05 -2.024736094001706229e-05
6.918302728731677398e+00 2.260868835435401059e-05 4.743140609176125198e-05 -2.482271773740046513e-05
6.919414086811251252e+00 2.252291057814139776e-05 4.797160018779372988e-05 -2.544868960741491831e-05
6.920525444890824218e+00 1.772606324136041713e-05 3.975296996485896961e-05 -2.202690672376326044e-05
6.921636802970397184e+00 9.011748314118094363e-06 2.413633302204409165e-05 -1.512458471041814440e-05
6.922748161049970150e+00 -2.183069168749289871e-06 3.697573683038128667e-06 -5.880642853099953687e-06
6.923859519129544005e+00 -1.401497327983098826e-05 -1.819706022306499457e-05 4.182086943244414656e-06
6.924970877209116971e+00 -2.453760724738284285e-05 -3.794520303907096548e-05 1.340759579162719047e-05
6.926082235288689937e+00 -3.202181058516856416e-05 -5.230090299802696296e-05 2.027909241212265921e-05
6.927193593368263791e+00 -3.523973032830852309e-05 -5.890798201654834365e-05 2.366825168784603833e-05
6.928304951447836757e+00 -3.366622615501085533e-05 -5.668658288618400043e-05 2.302035673178463512e-05
6.929416309527409723e+00 -2.756453422336465134e-05 -4.600948944683252301e-05 1.844495522346613695e-05
6.930527667606983577e+00 -1.794221860000957958e-05 -2.863943258298506586e-05 1.069721398187610528e-05
6.931639025686556543e+00 -6.384779019433500097e-06 -7.437919654192104435e-06 1.053140635643530151e-06
6.932750383766129509e+00 5.205606319163159218e-06 1.410631725808769721e-05 -8.900710940801942472e-06
6.933861741845702475e+00 1.492315366932294579e-05 3.245154805219451974e-05 -1.752839438289141485e-05
6.934973099925276330e+00 2.117183530632069880e-05 4.458543221416602208e-05 -2.341359691045066110e-05
6.936084458004849296e+00 2.292750576935874592e-05 4.851980323749809500e-05 -2.559229746675013373e-05
6.937195816084422262e+00 1.990574263367283873e-05 4.361658006865002518e-05 -2.371083743282228042e-05
6.938307174163996116e+00 1.260789686626331320e-05 3.069138216165584465e-05 -1.808348529592444104e-05
6.939418532243569082e+00 2.237899908154056955e-06 1.187802509863833400e-05 -9.640125191701185564e-06
6.940529890323142048e+00 -9.496368414920429435e-06 -9.723594032341222049e-06 2.272256178995762932e-07
6.941641248402715902e+00 -2.066437863028260796e-05 -3.055811722207533651e-05 9.893738589674197503e-06
6.942752606482288869e+00 -2.943058610995223298e-05 -4.719974494301910212e-05 1.776915883388132181e-05
6.943863964561861835e+00 -3.435613801969824438e-05 -5.691539066140886838e-05 2.255925264076259762e-05
6.944975322641435689e+00 -3.463506268202914615e-05 -5.811339914503586140e-05 2.347833646332330229e-05
6.946086680721008655e+00 -3.022616901858076605e-05 -5.060415768219899552e-05 2.037798866074509371e-05
6.947198038800581621e+00 -2.185907135628063422e-05 -3.562993152190748261e-05 1.377086016334330178e-05
6.948309396880154587e+00 -1.091347049307503717e-05 -1.565923822157604464e-05 4.745767728097684268e-06
6.949420754959728441e+00 8.083360557959665821e-07 6.020203484922732190e-06 -5.211867429226945889e-06
6.950532113039301407e+00 1.137820733982590309e-05 2.584283063942344194e-05 -1.446462329977946798e-05
6.951643471118874373e+00 1.905931479347149028e-05 4.055175849210419271e-05 -2.149244369915946206e-05
6.952754829198448228e+00 2.259153425239406152e-05 4.773398959223194241e-05 -2.514245533896881154e-05
6.953866187278021194e+00 2.139817931721325981e-05 4.621635780649869640e-05 -2.481817848874660166e-05
6.954977545357594160e+00 1.568016172308491461e-05 3.625724006532746874e-05 -2.057707834387866941e-05
6.956088903437168014e+00 6.382204699835729994e-06 1.950270802702049402e-05 -1.312050332947275588e-05
6.957200261516740980e+00 -4.963210400016609264e-06 -1.285444368810152727e-06 -3.677766030419108920e-06
6.958311619596313946e+00 -1.648838777454711413e-05 -2.268486193649377897e-05 6.196474162701920071e-06
6.959422977675887800e+00 -2.629783372820083953e-05 -4.117596482486763493e-05 1.487813109559560365e-05
6.960534335755460766e+00 -3.277994785087952334e-05 -5.372073401566090922e-05 2.094078616475146190e-05
6.961645693835033732e+00 -3.487173445365860172e-05 -5.826176452262011446e-05 2.339003006952356314e-05
6.962757051914606699e+00 -3.223305721106097671e-05 -5.405960986151758796e-05 2.182655264963760493e-05
6.963868409994180553e+00 -2.530187200214381246e-05 -4.181310433240201241e-05 1.651123233204973562e-05
6.964979768073753519e+00 -1.522147253868975925e-05 -2.354308775819741184e-05 8.321615220043898989e-06
6.966091126153326485e+00 -3.651834248240715813e-06 -2.258875820188282341e-06 -1.392958427249690184e-06
6.967202484232900339e+00 7.503812347855499942e-06 1.853747692111100409e-05 -1.103366457443077930e-05
6.968313842312473305e+00 1.641214015421130733e-05 3.542745753419432667e-05 -1.901531738248590005e-05
6.969425200392046271e+00 2.161108750776556718e-05 4.563808893395956100e-05 -2.402700142595552354e-05
6.970536558471620125e+00 2.224988578836915041e-05 4.749724815025790654e-05 -2.524736236206166605e-05
6.971647916551193092e+00 1.822834709519580848e-05 4.070754760858506620e-05 -2.247920051309684839e-05
6.972759274630766058e+00 1.021260686154246665e-05 2.639391887309478976e-05 -1.618131201112319589e-05
6.973870632710339912e+00 -4.751454465426116491e-07 6.917293139653123840e-06 -7.392438584848939551e-06
6.974981990789912878e+00 -1.207469637644949939e-05 -1.451476573928380670e-05 2.440069360227451606e-06
6.976093348869485844e+00 -2.267764521310692769e-05 -3.437626017021569100e-05 1.169861495672669047e-05
6.977204706949058810e+00 -3.054132292702477908e-05 -4.940281143622771154e-05 1.886148850780908215e-05
6.978316065028632664e+00 -3.437515610152028223e-05 -5.712814388305828550e-05 2.275298778370532342e-05
6.979427423108205630e+00 -3.355241737711123218e-05 -5.628883144616434603e-05 2.273641406820613511e-05
6.980538781187778596e+00 -2.821262049926666696e-05 -4.703088579744840042e-05 1.881826529808480579e-05
6.981650139267352451e+00 -1.923782936012969139e-05 -3.088440526586048659e-05 1.164657590434626903e-05
6.982761497346925417e+00 -8.106898825924841942e-06 -1.051067398368096470e-05 2.403775155868526775e-06
6.983872855426498383e+00 3.348267321130532145e-06 1.073648880291037944e-05 -7.388221483167842912e-06
6.984984213506072237e+00 1.324427028916923092e-05 2.936282948854144689e-05 -1.611855920012963961e-05
6.986095571585645203e+00 1.995594408081053815e-05 4.230832688484169324e-05 -2.235238280412542647e-05
6.987206929665218169e+00 2.238332287501039789e-05 4.744991434612406880e-05 -2.506659147141535016e-05
6.988318287744792023e+00 2.013199452062389497e-05 4.394966887396299388e-05 -2.381767435455690190e-05
6.989429645824364989e+00 1.357727007115540341e-05 3.239136410872916517e-05 -1.881409403691066372e-05
6.990541003903937955e+00 3.801731148050198003e-06 1.468313601377634059e-05 -1.088140486646058114e-05
6.991652361983510922e+00 -7.583453721801908590e-06 -6.257512205514945136e-06 -1.325941516191987343e-06
6.992763720063084776e+00 -1.870395117352244632e-05 -2.698436752867619179e-05 8.280416356058837440e-06
6.993875078142657742e+00 -2.773069877565507643e-05 -4.408963871588896660e-05 1.635893993916161422e-05
6.994986436222230708e+00 -3.318059872932117155e-05 -5.476423208033900231e-05 2.158363335424289854e-05
6.996097794301804562e+00 -3.416003593919875875e-05 -5.725905495423261327e-05 2.309901901335420851e-05
6.997209152381377528e+00 -3.051123734208174496e-05 -5.117159582940494084e-05 2.066035848791321870e-05
6.998320510460950494e+00 -2.283750002891188347e-05 -3.751082344190508761e-05 1.467332341248102703e-05
6.999431868540524349e+00 -1.240325926578399532e-05 -1.852994811162283345e-05 6.126688845521817417e-06
7.000543226620097315e+00 -9.255468256987985781e-07 2.645239883104170270e-06 -3.570786708910738544e-06
7.001654584699670281e+00 9.708764425811803288e-06 2.253114855765587371e-05 -1.282238412933078137e-05
7.002765942779243247e+00 1.775336763744947248e-05 3.785950465004192002e-05 -2.010613701125118103e-05
7.003877300858817101e+00 2.188951528266524398e-05 4.611452652891507176e-05 -2.422501124505930603e-05
7.004988658938390067e+00 2.144243330702111199e-05 4.594586072258948287e-05 -2.450342741662580681e-05
7.006100017017963033e+00 1.649164042215670034e-05 3.738950391724634066e-05 -2.089786349592041024e-05
7.007211375097536887e+00 7.857136760163092870e-06 2.186056836349327057e-05 -1.400343160272107292e-05
7.008322733177109853e+00 -3.036147398054363233e-06 1.919296503600283893e-06 -4.955443902328804037e-06
7.009434091256682819e+00 -1.439323761410950947e-05 -1.915098937127577422e-05 4.757751756913428803e-06
7.010545449336256674e+00 -2.434461711860094052e-05 -3.788442667067987157e-05 1.353980955151818169e-05
7.011656807415829640e+00 -3.125370043777697324e-05 -5.120265667856154640e-05 1.994895624021905331e-05
7.012768165495402606e+00 -3.398570815851993665e-05 -5.692061271139487594e-05 2.293490455186077658e-05
7.013879523574976460e+00 -3.209377197055732212e-05 -5.410495375926006878e-05 2.201118178646235130e-05
7.014990881654549426e+00 -2.589174818174583281e-05 -4.322634623544607119e-05 1.733459805119941764e-05
7.016102239734122392e+00 -1.640187604702732747e-05 -2.608074976154228786e-05 9.678873712809076685e-06
7.017213597813695358e+00 -5.186008935292515942e-06 -5.492869695093455934e-06 3.068607612292679337e-07
7.018324955893269212e+00 5.911721018302725644e-06 1.514926125382488886e-05 -9.237540236381068179e-06
7.019436313972842179e+00 1.506840625644636968e-05 3.245188673795971687e-05 -1.738348048200351499e-05
7.020547672052415145e+00 2.078208679233807879e-05 4.357354660323173659e-05 -2.279145980968574816e-05
7.021659030131988999e+00 2.211841226287141783e-05 4.669175913127112678e-05 -2.457334686965513375e-05
7.022770388211561965e+00 1.886373829927917405e-05 4.130172334732180872e-05 -2.243798505023874039e-05
7.023881746291134931e+00 1.155957028782820736e-05 2.829808142778568979e-05 -1.673851114134851381e-05
7.024993104370708785e+00 1.412805576490828649e-06 9.826504679754689831e-06 -8.413699106585422957e-06
7.026104462450281751e+00 -9.903349763974202136e-06 -1.107027871442324563e-05 1.166928950051791813e-06
7.027215820529854717e+00 -2.052495037851900100e-05 -3.095361885062548890e-05 1.042866846921253546e-05
7.028327178609428572e+00 -2.870398441888856803e-05 -4.655470739957021098e-05 1.785072297824674172e-05
7.029438536689001538e+00 -3.309569398213989613e-05 -5.531188292176927868e-05 2.221618894117437064e-05
7.030549894768574504e+00 -3.297931832712923395e-05 -5.579116037002576634e-05 2.281184204190448740e-05
7.031661252848147470e+00 -2.837602712801043717e-05 -4.792095103979716886e-05 1.954492391010903725e-05
7.032772610927721324e+00 -2.004474881557149341e-05 -3.300255321176705225e-05 1.295780439357894533e-05
7.033883969007294290e+00 -9.356695773885198922e-06 -1.349490110303525059e-05 4.138205327256384153e-06
7.034995327086867256e+00 1.930668489772248766e-06 7.390825325963735343e-06 -5.460156837952014064e-06
7.036106685166441110e+00 1.196295945791949096e-05 2.621989450373525717e-05 -1.425693504808543503e-05
7.037218043246014076e+00 1.909386683642206109e-05 3.989897791728796300e-05 -2.080511108082773800e-05
7.038329401325587042e+00 2.215565020792040359e-05 4.618443806046008872e-05 -2.402878785230351880e-05
7.039440759405160897e+00 2.065069396352714644e-05 4.405043300243307626e-05 -2.339973904068345218e-05
7.040552117484733863e+00 1.483269694939467684e-05 3.385644047341129434e-05 -1.902374352527309940e-05
7.041663475564306829e+00 5.664253550623915556e-06 1.728684862589138435e-05 -1.162259507644458709e-05
7.042774833643880683e+00 -5.342083557799762183e-06 -2.927241084295113122e-06 -2.414842471877261601e-06
7.043886191723453649e+00 -1.637301581460621699e-05 -2.345805246898756066e-05 7.085036654995652619e-06
7.044997549803026615e+00 -2.561292536035122275e-05 -4.092885689734124949e-05 1.531593153514905145e-05
7.046108907882599581e+00 -3.154240087597593237e-05 -5.246922963782294641e-05 2.092682876080509576e-05
7.047220265962173436e+00 -3.318777871539994873e-05 -5.618653728139012121e-05 2.299875856484460447e-05
7.048331624041746402e+00 -3.028071544093537820e-05 -5.147621128908513866e-05 2.119549584746194260e-05
7.049442982121319368e+00 -2.330163976880638560e-05 -3.911994387425848582e-05 1.581830410487443730e-05
7.050554340200893222e+00 -1.340004878746430331e-05 -2.115585869533502181e-05 7.755809908405880693e-06
7.051665698280466188e+00 -2.204871040533545878e-06 -5.422183060690456691e-07 -1.662652735237319518e-06
7.052777056360039154e+00 8.443820628398039652e-06 1.932984572025316442e-05 -1.088602509435486129e-05
7.053888414439613008e+00 1.679755781235493621e-05 3.519431776279882337e-05 -1.839675995064359720e-05
7.054999772519185974e+00 2.148687756989368361e-05 4.444718991372881636e-05 -2.296031234652444204e-05
7.056111130598758940e+00 2.174613406269644165e-05 4.557400031703767729e-05 -2.382786625558912523e-05
7.057222488678332795e+00 1.753881669914005882e-05 3.839782575835223172e-05 -2.085900906083804247e-05
7.058333846757905761e+00 9.562863501997405022e-06 2.410712005348819229e-05 -1.454425655181865000e-05
7.059445204837478727e+00 -8.647900621764313678e-07 5.059027363810836286e-06 -5.923817425730962261e-06
7.060556562917051693e+00 -1.202532974435522803e-05 -1.560927913526978170e-05 3.583949389891717338e-06
7.061667920996625547e+00 -2.208105359325545150e-05 -3.449714925027411866e-05 1.241609565628813173e-05
7.062779279076198513e+00 -2.937764313850612860e-05 -4.849984627222983513e-05 1.912220313261218246e-05
7.063890637155771479e+00 -3.271599631727043975e-05 -5.531875875537054649e-05 2.260276243734658623e-05
7.065001995235345333e+00 -3.154895553030912306e-05 -5.383858957617830565e-05 2.228963404280089045e-05
7.066113353314918299e+00 -2.607065608208405938e-05 -4.430962903060296776e-05 1.823897294690669975e-05
7.067224711394491266e+00 -1.718390488614045253e-05 -2.830532290729699182e-05 1.112141802086879204e-05
7.068336069474065120e+00 -6.351069600053511205e-06 -8.462324341124149996e-06 2.111254738916762755e-06
7.069447427553638086e+00 4.646895406785252897e-06 1.195402751084624973e-05 -7.307132104820372037e-06
7.070558785633211052e+00 1.400357718744731344e-05 2.958719252808676183e-05 -1.558361534149098077e-05
7.071670143712784906e+00 2.018414058581568908e-05 4.154140783502885143e-05 -2.135726725135695531e-05
7.072781501792357872e+00 2.217742986593284910e-05 4.585738787810466721e-05 -2.367995801345169167e-05
7.073892859871930838e+00 1.966172648952763460e-05 4.183360115151031622e-05 -2.217187466344310194e-05
7.075004217951503804e+00 1.305699125631293138e-05 3.014044335058075480e-05 -1.708345209576922659e-05
7.076115576031077659e+00 3.455107521456229555e-06 1.270872656131171244e-05 -9.253619040766754809e-06
7.077226934110650625e+00 -7.560288637888535473e-06 -7.588968856383354611e-06 2.868021811317997272e-08
7.078338292190223591e+00 -1.817466372224353990e-05 -2.741149452996707869e-05 9.236830805119068330e-06
7.079449650269797445e+00 -2.664116001767401556e-05 -4.349893620337295930e-05 1.685777618527935749e-05
7.080561008349370411e+00 -3.156775920025662110e-05 -5.320854722071916010e-05 2.164078801870136098e-05
7.081672366428943377e+00 -3.214583016249855651e-05 -5.494870489655082763e-05 2.280287473229065942e-05
7.082783724508517231e+00 -2.828253894851529004e-05 -4.843963443437130506e-05 2.015709548542016574e-05
7.083895082588090197e+00 -2.061543860933448546e-05 -3.475819028310239353e-05 1.414275167302436222e-05
7.085006440667663163e+00 -1.040695275937890060e-05 -1.615953503698820334e-05 5.752582276471974662e-06
7.086117798747236129e+00 6.637860124115470273e-07 4.294758420964658180e-06 -3.630972411370952599e-06
7.087229156826809984e+00 1.077741842044868843e-05 2.324085070241834090e-05 -1.246343228471138292e-05
7.088340514906382950e+00 1.827363795289490330e-05 3.756601160626472230e-05 -1.929237365306049612e-05
7.089451872985955916e+00 2.192403679818097318e-05 4.492019282145357081e-05 -2.299615602513677484e-05
7.090563231065529770e+00 2.113368178555759171e-05 4.410172290253042918e-05 -2.296804111908795328e-05
7.091674589145102736e+00 1.603834303967556149e-05 3.525382436209232445e-05 -1.921548132367497958e-05
7.092785947224675702e+00 7.481486599167797708e-06 1.983981555023217602e-05 -1.235832894999958336e-05
7.093897305304249556e+00 -3.125071890220862403e-06 4.012821979409303408e-07 -3.526354089154054572e-06
7.095008663383822523e+00 -1.403383271160853554e-05 -1.986081938064711630e-05 5.826986670560150086e-06
7.096120021463395489e+00 -2.344925275326280312e-05 -3.761308544307766927e-05 1.416383268883084426e-05
7.097231379542969343e+00 -2.982301592566617005e-05 -4.993787712306331505e-05 2.011486119625482960e-05
7.098342737622542309e+00 -3.210837624161673107e-05 -5.481266171308580432e-05 2.270428546982303751e-05
7.099454095702115275e+00 -2.993179338566485936e-05 -5.144173368619095466e-05 2.150994030129327675e-05
7.100565453781688241e+00 -2.365371722292362866e-05 -4.038590876959775519e-05 1.673219154583235196e-05
7.101676811861262095e+00 -1.430863207103698874e-05 -2.346905486486777770e-05 9.160422793829487917e-06
7.102788169940835061e+00 -3.434331299676136873e-06 -3.477033980515010364e-06 4.270268075755832837e-08
7.103899528020408027e+00 7.181401357339058100e-06 1.630125040219315355e-05 -9.119849043802202501e-06
7.105010886099981882e+00 1.579497536234066284e-05 3.261509193005097257e-05 -1.682011656706412523e-05
7.106122244179554848e+00 2.099363332899874908e-05 4.278643850351188278e-05 -2.179280517480288674e-05
7.107233602259127814e+00 2.192742383766047931e-05 4.514969562814544288e-05 -2.322227179117700304e-05
7.108344960338701668e+00 1.844841790501800145e-05 3.932465159305151975e-05 -2.087623368775542044e-05
7.109456318418274634e+00 1.113436558855388815e-05 2.627780225712282765e-05 -1.514343666855603749e-05
7.110567676497847600e+00 1.193012275488812557e-06 8.162189426320475699e-06 -6.969177150452192382e-06
7.111679034577421454e+00 -9.737079619665574975e-06 -1.203770742850109390e-05 2.300627807594324281e-06
7.112790392656994420e+00 -1.985635841732615384e-05 -3.099746011330992146e-05 1.114110169487723088e-05
7.113901750736567386e+00 -2.750032608187348918e-05 -4.559962048374978372e-05 1.809929440090354835e-05
7.115013108816140353e+00 -3.141309573539930941e-05 -5.344611071419775455e-05 2.203301497724868656e-05
7.116124466895714207e+00 -3.095350616691460235e-05 -5.325185903661683318e-05 2.229835287158137003e-05
7.117235824975287173e+00 -2.619996677769714788e-05 -4.505506856479577632e-05 1.885510179032152782e-05
7.118347183054860139e+00 -1.793688775011416901e-05 -3.020971314633301083e-05 1.227282539470594611e-05
7.119458541134433993e+00 -7.525040143910094112e-06 -1.116169917860388577e-05 3.636659034754723824e-06
7.120569899214006959e+00 3.322730651989479200e-06 8.954305163205288770e-06 -5.631574510327414310e-06
7.121681257293579925e+00 1.282347075252606751e-05 2.683091586259153498e-05 -1.400744511170033593e-05
7.122792615373153780e+00 1.941734616279545706e-05 3.953200026558182766e-05 -2.011465410343212142e-05
7.123903973452726746e+00 2.202390981602425244e-05 4.497509877936532513e-05 -2.295118896277297785e-05
7.125015331532299712e+00 2.021930556160632213e-05 4.227303803767978353e-05 -2.205373247338323055e-05
7.126126689611873566e+00 1.430534582579426339e-05 3.187869520440223328e-05 -1.757334937661433893e-05
7.127238047691446532e+00 5.259206810205975871e-06 1.550929384829544469e-05 -1.025008703870789774e-05
7.128349405771019498e+00 -5.427875692871203528e-06 -4.137117384680512322e-06 -1.290758308007461039e-06
7.129460763850592464e+00 -1.599628364583110737e-05 -2.382619410728993234e-05 7.829910459972600628e-06
7.130572121930166318e+00 -2.470759263222639321e-05 -4.031959346855167742e-05 1.561200083385395378e-05
7.131683480009739284e+00 -3.013039232513999716e-05 -5.090743702574132556e-05 2.077704470142337050e-05
7.132794838089312250e+00 -3.137535805987877457e-05 -5.385338868740558588e-05 2.247803062781672696e-05
7.133906196168886105e+00 -2.824097055314968990e-05 -4.867924858352901812e-05 2.043827802907134672e-05
7.135017554248459071e+00 -2.124600649948188077e-05 -3.624241679299911728e-05 1.499641029414824217e-05
7.136128912328032037e+00 -1.154356354535050234e-05 -1.859368062681089617e-05 7.050117081265887958e-06
7.137240270407605891e+00 -7.308676052385221222e-07 1.361086905476809050e-06 -2.091954512455258819e-06
7.138351628487178857e+00 9.413769075212368234e-06 2.033951345302171393e-05 -1.092574437973662348e-05
7.139462986566751823e+00 1.722351988495102832e-05 3.522277762421275292e-05 -1.799925773841208956e-05
7.140574344646325677e+00 2.141701138120582115e-05 4.356826852659626340e-05 -2.215125714598163058e-05
7.141685702725898643e+00 2.130865804685706973e-05 4.401058816200795545e-05 -2.270193011635611874e-05
7.142797060805471610e+00 1.692083828119079428e-05 3.648506435643288949e-05 -1.956422607712589648e-05
7.143908418885044576e+00 8.979558361921040344e-06 2.223718679158354083e-05 -1.325762843029567456e-05
7.145019776964618430e+00 -1.205573944731801184e-06 3.616612215433419319e-06 -4.822186159234541358e-06
7.146131135044191396e+00 -1.195722255208585792e-05 -1.631019123501768753e-05 4.352968682746647874e-06
7.147242493123764362e+00 -2.150646102127683895e-05 -3.426480588158281604e-05 1.275834485989788339e-05
7.148353851203338216e+00 -2.828371320873733497e-05 -4.729611013226404231e-05 1.901239692379342108e-05
7.149465209282911182e+00 -3.117664600982674242e-05 -5.326521285425617896e-05 2.208856684600955279e-05
7.150576567362484148e+00 -2.971264153141944808e-05 -5.119639233281281926e-05 2.148375080210504148e-05
7.151687925442058003e+00 -2.413591472819531444e-05 -4.143645889967840362e-05 1.730054417116173165e-05
7.152799283521630969e+00 -1.536669485191401868e-05 -2.559651546086682411e-05 1.022982060722176824e-05
7.153910641601203935e+00 -4.849291854809763269e-06 -6.285891677212940287e-06 1.436599822079434249e-06
7.155021999680777789e+00 5.685868126190573787e-06 1.331780954921552712e-05 -7.631941424041718131e-06
7.156133357760350755e+00 1.450703041148547912e-05 2.999170781374277568e-05 -1.548467740138473065e-05
7.157244715839923721e+00 2.016585418546643950e-05 4.099760527219312514e-05 -2.083175108676929479e-05
7.158356073919496687e+00 2.173529054412168780e-05 4.453176618066396878e-05 -2.279647563547599525e-05
7.159467431999070541e+00 1.896152694685297041e-05 4.002063484164538471e-05 -2.105910789410234672e-05
7.160578790078643507e+00 1.230509465833672274e-05 2.821401130888561565e-05 -1.590891665106508156e-05
7.161690148158216473e+00 2.864482478718210698e-06 1.106054925657361937e-05 -8.196066780442206635e-06
7.162801506237790328e+00 -7.805073827233440648e-06 -8.613751613001634916e-06 8.086777855350908012e-07
7.163912864317363294e+00 -1.794773487329625813e-05 -2.757101542611925526e-05 9.623280550096228667e-06
7.165024222396936260e+00 -2.589594730120379704e-05 -4.269425467167634741e-05 1.679830737067659722e-05
7.166135580476510114e+00 -3.034454998995794739e-05 -5.149976968079998663e-05 2.115521969029321610e-05
