#    Energy_eV   Re_FT_dcf   Re_FT_dcf1   Re_FT_dcf2
2.625478968862521967e+00 -3.078281013727344681e-02 -4.099098115195293213e-03 -2.668371202207716827e-02
2.626590326942095377e+00 -3.074125161367729370e-02 -4.005959990377783164e-03 -2.673529162330251854e-02
2.627701685021668343e+00 -3.050373415810193195e-02 -3.669054353510420308e-03 -2.683467980459166430e-02
2.628813043101241753e+00 -3.016869222285158830e-02 -3.212031362755496389e-03 -2.695666086009492618e-02
2.629924401180814719e+00 -2.987017650755765391e-02 -2.802398158823871804e-03 -2.706777834873232494e-02
2.631035759260388129e+00 -2.972911145315819056e-02 -2.590606925051650369e-03 -2.713850452810535885e-02
2.632147117339961540e+00 -2.980927611744127112e-02 -2.655280748188335385e-03 -2.715399536925227134e-02
2.633258475419534506e+00 -3.009403243789351284e-02 -2.974518419371519496e-03 -2.711951401852166418e-02
2.634369833499107916e+00 -3.049229218541303285e-02 -3.433750935859636484e-03 -2.705854124955344581e-02
2.635481191578681326e+00 -3.087158298189239883e-02 -3.867331950273390252e-03 -2.700425103162060539e-02
2.636592549658254292e+00 -3.110620990989556786e-02 -4.118764287131947144e-03 -2.698744562276074108e-02
2.637703907737827702e+00 -3.112300283334525769e-02 -4.097665196344536451e-03 -2.702533763700045930e-02
2.638815265817400668e+00 -3.092799913103110726e-02 -3.812735013327935366e-03 -2.711526411770509917e-02
2.639926623896974078e+00 -3.060433122064182276e-02 -3.368703503128209903e-03 -2.723562771751096220e-02
2.641037981976547488e+00 -3.028205648779006692e-02 -2.928324244413737024e-03 -2.735373224337542611e-02
2.642149340056120455e+00 -3.009087841707608346e-02 -2.653208846853194122e-03 -2.743766957022484090e-02
2.643260698135693865e+00 -3.011294564744068647e-02 -2.645009407920392158e-03 -2.746793623951984328e-02
2.644372056215266831e+00 -3.035290598433340592e-02 -2.908355368689592366e-03 -2.744455061564199036e-02
2.645483414294840241e+00 -3.073613181992550930e-02 -3.349058132864788859e-03 -2.738707368705863357e-02
2.646594772374413651e+00 -3.113579340136457888e-02 -3.808277047447266271e-03 -2.732751635391536885e-02
2.647706130453986617e+00 -3.141895903037095206e-02 -4.120253541798119326e-03 -2.729870548857130791e-02
2.648817488533560027e+00 -3.149496637693176282e-02 -4.172628810436418770e-03 -2.732233756649683765e-02
2.649928846613132993e+00 -3.134846421687038920e-02 -3.947396242562198343e-03 -2.740106797431217378e-02
2.651040204692706403e+00 -3.104508318636074390e-02 -3.527562441792966505e-03 -2.751752074456620747e-02
2.652151562772279814e+00 -3.070764155017958325e-02 -3.067053490910222335e-03 -2.764058805926864620e-02
2.653262920851852780e+00 -3.047151237479932273e-02 -2.734776653462913515e-03 -2.773673572133676657e-02
2.654374278931426190e+00 -3.043537149835413846e-02 -2.653165923075369477e-03 -2.778220557527898496e-02
2.655485637010999600e+00 -3.062524470178475469e-02 -2.853570596739154336e-03 -2.777167410504442768e-02
2.656596995090572566e+00 -3.098495272014918644e-02 -3.264741845120890194e-03 -2.772021087502829842e-02
2.657708353170145976e+00 -3.139646093425373791e-02 -3.738645311503047824e-03 -2.765781562274937516e-02
2.658819711249718942e+00 -3.172276197941582832e-02 -4.104248336998553640e-03 -2.761851364241714804e-02
2.659931069329292352e+00 -3.185771144053294729e-02 -4.229738734936466099e-03 -2.762797270559793489e-02
2.661042427408865763e+00 -3.176468915821749339e-02 -4.070541107895222707e-03 -2.769414805032146057e-02
2.662153785488438729e+00 -3.149000479957522053e-02 -3.685639547741592636e-03 -2.780436525183662202e-02
2.663265143568012139e+00 -3.114614114983351584e-02 -3.216229954821242173e-03 -2.792991119501295888e-02
2.664376501647585105e+00 -3.087089902472475722e-02 -2.834427965253044635e-03 -2.803647105946881560e-02
2.665487859727158515e+00 -3.077728366151377681e-02 -2.680665184029529940e-03 -2.809661847748499280e-02
2.666599217806731925e+00 -3.091235796264967667e-02 -2.812544535548707966e-03 -2.809981342710003022e-02
2.667710575886304891e+00 -3.124004514360735618e-02 -3.183781295141437009e-03 -2.805626384846428636e-02
2.668821933965878301e+00 -3.165416493678333693e-02 -3.660928483425347421e-03 -2.799323645336255356e-02
2.669933292045451712e+00 -3.201699282302047922e-02 -4.071843043708967338e-03 -2.794514977931184668e-02
2.671044650125024678e+00 -3.220933916841026146e-02 -4.268290651450598432e-03 -2.794104851695700803e-02
2.672156008204598088e+00 -3.217393798131348154e-02 -4.179921207368458846e-03 -2.799401677394608434e-02
2.673267366284171054e+00 -3.193634976860893621e-02 -3.839961412746013825e-03 -2.809638835586198216e-02
2.674378724363744464e+00 -3.159574815259427738e-02 -3.373241415458725495e-03 -2.822250673713372696e-02
2.675490082443317874e+00 -3.128891052519543192e-02 -2.950869741840018295e-03 -2.833804078335323481e-02
2.676601440522890840e+00 -3.114048725625301328e-02 -2.728013619488248512e-03 -2.841247363676343424e-02
2.677712798602464250e+00 -3.121763106427861978e-02 -2.787409321552654536e-03 -2.843022174272538324e-02
2.678824156682037216e+00 -3.150550093220956527e-02 -3.109167852802859934e-03 -2.839633307940722662e-02
2.679935514761610627e+00 -3.191257661012116692e-02 -3.577895132440910876e-03 -2.833468147767921608e-02
2.681046872841184037e+00 -3.230388151460425461e-02 -4.024578379196525751e-03 -2.827930313540550841e-02
2.682158230920757003e+00 -3.255005415935563473e-02 -4.288034728141796453e-03 -2.826201943121395624e-02
2.683269589000330413e+00 -3.257442819098387010e-02 -4.273581127120108097e-03 -2.830084706386350180e-02
2.684380947079903379e+00 -3.238098670869532514e-02 -3.987570056458772730e-03 -2.839341665223566250e-02
2.685492305159476789e+00 -3.205299802942283838e-02 -3.535194306405524400e-03 -2.851780372301665478e-02
2.686603663239050199e+00 -3.172279814388205554e-02 -3.082317298241096098e-03 -2.864048084564128557e-02
2.687715021318623165e+00 -3.152368532546356156e-02 -2.795178803451890681e-03 -2.872850652200909655e-02
2.688826379398196575e+00 -3.154141350735203964e-02 -2.779893935873961955e-03 -2.876151957147259075e-02
2.689937737477769986e+00 -3.178293577934647451e-02 -3.043763885388687390e-03 -2.873917189395503585e-02
2.691049095557342952e+00 -3.217379087942565108e-02 -3.492504208931965486e-03 -2.868128667049324107e-02
2.692160453636916362e+00 -3.258511440600139752e-02 -3.964441025304295957e-03 -2.862067338069439540e-02
2.693271811716489328e+00 -3.288047684172072660e-02 -4.289272607592785336e-03 -2.859120423412985640e-02
2.694383169796062738e+00 -3.296552473124565730e-02 -4.350039172187956590e-03 -2.861548555905787938e-02
2.695494527875636148e+00 -3.282236285737152176e-02 -4.125751305646414846e-03 -2.869661155172636632e-02
2.696605885955209114e+00 -3.251614864488405754e-02 -3.699140387815231384e-03 -2.881700825706617203e-02
2.697717244034782524e+00 -3.217146879857640113e-02 -3.226669819242950973e-03 -2.894479897933258106e-02
2.698828602114355490e+00 -3.192706228080754993e-02 -2.881677326584591858e-03 -2.904538495422287828e-02
2.699939960193928901e+00 -3.188534325813313641e-02 -2.791309912983822722e-03 -2.909403334514883144e-02
2.701051318273502311e+00 -3.207508811678476401e-02 -2.990196142451958736e-03 -2.908489197433327886e-02
2.702162676353075277e+00 -3.244088024094399225e-02 -3.407735739405321103e-03 -2.903314450153697546e-02
2.703274034432648687e+00 -3.286318363636683837e-02 -3.893671441780726175e-03 -2.896951219458551718e-02
2.704385392512222097e+00 -3.320177436315422531e-02 -4.272681032609132804e-03 -2.892909333054700938e-02
2.705496750591795063e+00 -3.334675029562443604e-02 -4.408155089397795129e-03 -2.893859520622433026e-02
2.706608108671368473e+00 -3.325856418545143633e-02 -4.251959846223250794e-03 -2.900660433922848391e-02
2.707719466750941439e+00 -3.298249876766017052e-02 -3.862058117100350060e-03 -2.912044065055752542e-02
2.708830824830514850e+00 -3.263228712564610057e-02 -3.381537854796518722e-03 -2.925074927085200005e-02
2.709942182910088260e+00 -3.234880393039871876e-02 -2.986635720219257134e-03 -2.936216821017679016e-02
2.711053540989661226e+00 -3.224883174463609448e-02 -2.822635858379503315e-03 -2.942619588625869018e-02
2.712164899069234636e+00 -3.238253521537432650e-02 -2.950958806958666608e-03 -2.943157640841677358e-02
2.713276257148807602e+00 -3.271512814213296122e-02 -3.326710126606567761e-03 -2.938841801552533745e-02
2.714387615228381012e+00 -3.313943208207416335e-02 -3.814895299697926203e-03 -2.932453678237606845e-02
2.715498973307954422e+00 -3.351479142072402717e-02 -4.239444783916508294e-03 -2.927534663680694121e-02
2.716610331387527388e+00 -3.371821392503562137e-02 -4.447245295269336603e-03 -2.927096862976415192e-02
2.717721689467100799e+00 -3.368914142518499716e-02 -4.363891193062343840e-03 -2.932525023212430998e-02
2.718833047546674209e+00 -3.345155265548831192e-02 -4.020856003227336536e-03 -2.943069665226250020e-02
2.719944405626247175e+00 -3.310533084166584344e-02 -3.544161767693723361e-03 -2.956116907397523738e-02
2.721055763705820585e+00 -3.279000379811378152e-02 -3.108624843493900530e-03 -2.968137895462250042e-02
2.722167121785393551e+00 -3.263402074321706398e-02 -2.874289730640059229e-03 -2.975973101257821732e-02
2.723278479864966961e+00 -3.270800706445044226e-02 -2.928164499714881915e-03 -2.977984256473410057e-02
2.724389837944540371e+00 -3.299901042417804908e-02 -3.252469013606835296e-03 -2.974654141057097786e-02
2.725501196024113337e+00 -3.341513123528761647e-02 -3.730982890006228313e-03 -2.968414834527825785e-02
2.726612554103686747e+00 -3.381888399955785413e-02 -4.191227631716814769e-03 -2.962765636784057965e-02
2.727723912183259714e+00 -3.407717943031988994e-02 -4.467173115095764147e-03 -2.961000631522455601e-02
2.728835270262833124e+00 -3.410975643361026377e-02 -4.459670945127450908e-03 -2.965008548848167835e-02
2.729946628342406534e+00 -3.391843818253995058e-02 -4.172617685829362044e-03 -2.974582049671126854e-02
2.731057986421979500e+00 -3.358654635178676129e-02 -3.711658043956917591e-03 -2.987488830782937532e-02
2.732169344501552910e+00 -3.324865621630615498e-02 -3.245855887776576826e-03 -3.000280032853189921e-02
2.733280702581126320e+00 -3.304166896813538756e-02 -2.946239084945734277e-03 -3.009542988318855000e-02
2.734392060660699286e+00 -3.305498822391920305e-02 -2.923557130033442586e-03 -3.013143109388611782e-02
2.735503418740272696e+00 -3.329793248427408148e-02 -3.187903354392803042e-03 -3.011002912987978744e-02
2.736614776819845662e+00 -3.369626178697073676e-02 -3.644922737234768985e-03 -3.005133904973459474e-02
2.737726134899419073e+00 -3.411911364876177299e-02 -4.130028616611379141e-03 -2.998908503214975027e-02
2.738837492978992483e+00 -3.442657741014965717e-02 -4.468220191951175618e-03 -2.995835721819726030e-02
2.739948851058565449e+00 -3.452061403862888289e-02 -4.537760830254386132e-03 -2.998285320837359991e-02
2.741060209138138859e+00 -3.438079176121870695e-02 -4.314546409347383080e-03 -3.006624535187042702e-02
2.742171567217711825e+00 -3.407181363779380329e-02 -3.880993300900390658e-03 -3.019082033689266670e-02
2.743282925297285235e+00 -3.372006511863666345e-02 -3.396169337398488586e-03 -3.032389578123611054e-02
2.744394283376858645e+00 -3.346768198979783310e-02 -3.037992599005586228e-03 -3.042968939079106205e-02
2.745505641456431611e+00 -3.342083057040233507e-02 -2.938501392151862679e-03 -3.048232917825174915e-02
2.746616999536005022e+00 -3.361101787357703707e-02 -3.135745326770255498e-03 -3.047527254680810344e-02
2.747728357615577988e+00 -3.398352906648439975e-02 -3.559826116755735598e-03 -3.042370294972909436e-02
2.748839715695151398e+00 -3.441723303707260040e-02 -4.058208894157860382e-03 -3.035902414291456047e-02
2.749951073774724808e+00 -3.476858544595806677e-02 -4.451138626010289930e-03 -3.031744681994565441e-02
2.751062431854297774e+00 -3.492384355428684861e-02 -4.597028800783114696e-03 -3.032681475350029743e-02
2.752173789933871184e+00 -3.484049949941548513e-02 -4.444036351119798334e-03 -3.039646314829641538e-02
2.753285148013444150e+00 -3.456283987189919665e-02 -4.049036030718286203e-03 -3.051380384118122097e-02
2.754396506093017560e+00 -3.420593772986034453e-02 -3.557049975947048498e-03 -3.064888775391293868e-02
2.755507864172590970e+00 -3.391386469469453990e-02 -3.148572060977430226e-03 -3.076529263371885134e-02
2.756619222252163937e+00 -3.380729954469689769e-02 -2.973919998348296609e-03 -3.083337954634697217e-02
2.757730580331737347e+00 -3.393958653289375765e-02 -3.098492024734812722e-03 -3.084109450815925718e-02
2.758841938411310757e+00 -3.427724422260548104e-02 -3.478864691774174317e-03 -3.079837953083289573e-02
2.759953296490883723e+00 -3.471204669743716692e-02 -3.978467490533874225e-03 -3.073357920690184333e-02
2.761064654570457133e+00 -3.510031793846190434e-02 -4.417176618632880254e-03 -3.068314131982818882e-02
2.762176012650030099e+00 -3.531517203083643641e-02 -4.636818755926523650e-03 -3.067835327491214362e-02
2.763287370729603509e+00 -3.529270416398715138e-02 -4.558763920630697075e-03 -3.073394024335649594e-02
2.764398728809176919e+00 -3.505531658546928719e-02 -4.212637280648304922e-03 -3.084267930482036124e-02
2.765510086888749886e+00 -3.470366475396535755e-02 -3.725665975245307654e-03 -3.097799877871923110e-02
2.766621444968323296e+00 -3.438011818941133502e-02 -3.276491252779024574e-03 -3.110362693663138237e-02
2.767732803047896262e+00 -3.421699967185140578e-02 -3.030213514720957180e-03 -3.118678615713123270e-02
2.768844161127469672e+00 -3.428842092587093549e-02 -3.078288066167663567e-03 -3.121013285970285558e-02
2.769955519207043082e+00 -3.458324590520153036e-02 -3.405152147283551506e-03 -3.117809375791708720e-02
2.771066877286616048e+00 -3.500904472139942242e-02 -3.893761169390569203e-03 -3.111528355200682619e-02
2.772178235366189458e+00 -3.542563520107852582e-02 -4.368065732466330613e-03 -3.105756946861534459e-02
2.773289593445762868e+00 -3.569604057213726644e-02 -4.657014156626348295e-03 -3.103902641551490107e-02
2.774400951525335834e+00 -3.573634006810811475e-02 -4.656812677464063771e-03 -3.107952739064136563e-02
2.775512309604909245e+00 -3.554627074042705087e-02 -4.368781740657429885e-03 -3.117748899976950649e-02
2.776623667684482211e+00 -3.520942237452012735e-02 -3.899001446808039381e-03 -3.131042092771194746e-02
2.777735025764055621e+00 -3.486291938386119893e-02 -3.419829408143676072e-03 -3.144308997571592518e-02
2.778846383843629031e+00 -3.464758681753596359e-02 -3.107250823889714034e-03 -3.154033599364841622e-02
2.779957741923201997e+00 -3.465671182678011636e-02 -3.076833122117289543e-03 -3.157987870466078678e-02
2.781069100002775407e+00 -3.490204375124663499e-02 -3.341592692031936096e-03 -3.156045105921584382e-02
2.782180458082348373e+00 -3.530942439492514018e-02 -3.807134340205626469e-03 -3.150229005472099386e-02
2.783291816161921783e+00 -3.574567225475921289e-02 -4.305877218806783077e-03 -3.143979503595072111e-02
2.784403174241495194e+00 -3.606697360981733075e-02 -4.657957716051840981e-03 -3.140901589376519226e-02
2.785514532321068160e+00 -3.617119650993599889e-02 -4.736675868796802816e-03 -3.143452064113730349e-02
2.786625890400641570e+00 -3.603509653900774379e-02 -4.514671649854026109e-03 -3.152042488915579588e-02
2.787737248480214980e+00 -3.572285955203848007e-02 -4.074002173106227448e-03 -3.164885737892943890e-02
2.788848606559787946e+00 -3.536284138274027600e-02 -3.576408802887797583e-03 -3.178643257985129533e-02
2.789959964639361356e+00 -3.510093349980397681e-02 -3.204547494886559114e-03 -3.189638600491503245e-02
2.791071322718934322e+00 -3.504749821065461513e-02 -3.095536533888033903e-03 -3.195196167676594978e-02
2.792182680798507732e+00 -3.523717550948037014e-02 -3.290997616512593080e-03 -3.194617789296586019e-02
2.793294038878081142e+00 -3.561620095876880110e-02 -3.721792620548843022e-03 -3.189440833822003440e-02
2.794405396957654109e+00 -3.606187902915818089e-02 -4.233052901086180667e-03 -3.182882612807082928e-02
2.795516755037227519e+00 -3.642716029394833105e-02 -4.640440301150558500e-03 -3.178671999279534394e-02
2.796628113116800485e+00 -3.659412803339556763e-02 -4.797201405078293027e-03 -3.179692662831556937e-02
2.797739471196373895e+00 -3.651694003739538313e-02 -4.647623730316723795e-03 -3.186931630708295105e-02
2.798850829275947305e+00 -3.623858743291206302e-02 -4.247422118482051256e-03 -3.199116531442891542e-02
2.799962187355520271e+00 -3.587534339106732140e-02 -3.743595799586959746e-03 -3.213174759148235832e-02
2.801073545435093681e+00 -3.557452580511891171e-02 -3.321038206640239757e-03 -3.225348759847726510e-02
2.802184903514667091e+00 -3.546091561218995408e-02 -3.135290714804938109e-03 -3.232562489738215888e-02
2.803296261594240057e+00 -3.559131781205251976e-02 -3.255897823511282388e-03 -3.233541998854175953e-02
2.804407619673813468e+00 -3.593381064238875683e-02 -3.640992474310081675e-03 -3.229281816807471478e-02
2.805518977753386434e+00 -3.637926236472326796e-02 -4.152398948523155706e-03 -3.222686341620113748e-02
2.806630335832959844e+00 -3.678096077517778451e-02 -4.605805658485877946e-03 -3.217515511669227085e-02
2.807741693912533254e+00 -3.700796504944022652e-02 -4.837789865896445149e-03 -3.217017518354418903e-02
2.808853051992106220e+00 -3.699277937935787491e-02 -4.765321033700951198e-03 -3.222745834565854395e-02
2.809964410071679630e+00 -3.675599222435195490e-02 -4.416077390308258827e-03 -3.233991483404215911e-02
2.811075768151252596e+00 -3.639888788993776714e-02 -3.918506570709766323e-03 -3.248038131922784122e-02
2.812187126230826006e+00 -3.606668234081083363e-02 -3.455198945076461137e-03 -3.261148339573424065e-02
2.813298484310399417e+00 -3.589572854491306086e-02 -3.196498961823732513e-03 -3.269922958308930233e-02
2.814409842389972383e+00 -3.596388567079279036e-02 -3.238492779070569275e-03 -3.272539289172096688e-02
2.815521200469545793e+00 -3.626211708817406176e-02 -3.567947031930723822e-03 -3.269417005624265793e-02
2.816632558549119203e+00 -3.669767739523085992e-02 -4.066992121195029015e-03 -3.263068527403428093e-02
2.817743916628692169e+00 -3.712776497517528834e-02 -4.555893891008733036e-03 -3.257187108416404603e-02
2.818855274708265579e+00 -3.741142861910876083e-02 -4.858393214361544053e-03 -3.255303540474769469e-02
2.819966632787838545e+00 -3.746086002225967881e-02 -4.865860476884943490e-03 -3.259499954537345423e-02
2.821077990867411955e+00 -3.727340595966946446e-02 -4.576914326874480243e-03 -3.269649163279970960e-02
2.822189348946985366e+00 -3.693262897275183254e-02 -4.098055422841386658e-03 -3.283457354991072691e-02
2.823300707026558332e+00 -3.657799560721725074e-02 -3.605036951980437887e-03 -3.297295865523723613e-02
2.824412065106131742e+00 -3.635418741563468253e-02 -3.278983284518371608e-03 -3.307520413111474100e-02
2.825523423185704708e+00 -3.635845779304087283e-02 -3.240475700406144147e-03 -3.311798209263166343e-02
2.826634781265278118e+00 -3.660518965149843484e-02 -3.505592371457635567e-03 -3.309959728004161633e-02
2.827746139344851528e+00 -3.702057099404824220e-02 -3.979928795846875145e-03 -3.304064219820140869e-02
2.828857497424424494e+00 -3.746935976319817202e-02 -4.492821405387844962e-03 -3.297653835781128723e-02
2.829968855503997904e+00 -3.780403384883064544e-02 -4.859367755735685690e-03 -3.294466609309160132e-02
2.831080213583570870e+00 -3.791846487262064136e-02 -4.947704904706570761e-03 -3.297075996791305752e-02
2.832191571663144281e+00 -3.778658788130646873e-02 -4.727066274881560476e-03 -3.305952160642595949e-02
2.833302929742717691e+00 -3.747197721512909863e-02 -4.279103042601222276e-03 -3.319287417252778788e-02
2.834414287822290657e+00 -3.710481065062105205e-02 -3.768304609662761345e-03 -3.333650604095919623e-02
2.835525645901864067e+00 -3.683456802959486631e-02 -3.382233599779516098e-03 -3.345233442981469102e-02
2.836637003981437033e+00 -3.677565089651877589e-02 -3.263290032426167941e-03 -3.351236086409253856e-02
2.837748362061010443e+00 -3.696570556480545389e-02 -3.456828926535824090e-03 -3.350887663826691149e-02
2.838859720140583853e+00 -3.735183166643801095e-02 -3.894534153764903431e-03 -3.345729751267245006e-02
2.839971078220156819e+00 -3.780972751778902824e-02 -4.419142938382613836e-03 -3.339058457940645430e-02
2.841082436299730229e+00 -3.818884297278878071e-02 -4.841573188664863303e-03 -3.334726978412093368e-02
2.842193794379303640e+00 -3.836713770370240445e-02 -5.009701744032667159e-03 -3.335743595966728092e-02
2.843305152458876606e+00 -3.829552825845909669e-02 -4.863775744815061058e-03 -3.343175251364218642e-02
2.844416510538450016e+00 -3.801583668026355112e-02 -4.458273506253412899e-03 -3.355756317400972882e-02
2.845527868618022982e+00 -3.764567809173891000e-02 -3.942217294480271361e-03 -3.370346079725728555e-02
2.846639226697596392e+00 -3.733574863699561791e-02 -3.505052149184662708e-03 -3.383069648780773209e-02
2.847750584777169802e+00 -3.721502554911106098e-02 -3.307746027375000133e-03 -3.390727952173683973e-02
2.848861942856742768e+00 -3.734380803504562529e-02 -3.424169500399988283e-03 -3.391963853464505241e-02
2.849973300936316178e+00 -3.769169722058413052e-02 -3.814102810863270396e-03 -3.387759440972071268e-02
2.851084659015889144e+00 -3.814855724882192101e-02 -4.337733485736221944e-03 -3.381082376308668092e-02
2.852196017095462555e+00 -3.856450629760137944e-02 -4.806419182323716163e-03 -3.375808711527664152e-02
2.853307375175035965e+00 -3.880441702459601350e-02 -5.051285095010826440e-03 -3.375313192958654535e-02
2.854418733254608931e+00 -3.879710882706730035e-02 -4.984711530525570700e-03 -3.381239729654100801e-02
2.855530091334182341e+00 -3.856132320714138195e-02 -4.632324118531863308e-03 -3.392899908860930180e-02
2.856641449413755751e+00 -3.819900216742325855e-02 -4.123807186856861748e-03 -3.407519498056543056e-02
2.857752807493328717e+00 -3.785827812880925014e-02 -3.645832922786517230e-03 -3.421244520602289424e-02
2.858864165572902127e+00 -3.767960982886865706e-02 -3.374191177805479017e-03 -3.430541865106419980e-02
2.859975523652475093e+00 -3.774464833208818898e-02 -3.409795952962870261e-03 -3.433485237912514004e-02
2.861086881732048504e+00 -3.804644685411028709e-02 -3.741864206043934646e-03 -3.430458264806373475e-02
2.862198239811621914e+00 -3.849188230745276273e-02 -4.251701950354429792e-03 -3.424018035709898433e-02
2.863309597891194880e+00 -3.893544619002860946e-02 -4.755769999562298352e-03 -3.417967619046793221e-02
2.864420955970768290e+00 -3.923214466277236828e-02 -5.072404008104861375e-03 -3.415974065466982623e-02
2.865532314050341256e+00 -3.929027801175572626e-02 -5.087934952677120037e-03 -3.420234305907918215e-02
2.866643672129914666e+00 -3.910488997379183568e-02 -4.798144321327319634e-03 -3.430674565246464441e-02
2.867755030209488076e+00 -3.875968866969086574e-02 -4.309935486310003533e-03 -3.444975318338159426e-02
2.868866388289061042e+00 -3.839670003029480722e-02 -3.802563531155911045e-03 -3.459413649913724298e-02
2.869977746368634453e+00 -3.816465678371108727e-02 -3.462483942097487402e-03 -3.470217284161486448e-02
2.871089104448207863e+00 -3.816487845015594654e-02 -3.415499633929831164e-03 -3.474937881622326696e-02
2.872200462527780829e+00 -3.841433431388976971e-02 -3.680898514538000904e-03 -3.473343579935320169e-02
2.873311820607354239e+00 -3.883935291978976578e-02 -4.164300907485379497e-03 -3.467505201230713929e-02
2.874423178686927205e+00 -3.930230613903553522e-02 -4.691868248346234282e-03 -3.461043789068860704e-02
2.875534536766500615e+00 -3.965159955062425023e-02 -5.073474055308278483e-03 -3.457812549531635860e-02
2.876645894846074025e+00 -3.977680817672006597e-02 -5.171881713206916836e-03 -3.460492646351306933e-02
2.877757252925646991e+00 -3.964890214320015982e-02 -4.952758788184437669e-03 -3.469614335501553654e-02
2.878868611005220401e+00 -3.933090789035934010e-02 -4.497300896445878549e-03 -3.483360699391425952e-02
2.879979969084793368e+00 -3.895509045317595981e-02 -3.972823947310369364e-03 -3.498226650586410552e-02
2.881091327164366778e+00 -3.867491931930797100e-02 -3.571975510290006234e-03 -3.510294380901771844e-02
2.882202685243940188e+00 -3.860926517399289326e-02 -3.442650652826027835e-03 -3.516661452116496417e-02
2.883314043323513154e+00 -3.879912179351369117e-02 -3.634108346426700303e-03 -3.516501344708689719e-02
2.884425401403086564e+00 -3.919261314672628504e-02 -4.078920057854224651e-03 -3.511369308887403451e-02
2.885536759482659974e+00 -3.966377178355325051e-02 -4.617365260631131271e-03 -3.504640652292283914e-02
2.886648117562232940e+00 -4.005829273623143227e-02 -5.055447967066585904e-03 -3.500284476916629833e-02
2.887759475641806350e+00 -4.024964427359709745e-02 -5.235460691229816381e-03 -3.501418358236586120e-02
2.888870833721379316e+00 -4.018513011654289285e-02 -5.093429142449618086e-03 -3.509170097409528705e-02
2.889982191800952727e+00 -3.990513192071602072e-02 -4.682513693774897900e-03 -3.522261822694316286e-02
2.891093549880526137e+00 -3.952850189676999221e-02 -4.153807800757131422e-03 -3.537469409601440296e-02
2.892204907960099103e+00 -3.920938554052780939e-02 -3.701468589921767111e-03 -3.550791695060699638e-02
2.893316266039672513e+00 -3.908115684747805185e-02 -3.492105171253114676e-03 -3.558905167622375409e-02
2.894427624119245479e+00 -3.920785544747651397e-02 -3.604104767781028326e-03 -3.560375067969516472e-02
2.895538982198818889e+00 -3.956080743090081842e-02 -3.998992021536341979e-03 -3.556181540936490665e-02
2.896650340278392299e+00 -4.002896615225818439e-02 -4.535285782454004377e-03 -3.549368036980554003e-02
2.897761698357965265e+00 -4.045924685618822875e-02 -5.019863446223961703e-03 -3.543938340996346387e-02
2.898873056437538676e+00 -4.071220856611710431e-02 -5.278185379131905032e-03 -3.543402318698495729e-02
2.899984414517112086e+00 -4.071283409065489661e-02 -5.217844189753469142e-03 -3.549498990090112910e-02
2.901095772596685052e+00 -4.047791938722000715e-02 -4.862300970188370569e-03 -3.561561841703320824e-02
2.902207130676258462e+00 -4.011007486987226700e-02 -4.342492272389513602e-03 -3.576758259748220176e-02
2.903318488755831428e+00 -3.976048123901965159e-02 -3.849309477763353596e-03 -3.591117176125555727e-02
2.904429846835404838e+00 -3.957391723920364313e-02 -3.564196928688003613e-03 -3.600972031051661443e-02
2.905541204914977804e+00 -3.963604580190972781e-02 -3.593100863919758761e-03 -3.604294493798967242e-02
2.906652562994551214e+00 -3.994214806103332099e-02 -3.927813476061497999e-03 -3.601433458497274587e-02
2.907763921074124625e+00 -4.039871292379001999e-02 -4.448815996668191615e-03 -3.594989692712049351e-02
2.908875279153697591e+00 -4.085734669919722367e-02 -4.968638474070241444e-03 -3.588870822512791464e-02
2.909986637233271001e+00 -4.116870403353339869e-02 -5.300006143608402415e-03 -3.586869788992286950e-02
2.911097995312844411e+00 -4.123683917823923323e-02 -5.324001013244597340e-03 -3.591283816499257764e-02
2.912209353392417377e+00 -4.105419836269501299e-02 -5.033430407629779085e-03 -3.602076795506625739e-02
2.913320711471990787e+00 -4.070449346332968149e-02 -4.535586527557781619e-03 -3.616890693576975402e-02
2.914432069551564197e+00 -4.033236880382266160e-02 -4.013341180453745827e-03 -3.631902762336931823e-02
2.915543427631137163e+00 -4.009085527613111960e-02 -3.658682924480823398e-03 -3.643217235164929180e-02
2.916654785710710573e+00 -4.008570287417989597e-02 -3.602851681349661384e-03 -3.648285119283157379e-02
2.917766143790283540e+00 -4.033684291360804808e-02 -3.868494914395663453e-03 -3.646834799921280096e-02
2.918877501869856950e+00 -4.077102395731380807e-02 -4.361286718823980182e-03 -3.640973723848911492e-02
2.919988859949429916e+00 -4.124834039323570928e-02 -4.904110302334096713e-03 -3.634423009090099327e-02
2.921100218029003326e+00 -4.161304428720303400e-02 -5.301416795136846757e-03 -3.631162749206483936e-02
2.922211576108576736e+00 -4.175018412857435524e-02 -5.410374527284166762e-03 -3.633980960128849191e-02
2.923322934188149702e+00 -4.162747160983522321e-02 -5.192921698262116179e-03 -3.643454991157157180e-02
2.924434292267723112e+00 -4.130712717177359439e-02 -4.729752882673063374e-03 -3.657737428910366739e-02
2.925545650347296522e+00 -4.092335915253004358e-02 -4.191100341174832863e-03 -3.673225881135550042e-02
2.926657008426869488e+00 -4.063362916964190219e-02 -3.774889648813112633e-03 -3.685873952082780597e-02
2.927768366506442899e+00 -4.056140255153319746e-02 -3.634737168245902317e-03 -3.692666538328889803e-02
2.928879724586015865e+00 -4.075120061609330963e-02 -3.823982716102731008e-03 -3.692721789998856113e-02
2.929991082665589275e+00 -4.115231965354969323e-02 -4.276147941206370762e-03 -3.687617171234595925e-02
2.931102440745162685e+00 -4.163717081854573232e-02 -4.828979313338796486e-03 -3.680819150520700522e-02
2.932213798824735651e+00 -4.204760680490221558e-02 -5.283380550560892730e-03 -3.676422625433860975e-02
2.933325156904309061e+00 -4.225241269101633057e-02 -5.475829729777833416e-03 -3.677658296123725856e-02
2.934436514983882027e+00 -4.219505911793024894e-02 -5.337941059003998429e-03 -3.685711805892603887e-02
2.935547873063455437e+00 -4.191433666328588104e-02 -4.921476519698073787e-03 -3.699286014359059321e-02
2.936659231143028848e+00 -4.153033805169697307e-02 -4.379659866323102821e-03 -3.715067818537474975e-02
2.937770589222601814e+00 -4.120085345266916166e-02 -3.911538150073931575e-03 -3.728931530259652072e-02
2.938881947302175224e+00 -4.106401269740299342e-02 -3.689593947760815701e-03 -3.737441874964152200e-02
2.939993305381748634e+00 -4.118802698000898627e-02 -3.796933480925407736e-03 -3.739109349908292107e-02
2.941104663461321600e+00 -4.154631970189237578e-02 -4.196924233283511746e-03 -3.734939546860670950e-02
2.942216021540895010e+00 -4.202711646802763379e-02 -4.746374501511937266e-03 -3.728074196651172401e-02
2.943327379620467976e+00 -4.247403578579422856e-02 -5.247513791518873538e-03 -3.722652199427687464e-02
2.944438737700041386e+00 -4.274294000781857228e-02 -5.519904738844317281e-03 -3.722303526897510761e-02
2.945550095779614796e+00 -4.275437677587708846e-02 -5.466138639352476070e-03 -3.728823813652584751e-02
2.946661453859187763e+00 -4.252252731067763386e-02 -5.107395665526369075e-03 -3.741513164515078427e-02
2.947772811938761173e+00 -4.215010942733116162e-02 -4.575888343591079377e-03 -3.757422108373854874e-02
2.948884170018334139e+00 -4.179106225881632636e-02 -4.066883204289890863e-03 -3.772417905452498527e-02
2.949995528097907549e+00 -4.159456527124710118e-02 -3.767711150544743315e-03 -3.782685412070162928e-02
2.951106886177480959e+00 -4.165074855137920751e-02 -3.789574802901599787e-03 -3.786117374847779160e-02
2.952218244257053925e+00 -4.195785355239976810e-02 -4.126976287287776116e-03 -3.783087726511125820e-02
2.953329602336627335e+00 -4.242281393584915183e-02 -4.659567974752268360e-03 -3.776324596109728593e-02
2.954440960416200745e+00 -4.289507289301801307e-02 -5.195807215779616600e-03 -3.769926567723816402e-02
2.955552318495773712e+00 -4.322135544177833216e-02 -5.542580053964128381e-03 -3.767877538781415347e-02
2.956663676575347122e+00 -4.330147508697967246e-02 -5.575486641559267674e-03 -3.772598844542080637e-02
2.957775034654920088e+00 -4.312485893498878980e-02 -5.284207596914414565e-03 -3.784065133807387044e-02
2.958886392734493498e+00 -4.277447512893290532e-02 -4.776407249125449311e-03 -3.799806787980861134e-02
2.959997750814066908e+00 -4.239670094301119241e-02 -4.238699568138550380e-03 -3.815800137487254662e-02
2.961109108893639874e+00 -4.214806880772142827e-02 -3.868828461273636846e-03 -3.827924034644628742e-02
2.962220466973213284e+00 -4.213825781535108367e-02 -3.803709443874552301e-03 -3.833454837147610983e-02
2.963331825052786250e+00 -4.239008649406212498e-02 -4.069517892498911507e-03 -3.832056860156207029e-02
2.964443183132359660e+00 -4.283109553870824426e-02 -4.572018717813163685e-03 -3.825907682089781103e-02
2.965554541211933071e+00 -4.331982332366022398e-02 -5.130709253390165411e-03 -3.818911407026927968e-02
2.966665899291506037e+00 -4.369724784478060814e-02 -5.544405160058502556e-03 -3.815284268472175777e-02
2.967777257371079447e+00 -4.384469285651141496e-02 -5.664438848041557922e-03 -3.818025400846987438e-02
2.968888615450652857e+00 -4.372711832984284980e-02 -5.448838302270594958e-03 -3.827828002757453080e-02
2.969999973530225823e+00 -4.340601005076199365e-02 -4.977742185066127631e-03 -3.842826786569582959e-02
2.971111331609799233e+00 -4.301713220692413020e-02 -4.424390255331421204e-03 -3.859274195159106274e-02
2.972222689689372199e+00 -4.272119485804656142e-02 -3.992190004686743676e-03 -3.872900485336222554e-02
2.973334047768945609e+00 -4.264536169649855990e-02 -3.840721274347952408e-03 -3.880464042214911563e-02
2.974445405848519020e+00 -4.283688395831839607e-02 -4.027596580816604488e-03 -3.880928737750012625e-02
2.975556763928091986e+00 -4.324576157356477268e-02 -4.487358903965584130e-03 -3.875840266959843655e-02
2.976668122007665396e+00 -4.374278846631246553e-02 -5.055145752085111674e-03 -3.868764271422802520e-02
2.977779480087238362e+00 -4.416646553426413491e-02 -5.526564812205089078e-03 -3.863990072206177628e-02
2.978890838166811772e+00 -4.438174552098608089e-02 -5.732035420095390674e-03 -3.864971010088818354e-02
2.980002196246385182e+00 -4.432924142320907729e-02 -5.598556606801061847e-03 -3.873068481640822014e-02
2.981113554325958148e+00 -4.404697006043289259e-02 -5.176403557118635507e-03 -3.887056650331428831e-02
2.982224912405531558e+00 -4.365667366123390791e-02 -4.620989962090711611e-03 -3.903568369914177383e-02
2.983336270485104968e+00 -4.331964438411997631e-02 -4.136439281513550753e-03 -3.918320510260521472e-02
2.984447628564677935e+00 -4.317808466558775704e-02 -3.901353298553924404e-03 -3.927673136703339896e-02
2.985558986644251345e+00 -4.330332454170581630e-02 -4.003772784727384695e-03 -3.929955175697873171e-02
2.986670344723824311e+00 -4.366975265703617465e-02 -4.409014730066208171e-03 -3.926073792696815890e-02
2.987781702803397721e+00 -4.416398665629742148e-02 -4.972135468144033010e-03 -3.919185118815601832e-02
2.988893060882970687e+00 -4.462599753602377456e-02 -5.490541877968194498e-03 -3.913545565805252868e-02
2.990004418962544097e+00 -4.490726901180933095e-02 -5.777654248222782729e-03 -3.912961476358566698e-02
2.991115777042117507e+00 -4.492485251409737701e-02 -5.730837178930978451e-03 -3.919401533516903013e-02
2.992227135121690473e+00 -4.469164228284282919e-02 -5.368866068162539765e-03 -3.932277621468011075e-02
2.993338493201263883e+00 -4.431182094798977872e-02 -4.825252483218396213e-03 -3.948656846477046484e-02
2.994449851280837294e+00 -4.394308460320209969e-02 -4.299799895339012981e-03 -3.964328470786052799e-02
2.995561209360410260e+00 -4.373934660258263496e-02 -3.985967340992033203e-03 -3.975337926159190627e-02
2.996672567439983670e+00 -4.379474079043763068e-02 -4.000446897156164847e-03 -3.979429389328104777e-02
2.997783925519557080e+00 -4.410929960416751228e-02 -4.340589786018820943e-03 -3.976870981814854822e-02
2.998895283599130046e+00 -4.458882259061414804e-02 -4.885213488475328124e-03 -3.970360910213604350e-02
3.000006641678703456e+00 -4.507902681244074783e-02 -5.438553176822479018e-03 -3.964047363561890025e-02
3.001117999758276422e+00 -4.542159736739512926e-02 -5.801417101730484832e-03 -3.962018026566539730e-02
3.002229357837849832e+00 -4.551177246019539463e-02 -5.843683070929341083e-03 -3.966808938926724010e-02
3.003340715917422798e+00 -4.533651390755764898e-02 -5.551750952146100940e-03 -3.978476295541404778e-02
3.004452073996996209e+00 -4.497935223262146398e-02 -5.033646681879281465e-03 -3.994570555074265089e-02
3.005563432076569619e+00 -4.459010404666050031e-02 -4.479864157332225441e-03 -4.011023988932874845e-02
3.006674790156142585e+00 -4.433043851137943858e-02 -4.094139102332965130e-03 -4.023629940904729224e-02
3.007786148235715995e+00 -4.431507017050015373e-02 -4.019311714980490849e-03 -4.029575845551859603e-02
3.008897506315289405e+00 -4.456997021768604322e-02 -4.285255705692299702e-03 -4.028471451199483466e-02
3.010008864394862371e+00 -4.502282104767554860e-02 -4.797855417290369101e-03 -4.022496563038704953e-02
3.011120222474435781e+00 -4.552922446272825857e-02 -5.373097402212340112e-03 -4.015612706051772257e-02
3.012231580554008747e+00 -4.592516818843447868e-02 -5.803927726043611041e-03 -4.012124046239180092e-02
3.013342938633582158e+00 -4.608668941057202789e-02 -5.935584042044174391e-03 -4.015110536852547346e-02
3.014454296713155568e+00 -4.597503288884230432e-02 -5.721994701362694696e-03 -4.025303818748286050e-02
3.015565654792728534e+00 -4.565085416191688727e-02 -5.242691945342338108e-03 -4.040816221657668461e-02
3.016677012872301944e+00 -4.525226330518343498e-02 -4.674030827153582632e-03 -4.057823247803060002e-02
3.017788370951874910e+00 -4.494465679022039556e-02 -4.225128813648153930e-03 -4.071952797657239081e-02
3.018899729031448320e+00 -4.486056049540843027e-02 -4.061795608146068215e-03 -4.079876488726212613e-02
3.020011087111021730e+00 -4.505136320054568821e-02 -4.246124882939232570e-03 -4.080523831760626136e-02
3.021122445190594696e+00 -4.546851861781463916e-02 -4.713755828317700049e-03 -4.075476278949688447e-02
3.022233803270168107e+00 -4.598109101504706947e-02 -5.297130810203384138e-03 -4.068396020484348063e-02
3.023345161349741517e+00 -4.642330208506000727e-02 -5.786345073681400421e-03 -4.063695701138039101e-02
3.024456519429314483e+00 -4.665481183421255063e-02 -6.005490694590187931e-03 -4.064932113962019949e-02
3.025567877508887893e+00 -4.661181225518160054e-02 -5.876728067340178038e-03 -4.073508418784031748e-02
3.026679235588460859e+00 -4.633033042806587731e-02 -5.448748140279962779e-03 -4.088158228778525360e-02
3.027790593668034269e+00 -4.593322940115969477e-02 -4.879218437017510124e-03 -4.105401096414110218e-02
3.028901951747607679e+00 -4.558559615145191951e-02 -4.377540819346869075e-03 -4.120805533210671057e-02
3.030013309827180645e+00 -4.543471568376030584e-02 -4.128702948032284339e-03 -4.130601273572937632e-02
3.031124667906754055e+00 -4.555645823682364509e-02 -4.225914532147947988e-03 -4.133054370467617589e-02
3.032236025986327022e+00 -4.592759758340703158e-02 -4.636558925375908538e-03 -4.129103865802953577e-02
3.033347384065900432e+00 -4.643416351401869618e-02 -5.213897338545041282e-03 -4.122026617547237815e-02
3.034458742145473842e+00 -4.691282884076020815e-02 -5.750326633455636084e-03 -4.116250220730552356e-02
3.035570100225046808e+00 -4.721030492345956037e-02 -6.052861494760388567e-03 -4.115744342869864791e-02
3.036681458304620218e+00 -4.723914801483276860e-02 -6.013396769214966742e-03 -4.122575124561649734e-02
3.037792816384193628e+00 -4.700965993356676781e-02 -5.648168981005377912e-03 -4.136149095256284880e-02
3.038904174463766594e+00 -4.662624380000770369e-02 -5.092012644049596568e-03 -4.153423115595723109e-02
3.040015532543340004e+00 -4.624949957832019676e-02 -4.549441454563147094e-03 -4.170005812375490034e-02
3.041126890622912970e+00 -4.603781622204063118e-02 -4.220302012293031604e-03 -4.181751420974919031e-02
3.042238248702486381e+00 -4.608969733464316626e-02 -4.227026598988378042e-03 -4.186267073565454189e-02
3.043349606782059791e+00 -4.640781669358631789e-02 -4.569965780695820975e-03 -4.183785091289284053e-02
3.044460964861632757e+00 -4.689791667806682968e-02 -5.127096668593873231e-03 -4.177082000947339446e-02
3.045572322941206167e+00 -4.740299626103024189e-02 -5.698272692632926593e-03 -4.170472356839664829e-02
3.046683681020779133e+00 -4.776038997409437492e-02 -6.077968719387746854e-03 -4.168242125470800197e-02
3.047795039100352543e+00 -4.786099021792878522e-02 -6.130081973227680635e-03 -4.173090824469948695e-02
3.048906397179925953e+00 -4.768905713096856930e-02 -5.837565322065304402e-03 -4.185149180890341408e-02
3.050017755259498919e+00 -4.732809690744736730e-02 -5.308793319621238349e-03 -4.201930358782605957e-02
3.051129113339072330e+00 -4.693062017115975232e-02 -4.738285435767826403e-03 -4.219233473539386881e-02
3.052240471418645740e+00 -4.666273587074683954e-02 -4.336020828310171646e-03 -4.232671504243645799e-02
3.053351829498218706e+00 -4.664371050047454170e-02 -4.251030338579021850e-03 -4.239268016189481209e-02
3.054463187577792116e+00 -4.690248305773980775e-02 -4.517069113453453522e-03 -4.238541394428803344e-02
3.055574545657365082e+00 -4.736698616840003678e-02 -5.040173941991391363e-03 -4.232681222640986840e-02
3.056685903736938492e+00 -4.789020714800692330e-02 -5.632690952642549140e-03 -4.225751619536464304e-02
3.057797261816511902e+00 -4.830355847267246705e-02 -6.081451184932154530e-03 -4.222210728773910515e-02
3.058908619896084868e+00 -4.847817668145389114e-02 -6.225325657768507499e-03 -4.225285102368615126e-02
3.060019977975658279e+00 -4.837185753867381810e-02 -6.013944009130543777e-03 -4.235791352954454414e-02
3.061131336055231245e+00 -4.804453181489265479e-02 -5.526178615664761873e-03 -4.251835319922826761e-02
3.062242694134804655e+00 -4.763660976919556478e-02 -4.941611681849977789e-03 -4.269499808734866092e-02
3.063354052214378065e+00 -4.731802442906778844e-02 -4.475306918379875695e-03 -4.284271751068808448e-02
3.064465410293951031e+00 -4.722647373610796423e-02 -4.299577918060319345e-03 -4.292689581804946114e-02
3.065576768373524441e+00 -4.741731368194723739e-02 -4.481210516504564173e-03 -4.293610316544388406e-02
3.066688126453097851e+00 -4.784334256924054757e-02 -4.957010162924333288e-03 -4.288633240631482824e-02
3.067799484532670817e+00 -4.837186329066944790e-02 -5.556626832619194351e-03 -4.281523645804963946e-02
3.068910842612244227e+00 -4.883285720559239762e-02 -6.064414014333277363e-03 -4.276844319125842203e-02
3.070022200691817194e+00 -4.908077809402983799e-02 -6.297859348120191797e-03 -4.278291874591003824e-02
3.071133558771390604e+00 -4.904750102842912046e-02 -6.174062062201269435e-03 -4.287343896622613365e-02
3.072244916850963570e+00 -4.876715566177486361e-02 -5.740044186234022697e-03 -4.302711147554098836e-02
3.073356274930536980e+00 -4.836378302877274160e-02 -5.155813328892385958e-03 -4.320796969988053432e-02
3.074467633010110390e+00 -4.800627220933403883e-02 -4.636277274483570701e-03 -4.336999493484688939e-02
3.075578991089683356e+00 -4.784694304655082164e-02 -4.373096208186466258e-03 -4.347384683836379160e-02
3.076690349169256766e+00 -4.796610795747609235e-02 -4.464889570808405414e-03 -4.350121838666843460e-02
3.077801707248830176e+00 -4.834279200526137021e-02 -4.881212488413701200e-03 -4.346157951685006293e-02
3.078913065328403142e+00 -4.886229093160948667e-02 -5.473459983898483483e-03 -4.338883094771338322e-02
3.080024423407976553e+00 -4.935785096850950349e-02 -6.028794323400372100e-03 -4.332905664510709742e-02
3.081135781487549963e+00 -4.967133295216549782e-02 -6.347525851283089722e-03 -4.332380710088012260e-02
3.082247139567122929e+00 -4.971079825318039380e-02 -6.315814215651072844e-03 -4.339498403753141303e-02
3.083358497646696339e+00 -4.948405163976778154e-02 -5.947221634298612697e-03 -4.353683000546947068e-02
3.084469855726269305e+00 -4.909590567349570583e-02 -5.377950879952913751e-03 -4.371795479354255443e-02
3.085581213805842715e+00 -4.871012369100958389e-02 -4.817437811441910994e-03 -4.389268587956615675e-02
3.086692571885415681e+00 -4.848985699271526895e-02 -4.472220724041815060e-03 -4.401763626867433166e-02
3.087803929964989091e+00 -4.853823578150483903e-02 -4.470760137492644712e-03 -4.406747564401337219e-02
3.088915288044562502e+00 -4.886074186002703490e-02 -4.816574650312247310e-03 -4.404416720971301991e-02
3.090026646124135468e+00 -4.936308662157175287e-02 -5.386789461323844043e-03 -4.397629716025067831e-02
3.091138004203708878e+00 -4.988540871432912971e-02 -5.976688155368014427e-03 -4.390872055895998077e-02
3.092249362283282288e+00 -5.026038523421282739e-02 -6.374114707752393319e-03 -4.388627052646114357e-02
3.093360720362855254e+00 -5.037413053155247872e-02 -6.436685451197132757e-03 -4.393744508035426349e-02
3.094472078442428664e+00 -5.020771713543866616e-02 -6.143710791759496651e-03 -4.406400634367647201e-02
3.095583436522001630e+00 -4.984418136006384809e-02 -5.603893084363579039e-03 -4.424028827570346267e-02
3.096694794601575040e+00 -4.943842296609522735e-02 -5.015937868753879425e-03 -4.442248509734143119e-02
3.097806152681148451e+00 -4.916091288769752071e-02 -4.596350615785487620e-03 -4.456456227190906672e-02
3.098917510760721417e+00 -4.913567045653743914e-02 -4.500654860326632617e-03 -4.463501559620913078e-02
3.100028868840294827e+00 -4.939508136650124642e-02 -4.766698347712584188e-03 -4.462838301878743058e-02
3.101140226919867793e+00 -4.986802285725611128e-02 -5.300713674747556739e-03 -4.456730918250811913e-02
3.102251584999441203e+00 -5.040565585864809767e-02 -5.911266384877680163e-03 -4.449438947377305081e-02
3.103362943079014613e+00 -5.083553550823954881e-02 -6.378800133188783361e-03 -4.445673537505307610e-02
3.104474301158587579e+00 -5.102437042447644650e-02 -6.535514605538261107e-03 -4.448885581893693292e-02
3.105585659238160989e+00 -5.092658923614169081e-02 -6.326515830372175103e-03 -4.460007340576901957e-02
3.106697017317734399e+00 -5.060101386186859063e-02 -5.829954805069571810e-03 -4.477105905680107273e-02
3.107808375397307366e+00 -5.018953144311992520e-02 -5.228767146525434631e-03 -4.496076429659626172e-02
3.108919733476880776e+00 -4.986548789779485236e-02 -4.744232829517105315e-03 -4.512125506827972116e-02
3.110031091556453742e+00 -4.977056242587540869e-02 -4.555486297142552835e-03 -4.521507612873357923e-02
3.111142449636027152e+00 -4.996310157272562669e-02 -4.734254691602756207e-03 -4.522884688112137341e-02
3.112253807715600562e+00 -5.039674811856793835e-02 -5.218599886449563907e-03 -4.517814823211635522e-02
3.113365165795173528e+00 -5.093719153903858432e-02 -5.835276256909627604e-03 -4.510191528212533635e-02
3.114476523874746938e+00 -5.141099240390646641e-02 -6.362634058476458743e-03 -4.504835834543037543e-02
3.115587881954319904e+00 -5.166874134192075974e-02 -6.611229001992072890e-03 -4.505751233993151444e-02
3.116699240033893314e+00 -5.163956502384186437e-02 -6.492821985800451001e-03 -4.514674303804053213e-02
3.117810598113466725e+00 -5.135710771755900433e-02 -6.052637904028174837e-03 -4.530446981353180441e-02
3.118921956193039691e+00 -5.094747514374600023e-02 -5.453090591558729799e-03 -4.549438455218901556e-02
3.120033314272613101e+00 -5.058346659375584364e-02 -4.914830150854469781e-03 -4.566863644290103386e-02
3.121144672352186511e+00 -5.042170728889583398e-02 -4.636511100407443922e-03 -4.578519618848746198e-02
3.122256030431759477e+00 -5.054554932386574884e-02 -4.722454913479438854e-03 -4.582309441038903697e-02
3.123367388511332887e+00 -5.093454841703725505e-02 -5.144547720389646556e-03 -4.579000069664894423e-02
3.124478746590905853e+00 -5.147168218013505048e-02 -5.752289528445803449e-03 -4.571939265169197575e-02
3.125590104670479263e+00 -5.198575205323742454e-02 -6.327404207647887614e-03 -4.565834784558678305e-02
3.126701462750052229e+00 -5.231359556552146739e-02 -6.663194949767076505e-03 -4.565040061575421221e-02
3.127812820829625640e+00 -5.235949567090304735e-02 -6.639795251494922529e-03 -4.571970041940820462e-02
3.128924178909199050e+00 -5.213015457153198640e-02 -6.267919219457192270e-03 -4.586223535207519658e-02
3.130035536988772016e+00 -5.173245715006195844e-02 -5.685142672527137078e-03 -4.604731447753368512e-02
3.131146895068345426e+00 -5.133477212045883115e-02 -5.106002516705114569e-03 -4.622876960375280758e-02
3.132258253147918836e+00 -5.110581206645152530e-02 -4.744013360490788311e-03 -4.636179870596127128e-02
3.133369611227491802e+00 -5.115326463070339613e-02 -4.733947510527591190e-03 -4.641931712017614148e-02
3.134480969307065212e+00 -5.148452650738757908e-02 -5.082668276869317658e-03 -4.640185823052019737e-02
3.135592327386638622e+00 -5.200386335883572936e-02 -5.666452952717573877e-03 -4.633741040611714934e-02
3.136703685466211589e+00 -5.254708461141920778e-02 -6.275845059382372665e-03 -4.627123955203611694e-02
3.137815043545784999e+00 -5.294117122538528203e-02 -6.691776555785888640e-03 -4.624939466959893108e-02
3.138926401625357965e+00 -5.306719498055337964e-02 -6.765295770564032016e-03 -4.630189920999058101e-02
3.140037759704931375e+00 -5.290363853957991830e-02 -6.471885418866117276e-03 -4.643175312071508298e-02
3.141149117784504341e+00 -5.253432581270130186e-02 -5.920563260573611514e-03 -4.661376255212852648e-02
3.142260475864077751e+00 -5.211803000783001710e-02 -5.314388911216270592e-03 -4.680364109661658278e-02
3.143371833943651161e+00 -5.183077061869792446e-02 -4.876683478400131722e-03 -4.695408714029945807e-02
3.144483192023224127e+00 -5.180176655727875695e-02 -4.769769298812726391e-03 -4.703199725846680251e-02
3.145594550102797538e+00 -5.206635074106810701e-02 -5.035797648211673416e-03 -4.703055309285601726e-02
3.146705908182370948e+00 -5.255300930298113099e-02 -5.581234283736519544e-03 -4.697177501924684750e-02
3.147817266261943914e+00 -5.310930948555087072e-02 -6.210712043832724953e-03 -4.689859744171781530e-02
3.148928624341517324e+00 -5.355732859024896209e-02 -6.697998498521656394e-03 -4.685933009172640190e-02
3.150039982421090734e+00 -5.375844134547981545e-02 -6.868299575924226297e-03 -4.689014176955907942e-02
3.151151340500663700e+00 -5.366388542363519087e-02 -6.661957232960626085e-03 -4.700192819067504357e-02
3.152262698580237110e+00 -5.333266748337767149e-02 -6.156329112048684882e-03 -4.717633837132814006e-02
3.153374056659810076e+00 -5.291023624955437654e-02 -5.537826578489878429e-03 -4.737240967106455536e-02
3.154485414739383486e+00 -5.257562596682196360e-02 -5.034218102135171874e-03 -4.754140786468882829e-02
3.155596772818956453e+00 -5.247626893539798776e-02 -4.831782439453416109e-03 -4.764448649594425766e-02
3.156708130898529863e+00 -5.267419971785776422e-02 -5.007445611893006007e-03 -4.766675410596458995e-02
3.157819488978103273e+00 -5.312326707730207626e-02 -5.500624589016598481e-03 -4.762264248828403101e-02
3.158930847057676239e+00 -5.368571309265178504e-02 -6.135082874546785719e-03 -4.755063021810587709e-02
3.160042205137249649e+00 -5.418215812611661131e-02 -6.682913967118428271e-03 -4.749924415899803298e-02
3.161153563216823059e+00 -5.445685393017609538e-02 -6.947423276848177509e-03 -4.750943065332911136e-02
3.162264921296396025e+00 -5.443447217016193079e-02 -6.834767153003176374e-03 -4.759970501715796165e-02
3.163376279375969435e+00 -5.414773094998449887e-02 -6.388257099049526877e-03 -4.775947385093463199e-02
3.164487637455542846e+00 -5.372573844591205239e-02 -5.772789658913391256e-03 -4.795294878700243069e-02
3.165598995535115812e+00 -5.334721425254680682e-02 -5.214998433224687230e-03 -4.813221581932257409e-02
3.166710353614689222e+00 -5.317554368200479858e-02 -4.920849401720842065e-03 -4.825469428028545532e-02
3.167821711694262188e+00 -5.329926795121139177e-02 -5.000642071061069810e-03 -4.829862588015119973e-02
3.168933069773835598e+00 -5.369968268408617518e-02 -5.428725932439948734e-03 -4.827095675164514571e-02
3.170044427853408564e+00 -5.425739485802345830e-02 -6.052644450945688162e-03 -4.820475040707779962e-02
3.171155785932981974e+00 -5.479553412342080820e-02 -6.648448483217186261e-03 -4.814708564020418052e-02
3.172267144012555384e+00 -5.514397119051673429e-02 -7.002111017869865409e-03 -4.814186017264653755e-02
3.173378502092128350e+00 -5.520122090394392889e-02 -6.987445855743568135e-03 -4.821377504819955584e-02
3.174489860171701761e+00 -5.497150410622606009e-02 -6.612163258188535550e-03 -4.835934084803725913e-02
3.175601218251275171e+00 -5.456343631816708284e-02 -6.015253187375224631e-03 -4.854818313079073411e-02
3.176712576330848137e+00 -5.415074529371095152e-02 -5.416579375200788332e-03 -4.873416591850970869e-02
3.177823934410421547e+00 -5.390923304383967579e-02 -5.036963818714681324e-03 -4.887226922512492161e-02
3.178935292489994957e+00 -5.395286525267962985e-02 -5.017808790098814836e-03 -4.893505646258148462e-02
3.180046650569567923e+00 -5.429222984536399149e-02 -5.369513254466719634e-03 -4.892271659089619806e-02
3.181158008649141333e+00 -5.483051169542149661e-02 -5.967501245078419420e-03 -4.886301045034365659e-02
3.182269366728714299e+00 -5.539851204245700711e-02 -6.597375894475723465e-03 -4.880113614797935290e-02
3.183380724808287709e+00 -5.581604348204122212e-02 -7.032833203636755515e-03 -4.878321027840586133e-02
3.184492082887860676e+00 -5.595741778859870258e-02 -7.118021578352133963e-03 -4.883939621024727118e-02
3.185603440967434086e+00 -5.579721882368041813e-02 -6.824374274008072547e-03 -4.897284454967170547e-02
3.186714799047007496e+00 -5.541968436372654572e-02 -6.261190783892620765e-03 -4.915849357983169410e-02
3.187826157126580462e+00 -5.498822896014925188e-02 -5.636048968153862040e-03 -4.935217999199597444e-02
3.188937515206153872e+00 -5.468613049869355813e-02 -5.179385913072969555e-03 -4.950674458562229902e-02
3.190048873285727282e+00 -5.464990745876917994e-02 -5.060648946245770163e-03 -4.958925851252427019e-02
3.191160231365300248e+00 -5.491960506251326868e-02 -5.326526303497490858e-03 -4.959307875901780571e-02
3.192271589444873658e+00 -5.542409551070550527e-02 -5.883773927518379937e-03 -4.954032158318775331e-02
3.193382947524447069e+00 -5.600679011199134749e-02 -6.532954205506997375e-03 -4.947383590648295887e-02
3.194494305604020035e+00 -5.648247112338974918e-02 -7.040879337886345526e-03 -4.944159178550124045e-02
3.195605663683593001e+00 -5.670461858369793551e-02 -7.225445575780194835e-03 -4.947917300791869477e-02
3.196717021763166411e+00 -5.661875939382690626e-02 -7.021995975475515961e-03 -4.959676341835304175e-02
3.197828379842739821e+00 -5.628241340377267837e-02 -6.507028165655723284e-03 -4.977538523811701754e-02
3.198939737922312787e+00 -5.584433191314375211e-02 -5.870555099203190325e-03 -4.997377681393957993e-02
3.200051096001886197e+00 -5.549051989053042921e-02 -5.347104730252667457e-03 -5.014341516027810003e-02
3.201162454081459607e+00 -5.537662670021231692e-02 -5.130414809817464630e-03 -5.024621189039556179e-02
3.202273812161032573e+00 -5.557127828500574296e-02 -5.302850647742208406e-03 -5.026842763726663277e-02
3.203385170240605984e+00 -5.603098138963509556e-02 -5.805259784432439257e-03 -5.022572160520295814e-02
3.204496528320179394e+00 -5.661577779471754779e-02 -6.458295857312600433e-03 -5.015748193740390826e-02
3.205607886399752360e+00 -5.714001780400767422e-02 -7.027525041977265158e-03 -5.011249276202997538e-02
3.206719244479325770e+00 -5.743983855489784296e-02 -7.308680132831786927e-03 -5.013115842206843087e-02
3.207830602558898736e+00 -5.743282699355727744e-02 -7.202058892795089491e-03 -5.023076810076240045e-02
3.208941960638472146e+00 -5.714815074355922286e-02 -6.748969428284807420e-03 -5.039918131527540424e-02
3.210053318718045112e+00 -5.671614688842711860e-02 -6.116900685026169238e-03 -5.059924620340241347e-02
3.211164676797618522e+00 -5.632108715008456862e-02 -5.538740899941219098e-03 -5.078234625014285686e-02
3.212276034877191933e+00 -5.613423768106075296e-02 -5.228101369549098543e-03 -5.090613631151318097e-02
3.213387392956764899e+00 -5.625152728928058121e-02 -5.301532998438785935e-03 -5.094999429084080822e-02
3.214498751036338309e+00 -5.665850270211995887e-02 -5.735959240465189971e-03 -5.092254346165669271e-02
3.215610109115911719e+00 -5.723536418546785326e-02 -6.376871692445385854e-03 -5.085849249302354380e-02
3.216721467195484685e+00 -5.780032119585523653e-02 -6.994379584166906041e-03 -5.080594161168815875e-02
3.217832825275058095e+00 -5.817557060538216390e-02 -7.366781107032519330e-03 -5.080878949835249125e-02
3.218944183354631505e+00 -5.825194809132801937e-02 -7.361276571551512646e-03 -5.089067151977808706e-02
3.220055541434204471e+00 -5.802874575346016889e-02 -6.982439124233269512e-03 -5.104630662922660794e-02
3.221166899513777881e+00 -5.761417842046935578e-02 -6.370751961575533626e-03 -5.124342645889190528e-02
3.222278257593350848e+00 -5.718626230165541058e-02 -5.751671027446217041e-03 -5.143459127420708238e-02
3.223389615672924258e+00 -5.692825881945108579e-02 -5.353681871503080530e-03 -5.157457694794908426e-02
3.224500973752497224e+00 -5.696210307251750593e-02 -5.325132881231450441e-03 -5.163697019128701826e-02
3.225612331832070634e+00 -5.730400459102009264e-02 -5.680116426626321754e-03 -5.162388816439120870e-02
3.226723689911644044e+00 -5.785838654633460726e-02 -6.293140502054591495e-03 -5.156524604427805553e-02
3.227835047991217010e+00 -5.845242164319323225e-02 -6.944602537777581387e-03 -5.150781910541382680e-02
3.228946406070790420e+00 -5.889867531845422582e-02 -7.400587694253210613e-03 -5.149808762420256952e-02
3.230057764150363830e+00 -5.906313814130469825e-02 -7.497995233727889827e-03 -5.156514290757580055e-02
3.231169122229936796e+00 -5.891394244616258991e-02 -7.204014190340012752e-03 -5.170992825582463454e-02
3.232280480309510207e+00 -5.853304542383559739e-02 -6.628260705966153993e-03 -5.190478471787154935e-02
3.233391838389083617e+00 -5.808659379350489260e-02 -5.983088725998512297e-03 -5.210350506750761196e-02
3.234503196468656583e+00 -5.776468998976583280e-02 -5.506444324355208586e-03 -5.225824566541107524e-02
3.235614554548229993e+00 -5.771240598467350380e-02 -5.375289593857593418e-03 -5.233711639081793654e-02
3.236725912627802959e+00 -5.797709147069616403e-02 -5.641096359185360232e-03 -5.233599511151252465e-02
3.237837270707376369e+00 -5.849112711160833755e-02 -6.210923177213438506e-03 -5.228020393439389985e-02
3.238948628786949335e+00 -5.909641442731890931e-02 -6.881031424035047653e-03 -5.221538300328381482e-02
3.240059986866522745e+00 -5.960173759574410868e-02 -7.410882079037783843e-03 -5.219085551670785833e-02
3.241171344946096156e+00 -5.985218422236542740e-02 -7.610637977035160200e-03 -5.224154624532803548e-02
3.242282703025669122e+00 -5.978541631590496980e-02 -7.410340333587922546e-03 -5.237507598231762318e-02
3.243394061105242532e+00 -5.945434288609693224e-02 -6.885551748182418969e-03 -5.256879113791550207e-02
3.244505419184815942e+00 -5.900793922982785350e-02 -6.230066900245500791e-03 -5.277787232958176117e-02
3.245616777264388908e+00 -5.863715964455257224e-02 -5.685545850348482783e-03 -5.295161379420160880e-02
3.246728135343962318e+00 -5.850557780909900613e-02 -5.453619911336186898e-03 -5.305195789776344373e-02
3.247839493423535728e+00 -5.868994969007704926e-02 -5.622438075664449100e-03 -5.306751161441360803e-02
3.248950851503108694e+00 -5.915230170442457858e-02 -6.134412990994507486e-03 -5.301788871343243031e-02
3.250062209582682105e+00 -5.975370137457809705e-02 -6.806968273601063726e-03 -5.294673310097863794e-02
3.251173567662255071e+00 -6.030472374563804888e-02 -7.398813573145840428e-03 -5.290591017249214600e-02
3.252284925741828481e+00 -6.063428659848286301e-02 -7.697690198372609226e-03 -5.293659640010851819e-02
3.253396283821401447e+00 -6.065184135098743157e-02 -7.597678859784036572e-03 -5.305416249120408628e-02
3.254507641900974857e+00 -6.038030926248327823e-02 -7.137913116304770572e-03 -5.324239614617978789e-02
3.255618999980548267e+00 -5.994777638122440744e-02 -6.488548950613664407e-03 -5.345922743061180815e-02
3.256730358060121233e+00 -5.954094843377452650e-02 -5.889019220691366768e-03 -5.365192921308405832e-02
3.257841716139694643e+00 -5.933727213948301188e-02 -5.560978157352354512e-03 -5.377629398213457090e-02
3.258953074219268053e+00 -5.944039571432876978e-02 -5.627587703058253843e-03 -5.381280801127018287e-02
3.260064432298841020e+00 -5.984244076035909188e-02 -6.068536284323888461e-03 -5.377390447603623558e-02
3.261175790378414430e+00 -6.042682101088218960e-02 -6.727217460215617964e-03 -5.369960355066486640e-02
3.262287148457987840e+00 -6.101060549495602309e-02 -7.367533506315439989e-03 -5.364307198864199516e-02
3.263398506537560806e+00 -6.141104070357619044e-02 -7.759720927496232060e-03 -5.365131977608269404e-02
3.264509864617134216e+00 -6.151204915761954162e-02 -7.763999495542460091e-03 -5.374804966207527568e-02
3.265621222696707182e+00 -6.130651372272272887e-02 -7.381591765885181511e-03 -5.392492195683844247e-02
3.266732580776280592e+00 -6.089894743689218404e-02 -6.754491865850528048e-03 -5.414445557104462931e-02
3.267843938855853558e+00 -6.046754704661942703e-02 -6.113990394908258574e-03 -5.435355665171359013e-02
3.268955296935426968e+00 -6.019940243045762002e-02 -5.696615893854319046e-03 -5.450278653660441119e-02
3.270066655015000379e+00 -6.022241051770926834e-02 -5.658042390750482598e-03 -5.456436812695732164e-02
3.271178013094573345e+00 -6.055866139481545091e-02 -6.016299030561693059e-03 -5.454236236425406836e-02
3.272289371174146755e+00 -6.111627563223422099e-02 -6.644998698411124990e-03 -5.447127693382194935e-02
3.273400729253720165e+00 -6.172270073392754214e-02 -7.319126142689572415e-03 -5.440357459123487671e-02
3.274512087333293131e+00 -6.218739707935354299e-02 -7.796797452308689910e-03 -5.439059962704520523e-02
3.275623445412866541e+00 -6.237114243677768788e-02 -7.907283521679180083e-03 -5.446385891510079069e-02
3.276734803492439951e+00 -6.223675470257260950e-02 -7.613265019114433263e-03 -5.462348968345865502e-02
3.277846161572012917e+00 -6.186276559457267593e-02 -7.024618080135242026e-03 -5.483814751443817637e-02
3.278957519651585883e+00 -6.141503290374067392e-02 -6.358639220556822069e-03 -5.505639368318256816e-02
3.280068877731159294e+00 -6.108656851974209046e-02 -5.861107299806919690e-03 -5.522546121993669732e-02
3.281180235810732704e+00 -6.102742558686391483e-02 -5.716858169487651353e-03 -5.531056741737482019e-02
3.282291593890305670e+00 -6.129012216734795043e-02 -5.982408659376870635e-03 -5.530771350797056979e-02
3.283402951969879080e+00 -6.181045304568490162e-02 -6.565189499922656144e-03 -5.524526354576163312e-02
3.284514310049452490e+00 -6.243069407268834331e-02 -7.257017471312840473e-03 -5.517367660137716123e-02
3.285625668129025456e+00 -6.295680021426312833e-02 -7.809704472851481706e-03 -5.514709574141241077e-02
3.286737026208598866e+00 -6.322883735660746185e-02 -8.025344091328347890e-03 -5.520349326527761863e-02
3.287848384288172277e+00 -6.317906477997051184e-02 -7.828431549514189638e-03 -5.535063323045837091e-02
3.288959742367745243e+00 -6.285655820798687066e-02 -7.293535963967865896e-03 -5.556302224401897527e-02
3.290071100447318653e+00 -6.240941191134760646e-02 -6.618383767706393500e-03 -5.579102814364162582e-02
3.291182458526891619e+00 -6.203097042526192761e-02 -6.052068312480604617e-03 -5.597890211278204464e-02
3.292293816606465029e+00 -6.188961503501571454e-02 -5.804450676571626042e-03 -5.608516435844610598e-02
3.293405174686037995e+00 -6.206761325376360106e-02 -5.969703460763387329e-03 -5.609790979299941055e-02
3.294516532765611405e+00 -6.253125297210215816e-02 -6.491851432277557371e-03 -5.603940153982530509e-02
3.295627890845184815e+00 -6.314311793493265768e-02 -7.184917675919172061e-03 -5.595820025901426797e-02
3.296739248924757781e+00 -6.371204649101804007e-02 -7.800425447845158247e-03 -5.591162104317302928e-02
3.297850607004331192e+00 -6.406261764513902779e-02 -8.117756047362608904e-03 -5.594486159777845025e-02
3.298961965083904602e+00 -6.409890794020976779e-02 -8.024505078979065828e-03 -5.607440286123172718e-02
3.300073323163477568e+00 -6.383934301420148005e-02 -7.557569638492279973e-03 -5.628177337570778455e-02
3.301184681243050978e+00 -6.340997463882010188e-02 -6.889948729517186149e-03 -5.652002590930239184e-02
3.302296039322624388e+00 -6.299862899419132745e-02 -6.267977799212655354e-03 -5.673065119497765207e-02
3.303407397402197354e+00 -6.278659943588045522e-02 -5.921768858207564906e-03 -5.686483057767099947e-02
3.304518755481770764e+00 -6.288272297127724120e-02 -5.981416797696686299e-03 -5.690130617358209880e-02
3.305630113561343730e+00 -6.328381326709198174e-02 -6.429483994177552508e-03 -5.685432927291504679e-02
3.306741471640917140e+00 -6.387583793606743665e-02 -7.107116492120479911e-03 -5.676872144394814329e-02
3.307852829720490107e+00 -6.447540908859006326e-02 -7.771648858543749906e-03 -5.670376023004815996e-02
3.308964187800063517e+00 -6.489649316316752070e-02 -8.184808424681135758e-03 -5.671168473848588187e-02
3.310075545879636927e+00 -6.501807276682611270e-02 -8.199458302604101245e-03 -5.681861446422263595e-02
3.311186903959209893e+00 -6.482814749776069640e-02 -7.813300626762638770e-03 -5.701484687099792753e-02
3.312298262038783303e+00 -6.442806937518533172e-02 -7.169939514477415704e-03 -5.725812986071100036e-02
3.313409620118356713e+00 -6.399564051521854091e-02 -6.506834858863826815e-03 -5.748880565635754170e-02
3.314520978197929679e+00 -6.372040549053527292e-02 -6.069010075762271139e-03 -5.765139541477298096e-02
3.315632336277503089e+00 -6.373468835543559530e-02 -6.019872419091311030e-03 -5.771481593634220780e-02
3.316743694357076500e+00 -6.406547197360656920e-02 -6.381604250867579237e-03 -5.768386772273847996e-02
3.317855052436649466e+00 -6.462463055610875862e-02 -7.026869685399401988e-03 -5.759776087070824641e-02
3.318966410516222876e+00 -6.524106517913483283e-02 -7.724935076910535714e-03 -5.751613010222485917e-02
3.320077768595795842e+00 -6.572303739617091356e-02 -8.225499052537065675e-03 -5.749753834363651589e-02
3.321189126675369252e+00 -6.592800097188267205e-02 -8.349774989617813822e-03 -5.757822598226434302e-02
3.322300484754942218e+00 -6.581450023167396968e-02 -8.055681657343131616e-03 -5.775881857433588090e-02
3.323411842834515628e+00 -6.545723220880958482e-02 -7.453371534300898965e-03 -5.800386067450935546e-02
3.324523200914089038e+00 -6.501978402288731418e-02 -6.765367532909932757e-03 -5.825441648997735367e-02
3.325634558993662004e+00 -6.469497394893253261e-02 -6.245733592162090037e-03 -5.844924035677252772e-02
3.326745917073235415e+00 -6.463453030798993471e-02 -6.087639386660619045e-03 -5.854689092132935035e-02
3.327857275152808825e+00 -6.489373510173833404e-02 -6.352949573820213663e-03 -5.854078552791890794e-02
3.328968633232381791e+00 -6.541121742546431028e-02 -6.949502586819162470e-03 -5.846171483864508883e-02
3.330079991311955201e+00 -6.603128240473776778e-02 -7.664423587706950883e-03 -5.836685881703281009e-02
3.331191349391528611e+00 -6.656066300673936509e-02 -8.241431323124078293e-03 -5.831923168361641263e-02
3.332302707471101577e+00 -6.683902905341368439e-02 -8.474065108797841639e-03 -5.836496394461632153e-02
3.333414065550674987e+00 -6.679755565879964829e-02 -8.280919358919273943e-03 -5.851663629987824411e-02
3.334525423630247953e+00 -6.648418151352575300e-02 -7.735470298649025148e-03 -5.874871121487559161e-02
3.335636781709821364e+00 -6.604630713206101345e-02 -7.039566771441317650e-03 -5.900674036062086153e-02
3.336748139789394330e+00 -6.567718600493471781e-02 -6.450148087988022416e-03 -5.922703791694747949e-02
3.337859497868967740e+00 -6.554550287063692915e-02 -6.185793575011588885e-03 -5.935970929562701948e-02
3.338970855948541150e+00 -6.573378674549226752e-02 -6.347091779503551134e-03 -5.938669496598848047e-02
3.340082214028114116e+00 -6.620812253030246286e-02 -6.879839357158093471e-03 -5.932828317314638861e-02
3.341193572107687526e+00 -6.683025304900411245e-02 -7.594533329013006609e-03 -5.923571971999357089e-02
3.342304930187260936e+00 -6.740773569059022030e-02 -8.235148493723812996e-03 -5.917258719686573076e-02
3.343416288266833902e+00 -6.776394830731655161e-02 -8.572239101708163320e-03 -5.919170920560860860e-02
3.344527646346407312e+00 -6.780248035157686315e-02 -8.486509793331053347e-03 -5.931597055824677778e-02
3.345639004425980723e+00 -6.754244868077156905e-02 -8.012417290743346909e-03 -5.953003139002534944e-02
3.346750362505553689e+00 -6.711182520699303378e-02 -7.325867036903537313e-03 -5.978595817009032393e-02
3.347861720585127099e+00 -6.670112664550867376e-02 -6.680395812883280215e-03 -6.002073083262548375e-02
3.348973078664700065e+00 -6.649424556009089771e-02 -6.314991747907498787e-03 -6.017925381218429404e-02
3.350084436744273475e+00 -6.660154489464693850e-02 -6.367065054334271335e-03 -6.023447984031353453e-02
3.351195794823846441e+00 -6.701955258227257350e-02 -6.822260804720465741e-03 -6.019729177755325095e-02
3.352307152903419851e+00 -6.763195437444544100e-02 -7.519443094555499502e-03 -6.011251127989149234e-02
3.353418510982993261e+00 -6.825158834350505965e-02 -8.209124001138818141e-03 -6.004246434236493180e-02
3.354529869062566227e+00 -6.868824152869819344e-02 -8.644151420161030192e-03 -6.004409010853957451e-02
3.355641227142139638e+00 -6.881765684304161357e-02 -8.669692146351467080e-03 -6.014796469668826778e-02
3.356752585221713048e+00 -6.862669541263352602e-02 -8.279750321284758130e-03 -6.034694509134454904e-02
3.357863943301286014e+00 -6.821824004711629641e-02 -7.619591601610553253e-03 -6.059864844550505447e-02
3.358975301380859424e+00 -6.777403394372978618e-02 -6.933103266173013673e-03 -6.084093067755755313e-02
3.360086659460432834e+00 -6.748891867141870726e-02 -6.474165008811698374e-03 -6.101475366260967342e-02
3.361198017540005800e+00 -6.750031871241241044e-02 -6.414237877411466116e-03 -6.108608083499998676e-02
3.362309375619578766e+00 -6.783854349746068491e-02 -6.779807701383941052e-03 -6.105873579607812990e-02
3.363420733699152176e+00 -6.841591643602133732e-02 -7.442505358758930850e-03 -6.097341107726142462e-02
3.364532091778725587e+00 -6.905864306653650142e-02 -8.165586358849360668e-03 -6.089305670768711820e-02
3.365643449858298553e+00 -6.956982099110299578e-02 -8.689940741061058169e-03 -6.087988025004353876e-02
3.366754807937871963e+00 -6.980070768631713163e-02 -8.828386036734936840e-03 -6.097232164958309858e-02
3.367866166017445373e+00 -6.970439567240041545e-02 -8.533929735353837712e-03 -6.117046593704793950e-02
3.368977524097018339e+00 -6.935246801069303024e-02 -7.917108013241382775e-03 -6.143535999745136644e-02
3.370088882176591749e+00 -6.890867655526190794e-02 -7.206005308650249158e-03 -6.170267124661268920e-02
3.371200240256165159e+00 -6.856929736231522077e-02 -6.663415476144636529e-03 -6.190588188616964749e-02
3.372311598335738125e+00 -6.849189495267989092e-02 -6.491231094288431314e-03 -6.200066385839497068e-02
3.373422956415311535e+00 -6.873838474894655715e-02 -6.756846126995359053e-03 -6.198153862195214525e-02
3.374534314494884502e+00 -6.925302231457820812e-02 -7.368400287500628115e-03 -6.188462202707861737e-02
3.375645672574457912e+00 -6.988319897105142731e-02 -8.107957102014373349e-03 -6.177524186903796816e-02
3.376757030654030878e+00 -7.043533810457262845e-02 -8.710632567130154741e-03 -6.172470553744380251e-02
3.377868388733604288e+00 -7.074544232471809135e-02 -8.960944074988170388e-03 -6.178449824973142324e-02
3.378979746813177698e+00 -7.073857236964979645e-02 -8.771333569341111663e-03 -6.196723880030740456e-02
3.380091104892750664e+00 -7.045564788003906564e-02 -8.214250823987499089e-03 -6.224139705605159778e-02
3.381202462972324074e+00 -7.003793129277879892e-02 -7.496041637515561337e-03 -6.254188965526075172e-02
3.382313821051897484e+00 -6.967500956777139542e-02 -6.882051415019005414e-03 -6.279295815275247328e-02
3.383425179131470450e+00 -6.953538218875632282e-02 -6.600129087761023861e-03 -6.293525310099602754e-02
3.384536537211043861e+00 -6.970505267062521160e-02 -6.757623592361993586e-03 -6.294742907826483824e-02
3.385647895290617271e+00 -7.015652314152381885e-02 -7.302110626584548680e-03 -6.285441251493931181e-02
3.386759253370190237e+00 -7.075941935376237057e-02 -8.040217511147355889e-03 -6.271920184261604858e-02
3.387870611449763647e+00 -7.132872250935932967e-02 -8.707787903566202581e-03 -6.262093460579534754e-02
3.388981969529336613e+00 -7.169283543851720508e-02 -9.065927821894777597e-03 -6.262690761662038919e-02
3.390093327608910023e+00 -7.175648955726561529e-02 -8.988011372721250308e-03 -6.276847818454706074e-02
3.391204685688482989e+00 -7.153543952090098135e-02 -8.505958644148860215e-03 -6.302948087675241950e-02
3.392316043768056399e+00 -7.115027493561949801e-02 -7.798872806550101108e-03 -6.335140212906791024e-02
3.393427401847629810e+00 -7.078169416053205210e-02 -7.128078966949266682e-03 -6.365361519358456177e-02
3.394538759927202776e+00 -7.060373034099372280e-02 -6.742125369543293389e-03 -6.386160497144753589e-02
3.395650118006776186e+00 -7.071950979375600521e-02 -6.786280612511588761e-03 -6.393322918124073884e-02
3.396761476086349596e+00 -7.112319049274040683e-02 -7.249480190889171644e-03 -6.387371030185005905e-02
3.397872834165922562e+00 -7.170211148654470623e-02 -7.968096717543643459e-03 -6.373401476900041052e-02
3.398984192245495972e+00 -7.227840416781852739e-02 -8.685254215305721059e-03 -6.359314995251139080e-02
3.400095550325069382e+00 -7.267479177365269993e-02 -9.144185060851734229e-03 -6.353060671280055804e-02
3.401206908404642348e+00 -7.278036654600027189e-02 -9.181700557429662429e-03 -6.359866598857158437e-02
3.402318266484215759e+00 -7.259207661999410310e-02 -8.787749451075067136e-03 -6.380432716891805411e-02
3.403429624563788725e+00 -7.221651865791205160e-02 -8.109328253943818079e-03 -6.410719040396983814e-02
3.404540982643362135e+00 -7.183118717038278200e-02 -7.397229394179374862e-03 -6.443395777620905540e-02
3.405652340722935101e+00 -7.161925139030157761e-02 -6.914919382993402891e-03 -6.470433200731040557e-02
3.406763698802508511e+00 -7.170174042678637005e-02 -6.842656226255756230e-03 -6.485908420053176915e-02
3.407875056882081921e+00 -7.209209871096537714e-02 -7.211741984334654396e-03 -6.488035672662680053e-02
3.408986414961654887e+00 -7.268999548402253763e-02 -7.892892741610075744e-03 -6.479710274241164136e-02
3.410097773041228297e+00 -7.331695834768031661e-02 -8.643046575806620849e-03 -6.467391177187328810e-02
3.411209131120801707e+00 -7.378107075303939888e-02 -9.193663742399070526e-03 -6.458740701064309697e-02
3.412320489200374674e+00 -7.394723776934108983e-02 -9.348441358963472531e-03 -6.459879641038060449e-02
3.413431847279948084e+00 -7.378733440611219552e-02 -9.054885939947920209e-03 -6.473244846616611758e-02
3.414543205359521494e+00 -7.339174592332080305e-02 -8.423646640759332657e-03 -6.496809928256262745e-02
3.415654563439094460e+00 -7.293780084349889281e-02 -7.688487394954042486e-03 -6.524931344854505155e-02
3.416765921518667870e+00 -7.262630179673015829e-02 -7.121374923122258949e-03 -6.550492687360782995e-02
3.417877279598240836e+00 -7.260904927173222889e-02 -6.933523169213220289e-03 -6.567552610252033740e-02
3.418988637677814246e+00 -7.293364690094340796e-02 -7.198397396761233719e-03 -6.573524950418363488e-02
3.420099995757387212e+00 -7.352570608915563743e-02 -7.824745151122679612e-03 -6.570096093803491633e-02
3.421211353836960622e+00 -7.421505036958431223e-02 -8.589554218159586862e-03 -6.562549615142744541e-02
3.422322711916534033e+00 -7.479655962986858642e-02 -9.219036582242830236e-03 -6.557752304762688722e-02
3.423434069996106999e+00 -7.510369864708671406e-02 -9.488233051695086143e-03 -6.561546559539374601e-02
3.424545428075680409e+00 -7.506813754345484369e-02 -9.303005365952361772e-03 -6.576513217750412643e-02
3.425656786155253819e+00 -7.474389643984322151e-02 -8.734534640223994006e-03 -6.600936179962080264e-02
3.426768144234826785e+00 -7.428731682767174271e-02 -7.993686302037398411e-03 -6.629363052563541636e-02
3.427879502314400195e+00 -7.390019964338553904e-02 -7.354473473549446444e-03 -6.654572616983395195e-02
3.428990860393973605e+00 -7.375681604433068084e-02 -7.054398118390599326e-03 -6.670241792594236441e-02
3.430102218473546571e+00 -7.394132105260810273e-02 -7.207914264788964354e-03 -6.673340678781986002e-02
3.431213576553119982e+00 -7.441825901143041266e-02 -7.764541565834889164e-03 -6.665371744559638045e-02
3.432324934632692948e+00 -7.504674477880733663e-02 -8.526955147699483845e-03 -6.651978963110619092e-02
3.433436292712266358e+00 -7.563295447528073367e-02 -9.222568405262983326e-03 -6.641038607001814587e-02
3.434547650791839324e+00 -7.600158928238241740e-02 -9.602639546437303011e-03 -6.639894973594648309e-02
3.435659008871412734e+00 -7.606008926544585713e-02 -9.532868166711089275e-03 -6.652722109873857037e-02
3.436770366950986144e+00 -7.583208807532239304e-02 -9.042484922598150593e-03 -6.678960315272391979e-02
3.437881725030559110e+00 -7.544791978609027838e-02 -8.313892060946414392e-03 -6.713402772514426298e-02
3.438993083110132520e+00 -7.509577127619851411e-02 -7.616524751475832467e-03 -6.747924652472289675e-02
3.440104441189705931e+00 -7.495153494759129731e-02 -7.208915960166401016e-03 -6.774261898742697796e-02
3.441215799269278897e+00 -7.511325223375484028e-02 -7.244563869475580814e-03 -6.786868836427902008e-02
3.442327157348852307e+00 -7.556436518870060515e-02 -7.715876945746855814e-03 -6.784848824295326708e-02
3.443438515428425717e+00 -7.617941148982144972e-02 -8.456667733320280544e-03 -6.772274375650294553e-02
3.444549873507998683e+00 -7.677017785416048734e-02 -9.202386554188158804e-03 -6.756779129997235456e-02
3.445661231587571649e+00 -7.715539714083700928e-02 -9.686264794164848452e-03 -6.746913234667155368e-02
3.446772589667145059e+00 -7.722832592017347952e-02 -9.736427687890951421e-03 -6.749189823228525509e-02
3.447883947746718469e+00 -7.699720875652099616e-02 -9.338624458699741615e-03 -6.765858429782288519e-02
3.448995305826291435e+00 -7.658351069606313122e-02 -8.641680863210451577e-03 -6.794182983285207422e-02
3.450106663905864846e+00 -7.617828542301112449e-02 -7.903592360690155777e-03 -6.827469306232024360e-02
3.451218021985438256e+00 -7.597247283608644930e-02 -7.397782432059931551e-03 -6.857469040402802696e-02
3.452329380065011222e+00 -7.608661424902625481e-02 -7.313585555980522956e-03 -6.877302869304234567e-02
3.453440738144584632e+00 -7.652584472862831999e-02 -7.687174577477209891e-03 -6.883867015115342769e-02
3.454552096224158042e+00 -7.717688727717145203e-02 -8.388130259979238376e-03 -6.878875701719375235e-02
3.455663454303731008e+00 -7.784844058083331686e-02 -9.166636881655807964e-03 -6.868180369917800676e-02
3.456774812383304418e+00 -7.834042163821527960e-02 -9.744225128734362168e-03 -6.859619650948109437e-02
3.457886170462877384e+00 -7.851684528194791124e-02 -9.915101025389139525e-03 -6.860174425656116737e-02
3.458997528542450794e+00 -7.835564495524353912e-02 -9.621189777858363268e-03 -6.873445517738448196e-02
3.460108886622023761e+00 -7.795705567759175780e-02 -8.973529923704428105e-03 -6.898352575388716490e-02
3.461220244701597171e+00 -7.750729038491757650e-02 -8.212138004685828885e-03 -6.929515238023280232e-02
3.462331602781170581e+00 -7.721063317785523128e-02 -7.618850586925726698e-03 -6.959178259093061480e-02
3.463442960860743547e+00 -7.721473424548247477e-02 -7.414793857479923256e-03 -6.979994038800244049e-02
3.464554318940316957e+00 -7.755651114973526050e-02 -7.679781194603878258e-03 -6.987672995513471985e-02
3.465665677019890367e+00 -7.814862484638698814e-02 -8.323019505432243878e-03 -6.982560534095377802e-02
3.466777035099463333e+00 -7.881167899156060752e-02 -9.115875803484886977e-03 -6.969580318807983010e-02
3.467888393179036743e+00 -7.934048948731950435e-02 -9.774880319027311193e-03 -6.956560916829210295e-02
3.468999751258610154e+00 -7.958015250943194230e-02 -1.006483330620680169e-02 -6.951531920322912006e-02
3.470111109338183120e+00 -7.948387227741345040e-02 -9.884512493968020813e-03 -6.959935978344729268e-02
3.471222467417756530e+00 -7.913104282084926222e-02 -9.303748704194295463e-03 -6.982729411665787589e-02
3.472333825497329496e+00 -7.869858400703558243e-02 -8.538289001763298830e-03 -7.016029500527418139e-02
3.473445183576902906e+00 -7.839573582656796102e-02 -7.871493002656288623e-03 -7.052424282391026034e-02
3.474556541656475872e+00 -7.838610757805779261e-02 -7.551279816317750526e-03 -7.083482776173918860e-02
3.475667899736049282e+00 -7.872572633650293250e-02 -7.699802382088435926e-03 -7.102592395441525985e-02
3.476779257815622692e+00 -7.934023171459689272e-02 -8.268756759894180935e-03 -7.107147495470347853e-02
3.477890615895195658e+00 -8.005017888508333956e-02 -9.056676238618601923e-03 -7.099350264646560327e-02
3.479001973974769069e+00 -8.063576944415142000e-02 -9.782021292528832873e-03 -7.085374815162179263e-02
3.480113332054342479e+00 -8.091767929136250981e-02 -1.018555170866494372e-02 -7.073212758269832590e-02
3.481224690133915445e+00 -8.082440926863028452e-02 -1.012475999116604387e-02 -7.069964927746469341e-02
3.482336048213488855e+00 -8.042113346619161884e-02 -9.625970279737052285e-03 -7.079516318645437400e-02
3.483447406293062265e+00 -7.988881480663935497e-02 -8.875059534532039537e-03 -7.101375527210797289e-02
3.484558764372635231e+00 -7.946044641618581206e-02 -8.150070199536577076e-03 -7.131037621664912396e-02
3.485670122452208641e+00 -7.933708386854858297e-02 -7.720144977994593261e-03 -7.161693889055582851e-02
3.486781480531781607e+00 -7.961404610356946632e-02 -7.747518657951663751e-03 -7.186652744561865258e-02
3.487892838611355018e+00 -8.024436783335060774e-02 -8.228254085126441436e-03 -7.201611374822364242e-02
3.489004196690927984e+00 -8.105336116257785828e-02 -8.993367472125902984e-03 -7.205999369045032465e-02
3.490115554770501394e+00 -8.179970401388574064e-02 -9.770041506705835418e-03 -7.202966250717958430e-02
3.491226912850074804e+00 -8.226148506901918844e-02 -1.028074912180449579e-02 -7.198073594721619839e-02
3.492338270929647770e+00 -8.231630561547360891e-02 -1.034427028510741947e-02 -7.197203533036432288e-02
3.493449629009221180e+00 -8.198634600392758209e-02 -9.941831460663842074e-03 -7.204451454326532556e-02
3.494560987088794590e+00 -8.143170487792647516e-02 -9.224229388350354067e-03 -7.220747548957651141e-02
3.495672345168367556e+00 -8.089390835232285193e-02 -8.457242273960535045e-03 -7.243666607836375670e-02
3.496783703247940966e+00 -8.060956637940926151e-02 -7.925092094641764812e-03 -7.268447428476849936e-02
3.497895061327514377e+00 -8.072515094640779487e-02 -7.827026663411579960e-03 -7.289812428299766167e-02
3.499006419407087343e+00 -8.124372793673589888e-02 -8.204655302982245130e-03 -7.303907263375232495e-02
3.500117777486660753e+00 -8.202314720831596628e-02 -8.926541564773723958e-03 -7.309660564354177048e-02
3.501229135566233719e+00 -8.282670253034929431e-02 -9.735758674519123454e-03 -7.309094385582960707e-02
3.502340493645807129e+00 -8.340826918367397202e-02 -1.034320288718649714e-02 -7.306506629648880369e-02
3.503451851725380095e+00 -8.360130586620918847e-02 -1.053277346653202703e-02 -7.306853239967579794e-02
3.504563209804953505e+00 -8.337949881492304205e-02 -1.024015086819371478e-02 -7.313934794672967421e-02
3.505674567884526915e+00 -8.286689609831802972e-02 -9.576451470059952481e-03 -7.329044462825770601e-02
3.506785925964099881e+00 -8.229355930446555223e-02 -8.788056200859359346e-03 -7.350550310360788597e-02
3.507897284043673292e+00 -8.191250730006917335e-02 -8.167131601271165886e-03 -7.374537569879911769e-02
3.509008642123246702e+00 -8.190788329215493990e-02 -7.945336890453846834e-03 -7.396254640170270289e-02
3.510120000202819668e+00 -8.232766057801560455e-02 -8.209386531928253988e-03 -7.411827404608625769e-02
3.511231358282393078e+00 -8.306550692362922594e-02 -8.869245988552491161e-03 -7.419626093507702969e-02
3.512342716361966488e+00 -8.389872324940166048e-02 -9.690627847889389176e-03 -7.420809540151061812e-02
3.513454074441539454e+00 -8.456882550287181388e-02 -1.038006462899201260e-02 -7.418876087388089069e-02
3.514565432521112420e+00 -8.487572362729915720e-02 -1.069167203282379852e-02 -7.418405159447437336e-02
3.515676790600685830e+00 -8.475128021503726405e-02 -1.051676617643214004e-02 -7.423451403860811815e-02
3.516788148680259241e+00 -8.428526587031141826e-02 -9.923674431059795881e-03 -7.436159143925538673e-02
3.517899506759832207e+00 -8.369383915125616635e-02 -9.133157802220719795e-03 -7.456068134903591493e-02
3.519010864839405617e+00 -8.324152840539306153e-02 -8.438281965154222769e-03 -7.480324644023861325e-02
3.520122222918979027e+00 -8.314473414902909254e-02 -8.097816704704365043e-03 -7.504691744431986333e-02
3.521233580998551993e+00 -8.349177631873705430e-02 -8.241933726234912383e-03 -7.524984259250266927e-02
3.522344939078125403e+00 -8.420884349367718791e-02 -8.824563760099917581e-03 -7.538427973357685052e-02
3.523456297157698813e+00 -8.508480113143680745e-02 -9.639845838364132641e-03 -7.544495529307362891e-02
3.524567655237271779e+00 -8.584653568864999973e-02 -1.039679575543681414e-02 -7.544973993321141270e-02
3.525679013316845190e+00 -8.625802808129240384e-02 -1.082511126711798582e-02 -7.543291681417228778e-02
3.526790371396418156e+00 -8.620739778113943597e-02 -1.077364469764760177e-02 -7.543375308349170583e-02
3.527901729475991566e+00 -8.575008193614541696e-02 -1.026567299381063447e-02 -7.548440894233496290e-02
3.529013087555564532e+00 -8.509182488900238206e-02 -9.490759819448959730e-03 -7.560106506955319161e-02
3.530124445635137942e+00 -8.451675832300842295e-02 -8.736054346108364232e-03 -7.578070397690050974e-02
3.531235803714711352e+00 -8.428579991584861375e-02 -8.281928019370939781e-03 -7.600387189647789254e-02
3.532347161794284318e+00 -8.454166213486465076e-02 -8.299881287655519468e-03 -7.624178084721013049e-02
3.533458519873857728e+00 -8.525485501079664574e-02 -8.789896214018714377e-03 -7.646495879677725482e-02
3.534569877953431138e+00 -8.623074115920845162e-02 -9.580118053889636123e-03 -7.665062310532040624e-02
3.535681236033004105e+00 -8.717599294360305062e-02 -1.038909824899471833e-02 -7.678689469460896200e-02
3.536792594112577515e+00 -8.780144948923448989e-02 -1.092805420214716314e-02 -7.687339528708539427e-02
3.537903952192150925e+00 -8.792505354527771488e-02 -1.100599008941684220e-02 -7.691906345586041471e-02
3.539015310271723891e+00 -8.753811953966612880e-02 -1.059941239470278164e-02 -7.693870714496492402e-02
3.540126668351297301e+00 -8.681090916481440378e-02 -9.861192961139192067e-03 -7.694971620367629939e-02
3.541238026430870267e+00 -8.603491643730269700e-02 -9.065239675256617224e-03 -7.696967676204634345e-02
3.542349384510443677e+00 -8.552178664245513318e-02 -8.506998937103684572e-03 -7.701478770535273577e-02
3.543460742590016643e+00 -8.549436640129820519e-02 -8.395931109938716691e-03 -7.709843529135974871e-02
3.544572100669590053e+00 -8.600839822300096471e-02 -8.779089302347626439e-03 -7.722930892065185682e-02
3.545683458749163464e+00 -8.693268695790781764e-02 -9.523680834828591318e-03 -7.740900612308025674e-02
3.546794816828736430e+00 -8.799492600465733116e-02 -1.036506951894431913e-02 -7.762985648571213426e-02
3.547906174908309840e+00 -8.887710013745565851e-02 -1.100286530293898002e-02 -7.787423483451787198e-02
3.549017532987883250e+00 -8.932676927865318417e-02 -1.121021014859467473e-02 -7.811655913006043672e-02
3.550128891067456216e+00 -8.924487867299835120e-02 -1.091650113326600620e-02 -7.832837753973270756e-02
3.551240249147029626e+00 -8.871907850985254196e-02 -1.023338880732057969e-02 -7.848568970253104460e-02
3.552351607226603036e+00 -8.799091855802891604e-02 -9.414483221554664771e-03 -7.857643533647551415e-02
3.553462965306176002e+00 -8.736880909090916081e-02 -8.763314427770556303e-03 -7.860549466314023515e-02
3.554574323385749413e+00 -8.711791684725105067e-02 -8.522956477360517369e-03 -7.859496036989145618e-02
3.555685681465322379e+00 -8.736631132638718322e-02 -8.787458130721504529e-03 -7.857885319566679239e-02
3.556797039544895789e+00 -8.806078194405216053e-02 -9.467356633277832639e-03 -7.859342531077644078e-02
3.557908397624468755e+00 -8.898791765186962743e-02 -1.032192098427467744e-02 -7.866599666759567511e-02
3.559019755704042165e+00 -8.985265300951734979e-02 -1.104650335256068469e-02 -7.880614965695907637e-02
3.560131113783615575e+00 -9.038590450558552092e-02 -1.138329782240484964e-02 -7.900260668318147272e-02
3.561242471863188541e+00 -9.044251290081010974e-02 -1.121523139083047127e-02 -7.922728150998098462e-02
3.562353829942761951e+00 -9.005419925136523562e-02 -1.060878434422838322e-02 -7.944541490713903642e-02
3.563465188022335361e+00 -8.941838928125393771e-02 -9.790070524822523657e-03 -7.962831875642993607e-02
3.564576546101908328e+00 -8.882678884697582655e-02 -9.062776920593505758e-03 -7.976401192638211957e-02
3.565687904181481738e+00 -8.855926290824235603e-02 -8.697741151682276267e-03 -7.986152175656049956e-02
3.566799262261055148e+00 -8.878112285684408578e-02 -8.834319057570438199e-03 -7.994680379927465719e-02
3.567910620340628114e+00 -8.948085839862654489e-02 -9.429467668520506718e-03 -8.005139073010578143e-02
3.569021978420201524e+00 -9.047102179582630632e-02 -1.027315548688847308e-02 -8.019786630893918633e-02
3.570133336499774490e+00 -9.145248194880778447e-02 -1.106459351974005932e-02 -8.038788842906995080e-02
3.571244694579347900e+00 -9.211962714833277222e-02 -1.152162674566838997e-02 -8.059800040266422438e-02
3.572356052658920866e+00 -9.226937762666909126e-02 -1.148350632161668390e-02 -8.078587130504903679e-02
3.573467410738494277e+00 -9.187532029995790217e-02 -1.096960787595708912e-02 -8.090571242400244889e-02
3.574578768818067687e+00 -9.110045844140916838e-02 -1.017264165684006461e-02 -8.092781678457029726e-02
3.575690126897640653e+00 -9.024365824039755346e-02 -9.388720570321359288e-03 -8.085493767007946586e-02
3.576801484977214063e+00 -8.963821800764880388e-02 -8.909651722655578809e-03 -8.072856628499419651e-02
3.577912843056787473e+00 -8.953782437507142034e-02 -8.916618924546378111e-03 -8.062120545052606224e-02
3.579024201136360439e+00 -9.002956244297535826e-02 -9.413985139006177810e-03 -8.061557730396953780e-02
3.580135559215933849e+00 -9.100410611452333653e-02 -1.022739921336036223e-02 -8.077670690116102448e-02
3.581246917295507259e+00 -9.219315947576736670e-02 -1.106701193227305376e-02 -8.112614754349410651e-02
3.582358275375080225e+00 -9.326077111579268719e-02 -1.163289105169742696e-02 -8.162788006409457675e-02
3.583469633454653636e+00 -9.391656766305166160e-02 -1.172431029250693355e-02 -8.219225737054512704e-02
3.584580991534226602e+00 -9.401172814259597943e-02 -1.131310315457911830e-02 -8.269862498801808237e-02
3.585692349613800012e+00 -9.358505887610110707e-02 -1.055428595655207719e-02 -8.303077291954932826e-02
3.586803707693372978e+00 -9.284436223484178463e-02 -9.729953794005825884e-03 -8.311440844083552160e-02
3.587915065772946388e+00 -9.209100171734591056e-02 -9.146753141361135125e-03 -8.294424857598653444e-02
3.589026423852519798e+00 -9.161509809621018463e-02 -9.024187799765437390e-03 -8.259091029644272108e-02
3.590137781932092764e+00 -9.159833526468644238e-02 -9.414431393128537551e-03 -8.218390387155979915e-02
3.591249140011666174e+00 -9.205773657583393721e-02 -1.018292788610853511e-02 -8.187480868972368819e-02
3.592360498091239585e+00 -9.284852976428337179e-02 -1.105698049819229221e-02 -8.179154926609194520e-02
3.593471856170812551e+00 -9.372297838188206609e-02 -1.172477916273204253e-02 -8.199819921914909548e-02
3.594583214250385961e+00 -9.442246938296447456e-02 -1.194890605521364835e-02 -8.247356332775152010e-02
3.595694572329959371e+00 -9.476912201359673216e-02 -1.165300618345780845e-02 -8.311611583014134885e-02
3.596805930409532337e+00 -9.472444376947225519e-02 -1.094999254338702849e-02 -8.377445122608552508e-02
3.597917288489105303e+00 -9.439536272837206754e-02 -1.010137864346059844e-02 -8.429398408491378669e-02
3.599028646568678713e+00 -9.398745395733440477e-02 -9.422391004044350371e-03 -8.456506295329331568e-02
3.600140004648252123e+00 -9.372419639896135968e-02 -9.167292978927332053e-03 -8.455690342003679971e-02
3.601251362727825089e+00 -9.376281010697644358e-02 -9.436635167846738753e-03 -8.432617493913238671e-02
3.602362720807398500e+00 -9.413757283998956671e-02 -1.014025754416926148e-02 -8.399731529581927481e-02
3.603474078886971910e+00 -9.475063228367187895e-02 -1.102964441883602133e-02 -8.372098786483542221e-02
3.604585436966544876e+00 -9.541241607701904381e-02 -1.178801260300617673e-02 -8.362440347401550733e-02
3.605696795046118286e+00 -9.591546969919075016e-02 -1.214546749653462598e-02 -8.377000220265506947e-02
3.606808153125691696e+00 -9.611360052433118306e-02 -1.197736250981856418e-02 -8.413623801451357298e-02
3.607919511205264662e+00 -9.597682632234706690e-02 -1.135001868713013742e-02 -8.462680763521829297e-02
3.609030869284838072e+00 -9.560213014850742208e-02 -1.049704398253989077e-02 -8.510508616596615394e-02
3.610142227364411038e+00 -9.517672987436714971e-02 -9.734716355017693223e-03 -8.544201351934782585e-02
3.611253585443984448e+00 -9.490821184027120605e-02 -9.347092415152209038e-03 -8.556111942511909763e-02
3.612364943523557415e+00 -9.494793489669670072e-02 -9.482587493830525738e-03 -8.546534740286657050e-02
3.613476301603130825e+00 -9.533621126879567031e-02 -1.009968623381293437e-02 -8.523652503498625743e-02
3.614587659682704235e+00 -9.598927222687322902e-02 -1.098164155671309608e-02 -8.500763067016212093e-02
3.615699017762277201e+00 -9.673221219734244591e-02 -1.181495537347381636e-02 -8.491725682386980223e-02
3.616810375841850611e+00 -9.736492962696849385e-02 -1.230321445466938182e-02 -8.506171517229974000e-02
3.617921733921424021e+00 -9.773594710865848856e-02 -1.227493387812812406e-02 -8.546101323053036103e-02
3.619033092000996987e+00 -9.779636957186295387e-02 -1.174616092897406289e-02 -8.605020864288752402e-02
3.620144450080570397e+00 -9.761402813372405118e-02 -1.091497874663969331e-02 -8.669904938708510034e-02
3.621255808160143808e+00 -9.734307393763297345e-02 -1.008978507276846875e-02 -8.725328886486474755e-02
3.622367166239716774e+00 -9.716118938146867112e-02 -9.577320789791593514e-03 -8.758386859167734129e-02
3.623478524319290184e+00 -9.719882090576868749e-02 -9.571114122926799306e-03 -8.762770678283970938e-02
3.624589882398863150e+00 -9.748781172507405002e-02 -1.008092585262814617e-02 -8.740688587244702101e-02
3.625701240478436560e+00 -9.794939708724609284e-02 -1.092893142932876288e-02 -8.702046565791565769e-02
3.626812598558009526e+00 -9.842648403921355760e-02 -1.181413547025345415e-02 -8.661234856896198042e-02
3.627923956637582936e+00 -9.874810815369744477e-02 -1.242168823384149495e-02 -8.632641991985587349e-02
3.629035314717156346e+00 -9.880135654606655993e-02 -1.253739652783344982e-02 -8.626396001823219417e-02
3.630146672796729312e+00 -9.858267573547342677e-02 -1.212576813715177289e-02 -8.645690759831901884e-02
3.631258030876302723e+00 -9.820773799279501615e-02 -1.134313478788048779e-02 -8.686460320491348752e-02
3.632369388955876133e+00 -9.787435397182768504e-02 -1.048098288819771656e-02 -8.739337108363019746e-02
3.633480747035449099e+00 -9.779068178878549955e-02 -9.860016803110594613e-03 -8.793066498567302103e-02
3.634592105115022509e+00 -9.809458899737111270e-02 -9.713445068939764726e-03 -8.838114392843056388e-02
3.635703463194595919e+00 -9.879431222710995109e-02 -1.010196326083771107e-02 -8.869234896627345432e-02
3.636814821274168885e+00 -9.975373654862747241e-02 -1.089143445766068904e-02 -8.886230209096900035e-02
3.637926179353741851e+00 -1.007299631924068323e-01 -1.180148993310249118e-02 -8.892847325930552937e-02
3.639037537433315705e+00 -1.014519180499591361e-01 -1.250746253569757008e-02 -8.894445551426342911e-02
3.640148895512888672e+00 -1.017134307639092489e-01 -1.275861526243360355e-02 -8.895481550147577021e-02
3.641260253592461638e+00 -1.014481390766173441e-01 -1.246963073678989189e-02 -8.897850833982960672e-02
3.642371611672035048e+00 -1.007591211642555745e-01 -1.175199096965183140e-02 -8.900713019460461395e-02
3.643482969751608458e+00 -9.989152677387586055e-02 -1.087371002320898158e-02 -8.901781675066683386e-02
3.644594327831181424e+00 -9.915629466205969078e-02 -1.016195661083865720e-02 -8.899433805122416996e-02
3.645705685910754834e+00 -9.883027897963053698e-02 -9.883931971241582265e-03 -8.894634700839321173e-02
3.646817043990328244e+00 -9.906659506995363351e-02 -1.014935599259483498e-02 -8.891723907735808730e-02
3.647928402069901210e+00 -9.984565935348113652e-02 -1.087012852212659517e-02 -8.897553083135495422e-02
3.649039760149474620e+00 -1.009833723102860348e-01 -1.179197836706729133e-02 -8.919139394322032899e-02
3.650151118229048031e+00 -1.021931287597800386e-01 -1.258672262719722282e-02 -8.960640613258441523e-02
3.651262476308620997e+00 -1.031798346430395780e-01 -1.297166039787624701e-02 -9.020817424516135163e-02
3.652373834388193963e+00 -1.037334033030326425e-01 -1.281267289991471110e-02 -9.092073040312076415e-02
3.653485192467767817e+00 -1.037900324344733505e-01 -1.217344478406801565e-02 -9.161658765040828212e-02
3.654596550547340783e+00 -1.034415248688705380e-01 -1.129276263025070018e-02 -9.214876223861866167e-02
3.655707908626913749e+00 -1.028916336461155739e-01 -1.049799835895732364e-02 -9.239363528715829887e-02
3.656819266706487159e+00 -1.023771187882674683e-01 -1.008613835340080658e-02 -9.229098043486588798e-02
3.657930624786060569e+00 -1.020831941893564770e-01 -1.021560122348568606e-02 -9.186759296587249102e-02
3.659041982865633535e+00 -1.020840903103458625e-01 -1.084824949877769007e-02 -9.123584081156792258e-02
3.660153340945206946e+00 -1.023293268413704021e-01 -1.176280918868484113e-02 -9.056651765268713961e-02
3.661264699024780356e+00 -1.026788023078410994e-01 -1.263496075331037305e-02 -9.004384155452900551e-02
3.662376057104353322e+00 -1.029714413169771497e-01 -1.315508789682611271e-02 -8.981635342015351076e-02
3.663487415183926732e+00 -1.030996607562070233e-01 -1.314090800004433755e-02 -8.995875275616396771e-02
3.664598773263500142e+00 -1.030599137565103018e-01 -1.260399012616613551e-02 -9.045592363034582473e-02
3.665710131343073108e+00 -1.029587855146444630e-01 -1.174587381901658761e-02 -9.121291169563114365e-02
3.666821489422646074e+00 -1.029711653753447864e-01 -1.088507998232517496e-02 -9.208608539301918472e-02
3.667932847502219929e+00 -1.032656224609473650e-01 -1.034145883274032937e-02 -9.292416362820724030e-02
3.669044205581792895e+00 -1.039253656050190822e-01 -1.031989148179780422e-02 -9.360547412322378635e-02
3.670155563661365861e+00 -1.048960633591365793e-01 -1.083566522438363447e-02 -9.406039813475340627e-02
3.671266921740939271e+00 -1.059830571099813767e-01 -1.170874070345777687e-02 -9.427431640652700340e-02
3.672378279820512681e+00 -1.069030671297029472e-01 -1.262909315826632808e-02 -9.427397397143942592e-02
3.673489637900085647e+00 -1.073755163835733717e-01 -1.326943823158562887e-02 -9.410607815198958337e-02
3.674600995979659057e+00 -1.072232486011842206e-01 -1.340436424217535116e-02 -9.381888435900451184e-02
3.675712354059232467e+00 -1.064473255283972242e-01 -1.299249780543583824e-02 -9.345482772296623275e-02
3.676823712138805433e+00 -1.052478242830025834e-01 -1.219172633491839505e-02 -9.305609794808673840e-02
3.677935070218378844e+00 -1.039798677173729424e-01 -1.130183800265807670e-02 -9.267802971471560125e-02
3.679046428297952254e+00 -1.030556985350397081e-01 -1.065537247987255118e-02 -9.240032605516566855e-02
3.680157786377525220e+00 -1.028221000471214175e-01 -1.049637977873973949e-02 -9.232572026838085921e-02
3.681269144457098186e+00 -1.034515332899131473e-01 -1.089125946891879304e-02 -9.256027382099354939e-02
3.682380502536671596e+00 -1.048818631702554127e-01 -1.170424087566697760e-02 -9.317762229459126966e-02
3.683491860616245006e+00 -1.068246092978459155e-01 -1.264656583427216201e-02 -9.417804346357837308e-02
3.684603218695817972e+00 -1.088402436444913246e-01 -1.338158737909245916e-02 -9.545865626540084303e-02
3.685714576775391382e+00 -1.104582321655660920e-01 -1.364757617636486522e-02 -9.681065598919967596e-02
3.686825934854964792e+00 -1.113060225687949878e-01 -1.335348646064979383e-02 -9.795253610814709522e-02
3.687937292934537759e+00 -1.112091762760078206e-01 -1.261268808176095428e-02 -9.859648819424876587e-02
3.689048651014111169e+00 -1.102345958963161787e-01 -1.170220294074938300e-02 -9.853239295556735777e-02
3.690160009093684579e+00 -1.086667374601235081e-01 -1.096211163797541216e-02 -9.770462582214951841e-02
3.691271367173257545e+00 -1.069267633244075921e-01 -1.067164555508445453e-02 -9.625511776932541008e-02
3.692382725252830955e+00 -1.054603851485237803e-01 -1.094707680878658981e-02 -9.451330833973652090e-02
3.693494083332404365e+00 -1.046270630684383307e-01 -1.169869844168284351e-02 -9.292836462675541087e-02
3.694605441411977331e+00 -1.046198697985848969e-01 -1.266275778499904164e-02 -9.195711201358766629e-02
3.695716799491550297e+00 -1.054337277985650384e-01 -1.349693929610178492e-02 -9.193678850246281287e-02
3.696828157571123707e+00 -1.068843731501082917e-01 -1.390480672987118652e-02 -9.297956642023572083e-02
3.697939515650697118e+00 -1.086664963008774770e-01 -1.374396408327721933e-02 -9.492253221760138526e-02
3.699050873730270084e+00 -1.104311355856503474e-01 -1.307849176461460886e-02 -9.735264382103538117e-02
3.700162231809843494e+00 -1.118612331620699729e-01 -1.215639063464863182e-02 -9.970484252742292663e-02
3.701273589889416904e+00 -1.127292989964979314e-01 -1.132001284221225562e-02 -1.014092861542857382e-01
3.702384947968989870e+00 -1.129294043513790896e-01 -1.088187346090166777e-02 -1.020475308904761486e-01
3.703496306048563280e+00 -1.124837042278261506e-01 -1.101092596947232660e-02 -1.014727782583600135e-01
3.704607664128136690e+00 -1.115287044561978358e-01 -1.167069963855876108e-02 -9.985800481763615344e-02
3.705719022207709656e+00 -1.102876918995585875e-01 -1.263193863818506957e-02 -9.765575326137583556e-02
3.706830380287282622e+00 -1.090341820331053035e-01 -1.355534092093830731e-02 -9.547884111216949077e-02
3.707941738366856477e+00 -1.080491050101511502e-01 -1.411448969303769757e-02 -9.393461531711450041e-02
3.709053096446429443e+00 -1.075738832319941413e-01 -1.411438476159559280e-02 -9.345949847039905500e-02
3.710164454526002409e+00 -1.077634873682954270e-01 -1.356248208301198688e-02 -9.420100528528554951e-02
3.711275812605575819e+00 -1.086471924021509411e-01 -1.266632644417965692e-02 -9.598086595797138132e-02
3.712387170685149229e+00 -1.101078561542211121e-01 -1.175849903254486822e-02 -9.834935712167824917e-02
3.713498528764722195e+00 -1.118904840606588236e-01 -1.117602870442646612e-02 -1.007144553562315525e-01
3.714609886844295605e+00 -1.136459506375755296e-01 -1.113801993485881436e-02 -1.025079307027191300e-01
3.715721244923869016e+00 -1.150063483538244363e-01 -1.166597340892606277e-02 -1.033403749449004760e-01
3.716832603003441982e+00 -1.156771217636543281e-01 -1.257582469256922700e-02 -1.031012970710880605e-01
3.717943961083015392e+00 -1.155220488455332567e-01 -1.354469355843249123e-02 -1.019773552871009736e-01
3.719055319162588802e+00 -1.146144073953704878e-01 -1.422817258029323087e-02 -1.003862348150768441e-01
3.720166677242161768e+00 -1.132337474106449027e-01 -1.438556811253947562e-02 -9.884817929810726933e-02
3.721278035321734734e+00 -1.118020180666271929e-01 -1.396755362107071283e-02 -9.783446444555454757e-02
3.722389393401308588e+00 -1.107715690972674027e-01 -1.313430407113302424e-02 -9.763726502613520597e-02
3.723500751480881554e+00 -1.104947290396433301e-01 -1.219742604183414111e-02 -9.829730299781232195e-02
3.724612109560454520e+00 -1.111139846209452525e-01 -1.150671413135543469e-02 -9.960727048958940844e-02
3.725723467640027931e+00 -1.125090391507787280e-01 -1.132286893403979672e-02 -1.011861702167386190e-01
3.726834825719601341e+00 -1.143218421173848587e-01 -1.172247764427820221e-02 -1.025993644731068993e-01
3.727946183799174307e+00 -1.160570469617393102e-01 -1.256988218562420795e-02 -1.034871647761147206e-01
3.729057541878747717e+00 -1.172305956719715964e-01 -1.356626511246851637e-02 -1.036643305595025127e-01
3.730168899958321127e+00 -1.175215912143870584e-01 -1.435819321425142563e-02 -1.031633980001363943e-01
3.731280258037894093e+00 -1.168787965306001680e-01 -1.466619121103470910e-02 -1.022126053195663992e-01
3.732391616117467503e+00 -1.155452222067750445e-01 -1.438657003997993560e-02 -1.011586521667941635e-01
3.733502974197040913e+00 -1.139892334395683354e-01 -1.362940285958849813e-02 -1.003598305799823787e-01
3.734614332276613879e+00 -1.127607350440475720e-01 -1.267873359669261651e-02 -1.000820014473566971e-01
3.735725690356186846e+00 -1.123164075908055226e-01 -1.188939545263721642e-02 -1.004270121381710124e-01
3.736837048435760700e+00 -1.128698969281730913e-01 -1.155791746077259458e-02 -1.013119794674051943e-01
3.737948406515333666e+00 -1.143167034168915963e-01 -1.181448686991448671e-02 -1.025022165469784002e-01
3.739059764594906632e+00 -1.162606113588409429e-01 -1.257533699960394769e-02 -1.036852743592374809e-01
3.740171122674480042e+00 -1.181359001072539300e-01 -1.357298397655028188e-02 -1.045629161307035371e-01
3.741282480754053452e+00 -1.193878706312472976e-01 -1.445341047783117207e-02 -1.049344601534192706e-01
3.742393838833626418e+00 -1.196540325941716082e-01 -1.490489559709259372e-02 -1.047491369970795227e-01
3.743505196913199828e+00 -1.188866869240544771e-01 -1.477160986621793917e-02 -1.041150770578363749e-01
3.744616554992773239e+00 -1.173756038659990869e-01 -1.411057222533858811e-02 -1.032650316406614616e-01
3.745727913072346205e+00 -1.156614812666993813e-01 -1.317113455220024834e-02 -1.024903467145022173e-01
3.746839271151919615e+00 -1.143665001043421559e-01 -1.230435213364066555e-02 -1.020621479707032181e-01
3.747950629231493025e+00 -1.139957960052933872e-01 -1.183515778640489152e-02 -1.021606382188871009e-01
3.749061987311065991e+00 -1.147738027274445849e-01 -1.194386678678183156e-02 -1.028299359406658064e-01
3.750173345390638957e+00 -1.165686519353938688e-01 -1.260021939494705007e-02 -1.039684325404474641e-01
3.751284703470212811e+00 -1.189295325032804218e-01 -1.357409631635183092e-02 -1.053554361869310230e-01
3.752396061549785777e+00 -1.212253786952335877e-01 -1.451913964901321331e-02 -1.067062390462213822e-01
3.753507419629358743e+00 -1.228405061020037131e-01 -1.509892853374854640e-02 -1.077415775682574878e-01
3.754618777708932154e+00 -1.233646310790594974e-01 -1.510978485232130318e-02 -1.082548462267388656e-01
3.755730135788505564e+00 -1.227170095447653597e-01 -1.455541775132864618e-02 -1.081615917934355547e-01
3.756841493868078530e+00 -1.211662949883137302e-01 -1.364607810861561896e-02 -1.075202168796960123e-01
3.757952851947651940e+00 -1.192417383916648255e-01 -1.272235596224233559e-02 -1.065193824294212721e-01
3.759064210027225350e+00 -1.175661834060208744e-01 -1.213122874166146919e-02 -1.054349546643575802e-01
3.760175568106798316e+00 -1.166655027753795149e-01 -1.209944280083963958e-02 -1.045660599745403957e-01
3.761286926186371726e+00 -1.168149757185144300e-01 -1.265039401251212212e-02 -1.041645817060054824e-01
3.762398284265945136e+00 -1.179691823212712098e-01 -1.359493226161507390e-02 -1.043742500596595707e-01
3.763509642345518103e+00 -1.197934669185140300e-01 -1.459964620510240466e-02 -1.051938207134123504e-01
3.764621000425091069e+00 -1.217817904254831496e-01 -1.530795301606150023e-02 -1.064738374094216927e-01
3.765732358504664479e+00 -1.234189967370969004e-01 -1.547000690522500922e-02 -1.079489898318740787e-01
3.766843716584237889e+00 -1.243337520967028736e-01 -1.503410807262402747e-02 -1.092996440240800587e-01
3.767955074663810855e+00 -1.243948840962625230e-01 -1.416619382104486631e-02 -1.102286902752197401e-01
3.769066432743384265e+00 -1.237254648258297451e-01 -1.319010457624923693e-02 -1.105353602495804388e-01
3.770177790822957675e+00 -1.226376681825433468e-01 -1.247015796542374350e-02 -1.101675102171219972e-01
3.771289148902530641e+00 -1.215170812238690889e-01 -1.227863534044468935e-02 -1.092384458834242539e-01
3.772400506982104051e+00 -1.206992183193954238e-01 -1.269639328281585433e-02 -1.080028250365824422e-01
3.773511865061677462e+00 -1.203793943923944509e-01 -1.358287716221048477e-02 -1.067965172301858084e-01
3.774623223141250428e+00 -1.205814759534348524e-01 -1.462663849772939326e-02 -1.059548374557082451e-01
3.775734581220823394e+00 -1.211878283082240548e-01 -1.545817809408807017e-02 -1.057296502141390204e-01
3.776845939300397248e+00 -1.220108290156010217e-01 -1.578420412467749362e-02 -1.062266248909210370e-01
3.777957297379970214e+00 -1.228734899228105110e-01 -1.549450063612520072e-02 -1.073789892866846979e-01
3.779068655459543180e+00 -1.236671261508984349e-01 -1.470245546664202506e-02 -1.089646706842583163e-01
3.780180013539116590e+00 -1.243666183608863884e-01 -1.370435034472721608e-02 -1.106622680161622324e-01
3.781291371618690000e+00 -1.250030814114245215e-01 -1.287204521412704458e-02 -1.121310361972980701e-01
3.782402729698262966e+00 -1.256118237191414799e-01 -1.251795638326596433e-02 -1.130938673358778401e-01
3.783514087777836377e+00 -1.261832434763363597e-01 -1.278138923515392475e-02 -1.134018542411816127e-01
3.784625445857409787e+00 -1.266420853597974849e-01 -1.357761304452363704e-02 -1.130644723152751385e-01
3.785736803936982753e+00 -1.268673898297121849e-01 -1.462831485190946301e-02 -1.122390749778024444e-01
3.786848162016556163e+00 -1.267469256848183790e-01 -1.556249267553088018e-02 -1.111844330092882499e-01
3.787959520096129573e+00 -1.262435012445579374e-01 -1.605119844476707650e-02 -1.101923027997903232e-01
3.789070878175702539e+00 -1.254431158584982109e-01 -1.592716222947561377e-02 -1.095159536290265245e-01
3.790182236255275505e+00 -1.245598078281529297e-01 -1.524575238272823582e-02 -1.093140554454276325e-01
3.791293594334849359e+00 -1.238878273193989438e-01 -1.426500914493920164e-02 -1.096228181744592078e-01
3.792404952414422326e+00 -1.237126091622571394e-01 -1.335191189778633242e-02 -1.103606972644737422e-01
3.793516310493995292e+00 -1.242099186780602910e-01 -1.284890426594988144e-02 -1.113610144121068152e-01
3.794627668573568702e+00 -1.253702814621899253e-01 -1.294922029209473122e-02 -1.124210611700962870e-01
3.795739026653142112e+00 -1.269797731822414899e-01 -1.362642030578753785e-02 -1.133533528764570641e-01
3.796850384732715078e+00 -1.286699259468987167e-01 -1.464386789681615397e-02 -1.140260580500846305e-01
3.797961742812288488e+00 -1.300251123223542249e-01 -1.564079789917716123e-02 -1.143843144231754261e-01
3.799073100891861898e+00 -1.307140671625702244e-01 -1.626371659217915391e-02 -1.144503505703919760e-01
3.800184458971434864e+00 -1.306013576722933056e-01 -1.629530898635499561e-02 -1.143060486859413249e-01
3.801295817051008274e+00 -1.297991159257893823e-01 -1.573386055468555672e-02 -1.140652553711041517e-01
3.802407175130581685e+00 -1.286382733307538384e-01 -1.479416081202004213e-02 -1.138441125187363845e-01
3.803518533210154651e+00 -1.275656795535926591e-01 -1.382943086352082795e-02 -1.137362486900725389e-01
3.804629891289727617e+00 -1.269994644782379556e-01 -1.320261240615316217e-02 -1.137968520720852028e-01
3.805741249369301471e+00 -1.271905440394526243e-01 -1.315387603368845318e-02 -1.140366680057642440e-01
3.806852607448874437e+00 -1.281374657600601319e-01 -1.371267949136302164e-02 -1.144247862687013395e-01
3.807963965528447403e+00 -1.295846435254732476e-01 -1.468655849252358328e-02 -1.148980850329485992e-01
3.809075323608020813e+00 -1.311060635543436770e-01 -1.573091256011608166e-02 -1.153751509942299858e-01
3.810186681687594223e+00 -1.322473074630984846e-01 -1.647450946456751816e-02 -1.157727979985286731e-01
3.811298039767167189e+00 -1.326784041659241353e-01 -1.665504135156463741e-02 -1.160233628143638590e-01
3.812409397846740600e+00 -1.323057933729299696e-01 -1.621528122370379313e-02 -1.160905121492272485e-01
3.813520755926314010e+00 -1.313052170074625047e-01 -1.532463178489321988e-02 -1.159805852225688216e-01
3.814632114005886976e+00 -1.300641185210028306e-01 -1.431798242741389934e-02 -1.157461360935868599e-01
3.815743472085460386e+00 -1.290529399495905227e-01 -1.357393768061577327e-02 -1.154790022689767826e-01
3.816854830165033796e+00 -1.286689190744437772e-01 -1.337666661917017233e-02 -1.152922524552764533e-01
3.817966188244606762e+00 -1.291052253515507786e-01 -1.381173521447814911e-02 -1.152934901370762932e-01
3.819077546324179728e+00 -1.302893597500357492e-01 -1.473404755006783168e-02 -1.155553121999694094e-01
3.820188904403753583e+00 -1.319108255479029268e-01 -1.581984481703430090e-02 -1.160909807308715819e-01
3.821300262483326549e+00 -1.335275082906767774e-01 -1.668409504725119896e-02 -1.168434132434277711e-01
3.822411620562899515e+00 -1.347136037049931900e-01 -1.702069909657808952e-02 -1.176929046084175534e-01
3.823522978642472925e+00 -1.351984575581982595e-01 -1.671447444630300497e-02 -1.184839831118948694e-01
3.824634336722046335e+00 -1.349498229564664309e-01 -1.588399043435869198e-02 -1.190658325221104902e-01
3.825745694801619301e+00 -1.341750910389206963e-01 -1.483938902032197818e-02 -1.193357020185987910e-01
3.826857052881192711e+00 -1.332427673076477803e-01 -1.397024886452338452e-02 -1.192725184431250585e-01
3.827968410960766121e+00 -1.325536824559407079e-01 -1.360408867207598543e-02 -1.189495937838659784e-01
3.829079769040339087e+00 -1.324076779364136425e-01 -1.388693803181592634e-02 -1.185207399045980631e-01
3.830191127119912498e+00 -1.329113620545411267e-01 -1.472953908077297147e-02 -1.181818229737695153e-01
3.831302485199485908e+00 -1.339564590526234888e-01 -1.583898726632397211e-02 -1.181174717862990969e-01
3.832413843279058874e+00 -1.352723750110932932e-01 -1.682457683680648949e-02 -1.184477981742900754e-01
3.833525201358631840e+00 -1.365303496919334780e-01 -1.733956823803654151e-02 -1.191907814538974153e-01
3.834636559438205250e+00 -1.374593407739251594e-01 -1.720740060559301787e-02 -1.202519401683340705e-01
3.835747917517778660e+00 -1.379315304281330257e-01 -1.648637732665413774e-02 -1.214451531014788810e-01
3.836859275597351626e+00 -1.379884497353937589e-01 -1.544910665612797551e-02 -1.225393430792704325e-01
3.837970633676925036e+00 -1.378019864651712778e-01 -1.448393009042476393e-02 -1.233180563747459657e-01
3.839081991756498446e+00 -1.375891612249976192e-01 -1.395397790612389055e-02 -1.236351833188773647e-01
3.840193349836071413e+00 -1.375163668527481231e-01 -1.406500828935259087e-02 -1.234513585633970345e-01
3.841304707915644823e+00 -1.376316325503291194e-01 -1.479013152099754869e-02 -1.228415010293339021e-01
3.842416065995218233e+00 -1.378515247255948650e-01 -1.587895545731460301e-02 -1.219725692682838425e-01
3.843527424074791199e+00 -1.380072066202829018e-01 -1.694805004786008665e-02 -1.210591565724253582e-01
3.844638782154364609e+00 -1.379304137336928304e-01 -1.762003888388985473e-02 -1.203103748498061121e-01
3.845750140233938019e+00 -1.375437583782483653e-01 -1.766085358885288725e-02 -1.198829047893955335e-01
3.846861498313510985e+00 -1.369171863921664067e-01 -1.706522796897352520e-02 -1.198519584231923923e-01
3.847972856393083951e+00 -1.362647555953914735e-01 -1.605921154683116400e-02 -1.202055440485589044e-01
3.849084214472657361e+00 -1.358787350795538640e-01 -1.501858628497991857e-02 -1.208601487945742819e-01
3.850195572552230772e+00 -1.360228435774763767e-01 -1.433265153463494923e-02 -1.216901920428440365e-01
3.851306930631803738e+00 -1.368238342202659774e-01 -1.426277700962338621e-02 -1.225610572106435175e-01
3.852418288711377148e+00 -1.382037421102032815e-01 -1.484713628720574566e-02 -1.233566058229993850e-01
3.853529646790950558e+00 -1.398822585110897909e-01 -1.588635225402035625e-02 -1.239959062570662046e-01
3.854641004870523524e+00 -1.414541020750221534e-01 -1.701543847327568332e-02 -1.244386636017439235e-01
3.855752362950096934e+00 -1.425186238257484250e-01 -1.783605498109422371e-02 -1.246825688446546454e-01
3.856863721029670344e+00 -1.428182961726322808e-01 -1.806111828401017055e-02 -1.247571778886229499e-01
3.857975079109243310e+00 -1.423370129281436580e-01 -1.761922648059607507e-02 -1.247177864475500914e-01
3.859086437188816276e+00 -1.413209079173453619e-01 -1.668088040077944992e-02 -1.246400275165666649e-01
3.860197795268390131e+00 -1.402100667199153994e-01 -1.559685424825045172e-02 -1.246132124716622797e-01
3.861309153347963097e+00 -1.395003404994319962e-01 -1.477099828513727536e-02 -1.247293422142951996e-01
3.862420511427536063e+00 -1.395796674809574867e-01 -1.451363227778762130e-02 -1.250660352031724987e-01
3.863531869507109473e+00 -1.405937920406989672e-01 -1.492881134597627210e-02 -1.256649806947226222e-01
3.864643227586682883e+00 -1.423879639431032407e-01 -1.587649581224729461e-02 -1.265114681308577016e-01
3.865754585666255849e+00 -1.445465540151405215e-01 -1.702345936169304477e-02 -1.275230946534476606e-01
3.866865943745829259e+00 -1.465197662314270122e-01 -1.796449867607179812e-02 -1.285552675553564561e-01
3.867977301825402670e+00 -1.477969558287870189e-01 -1.836989993740523533e-02 -1.294270558913825919e-01
3.869088659904975636e+00 -1.480697559884810166e-01 -1.810550519776911449e-02 -1.299642507907139144e-01
3.870200017984549046e+00 -1.473310301820400514e-01 -1.728162969403324381e-02 -1.300494004880128618e-01
3.871311376064122456e+00 -1.458767988482237155e-01 -1.621293401256310857e-02 -1.296638648356608636e-01
3.872422734143695422e+00 -1.442106095204776506e-01 -1.530376485703827810e-02 -1.289068446634405174e-01
3.873534092223268388e+00 -1.428823252110704711e-01 -1.490065295823882197e-02 -1.279816722528297757e-01
3.874645450302842242e+00 -1.423149216936302197e-01 -1.516568956545905761e-02 -1.271492321281727789e-01
3.875756808382415208e+00 -1.426762942243415544e-01 -1.601698389078988136e-02 -1.266593103335537929e-01
3.876868166461988174e+00 -1.438372393547161232e-01 -1.715803618224930049e-02 -1.266792031724685574e-01
3.877979524541561585e+00 -1.454272662975917840e-01 -1.818549074117760747e-02 -1.272417755564167752e-01
3.879090882621134995e+00 -1.469669157369956347e-01 -1.873613873555730891e-02 -1.282307770014417536e-01
3.880202240700707961e+00 -1.480301127096650127e-01 -1.861964858482774432e-02 -1.294104641248400855e-01
3.881313598780281371e+00 -1.483812162538920565e-01 -1.788858547486382039e-02 -1.304926307790312823e-01
3.882424956859854781e+00 -1.480415954524754441e-01 -1.682002990589178543e-02 -1.312215655465851227e-01
3.883536314939427747e+00 -1.472659100629753748e-01 -1.581526702500136994e-02 -1.314506430379767110e-01
3.884647673019001157e+00 -1.464397866244141477e-01 -1.525389533035468106e-02 -1.311858912940573885e-01
3.885759031098574567e+00 -1.459372720181814631e-01 -1.535540374762580859e-02 -1.305818682705559286e-01
3.886870389178147533e+00 -1.459891999714215405e-01 -1.609867549114512436e-02 -1.298905244802767978e-01
3.887981747257720500e+00 -1.466083054758179904e-01 -1.722889588374146991e-02 -1.293794095920746401e-01
3.889093105337294354e+00 -1.475957918254649504e-01 -1.834957211506479252e-02 -1.292462197104003452e-01
3.890204463416867320e+00 -1.486247730385255317e-01 -1.906636568474776722e-02 -1.295584073537786873e-01
3.891315821496440286e+00 -1.493689439010159326e-01 -1.913049101368169760e-02 -1.302384528873364589e-01
3.892427179576013696e+00 -1.496293659140666699e-01 -1.852947567091953879e-02 -1.310998902431468327e-01
3.893538537655587106e+00 -1.494135800507550293e-01 -1.749213519428988173e-02 -1.319214448564674513e-01
3.894649895735160072e+00 -1.489386135126533062e-01 -1.640578705380745309e-02 -1.325328264588474525e-01
3.895761253814733482e+00 -1.485565313709934776e-01 -1.567568372916135558e-02 -1.328808476418344153e-01
3.896872611894306893e+00 -1.486284360484976530e-01 -1.557774370579399423e-02 -1.330506923427035026e-01
3.897983969973879859e+00 -1.493908046679227886e-01 -1.615819151893493205e-02 -1.332326131489884602e-01
3.899095328053453269e+00 -1.508607250925000365e-01 -1.721672251970794362e-02 -1.336440025727932968e-01
3.900206686133026679e+00 -1.528132834038267440e-01 -1.837943762162210989e-02 -1.344338457822024380e-01
3.901318044212599645e+00 -1.548398880793974974e-01 -1.923508851974451567e-02 -1.356047995596543210e-01
3.902429402292172611e+00 -1.564691927779391645e-01 -1.948505052133029519e-02 -1.369841422566098477e-01
3.903540760371746465e+00 -1.573116777884638884e-01 -1.905234802070225608e-02 -1.382593297677619237e-01
3.904652118451319431e+00 -1.571815783739825834e-01 -1.810989259538080959e-02 -1.390716857786007121e-01
3.905763476530892397e+00 -1.561577601193117060e-01 -1.701749079141694904e-02 -1.391402693278987468e-01
3.906874834610465808e+00 -1.545652236336047536e-01 -1.619045051805739072e-02 -1.383747731155484939e-01
3.907986192690039218e+00 -1.528841623128265048e-01 -1.594763503697849485e-02 -1.369365272758522323e-01
3.909097550769612184e+00 -1.516155222308652739e-01 -1.639443389696301420e-02 -1.352210883339003689e-01
3.910208908849185594e+00 -1.511439500367039723e-01 -1.738351504554368210e-02 -1.337604349911626633e-01
3.911320266928759004e+00 -1.516376883795047537e-01 -1.856793543370784810e-02 -1.330697529457982309e-01
3.912431625008331970e+00 -1.530117201555954154e-01 -1.952749534320080693e-02 -1.334842248123988551e-01
3.913542983087905380e+00 -1.549603385023798907e-01 -1.992240260436003302e-02 -1.350379358980232369e-01
3.914654341167478790e+00 -1.570451516052268348e-01 -1.961817485020063423e-02 -1.374269767550295729e-01
3.915765699247051757e+00 -1.588104892285759351e-01 -1.873600466207594670e-02 -1.400744845665025939e-01
3.916877057326624723e+00 -1.598938068955288727e-01 -1.760985579649271965e-02 -1.422839510990398793e-01
3.917988415406198133e+00 -1.601040272130021536e-01 -1.666554019483379445e-02 -1.434384870181668603e-01
3.919099773485771543e+00 -1.594527799249255140e-01 -1.626557314745009225e-02 -1.431872067774747903e-01
3.920211131565344509e+00 -1.581375310789084332e-01 -1.657628470166166990e-02 -1.415612463772479568e-01
3.921322489644917919e+00 -1.564871539180604787e-01 -1.750579504165248115e-02 -1.389813588764097774e-01
3.922433847724491329e+00 -1.548868206908866618e-01 -1.873583191094904676e-02 -1.361509887799380869e-01
3.923545205804064295e+00 -1.536997702684900768e-01 -1.983625484714400533e-02 -1.338635154213456135e-01
3.924656563883637705e+00 -1.532001172801084610e-01 -2.042095541488620630e-02 -1.327791618652228722e-01
3.925767921963211116e+00 -1.535259128728570233e-01 -2.028854364947702688e-02 -1.332373692233794205e-01
3.926879280042784082e+00 -1.546572739134620955e-01 -1.949652548287398451e-02 -1.351607484305902829e-01
3.927990638122357492e+00 -1.564214299970722866e-01 -1.834167406606012143e-02 -1.380797559310114331e-01
3.929101996201930902e+00 -1.585244560777890610e-01 -1.725333078632285827e-02 -1.412711252914683191e-01
3.930213354281503868e+00 -1.606069491663445203e-01 -1.663808528411066592e-02 -1.439688638822318456e-01
3.931324712361076834e+00 -1.623169349013364182e-01 -1.673212444092167170e-02 -1.455848104604158533e-01
3.932436070440650244e+00 -1.633880265336970228e-01 -1.751496442063410833e-02 -1.458730621130650273e-01
3.933547428520223654e+00 -1.637059935946784950e-01 -1.871615224164153643e-02 -1.449898413530377184e-01
3.934658786599796620e+00 -1.633450957910551615e-01 -1.991282712260399740e-02 -1.434322686684539050e-01
3.935770144679370031e+00 -1.625592224019018206e-01 -2.068298615574599639e-02 -1.418762362461557791e-01
3.936881502758943441e+00 -1.617228383627234145e-01 -2.075892618725029212e-02 -1.409639121754749369e-01
3.937992860838516407e+00 -1.612312208831635507e-01 -2.012508509024213757e-02 -1.411061357929193072e-01
3.939104218918089817e+00 -1.613842591854261488e-01 -1.902453562087255343e-02 -1.423597235645532588e-01
3.940215576997663227e+00 -1.622877223675558145e-01 -1.787147397985730871e-02 -1.444162483877007019e-01
3.941326935077236193e+00 -1.638056727395065526e-01 -1.710120288774015507e-02 -1.467044698517668277e-01
3.942438293156809159e+00 -1.655857382943174971e-01 -1.701192160058718345e-02 -1.485738166937319304e-01
3.943549651236383013e+00 -1.671574892333294038e-01 -1.765577821550879875e-02 -1.495017110178224196e-01
3.944661009315955980e+00 -1.680793747585189735e-01 -1.881891536338419629e-02 -1.492604593951359082e-01
3.945772367395528946e+00 -1.680899764918323824e-01 -2.009803286370910602e-02 -1.479919436281258160e-01
3.946883725475102356e+00 -1.672125130137606386e-01 -2.104596413227990265e-02 -1.461665488814826441e-01
3.947995083554675766e+00 -1.657717568747536230e-01 -2.133363451224711688e-02 -1.444381223625090249e-01
3.949106441634248732e+00 -1.643083287140203463e-01 -2.086969033053436007e-02 -1.434386383834851397e-01
3.950217799713822142e+00 -1.634094294713789031e-01 -1.983430823897079642e-02 -1.435751212324074821e-01
3.951329157793395552e+00 -1.635063295079414170e-01 -1.861473304720651784e-02 -1.448915964607362106e-01
3.952440515872968518e+00 -1.647059689582534014e-01 -1.766570973003676187e-02 -1.470402592282194221e-01
3.953551873952541929e+00 -1.667192752270131861e-01 -1.734524847052866525e-02 -1.493740267564872271e-01
3.954663232032115339e+00 -1.689216419977273287e-01 -1.778517592004141834e-02 -1.511364660776862989e-01
3.955774590111688305e+00 -1.705386658426134572e-01 -1.884338284250143200e-02 -1.516952830001143115e-01
3.956885948191261271e+00 -1.709059839288702420e-01 -2.015510443203128235e-02 -1.507508794968389354e-01
3.957997306270835125e+00 -1.697211182035664179e-01 -2.126468277292319770e-02 -1.484564354306482370e-01
3.959108664350408091e+00 -1.671995936146024042e-01 -2.179008398946103917e-02 -1.454095096251417918e-01
3.960220022429981057e+00 -1.640715413593864802e-01 -2.156057353131880794e-02 -1.425109678280696013e-01
3.961331380509554467e+00 -1.614029589253113683e-01 -2.067771037145240548e-02 -1.407252485538587616e-01
3.962442738589127877e+00 -1.602834907900912986e-01 -1.947766806109653415e-02 -1.408058227289925857e-01
3.963554096668700844e+00 -1.614712441657208397e-01 -1.840871459484564807e-02 -1.430625295708759515e-01
3.964665454748274254e+00 -1.651075994414389903e-01 -1.786846647001821484e-02 -1.472391329714218544e-01
3.965776812827847664e+00 -1.706016343695573589e-01 -1.806008555480025091e-02 -1.525415488147577880e-01
3.966888170907420630e+00 -1.767364402149812219e-01 -1.891962025552085952e-02 -1.578168199594601195e-01
3.967999528986994040e+00 -1.819815745867722767e-01 -2.014074298878613944e-02 -1.618408315979866507e-01
3.969110887066567450e+00 -1.849282537061692211e-01 -2.128765132490442399e-02 -1.636406023812666810e-01
3.970222245146140416e+00 -1.847189015740106077e-01 -2.195480167640596891e-02 -1.627640998976067066e-01
3.971333603225713382e+00 -1.813364252369137064e-01 -2.191512404412275516e-02 -1.594213011927922141e-01
3.972444961305287237e+00 -1.756552843713503342e-01 -2.120262678705208542e-02 -1.544526575842996019e-01
3.973556319384860203e+00 -1.692264044484545205e-01 -2.009929070558013134e-02 -1.491271137428760718e-01
3.974667677464433169e+00 -1.638502275274437980e-01 -1.903112636530648882e-02 -1.448191011621388635e-01
3.975779035544006579e+00 -1.610607399279539720e-01 -1.841146947714180845e-02 -1.426492704508132703e-01
3.976890393623579989e+00 -1.616755708800443336e-01 -1.848889465469743393e-02 -1.431866762253466430e-01
3.978001751703152955e+00 -1.655515349379036716e-01 -1.925547563379037888e-02 -1.462960593041148782e-01
3.979113109782726365e+00 -1.716247278974512847e-01 -2.044909061431311043e-02 -1.511756372831381257e-01
3.980224467862299775e+00 -1.782274210035442175e-01 -2.164908739400744561e-02 -1.565783336095353528e-01
3.981335825941872741e+00 -1.835875785474916644e-01 -2.243043228965762789e-02 -1.611571462578348379e-01
3.982447184021446152e+00 -1.863584615104102449e-01 -2.251996908754703292e-02 -1.638384924228627748e-01
3.983558542101019562e+00 -1.860146934420796594e-01 -2.189749606389277195e-02 -1.641171973781854754e-01
3.984669900180592528e+00 -1.829917451003336137e-01 -2.080441412663660075e-02 -1.621873309736985291e-01
3.985781258260165494e+00 -1.785258688342735156e-01 -1.965643097898828184e-02 -1.588694378552850117e-01
3.986892616339739348e+00 -1.742459818508213243e-01 -1.889192788746273804e-02 -1.553540539633581352e-01
3.988003974419312314e+00 -1.716477521763264402e-01 -1.881126864652053754e-02 -1.528364835298045288e-01
3.989115332498885280e+00 -1.716177551161602310e-01 -1.946586294057108674e-02 -1.521518921755871945e-01
3.990226690578458690e+00 -1.741596027276584580e-01 -2.063783032408060894e-02 -1.535217724035799203e-01
3.991338048658032100e+00 -1.784091443451203685e-01 -2.191813960545816592e-02 -1.564910047396640969e-01
3.992449406737605067e+00 -1.829327576906858710e-01 -2.285511850937879674e-02 -1.600776391813113209e-01
3.993560764817178477e+00 -1.862112671961162480e-01 -2.311937683820319833e-02 -1.630918903579148260e-01
3.994672122896751887e+00 -1.871517016330457861e-01 -2.262494585428648924e-02 -1.645267557787600532e-01
3.995783480976324853e+00 -1.854596008979852162e-01 -2.156216154080077205e-02 -1.638974393571825394e-01
3.996894839055898263e+00 -1.817492243866357660e-01 -2.032985174801283865e-02 -1.614193726386206063e-01
3.998006197135471673e+00 -1.773536119573673187e-01 -1.939109467601871778e-02 -1.579625172813466094e-01
3.999117555215044639e+00 -1.738938163400221282e-01 -1.910481720788193352e-02 -1.547889991321432790e-01
4.000228913294617605e+00 -1.727453325352406033e-01 -1.959454327198609930e-02 -1.531507892632537060e-01
4.001340271374191460e+00 -1.745742819723984374e-01 -2.070231250895803940e-02 -1.538719694634415602e-01
4.002451629453764426e+00 -1.790949389594698737e-01 -2.204493124940677326e-02 -1.570500077100612513e-01
4.003562987533337392e+00 -1.851302583964793691e-01 -2.315248054665463781e-02 -1.619777778498256993e-01
4.004674345612910358e+00 -1.909605001212215658e-01 -2.363894611976622220e-02 -1.673215540014546254e-01
4.005785703692484212e+00 -1.948527577837520786e-01 -2.334293965707626151e-02 -1.715098181266754007e-01
4.006897061772057178e+00 -1.956057346393591245e-01 -2.238715205025369748e-02 -1.732185825891057185e-01
4.008008419851631032e+00 -1.929381561046285276e-01 -2.113460599554761732e-02 -1.718035501090803552e-01
4.009119777931203998e+00 -1.875976423958270745e-01 -2.005729616255861811e-02 -1.675403462332696602e-01
4.010231136010776964e+00 -1.811542081228250667e-01 -1.956477133555462045e-02 -1.615894367872723614e-01
4.011342494090349931e+00 -1.755410230856850606e-01 -1.985495566138711226e-02 -1.556860674243006337e-01
4.012453852169923785e+00 -1.724835100328599991e-01 -2.084159665968961239e-02 -1.516419133731706781e-01
4.013565210249496751e+00 -1.729917054211829175e-01 -2.218497673846906923e-02 -1.508067286827158848e-01
4.014676568329069717e+00 -1.770698348506144493e-01 -2.341498465222684872e-02 -1.536548501983884818e-01
4.015787926408643571e+00 -1.837284443139201584e-01 -2.410196549652498382e-02 -1.596264788173991089e-01
4.016899284488216537e+00 -1.912902934377860853e-01 -2.401323863859178287e-02 -1.672770547991948853e-01
4.018010642567789503e+00 -1.978913804765730367e-01 -2.319822961675713224e-02 -1.746931508598184302e-01
4.019122000647362469e+00 -2.020209127101927071e-01 -2.197102762284243449e-02 -1.800498850873493706e-01
4.020233358726936324e+00 -2.029360918141086823e-01 -2.079648606977360648e-02 -1.821396057443360750e-01
4.021344716806509290e+00 -2.008306610051948660e-01 -2.012116179772953373e-02 -1.807094992074657624e-01
4.022456074886083144e+00 -1.967156214854194896e-01 -2.021060530540195327e-02 -1.765050161800169048e-01
4.023567432965656110e+00 -1.920606442763175270e-01 -2.105235340080030548e-02 -1.710082908755181930e-01
4.024678791045229076e+00 -1.883170268000726733e-01 -2.236015879915859150e-02 -1.659568680009136654e-01
4.025790149124802042e+00 -1.864754225322699244e-01 -2.367814161047354996e-02 -1.627972809217966554e-01
4.026901507204375896e+00 -1.867949852025911073e-01 -2.454707008823577355e-02 -1.622479151143553788e-01
4.028012865283948862e+00 -1.887816291376219757e-01 -2.467218492780952344e-02 -1.641094442098132988e-01
4.029124223363521828e+00 -1.914115678884896754e-01 -2.403123645095088523e-02 -1.673803314375396922e-01
4.030235581443095683e+00 -1.935184747761109769e-01 -2.288305390134885708e-02 -1.706354208747641876e-01
4.031346939522668649e+00 -1.942129335068182028e-01 -2.167318596286408466e-02 -1.725397475439544581e-01
4.032458297602241615e+00 -1.931962063568833932e-01 -2.087077064573391802e-02 -1.723254357111511370e-01
4.033569655681814581e+00 -1.908676870456086361e-01 -2.079607970004687667e-02 -1.700716073455623700e-01
4.034681013761388435e+00 -1.881938198174258892e-01 -2.150185403725327765e-02 -1.666919657801733679e-01
4.035792371840961401e+00 -1.863834388265800945e-01 -2.275217046156141273e-02 -1.636312683650172628e-01
4.036903729920535255e+00 -1.864759405250860369e-01 -2.410713002269546795e-02 -1.623688105023903261e-01
4.038015088000108221e+00 -1.889755267811556450e-01 -2.508300393724982938e-02 -1.638925228439082060e-01
4.039126446079681187e+00 -1.936493163500770387e-01 -2.532970973899347986e-02 -1.683196066110835276e-01
4.040237804159254154e+00 -1.995551135244411356e-01 -2.476080400701302989e-02 -1.747943095174294414e-01
4.041349162238828008e+00 -2.052929069819447727e-01 -2.358811395355942322e-02 -1.817047930283868240e-01
4.042460520318400974e+00 -2.094052314655337199e-01 -2.224763175475508517e-02 -1.871575997107768341e-01
4.043571878397973940e+00 -2.108063775372704951e-01 -2.124287430698187235e-02 -1.895635032302891987e-01
4.044683236477547794e+00 -2.091122510509463572e-01 -2.096216929352191782e-02 -1.881500817574258688e-01
4.045794594557120760e+00 -2.047730454550383827e-01 -2.153619581157052709e-02 -1.832368496434701732e-01
4.046905952636693726e+00 -1.989697234504773093e-01 -2.278788785097342340e-02 -1.761818355995062035e-01
4.048017310716266692e+00 -1.933043579760646835e-01 -2.429355633844262549e-02 -1.690108016376217770e-01
4.049128668795840547e+00 -1.893730245290017045e-01 -2.553380292988357766e-02 -1.638392215991184564e-01
4.050240026875413513e+00 -1.883414110399310448e-01 -2.608009770640903890e-02 -1.622613133335240876e-01
4.051351384954987367e+00 -1.906395325806742036e-01 -2.574968861740854764e-02 -1.648898439632660584e-01
4.052462743034560333e+00 -1.958554588914136474e-01 -2.467267834286988176e-02 -1.711827805485455489e-01
4.053574101114133299e+00 -2.028506740973795297e-01 -2.324668176715956672e-02 -1.796039923302243657e-01
4.054685459193706265e+00 -2.100588275687133855e-01 -2.199507427593720699e-02 -1.880637532927776912e-01
4.055796817273280119e+00 -2.158824567122414884e-01 -2.137975553512566629e-02 -1.945027011771168768e-01
4.056908175352853085e+00 -2.190810415283217794e-01 -2.163590413951160113e-02 -1.974451373888108097e-01
4.058019533432426051e+00 -2.190525851020526382e-01 -2.268833894297623416e-02 -1.963642461590779653e-01
4.059130891511999906e+00 -2.159451491209360141e-01 -2.417963535527110908e-02 -1.917655137656646136e-01
4.060242249591572872e+00 -2.105830253172843169e-01 -2.559972350311441602e-02 -1.849833018141709695e-01
4.061353607671145838e+00 -2.042402022258669736e-01 -2.646997159595176549e-02 -1.777702306299155377e-01
4.062464965750718804e+00 -1.983286354133579066e-01 -2.651506450476543222e-02 -1.718135709085937823e-01
4.063576323830292658e+00 -1.940826502154148481e-01 -2.576048891636135985e-02 -1.683221612990550287e-01
4.064687681909865624e+00 -1.923123908943024929e-01 -2.452051339092568838e-02 -1.677918775033754029e-01
4.065799039989439478e+00 -1.932736511432265603e-01 -2.328137595333469589e-02 -1.699922751898886586e-01
4.066910398069012444e+00 -1.966678133946325180e-01 -2.252248822486569227e-02 -1.741453251697676063e-01
4.068021756148585411e+00 -2.017540205343206217e-01 -2.254097141847412333e-02 -1.792130491158476224e-01
4.069133114228158377e+00 -2.075339859805928333e-01 -2.334355347287967591e-02 -1.841904325077122484e-01
4.070244472307732231e+00 -2.129617526885111134e-01 -2.464523110148106322e-02 -1.883165215870284681e-01
4.071355830387305197e+00 -2.171353862877403451e-01 -2.597509262622975032e-02 -1.911602936615102999e-01
4.072467188466878163e+00 -2.194406633537391849e-01 -2.685051892921281463e-02 -1.925901444245255167e-01
4.073578546546452017e+00 -2.196324614962320843e-01 -2.695592666961816805e-02 -1.926765348266145095e-01
4.074689904626024983e+00 -2.178527118287822417e-01 -2.626045824582580457e-02 -1.915922535829576723e-01
4.075801262705597949e+00 -2.145917635913423271e-01 -2.503124319790359098e-02 -1.895605203934383198e-01
4.076912620785170915e+00 -2.106030483662275632e-01 -2.373699135308784264e-02 -1.868660570131420451e-01
4.078023978864744770e+00 -2.067814201199204560e-01 -2.287683530138841237e-02 -1.839045848185335563e-01
4.079135336944317736e+00 -2.040165554804018178e-01 -2.279685084678848006e-02 -1.812197046336156969e-01
4.080246695023891590e+00 -2.030363633849185667e-01 -2.356145762803769916e-02 -1.794749057568828521e-01
4.081358053103464556e+00 -2.042613085578853238e-01 -2.492711934429342469e-02 -1.793341892135944249e-01
4.082469411183037522e+00 -2.076963691481249485e-01 -2.642856606106285672e-02 -1.812678030870616408e-01
4.083580769262610488e+00 -2.128890779628892782e-01 -2.754667397270095519e-02 -1.853424039901878095e-01
4.084692127342183454e+00 -2.189760973583767256e-01 -2.789715149699547453e-02 -1.910789458613822711e-01
4.085803485421757308e+00 -2.248255632090625233e-01 -2.737128617129378980e-02 -1.974542770377705203e-01
4.086914843501330274e+00 -2.292599082146596912e-01 -2.617717227545607664e-02 -2.030827359392041731e-01
4.088026201580904129e+00 -2.313193960387787407e-01 -2.476589799177064330e-02 -2.065534980470096482e-01
4.089137559660477095e+00 -2.305076884968827178e-01 -2.366904058139747760e-02 -2.068386479154825930e-01
4.090248917740050061e+00 -2.269547947085527317e-01 -2.330624814132295497e-02 -2.036485465672301931e-01
4.091360275819623027e+00 -2.214442807637162780e-01 -2.383281423262073595e-02 -1.976114665310969298e-01
4.092471633899196881e+00 -2.152803591411875939e-01 -2.508284083792522434e-02 -1.901975183032652839e-01
4.093582991978769847e+00 -2.100105936447212718e-01 -2.662896168867819047e-02 -1.833816319560450103e-01
4.094694350058343701e+00 -2.070611583128641464e-01 -2.793721336617135259e-02 -1.791239449466947298e-01
4.095805708137916668e+00 -2.073718308364256024e-01 -2.856092098264458728e-02 -1.788109098537791763e-01
4.096917066217489634e+00 -2.111269659512342023e-01 -2.830309268494044656e-02 -1.828238732662940680e-01
4.098028424297062600e+00 -2.176615922304422357e-01 -2.728810025414689019e-02 -1.903734919762978262e-01
4.099139782376635566e+00 -2.255808343397670557e-01 -2.591633175289619062e-02 -1.996645025868681866e-01
4.100251140456209420e+00 -2.330757244330307620e-01 -2.471810620107470907e-02 -2.083576182319548387e-01
4.101362498535782386e+00 -2.383638125259819607e-01 -2.415993262000008107e-02 -2.142038799059821919e-01
4.102473856615356240e+00 -2.401445209035868444e-01 -2.447373594235701527e-02 -2.156707849612295724e-01
4.103585214694929206e+00 -2.379490049720159317e-01 -2.557149593654268332e-02 -2.123775090354744211e-01
4.104696572774502172e+00 -2.322870067954388162e-01 -2.707674729022442606e-02 -2.052102595052144596e-01
4.105807930854075138e+00 -2.245441353829695230e-01 -2.846180139656054667e-02 -1.960823339864100623e-01
4.106919288933648993e+00 -2.166490580518984355e-01 -2.924087562120228356e-02 -1.874081824306964017e-01
4.108030647013221959e+00 -2.105931362130776252e-01 -2.914868719675037245e-02 -1.814444490163262536e-01
4.109142005092794925e+00 -2.079271203562225445e-01 -2.823908882912466028e-02 -1.796880315270952266e-01
4.110253363172368779e+00 -2.093681005157128350e-01 -2.686726395434720083e-02 -1.825008365613648154e-01
4.111364721251941745e+00 -2.146217600733623387e-01 -2.556139650923840850e-02 -1.890603635641251445e-01
4.112476079331514711e+00 -2.224673870053519575e-01 -2.483016330670172189e-02 -1.976372236986525255e-01
4.113587437411087677e+00 -2.310819602536273165e-01 -2.497609676380384280e-02 -2.061058634898252084e-01
4.114698795490661531e+00 -2.385149561096778781e-01 -2.598310258506138920e-02 -2.125318535246160656e-01
4.115810153570234498e+00 -2.431855988058019002e-01 -2.751971271260788415e-02 -2.156658860931931487e-01
4.116921511649808352e+00 -2.442702961612626678e-01 -2.905763114373049322e-02 -2.152126650175308076e-01
4.118032869729381318e+00 -2.418807301170214641e-01 -3.006304395010907238e-02 -2.118176861669122113e-01
4.119144227808954284e+00 -2.369926747585605065e-01 -3.019136479052500488e-02 -2.068013099680343081e-01
4.120255585888527250e+00 -2.311546174387696939e-01 -2.941442241922349182e-02 -2.017401950195475968e-01
4.121366943968101104e+00 -2.260638082409927307e-01 -2.803330064141504319e-02 -1.980305075995761610e-01
4.122478302047674070e+00 -2.231291427995230614e-01 -2.657142346515490444e-02 -1.965577193343673590e-01
4.123589660127247036e+00 -2.231372756495322851e-01 -2.558604891577540008e-02 -1.975512267337581063e-01
4.124701018206820891e+00 -2.261030028772237355e-01 -2.546623749043200324e-02 -2.006367653867938139e-01
4.125812376286393857e+00 -2.313290635183931077e-01 -2.629064388898658816e-02 -2.050384196294070538e-01
4.126923734365966823e+00 -2.376413874501733525e-01 -2.779710628001266781e-02 -2.098442811701599076e-01
4.128035092445539789e+00 -2.437207880742776889e-01 -2.947563290720118037e-02 -2.142451551670761234e-01
4.129146450525113643e+00 -2.484332570805176388e-01 -3.075161546404048957e-02 -2.176816416164792933e-01
4.130257808604686609e+00 -2.510718218306078331e-01 -3.119319626511445412e-02 -2.198786255654930910e-01
4.131369166684260463e+00 -2.514576321454974339e-01 -3.066769295936339762e-02 -2.207899391861351535e-01
4.132480524763833429e+00 -2.498939772391854108e-01 -2.939021131746714227e-02 -2.205037659217194135e-01
4.133591882843406395e+00 -2.470092862408837242e-01 -2.784652511866349614e-02 -2.191627611222189131e-01
4.134703240922979361e+00 -2.435513159010922191e-01 -2.661788390506184335e-02 -2.169334319960320168e-01
4.135814599002553216e+00 -2.401984548950521769e-01 -2.617107512369887257e-02 -2.140273797713572179e-01
4.136925957082126182e+00 -2.374369569872230024e-01 -2.668982004913104250e-02 -2.107471369380910231e-01
4.138037315161699148e+00 -2.355231583021772102e-01 -2.800871956287628861e-02 -2.075144387393003942e-01
4.139148673241273002e+00 -2.345188414547465516e-01 -2.967381552854981425e-02 -2.048450259261961892e-01
4.140260031320845968e+00 -2.343664799546014976e-01 -3.110785071630283241e-02 -2.032586292382977111e-01
4.141371389400418934e+00 -2.349652327373656646e-01 -3.182020364436159710e-02 -2.031450290930020830e-01
4.142482747479991900e+00 -2.362181165546738959e-01 -3.158513468099280463e-02 -2.046329818736802864e-01
4.143594105559565755e+00 -2.380399809117806353e-01 -3.052341193398261723e-02 -2.075165689777919709e-01
4.144705463639138721e+00 -2.403359495824675673e-01 -2.905749855458548969e-02 -2.112784510278827854e-01
4.145816821718712575e+00 -2.429726402830421073e-01 -2.775654641718513019e-02 -2.152160938658582434e-01
4.146928179798285541e+00 -2.457652139789120171e-01 -2.712769398948660510e-02 -2.186375199894269872e-01
4.148039537877858507e+00 -2.484928993019350218e-01 -2.742991131962155271e-02 -2.210629879823124144e-01
4.149150895957431473e+00 -2.509395433356283456e-01 -2.857860207472139730e-02 -2.223609412609081626e-01
4.150262254037005327e+00 -2.529416693055470122e-01 -3.017619499027116015e-02 -2.227654743152768235e-01
4.151373612116578293e+00 -2.544211315950804519e-01 -3.165797768636120085e-02 -2.227631539087226720e-01
4.152484970196151259e+00 -2.553855007313582948e-01 -3.250017856670501387e-02 -2.228853221646548977e-01
4.153596328275725114e+00 -2.558943882861427488e-01 -3.241423148197702941e-02 -2.234801568041628883e-01
4.154707686355298080e+00 -2.560073788002911743e-01 -3.145578091109411945e-02 -2.245515978891944597e-01
4.155819044434871046e+00 -2.557408764189865180e-01 -3.000775804571836555e-02 -2.257331183732695645e-01
4.156930402514444012e+00 -2.550607572658850630e-01 -2.864268966158684329e-02 -2.264180676042980567e-01
4.158041760594017866e+00 -2.539238414174278535e-01 -2.791365135811475773e-02 -2.260101900593148305e-01
4.159153118673590832e+00 -2.523583477067939951e-01 -2.814978997424486679e-02 -2.242085577325488854e-01
4.160264476753164686e+00 -2.505507234959944984e-01 -2.933133495513845501e-02 -2.212193885408521299e-01
4.161375834832737652e+00 -2.488938309422509265e-01 -3.109068090287801789e-02 -2.178031500393727560e-01
4.162487192912310618e+00 -2.479567622352547018e-01 -3.284059095110421211e-02 -2.151161712841492268e-01
4.163598550991883585e+00 -2.483605470062721365e-01 -3.398429591006855988e-02 -2.143762510962019530e-01
4.164709909071457439e+00 -2.505801384993018299e-01 -3.413206594175418468e-02 -2.164480725575488040e-01
4.165821267151030405e+00 -2.547288287798095685e-01 -3.324578385354974575e-02 -2.214830449262606415e-01
4.166932625230603371e+00 -2.604023691397117646e-01 -3.165843081230773626e-02 -2.287439383274041671e-01
4.168043983310177225e+00 -2.666557892218641701e-01 -2.996017910222083941e-02 -2.366956101196439621e-01
4.169155341389750191e+00 -2.721535058821936692e-01 -2.879086714271526792e-02 -2.433626387394763890e-01
4.170266699469323157e+00 -2.754801713321199941e-01 -2.861263492381845019e-02 -2.468675364083010026e-01
4.171378057548896123e+00 -2.755418221752461427e-01 -2.954407053672169353e-02 -2.459977516385245533e-01
4.172489415628469978e+00 -2.719440785096181035e-01 -3.131552102357710449e-02 -2.406285574860419219e-01
4.173600773708042944e+00 -2.652234025936197614e-01 -3.336198467250123256e-02 -2.318614179211173632e-01
4.174712131787616798e+00 -2.568366254006451133e-01 -3.502076009105558468e-02 -2.218158653095901600e-01
4.175823489867189764e+00 -2.488781297547698890e-01 -3.576351277921446109e-02 -2.131146169755529507e-01
4.176934847946762730e+00 -2.435759005521489773e-01 -3.538015576520373018e-02 -2.081957447869459688e-01
4.178046206026335696e+00 -2.426921385630796679e-01 -3.404934531985407548e-02 -2.086427932432244337e-01
4.179157564105909550e+00 -2.469964113270738670e-01 -3.227117440774582985e-02 -2.147252369193287935e-01
4.180268922185482516e+00 -2.559729165477509505e-01 -3.068707680276099720e-02 -2.252858397449945260e-01
4.181380280265055482e+00 -2.678663845520455333e-01 -2.985219744393082658e-02 -2.380141871081152272e-01
4.182491638344629337e+00 -2.800776337927058379e-01 -3.004205196724787225e-02 -2.500355818254604845e-01
4.183602996424202303e+00 -2.898166040913103259e-01 -3.116229325629204377e-02 -2.586543108350206066e-01
4.184714354503775269e+00 -2.948393103772605217e-01 -3.279264409298013327e-02 -2.620466662842790284e-01
4.185825712583348235e+00 -2.940619122347843395e-01 -3.434731434635421299e-02 -2.597145978884313755e-01
4.186937070662922089e+00 -2.878724948154892660e-01 -3.529221234342617974e-02 -2.525802824720606021e-01
4.188048428742495055e+00 -2.780433262608494882e-01 -3.533920033403136624e-02 -2.427041259268165330e-01
4.189159786822068909e+00 -2.672601758119581006e-01 -3.454672848528895363e-02 -2.327134473266690429e-01
4.190271144901641875e+00 -2.583970863969622389e-01 -3.329098050293287370e-02 -2.251061058940302118e-01
4.191382502981214841e+00 -2.537408576527855342e-01 -3.211938697774523177e-02 -2.216214706750421481e-01
4.192493861060787808e+00 -2.543858023499780963e-01 -3.154153393316699860e-02 -2.228442684168089882e-01
4.193605219140361662e+00 -2.599703776461220750e-01 -3.183533081325030933e-02 -2.281350468328724457e-01
4.194716577219934628e+00 -2.688272864950649321e-01 -3.294047441254194242e-02 -2.358868120825231562e-01
4.195827935299507594e+00 -2.784975455374366082e-01 -3.447891674652264066e-02 -2.440186287909133500e-01
4.196939293379081448e+00 -2.864533138721063188e-01 -3.589508304467240590e-02 -2.505582308274328374e-01
4.198050651458654414e+00 -2.908157164761397961e-01 -3.666422686992028279e-02 -2.541514896062183615e-01
4.199162009538227380e+00 -2.908596681495157488e-01 -3.649185582115802712e-02 -2.543678123283575898e-01
4.200273367617800346e+00 -2.871652219551431573e-01 -3.543001451200145785e-02 -2.517352074431423725e-01
4.201384725697374201e+00 -2.813828549115310884e-01 -3.386641562404721362e-02 -2.475164392874871500e-01
4.202496083776947167e+00 -2.756950436260543480e-01 -3.238897748114389491e-02 -2.433060661449124307e-01
4.203607441856521021e+00 -2.721436831187648009e-01 -3.157423442572154793e-02 -2.405694486930441689e-01
4.204718799936093987e+00 -2.720268485981019446e-01 -3.177648853396058959e-02 -2.402503600641437975e-01
4.205830158015666953e+00 -2.755404830678105932e-01 -3.299496603384739074e-02 -2.425455170339637367e-01
4.206941516095239919e+00 -2.817612879381744539e-01 -3.486833677536493176e-02 -2.468929511628084328e-01
4.208052874174813773e+00 -2.889621382111902115e-01 -3.679981229281334421e-02 -2.521623259183784493e-01
4.209164232254386739e+00 -2.951532996546472609e-01 -3.816843439153147499e-02 -2.569848652631158137e-01
4.210275590333959705e+00 -2.986807172109757769e-01 -3.855048724337767352e-02 -2.601302299675992691e-01
4.211386948413533560e+00 -2.987035739898231124e-01 -3.787085517709835869e-02 -2.608327188127235741e-01
4.212498306493106526e+00 -2.954172585453212485e-01 -3.642923162687645294e-02 -2.589880269184445805e-01
4.213609664572679492e+00 -2.899688920299922090e-01 -3.479133825756075549e-02 -2.551775537724334519e-01
4.214721022652252458e+00 -2.841044671139848488e-01 -3.358431806401816766e-02 -2.505201490499621708e-01
4.215832380731826312e+00 -2.796615908587604671e-01 -3.327037392503592178e-02 -2.463912169337222069e-01
4.216943738811399278e+00 -2.780588871101493109e-01 -3.398076571560063736e-02 -2.440781213945477646e-01
4.218055096890973132e+00 -2.799241879537537336e-01 -3.547044204665578127e-02 -2.444537459070980356e-01
4.219166454970546098e+00 -2.849549154137279716e-01 -3.720974274272806359e-02 -2.477451726710006297e-01
4.220277813050119065e+00 -2.920329691923321258e-01 -3.857969115372252011e-02 -2.534532780386096751e-01
4.221389171129692031e+00 -2.995454299358044636e-01 -3.909959160028208397e-02 -2.604458383355200968e-01
4.222500529209265885e+00 -3.058116425949157224e-01 -3.860378013429106858e-02 -2.672078624606271657e-01
4.223611887288838851e+00 -3.094988499795526260e-01 -3.730284377658461131e-02 -2.721960062029674110e-01
4.224723245368411817e+00 -3.099237841144779071e-01 -3.570676085028130775e-02 -2.742170232641987782e-01
4.225834603447985671e+00 -3.071779187131704059e-01 -3.443789560941035860e-02 -2.727400231037584444e-01
4.226945961527558637e+00 -3.020649144333420466e-01 -3.400218148466813139e-02 -2.680627329486712229e-01
4.228057319607131603e+00 -2.958849101328508979e-01 -3.460234863921720500e-02 -2.612825614936306051e-01
4.229168677686704569e+00 -2.901304658078155962e-01 -3.606193347380561021e-02 -2.540685323340089452e-01
4.230280035766278424e+00 -2.861685322607426807e-01 -3.788846735460247445e-02 -2.482800649061366327e-01
4.231391393845851390e+00 -2.849739010733802758e-01 -3.945333555263931535e-02 -2.455205655207383653e-01
4.232502751925425244e+00 -2.869588188056546585e-01 -4.022290189693571161e-02 -2.467359169087210424e-01
4.233614110004998210e+00 -2.919187921835813548e-01 -3.995633610294823529e-02 -2.519624560806308367e-01
4.234725468084571176e+00 -2.990924068931671842e-01 -3.879727818347483703e-02 -2.602951287096908484e-01
4.235836826164144142e+00 -3.073163675220633162e-01 -3.722490310235216510e-02 -2.700914644197101033e-01
4.236948184243717996e+00 -3.152460121814243954e-01 -3.588119835217663811e-02 -2.793648138292469385e-01
4.238059542323290962e+00 -3.216047418613720565e-01 -3.533667752868621670e-02 -2.862680643326839802e-01
4.239170900402863928e+00 -3.254218993264321180e-01 -3.587970610836398178e-02 -2.895421932180639590e-01
4.240282258482437783e+00 -3.262179682724136165e-01 -3.740660977076986499e-02 -2.888113585016453544e-01
4.241393616562010749e+00 -3.241004592629285197e-01 -3.945352407892575852e-02 -2.846469351840023032e-01
4.242504974641583715e+00 -3.197457619237767390e-01 -4.135958158376312060e-02 -2.783861803400107804e-01
4.243616332721156681e+00 -3.142622808594008887e-01 -4.250315893127599304e-02 -2.717591219281216275e-01
4.244727690800730535e+00 -3.089559500337111242e-01 -4.252597756310076693e-02 -2.664299724706070682e-01
4.245839048880303501e+00 -3.050449568814655454e-01 -4.146377061451653190e-02 -2.635811862669483752e-01
4.246950406959877355e+00 -3.033883688229136455e-01 -3.973570841577720586e-02 -2.636526604071356417e-01
4.248061765039450322e+00 -3.042961102676519092e-01 -3.799576289121911477e-02 -2.663003473764340434e-01
4.249173123119023288e+00 -3.074717742245816621e-01 -3.689921809331094676e-02 -2.705725561312695704e-01
4.250284481198596254e+00 -3.121072017939431342e-01 -3.686841663276720082e-02 -2.752387851611769465e-01
4.251395839278169220e+00 -3.171067252131745118e-01 -3.794229236135570477e-02 -2.791644328518148588e-01
4.252507197357743074e+00 -3.213814732301387145e-01 -3.976403287108322415e-02 -2.816174403590564479e-01
4.253618555437316040e+00 -3.241323508583932034e-01 -4.171124844968206180e-02 -2.824211024087140420e-01
4.254729913516889894e+00 -3.250422681489608112e-01 -4.312141582824575992e-02 -2.819208523207144546e-01
4.255841271596462860e+00 -3.243246201004784668e-01 -4.353086722934654262e-02 -2.807937528711277331e-01
4.256952629676035826e+00 -3.226184785793190235e-01 -4.284076686550589153e-02 -2.797777117138149361e-01
4.258063987755608792e+00 -3.207679012588248724e-01 -4.135013817452470875e-02 -2.794177630843012738e-01
4.259175345835182647e+00 -3.195578920281968993e-01 -3.964440794418530589e-02 -2.799134840840136751e-01
4.260286703914755613e+00 -3.194910461174986782e-01 -3.838050486918178489e-02 -2.811105412483154153e-01
4.261398061994329467e+00 -3.206727149073133054e-01 -3.804713809734831809e-02 -2.826255768099653620e-01
4.262509420073902433e+00 -3.228340080330672213e-01 -3.878777683893924050e-02 -2.840462311941273632e-01
4.263620778153475399e+00 -3.254743259690576762e-01 -4.035079930465584885e-02 -2.851235266644019939e-01
4.264732136233048365e+00 -3.280649573527549268e-01 -4.218468182043040582e-02 -2.858802755323221478e-01
4.265843494312621331e+00 -3.302366884128140612e-01 -4.364297223839772033e-02 -2.865937161744182005e-01
4.266954852392195185e+00 -3.318838852875543033e-01 -4.422356263272944621e-02 -2.876603226548220538e-01
4.268066210471768152e+00 -3.331515620869079930e-01 -4.375418727954705905e-02 -2.893973748073609964e-01
4.269177568551342006e+00 -3.343179787340403442e-01 -4.245577945223423522e-02 -2.918621992818037914e-01
4.270288926630914972e+00 -3.356261788127544166e-01 -4.086016605069943408e-02 -2.947660127620531645e-01
4.271400284710487938e+00 -3.371380718803206333e-01 -3.961217625211106708e-02 -2.975258956282075817e-01
4.272511642790060904e+00 -3.386761168220605578e-01 -3.922894625732686880e-02 -2.994471705647332449e-01
4.273623000869634758e+00 -3.398829637404627846e-01 -3.990529963083346010e-02 -2.999776641096266738e-01
4.274734358949207724e+00 -3.403811827516430299e-01 -4.143755150399128923e-02 -2.989436312476511648e-01
4.275845717028780690e+00 -3.399717110799310715e-01 -4.329484549740370003e-02 -2.966768655825267054e-01
4.276957075108354545e+00 -3.387881282921011983e-01 -4.481292735810558231e-02 -2.939752009339958727e-01
4.278068433187927511e+00 -3.373339994251736695e-01 -4.543993108376662149e-02 -2.918940683414076309e-01
4.279179791267500477e+00 -3.363704116420494494e-01 -4.494399411635169317e-02 -2.914264175256967571e-01
4.280291149347073443e+00 -3.366771351468818008e-01 -4.350574106957416642e-02 -2.931713940773097438e-01
4.281402507426647297e+00 -3.387631809909574798e-01 -4.166025099081886729e-02 -2.971029300001373219e-01
4.282513865506220263e+00 -3.426307067506709214e-01 -4.010800930188612723e-02 -3.025226974487841836e-01
4.283625223585794117e+00 -3.476877435053103427e-01 -3.946253497177316938e-02 -3.082252085335343561e-01
4.284736581665367083e+00 -3.528603725347344566e-01 -4.002618491074389634e-02 -3.128341876239921215e-01
4.285847939744940049e+00 -3.568874833057491536e-01 -4.167619456195703620e-02 -3.152112887437915623e-01
4.286959297824513015e+00 -3.587140127328853345e-01 -4.390353847696805423e-02 -3.148104742559142966e-01
4.288070655904086870e+00 -3.578559255614819357e-01 -4.599189819774277682e-02 -3.118640273637388050e-01
4.289182013983659836e+00 -3.546091761425821387e-01 -4.727297655552908928e-02 -3.073361995870506069e-01
4.290293372063232802e+00 -3.500187012346901994e-01 -4.736623018223126008e-02 -3.026524710524582384e-01
4.291404730142806656e+00 -3.455996197895571109e-01 -4.631619444422781229e-02 -2.992834253453284798e-01
4.292516088222379622e+00 -3.428866366172673152e-01 -4.457726156915531313e-02 -2.983093750481137785e-01
4.293627446301952588e+00 -3.429505034798719931e-01 -4.285084135200540462e-02 -3.000996621278657073e-01
4.294738804381525554e+00 -3.460394507310501355e-01 -4.183332832136638091e-02 -3.042061224096833105e-01
4.295850162461099409e+00 -3.514699995093256701e-01 -4.196575647029743283e-02 -3.095042430390270161e-01
4.296961520540672375e+00 -3.578144578256298725e-01 -4.327556973881079017e-02 -3.145388880868162929e-01
4.298072878620246229e+00 -3.633360002031701397e-01 -4.536764731418380797e-02 -3.179683528889828414e-01
4.299184236699819195e+00 -3.665383905383899910e-01 -4.756763283715906981e-02 -3.189707577012261819e-01
4.300295594779392161e+00 -3.666548715885664667e-01 -4.916537285493914611e-02 -3.174894987336253638e-01
4.301406952858965127e+00 -3.639151906058923358e-01 -4.966998826462559746e-02 -3.142452023412656836e-01
4.302518310938538981e+00 -3.594980317370574663e-01 -4.898402914485754100e-02 -3.105140025921997449e-01
4.303629669018111947e+00 -3.551768954775373910e-01 -4.743381950150747650e-02 -3.077430759760295675e-01
4.304741027097684913e+00 -3.527678640746086947e-01 -4.564569163626805426e-02 -3.071221724383349505e-01
4.305852385177258768e+00 -3.535542940469288964e-01 -4.431414283789522623e-02 -3.092401512090314220e-01
4.306963743256831734e+00 -3.578735580098087454e-01 -4.394741255390104823e-02 -3.139261454559091891e-01
4.308075101336404700e+00 -3.650003427474082240e-01 -4.468409411249438246e-02 -3.203162486349112603e-01
4.309186459415977666e+00 -3.733657496065869719e-01 -4.624812708745110190e-02 -3.271176225191322895e-01
4.310297817495551520e+00 -3.810426570511203370e-01 -4.805843070679532980e-02 -3.329842263443226758e-01
4.311409175575124486e+00 -3.863413714603837201e-01 -4.945224526807885657e-02 -3.368891261923047664e-01
4.312520533654698340e+00 -3.883241378724689441e-01 -4.993897892431037322e-02 -3.383851589481584043e-01
4.313631891734271306e+00 -3.870743483473370050e-01 -4.938965856325107373e-02 -3.376846897840841688e-01
4.314743249813844272e+00 -3.836371523621910917e-01 -4.809044585162079721e-02 -3.355467065105678381e-01
4.315854607893417239e+00 -3.796557159515240865e-01 -4.663872135462224927e-02 -3.330169945968995404e-01
4.316965965972991093e+00 -3.768259213157417742e-01 -4.571870252995029194e-02 -3.311072187857907467e-01
4.318077324052564059e+00 -3.763494102750771231e-01 -4.583894516131731267e-02 -3.305104651137596439e-01
4.319188682132137025e+00 -3.785621918637041561e-01 -4.712950930763314117e-02 -3.314326825560690581e-01
4.320300040211710879e+00 -3.828552899155345801e-01 -4.927603341093136913e-02 -3.335792565046000746e-01
4.321411398291283845e+00 -3.879061204009391917e-01 -5.161859274843945411e-02 -3.362875276524956991e-01
4.322522756370856811e+00 -3.921374619657310712e-01 -5.338281550095787947e-02 -3.387546464647719358e-01
4.323634114450429777e+00 -3.942487477846892130e-01 -5.396132284884156555e-02 -3.402874249358449066e-01
4.324745472530003632e+00 -3.936450962091079253e-01 -5.314339707652830647e-02 -3.405016991325766629e-01
4.325856830609576598e+00 -3.906279991081205161e-01 -5.120762531102619752e-02 -3.394203737970933332e-01
4.326968188689150452e+00 -3.862934791077105579e-01 -4.884046036355305098e-02 -3.374530187441572293e-01
4.328079546768723418e+00 -3.821803211941204870e-01 -4.690604870900613732e-02 -3.352742724851123790e-01
4.329190904848296384e+00 -3.797901115166634756e-01 -4.614681829488256892e-02 -3.336432932217806568e-01
4.330302262927869350e+00 -3.801367448253694659e-01 -4.692049523891186208e-02 -3.332162495864590124e-01
4.331413621007443204e+00 -3.834657053969636742e-01 -4.906768093470137426e-02 -3.343980244622575260e-01
4.332524979087016170e+00 -3.892210229600429061e-01 -5.195868061465500065e-02 -3.372623423453901537e-01
4.333636337166589136e+00 -3.962534256361744944e-01 -5.470500931223192670e-02 -3.415484163239398407e-01
4.334747695246162991e+00 -4.031862836276497442e-01 -5.646251209737820215e-02 -3.467237715302691758e-01
4.335859053325735957e+00 -4.088118759314088302e-01 -5.672031102885913278e-02 -3.520915649025473382e-01
4.336970411405308923e+00 -4.123921310732537315e-01 -5.547462491786699090e-02 -3.569175061553856998e-01
4.338081769484881889e+00 -4.137816392378665387e-01 -5.322721790402309971e-02 -3.605544213338399140e-01
4.339193127564455743e+00 -4.133583558517717194e-01 -5.081024599518677021e-02 -3.625481098565804805e-01
4.340304485644028709e+00 -4.118136347935695829e-01 -4.910037039656477836e-02 -3.627132643970016890e-01
4.341415843723602563e+00 -4.098947236618787904e-01 -4.872334870332713230e-02 -3.611713749585490074e-01
4.342527201803175529e+00 -4.081966419073342345e-01 -4.985231030514545442e-02 -3.583443316021889813e-01
4.343638559882748496e+00 -4.070680160290306437e-01 -5.216812349585497888e-02 -3.548998925331750542e-01
4.344749917962321462e+00 -4.066418403416811600e-01 -5.499148430950297206e-02 -3.516503560321742605e-01
4.345861276041895316e+00 -4.069493500504896000e-01 -5.753499011794242085e-02 -3.494143599325421623e-01
4.346972634121468282e+00 -4.080439470895603771e-01 -5.918167667703999602e-02 -3.488622704125226015e-01
4.348083992201041248e+00 -4.100639204553451211e-01 -5.968919663624728394e-02 -3.503747238190952351e-01
4.349195350280615102e+00 -4.131956835342429080e-01 -5.924824603502447384e-02 -3.539474374992164774e-01
4.350306708360188068e+00 -4.175491343504465491e-01 -5.837883871600474395e-02 -3.591702956344403064e-01
4.351418066439761034e+00 -4.230025409933745317e-01 -5.770815798434496963e-02 -3.652943830090289445e-01
4.352529424519334000e+00 -4.290965973123672117e-01 -5.771681060941191016e-02 -3.713797867029567934e-01
4.353640782598907855e+00 -4.350456951857787913e-01 -5.855060564043793742e-02 -3.764950895453414437e-01
4.354752140678480821e+00 -4.398920839014537343e-01 -5.996890022987079460e-02 -3.799231836715844524e-01
4.355863498758054675e+00 -4.427709457226050027e-01 -6.144799710753542921e-02 -3.813229486150681580e-01
4.356974856837627641e+00 -4.432037750305387047e-01 -6.239875230116926491e-02 -3.808050227293686696e-01
4.358086214917200607e+00 -4.413144344628007754e-01 -6.241368214088554439e-02 -3.789007523219134477e-01
4.359197572996773573e+00 -4.378778907502918760e-01 -6.144695163466943472e-02 -3.764309391156188678e-01
4.360308931076347427e+00 -4.341627498014092867e-01 -5.985532413465516344e-02 -3.743074256667525135e-01
4.361420289155920393e+00 -4.315986169609993262e-01 -5.828045230816011890e-02 -3.733181646528403452e-01
4.362531647235493359e+00 -4.313634583603759842e-01 -5.741340612142872835e-02 -3.739500522389456738e-01
4.363643005315067214e+00 -4.340209056226778106e-01 -5.772841957841076677e-02 -3.762924860442666275e-01
4.364754363394640180e+00 -4.393288029468776501e-01 -5.928697441524467121e-02 -3.800418285316320977e-01
4.365865721474213146e+00 -4.462892387697895424e-01 -6.168968826972030112e-02 -3.845995505000713854e-01
4.366977079553786112e+00 -4.534329688474992848e-01 -6.420017860549356858e-02 -3.892327902420043562e-01
4.368088437633359966e+00 -4.592534636269767212e-01 -6.600140740610258017e-02 -3.932520562208742243e-01
4.369199795712932932e+00 -4.626545815696631037e-01 -6.649440117133903483e-02 -3.961601803983244574e-01
4.370311153792506786e+00 -4.632692669934159735e-01 -6.553067289039860022e-02 -3.977385941030148753e-01
4.371422511872079752e+00 -4.615477392700061410e-01 -6.349064413539075302e-02 -3.980570951346130704e-01
4.372533869951652719e+00 -4.585889932511774680e-01 -6.117397373441604835e-02 -3.974150195167597266e-01
4.373645228031225685e+00 -4.557737351201768261e-01 -5.953498261720954060e-02 -3.962387525029640312e-01
4.374756586110799539e+00 -4.543215681601603939e-01 -5.935308080732019931e-02 -3.949684873528380713e-01
4.375867944190372505e+00 -4.549184181112584380e-01 -6.095351112470578925e-02 -3.939649069865502340e-01
4.376979302269945471e+00 -4.575342063202872400e-01 -6.407817377484587018e-02 -3.934560325454390939e-01
4.378090660349519325e+00 -4.614848785938816533e-01 -6.795484441949614651e-02 -3.935300341743847019e-01
4.379202018429092291e+00 -4.657099239978315097e-01 -7.154381211660626461e-02 -3.941661118812257447e-01
4.380313376508665257e+00 -4.691649265311061967e-01 -7.387848087267118169e-02 -3.952864456584327946e-01
4.381424734588238223e+00 -4.711926565548994472e-01 -7.438314831670578275e-02 -3.968095082381885574e-01
4.382536092667812078e+00 -4.717473120613806525e-01 -7.305897991491377974e-02 -3.986883321464662622e-01
4.383647450747385044e+00 -4.713999364470915499e-01 -7.047539925288937024e-02 -4.009245371941999592e-01
4.384758808826958898e+00 -4.711294871946245522e-01 -6.757221745710650929e-02 -4.035572697375149342e-01
4.385870166906531864e+00 -4.719767359091097125e-01 -6.534351500159940596e-02 -4.066332209075019244e-01
4.386981524986104830e+00 -4.746823358537447524e-01 -6.451421216036389017e-02 -4.101681236933800712e-01
4.388092883065677796e+00 -4.794317303410817743e-01 -6.532044379164131387e-02 -4.141112865494400164e-01
4.389204241145251650e+00 -4.857890601061533586e-01 -6.746569816144681875e-02 -4.183233619447054852e-01
4.390315599224824616e+00 -4.928352945497151971e-01 -7.026075435367999666e-02 -4.225745401960346870e-01
4.391426957304397583e+00 -4.994565290225762011e-01 -7.289011292386000929e-02 -4.265664160987107656e-01
4.392538315383971437e+00 -5.046807445342855747e-01 -7.470445700407027378e-02 -4.299762875302141629e-01
4.393649673463544403e+00 -5.079507920271697508e-01 -7.543295233067198735e-02 -4.325178396964977079e-01
4.394761031543117369e+00 -5.092497564955498213e-01 -7.524229185910104312e-02 -4.340074646364481259e-01
4.395872389622690335e+00 -5.090502192536834336e-01 -7.462846595624871016e-02 -4.344217532974345430e-01
4.396983747702264189e+00 -5.081203540634191551e-01 -7.419003868626090903e-02 -4.339303153771538746e-01
4.398095105781837155e+00 -5.072652561562374096e-01 -7.437485574742440375e-02 -4.328904004088123258e-01
4.399206463861411009e+00 -5.070962870265279809e-01 -7.529976077696723391e-02 -4.317965262495575551e-01
4.400317821940983976e+00 -5.079014615489312323e-01 -7.671259854485681928e-02 -4.311888630040692783e-01
4.401429180020556942e+00 -5.096455880052710441e-01 -7.810932680780965920e-02 -4.315362611974604135e-01
4.402540538100129908e+00 -5.120781146735741141e-01 -7.895803817909205491e-02 -4.331200764944823645e-01
4.403651896179702874e+00 -5.148889679974896216e-01 -7.893940488966716407e-02 -4.359495631078227906e-01
4.404763254259276728e+00 -5.178416138580226313e-01 -7.810574219721176659e-02 -4.397358716608077978e-01
4.405874612338849694e+00 -5.208307473119632158e-01 -7.689157644200562969e-02 -4.439391708699585437e-01
4.406985970418423548e+00 -5.238504966359597281e-01 -7.596590530072125369e-02 -4.478845913352361152e-01
4.408097328497996514e+00 -5.269011800899892073e-01 -7.597860413032170301e-02 -4.509225759596653949e-01
4.409208686577569480e+00 -5.298908479924298032e-01 -7.729683697864768444e-02 -4.525940110137807726e-01
4.410320044657142446e+00 -5.325904475502802882e-01 -7.983484294067760834e-02 -4.527556046096020692e-01
4.411431402736716301e+00 -5.346774040412058948e-01 -8.304838341042243555e-02 -4.516290206307834176e-01
4.412542760816289267e+00 -5.358616255448253041e-01 -8.610468880133159697e-02 -4.497569367434899879e-01
4.413654118895863121e+00 -5.360473542161294791e-01 -8.817214033687879871e-02 -4.478752138792471138e-01
4.414765476975436087e+00 -5.354611619017571877e-01 -8.872619458272837378e-02 -4.467349673190272874e-01
4.415876835055009053e+00 -5.346813701584911538e-01 -8.775772244719937110e-02 -4.469236477112878414e-01
4.416988193134582019e+00 -5.345368864204806947e-01 -8.580192698604030554e-02 -4.487349594344386960e-01
4.418099551214154985e+00 -5.358923226010109397e-01 -8.376955782095760195e-02 -4.521227647800509786e-01
4.419210909293728839e+00 -5.393827688906410733e-01 -8.263447122688727386e-02 -4.567482976637486369e-01
4.420322267373301806e+00 -5.451872886250102024e-01 -8.308612036653248434e-02 -4.621011682584773572e-01
4.421433625452875660e+00 -5.529239214767078803e-01 -8.527171729615770635e-02 -4.676522041805491470e-01
4.422544983532448626e+00 -5.617114334083450622e-01 -8.872373223825288924e-02 -4.729877011700943101e-01
4.423656341612021592e+00 -5.703869171257486270e-01 -9.250375123564252844e-02 -4.778831658901042112e-01
4.424767699691594558e+00 -5.778138151779771414e-01 -9.551642185313671818e-02 -4.822973933248382306e-01
4.425879057771168412e+00 -5.831822329437218455e-01 -9.688524634562427351e-02 -4.862969865980963924e-01
4.426990415850741378e+00 -5.862051142289633754e-01 -9.625814857012950088e-02 -4.899469656588323896e-01
4.428101773930314344e+00 -5.871499603703105308e-01 -9.393425232179714035e-02 -4.932157080485149447e-01
4.429213132009888199e+00 -5.867034092567364745e-01 -9.076619397531608679e-02 -4.959372152814170431e-01
4.430324490089461165e+00 -5.857240233558574927e-01 -8.787210366818447305e-02 -4.978519196876703967e-01
4.431435848169034131e+00 -5.849755356708666865e-01 -8.625926387276980356e-02 -4.987162717980946347e-01
4.432547206248607097e+00 -5.849348154289004675e-01 -8.649263575394822157e-02 -4.984421796749542999e-01
4.433658564328180951e+00 -5.857353438274877089e-01 -8.852441694940604844e-02 -4.972109268780832703e-01
4.434769922407753917e+00 -5.872510535368111739e-01 -9.174164601973695821e-02 -4.955094075170739520e-01
4.435881280487327771e+00 -5.892688565435726389e-01 -9.520920549295229518e-02 -4.940596510506173322e-01
4.436992638566900737e+00 -5.916634908139399851e-01 -9.801468812445193746e-02 -4.936488026894876868e-01
4.438103996646473703e+00 -5.944896951081436454e-01 -9.958569012316123570e-02 -4.949040049849813272e-01
4.439215354726046669e+00 -5.979443875201242431e-01 -9.986256373936192032e-02 -4.980818237807599913e-01
4.440326712805620524e+00 -6.022110949581471750e-01 -9.926595230017561111e-02 -5.029451426579663043e-01
4.441438070885193490e+00 -6.072564830609712416e-01 -9.847756361211805476e-02 -5.087789194488485656e-01
4.442549428964766456e+00 -6.126801356102423712e-01 -9.812483966623589127e-02 -5.145552959440056195e-01
4.443660787044340310e+00 -6.177085797265873257e-01 -9.849792014641835236e-02 -5.192106595801659896e-01
4.444772145123913276e+00 -6.213735373484123858e-01 -9.941566153776949799e-02 -5.219578758106431238e-01
4.445883503203486242e+00 -6.228396216069258529e-01 -1.003000104904034906e-01 -5.225396111165185875e-01
4.446994861283059208e+00 -6.217762510111726204e-01 -1.004357899717001068e-01 -5.213404610394702932e-01
4.448106219362633063e+00 -6.186312695184099653e-01 -9.931695438065568649e-02 -5.193143151377517253e-01
4.449217577442206029e+00 -6.146781368357756570e-01 -9.694013531979198128e-02 -5.177380015159817050e-01
4.450328935521779883e+00 -6.117748235965040360e-01 -9.391869936482466485e-02 -5.178561242316780389e-01
4.451440293601352849e+00 -6.118711386855085754e-01 -9.135303879501616153e-02 -5.205180998904900269e-01
4.452551651680925815e+00 -6.163985637288441621e-01 -9.048380883430595656e-02 -5.259147548945383166e-01
4.453663009760498781e+00 -6.257366407184465906e-01 -9.224108740680911356e-02 -5.334955533116354509e-01
4.454774367840072635e+00 -6.389470087698434497e-01 -9.685113911252409002e-02 -5.420958696573190405e-01
4.455885725919645601e+00 -6.538954911673907633e-01 -1.036534292411623037e-01 -5.502420619262248236e-01
4.456997083999218567e+00 -6.677633208666886588e-01 -1.112141698923286431e-01 -5.565491509743581977e-01
4.458108442078792422e+00 -6.778185044269626758e-01 -1.177206102339691945e-01 -5.600978941929918298e-01
4.459219800158365388e+00 -6.822217513187095461e-01 -1.215381599568374632e-01 -5.606835913618700706e-01
4.460331158237938354e+00 -6.806138121036968691e-01 -1.217473907713731429e-01 -5.588664213323228935e-01
4.461442516317511320e+00 -6.742861787835449094e-01 -1.184751147622813139e-01 -5.558110640212617914e-01
4.462553874397085174e+00 -6.658609044001585486e-01 -1.128966676181297341e-01 -5.529642367820268856e-01
4.463665232476658140e+00 -6.585595979584146775e-01 -1.068952725043790380e-01 -5.516643254540326557e-01
4.464776590556231994e+00 -6.552761489024380159e-01 -1.024819077693939068e-01 -5.527942411330407646e-01
4.465887948635804960e+00 -6.577368331952849756e-01 -1.011641754177321495e-01 -5.565726577775511608e-01
4.466999306715377926e+00 -6.660100335323249077e-01 -1.034744102833389662e-01 -5.625356232489862052e-01
4.468110664794950893e+00 -6.785204782488895026e-01 -1.088165266851303381e-01 -5.697039515637589702e-01
4.469222022874524747e+00 -6.925632881281361675e-01 -1.156841769217760857e-01 -5.768791112063589299e-01
4.470333380954097713e+00 -7.051531476729169245e-01 -1.221761880031932285e-01 -5.829769596697211842e-01
4.471444739033670679e+00 -7.139365849478246373e-01 -1.266330328395782745e-01 -5.873035521082433652e-01
4.472556097113244533e+00 -7.178767468797714324e-01 -1.281764144465409871e-01 -5.897003324332297236e-01
4.473667455192817499e+00 -7.174968798470369169e-01 -1.269681206599575229e-01 -5.905287591870785890e-01
4.474778813272390465e+00 -7.146156115737817283e-01 -1.241027546141551668e-01 -5.905128569596245214e-01
4.475890171351963431e+00 -7.116749882083934775e-01 -1.211774761006057521e-01 -5.904975121077851163e-01
4.477001529431537286e+00 -7.108947526713871312e-01 -1.196952491462535684e-01 -5.911995035251328412e-01
4.478112887511110252e+00 -7.135391968052871015e-01 -1.205160601057845282e-01 -5.930231366995009079e-01
4.479224245590684106e+00 -7.195388316861597300e-01 -1.235523388070335071e-01 -5.959864928791278604e-01
4.480335603670257072e+00 -7.275838909377199126e-01 -1.278165852908410005e-01 -5.997673056468796338e-01
4.481446961749830038e+00 -7.356437229639756215e-01 -1.318022077763333355e-01 -6.038415151876415088e-01
4.482558319829403004e+00 -7.417215119013874647e-01 -1.340581130141564326e-01 -6.076633988872296444e-01
4.483669677908976858e+00 -7.445768815332390878e-01 -1.337469212459075907e-01 -6.108299602873327183e-01
4.484781035988549824e+00 -7.441654572414426738e-01 -1.309815070214882526e-01 -6.131839502199526448e-01
4.485892394068122790e+00 -7.416475669820179473e-01 -1.268136682554363570e-01 -6.148338987265802302e-01
4.487003752147696645e+00 -7.389711602822226499e-01 -1.228741575647338546e-01 -6.160970027174876851e-01
4.488115110227269611e+00 -7.381829092344958099e-01 -1.207902242588041186e-01 -6.173926849756896651e-01
4.489226468306842577e+00 -7.407143732106575840e-01 -1.215894319947816993e-01 -6.191249412158751353e-01
4.490337826386415543e+00 -7.468951161506323100e-01 -1.253065793290983887e-01 -6.215885368215317008e-01
4.491449184465989397e+00 -7.558609180798733229e-01 -1.309403527363827979e-01 -6.249205653434882768e-01
4.492560542545562363e+00 -7.658831071758894771e-01 -1.367823138839796004e-01 -6.291007932919092660e-01
4.493671900625136217e+00 -7.749953100188902155e-01 -1.410070129744342982e-01 -6.339882970444546961e-01
4.494783258704709183e+00 -7.816896873661680623e-01 -1.423164451722481183e-01 -6.393732421939205546e-01
4.495894616784282150e+00 -7.854326639198075943e-01 -1.404094950697941102e-01 -6.450231688500097649e-01
4.497005974863855116e+00 -7.868175734370280727e-01 -1.361063486043788684e-01 -6.507112248326479831e-01
4.498117332943428970e+00 -7.873039550738148984e-01 -1.310786983921096993e-01 -6.562252566817036170e-01
4.499228691023001936e+00 -7.886428312891194947e-01 -1.272762922521795126e-01 -6.613665390369397601e-01
4.500340049102574902e+00 -7.922005015733469824e-01 -1.262492019406476484e-01 -6.659512996326981682e-01
4.501451407182148756e+00 -7.984296277376375928e-01 -1.286039916696468388e-01 -6.698256360679877286e-01
4.502562765261721722e+00 -8.066826741656624167e-01 -1.337863622069845326e-01 -6.728963119586764963e-01
4.503674123341294688e+00 -8.154383471250421511e-01 -1.402685267313649176e-01 -6.751698203936762344e-01
4.504785481420867654e+00 -8.228611961710504685e-01 -1.460768782372319774e-01 -6.767843179338164372e-01
4.505896839500441509e+00 -8.274921217165187581e-01 -1.494751261323929992e-01 -6.780169955841243157e-01
4.507008197580014475e+00 -8.288174355269324334e-01 -1.495629630685756106e-01 -6.792544724583559068e-01
4.508119555659588329e+00 -8.275048648466195589e-01 -1.465802720783026536e-01 -6.809245927683132971e-01
4.509230913739161295e+00 -8.252125206937949153e-01 -1.418113662528040497e-01 -6.834011544409889227e-01
4.510342271818734261e+00 -8.240297735077816155e-01 -1.371255742680518308e-01 -6.869041992397276752e-01
4.511453629898307227e+00 -8.257426876243654235e-01 -1.343190442231926574e-01 -6.914236434011714616e-01
4.512564987977881081e+00 -8.311831335749486627e-01 -1.344920436728319624e-01 -6.966910899021168113e-01
4.513676346057454047e+00 -8.398955472580890147e-01 -1.376815816433678563e-01 -7.022139656147186049e-01
4.514787704137027013e+00 -8.502466274180098260e-01 -1.428762576196756506e-01 -7.073703697983302341e-01
4.515899062216600868e+00 -8.599489073804675865e-01 -1.484024292412097212e-01 -7.115464781392577542e-01
4.517010420296173834e+00 -8.668234067272467813e-01 -1.525377828890481791e-01 -7.142856238381967149e-01
4.518121778375746800e+00 -8.695410127714264803e-01 -1.541281018520147261e-01 -7.154129109194073965e-01
4.519233136455319766e+00 -8.680873613875852435e-01 -1.529842789447202756e-01 -7.151030824428595833e-01
4.520344494534893620e+00 -8.637903593940842173e-01 -1.499187067172365606e-01 -7.138716526768468240e-01
4.521455852614466586e+00 -8.589001953540812417e-01 -1.464130800908879648e-01 -7.124871152631915283e-01
4.522567210694040440e+00 -8.558658994005609033e-01 -1.440448764765058787e-01 -7.118210229240483633e-01
4.523678568773613407e+00 -8.565561755405451949e-01 -1.438879598630412593e-01 -7.126682156775013821e-01
4.524789926853186373e+00 -8.616891574635789919e-01 -1.461115851249659703e-01 -7.155775723386132992e-01
4.525901284932759339e+00 -8.706603959223182532e-01 -1.499281591553779935e-01 -7.207322367669397600e-01
4.527012643012333193e+00 -8.818177845104061552e-01 -1.539103199104782660e-01 -7.279074645999241699e-01
4.528124001091906159e+00 -8.930761842279036911e-01 -1.565597138384997034e-01 -7.365164703893983811e-01
4.529235359171479125e+00 -9.026482754226361482e-01 -1.569141660445080855e-01 -7.457341093781257868e-01
4.530346717251052979e+00 -9.096323143701749991e-01 -1.549624326898664251e-01 -7.546698816803084631e-01
4.531458075330625945e+00 -9.142538985352670622e-01 -1.517037178772228101e-01 -7.625501806580410324e-01
4.532569433410198911e+00 -9.176865782961695084e-01 -1.488186409166844804e-01 -7.688679373794834460e-01
4.533680791489771877e+00 -9.215289680116378612e-01 -1.480625283454568564e-01 -7.734664396661770080e-01
4.534792149569345732e+00 -9.271390187446753028e-01 -1.505979879239578711e-01 -7.765410308207133516e-01
4.535903507648918698e+00 -9.350754057173524814e-01 -1.565121595064346005e-01 -7.785632462109185470e-01
4.537014865728492552e+00 -9.448542803815810354e-01 -1.647031232403764478e-01 -7.801511571412000912e-01
4.538126223808065518e+00 -9.551124057624648112e-01 -1.731904012241800017e-01 -7.819220045382841988e-01
4.539237581887638484e+00 -9.641175182869804461e-01 -1.797523089413773090e-01 -7.843652093455987240e-01
4.540348939967211450e+00 -9.704380174642124324e-01 -1.826729405410719431e-01 -7.877650769231360206e-01
4.541460298046785304e+00 -9.735234169737531085e-01 -1.813376876518235925e-01 -7.921857293219227714e-01
4.542571656126358270e+00 -9.739765542375180551e-01 -1.764652762501576211e-01 -7.975112779873582136e-01
4.543683014205931237e+00 -9.734080573301991945e-01 -1.698898404480676250e-01 -8.035182168821283222e-01
4.544794372285505091e+00 -9.739139249170120083e-01 -1.639642610079751206e-01 -8.099496639090314476e-01
4.545905730365078057e+00 -9.773543894910018404e-01 -1.607896059198462568e-01 -8.165647835711499214e-01
4.547017088444651023e+00 -9.846870849350587429e-01 -1.615369881259526852e-01 -8.231500968091051140e-01
4.548128446524223989e+00 -9.955926832526251768e-01 -1.660951334547796088e-01 -8.294975497978412937e-01
4.549239804603797843e+00 -1.008531321935801195e+00 -1.731609872970947261e-01 -8.353703346387019169e-01
4.550351162683370809e+00 -1.021218364061581729e+00 -1.807332914520089207e-01 -8.404850726095699498e-01
4.551462520762944663e+00 -1.031361238330571251e+00 -1.868268341420103174e-01 -8.445344041885608499e-01
4.552573878842517630e+00 -1.037407247836578339e+00 -1.901492709519046198e-01 -8.472579768846704162e-01
4.553685236922090596e+00 -1.039047813100518969e+00 -1.905003097936227296e-01 -8.485475033068948791e-01
4.554796595001663562e+00 -1.037309135610623434e+00 -1.887579169398808931e-01 -8.485512186707405702e-01
4.555907953081237416e+00 -1.034202767228317610e+00 -1.864695795634838116e-01 -8.477331876648322995e-01
4.557019311160810382e+00 -1.032061327296583952e+00 -1.852122523151372713e-01 -8.468490749814466811e-01
4.558130669240383348e+00 -1.032791220200041327e+00 -1.859687769733701646e-01 -8.468224432266732160e-01
4.559242027319957202e+00 -1.037298550841690092e+00 -1.887600112253328133e-01 -8.485385396163573901e-01
4.560353385399530168e+00 -1.045278767002981946e+00 -1.926734048517839692e-01 -8.526053621511936464e-01
4.561464743479103134e+00 -1.055429075723019361e+00 -1.962764583264904050e-01 -8.591526173965290392e-01
4.562576101558676100e+00 -1.065992714993768464e+00 -1.982539434457847305e-01 -8.677387715479810693e-01
4.563687459638249955e+00 -1.075429161101514763e+00 -1.980172891913340449e-01 -8.774118719101775543e-01
4.564798817717822921e+00 -1.082964794080468973e+00 -1.960383911583556960e-01 -8.869264029221096690e-01
4.565910175797396775e+00 -1.088827594209599736e+00 -1.937590325892976362e-01 -8.950685616203024608e-01
4.567021533876969741e+00 -1.094088458300551681e+00 -1.930863823316278372e-01 -9.010020759689187919e-01
4.568132891956542707e+00 -1.100177159472419008e+00 -1.956465396363067377e-01 -9.045306198361139360e-01
4.569244250036115673e+00 -1.108260150477762274e+00 -2.020712425898255615e-01 -9.061889078879347137e-01
4.570355608115688639e+00 -1.118717463938172951e+00 -2.115968878558943667e-01 -9.071205760822754760e-01
4.571466966195262493e+00 -1.130919159237055105e+00 -2.221545278881839613e-01 -9.087646313488692007e-01
4.572578324274835460e+00 -1.143391726992895929e+00 -2.309574527104441000e-01 -9.124342742824507191e-01
4.573689682354409314e+00 -1.154321518431092430e+00 -2.354096466565016588e-01 -9.189118717745861087e-01
4.574801040433982280e+00 -1.162217409994351636e+00 -2.340303552394767395e-01 -9.281870547548747297e-01
4.575912398513555246e+00 -1.166493574720239179e+00 -2.270659541265818426e-01 -9.394276205936532564e-01
4.577023756593128212e+00 -1.167757581152951918e+00 -2.165531219185148348e-01 -9.512044592344349736e-01
4.578135114672702066e+00 -1.167690552361387635e+00 -2.057782693807982954e-01 -9.619122829805828445e-01
4.579246472752275032e+00 -1.168548755957279139e+00 -1.982861572325401722e-01 -9.702625987247383010e-01
4.580357830831848887e+00 -1.172449203673620488e+00 -1.967530964996078158e-01 -9.756961071740113400e-01
4.581469188911421853e+00 -1.180678615969161793e+00 -2.020986039947390012e-01 -9.785800119744177961e-01
4.582580546990994819e+00 -1.193258676682642072e+00 -2.131405318985865049e-01 -9.801181447840581207e-01
4.583691905070567785e+00 -1.208913626722420531e+00 -2.269232602701007073e-01 -9.819903664523205178e-01
4.584803263150140751e+00 -1.225449934085947934e+00 -2.396249379579880046e-01 -9.858249961279583751e-01
4.585914621229714605e+00 -1.240419969639138698e+00 -2.477541833115191883e-01 -9.926657863276180382e-01
4.587025979309287571e+00 -1.251849998076542958e+00 -2.492467094296781926e-01 -1.002603288646861879e+00
4.588137337388861425e+00 -1.258797954637460137e+00 -2.441033011748336978e-01 -1.014694653462626883e+00
4.589248695468434391e+00 -1.261571450147356055e+00 -2.343627825335664050e-01 -1.027208667613791926e+00
4.590360053548007357e+00 -1.261556233097082647e+00 -2.234254859067700827e-01 -1.038130747190311842e+00
4.591471411627580324e+00 -1.260736459277768562e+00 -2.149584743273619813e-01 -1.045777984950403861e+00
4.592582769707154178e+00 -1.261084561698410988e+00 -2.117496540239044434e-01 -1.049334907674504880e+00
4.593694127786727144e+00 -1.264028209241191192e+00 -2.148879516041153903e-01 -1.049140257637075635e+00
4.594805485866300110e+00 -1.270157736492809608e+00 -2.235286310998854109e-01 -1.046629105392924641e+00
4.595916843945873964e+00 -1.279239218637933329e+00 -2.352986958888966251e-01 -1.043940522749036592e+00
4.597028202025446930e+00 -1.290484485498745837e+00 -2.471787713190510827e-01 -1.043305714179695531e+00
4.598139560105019896e+00 -1.302942318995575777e+00 -2.565408087169864237e-01 -1.046401510278590630e+00
4.599250918184592862e+00 -1.315845635016796411e+00 -2.619789699066854549e-01 -1.053866665110108070e+00
4.600362276264166717e+00 -1.328785579176812615e+00 -2.636567316057216170e-01 -1.065128847571090054e+00
4.601473634343739683e+00 -1.341667965045860056e+00 -2.630740835378841957e-01 -1.078593881507976526e+00
4.602584992423313537e+00 -1.354505103675350153e+00 -2.623689426061890373e-01 -1.092136161069159117e+00
4.603696350502886503e+00 -1.367167324838799214e+00 -2.634311736943465432e-01 -1.103736151144451227e+00
4.604807708582459469e+00 -1.379234891570072064e+00 -2.671677342686383794e-01 -1.112067157301430242e+00
4.605919066662032435e+00 -1.390046023822553600e+00 -2.731931422815135346e-01 -1.116852881541036568e+00
4.607030424741606289e+00 -1.398948298788697198e+00 -2.800552988866104598e-01 -1.118892999902083796e+00
4.608141782821179255e+00 -1.405664319961535291e+00 -2.859031446148360134e-01 -1.119761175346697835e+00
4.609253140900752221e+00 -1.410617747801591548e+00 -2.893341934481016287e-01 -1.121283554353490253e+00
4.610364498980326076e+00 -1.415060727856079392e+00 -2.900883930795700172e-01 -1.124972334776509486e+00
4.611475857059899042e+00 -1.420904077529579146e+00 -2.893067183429760547e-01 -1.131597359186600871e+00
4.612587215139472008e+00 -1.430257617418807081e+00 -2.892304585354622537e-01 -1.141027158883341608e+00
4.613698573219044974e+00 -1.444801510914707876e+00 -2.924240001156040436e-01 -1.152377510799099669e+00
4.614809931298618828e+00 -1.465187517640731185e+00 -3.007854516526123900e-01 -1.164402065988117796e+00
4.615921289378191794e+00 -1.490680127396393440e+00 -3.146995096845922046e-01 -1.175980617711802179e+00
4.617032647457765648e+00 -1.519183551489112105e+00 -3.326514441915453535e-01 -1.186532107297562533e+00
4.618144005537338614e+00 -1.547680623392141186e+00 -3.514703852981958532e-01 -1.196210238093944334e+00
4.619255363616911580e+00 -1.572973889068224107e+00 -3.671556534470159505e-01 -1.205818235621208823e+00
4.620366721696484547e+00 -1.592514607257364379e+00 -3.760361687409800036e-01 -1.216478438516386928e+00
4.621478079776058401e+00 -1.605069282803549324e+00 -3.758913398878697132e-01 -1.229177942915681498e+00
4.622589437855631367e+00 -1.611019692278433446e+00 -3.666653929090455399e-01 -1.244354299369386352e+00
4.623700795935204333e+00 -1.612206566458446622e+00 -3.505356398189933831e-01 -1.261670926639447021e+00
4.624812154014778187e+00 -1.611370986918336801e+00 -3.313052786342226552e-01 -1.280065708284115367e+00
4.625923512094351153e+00 -1.611372688942389386e+00 -3.133115598338140351e-01 -1.298061129108573075e+00
4.627034870173924119e+00 -1.614429125186678915e+00 -3.001960851895215665e-01 -1.314233039997152019e+00
4.628146228253497085e+00 -1.621602872181184818e+00 -2.939238257332191795e-01 -1.327679046447967082e+00
4.629257586333070940e+00 -1.632675401747133437e+00 -2.943495710158713363e-01 -1.338325830731261767e+00
4.630368944412643906e+00 -1.646414944982184325e+00 -2.994468974646239956e-01 -1.346968047517561162e+00
4.631480302492217760e+00 -1.661120618747033317e+00 -3.060990074330732780e-01 -1.355021611313961039e+00
4.632591660571790726e+00 -1.675246224886955071e+00 -3.111756942342354670e-01 -1.364070530652717883e+00
4.633703018651363692e+00 -1.687899124667705975e+00 -3.125429056991241850e-01 -1.375356218968582178e+00
4.634814376730936658e+00 -1.699070402473082053e+00 -3.096925834819771461e-01 -1.389377818991101465e+00
4.635925734810509624e+00 -1.709556154154474594e+00 -3.038211423772701480e-01 -1.405735011777201615e+00
4.637037092890083478e+00 -1.720636574935167751e+00 -2.973728071822542285e-01 -1.423263767752915410e+00
4.638148450969657333e+00 -1.733651488310086197e+00 -2.932334276897087810e-01 -1.440418060620378027e+00
4.639259809049230299e+00 -1.749625404112728821e+00 -2.938558077523980017e-01 -1.455769596360329876e+00
4.640371167128803265e+00 -1.769052533282688966e+00 -3.005923624660288840e-01 -1.468460170816661581e+00
4.641482525208376231e+00 -1.791874470736512626e+00 -3.134150015199268502e-01 -1.478459469216583111e+00
4.642593883287949197e+00 -1.817604499814436281e+00 -3.310563458558305472e-01 -1.486548153958606289e+00
4.643705241367523051e+00 -1.845504644884141898e+00 -3.514659023708396890e-01 -1.494038742513299489e+00
4.644816599447096017e+00 -1.874721864204971888e+00 -3.723883606088010390e-01 -1.502333503596166020e+00
4.645927957526669871e+00 -1.904333972476474957e+00 -3.918636563186411181e-01 -1.512470316157831896e+00
4.647039315606242837e+00 -1.933320821499080022e+00 -4.085134486341528981e-01 -1.524807372864922517e+00
4.648150673685815804e+00 -1.960529877751564509e+00 -4.215830500315276286e-01 -1.538946827720029775e+00
4.649262031765388770e+00 -1.984720580907932463e+00 -4.308063441518309999e-01 -1.553914236756100742e+00
4.650373389844961736e+00 -2.004738762444593814e+00 -4.362149008710523579e-01 -1.568523861573540179e+00
4.651484747924535590e+00 -2.019803126241888958e+00 -4.380039574796211754e-01 -1.581799168762267671e+00
4.652596106004109444e+00 -2.029810539372991052e+00 -4.365072940459678863e-01 -1.593303245327024609e+00
4.653707464083682410e+00 -2.035521794376313309e+00 -4.322525473993229506e-01 -1.603269246976991136e+00
4.654818822163255376e+00 -2.038501282376044887e+00 -4.260082242974718714e-01 -1.612493058078576125e+00
4.655930180242828342e+00 -2.040757371074626292e+00 -4.187239662351693315e-01 -1.622033404839458015e+00
4.657041538322401308e+00 -2.044143597981773031e+00 -4.113137794605393749e-01 -1.632829818521233101e+00
4.658152896401975163e+00 -2.049692346456271963e+00 -4.043183594507051004e-01 -1.645373987005567473e+00
4.659264254481548129e+00 -2.057115698903992040e+00 -3.975683140652950254e-01 -1.659547384838697015e+00
4.660375612561121983e+00 -2.064689365826439360e+00 -3.900127393912252161e-01 -1.674676626435210425e+00
4.661486970640694949e+00 -2.069630058576167109e+00 -3.798499778029635898e-01 -1.689780080773203741e+00
4.662598328720267915e+00 -2.068912963504456748e+00 -3.650003807848581361e-01 -1.703912582719599778e+00
4.663709686799840881e+00 -2.060308590563785014e+00 -3.438257784573168774e-01 -1.716482812106469247e+00
4.664821044879413847e+00 -2.043309414109302669e+00 -3.158785915539569777e-01 -1.727430822555342083e+00
4.665932402958987701e+00 -2.019613453940581671e+00 -2.824075221378843925e-01 -1.737205931802699332e+00
4.667043761038561556e+00 -1.992947051455905783e+00 -2.463886719682344406e-01 -1.746558379487672452e+00
4.668155119118134522e+00 -1.968213214577132941e+00 -2.119877654725248750e-01 -1.756225449104604319e+00
4.669266477197707488e+00 -1.950180651302150237e+00 -1.835505128129162333e-01 -1.766630138489231561e+00
4.670377835277280454e+00 -1.942103185469696847e+00 -1.643984010419443087e-01 -1.777704784427748486e+00
4.671489193356853420e+00 -1.944713851290868156e+00 -1.558082869185714592e-01 -1.788905564372292867e+00
4.672600551436427274e+00 -1.955944433909437841e+00 -1.565311077188344946e-01 -1.799413326190605344e+00
4.673711909516000240e+00 -1.971501726782860064e+00 -1.630546267596692245e-01 -1.808447100023191423e+00
4.674823267595574094e+00 -1.986154203900941217e+00 -1.705803640962715861e-01 -1.815573839804671241e+00
4.675934625675147061e+00 -1.995339516935493052e+00 -1.744424556535324466e-01 -1.820897061281959495e+00
4.677045983754720027e+00 -1.996579847515434603e+00 -1.715309677106464092e-01 -1.825048879804791913e+00
4.678157341834292993e+00 -1.990237044151155210e+00 -1.612569447258506705e-01 -1.828980099425303152e+00
4.679268699913865959e+00 -1.979344888304681360e+00 -1.457280433665477659e-01 -1.833616844938132262e+00
4.680380057993439813e+00 -1.968557912257154596e+00 -1.290544052592326740e-01 -1.839503506997927751e+00
4.681491416073013667e+00 -1.962554833813815236e+00 -1.159930379912239296e-01 -1.846561795822587060e+00
4.682602774152586633e+00 -1.964427015416759792e+00 -1.103670600367191168e-01 -1.854059955380041869e+00
4.683714132232159599e+00 -1.974598611680817850e+00 -1.137825418444211589e-01 -1.860816069836398690e+00
4.684825490311732565e+00 -1.990654157350582487e+00 -1.250757203768113612e-01 -1.865578436973768239e+00
4.685936848391305531e+00 -2.008144852092805355e+00 -1.406829510484374213e-01 -1.867461901044366934e+00
4.687048206470879386e+00 -2.022108441168113835e+00 -1.558141889507280164e-01 -1.866294252217381766e+00
4.688159564550452352e+00 -2.028785238221455955e+00 -1.660345102387549010e-01 -1.862750727982700694e+00
4.689270922630026206e+00 -2.026934428823499612e+00 -1.687140616193207876e-01 -1.858220367204177936e+00
4.690382280709599172e+00 -2.018282111229492415e+00 -1.638477323610618708e-01 -1.854434378868428990e+00
4.691493638789172138e+00 -2.006926389074314088e+00 -1.539608912196803181e-01 -1.852965497854633714e+00
4.692604996868745104e+00 -1.997886799889161624e+00 -1.431344012167436175e-01 -1.854752398672423919e+00
4.693716354948318070e+00 -1.995290611429173744e+00 -1.354912369797815486e-01 -1.859799374449393028e+00
4.694827713027891924e+00 -2.000828822066006651e+00 -1.336794867271236531e-01 -1.867149335338882610e+00
4.695939071107465779e+00 -2.013036785655711203e+00 -1.378926596248724046e-01 -1.875144126030836578e+00
4.697050429187038745e+00 -2.027679978071983857e+00 -1.457830402991647512e-01 -1.881896937772816747e+00
4.698161787266611711e+00 -2.039145539026297804e+00 -1.533099847374937152e-01 -1.885835554288805227e+00
4.699273145346184677e+00 -2.042384976331135693e+00 -1.562318329945107664e-01 -1.886153143336622318e+00
4.700384503425757643e+00 -2.034747444140009076e+00 -1.517154877029055493e-01 -1.883031956437100529e+00
4.701495861505331497e+00 -2.017061741853908963e+00 -1.394865435904372175e-01 -1.877575198263472966e+00
4.702607219584904463e+00 -1.993567404255709441e+00 -1.220962047396144529e-01 -1.871471199516093975e+00
4.703718577664478318e+00 -1.970681847414385457e+00 -1.041877943123217520e-01 -1.866494053102065287e+00
4.704829935744051284e+00 -1.954990472197029039e+00 -9.099888554723262191e-02 -1.863991586649796250e+00
4.705941293823624250e+00 -1.951121631182795468e+00 -8.661019723533414094e-02 -1.864511433947460439e+00
4.707052651903197216e+00 -1.960220956756436816e+00 -9.255056154548371716e-02 -1.867670395210955236e+00
4.708164009982770182e+00 -1.979547720844368586e+00 -1.072511421157785749e-01 -1.872296578728589012e+00
4.709275368062344036e+00 -2.003342033695375779e+00 -1.265499805618129914e-01 -1.876792053133560234e+00
4.710386726141917890e+00 -2.024682171092429428e+00 -1.450812664786874095e-01 -1.879600904613742074e+00
4.711498084221490856e+00 -2.037713483747182863e+00 -1.580716252269752098e-01 -1.879641858520208597e+00
4.712609442301063822e+00 -2.039501515573969748e+00 -1.629194700994018308e-01 -1.876582045474560534e+00
4.713720800380636788e+00 -2.030888285782638469e+00 -1.600065653547090017e-01 -1.870881720427930661e+00
4.714832158460209754e+00 -2.016070316720216749e+00 -1.524593664409540916e-01 -1.863610950279260825e+00
4.715943516539783609e+00 -2.001053775210489327e+00 -1.449476147674496063e-01 -1.856106160443035114e+00
4.717054874619356575e+00 -1.991525435322910154e+00 -1.419482129316056163e-01 -1.849577222391306508e+00
4.718166232698930429e+00 -1.990875244674589872e+00 -1.460921153189100319e-01 -1.844783129355679341e+00
4.719277590778503395e+00 -1.999048527693535915e+00 -1.571822945127573923e-01 -1.841866233180775136e+00
4.720388948858076361e+00 -2.012613331919402171e+00 -1.722312233249923552e-01 -1.840382108594415422e+00
4.721500306937649327e+00 -2.026003203524390450e+00 -1.865014884144161889e-01 -1.839501715109971958e+00
4.722611665017222293e+00 -2.033486479377633493e+00 -1.951734105257520169e-01 -1.838313068851880283e+00
4.723723023096796148e+00 -2.031163310417504864e+00 -1.950382616681967385e-01 -1.836125048749303268e+00
4.724834381176369114e+00 -2.018288540313662338e+00 -1.856066901655682444e-01 -1.832681850148095037e+00
4.725945739255942968e+00 -1.997462832127127275e+00 -1.692336545473001053e-01 -1.828229177579831166e+00
4.727057097335515934e+00 -1.973639260823642383e+00 -1.502181082354019370e-01 -1.823421152588240668e+00
4.728168455415088900e+00 -1.952314210468506950e+00 -1.332091989533815135e-01 -1.819105011515125492e+00
4.729279813494661866e+00 -1.937559903823078411e+00 -1.215050454206265118e-01 -1.816054858402454952e+00
4.730391171574235720e+00 -1.930608429558122952e+00 -1.158715383385896525e-01 -1.814736891219536297e+00
4.731502529653808686e+00 -1.929494845938578784e+00 -1.143200664957844115e-01 -1.815174779442794373e+00
4.732613887733382541e+00 -1.929882058055815586e+00 -1.129313764619662708e-01 -1.816950681593846317e+00
4.733725245812955507e+00 -1.926760693174721650e+00 -1.074252339442818560e-01 -1.819335459230441154e+00
4.734836603892528473e+00 -1.916397875032167075e+00 -9.489429821034423007e-02 -1.821503576821821513e+00
4.735947961972101439e+00 -1.897815657779839960e+00 -7.505082811397653653e-02 -1.822764829665861175e+00
4.737059320051674405e+00 -1.873248201777177213e+00 -5.050562105536396396e-02 -1.822742580721810501e+00
4.738170678131248259e+00 -1.847397625021863110e+00 -2.595102286456918428e-02 -1.821446602157291705e+00
4.739282036210821225e+00 -1.825748992559593775e+00 -6.527015237656197399e-03 -1.819221977321937578e+00
4.740393394290395079e+00 -1.812555475318862630e+00 4.038324688634076232e-03 -1.816593800007492376e+00
4.741504752369968045e+00 -1.809236277220696243e+00 4.823075562436551778e-03 -1.814059352783137680e+00
4.742616110449541011e+00 -1.813791158671602677e+00 -1.895470717019509532e-03 -1.811895687954583334e+00
4.743727468529113978e+00 -1.821472388239126161e+00 -1.142620125967414024e-02 -1.810046186979449523e+00
4.744838826608687832e+00 -1.826496154310787379e+00 -1.837042438151928470e-02 -1.808125729929265013e+00
4.745950184688260798e+00 -1.824186484078745618e+00 -1.863921207089591636e-02 -1.805547272007848925e+00
4.747061542767834652e+00 -1.812769045382304434e+00 -1.103545795796895268e-02 -1.801733587424330985e+00
4.748172900847407618e+00 -1.794138827094212019e+00 2.209639546749964101e-03 -1.796348466640960595e+00
4.749284258926980584e+00 -1.773282594365550802e+00 1.618862646117377735e-02 -1.789471220826723385e+00
4.750395617006553550e+00 -1.756520654021510808e+00 2.513058040163873574e-02 -1.781651234423146324e+00
4.751506975086126516e+00 -1.749170436913140669e+00 2.464254039863744694e-02 -1.773812977311782779e+00
4.752618333165700371e+00 -1.753466602642505423e+00 1.356067130667604204e-02 -1.767027273949181021e+00
4.753729691245273337e+00 -1.767509023352988873e+00 -5.300627388759415748e-03 -1.762208395964227847e+00
4.754841049324847191e+00 -1.785665640529865872e+00 -2.584076993998196681e-02 -1.759824870589880685e+00
4.755952407404420157e+00 -1.800347880105611198e+00 -4.063315719092103206e-02 -1.759714722914692553e+00
4.757063765483993123e+00 -1.804580370446104087e+00 -4.350998586896476228e-02 -1.761070384577138492e+00
4.758175123563566089e+00 -1.794482215016946380e+00 -3.187156960518522375e-02 -1.762610645411759380e+00
4.759286481643139943e+00 -1.770778100517946818e+00 -7.877768023172304623e-03 -1.762900332494766964e+00
4.760397839722712909e+00 -1.738771872875452651e+00 2.195841237976225990e-02 -1.760730285255215799e+00
4.761509197802286764e+00 -1.706739215835885171e+00 4.870740852909660745e-02 -1.755446624364980002e+00
4.762620555881859730e+00 -1.683249063358224662e+00 6.387941992852563811e-02 -1.747128483286754852e+00
4.763731913961432696e+00 -1.674310394160168691e+00 6.224575505394758235e-02 -1.736556149214114830e+00
4.764843272041005662e+00 -1.681321854973495622e+00 4.365318886166902335e-02 -1.724975043835166977e+00
4.765954630120578628e+00 -1.700541663461204278e+00 1.318396884821254611e-02 -1.713725632309416991e+00
4.767065988200152482e+00 -1.724279844098943970e+00 -2.042586053903194809e-02 -1.703853983559907137e+00
4.768177346279725448e+00 -1.743421285670339937e+00 -4.759481896884715235e-02 -1.695826466701497059e+00
4.769288704359299302e+00 -1.750424136881555626e+00 -6.098393163076545886e-02 -1.689440205250789084e+00
4.770400062438872268e+00 -1.741768693625866726e+00 -5.781152744730122528e-02 -1.683957166178563725e+00
4.771511420518445235e+00 -1.719020143819883772e+00 -4.060583730118030865e-02 -1.678414306518704713e+00
4.772622778598018201e+00 -1.688151299545370687e+00 -1.615084753857232158e-02 -1.672000452006796145e+00
4.773734136677591167e+00 -1.657380351261886320e+00 6.984369704872983586e-03 -1.664364720966758471e+00
4.774845494757165021e+00 -1.634298505091494214e+00 2.144378522269319021e-02 -1.655742290314185849e+00
4.775956852836738875e+00 -1.623307355053795087e+00 2.353886458556142536e-02 -1.646846219639356068e+00
4.777068210916311841e+00 -1.624266675836457008e+00 1.429206310184949480e-02 -1.638558738938300952e+00
4.778179568995884807e+00 -1.632810586872328162e+00 -1.278062660188206134e-03 -1.631532524212131463e+00
4.779290927075457773e+00 -1.642181550818028413e+00 -1.632820489464947844e-02 -1.625853345923377269e+00
4.780402285155030739e+00 -1.645877280750693172e+00 -2.497484959169371521e-02 -1.620902431159001900e+00
4.781513643234604594e+00 -1.640108546440404380e+00 -2.461795125049298649e-02 -1.615490595189902345e+00
4.782625001314177560e+00 -1.625138382116175340e+00 -1.690145018104965979e-02 -1.608236931935124181e+00
4.783736359393751414e+00 -1.604993802851424567e+00 -6.927020791971383318e-03 -1.598066782059452073e+00
4.784847717473324380e+00 -1.585659368115651002e+00 -1.015669683059772233e-03 -1.584643698432591563e+00
4.785959075552897346e+00 -1.572450420830596496e+00 -3.895859585039129769e-03 -1.568554561245552037e+00
4.787070433632470312e+00 -1.567600016032576038e+00 -1.645896091516574344e-02 -1.551141055117410517e+00
4.788181791712043278e+00 -1.569042194215481523e+00 -3.504776746767601647e-02 -1.533994426747802731e+00
4.789293149791617132e+00 -1.570940697206940406e+00 -5.267737243726922092e-02 -1.518263324769672851e+00
4.790404507871190987e+00 -1.565845932568189713e+00 -6.182775644159343997e-02 -1.504018176126594497e+00
4.791515865950763953e+00 -1.547708126904223214e+00 -5.777780116694797297e-02 -1.489930325737277350e+00
4.792627224030336919e+00 -1.514583493773291822e+00 -4.113902234003681546e-02 -1.473444471433253300e+00
4.793738582109909885e+00 -1.469909627986331735e+00 -1.844404315943110051e-02 -1.451465584826892696e+00
4.794849940189482851e+00 -1.421710262047526596e+00 -3.167810084717670449e-04 -1.421393481039059159e+00
4.795961298269056705e+00 -1.379864524439700535e+00 2.318896607486853334e-03 -1.382183421047189498e+00
4.797072656348629671e+00 -1.352366704891107219e+00 -1.731676797071335372e-02 -1.335049936920392089e+00
4.798184014428203525e+00 -1.342005409627453627e+00 -5.850679710161887925e-02 -1.283498612525837412e+00
4.799295372507776491e+00 -1.344883209071443764e+00 -1.123216709465668650e-01 -1.232561538124865352e+00
4.800406730587349458e+00 -1.351626157366693448e+00 -1.642483530983550599e-01 -1.187377804268344272e+00
4.801518088666922424e+00 -1.351146875224214394e+00 -1.996270121384434715e-01 -1.151519863085771478e+00
4.802629446746495390e+00 -1.335742556636308365e+00 -2.101121183747671206e-01 -1.125630438261547850e+00
4.803740804826069244e+00 -1.305517274082612200e+00 -1.985835139898627921e-01 -1.106933760092748464e+00
4.804852162905643098e+00 -1.269943418707303984e+00 -1.799478869220247912e-01 -1.089995531785276306e+00
4.805963520985216064e+00 -1.244968323405919897e+00 -1.762055417877554930e-01 -1.068762781618165736e+00
4.807074879064789030e+00 -1.245331511020164372e+00 -2.058257797627545127e-01 -1.039505731257415411e+00
4.808186237144361996e+00 -1.273352807848879165e+00 -2.694245381023343544e-01 -1.003928269746548363e+00
4.809297595223934962e+00 -1.306903302563931391e+00 -3.353756226644166727e-01 -9.715276798995192697e-01
4.810408953303508817e+00 -1.290099064691115238e+00 -3.297544432142749393e-01 -9.603446214768402989e-01
4.811520311383081783e+00 -1.130131993988861661e+00 -1.345706631364551598e-01 -9.955613308524039473e-01
4.812631669462655637e+00 -7.025088509205432707e-01 4.034059401146868895e-01 -1.105914791035224720e+00
4.813743027542228603e+00 1.349535927339646779e-01 1.453419601732036881e+00 -1.318466008998071315e+00
4.814854385621801569e+00 1.521247228283529429e+00 3.173998956169849173e+00 -1.652751727886319966e+00
4.815965743701374535e+00 3.568189022614981276e+00 5.683789999606490895e+00 -2.115600976991508730e+00
4.817077101780947501e+00 6.338189113168104072e+00 9.036031101365246343e+00 -2.697841988197142271e+00
4.818188459860521355e+00 9.828528476439823081e+00 1.320228252465408048e+01 -3.373754048214249401e+00
4.819299817940095210e+00 1.396563491675857627e+01 1.806915380136736715e+01 -4.103518884608789996e+00
4.820411176019668176e+00 1.861071730786020950e+01 2.344896443708842781e+01 -4.838247129228216536e+00
4.821522534099241142e+00 2.357567487729632560e+01 2.910224637947981563e+01 -5.526571502183498907e+00
4.822633892178814108e+00 2.864606279084392781e+01 3.476752275186021279e+01 -6.121459961016281426e+00
4.823745250258387074e+00 3.360659090995651610e+01 4.019248469202040752e+01 -6.585893782063891422e+00
4.824856608337960928e+00 3.826444227082529892e+01 4.516081531980879049e+01 -6.896373048983482690e+00
4.825967966417533894e+00 4.246659572168653796e+01 4.951035991786656609e+01 -7.043764196180024584e+00
4.827079324497107748e+00 4.610901228470985558e+01 5.314065227208868691e+01 -7.031639987378821566e+00
4.828190682576680715e+00 4.913750561959248131e+01 5.601031949823519085e+01 -6.872813878642704211e+00
4.829302040656253681e+00 5.154184167607227351e+01 5.812694249628279408e+01 -6.585100820210513461e+00
4.830413398735826647e+00 5.334569794190588965e+01 5.953307319161963562e+01 -6.187375249713748637e+00
4.831524756815399613e+00 5.459537636871720423e+01 6.029213444148070522e+01 -5.696758072763503655e+00
4.832636114894973467e+00 5.534967347687997830e+01 6.047701037853298089e+01 -5.127336901653002599e+00
4.833747472974547321e+00 5.567233489595862039e+01 6.016267736940830702e+01 -4.490342473449699057e+00
4.834858831054120287e+00 5.562742519670822361e+01 5.942273324291879533e+01 -3.795308046210588149e+00
4.835970189133693253e+00 5.527706688515681321e+01 5.832859765940053620e+01 -3.051530774243735422e+00
4.837081547213266219e+00 5.468055750627962652e+01 5.694973197239590235e+01 -2.269174466116281152e+00
4.838192905292839185e+00 5.389389779977798867e+01 5.535346933594714613e+01 -1.459571536169155692e+00
4.839304263372413040e+00 5.296913192295667727e+01 5.360374446021288719e+01 -6.346125372562082534e-01
4.840415621451986006e+00 5.195339259506002350e+01 5.175883558347695157e+01 1.945570115830776159e-01
4.841526979531559860e+00 5.088793477810968113e+01 4.986885259735085185e+01 1.019082180758823286e+00
4.842638337611132826e+00 4.980758383828595726e+01 4.797391577795601592e+01 1.833668060329935123e+00
4.843749695690705792e+00 4.874089337693618518e+01 4.610373797903590543e+01 2.637155397900273535e+00
4.844861053770278758e+00 4.771099759383744043e+01 4.427878861299220148e+01 3.432208980845242507e+00
4.845972411849851724e+00 4.673681618538570604e+01 4.251262254524257145e+01 4.224193640143125705e+00
4.847083769929425578e+00 4.583408733958891901e+01 4.081454737999637672e+01 5.019539959592548506e+00
4.848195128008999433e+00 4.501575888630460298e+01 3.919173542584191239e+01 5.824023460462673718e+00
4.849306486088572399e+00 4.429154691933716492e+01 3.765017535031524432e+01 6.641371569021917942e+00
4.850417844168145365e+00 4.366686475477558815e+01 3.619437565637613829e+01 7.472489098399466734e+00
4.851529202247718331e+00 4.314166941848037595e+01 3.482626447797792935e+01 8.315404940502453712e+00
4.852640560327291297e+00 4.270991731801224489e+01 3.354406430259041372e+01 9.165853015421818739e+00
4.853751918406865151e+00 4.236018856159841306e+01 3.234192477840299063e+01 1.001826378319542421e+01
4.854863276486438117e+00 4.207766041753624364e+01 3.121077171530264849e+01 1.086688870223359338e+01
4.855974634566011972e+00 4.184711334559936802e+01 3.014030521185554079e+01 1.170680813374382367e+01
4.857085992645584938e+00 4.165621959734224333e+01 2.912156267476548521e+01 1.253465692257675101e+01
4.858197350725157904e+00 4.149816249715544103e+01 2.814916005614558969e+01 1.334900244100985489e+01
4.859308708804730870e+00 4.137275505334350356e+01 2.722236311179703705e+01 1.415039194154648250e+01
4.860420066884303836e+00 4.128564706068005563e+01 2.634451692059352368e+01 1.494113014008653018e+01
4.861531424963877690e+00 4.124579892132161518e+01 2.552094392778398912e+01 1.572485499353762783e+01
4.862642783043451544e+00 4.126196153540048073e+01 2.475599468902091260e+01 1.650596684637957523e+01
4.863754141123024510e+00 4.133924131919389566e+01 2.405028495382717324e+01 1.728895636536671532e+01
4.864865499202597476e+00 4.147682538412490061e+01 2.339913908694034461e+01 1.807768629718455600e+01
4.865976857282170442e+00 4.166758696235299908e+01 2.279287466925299555e+01 1.887471229310001064e+01
4.867088215361743408e+00 4.189969729631805251e+01 2.221893368093045851e+01 1.968076361538760111e+01
4.868199573441317263e+00 4.215973121650986144e+01 2.166521088751849078e+01 2.049452032899136356e+01
4.869310931520890229e+00 4.243627928069584954e+01 2.112348291748600460e+01 2.131279636320984139e+01
4.870422289600464083e+00 4.272292412789592930e+01 2.059176556072927156e+01 2.213115856716665064e+01
4.871533647680037049e+00 4.301964992934305343e+01 2.007475671315154742e+01 2.294489321619151667e+01
4.872645005759610015e+00 4.333225692551489061e+01 1.958215015505908951e+01 2.375010677045579754e+01
4.873756363839182981e+00 4.366997868314063425e+01 1.912531718555914040e+01 2.454466149758150806e+01
4.874867721918755947e+00 4.404204274739331026e+01 1.871340402966082905e+01 2.532863871773247766e+01
4.875979079998329802e+00 4.445420472688981306e+01 1.835009257696384566e+01 2.610411214992597451e+01
4.877090438077903656e+00 4.490624090446099359e+01 1.803205159139448099e+01 2.687418931306651615e+01
4.878201796157476622e+00 4.539103872830214925e+01 1.774954180289246963e+01 2.764149692540968672e+01
4.879313154237049588e+00 4.589540932605146395e+01 1.748892642779257400e+01 2.840648289825888995e+01
4.880424512316622554e+00 4.640224114240040620e+01 1.723622360747856064e+01 2.916601753492183491e+01
4.881535870396195520e+00 4.689328265659796102e+01 1.698052789445105404e+01 2.991275476214691409e+01
4.882647228475769374e+00 4.735177684054204406e+01 1.671622441907842926e+01 3.063555242146360058e+01
4.883758586555342340e+00 4.776436280683933688e+01 1.644337921804708813e+01 3.132098358879224165e+01
4.884869944634916195e+00 4.812201250342975101e+01 1.616634367755481350e+01 3.195566882587493396e+01
4.885981302714489161e+00 4.842013462232119281e+01 1.589122603626475616e+01 3.252890858605643132e+01
4.887092660794062127e+00 4.865821486755049108e+01 1.562324228456720121e+01 3.303497258298329342e+01
4.888204018873635093e+00 4.883939287207596891e+01 1.536494075392069014e+01 3.347445211815527699e+01
4.889315376953208059e+00 4.897021110215531081e+01 1.511591394355279938e+01 3.385429715860252031e+01
4.890426735032781913e+00 4.906050094563678954e+01 1.487401246201627103e+01 3.418648848362052206e+01
4.891538093112354879e+00 4.912312947594473655e+01 1.463748147622665563e+01 3.448564799971808270e+01
4.892649451191928733e+00 4.917323857019260913e+01 1.440706920635204114e+01 3.476616936384057510e+01
4.893760809271501699e+00 4.922672513524535276e+01 1.418714781794747992e+01 3.503957731729788350e+01
4.894872167351074665e+00 4.929800742080297482e+01 1.398524662025888610e+01 3.531276080054408339e+01
4.895983525430647632e+00 4.939748749167721797e+01 1.380999905185059262e+01 3.558748843982662891e+01
4.897094883510221486e+00 4.952940331548436603e+01 1.366813275423851515e+01 3.586127056124585266e+01
4.898206241589794452e+00 4.969083247179113272e+01 1.356155775284415732e+01 3.612927471894696652e+01
4.899317599669368306e+00 4.987240131517766883e+01 1.348567151922497587e+01 3.638672979595270363e+01
4.900428957748941272e+00 5.006080717524935864e+01 1.342966715705773417e+01 3.663114001819162979e+01
4.901540315828514238e+00 5.024270888590854867e+01 1.337900634000288136e+01 3.686370254590568152e+01
4.902651673908087204e+00 5.040906561840493794e+01 1.331950909938237437e+01 3.708955651902257245e+01
4.903763031987660170e+00 5.055877620506026915e+01 1.324195674271113532e+01 3.731681946234915159e+01
4.904874390067234025e+00 5.070058690190778350e+01 1.314588988556723415e+01 3.755469701634056179e+01
4.905985748146806991e+00 5.085267820149577744e+01 1.304148348914091393e+01 3.781119471235488305e+01
4.907097106226380845e+00 5.103998201278967883e+01 1.294892846382399831e+01 3.809105354896568940e+01
4.908208464305953811e+00 5.128991841592234380e+01 1.289546346197262849e+01 3.839445495394971175e+01
4.909319822385526777e+00 5.162767036066672688e+01 1.291084816958545645e+01 3.871682219108126333e+01
4.910431180465099743e+00 5.207219488739954016e+01 1.302244670059493714e+01 3.904974818680460658e+01
4.911542538544673597e+00 5.263387587798817435e+01 1.325108997824987966e+01 3.938278589973830179e+01
4.912653896624246563e+00 5.331415718761842726e+01 1.360853339462071432e+01 3.970562379299770583e+01
4.913765254703820418e+00 5.410685043512532388e+01 1.409676253606177099e+01 4.001008789906354934e+01
4.914876612783393384e+00 5.500030980516934420e+01 1.470883136233820032e+01 4.029147844283113500e+01
4.915987970862966350e+00 5.597947831753503323e+01 1.543053917113042850e+01 4.054893914640459940e+01
4.917099328942539316e+00 5.702699737137525915e+01 1.624218053210267598e+01 4.078481683927257251e+01
4.918210687022112282e+00 5.812306219395127016e+01 1.711983349118736797e+01 4.100322870276389864e+01
4.919322045101686136e+00 5.924431877908564559e+01 1.803606998912609427e+01 4.120824878995954776e+01
4.920433403181259102e+00 6.036260449970845343e+01 1.896039601258227592e+01 4.140220848712617396e+01
4.921544761260832956e+00 6.144453940198069120e+01 1.985997810148318976e+01 4.158456130049751209e+01
4.922656119340405922e+00 6.245278621343523895e+01 2.070117939795335360e+01 4.175160681548187824e+01
4.923767477419978889e+00 6.334926134732470615e+01 2.145211698787520760e+01 4.189714435944949145e+01
4.924878835499551855e+00 6.409987053474611685e+01 2.208597938135926952e+01 4.201389115338685087e+01
4.925990193579124821e+00 6.467970507498849031e+01 2.258439463176584994e+01 4.209531044322264393e+01
4.927101551658698675e+00 6.507729929517103074e+01 2.293990231532903223e+01 4.213739697984200916e+01
4.928212909738272529e+00 6.529665460663287035e+01 2.315667280430458774e+01 4.213998180232828616e+01
4.929324267817845495e+00 6.535627448790688732e+01 2.324903490824964791e+01 4.210723957965723940e+01
4.930435625897418461e+00 6.528527488571035065e+01 2.323799655519919938e+01 4.204727833051114061e+01
4.931546983976991427e+00 6.511748298611955477e+01 2.314656888190060968e+01 4.197091410421893443e+01
4.932658342056564393e+00 6.488504279091874594e+01 2.299511548389169491e+01 4.188992730702704392e+01
4.933769700136138248e+00 6.461320821421585947e+01 2.279799291799006866e+01 4.181521529622578726e+01
4.934881058215711214e+00 6.431766159974085895e+01 2.256239256912589397e+01 4.175526903061495432e+01
4.935992416295285068e+00 6.400494651834465287e+01 2.228963908470873534e+01 4.171530743363592109e+01
4.937103774374858034e+00 6.367567780532560562e+01 2.197845156087831597e+01 4.169722624444730030e+01
4.938215132454431000e+00 6.332937569189160598e+01 2.162907129051077604e+01 4.170030440138084060e+01
4.939326490534003966e+00 6.296931642529160200e+01 2.124690010341775448e+01 4.172241632187384397e+01
4.940437848613576932e+00 6.260583537270695587e+01 2.084446103110041904e+01 4.176137434160651907e+01
4.941549206693150786e+00 6.225703849971761628e+01 2.044103309155915227e+01 4.181600540815845335e+01
4.942660564772724641e+00 6.194670323657130240e+01 2.006004766343062684e+01 4.188665557314066490e+01
4.943771922852297607e+00 6.170001676780425726e+01 1.972502621551780067e+01 4.197499055228647080e+01
4.944883280931870573e+00 6.153843901235364200e+01 1.945526687558672663e+01 4.208317213676691182e+01
4.945994639011443539e+00 6.147519912693498156e+01 1.926252032145373860e+01 4.221267880548123230e+01
4.947105997091016505e+00 6.151268649448203973e+01 1.914953634070982247e+01 4.236315015377222437e+01
4.948217355170590359e+00 6.164237816614347309e+01 1.911074267973003060e+01 4.253163548641344249e+01
4.949328713250163325e+00 6.184716596454013882e+01 1.913465075125233383e+01 4.271251521328780143e+01
4.950440071329737179e+00 6.210525981794469175e+01 1.920708946933058314e+01 4.289817034861409439e+01
4.951551429409310146e+00 6.239445878719111249e+01 1.931420300900005316e+01 4.308025577819107355e+01
4.952662787488883112e+00 6.269559878097760475e+01 1.944434765372331242e+01 4.325125112725427812e+01
4.953774145568456078e+00 6.299437147865822340e+01 1.958849838033764001e+01 4.340587309832056917e+01
4.954885503648029044e+00 6.328131061220691578e+01 1.973934782239122043e+01 4.354196278981568469e+01
4.955996861727602898e+00 6.355034692677168806e+01 1.988974349726682789e+01 4.366060342950486728e+01
4.957108219807176752e+00 6.379674262241394445e+01 2.003130514338938539e+01 4.376543747902456971e+01
4.958219577886749718e+00 6.401530992558177502e+01 2.015393493226479293e+01 4.386137499331697853e+01
4.959330935966322684e+00 6.419959180032834922e+01 2.024653950427286375e+01 4.395305229605548902e+01
4.960442294045895650e+00 6.434224082495775576e+01 2.029877785612769259e+01 4.404346296883006318e+01
4.961553652125468616e+00 6.443634750113639598e+01 2.030322284350340212e+01 4.413312465763298320e+01
4.962665010205042471e+00 6.447711799071024075e+01 2.025713355360153045e+01 4.421998443710872806e+01
4.963776368284615437e+00 6.446320145555513648e+01 2.016314965087170918e+01 4.430005180468343440e+01
4.964887726364189291e+00 6.439713974838913657e+01 2.002859381968076491e+01 4.436854592870838587e+01
4.965999084443762257e+00 6.428477825152670277e+01 1.986356667048184832e+01 4.442121158104485090e+01
4.967110442523335223e+00 6.413389012949043888e+01 1.967845792268356675e+01 4.445543220680686858e+01
4.968221800602908189e+00 6.395256939716621503e+01 1.948171811890009408e+01 4.447085127826611739e+01
4.969333158682481155e+00 6.374802929418346764e+01 1.927865556657745216e+01 4.446937372760600482e+01
4.970444516762055009e+00 6.352627520060370614e+01 1.907167042965950898e+01 4.445460477094416518e+01
4.971555874841628864e+00 6.329277228816133771e+01 1.886183630654545951e+01 4.443093598161588176e+01
4.972667232921201830e+00 6.305383032993567127e+01 1.865126633555044222e+01 4.440256399438523260e+01
4.973778591000774796e+00 6.281813120747298029e+01 1.844542231251058340e+01 4.437270889496239334e+01
4.974889949080347762e+00 6.259773978352008328e+01 1.825453818695711306e+01 4.434320159656299154e+01
4.976001307159920728e+00 6.240809833863691125e+01 1.809362676001546433e+01 4.431447157862144337e+01
4.977112665239494582e+00 6.226685121171642834e+01 1.798101331195941910e+01 4.428583789975701279e+01
4.978224023319067548e+00 6.219175387921156783e+01 1.793582380816553723e+01 4.425593007104603771e+01
4.979335381398641402e+00 6.219824162551510938e+01 1.797517901021445041e+01 4.422306261530066251e+01
4.980446739478214369e+00 6.229735118602550870e+01 1.811189945895039344e+01 4.418545172707511171e+01
4.981558097557787335e+00 6.249456217294358140e+01 1.835329816378813916e+01 4.414126400915545645e+01
4.982669455637360301e+00 6.278980066691487849e+01 1.870121749876953032e+01 4.408858316814535527e+01
4.983780813716933267e+00 6.317844395345004216e+01 1.915301205411727636e+01 4.402543189933276579e+01
4.984892171796507121e+00 6.365283065309597532e+01 1.970285856074898945e+01 4.394997209234698232e+01
4.986003529876080975e+00 6.420363722914835591e+01 2.034270560155848173e+01 4.386093162758987063e+01
4.987114887955653941e+00 6.482058316654232044e+01 2.106238433235166241e+01 4.375819883419066514e+01
4.988226246035226907e+00 6.549223655885440110e+01 2.184880874291898323e+01 4.364342781593541076e+01
4.989337604114799873e+00 6.620509573830167938e+01 2.268464685594403107e+01 4.352044888235763409e+01
4.990448962194372839e+00 6.694247029481205402e+01 2.354716929525764968e+01 4.339530099955442211e+01
4.991560320273946694e+00 6.768384278770231788e+01 2.440804808176777030e+01 4.327579470593456534e+01
4.992671678353519660e+00 6.840529280866833517e+01 2.523464642448374562e+01 4.317064638418460021e+01
4.993783036433093514e+00 6.908123157523434088e+01 2.599287705316947239e+01 4.308835452206487560e+01
4.994894394512666480e+00 6.968723702892603455e+01 2.665116548930923202e+01 4.303607153961679899e+01
4.996005752592239446e+00 7.020335433036626682e+01 2.718462240898461246e+01 4.301873192138164370e+01
4.997117110671812412e+00 7.061698684585253716e+01 2.757836156934657623e+01 4.303862527650597514e+01
4.998228468751385378e+00 7.092454127222774218e+01 2.782906624620607516e+01 4.309547502602166702e+01
4.999339826830959232e+00 7.113130764276766627e+01 2.794436557014974909e+01 4.318694207261790297e+01
5.000451184910533087e+00 7.124955571017203226e+01 2.794019111772168529e+01 4.330936459245032921e+01
5.001562542990106053e+00 7.129535409188062545e+01 2.783684964760002956e+01 4.345850444428062076e+01
5.002673901069679019e+00 7.128499636996004085e+01 2.765488841126069985e+01 4.363010795869934100e+01
5.003785259149251985e+00 7.123202365744224096e+01 2.741183680587753813e+01 4.382018685156469928e+01
5.004896617228824951e+00 7.114562891426282931e+01 2.712058355340185045e+01 4.402504536086097886e+01
5.006007975308398805e+00 7.103077887850315619e+01 2.678960193820266156e+01 4.424117694030049819e+01
5.007119333387971771e+00 7.088983979239752387e+01 2.642464788145962018e+01 4.446519191093788947e+01
5.008230691467545626e+00 7.072502084300849390e+01 2.603111780894082372e+01 4.469390303406766662e+01
5.009342049547118592e+00 7.054070624428540270e+01 2.561610277371601896e+01 4.492460347056937309e+01
5.010453407626691558e+00 7.034480931651643232e+01 2.518935109614040613e+01 4.515545822037601198e+01
5.011564765706264524e+00 7.014862578370440360e+01 2.476278346865597513e+01 4.538584231504843558e+01
5.012676123785837490e+00 6.996517351219350189e+01 2.434873830471851974e+01 4.561643520747498570e+01
5.013787481865411344e+00 6.980651429031156852e+01 2.395757763732143175e+01 4.584893665299011900e+01
5.014898839944985198e+00 6.968089535850333505e+01 2.359550442089977906e+01 4.608539093760354888e+01
5.016010198024558164e+00 6.959061641889343264e+01 2.326336277890560211e+01 4.632725363998780210e+01
5.017121556104131130e+00 6.953130485028242447e+01 2.295684928801113855e+01 4.657445556227128236e+01
5.018232914183704096e+00 6.949284536320732286e+01 2.266808029678467662e+01 4.682476506642263558e+01
5.019344272263277063e+00 6.946170488362633932e+01 2.238800620116422735e+01 4.707369868246208711e+01
5.020455630342850917e+00 6.942398184684617490e+01 2.210889282866191508e+01 4.731508901818425272e+01
5.021566988422423883e+00 6.936831894979462731e+01 2.182609035650736118e+01 4.754222859328727679e+01
5.022678346501997737e+00 6.928790185377592081e+01 2.153857451226710396e+01 4.774932734150880265e+01
5.023789704581570703e+00 6.918108553389664905e+01 2.124817628999455366e+01 4.793290924390209540e+01
5.024901062661143669e+00 6.905063273779754240e+01 2.095786365754214486e+01 4.809276908025540820e+01
5.026012420740716635e+00 6.890196815479002623e+01 2.066974888126881993e+01 4.823221927352119565e+01
5.027123778820289601e+00 6.874111465281423250e+01 2.038356602650268101e+01 4.835754862631154083e+01
5.028235136899863456e+00 6.857300878410988787e+01 2.009617697897769872e+01 4.847683180513217849e+01
5.029346494979437310e+00 6.840069562073571774e+01 1.980229109469331306e+01 4.859840452604236560e+01
5.030457853059010276e+00 6.822555634760261967e+01 1.949615520827475734e+01 4.872940113932786943e+01
5.031569211138583242e+00 6.804834960712400971e+01 1.917363426861857789e+01 4.887471533850541050e+01
5.032680569218156208e+00 6.787057516962066472e+01 1.883397013794469999e+01 4.903660503167593987e+01
5.033791927297729174e+00 6.769558211307196416e+01 1.848061673964570772e+01 4.921496537342625288e+01
5.034903285377303028e+00 6.752896272420457535e+01 1.812086002887184577e+01 4.940810269533271537e+01
5.036014643456875994e+00 6.737804713214086405e+01 1.776433151457354143e+01 4.961371561756731552e+01
5.037126001536449849e+00 6.725064173277930024e+01 1.742087795658637717e+01 4.982976377619295505e+01
5.038237359616022815e+00 6.715342235060043663e+01 1.709844138152429593e+01 5.005498096907614780e+01
5.039348717695595781e+00 6.709051161560589094e+01 1.680157538145273222e+01 5.028893623415316227e+01
5.040460075775168747e+00 6.706270416208521112e+01 1.653099417085582701e+01 5.053170999122941964e+01
5.041571433854741713e+00 6.706758161819315944e+01 1.628420487136381567e+01 5.078337674682933311e+01
5.042682791934315567e+00 6.710046200381044912e+01 1.605693071536388672e+01 5.104353128844655885e+01
5.043794150013888533e+00 6.715585756209317481e+01 1.584480606697923832e+01 5.131105149511392938e+01
5.044905508093462387e+00 6.722896083155900726e+01 1.564478144947537963e+01 5.158417938208366138e+01
5.046016866173035353e+00 6.731668821641856937e+01 1.545582086007670952e+01 5.186086735634185629e+01
5.047128224252608319e+00 6.741797438212404359e+01 1.527874443532669346e+01 5.213922994679734302e+01
5.048239582332181286e+00 6.753326949314369188e+01 1.511536790785564932e+01 5.241790158528802834e+01
5.049350940411755140e+00 6.766345580785828417e+01 1.496731410428089326e+01 5.269614170357738203e+01
5.050462298491328106e+00 6.780858351207618284e+01 1.483495075460657553e+01 5.297363275746960198e+01
5.051573656570901960e+00 6.796687144919349066e+01 1.471682692058682740e+01 5.325004452860665793e+01
5.052685014650474926e+00 6.813431772348749860e+01 1.460977741847282196e+01 5.352454030501468907e+01
5.053796372730047892e+00 6.830505725898126457e+01 1.450961954075478388e+01 5.379543771822648068e+01
5.054907730809620858e+00 6.847236029643019606e+01 1.441216698107823824e+01 5.406019331535195249e+01
5.056019088889193824e+00 6.862996700961143404e+01 1.431419777098463442e+01 5.431576923862679962e+01
5.057130446968767679e+00 6.877335967172588482e+01 1.421405824744681468e+01 5.455930142427907725e+01
5.058241805048340645e+00 6.890060859345005895e+01 1.411173719754403599e+01 5.478887139590604249e+01
5.059353163127914499e+00 6.901257245627925840e+01 1.400844125798153961e+01 5.500413119829772057e+01
5.060464521207487465e+00 6.911243533938682049e+01 1.390587111155258171e+01 5.520656422783424233e+01
5.061575879287060431e+00 6.920475516720820508e+01 1.380548057777467719e+01 5.539927458943351724e+01
5.062687237366633397e+00 6.929432316956324200e+01 1.370797528636428630e+01 5.558634788319896813e+01
5.063798595446207251e+00 6.938515905282514495e+01 1.361319306874742985e+01 5.577196598407775241e+01
5.064909953525780217e+00 6.947989379475276905e+01 1.352035441563847051e+01 5.595953937911428966e+01
5.066021311605354072e+00 6.957965339801849325e+01 1.342853872632240098e+01 5.615111467169609938e+01
5.067132669684927038e+00 6.968440163451413127e+01 1.333717826817935936e+01 5.634722336633475948e+01
5.068244027764500004e+00 6.979357637465847120e+01 1.324638458322176504e+01 5.654719179143669550e+01
5.069355385844072970e+00 6.990679522194004392e+01 1.315701462709956715e+01 5.674978059484048742e+01
5.070466743923645936e+00 7.002442020513919374e+01 1.307050322065088288e+01 5.695391698448828066e+01
5.071578102003219790e+00 7.014784276636204652e+01 1.298858358747076913e+01 5.715925917889128982e+01
5.072689460082792756e+00 7.027944833754602882e+01 1.291305061632343687e+01 5.736639772122259018e+01
5.073800818162366610e+00 7.042231048590525688e+01 1.284568119284181265e+01 5.757662929306344779e+01
5.074912176241939576e+00 7.057972257864467736e+01 1.278833257374400389e+01 5.779139000490068412e+01
5.076023534321512543e+00 7.075469033493833138e+01 1.274313550180121446e+01 5.801155483313711159e+01
5.077134892401085509e+00 7.094948759631269297e+01 1.271263035881241166e+01 5.823685723750028842e+01
5.078246250480659363e+00 7.116533684682924843e+01 1.269969432638314721e+01 5.846564252044609589e+01
5.079357608560232329e+00 7.140223444197445701e+01 1.270717954711992803e+01 5.869505489485453609e+01
5.080468966639806183e+00 7.165891176811020102e+01 1.273730072155375126e+01 5.892161104655644976e+01
5.081580324719379149e+00 7.193291172543368361e+01 1.279092900729948212e+01 5.914198271813420149e+01
5.082691682798952115e+00 7.222076010420907721e+01 1.286701857136720761e+01 5.935374153284187315e+01
5.083803040878525081e+00 7.251821415273657578e+01 1.296238062400774993e+01 5.955583352872879033e+01
5.084914398958098047e+00 7.282056782273359374e+01 1.307192531824045822e+01 5.974864250449315506e+01
5.086025757037671902e+00 7.312298267368608151e+01 1.318934470061983610e+01 5.993363797306624718e+01
5.087137115117244868e+00 7.342080021703530690e+01 1.330806183669018949e+01 6.011273838034512806e+01
5.088248473196818722e+00 7.370978508282814801e+01 1.342217696759408163e+01 6.028760811523407170e+01
5.089359831276391688e+00 7.398625760125389661e+01 1.352713796406365887e+01 6.045911963719024129e+01
5.090471189355964654e+00 7.424710201167488322e+01 1.361995411836041470e+01 6.062714789331447207e+01
5.091582547435537620e+00 7.448967646869473924e+01 1.369892920167893813e+01 6.079074726701581710e+01
5.092693905515110586e+00 7.471168947673051264e+01 1.376305671883172010e+01 6.094863275789878543e+01
5.093805263594684440e+00 7.491112773108416434e+01 1.381133728785651549e+01 6.109979044322763997e+01
5.094916621674258295e+00 7.508631015017211041e+01 1.384230175571950916e+01 6.124400839445260658e+01
5.096027979753831261e+00 7.523610007814264122e+01 1.385394378811033000e+01 6.138215629003234852e+01
5.097139337833404227e+00 7.536024310882248756e+01 1.384410950361238690e+01 6.151613360521011487e+01
5.098250695912977193e+00 7.545973317116985868e+01 1.381121484897382956e+01 6.164851832219603978e+01
5.099362053992550159e+00 7.553706943315116007e+01 1.375502806702598058e+01 6.178204136612519903e+01
5.100473412072124013e+00 7.559627056586921867e+01 1.367721449596659866e+01 6.191905606990260935e+01
5.101584770151696979e+00 7.564256652696637673e+01 1.358141093513417452e+01 6.206115559183221109e+01
5.102696128231270833e+00 7.568177930438109513e+01 1.347275426104540408e+01 6.220902504333567862e+01
5.103807486310843800e+00 7.571950591558368160e+01 1.335697916312499345e+01 6.236252675245869170e+01
5.104918844390416766e+00 7.576029536110550566e+01 1.323935517032704468e+01 6.252094019077845388e+01
5.106030202469989732e+00 7.580703667665252965e+01 1.312379711216775746e+01 6.268323956448479350e+01
5.107141560549562698e+00 7.586073351682442478e+01 1.301243094396488331e+01 6.284830257285953792e+01
5.108252918629136552e+00 7.592073918655465548e+01 1.290574457993034585e+01 6.301499460662430607e+01
5.109364276708710406e+00 7.598539279554749726e+01 1.280325297209324376e+01 6.318213982345424995e+01
5.110475634788283372e+00 7.605287303514406005e+01 1.270442797918595801e+01 6.334844505595808073e+01
5.111586992867856338e+00 7.612201160518071674e+01 1.260954978237709589e+01 6.351246182280362262e+01
5.112698350947429304e+00 7.619281050502522135e+01 1.252016186986588941e+01 6.367264863515934792e+01
5.113809709027002270e+00 7.626648987118416301e+01 1.243894868062780468e+01 6.382754119055636721e+01
5.114921067106576125e+00 7.634503374041727852e+01 1.236905738099752305e+01 6.397597635941974659e+01
5.116032425186149091e+00 7.643035833225651743e+01 1.231308319748724323e+01 6.411727513476928664e+01
5.117143783265722945e+00 7.652335248459839079e+01 1.227206246720003513e+01 6.425129001739834678e+01
5.118255141345295911e+00 7.662309241852203456e+01 1.224482527759481520e+01 6.437826714092722113e+01
5.119366499424868877e+00 7.672649419341264831e+01 1.222794672752736211e+01 6.449854746588528087e+01
5.120477857504441843e+00 7.682854617429211430e+01 1.221634051733320980e+01 6.461220565695893470e+01
5.121589215584014809e+00 7.692309545258089543e+01 1.220432723918584195e+01 6.471876821339503749e+01
5.122700573663588663e+00 7.700399665180124487e+01 1.218685424351351365e+01 6.481714240828770812e+01
5.123811931743162518e+00 7.706631909591943952e+01 1.216049673585636270e+01 6.490582236006309813e+01
5.124923289822735484e+00 7.710728360663088665e+01 1.212394589119093347e+01 6.498333771543994430e+01
5.126034647902308450e+00 7.712667168643199034e+01 1.207786211586049774e+01 6.504880957057147839e+01
5.127146005981881416e+00 7.712659711768918669e+01 1.202418055003190034e+01 6.510241656765727214e+01
5.128257364061454382e+00 7.711070996300252034e+01 1.196513033127484427e+01 6.514557963172768495e+01
5.129368722141028236e+00 7.708306285454972340e+01 1.190231092594716955e+01 6.518075192860253253e+01
5.130480080220601202e+00 7.704696275798789884e+01 1.183613266818786336e+01 6.521083008980004081e+01
5.131591438300175056e+00 7.700413145271181747e+01 1.176579010210451592e+01 6.523834135060729977e+01
5.132702796379748023e+00 7.695440561514608646e+01 1.168974606880081524e+01 6.526465954634521438e+01
5.133814154459320989e+00 7.689605019329378877e+01 1.160652858421760669e+01 6.528952160907617497e+01
5.134925512538893955e+00 7.682658247011399055e+01 1.151554140066137855e+01 6.531104106945261378e+01
5.136036870618466921e+00 7.674385916238358618e+01 1.141759523554581612e+01 6.532626392683776828e+01
5.137148228698040775e+00 7.664710550960627700e+01 1.131497441199501530e+01 6.533213109761126702e+01
5.138259586777614629e+00 7.653758292362124394e+01 1.121102234820317101e+01 6.532656057541807115e+01
5.139370944857187595e+00 7.641869390081717484e+01 1.110939815875937065e+01 6.530929574205781307e+01
5.140482302936760561e+00 7.629547986767789780e+01 1.101326649620060216e+01 6.528221337147728320e+01
5.141593661016333527e+00 7.617363553621116523e+01 1.092469691265636733e+01 6.524893862355479257e+01
5.142705019095906493e+00 7.605829650649765483e+01 1.084446535791023791e+01 6.521383114858738850e+01
5.143816377175480348e+00 7.595292013149416732e+01 1.077230133860902583e+01 6.518061879288512728e+01
5.144927735255053314e+00 7.585855736841511998e+01 1.070746432925906078e+01 6.515109303915603789e+01
5.146039093334627168e+00 7.577371260078326998e+01 1.064941921947217018e+01 6.512429338131110512e+01
5.147150451414200134e+00 7.569483644673459821e+01 1.059835208034880516e+01 6.509648436638580904e+01
5.148261809493773100e+00 7.561733303221286917e+01 1.055533230591399274e+01 6.506200072629889064e+01
5.149373167573346066e+00 7.553682982649344524e+01 1.052205993407531182e+01 6.501476989241811566e+01
5.150484525652919032e+00 7.545038832716399213e+01 1.050028886550399854e+01 6.495009946166000248e+01
5.151595883732492887e+00 7.535734484784308052e+01 1.049113331299861329e+01 6.486621153484446722e+01
5.152707241812066741e+00 7.525955965825335170e+01 1.049450545267339940e+01 6.476505420557994341e+01
5.153818599891639707e+00 7.516099809013614674e+01 1.050888413133126065e+01 6.465211395880487544e+01
5.154929957971212673e+00 7.506673372885698825e+01 1.053149661119061520e+01 6.453523711766636950e+01
5.156041316050785639e+00 7.498161101220360081e+01 1.055885100122534936e+01 6.442276001097826565e+01
5.157152674130358605e+00 7.490889623471340997e+01 1.058743789515537514e+01 6.432145833955803482e+01
5.158264032209932459e+00 7.484925862976808730e+01 1.061436730172737342e+01 6.423489132804068902e+01
5.159375390289505425e+00 7.480035187506607031e+01 1.063773804917254573e+01 6.416261382589351570e+01
5.160486748369079280e+00 7.475712617486578893e+01 1.065663826826309091e+01 6.410048790660272289e+01
5.161598106448652246e+00 7.471282433029809056e+01 1.067080948549416419e+01 6.404201484480391571e+01
5.162709464528225212e+00 7.466044429515248737e+01 1.068012489802806719e+01 6.398031939712440419e+01
5.163820822607798178e+00 7.459432818084952999e+01 1.068409306142062221e+01 6.391023511942888291e+01
5.164932180687371144e+00 7.451149575339512410e+01 1.068158148926593931e+01 6.382991426412918656e+01
5.166043538766944998e+00 7.441239249601117933e+01 1.067086858741563304e+01 6.374152390859553918e+01
5.167154896846518852e+00 7.430085839182247298e+01 1.065000944106408021e+01 6.365084895075838745e+01
5.168266254926091818e+00 7.418331191008262238e+01 1.061738600755375117e+01 6.356592590252887476e+01
5.169377613005664784e+00 7.406733769927575395e+01 1.057224598172250474e+01 6.349509171755322967e+01
5.170488971085237750e+00 7.396001638832109393e+01 1.051503929229059331e+01 6.344497709603049884e+01
5.171600329164810717e+00 7.386640068119019986e+01 1.044743326576594278e+01 6.341896741542426952e+01
5.172711687244384571e+00 7.378850459963349806e+01 1.037199948616495959e+01 6.341650511346853847e+01
5.173823045323957537e+00 7.372504029459425112e+01 1.029167643186539394e+01 6.343336386272883942e+01
5.174934403403531391e+00 7.367194317398974590e+01 1.020918285753730892e+01 6.346276031645241034e+01
5.176045761483104357e+00 7.362352245640366277e+01 1.012656400790559630e+01 6.349695844849809845e+01
5.177157119562677323e+00 7.357391562019193998e+01 1.004499611237115175e+01 6.352891950782077402e+01
5.178268477642250289e+00 7.351845492544423166e+01 9.964877091844227763e+00 6.355357783360000212e+01
5.179379835721823255e+00 7.345459146520302340e+01 9.886129771713635606e+00 6.356846169348939668e+01
5.180491193801397110e+00 7.338215620192343636e+01 9.808575030213793511e+00 6.357358117170964107e+01
5.181602551880970964e+00 7.330292985765026970e+01 9.732219831685920752e+00 6.357071002596437381e+01
5.182713909960543930e+00 7.321968927791051840e+01 9.657351122303271751e+00 6.356233815560725731e+01
5.183825268040116896e+00 7.313504096568976820e+01 9.584411592118840417e+00 6.355062937357089936e+01
5.184936626119689862e+00 7.305040229515871886e+01 9.513723972819668973e+00 6.353667832233907120e+01
5.186047984199262828e+00 7.296543431427804194e+01 9.445192319822188765e+00 6.352024199445583008e+01
5.187159342278836682e+00 7.287808527476013865e+01 9.378118756133103417e+00 6.349996651862701924e+01
5.188270700358409648e+00 7.278521530802098027e+01 9.311229489452536257e+00 6.347398581856844402e+01
5.189382058437983503e+00 7.268359692900395430e+01 9.242922265739348830e+00 6.344067466326463034e+01
5.190493416517556469e+00 7.257097578704984642e+01 9.171660234302750681e+00 6.339931555274710462e+01
5.191604774597129435e+00 7.244686351446654271e+01 9.096377728413427732e+00 6.335048578605312031e+01
5.192716132676702401e+00 7.231282194780843042e+01 9.016754347157446503e+00 6.329606760065098570e+01
5.193827490756275367e+00 7.217215730040551591e+01 8.933258614248549279e+00 6.323889868615697196e+01
5.194938848835849221e+00 7.202912434871898029e+01 8.846944820723610547e+00 6.318217952799535908e+01
5.196050206915423075e+00 7.188788848735458714e+01 8.759075901494583150e+00 6.312881258585997557e+01
5.197161564994996041e+00 7.175156277486492229e+01 8.670708244369441431e+00 6.308085453049547908e+01
5.198272923074569007e+00 7.162160771704546391e+01 8.582387772749207500e+00 6.303921994429627773e+01
5.199384281154141974e+00 7.149776403513635614e+01 8.494065393291258204e+00 6.300369864184511215e+01
5.200495639233714940e+00 7.137852058630207353e+01 8.405259033271912372e+00 6.297326155303016293e+01
5.201606997313288794e+00 7.126195357247976858e+01 8.315398656005294598e+00 6.294655491647445444e+01
5.202718355392861760e+00 7.114666044091516994e+01 8.224223128603531663e+00 6.292243731231165071e+01
5.203829713472435614e+00 7.103248649310042140e+01 8.132078337730270334e+00 6.290040815537017949e+01
5.204941071552008580e+00 7.092081075535394064e+01 8.040001603269381292e+00 6.288080915208458777e+01
5.206052429631581546e+00 7.081429762558371976e+01 7.949555153106244276e+00 6.286474247247748082e+01
5.207163787711154512e+00 7.071618804348909748e+01 7.862462780201834534e+00 6.285372526328725229e+01
5.208275145790727478e+00 7.062934661343106768e+01 7.780175470545950489e+00 6.284917114288508344e+01
5.209386503870301333e+00 7.055535584309534158e+01 7.703517690817520247e+00 6.285183815227783555e+01
5.210497861949874299e+00 7.049393364945660778e+01 7.632536828657333849e+00 6.286139682079924285e+01
5.211609220029448153e+00 7.044285157481823489e+01 7.566604755418176786e+00 6.287624681940008031e+01
5.212720578109021119e+00 7.039838019239351752e+01 7.504729515031271170e+00 6.289365067736224546e+01
5.213831936188594085e+00 7.035613161950402628e+01 7.445959895310918064e+00 6.291017172419311976e+01
5.214943294268167051e+00 7.031205419080285424e+01 7.389733461630378031e+00 6.292232072917246910e+01
5.216054652347740905e+00 7.026329472520438912e+01 7.336041133141519843e+00 6.292725359206287550e+01
5.217166010427313871e+00 7.020868946885497053e+01 7.285350235561618426e+00 6.292333923329336187e+01
5.218277368506887726e+00 7.014875984998613490e+01 7.238317988486381971e+00 6.291044186149974848e+01
5.219388726586460692e+00 7.008523745104804448e+01 7.195405714524133245e+00 6.288983173652391656e+01
5.220500084666033658e+00 7.002027908090542496e+01 7.156542087732196578e+00 6.286373699317324082e+01
5.221611442745606624e+00 6.995561744940862070e+01 7.120967494321718050e+00 6.283464995508686712e+01
5.222722800825179590e+00 6.989190236865491102e+01 7.087326763208320557e+00 6.280457560544657269e+01
5.223834158904753444e+00 6.982842136056490290e+01 7.053987446118603621e+00 6.277443391444626997e+01
5.224945516984326410e+00 6.976326907195063143e+01 7.019477974083803140e+00 6.274379109786685405e+01
5.226056875063900264e+00 6.969389897322939476e+01 6.982894341109522784e+00 6.271100463211983822e+01
5.227168233143473230e+00 6.961787893060534316e+01 6.944132110310289541e+00 6.267374682029503674e+01
5.228279591223046197e+00 6.953361638212871298e+01 6.903859877705331272e+00 6.262975650442338349e+01
5.229390949302619163e+00 6.944083351909004875e+01 6.863239939451715621e+00 6.257759357963833935e+01
5.230502307382193017e+00 6.934065159040602566e+01 6.823490081068538160e+00 6.251716150933749816e+01
5.231613665461765983e+00 6.923526145498054518e+01 6.785435983889473555e+00 6.244982547109108850e+01
5.232725023541339837e+00 6.912727962286014360e+01 6.749207191361954905e+00 6.237807243149816827e+01
5.233836381620912803e+00 6.901898008728137768e+01 6.714179851394710852e+00 6.230480023588665262e+01
5.234947739700485769e+00 6.891162706391564541e+01 6.679184233960692829e+00 6.223244282995494103e+01
5.236059097780058735e+00 6.880510377971948799e+01 6.642904316213852134e+00 6.216219946350562964e+01
5.237170455859631701e+00 6.869794753049512792e+01 6.604332137040541006e+00 6.209361539345458425e+01
5.238281813939205556e+00 6.858778614663414430e+01 6.563123205575172925e+00 6.202466294105896338e+01
5.239393172018778522e+00 6.847205816365080011e+01 6.519735877802571800e+00 6.195232228584821854e+01
5.240504530098352376e+00 6.834881930702309205e+01 6.475313538690390835e+00 6.187350576833270566e+01
5.241615888177925342e+00 6.821741254339742966e+01 6.431356428582887474e+00 6.178605611481456350e+01
5.242727246257498308e+00 6.807881402737282883e+01 6.389299190772459447e+00 6.168951483660035962e+01
5.243838604337071274e+00 6.793555268126930002e+01 6.350137163974767240e+00 6.158541551729455676e+01
5.244949962416645128e+00 6.779121369841725198e+01 6.314221016657449503e+00 6.147699268175978204e+01
5.246061320496218094e+00 6.764964607745108083e+01 6.281275372887208164e+00 6.136837070456388687e+01
5.247172678575791949e+00 6.751407268552597429e+01 6.250616469208159387e+00 6.126345621631782024e+01
5.248284036655364915e+00 6.738632815829443246e+01 6.221475650712994465e+00 6.116485250758142911e+01
5.249395394734937881e+00 6.726641855189747332e+01 6.193303424999188955e+00 6.107311512689828703e+01
5.250506752814510847e+00 6.715251545831971214e+01 6.165942997502687817e+00 6.098657246081700123e+01
5.251618110894083813e+00 6.704138737070317688e+01 6.139615985479986549e+00 6.090177138522320632e+01
5.252729468973657667e+00 6.692916075806382992e+01 6.114735606428851611e+00 6.081442515163497120e+01
5.253840827053230633e+00 6.681222088051202945e+01 6.091627121544590295e+00 6.072059375896739652e+01
5.254952185132804487e+00 6.668802891135540278e+01 6.070268422713160028e+00 6.061776048864225430e+01
5.256063543212377454e+00 6.655565586270782319e+01 6.050154111235378274e+00 6.050550175147244403e+01
5.257174901291950420e+00 6.641590872693059566e+01 6.030338746058256483e+00 6.038556998087235428e+01
5.258286259371523386e+00 6.627103048047894163e+01 6.009647448240354350e+00 6.026138303223856241e+01
5.259397617451096352e+00 6.612406526226946823e+01 5.986979885766583465e+00 6.013708537650290253e+01
5.260508975530670206e+00 6.597806429004110385e+01 5.961599528241036339e+00 6.001646476180005862e+01
5.261620333610244060e+00 6.583534475027204280e+01 5.933305990706339905e+00 5.990203875956567714e+01
5.262731691689817026e+00 6.569699350340432886e+01 5.902431472939840162e+00 5.979456203046446205e+01
5.263843049769389992e+00 6.556273587617333476e+01 5.869666390630688291e+00 5.969306948554262249e+01
5.264954407848962958e+00 6.543118689855423042e+01 5.835780586037594198e+00 5.959540631251663001e+01
5.266065765928535924e+00 6.530039656126457714e+01 5.801342711932277574e+00 5.949905384933229868e+01
5.267177124008109779e+00 6.516852134104028949e+01 5.766538727872871917e+00 5.940198261316740513e+01
5.268288482087682745e+00 6.503442333864049374e+01 5.731152159380316746e+00 5.930327117926019298e+01
5.269399840167256599e+00 6.489802425932370511e+01 5.694708396949890172e+00 5.920331586237381316e+01
5.270511198246829565e+00 6.476031638503934573e+01 5.656725201162970507e+00 5.910359118387638233e+01
5.271622556326402531e+00 6.462303485861188790e+01 5.616973609630077746e+00 5.900606124898181548e+01
5.272733914405975497e+00 6.448809537620691401e+01 5.575651055397630174e+00 5.891244432080927140e+01
5.273845272485548463e+00 6.435696979433444653e+01 5.533401958643817231e+00 5.882356783569060354e+01
5.274956630565122317e+00 6.423018935380856931e+01 5.491177536200840592e+00 5.873901181760772516e+01
5.276067988644696172e+00 6.410712634019364486e+01 5.449985106730609097e+00 5.865714123346301534e+01
5.277179346724269138e+00 6.398612164848461958e+01 5.410616391699347716e+00 5.857550525678527009e+01
5.278290704803842104e+00 6.386492260906172191e+01 5.373450283157638729e+00 5.849147232590407697e+01
5.279402062883415070e+00 6.374130308444857462e+01 5.338396714977266200e+00 5.840290636947131020e+01
5.280513420962988036e+00 6.361368354781959056e+01 5.304995826609807175e+00 5.830868772120978605e+01
5.281624779042561890e+00 6.348156855148330635e+01 5.272630177440992050e+00 5.820893837404231874e+01
5.282736137122134856e+00 6.334567257993871436e+01 5.240768095234294321e+00 5.810490448470440583e+01
5.283847495201708711e+00 6.320769669304904426e+01 5.209147553243749229e+00 5.799854913980530569e+01
5.284958853281281677e+00 6.306982044823417510e+01 5.177834868562914750e+00 5.789198557967125680e+01
5.286070211360854643e+00 6.293405626097817418e+01 5.147141197484859099e+00 5.778691506349329643e+01
5.287181569440427609e+00 6.280165255921438217e+01 5.117433859012015418e+00 5.768421870020235787e+01
5.288292927520000575e+00 6.267271682532174282e+01 5.088918824322241186e+00 5.758379800099950785e+01
5.289404285599574429e+00 6.254616504530777377e+01 5.061480879139169886e+00 5.748468416616859145e+01
5.290515643679148283e+00 6.242000967382365673e+01 5.034645575096469372e+00 5.738536409872718735e+01
5.291627001758721249e+00 6.229190176640268106e+01 5.007680810867575438e+00 5.728422095553511895e+01
5.292738359838294215e+00 6.215977219966308809e+01 4.979803157412163728e+00 5.717996904225091725e+01
5.293849717917867181e+00 6.202239155173894858e+01 4.950414523137095735e+00 5.707197702860185728e+01
5.294961075997440147e+00 6.187969432075822596e+01 4.919283042470108391e+00 5.696041127828812733e+01
5.296072434077014002e+00 6.173278190218557882e+01 4.886602354201508902e+00 5.684617954798406458e+01
5.297183792156586968e+00 6.158360949879556756e+01 4.852908032704013941e+00 5.673070146609155273e+01
5.298295150236160822e+00 6.143444882584783073e+01 4.818882224613322940e+00 5.661556660123451934e+01
5.299406508315733788e+00 6.128727721004332096e+01 4.785118167894214736e+00 5.650215904214909557e+01
5.300517866395306754e+00 6.114325937734059835e+01 4.751930299196688523e+00 5.639132907814391871e+01
5.301629224474879720e+00 6.100245835015762452e+01 4.719278065137753053e+00 5.628318028501986703e+01
5.302740582554452686e+00 6.086384645361509627e+01 4.686829014361221901e+00 5.617701743925387348e+01
5.303851940634026541e+00 6.072560555757202394e+01 4.654135091446467420e+00 5.607147046612555386e+01
5.304963298713600395e+00 6.058562979093448320e+01 4.620854380538856887e+00 5.596477541039562453e+01
5.306074656793173361e+00 6.044209363538829649e+01 4.586934164281786686e+00 5.585515947110651780e+01
5.307186014872746327e+00 6.029393532999149841e+01 4.552685969666512733e+00 5.574124936032499278e+01
5.308297372952319293e+00 6.014113144125781929e+01 4.518723633214839275e+00 5.562240780804299334e+01
5.309408731031892259e+00 5.998469496574605841e+01 4.485786307554806562e+00 5.549890865819126162e+01
5.310520089111466113e+00 5.982640108876713469e+01 4.454510917644028289e+00 5.537189017112309131e+01
5.311631447191039079e+00 5.966831358820488163e+01 4.425237177243740661e+00 5.524307641096113741e+01
5.312742805270612934e+00 5.951223438070529426e+01 4.397916129100866378e+00 5.511431825160443765e+01
5.313854163350185900e+00 5.935921767730847876e+01 4.372154877398314099e+00 5.498706279991016999e+01
5.314965521429758866e+00 5.920927485073519847e+01 4.347379963529975022e+00 5.486189488720521723e+01
5.316076879509331832e+00 5.906135038171859719e+01 4.323058264760625491e+00 5.473829211695797170e+01
5.317188237588904798e+00 5.891358369638941639e+01 4.298893423930905122e+00 5.461469027245851038e+01
5.318299595668478652e+00 5.876380113631129376e+01 4.274925280065433597e+00 5.448887585624584062e+01
5.319410953748052506e+00 5.861012277579687435e+01 4.251495990513263656e+00 5.435862678528361158e+01
5.320522311827625472e+00 5.845153442337646510e+01 4.229096082769892462e+00 5.422243834060658685e+01
5.321633669907198438e+00 5.828827511573748410e+01 4.208148231636894110e+00 5.408012688410057933e+01
5.322745027986771404e+00 5.812192679042240684e+01 4.188809682816176050e+00 5.393311710760622191e+01
5.323856386066344371e+00 5.795515947529288781e+01 4.170867424206806895e+00 5.378429205108608357e+01
5.324967744145918225e+00 5.779116848862863520e+01 4.153765981381484451e+00 5.363740250724716674e+01
5.326079102225491191e+00 5.763292075474740273e+01 4.136758730234640247e+00 5.349616202451277047e+01
5.327190460305065045e+00 5.748238506160114980e+01 4.119127965121930579e+00 5.336325709647923077e+01
5.328301818384638011e+00 5.733993921869090826e+01 4.100393501009360619e+00 5.323954571768153698e+01
5.329413176464210977e+00 5.720411732893575874e+01 4.080433756786768562e+00 5.312368357214896974e+01
5.330524534543783943e+00 5.707178613469012873e+01 4.059475586270441916e+00 5.301231054841967705e+01
5.331635892623356909e+00 5.693873617058164882e+01 4.037957734052759484e+00 5.290077843652890266e+01
5.332747250702930764e+00 5.680056612793741522e+01 4.016319797451403772e+00 5.278424633048602033e+01
5.333858608782504618e+00 5.665365576050943730e+01 3.994796602874766123e+00 5.265885915763466585e+01
5.334969966862077584e+00 5.649598808503041880e+01 3.973296494792267541e+00 5.252269159023814638e+01
5.336081324941650550e+00 5.632760842193915352e+01 3.951411501139477256e+00 5.237619692079969269e+01
5.337192683021223516e+00 5.615059275452877330e+01 3.928558693033474380e+00 5.222203406149530025e+01
5.338304041100796482e+00 5.596852118819044364e+01 3.904203023902046432e+00 5.206431816428840165e+01
5.339415399180370336e+00 5.578558205762230671e+01 3.878080499932238023e+00 5.190750155769006824e+01
5.340526757259943302e+00 5.560553279586329722e+01 3.850338384204609277e+00 5.175519441165869949e+01
5.341638115339517157e+00 5.543078577031899101e+01 3.821537367089020698e+00 5.160924840322997653e+01
5.342749473419090123e+00 5.526185696099357614e+01 3.792509308003093604e+00 5.146934765299048564e+01
5.343860831498663089e+00 5.509731889131086291e+01 3.764115857984479341e+00 5.133320303332638446e+01
5.344972189578236055e+00 5.493426223919463780e+01 3.736989401941200217e+00 5.119727283725345757e+01
5.346083547657809021e+00 5.476913122523919952e+01 3.711345229562692527e+00 5.105778599567651810e+01
5.347194905737382875e+00 5.459869604051930736e+01 3.686929821263390306e+00 5.091176621925590950e+01
5.348306263816956729e+00 5.442089094277961436e+01 3.663123067988416359e+00 5.075776787479119889e+01
5.349417621896529695e+00 5.423528963975379469e+01 3.639158825585112389e+00 5.059613081416867431e+01
5.350528979976102661e+00 5.404309780113234751e+01 3.614387380255208448e+00 5.042871042087714528e+01
5.351640338055675628e+00 5.384668414053225405e+01 3.588489577200832059e+00 5.025819456333143620e+01
5.352751696135248594e+00 5.364880454855197200e+01 3.561570273038524359e+00 5.008723427551345964e+01
5.353863054214822448e+00 5.345175885458615284e+01 3.534101834484564719e+00 4.991765702010160055e+01
5.354974412294395414e+00 5.325673212689452640e+01 3.506741154897639046e+00 4.974999097199687270e+01
5.356085770373969268e+00 5.306350934096599303e+01 3.480087337118293433e+00 4.958342200384768717e+01
5.357197128453542234e+00 5.287063406443566294e+01 3.454466472640119523e+00 4.941616759179555629e+01
5.358308486533115200e+00 5.267594543044708644e+01 3.429818384704505174e+00 4.924612704574257549e+01
5.359419844612688166e+00 5.247731507657918115e+01 3.405722424604661569e+00 4.907159265197451958e+01
5.360531202692261132e+00 5.227335088133541774e+01 3.381549326892858698e+00 4.889180155444256570e+01
5.361642560771834987e+00 5.206385271102787726e+01 3.356681826358138387e+00 4.870717088466974332e+01
5.362753918851408841e+00 5.184988940780248612e+01 3.330723932460138315e+00 4.851916547534234780e+01
5.363865276930981807e+00 5.163348800834565111e+01 3.303625176732465807e+00 4.832986283161318397e+01
5.364976635010554773e+00 5.141704663022316169e+01 3.275678878545324579e+00 4.814136775167784066e+01
5.366087993090127739e+00 5.120266394471472893e+01 3.247400160309861228e+00 4.795526378440485615e+01
5.367199351169700705e+00 5.099159630932042830e+01 3.219332897956448836e+00 4.777226341136397991e+01
5.368310709249274559e+00 5.078400481346165662e+01 3.191859290846021491e+00 4.759214552261564535e+01
5.369422067328847525e+00 5.057905640471427233e+01 3.165082697427576530e+00 4.741397370728670779e+01
5.370533425408421380e+00 5.037532874197472665e+01 3.138825396126731615e+00 4.723650334584799282e+01
5.371644783487994346e+00 5.017137447810571160e+01 3.112739040175791949e+00 4.705863543792992232e+01
5.372756141567567312e+00 4.996625649012169390e+01 3.086483140819438642e+00 4.687977334930225481e+01
5.373867499647140278e+00 4.975988335412849750e+01 3.059901576955645019e+00 4.669998177717284449e+01
5.374978857726713244e+00 4.955304594984029620e+01 3.033128100628270651e+00 4.651991784921202111e+01
5.376090215806287098e+00 4.934715629586330010e+01 3.006578551713702474e+00 4.634057774414959852e+01
5.377201573885860064e+00 4.914378512792707454e+01 2.980830003503826653e+00 4.616295512442325588e+01
5.378312931965433918e+00 4.894415481815615721e+01 2.956429581952324082e+00 4.598772523620381492e+01
5.379424290045006884e+00 4.874875121232189201e+01 2.933702541197525271e+00 4.581504867112435875e+01
5.380535648124579851e+00 4.855717207718002015e+01 2.912630444688194764e+00 4.564454163249182983e+01
5.381647006204152817e+00 4.836824853329942187e+01 2.892845498772453006e+00 4.547540303452697685e+01
5.382758364283726671e+00 4.818038725496229802e+01 2.873745261078462843e+00 4.530664199388383651e+01
5.383869722363299637e+00 4.799201448570564565e+01 2.854688356420070683e+00 4.513732612928557586e+01
5.384981080442873491e+00 4.780197851853014157e+01 2.835202364145043674e+00 4.496677615438509434e+01
5.386092438522446457e+00 4.760979068757320221e+01 2.815130420535640887e+00 4.479466026703755688e+01
5.387203796602019423e+00 4.741564551436770358e+01 2.794664990206928046e+00 4.462098052416077820e+01
5.388315154681592389e+00 4.722023614954326831e+01 2.774257752678535915e+00 4.444597839686472440e+01
5.389426512761165355e+00 4.702444573003408124e+01 2.754438957784480557e+00 4.427000677224958736e+01
5.390537870840739210e+00 4.682902808359224167e+01 2.735611879116458756e+00 4.409341620447576560e+01
5.391649228920312176e+00 4.663438363844390722e+01 2.717896524951425530e+00 4.391648711349247947e+01
5.392760586999886030e+00 4.644049391435994778e+01 2.701078555303066953e+00 4.373941535905687061e+01
5.393871945079458996e+00 4.624701756334765435e+01 2.684681070790605251e+00 4.356233649255704421e+01
5.394983303159031962e+00 4.605349458911351945e+01 2.668132467320496026e+00 4.338536212179302964e+01
5.396094661238604928e+00 4.585957224965832069e+01 2.650968945473924254e+00 4.320860330418439332e+01
5.397206019318178782e+00 4.566516607853824894e+01 2.632997953645597633e+00 4.303216812489264953e+01
5.398317377397751748e+00 4.547050011545414350e+01 2.614363173009966790e+00 4.285613694244420202e+01
5.399428735477325603e+00 4.527601884678000488e+01 2.595487358742051054e+00 4.268053148803794983e+01
5.400540093556898569e+00 4.508221110230081763e+01 2.576913514225292356e+00 4.250529758807552838e+01
5.401651451636471535e+00 4.488941619824224460e+01 2.559101597638829162e+00 4.233031460060340834e+01
5.402762809716044501e+00 4.469768528230095228e+01 2.542254094332448755e+00 4.215543118796851729e+01
5.403874167795617467e+00 4.450674685273384057e+01 2.526233624552137513e+00 4.198051322818170661e+01
5.404985525875191321e+00 4.431608508730405305e+01 2.510603016175517954e+00 4.180548207112854442e+01
5.406096883954764287e+00 4.412509855660287883e+01 2.494774709422620695e+00 4.163032384718026435e+01
5.407208242034338141e+00 4.393328011530289956e+01 2.478217504019250228e+00 4.145506261128365111e+01
5.408319600113911108e+00 4.374035520919319708e+01 2.460648253269217989e+00 4.127970695592397021e+01
5.409430958193484074e+00 4.354633542094697418e+01 2.442141248789015506e+00 4.110419417215797466e+01
5.410542316273057040e+00 4.335147816884500571e+01 2.423116726942357246e+00 4.092836144190266623e+01
5.411653674352630006e+00 4.315617849520189964e+01 2.404211890940702201e+00 4.075196660426119166e+01
5.412765032432203860e+00 4.296084160675524544e+01 2.386078272725687288e+00 4.057476333402955504e+01
5.413876390511777714e+00 4.276578732006819905e+01 2.369174098052599930e+00 4.039661322201560267e+01
5.414987748591350680e+00 4.257121994910690432e+01 2.353621189560730631e+00 4.021759875954618479e+01
5.416099106670923646e+00 4.237726728600492265e+01 2.339172982978598547e+00 4.003809430302631966e+01
5.417210464750496612e+00 4.218406245513997987e+01 2.325301865045016569e+00 3.985876059009495975e+01
5.418321822830069578e+00 4.199182444768005240e+01 2.311373839578282574e+00 3.968045060810176494e+01
5.419433180909643433e+00 4.180089397665555850e+01 2.296850334827842843e+00 3.950404364182771388e+01
5.420544538989216399e+00 4.161170029926721270e+01 2.281450058236440537e+00 3.933025024103076106e+01
5.421655897068790253e+00 4.142466403767569716e+01 2.265219799353840546e+00 3.915944423832186061e+01
5.422767255148363219e+00 4.124006895818412488e+01 2.248495625593325276e+00 3.899157333259080360e+01
5.423878613227936185e+00 4.105795091473176228e+01 2.231773194483130496e+00 3.882617772024864422e+01
5.424989971307509151e+00 4.087804847904374128e+01 2.215534980077825455e+00 3.866251349896591449e+01
5.426101329387082117e+00 4.069983832899093557e+01 2.200093579688025880e+00 3.849974474930290569e+01
5.427212687466655971e+00 4.052264738615338757e+01 2.185501032913486963e+00 3.833714635323990905e+01
5.428324045546229826e+00 4.034580497009193323e+01 2.171548646660491855e+00 3.817425632343145736e+01
5.429435403625802792e+00 4.016878308562313293e+01 2.157849947576967242e+00 3.801093313804618390e+01
5.430546761705375758e+00 3.999127747198525640e+01 2.143972480570556893e+00 3.784730499141468840e+01
5.431658119784948724e+00 3.981320477024472382e+01 2.129571146947498939e+00 3.768363362329722577e+01
5.432769477864521690e+00 3.963462357390778834e+01 2.114480028922430588e+00 3.752014354498535909e+01
5.433880835944095544e+00 3.945561677970049175e+01 2.098738212410793835e+00 3.735687856728969791e+01
5.434992194023668510e+00 3.927618793187468071e+01 2.082550161252349596e+00 3.719363777062233112e+01
5.436103552103242365e+00 3.909621884111515300e+01 2.066203192973768754e+00 3.703001564814137936e+01
5.437214910182815331e+00 3.891551119332839193e+01 2.049975963612995944e+00 3.686553522971539820e+01
5.438326268262388297e+00 3.873390012999806942e+01 2.034069587385081146e+00 3.669983054261297895e+01
5.439437626341961263e+00 3.855139607799482349e+01 2.018579472538796438e+00 3.653281660545603415e+01
5.440548984421534229e+00 3.836829493200447416e+01 2.003507593681500332e+00 3.636478733832295518e+01
5.441660342501108083e+00 3.818520308208495351e+01 1.988799469538984566e+00 3.619640361254597138e+01
5.442771700580681937e+00 3.800295147282695751e+01 1.974383455523802899e+00 3.602856801730316505e+01
5.443883058660254903e+00 3.782241253094918676e+01 1.960193902385961584e+00 3.586221862856324094e+01
5.444994416739827869e+00 3.764427119816035372e+01 1.946171522417857513e+00 3.569809967574249754e+01
5.446105774819400835e+00 3.746882251045894918e+01 1.932248004975332334e+00 3.553657450548361396e+01
5.447217132898973802e+00 3.729586464505040055e+01 1.918331045898925780e+00 3.537753359915146945e+01
5.448328490978547656e+00 3.712472828941413638e+01 1.904306258049705658e+00 3.522042203136442851e+01
5.449439849058120622e+00 3.695443963544851584e+01 1.890063722427821613e+00 3.506437591302069023e+01
5.450551207137694476e+00 3.678397015109393209e+01 1.875543168846328657e+00 3.490842698224761875e+01
5.451662565217267442e+00 3.661249700383950056e+01 1.860779355242910826e+00 3.475171764859657486e+01
5.452773923296840408e+00 3.643959411357037936e+01 1.845924274638427010e+00 3.459366983893195169e+01
5.453885281376413374e+00 3.626529699340628810e+01 1.831228501386503948e+00 3.443406849201978304e+01
5.454996639455986340e+00 3.609002695139486150e+01 1.816978919846326646e+00 3.427304803154853374e+01
5.456107997535560195e+00 3.591440717639592606e+01 1.803408680623280524e+00 3.411099849577263399e+01
5.457219355615134049e+00 3.573903834872348284e+01 1.790609813967449560e+00 3.394842853475602595e+01
5.458330713694707015e+00 3.556431248232203757e+01 1.778482790644098532e+00 3.378582969167793237e+01
5.459442071774279981e+00 3.539032703126559909e+01 1.766747605299825663e+00 3.362357942596576521e+01
5.460553429853852947e+00 3.521692306052270993e+01 1.755020142394924765e+00 3.346190291812779094e+01
5.461664787933425913e+00 3.504382534564002327e+01 1.742932884245071756e+00 3.330089246139496595e+01
5.462776146012999767e+00 3.487082519762686417e+01 1.730259852811273591e+00 3.314056534481559169e+01
5.463887504092572733e+00 3.469793193620249383e+01 1.717000085123020270e+00 3.298093185107947534e+01
5.464998862172146588e+00 3.452543154001516967e+01 1.703385323516404481e+00 3.282204621649876231e+01
5.466110220251719554e+00 3.435382640879313954e+01 1.689803039864743006e+00 3.266402336892840452e+01
5.467221578331292520e+00 3.418367541558338019e+01 1.676656856001968787e+00 3.250701855958142517e+01
5.468332936410865486e+00 3.401539193165002928e+01 1.664211576309040597e+00 3.235118035534097913e+01
5.469444294490438452e+00 3.384907508244199903e+01 1.652479496876745779e+00 3.219659558556525525e+01
5.470555652570012306e+00 3.368443949455831898e+01 1.641193705643114953e+00 3.204324578891520048e+01
5.471667010649586160e+00 3.352087456955203493e+01 1.629885365853543711e+00 3.189098920369849566e+01
5.472778368729159126e+00 3.335761805901122301e+01 1.618044893729575939e+00 3.173957316528164441e+01
5.473889726808732092e+00 3.319398708496838424e+01 1.605314601888634174e+00 3.158867248307972986e+01
5.475001084888305058e+00 3.302958789479710333e+01 1.591644939683232840e+00 3.143794295511387205e+01
5.476112442967878025e+00 3.286443169355821681e+01 1.577354608432103289e+00 3.128707708512612129e+01
5.477223801047451879e+00 3.269891599395777604e+01 1.563065044235341094e+00 3.113585094972243894e+01
5.478335159127024845e+00 3.253367780407646137e+01 1.549522450474548396e+00 3.098415535360190631e+01
5.479446517206598699e+00 3.236936997350262146e+01 1.537361139586341574e+00 3.083200883391628722e+01
5.480557875286171665e+00 3.220643903622283233e+01 1.526885856123900487e+00 3.067955318009893872e+01
5.481669233365744631e+00 3.204498216998602089e+01 1.517948705923993780e+00 3.052703346406202556e+01
5.482780591445317597e+00 3.188473256875958128e+01 1.509967814766396188e+00 3.037476475399318687e+01
5.483891949524890563e+00 3.172517661499767883e+01 1.502088711428497536e+00 3.022308790356918351e+01
5.485003307604464418e+00 3.156575909644975653e+01 1.493441036745047912e+00 3.007231805970470973e+01
5.486114665684038272e+00 3.140610119399028477e+01 1.483409217342331443e+00 2.992269197664794689e+01
5.487226023763611238e+00 3.124615139346884263e+01 1.471828405307703314e+00 2.977432298816113843e+01
5.488337381843184204e+00 3.108621356073619424e+01 1.459039562894319575e+00 2.962717399784187933e+01
5.489448739922757170e+00 3.092684063098910485e+01 1.445783069821043432e+00 2.948105756116806475e+01
5.490560098002330136e+00 3.076863094337341309e+01 1.432963576569305175e+00 2.933566736680410614e+01
5.491671456081903990e+00 3.061199983225137089e+01 1.421361954238810732e+00 2.919063787801255572e+01
5.492782814161476956e+00 3.045700889204093187e+01 1.411388267601723978e+00 2.904562062443920922e+01
5.493894172241050811e+00 3.030331574811063078e+01 1.402956317816088205e+00 2.890035943029455368e+01
5.495005530320623777e+00 3.015026504126900875e+01 1.395519806451962053e+00 2.875474523481703315e+01
5.496116888400196743e+00 2.999709155329298227e+01 1.388256246047034903e+00 2.860883530724593271e+01
5.497228246479769709e+00 2.984316659433898877e+01 1.380335732648746205e+00 2.846283086169023946e+01
5.498339604559342675e+00 2.968820304470386162e+01 1.371184281869930022e+00 2.831701876283393560e+01
5.499450962638916529e+00 2.953234836823630260e+01 1.360654839811501038e+00 2.817169352842480023e+01
5.500562320718490383e+00 2.937613357432838868e+01 1.349051891726943175e+00 2.802708168260144461e+01
5.501673678798063349e+00 2.922029585813254471e+01 1.337006248105602868e+00 2.788328961002694584e+01
5.502785036877636315e+00 2.906553599144814015e+01 1.325247455275970321e+00 2.774028853617216583e+01
5.503896394957209282e+00 2.891229331693837068e+01 1.314354816053649788e+00 2.759793850088472311e+01
5.505007753036782248e+00 2.876061395979921897e+01 1.304572889192646246e+00 2.745604107060656673e+01
5.506119111116356102e+00 2.861015443791763602e+01 1.295752361591316015e+00 2.731440207632632422e+01
5.507230469195929068e+00 2.846031524870518226e+01 1.287431605174346627e+00 2.717288364353083807e+01
5.508341827275502922e+00 2.831045412845414688e+01 1.279024393235473234e+00 2.703142973521866921e+01
5.509453185355075888e+00 2.816010225016557911e+01 1.270042779001694377e+00 2.689005947116388384e+01
5.510564543434648854e+00 2.800910766480513558e+01 1.260273683670458000e+00 2.674883398113468047e+01
5.511675901514221820e+00 2.785765798304751328e+01 1.249846557826575166e+00 2.660781142522093745e+01
5.512787259593794786e+00 2.770617840040659630e+01 1.239170372635818307e+00 2.646700802777078465e+01
5.513898617673368641e+00 2.755514577942206245e+01 1.228766187145570177e+00 2.632637959227649205e+01
5.515009975752942495e+00 2.740488876609898838e+01 1.219059286440799639e+00 2.618582947965819230e+01
5.516121333832515461e+00 2.725544767420972292e+01 1.210208914896569343e+00 2.604523875931314691e+01
5.517232691912088427e+00 2.710654518902947530e+01 1.202039118616809787e+00 2.590450607041266906e+01
5.518344049991661393e+00 2.695767831893241606e+01 1.194096658403383859e+00 2.576358166052904153e+01
5.519455408071234359e+00 2.680829821937604507e+01 1.185815124480196214e+00 2.562248309489584841e+01
5.520566766150808213e+00 2.665801319569570182e+01 1.176725304481441414e+00 2.548128789121425086e+01
5.521678124230381179e+00 2.650674232834043309e+01 1.166634667215763477e+00 2.534010766112466584e+01
5.522789482309955034e+00 2.635476518837518611e+01 1.155709699014892511e+00 2.519905548936030115e+01
5.523900840389528000e+00 2.620265018798961876e+01 1.144429781990560002e+00 2.505822040599906231e+01
5.525012198469100966e+00 2.605108674022797999e+01 1.133427667004293538e+00 2.491765907322368179e+01
5.526123556548673932e+00 2.590067936320340536e+01 1.123272614421701121e+00 2.477740674878170068e+01
5.527234914628246898e+00 2.575177369191272447e+01 1.114273161402054457e+00 2.463750053051067113e+01
5.528346272707820752e+00 2.560437137782063743e+01 1.106369718926906387e+00 2.449800165889374171e+01
5.529457630787394606e+00 2.545815832875259233e+01 1.099155264434492851e+00 2.435900306431809170e+01
5.530568988866967572e+00 2.531263079230549806e+01 1.092016787355307272e+00 2.422061400495019257e+01
5.531680346946540539e+00 2.516727087376471417e+01 1.084347257314412172e+00 2.408292361645030155e+01
5.532791705026113505e+00 2.502170872289201142e+01 1.075753080625733160e+00 2.394595564226628426e+01
5.533903063105686471e+00 2.487581729783470408e+01 1.066184102560042479e+00 2.380963319527466382e+01
5.535014421185260325e+00 2.472971329289484288e+01 1.055941321168925473e+00 2.367377197172592673e+01
5.536125779264833291e+00 2.458367364946326816e+01 1.045561388721212293e+00 2.353811226074206431e+01
5.537237137344407145e+00 2.443800752666585652e+01 1.035620854489446963e+00 2.340238667217640867e+01
5.538348495423980111e+00 2.429293753762183172e+01 1.026531214375115963e+00 2.326640632324671998e+01
5.539459853503553077e+00 2.414853677468645898e+01 1.018398205734831752e+00 2.313013856895162235e+01
5.540571211583126043e+00 2.400474306677718062e+01 1.010994765718822075e+00 2.299374830105836409e+01
5.541682569662699009e+00 2.386143913823321938e+01 1.003855508047511780e+00 2.285758363018571515e+01
5.542793927742272864e+00 2.371855977320171505e+01 9.964565785544947651e-01 2.272210319464721451e+01
5.543905285821845830e+00 2.357617552068604283e+01 9.884142155787203343e-01 2.258776130510731761e+01
5.545016643901419684e+00 2.343451148745003820e+01 9.796292007403921698e-01 2.245488228670964403e+01
5.546128001980992650e+00 2.329388599320668973e+01 9.703246934210958408e-01 2.232356129978559167e+01
5.547239360060565616e+00 2.315458723835468646e+01 9.609641780690822976e-01 2.219362306028561349e+01
5.548350718140138582e+00 2.301673367293057382e+01 9.520800879216432255e-01 2.206465358500893004e+01
5.549462076219712436e+00 2.288017445871007638e+01 9.440761778670366811e-01 2.193609828084303714e+01
5.550573434299285402e+00 2.274447548151040976e+01 9.370761531503558617e-01 2.180739932836004868e+01
5.551684792378859257e+00 2.260900711844612943e+01 9.308740796557072317e-01 2.167813303879042408e+01
5.552796150458432223e+00 2.247311275283927401e+01 9.250049531393683688e-01 2.154810779969990620e+01
5.553907508538005189e+00 2.233630552248348877e+01 9.189100279615481925e-01 2.141739549452194069e+01
5.555018866617578155e+00 2.219842693883418860e+01 9.121370042220462437e-01 2.128628993461214591e+01
5.556130224697151121e+00 2.205971060233640557e+01 9.045024475432134059e-01 2.115520815479317918e+01
5.557241582776724975e+00 2.192072460253308819e+01 8.961574502971384470e-01 2.102456715223594941e+01
5.558352940856297941e+00 2.178220703674270098e+01 8.875325609437831886e-01 2.089467447579891868e+01
5.559464298935871795e+00 2.164484608676134059e+01 8.791816999942098088e-01 2.076566438676712778e+01
5.560575657015444762e+00 2.150907603468409590e+01 8.715813218102601567e-01 2.063749471287383486e+01
5.561687015095017728e+00 2.137495613753797485e+01 8.649572625502252032e-01 2.050999887498774754e+01
5.562798373174590694e+00 2.124217167309501875e+01 8.592017151001012376e-01 2.038296995799491640e+01
5.563909731254164548e+00 2.111015520182382943e+01 8.539102452015351341e-01 2.025624495662229663e+01
5.565021089333737514e+00 2.097828554386352096e+01 8.485254930365855319e-01 2.012976005082693476e+01
5.566132447413311368e+00 2.084609631128981633e+01 8.425358267145615088e-01 2.000356048457525660e+01
5.567243805492884334e+00 2.071342396389852780e+01 8.356575571953474002e-01 1.987776640670317718e+01
5.568355163572457300e+00 2.058044773193837429e+01 8.279354217348233735e-01 1.975251231020354936e+01
5.569466521652030266e+00 2.044761224866375215e+01 8.197256152305463228e-01 1.962788663343320650e+01
5.570577879731603232e+00 2.031546458643734709e+01 8.115679571080884891e-01 1.950389662932926171e+01
5.571689237811177087e+00 2.018446612373725202e+01 8.039935342649870975e-01 1.938047258947226581e+01
5.572800595890750053e+00 2.005484630685507597e+01 7.973370506794386081e-01 1.925750925617563070e+01
5.573911953970323907e+00 1.992654796212782031e+01 7.916209782008403195e-01 1.913492698392697022e+01
5.575023312049896873e+00 1.979927907670460741e+01 7.865523420015010370e-01 1.901272673470311503e+01
5.576134670129469839e+00 1.967264677087155178e+01 7.816321881597054766e-01 1.889101458271184342e+01
5.577246028209042805e+00 1.954631984717199700e+01 7.763372617094032035e-01 1.876998258546259990e+01
5.578357386288615771e+00 1.942015736603935139e+01 7.703077871723097436e-01 1.864984957886704464e+01
5.579468744368189626e+00 1.929425513067361209e+01 7.634736499742670324e-01 1.853078148069933917e+01
5.580580102447763480e+00 1.916889412552811578e+01 7.560741463126205986e-01 1.841281997921549518e+01
5.581691460527336446e+00 1.904441271781612599e+01 7.485653733361791184e-01 1.829584734447994165e+01
5.582802818606909412e+00 1.892105367612775524e+01 7.414500889285049468e-01 1.817960358719924940e+01
5.583914176686482378e+00 1.879884687060342330e+01 7.350927065300513208e-01 1.806375416407336587e+01
5.585025534766055344e+00 1.867757521360358552e+01 7.295869915702367647e-01 1.794798822203334154e+01
5.586136892845629198e+00 1.855683989265493850e+01 7.247243447222287971e-01 1.783211554793271247e+01
5.587248250925202164e+00 1.843620294989490205e+01 7.200735711343924095e-01 1.771612937876051674e+01
5.588359609004776019e+00 1.831535497597364781e+01 7.151422692826704397e-01 1.760021270669097859e+01
5.589470967084348985e+00 1.819424456249842592e+01 7.095602688277079517e-01 1.748468429367071764e+01
5.590582325163921951e+00 1.807311864087071385e+01 7.032176695615499629e-01 1.736990097130917121e+01
5.591693683243494917e+00 1.795245466328191952e+01 6.963067806136888915e-01 1.725614788266822686e+01
5.592805041323067883e+00 1.783280526999554638e+01 6.892524699344686478e-01 1.714355280006107662e+01
5.593916399402641737e+00 1.771460908619137342e+01 6.825562530205151468e-01 1.703205283317085872e+01
5.595027757482215591e+00 1.759803530267825167e+01 6.766110115776903244e-01 1.692142429110055701e+01
5.596139115561788557e+00 1.748291921130119064e+01 6.715540638381946037e-01 1.681136514746300037e+01
5.597250473641361523e+00 1.736881427423095303e+01 6.672124842858739857e-01 1.670160178994508726e+01
5.598361831720934489e+00 1.725514475718450313e+01 6.631611257433026596e-01 1.659198363144119526e+01
5.599473189800507456e+00 1.714140639245896480e+01 6.588728812695610060e-01 1.648253351118939847e+01
5.600584547880081310e+00 1.702734429892222323e+01 6.539071849490988297e-01 1.637343711397312873e+01
5.601695905959654276e+00 1.691304434615024377e+01 6.480687484108907936e-01 1.626497559773935109e+01
5.602807264039228130e+00 1.679890415036326345e+01 6.414791327794550080e-01 1.615742501758380811e+01
5.603918622118801096e+00 1.668549242575014802e+01 6.345351187870282850e-01 1.605095730696312017e+01
5.605029980198374062e+00 1.657334534677029581e+01 6.277686094263034144e-01 1.594557673734399650e+01
5.606141338277947028e+00 1.646277155005391535e+01 6.216582426519076110e-01 1.584111330740200430e+01
5.607252696357519994e+00 1.635373502673004964e+01 6.164602198029928148e-01 1.573727480692705250e+01
5.608364054437093849e+00 1.624585806590427595e+01 6.121188502539331999e-01 1.563373921565034230e+01
5.609475412516667703e+00 1.613854411197542760e+01 6.082885544092543340e-01 1.553025555756617315e+01
5.610586770596240669e+00 1.603117790691510081e+01 6.044589778012710024e-01 1.542671892911382869e+01
5.611698128675813635e+00 1.592333277160252969e+01 6.001379258015938634e-01 1.532319484580093949e+01
5.612809486755386601e+00 1.581491222052917323e+01 5.950263232975038230e-01 1.521988589723166996e+01
5.613920844834959567e+00 1.570617633286979142e+01 5.891226500150968937e-01 1.511705368285469753e+01
5.615032202914533421e+00 1.559764419600976204e+01 5.827200187314772739e-01 1.501492417727828865e+01
5.616143560994106387e+00 1.548990773109259678e+01 5.762978730316795639e-01 1.491360985806092643e+01
5.617254919073680242e+00 1.538342359836664208e+01 5.703481307460337435e-01 1.481307546762061556e+01
5.618366277153253208e+00 1.527835743775287902e+01 5.651988551402890026e-01 1.471315858261258924e+01
5.619477635232826174e+00 1.517453571140810098e+01 5.608989038982848951e-01 1.461363680750981686e+01
5.620588993312399140e+00 1.507152166174434171e+01 5.572044985621287250e-01 1.451431716318221099e+01
5.621700351391972106e+00 1.496878724542367856e+01 5.536715457578459398e-01 1.441511569966582940e+01
5.622811709471545960e+00 1.486591834437762216e+01 5.498193233877889385e-01 1.431609902098983511e+01
5.623923067551119814e+00 1.476277848586798491e+01 5.453056362033680271e-01 1.421747284966462033e+01
5.625034425630692780e+00 1.465957108314949764e+01 5.400498840746144058e-01 1.411952119907489234e+01
5.626145783710265746e+00 1.455677658714383504e+01 5.342598542637819747e-01 1.402251673288005307e+01
5.627257141789838712e+00 1.445498592976156083e+01 5.283532873331074908e-01 1.392663264242845500e+01
5.628368499869411679e+00 1.435468915308953797e+01 5.228035131195591934e-01 1.383188563996997722e+01
5.629479857948985533e+00 1.425609471608223799e+01 5.179658311323062092e-01 1.373812888494993167e+01
5.630591216028558499e+00 1.415904466341718582e+01 5.139479572502780869e-01 1.364509670616690862e+01
5.631702574108132353e+00 1.406305723296262755e+01 5.105714810911637924e-01 1.355248575187146187e+01
5.632813932187705319e+00 1.396748347899313103e+01 5.074379404775307689e-01 1.346004553851559393e+01
5.633925290267278285e+00 1.387172406838502070e+01 5.040750044963280274e-01 1.336764906388868823e+01
5.635036648346851251e+00 1.377543090946744009e+01 5.001092205085547748e-01 1.327532168895888276e+01
5.636148006426424217e+00 1.367862331561761913e+01 4.954023199437719294e-01 1.318322099567384775e+01
5.637259364505998072e+00 1.358167818871652521e+01 4.901015408036052401e-01 1.309157664791291609e+01
5.638370722585571926e+00 1.348519768051926881e+01 4.845858297261083636e-01 1.300061185079315962e+01
5.639482080665144892e+00 1.338980042396223524e+01 4.793276656882121123e-01 1.291047275827402530e+01
5.640593438744717858e+00 1.329590873838685994e+01 4.747208342669926306e-01 1.282118790411987241e+01
5.641704796824290824e+00 1.320360506574371762e+01 4.709367111451607801e-01 1.273266835459855884e+01
5.642816154903863790e+00 1.311260619128506022e+01 4.678611226012908686e-01 1.264474506868376480e+01
5.643927512983437644e+00 1.302236244727756898e+01 4.651345287520625149e-01 1.255722791852550912e+01
5.645038871063010610e+00 1.293224577146503584e+01 4.622808191063126904e-01 1.246996495235872437e+01
5.646150229142584465e+00 1.284176040004309627e+01 4.588780168643120660e-01 1.238288238317878687e+01
5.647261587222157431e+00 1.275070346932836252e+01 4.547092164431267292e-01 1.229599425288523662e+01
5.648372945301730397e+00 1.265922177600802279e+01 4.498394691070869977e-01 1.220938230690093462e+01
5.649484303381303363e+00 1.256774828350358497e+01 4.445913035328018514e-01 1.212315697997078701e+01
5.650595661460876329e+00 1.247684417899933962e+01 4.394282660683004327e-01 1.203741591293104030e+01
5.651707019540450183e+00 1.238700441418217224e+01 4.347889645274881087e-01 1.195221544965468752e+01
5.652818377620024037e+00 1.229849558747320692e+01 4.309316499599902262e-01 1.186756393751321426e+01
5.653929735699597003e+00 1.221128137124400403e+01 4.278451195154426845e-01 1.178343625172856513e+01
5.655041093779169969e+00 1.212505788581879784e+01 4.252573468960806347e-01 1.169980053892272132e+01
5.656152451858742936e+00 1.203938161521118033e+01 4.227376991150862406e-01 1.161664391609609481e+01
5.657263809938315902e+00 1.195384003591998656e+01 4.198548238606487071e-01 1.153398521205933847e+01
5.658375168017889756e+00 1.186820152671731066e+01 4.163325098004606595e-01 1.145186901691685044e+01
5.659486526097462722e+00 1.178249077658581712e+01 4.121471001815054658e-01 1.137034367640431221e+01
5.660597884177036576e+00 1.169696477040846894e+01 4.075317618559893273e-01 1.128943300855248033e+01
5.661709242256609542e+00 1.161200160692647465e+01 4.028870478847977887e-01 1.120911455904167475e+01
5.662820600336182508e+00 1.152794619197163328e+01 3.986312592455639736e-01 1.112931493272606787e+01
5.663931958415755474e+00 1.144497176821223228e+01 3.950457336295801203e-01 1.104992603458265421e+01
5.665043316495328440e+00 1.136300915711384008e+01 3.921715927600444296e-01 1.097083756435380053e+01
5.666154674574902295e+00 1.128176948607224617e+01 3.897952902411469522e-01 1.089197419583109649e+01
5.667266032654476149e+00 1.120085095185591406e+01 3.875276388146115525e-01 1.081332331304130534e+01
5.668377390734049115e+00 1.111988892955222852e+01 3.849468390694891773e-01 1.073494209048274328e+01
5.669488748813622081e+00 1.103869294063647999e+01 3.817528356632836628e-01 1.065694010497319688e+01
5.670600106893195047e+00 1.095731929737197596e+01 3.778764849315976448e-01 1.057944281244037654e+01
5.671711464972768013e+00 1.087605247233697980e+01 3.735038255998787693e-01 1.050254864673710209e+01
5.672822823052341867e+00 1.079530228068591846e+01 3.690069649669407426e-01 1.042629531571897950e+01
5.673934181131914833e+00 1.071545515188720010e+01 3.648072645174683659e-01 1.035064788736974073e+01
5.675045539211488688e+00 1.063673459664185827e+01 3.612211461423529557e-01 1.027551345049950271e+01
5.676156897291061654e+00 1.055912230654545780e+01 3.583449901324408660e-01 1.020077731641302066e+01
5.677268255370634620e+00 1.048236862125720137e+01 3.560210879501962689e-01 1.012634753330701187e+01
5.678379613450207586e+00 1.040608784286921562e+01 3.538968223494278753e-01 1.005219102051978552e+01
5.679490971529780552e+00 1.032990241499340911e+01 3.515551082815200901e-01 9.978347306711892628e+00
5.680602329609354406e+00 1.025358195875842782e+01 3.486681235658189992e-01 9.904913835192610705e+00
5.681713687688928260e+00 1.017712522206485559e+01 3.451179625285514252e-01 9.832007259536304389e+00
5.682825045768501226e+00 1.010075437134037557e+01 3.410400765083083652e-01 9.759714294832072312e+00
5.683936403848074193e+00 1.002482382018620477e+01 3.367737019530945841e-01 9.688050118233109131e+00
5.685047761927647159e+00 9.949677816611918857e+00 3.327375315375056264e-01 9.616940285074413453e+00
5.686159120007220125e+00 9.875510426142588116e+00 3.292762054941084648e-01 9.546234220648482705e+00
5.687270478086793979e+00 9.802281109543397264e+00 3.265338234091070824e-01 9.475747286134293290e+00
5.688381836166366945e+00 9.729718865197508393e+00 3.244007503866234154e-01 9.405318114810885533e+00
5.689493194245940799e+00 9.657415250811769880e+00 3.225531718886233135e-01 9.334862078923146456e+00
5.690604552325513765e+00 9.584973492852395083e+00 3.205709531662658263e-01 9.264402539686129145e+00
5.691715910405086731e+00 9.512159537655753283e+00 3.180907637546602773e-01 9.194068773901097558e+00
5.692827268484659697e+00 9.438999246720419123e+00 3.149385641358620758e-01 9.124060682584557824e+00
5.693938626564232663e+00 9.365784757555575268e+00 3.111930972799247797e-01 9.054591660275649545e+00
5.695049984643806518e+00 9.292985593597062888e+00 3.071572107362864346e-01 8.985828382860775676e+00
5.696161342723379484e+00 9.221094620447550128e+00 3.032474563437136950e-01 8.917847164103836377e+00
5.697272700802953338e+00 9.150462842558662047e+00 2.998422098151963811e-01 8.850620632743469329e+00
5.698384058882526304e+00 9.081181552934898704e+00 2.971436644415691442e-01 8.784037888493331891e+00
5.699495416962099270e+00 9.013053741939692998e+00 2.951039863956770870e-01 8.717949755544013968e+00
5.700606775041672236e+00 8.945664867902452855e+00 2.934425347303039611e-01 8.652222333172144175e+00
5.701718133121246090e+00 8.878527560578874045e+00 2.917478781238023178e-01 8.586779682455075502e+00
5.702829491200819056e+00 8.811248422255738788e+00 2.896274691015460201e-01 8.521620953154194211e+00
5.703940849280392911e+00 8.743657381034477538e+00 2.868505019476580431e-01 8.456806879086824935e+00
5.705052207359965877e+00 8.675853841495319685e+00 2.834319813130216636e-01 8.392421860182295745e+00
5.706163565439538843e+00 8.608154179225351754e+00 2.796274379892939588e-01 8.328526741236059294e+00
5.707274923519111809e+00 8.540960953623365270e+00 2.758402407160219227e-01 8.265120712907341627e+00
5.708386281598684775e+00 8.474602571083764246e+00 2.724752316769996074e-01 8.202127339406763085e+00
5.709497639678258629e+00 8.409202724707457222e+00 2.697919020637851717e-01 8.139410822643679211e+00
5.710608997757831595e+00 8.344627916384562027e+00 2.678104490712059915e-01 8.076817467313356147e+00
5.711720355837405450e+00 8.280532728381322372e+00 2.663047926679619204e-01 8.014227935713359230e+00
5.712831713916978416e+00 8.216486653617874225e+00 2.648850036843192757e-01 7.951601649933556004e+00
5.713943071996551382e+00 8.152136250726638167e+00 2.631391134301452328e-01 7.888997137296493101e+00
5.715054430076124348e+00 8.087343103067178518e+00 2.607827432277557422e-01 7.826560359839421110e+00
5.716165788155698202e+00 8.022246406522420159e+00 2.577622180425381271e-01 7.764484188479880977e+00
5.717277146235271168e+00 7.957226024692929833e+00 2.542737925701120116e-01 7.702952232122815879e+00
5.718388504314845022e+00 7.892777792267345660e+00 2.506921287180058355e-01 7.642085663549337049e+00
5.719499862394417988e+00 7.829344724094089436e+00 2.474341174371976204e-01 7.581910606656893314e+00
5.720611220473990954e+00 7.767164052897450155e+00 2.448075636476452488e-01 7.522356489249805378e+00
5.721722578553563920e+00 7.706184753948668309e+00 2.428996608050663086e-01 7.463285093143603000e+00
5.722833936633136886e+00 7.646085272234644847e+00 2.415456411100499190e-01 7.404539631124598564e+00
5.723945294712710741e+00 7.586385501721416347e+00 2.403888161193497575e-01 7.345996685602066201e+00
5.725056652792283707e+00 7.526613499566811250e+00 2.390100405418694729e-01 7.287603459024942332e+00
5.726168010871857561e+00 7.466468009428269603e+00 2.370794936813728493e-01 7.229388515746897781e+00
5.727279368951430527e+00 7.405919562647153676e+00 2.344756862489854321e-01 7.171443876398170936e+00
5.728390727031003493e+00 7.345215059623674492e+00 2.313286252466755510e-01 7.113886434376996526e+00
5.729502085110576459e+00 7.284785288878884657e+00 2.279716938591169750e-01 7.056813595019769458e+00
5.730613443190150313e+00 7.225089359997985738e+00 2.248199607764802821e-01 7.000269399221509481e+00
5.731724801269723280e+00 7.166452117993502569e+00 2.222192734308654216e-01 6.944232844562638007e+00
5.732836159349297134e+00 7.108952416980141464e+00 2.203209581256627692e-01 6.888631458854474587e+00
5.733947517428870100e+00 7.052401159420306875e+00 2.190274898339945042e-01 6.833373669586314314e+00
5.735058875508443066e+00 6.996415252077762048e+00 2.180285953179923186e-01 6.778386656759768591e+00
5.736170233588016032e+00 6.940559022912366594e+00 2.169143660528387585e-01 6.723644656859533164e+00
5.737281591667588998e+00 6.884500707857386992e+00 2.153240459270533702e-01 6.669176661930335648e+00
5.738392949747162852e+00 6.828126929807445400e+00 2.130763466859314226e-01 6.615050583121517391e+00
5.739504307826735818e+00 6.771574195804503482e+00 2.102340421565370987e-01 6.561340153647969409e+00
5.740615665906309673e+00 6.715167313807437921e+00 2.070796367388610948e-01 6.508087677068576937e+00
5.741727023985882639e+00 6.659288920725344951e+00 2.040113065910789392e-01 6.455277614134270259e+00
5.742838382065455605e+00 6.604229476683443956e+00 2.013972711259339188e-01 6.402832205557511536e+00
5.743949740145028571e+00 6.550073960142476004e+00 1.994417486613458412e-01 6.350632211481131328e+00
5.745061098224601537e+00 6.496667648183109378e+00 1.981112679079710392e-01 6.298556380275135425e+00
5.746172456304175391e+00 6.443673923619457788e+00 1.971479910925264811e-01 6.246525932526930447e+00
5.747283814383749245e+00 6.390702846424018091e+00 1.961649447934206147e-01 6.194537901630598142e+00
5.748395172463322211e+00 6.337462823033877868e+00 1.947882294412592030e-01 6.142674593592617249e+00
5.749506530542895177e+00 6.283878807698793700e+00 1.927942364494080740e-01 6.091084571249387736e+00
5.750617888622468143e+00 6.230132378408027805e+00 1.901918179513157059e-01 6.039940560456714458e+00
5.751729246702041110e+00 6.176607439823624368e+00 1.872194933599909683e-01 5.989387946463634371e+00
5.752840604781614964e+00 6.123759866884237901e+00 1.842587762426725062e-01 5.939501090641564396e+00
5.753951962861187930e+00 6.071957491097252024e+00 1.816952637588391817e-01 5.890262227338415535e+00
5.755063320940761784e+00 6.021348150591722792e+00 1.797781286543104207e-01 5.841570021937412704e+00
5.756174679020334750e+00 5.971803865325739480e+00 1.785291944576827827e-01 5.793274670868058251e+00
5.757286037099907716e+00 5.922961985315239097e+00 1.777346870634839704e-01 5.745227298251755599e+00
5.758397395179480682e+00 5.874349222027705153e+00 1.770226453012563317e-01 5.697326576726450043e+00
5.759508753259053648e+00 5.825544483038504140e+00 1.759978075344423853e-01 5.649546675504062421e+00
5.760620111338627503e+00 5.776322298937936139e+00 1.743849070137004353e-01 5.601937391924238341e+00
5.761731469418201357e+00 5.726725538559692019e+00 1.721282877157317703e-01 5.554597250843963607e+00
5.762842827497774323e+00 5.677041605407717739e+00 1.694116719333097210e-01 5.507629933474412098e+00
5.763954185577347289e+00 5.627691190376093111e+00 1.665909614724586651e-01 5.461100228903639220e+00
5.765065543656920255e+00 5.579070290434446910e+00 1.640645615788092204e-01 5.415005728855642353e+00
5.766176901736493221e+00 5.531403106627950095e+00 1.621283914702782714e-01 5.369274715157671629e+00
5.767288259816067075e+00 5.484659444236527293e+00 1.608682599195562224e-01 5.323791184316972291e+00
5.768399617895640041e+00 5.438566758160607861e+00 1.601286571316728469e-01 5.278438101028934959e+00
5.769510975975213896e+00 5.392712498139517585e+00 1.595692201454064207e-01 5.233143277994108722e+00
5.770622334054786862e+00 5.346699408153225974e+00 1.587882817500300414e-01 5.187911126403199624e+00
5.771733692134359828e+00 5.300296913761767925e+00 1.574685831994572238e-01 5.142828330562310590e+00
5.772845050213932794e+00 5.253532827920786019e+00 1.554922421368915564e-01 5.098040585783895295e+00
5.773956408293505760e+00 5.206691004456676097e+00 1.529832953065411727e-01 5.053707709150141447e+00
5.775067766373079614e+00 5.160214593734655963e+00 1.502624754402028251e-01 5.009952118294454415e+00
5.776179124452653468e+00 5.114548929856665538e+00 1.477307486338012010e-01 4.966818181222862449e+00
5.777290482532226434e+00 5.069980352204756180e+00 1.457239579758734527e-01 4.924256394228883948e+00
5.778401840611799400e+00 5.026529313275138300e+00 1.443913317636704996e-01 4.882137981511469604e+00
5.779513198691372367e+00 4.983937101467548203e+00 1.436418692062301217e-01 4.840295232261319747e+00
5.780624556770945333e+00 4.941752165306005473e+00 1.431779211077600367e-01 4.798574244198246852e+00
5.781735914850519187e+00 4.899486303884951433e+00 1.426036270277508677e-01 4.756882676857208558e+00
5.782847272930092153e+00 4.856785722900563762e+00 1.415687508571887299e-01 4.715216972043375421e+00
5.783958631009666007e+00 4.813556259836377471e+00 1.398957013060283805e-01 4.673660558530352560e+00
5.785069989089238973e+00 4.769998062888691770e+00 1.376437284330523370e-01 4.632354334455641265e+00
5.786181347168811939e+00 4.726537001116857262e+00 1.350871602769586344e-01 4.591449840839903374e+00
5.787292705248384905e+00 4.683676679050186031e+00 1.326157522513211617e-01 4.551060926798869311e+00
5.788404063327957871e+00 4.641823065929027159e+00 1.305934297394509835e-01 4.511229636189575842e+00
5.789515421407531726e+00 4.601143396303676525e+00 1.292266905474633021e-01 4.471916705756218136e+00
5.790626779487105580e+00 4.561508743525732434e+00 1.284902985487585414e-01 4.433018444976976724e+00
5.791738137566678546e+00 4.522539929373156298e+00 1.281370103635408875e-01 4.394402919009618991e+00
5.792849495646251512e+00 4.483739859622374091e+00 1.277875545127574175e-01 4.355952305109618727e+00
5.793960853725824478e+00 4.444665014610158948e+00 1.270680210047741288e-01 4.317596993605383737e+00
5.795072211805397444e+00 4.405075446080018331e+00 1.257447514416755452e-01 4.279330694638345811e+00
5.796183569884971298e+00 4.365010886570393822e+00 1.238078977051376012e-01 4.241202988865257595e+00
5.797294927964544264e+00 4.324767361502942720e+00 1.214735935396204780e-01 4.203293767963323546e+00
5.798406286044118119e+00 4.284784304480138140e+00 1.191042921049741687e-01 4.165680012375170271e+00
5.799517644123691085e+00 4.245483826894200341e+00 1.170764898149023042e-01 4.128407337079299744e+00
5.800629002203264051e+00 4.207120215274366970e+00 1.156440212075380003e-01 4.091476194066831162e+00
5.801740360282837017e+00 4.169693202211973038e+00 1.148465274595869279e-01 4.054846674752389468e+00
5.802851718362409983e+00 4.132954916417062918e+00 1.144961177308682354e-01 4.018458798686194378e+00
5.803963076441983837e+00 4.096506343628345981e+00 1.142467372746676507e-01 3.982259606353676151e+00
5.805074434521557691e+00 4.059946971955516126e+00 1.137207158024880066e-01 3.946226256153030132e+00
5.806185792601130657e+00 4.023022601757661576e+00 1.126463038782811732e-01 3.910376297879381902e+00
5.807297150680703623e+00 3.985717669021702658e+00 1.109561850700609420e-01 3.874761483951641328e+00
5.808408508760276590e+00 3.948259170468412460e+00 1.088113074392170615e-01 3.839447863029197716e+00
5.809519866839849556e+00 3.911031712839670327e+00 1.065416355177526281e-01 3.804490077321919017e+00
5.810631224919423410e+00 3.874435502410026100e+00 1.045256404799637662e-01 3.769909861930065720e+00
5.811742582998996376e+00 3.838739554014298339e+00 1.030525360126334500e-01 3.735687018001666804e+00
5.812853941078570230e+00 3.803983712590941924e+00 1.022173949639810647e-01 3.701766317626967506e+00
5.813965299158143196e+00 3.769964913114166372e+00 1.018871718090235551e-01 3.668077741305146411e+00
5.815076657237716162e+00 3.736312186964158677e+00 1.017497653729035056e-01 3.634562421591256864e+00
5.816188015317289128e+00 3.702622563620574514e+00 1.014280354286640762e-01 3.601194528191912436e+00
5.817299373396862094e+00 3.668607978992919794e+00 1.006171309001800129e-01 3.567990848092739586e+00
5.818410731476435949e+00 3.634199535444424090e+00 9.919513692015571871e-02 3.535004398524271618e+00
5.819522089556009803e+00 3.599571237821505232e+00 9.726689265701864151e-02 3.502304345164481525e+00
5.820633447635582769e+00 3.565074825063379915e+00 9.512524038254863146e-02 3.469949584680835475e+00
5.821744805715155735e+00 3.531109744472086920e+00 9.314402520290267218e-02 3.437965719269185705e+00
5.822856163794728701e+00 3.497975873460231977e+00 9.164193280315953427e-02 3.406333940657071846e+00
5.823967521874301667e+00 3.465762749469592396e+00 9.076674228736578143e-02 3.374996007182228919e+00
5.825078879953875521e+00 3.434315644631906750e+00 9.044201050539332765e-02 3.343873634126515615e+00
5.826190238033448487e+00 3.403290760112005930e+00 9.039539225973483583e-02 3.312895367852273676e+00
5.827301596113022342e+00 3.372279359280213384e+00 9.025807224061330181e-02 3.282021287039602164e+00
5.828412954192595308e+00 3.340955616417581098e+00 8.969896506920023438e-02 3.251256651348381599e+00
5.829524312272168274e+00 3.309194408735245396e+00 8.854480415077135846e-02 3.220649604584473913e+00
5.830635670351741240e+00 3.277116288868849647e+00 8.684250823236167038e-02 3.190273780636490919e+00
5.831747028431314206e+00 3.245043396990769047e+00 8.484132227262144998e-02 3.160202074718147625e+00
5.832858386510888060e+00 3.213382438156117349e+00 8.290145927150956162e-02 3.130480978884606191e+00
5.833969744590461914e+00 3.182477294884846764e+00 8.136267299963853561e-02 3.101114621885209033e+00
5.835081102670034880e+00 3.152484778069833293e+00 8.042066642663402154e-02 3.072064111643198814e+00
5.836192460749607847e+00 3.123318504078428592e+00 8.005625733330364036e-02 3.043262246745126465e+00
5.837303818829180813e+00 3.094681053444827690e+00 8.004291292762766297e-02 3.014638140517199361e+00
5.838415176908753779e+00 3.066172464428697175e+00 8.002969439835166954e-02 2.986142770030345339e+00
5.839526534988327633e+00 3.037435412050743633e+00 7.966923435973623235e-02 2.957766177691011578e+00
5.840637893067900599e+00 3.008284171686640640e+00 7.874407281794557067e-02 2.929540098868697928e+00
5.841749251147474453e+00 2.978770456357066720e+00 7.724539857849482827e-02 2.901525057778571171e+00
5.842860609227047419e+00 2.949162248671702180e+00 7.537567669207116683e-02 2.873786571979630278e+00
5.843971967306620385e+00 2.919843440469657825e+00 7.347440513566640130e-02 2.846369035333992326e+00
5.845083325386193351e+00 2.891170930667906980e+00 7.189421136993290329e-02 2.819276719297975298e+00
5.846194683465766317e+00 2.863341345641801983e+00 7.087249816260690616e-02 2.792468847479198768e+00
5.847306041545340172e+00 2.836316107512666385e+00 7.044535535068718879e-02 2.765870752161983859e+00
5.848417399624914026e+00 2.809832430162755745e+00 7.043496158998735490e-02 2.739397468572771110e+00
5.849528757704486992e+00 2.783496634569852635e+00 7.051488420718517169e-02 2.712981750362667643e+00
5.850640115784059958e+00 2.756926245122106600e+00 7.032932830096558230e-02 2.686596916821143655e+00
5.851751473863632924e+00 2.729889501230348792e+00 6.962280851638297241e-02 2.660266692713965764e+00
5.852862831943205890e+00 2.702391657769423361e+00 6.833302140110625311e-02 2.634058636368318496e+00
5.853974190022779744e+00 2.674676502675017886e+00 6.661319206957487526e-02 2.608063310605445384e+00
5.855085548102352710e+00 2.647142020126183493e+00 6.477590793234123956e-02 2.582366112193843044e+00
5.856196906181926565e+00 2.620200070936478109e+00 6.317904287579692579e-02 2.557021028060682433e+00
5.857308264261499531e+00 2.594130189759196181e+00 6.209540846581744489e-02 2.532034781293379666e+00
5.858419622341072497e+00 2.568979823044324373e+00 6.161360695490412931e-02 2.507366216089421673e+00
5.859530980420645463e+00 2.544546756406992571e+00 6.160611082778830183e-02 2.482940645579202688e+00
5.860642338500218429e+00 2.520450077765688857e+00 6.177605643437494853e-02 2.458674021331315629e+00
5.861753696579792283e+00 2.496264370391897192e+00 6.176556939724474338e-02 2.434498800994656875e+00
5.862865054659365249e+00 2.471669291873155316e+00 6.128607750480807859e-02 2.410383214368347904e+00
5.863976412738939104e+00 2.446561331588093413e+00 6.022313808623518117e-02 2.386338193501860161e+00
5.865087770818512070e+00 2.421088219597994140e+00 5.867766982699795103e-02 2.362410549770997736e+00
5.866199128898085036e+00 2.395594210975076077e+00 5.692869505885092551e-02 2.338665515916224624e+00
5.867310486977658002e+00 2.370496290461638456e+00 5.533129479656821031e-02 2.315164995665070613e+00
5.868421845057231856e+00 2.346135818483225943e+00 5.418703959358590894e-02 2.291948778889643545e+00
5.869533203136804822e+00 2.322658549712809606e+00 5.363411922246084235e-02 2.269024430490350852e+00
5.870644561216378676e+00 2.299965389949096828e+00 5.359715100115659825e-02 2.246368238947941354e+00
5.871755919295951642e+00 2.277750630451362390e+00 5.381486333227284563e-02 2.223935767119090468e+00
5.872867277375524608e+00 2.255613002752225871e+00 5.393547679917401472e-02 2.201677525953051440e+00
5.873978635455097574e+00 2.233199028441123168e+00 5.364497468642069611e-02 2.179554053754704235e+00
5.875089993534670540e+00 2.210327027612258188e+00 5.278152498062114312e-02 2.157545502631635692e+00
5.876201351614244395e+00 2.187047657048503346e+00 5.139440975369809206e-02 2.135653247294805990e+00
5.877312709693817361e+00 2.163620116480446054e+00 4.972605897620212267e-02 2.113894057504245083e+00
5.878424067773391215e+00 2.140413689287840704e+00 4.812379037357450429e-02 2.092289898914269308e+00
5.879535425852964181e+00 2.117771033235100742e+00 4.691342734546683629e-02 2.070857605889633746e+00
5.880646783932537147e+00 2.095883019722931451e+00 4.628080494990501753e-02 2.049602214773029285e+00
5.881758142012110113e+00 2.074720240911841707e+00 4.620426084110750009e-02 2.028515980070733082e+00
5.882869500091683967e+00 2.054045410708770003e+00 4.646262377709932390e-02 2.007582786931669361e+00
5.883980858171256934e+00 2.033501450368834895e+00 4.671573410662425985e-02 1.986785716262210011e+00
5.885092216250830788e+00 2.012742756668984168e+00 4.662816074206897060e-02 1.966114595926914177e+00
5.886203574330403754e+00 1.991561820383082271e+00 4.599110367802544674e-02 1.945570716705057768e+00
5.887314932409976720e+00 1.969965417590221479e+00 4.479817565616141251e-02 1.925167241934063522e+00
5.888426290489549686e+00 1.948173142647425582e+00 4.324756472495194792e-02 1.904925577922474078e+00
5.889537648569122652e+00 1.926539256244012233e+00 4.166986180319225824e-02 1.884869394440821466e+00
5.890649006648696506e+00 1.905426428834983366e+00 4.040784775230761572e-02 1.865018581082678040e+00
5.891760364728269472e+00 1.885077021465720204e+00 3.969195735339844933e-02 1.845385064112322393e+00
5.892871722807843327e+00 1.865528011569688616e+00 3.955665526230925377e-02 1.825971356307379834e+00
5.893983080887416293e+00 1.846599535611133103e+00 3.982804217221130871e-02 1.806771493438924070e+00
5.895094438966989259e+00 1.827960270101423701e+00 4.018710069271001079e-02 1.787773169408715779e+00
5.896205797046562225e+00 1.809245266538556995e+00 4.028551763782627776e-02 1.768959748900733819e+00
5.897317155126136079e+00 1.790183362175714166e+00 3.987196389632380322e-02 1.750311398279394304e+00
5.898428513205709045e+00 1.770688477646795045e+00 3.888298265014943078e-02 1.731805494996652151e+00
5.899539871285282899e+00 1.750882813826735385e+00 3.746556131434342074e-02 1.713417252512393185e+00
5.900651229364855865e+00 1.731045019607608593e+00 3.592332036971367798e-02 1.695121699237898572e+00
5.901762587444428831e+00 1.711503609267591264e+00 3.460599533177435155e-02 1.676897613935818265e+00
5.902873945524001797e+00 1.692515376848455544e+00 3.378243651458213287e-02 1.658732940333875083e+00
5.903985303603574764e+00 1.674173317708028019e+00 3.354325620048561468e-02 1.640630061507545312e+00
5.905096661683148618e+00 1.656377075848010749e+00 3.376839740512915800e-02 1.622608678442884811e+00
5.906208019762721584e+00 1.638875569898918805e+00 3.417125661622183452e-02 1.604704313282698358e+00
5.907319377842295438e+00 1.621364868220884548e+00 3.440317472856652820e-02 1.586961693492321412e+00
5.908430735921868404e+00 1.603604325892109772e+00 3.418022596860621071e-02 1.569424099923505622e+00
5.909542094001441370e+00 1.585507727849410076e+00 3.338621902374936529e-02 1.552121508825662133e+00
5.910653452081014336e+00 1.567175861792923452e+00 3.211456042359479846e-02 1.535061301369327724e+00
5.911764810160587302e+00 1.548858878430542152e+00 3.063391043829684704e-02 1.518224967992248153e+00
5.912876168240161157e+00 1.530862835563901792e+00 2.929026694761356631e-02 1.501572568616289072e+00
5.913987526319735011e+00 1.513435373294995445e+00 2.838117011982159085e-02 1.485054203175175225e+00
5.915098884399307977e+00 1.496673013926418161e+00 2.804776658452459714e-02 1.468625247341893925e+00
5.916210242478880943e+00 1.480484421729894473e+00 2.822388584758638019e-02 1.452260535882309078e+00
5.917321600558453909e+00 1.464623172211998003e+00 2.866049188756645411e-02 1.435962680324432084e+00
5.918432958638026875e+00 1.448777866131082170e+00 2.901646080537822331e-02 1.419761405325707493e+00
5.919544316717600729e+00 1.432686256627083710e+00 2.898257134319674397e-02 1.403703685283887781e+00
5.920655674797173695e+00 1.416231211917428512e+00 2.839361140396129413e-02 1.387837600513468050e+00
5.921767032876747550e+00 1.399483038196298601e+00 2.728792557259662743e-02 1.372195112623701085e+00
5.922878390956320516e+00 1.382672449558653316e+00 2.589291266225043561e-02 1.356779536896403293e+00
5.923989749035893482e+00 1.366104017820857885e+00 2.454192652595802229e-02 1.341562091294902004e+00
5.925101107115466448e+00 1.350041878346716739e+00 2.355293289351700903e-02 1.326488945453200952e+00
5.926212465195039414e+00 1.334609753977396895e+00 2.311308986292380518e-02 1.311496664114477184e+00
5.927323823274613268e+00 1.319742213567397737e+00 2.321115749233322589e-02 1.296531056075065580e+00
5.928435181354187122e+00 1.305205385805698226e+00 2.364216229829942811e-02 1.281563223507401039e+00
5.929546539433760088e+00 1.290679944754171027e+00 2.408243160469880628e-02 1.266597513149473553e+00
5.930657897513333054e+00 1.275876365009404267e+00 2.420755065695691377e-02 1.251668814352449921e+00
5.931769255592906021e+00 1.260640557405210416e+00 2.381026811603799073e-02 1.236830289289173823e+00
5.932880613672478987e+00 1.245011388743517911e+00 2.287550129417777883e-02 1.222135887449340874e+00
5.933991971752052841e+00 1.229209026413117911e+00 2.158528880393806998e-02 1.207623737609183401e+00
5.935103329831625807e+00 1.213558169201893522e+00 2.025206468448869507e-02 1.193306104517406485e+00
5.936214687911199661e+00 1.198373867499588075e+00 1.920468486996028401e-02 1.179169182629631774e+00
5.937326045990772627e+00 1.183851184037337578e+00 1.866875281240187520e-02 1.165182431224939030e+00
5.938437404070345593e+00 1.169998473793440574e+00 1.868476580177155094e-02 1.151313707991671542e+00
5.939548762149918559e+00 1.156638123938752205e+00 1.909375381677533984e-02 1.137544370121980064e+00
5.940660120229491525e+00 1.143474019616347093e+00 1.959547863612588064e-02 1.123878540980223439e+00
5.941771478309065380e+00 1.130200757674412859e+00 1.985787030810600221e-02 1.110342887366308817e+00
5.942882836388639234e+00 1.116614553175384161e+00 1.963779842197651421e-02 1.096976754753408834e+00
5.943994194468212200e+00 1.102685352207970260e+00 1.886924404802561156e-02 1.083816108159949776e+00
5.945105552547785166e+00 1.088564009524993548e+00 1.768688852771138978e-02 1.070877120997285381e+00
5.946216910627358132e+00 1.074522250824071490e+00 1.637668810946531564e-02 1.058145562714607246e+00
5.947328268706931098e+00 1.060847791403942919e+00 1.527157050105536554e-02 1.045576220902889153e+00
5.948439626786504952e+00 1.047733420238128321e+00 1.463030471238710786e-02 1.033103115525742632e+00
5.949550984866077918e+00 1.035201081252790090e+00 1.454363171307220329e-02 1.020657449539721595e+00
5.950662342945651773e+00 1.023089183157779747e+00 1.490173438789104028e-02 1.008187448769888084e+00
5.951773701025224739e+00 1.011108219897779215e+00 1.543474361011045771e-02 9.956734762876682243e-01
5.952885059104797705e+00 9.989447357997431887e-01 1.581138716367977079e-02 9.831333486360658291e-01
5.953996417184370671e+00 9.863758664408794896e-01 1.575976808871259321e-02 9.706160983521684438e-01
5.955107775263943637e+00 9.733526322933746533e-01 1.516627923001705874e-02 9.581863530633577541e-01
5.956219133343517491e+00 9.600213523126351900e-01 1.411669851088861311e-02 9.459046538017519268e-01
5.957330491423091345e+00 9.466749208815962158e-01 1.286461151826022442e-02 9.338103093633380869e-01
5.958441849502664311e+00 9.336511215916246664e-01 1.173877551469724653e-02 9.219123460769338418e-01
5.959553207582237278e+00 9.212143896114055597e-01 1.102323577295679334e-02 9.101911538384501732e-01
5.960664565661810244e+00 9.094634865157718018e-01 1.085386520536551005e-02 8.986096213104090014e-01
5.961775923741383210e+00 8.982982175499709676e-01 1.116895627087799089e-02 8.871292612790951937e-01
5.962887281820957064e+00 8.874569932044390486e-01 1.173177393871575880e-02 8.757252192657257739e-01
5.963998639900530030e+00 8.766114609604250818e-01 1.221677451087798197e-02 8.643946864495467564e-01
5.965109997980103884e+00 8.654838903292597641e-01 1.232804779354437774e-02 8.531558425357151920e-01
5.966221356059676850e+00 8.539449263214802244e-01 1.190686281340923650e-02 8.420380635080720877e-01
5.967332714139249816e+00 8.420566331607419741e-01 1.098921885821484840e-02 8.310674143025282845e-01
5.968444072218822782e+00 8.300457425597066452e-01 9.792537626483802798e-03 8.202532049332218467e-01
5.969555430298395748e+00 8.182174077221736619e-01 8.636426707208908621e-03 8.095809810149704466e-01
5.970666788377969603e+00 8.068413094225360682e-01 7.826408854518841079e-03 7.990149005680167171e-01
5.971778146457543457e+00 7.960518447467920256e-01 7.542935021514898114e-03 7.885089097252760970e-01
5.972889504537116423e+00 7.857987906607940554e-01 7.776017236368914544e-03 7.780227734244283821e-01
5.974000862616689389e+00 7.758662573856898170e-01 8.329173958961200858e-03 7.675370834267323250e-01
5.975112220696262355e+00 7.659527288516375654e-01 8.891148572829198765e-03 7.570615802788118742e-01
5.976223578775835321e+00 7.557826600067388823e-01 9.149227167611542061e-03 7.466334328391271979e-01
5.977334936855409175e+00 7.452085994931186841e-01 8.902899425937676331e-03 7.363057000671855423e-01
5.978446294934982141e+00 7.342663113603878910e-01 8.136544637541411051e-03 7.261297667228496788e-01
5.979557653014555996e+00 7.231625875582162744e-01 7.024783271140526419e-03 7.161378042870786276e-01
5.980669011094128962e+00 7.122000828366309433e-01 5.868652684902015554e-03 7.063314301517304994e-01
5.981780369173701928e+00 7.016665717246997058e-01 4.985916264929508845e-03 6.966806554597692047e-01
5.982891727253274894e+00 6.917291045151133799e-01 4.595455032501215287e-03 6.871336494826126851e-01
5.984003085332847860e+00 6.823718477629694412e-01 4.737783649106503542e-03 6.776340641138648424e-01
5.985114443412421714e+00 6.734005376400449272e-01 5.260539642958155307e-03 6.681399979970896741e-01
5.986225801491995568e+00 6.645122163102212820e-01 5.874133771358425182e-03 6.586380825388615801e-01
5.987337159571568534e+00 6.554050914752722612e-01 6.257236452473648181e-03 6.491478550228002575e-01
5.988448517651141501e+00 6.458886388051181537e-01 6.173686163696637252e-03 6.397149526414221965e-01
5.989559875730714467e+00 6.359538311351070616e-01 5.558304548993989180e-03 6.303955265861145296e-01
5.990671233810287433e+00 6.257777390166540110e-01 4.540460101581402647e-03 6.212372789150718555e-01
5.991782591889861287e+00 6.156605095048016674e-01 3.396887942322186771e-03 6.122636215624763789e-01
5.992893949969434253e+00 6.059172768721843294e-01 2.450994132070744708e-03 6.034662827401150453e-01
5.994005308049008107e+00 5.967639791981380615e-01 1.955297893940846632e-03 5.948086813041958409e-01
5.995116666128581073e+00 5.882383787289063859e-01 1.999744657997959418e-03 5.862386340709095922e-01
5.996228024208154039e+00 5.801849507404351902e-01 2.479167421488693776e-03 5.777057833189459535e-01
5.997339382287727005e+00 5.723092770909441462e-01 3.131641879307821980e-03 5.691776352116384441e-01
5.998450740367299971e+00 5.642824875356470260e-01 3.633712986482354884e-03 5.606487745491688379e-01
5.999562098446873826e+00 5.558582142027501671e-01 3.717834632763948599e-03 5.521403795699917350e-01
6.000673456526447680e+00 5.469600016191927816e-01 3.269348403699405547e-03 5.436906532154937022e-01
6.001784814606020646e+00 5.377077774621391582e-01 2.367823708912645403e-03 5.353399537532268493e-01
6.002896172685593612e+00 5.283739737807483516e-01 1.257841875905510443e-03 5.271161319048454086e-01
6.004007530765166578e+00 5.192852395348510619e-01 2.599510501287861236e-04 5.190252884847219583e-01
6.005118888844739544e+00 5.107052404294047943e-01 -3.457764541253492002e-04 5.110510168835330491e-01
6.006230246924313398e+00 5.027407485806583143e-01 -4.212637656775763094e-04 5.031620123463337313e-01
6.007341605003886364e+00 4.953046880322553025e-01 -2.020309543015585269e-05 4.953248911276866284e-01
6.008452963083460219e+00 4.881491436110313442e-01 6.318797936363147738e-04 4.875172638173965178e-01
6.009564321163033185e+00 4.809560561378127264e-01 1.219886089474687962e-03 4.797361700483404601e-01
6.010675679242606151e+00 4.734525657817083011e-01 1.453728579524776743e-03 4.719988372021834411e-01
6.011787037322179117e+00 4.655092157201066172e-01 1.173563212241556658e-03 4.643356525078641828e-01
6.012898395401752083e+00 4.571856128143089171e-01 4.074742793150447351e-04 4.567781385349971579e-01
6.014009753481325937e+00 4.487072998615370678e-01 -6.392306886206025607e-04 4.493465305501601614e-01
6.015121111560899791e+00 4.403825510405414145e-01 -1.659074654286990871e-03 4.420416256948292433e-01
6.016232469640472758e+00 4.324895090082412907e-01 -2.354404922834277790e-03 4.348439139310762425e-01
6.017343827720045724e+00 4.251746958853077629e-01 -2.545556272135335134e-03 4.277202521574456906e-01
6.018455185799618690e+00 4.183996500619195369e-01 -2.235889635731532973e-03 4.206355396976537708e-01
6.019566543879191656e+00 4.119548701046313877e-01 -1.610163410263284675e-03 4.135650335148977064e-01
6.020677901958765510e+00 4.055357959224334952e-01 -9.669683049718935663e-04 4.065027642274092745e-01
6.021789260038338476e+00 3.988531043355040273e-01 -6.099170888824549663e-04 3.994630214243864441e-01
6.022900618117912330e+00 3.917372645916074037e-01 -7.372218084713728914e-04 3.924744864000800360e-01
6.024011976197485296e+00 3.841995176079974761e-01 -1.369800835716597498e-03 3.855693184437126719e-01
6.025123334277058262e+00 3.764273531545299090e-01 -2.343978376991739943e-03 3.787713315315248686e-01
6.026234692356631228e+00 3.687163479039809455e-01 -3.371313493586738236e-03 3.720876613975695468e-01
6.027346050436204195e+00 3.613632483167583676e-01 -4.143691034642762311e-03 3.655069393514022713e-01
6.028457408515778049e+00 3.545591011137745885e-01 -4.445393710106059632e-03 3.590044948238819700e-01
6.029568766595351015e+00 3.483210463297836124e-01 -4.231403385073697655e-03 3.525524497148561087e-01
6.030680124674924869e+00 3.424872207184062600e-01 -3.643523884990458594e-03 3.461307446033969892e-01
6.031791482754497835e+00 3.367762650065126429e-01 -2.958565150965744919e-03 3.397348301574756868e-01
6.032902840834070801e+00 3.308895428194102428e-01 -2.487531114111034281e-03 3.333770739335217836e-01
6.034014198913643767e+00 3.246188387214771764e-01 -2.462530460442612090e-03 3.270813691819181579e-01
6.035125556993217621e+00 3.179205310638457682e-01 -2.952532123010241649e-03 3.208730631868593752e-01
6.036236915072790588e+00 3.109296107464749048e-01 -3.838538539523470017e-03 3.147681492859991104e-01
6.037348273152364442e+00 3.039088835628336871e-01 -4.857107920417678970e-03 3.087659914832541763e-01
6.038459631231937408e+00 2.971522351322942179e-01 -5.696304775354679023e-03 3.028485399076524254e-01
6.039570989311510374e+00 2.908774005624150116e-01 -6.109131630307846131e-03 2.969865321927221413e-01
6.040682347391083340e+00 2.851472838298856338e-01 -6.003197945883997910e-03 2.911504817757702979e-01
6.041793705470656306e+00 2.798482654212603449e-01 -5.474081529314419117e-03 2.853223469505725141e-01
6.042905063550230160e+00 2.747330403517177499e-01 -4.770347451217796936e-03 2.795033878029332119e-01
6.044016421629803126e+00 2.695119859985187216e-01 -4.203038192312321536e-03 2.737150241908289372e-01
6.045127779709376981e+00 2.639594463230133803e-01 -4.032601341957996882e-03 2.679920476649716443e-01
6.046239137788949947e+00 2.579960233134095393e-01 -4.374364128803129997e-03 2.623703874422163018e-01
6.047350495868522913e+00 2.517168712931317498e-01 -5.156859586431899317e-03 2.568737308795623897e-01
6.048461853948095879e+00 2.453558045958014466e-01 -6.148054752565211556e-03 2.515038593483669982e-01
6.049573212027669733e+00 2.391985027674825015e-01 -7.039842946119017481e-03 2.462383457136034792e-01
6.050684570107242699e+00 2.334766678677090146e-01 -7.560017455205634944e-03 2.410366853229138351e-01
6.051795928186816553e+00 2.282819016309387550e-01 -7.571017257079921785e-03 2.358529188880202077e-01
6.052907286266389519e+00 2.235308329266124661e-01 -7.119612284846018289e-03 2.306504452114552517e-01
6.054018644345962485e+00 2.189943019345987341e-01 -6.419577939245862605e-03 2.254138798738445082e-01
6.055130002425535451e+00 2.143800359899202257e-01 -5.773776952590934514e-03 2.201538129425101853e-01
6.056241360505108418e+00 2.094387500740113317e-01 -5.464058301634922704e-03 2.149028083756495122e-01
6.057352718584682272e+00 2.040550651094787671e-01 -5.649014542018486462e-03 2.097040796514983985e-01
6.058464076664255238e+00 1.982901512485758522e-01 -6.306705803848410702e-03 2.045968570524219488e-01
6.059575434743829092e+00 1.923605461165091846e-01 -7.243054302010238504e-03 1.996036004185162971e-01
6.060686792823402058e+00 1.865607746066064443e-01 -8.162722260416692410e-03 1.947234968670215893e-01
6.061798150902975024e+00 1.811577767775618408e-01 -8.776601015551502988e-03 1.899343777931138677e-01
6.062909508982547990e+00 1.762953361516509387e-01 -8.906797046033860035e-03 1.852021331976846930e-01
6.064020867062120956e+00 1.719430139051520978e-01 -8.550992549779519100e-03 1.804940064549282186e-01
6.065132225141694811e+00 1.679079039893804637e-01 -7.882894690117459371e-03 1.757907986794998989e-01
6.066243583221268665e+00 1.639047368434552177e-01 -7.188751102179148991e-03 1.710934879456364466e-01
6.067354941300841631e+00 1.596587622945743468e-01 -6.763131762275668285e-03 1.664218940568485960e-01
6.068466299380414597e+00 1.550040861913029311e-01 -6.801923055562614923e-03 1.618060092468655287e-01
6.069577657459987563e+00 1.499419565125304221e-01 -7.331409717118708702e-03 1.572733662296491863e-01
6.070689015539560529e+00 1.446381851250003459e-01 -8.199125355210133692e-03 1.528373104802165372e-01
6.071800373619134383e+00 1.393610701710631117e-01 -9.129655856050810508e-03 1.484907260271151608e-01
6.072911731698707349e+00 1.343827668180506696e-01 -9.824974970535520213e-03 1.442077417885865576e-01
6.074023089778281204e+00 1.298801996462974895e-01 -1.007275658457142467e-02 1.399529562308702568e-01
6.075134447857854170e+00 1.258715708543412248e-01 -9.823290490169958589e-03 1.356948613445122520e-01
6.076245805937427136e+00 1.222113586715613404e-01 -9.207123916276125503e-03 1.314184825878363383e-01
6.077357164017000102e+00 1.186452581852668331e-01 -8.487152617760779574e-03 1.271324108030298661e-01
6.078468522096573068e+00 1.149046308913521386e-01 -7.962722037427243799e-03 1.228673529287798161e-01
6.079579880176146922e+00 1.108056773115089350e-01 -7.860703672962772448e-03 1.186663809844718531e-01
6.080691238255720776e+00 1.063169404112015992e-01 -8.253171970190511381e-03 1.145701123813888667e-01
6.081802596335293742e+00 1.015704399263614444e-01 -9.031554749511359892e-03 1.106019946758716177e-01
6.082913954414866708e+00 9.681243317079804567e-02 -9.946538708260576483e-03 1.067589718790576403e-01
6.084025312494439675e+00 9.231192571891297383e-02 -1.069908682084709170e-02 1.030110125397632609e-01
6.085136670574012641e+00 8.826053441799189270e-02 -1.104936942018629534e-02 9.930990383817923928e-02
6.086248028653586495e+00 8.470048982886019262e-02 -1.090395995758160382e-02 9.560444978644203062e-02
6.087359386733159461e+00 8.150729960045653699e-02 -1.034962216840123669e-02 9.185692176885837390e-02
6.088470744812733315e+00 7.843362889500282709e-02 -9.621491674007255634e-03 8.805512056901315665e-02
6.089582102892306281e+00 7.519857444237715294e-02 -9.017331044958217662e-03 8.421590548733716430e-02
6.090693460971879247e+00 7.158987890036910828e-02 -8.789125769195819948e-03 8.037900466956225676e-02
6.091804819051452213e+00 6.754181943849080216e-02 -9.051476191073642291e-03 7.659329562956557202e-02
6.092916177131025179e+00 6.316027111831908070e-02 -9.740070782985398717e-03 7.290034190130445513e-02
6.094027535210599034e+00 5.868560864944767641e-02 -1.063526637942240755e-02 6.932087502887109010e-02
6.095138893290172888e+00 5.440670099659726533e-02 -1.144210910262175550e-02 6.584881009922063932e-02
6.096250251369745854e+00 5.055705495152885975e-02 -1.189762643950051900e-02 6.245468139102616778e-02
6.097361609449318820e+00 4.723069976031635947e-02 -1.186635333279691118e-02 5.909705309311410332e-02
6.098472967528891786e+00 4.434829422640388513e-02 -1.138939196191737085e-02 5.573768618832270622e-02
6.099584325608464752e+00 4.168575912025410113e-02 -1.066924619780697421e-02 5.235500531806126095e-02
6.100695683688038606e+00 3.895509052530835015e-02 -9.996039436492808877e-03 4.895112996180102372e-02
6.101807041767611572e+00 3.590811423954751863e-02 -9.642015575283349044e-03 4.555012981483264056e-02
6.102918399847185427e+00 3.242565206297036429e-02 -9.762703507024871052e-03 4.218835556999234876e-02
6.104029757926758393e+00 2.855988830667968714e-02 -1.034064036258472777e-02 3.890052866926688863e-02
6.105141116006331359e+00 2.451470955719780437e-02 -1.119202488759512767e-02 3.570673444479112446e-02
6.106252474085904325e+00 2.057127164062119706e-02 -1.203377339043303074e-02 3.260504503105316615e-02
6.107363832165477291e+00 1.698586680555992656e-02 -1.258651034491773714e-02 2.957237715047568785e-02
6.108475190245051145e+00 1.389713927388021991e-02 -1.267601463109164356e-02 2.657315390497026752e-02
6.109586548324624999e+00 1.127622724659639586e-02 -1.229627235210781558e-02 2.357249959870355571e-02
6.110697906404197965e+00 8.937775435626509057e-03 -1.161130467834196184e-02 2.054908011396939377e-02
6.111809264483770932e+00 6.607655549444795690e-03 -1.089522647532074721e-02 1.750288202476427829e-02
6.112920622563343898e+00 4.022682168748051637e-03 -1.043243497906564191e-02 1.445511714781662176e-02
6.114031980642916864e+00 1.026068038068556759e-03 -1.041427190270780706e-02 1.144033994077677148e-02
6.115143338722490718e+00 -2.376005495968129891e-03 -1.086971325195759674e-02 8.493707755992035979e-03
6.116254696802063684e+00 -6.017139671435156947e-03 -1.165520336443862104e-02 5.638063693005074782e-03
6.117366054881637538e+00 -9.631657930343122051e-03 -1.250720846162098679e-02 2.875550531277858233e-03
6.118477412961210504e+00 -1.295148958458584333e-02 -1.313826538685914508e-02 1.867758022741881907e-04
6.119588771040783470e+00 -1.580375915227959921e-02 -1.334153116127158832e-02 -2.462227991006580175e-03
6.120700129120356436e+00 -1.817366311872057119e-02 -1.306581663759662573e-02 -5.107846481125066090e-03
6.121811487199929402e+00 -2.020988719117967555e-02 -1.243388770600065835e-02 -7.775999485176835792e-03
6.122922845279503257e+00 -2.217071324570572821e-02 -1.169748955992741882e-02 -1.047322368577982901e-02
6.124034203359077111e+00 -2.433048530640057050e-02 -1.114556218611130814e-02 -1.318492312029047320e-02
6.125145561438650077e+00 -2.688043782831057299e-02 -1.099910014824304408e-02 -1.588133768006384783e-02
6.126256919518223043e+00 -2.985985274986153667e-02 -1.133090436214420280e-02 -1.852894838771678571e-02
6.127368277597796009e+00 -3.314242124022073049e-02 -1.203935698052031184e-02 -2.110306425969847577e-02
6.128479635677368975e+00 -3.648259803538273643e-02 -1.288566099234098039e-02 -2.359693704303983744e-02
6.129590993756942829e+00 -3.960496296068571204e-02 -1.358089891717631156e-02 -2.602406404350950803e-02
6.130702351836515795e+00 -4.230405202716618768e-02 -1.389117765493762258e-02 -2.841287437222932144e-02
6.131813709916089650e+00 -4.451841825057483576e-02 -1.372260484844980803e-02 -3.079581340212434598e-02
6.132925067995662616e+00 -4.635214338795246719e-02 -1.315523672084376039e-02 -3.319690666710679167e-02
6.134036426075235582e+00 -4.803617727861041187e-02 -1.241373684902545745e-02 -3.562244042958632312e-02
6.135147784154808548e+00 -4.984375133956125276e-02 -1.178551042485960834e-02 -3.805824091470112053e-02
6.136259142234381514e+00 -5.199074865621492597e-02 -1.151615296080782391e-02 -4.047459569540599877e-02
6.137370500313955368e+00 -5.455728710621067512e-02 -1.172024994989471006e-02 -4.283703715631729386e-02
6.138481858393529222e+00 -5.745896115117926639e-02 -1.233992345713950251e-02 -4.511903769403990266e-02
6.139593216473102189e+00 -6.047806304080478867e-02 -1.316611614681402823e-02 -4.731194689398912634e-02
6.140704574552675155e+00 -6.334327553894722462e-02 -1.391477837262192555e-02 -4.942849716632605195e-02
6.141815932632248121e+00 -6.582873585544982142e-02 -1.433018407703250639e-02 -5.149855177841502346e-02
6.142927290711821087e+00 -6.783639639915950426e-02 -1.427778824930985360e-02 -5.355860814984760021e-02
6.144038648791394941e+00 -6.943176154229040165e-02 -1.379290179261155429e-02 -5.563885974967952563e-02
6.145150006870967907e+00 -7.082009439276473750e-02 -1.306757182329996818e-02 -5.775252256946452473e-02
6.146261364950541761e+00 -7.227185569385805031e-02 -1.238054049834493020e-02 -5.989131519551036537e-02
6.147372723030114727e+00 -7.402457339582867168e-02 -1.199583125659740498e-02 -6.202874213923015301e-02
6.148484081109687693e+00 -7.619685287026672915e-02 -1.206686719467281801e-02 -6.412998567559509422e-02
6.149595439189260659e+00 -7.874575217186052800e-02 -1.258095140430039519e-02 -6.616480076756051099e-02
6.150706797268833625e+00 -8.148292204948123785e-02 -1.336421068891910369e-02 -6.811871136055977494e-02
6.151818155348407480e+00 -8.414352174552117147e-02 -1.414509649997289578e-02 -6.999842524554636403e-02
6.152929513427981334e+00 -8.648275411631546616e-02 -1.465326062556042939e-02 -7.182949349075588852e-02
6.154040871507554300e+00 -8.836487888970084859e-02 -1.471780895007092360e-02 -7.364706993962762127e-02
6.155152229587127266e+00 -8.981237083222955164e-02 -1.432922665176677296e-02 -7.548314418046236929e-02
6.156263587666700232e+00 -9.099744330167085227e-02 -1.364253429037965912e-02 -7.735490901129059294e-02
6.157374945746273198e+00 -9.217914335920107671e-02 -1.292063257416144716e-02 -7.925851078503784453e-02
6.158486303825847052e+00 -9.360900160762905542e-02 -1.243853333163245749e-02 -8.117046827599799785e-02
6.159597661905420019e+00 -9.543960222443843844e-02 -1.238335389033173514e-02 -8.305624833410742147e-02
6.160709019984993873e+00 -9.766930593102653158e-02 -1.278643142727025131e-02 -8.488287450375822663e-02
6.161820378064566839e+00 -1.001431477351513583e-01 -1.351217718613766106e-02 -8.663097054901389149e-02
6.162931736144139805e+00 -1.026094685640143167e-01 -1.430762605592363762e-02 -8.830184250808811863e-02
6.164043094223712771e+00 -1.048115784150708968e-01 -1.489457042071557977e-02 -8.991700799435393965e-02
6.165154452303285737e+00 -1.065810539176107047e-01 -1.507072064476325593e-02 -9.151033327284914531e-02
6.166265810382859591e+00 -1.078987459477682709e-01 -1.478311055992244730e-02 -9.311563538784527194e-02
6.167377168462433445e+00 -1.089013817858750371e-01 -1.414711568966343924e-02 -9.475426609621302732e-02
6.168488526542006412e+00 -1.098314745989313890e-01 -1.340426318343754426e-02 -9.642721141549341624e-02
6.169599884621579378e+00 -1.109488762184353550e-01 -1.283426894216606676e-02 -9.811460727626983291e-02
6.170711242701152344e+00 -1.124362265189870758e-01 -1.265334624638624755e-02 -9.978288027260356907e-02
6.171822600780725310e+00 -1.143327146706707848e-01 -1.293576478763017526e-02 -1.013969498830421950e-01
6.172933958860299164e+00 -1.165202076200906739e-01 -1.358712593937984325e-02 -1.029330816807098314e-01
6.174045316939872130e+00 -1.187667073645452959e-01 -1.437897631190552389e-02 -1.043877310526430263e-01
6.175156675019445984e+00 -1.208112289296296993e-01 -1.503207330442861769e-02 -1.057791556252039439e-01
6.176268033099018950e+00 -1.224591385630162538e-01 -1.531795703006724220e-02 -1.071411815329485068e-01
6.177379391178591916e+00 -1.236532231134195164e-01 -1.514188272350165329e-02 -1.085113403899179430e-01
6.178490749258164882e+00 -1.244946324613036004e-01 -1.457700633725592283e-02 -1.099176261240473323e-01
6.179602107337737849e+00 -1.252061049013609151e-01 -1.383748502183326790e-02 -1.113686198795288268e-01
6.180713465417311703e+00 -1.260508954704971929e-01 -1.320037679789584466e-02 -1.128505186725997506e-01
6.181824823496884669e+00 -1.272369356748245806e-01 -1.290481565045255991e-02 -1.143321200243726521e-01
6.182936181576458523e+00 -1.288411075416026341e-01 -1.306514850526551211e-02 -1.157759590363378194e-01
6.184047539656031489e+00 -1.307811795504884023e-01 -1.362958281961196977e-02 -1.171515967308764811e-01
6.185158897735604455e+00 -1.328456060889947055e-01 -1.439929789014364817e-02 -1.184463081988480077e-01
6.186270255815177421e+00 -1.347703506000942630e-01 -1.510097070664212851e-02 -1.196693798934518188e-01
6.187381613894751275e+00 -1.363348066519630697e-01 -1.548626431066219521e-02 -1.208485423412998666e-01
6.188492971974324242e+00 -1.374419660174132363e-01 -1.542207090462310165e-02 -1.220198951127897252e-01
6.189604330053898096e+00 -1.381537249164360437e-01 -1.493872293293121295e-02 -1.232150019835041299e-01
6.190715688133471062e+00 -1.386685303167310701e-01 -1.421871747184428117e-02 -1.244498128448866398e-01
6.191827046213044028e+00 -1.392495122211725167e-01 -1.353014988309615002e-02 -1.257193623380749581e-01
6.192938404292616994e+00 -1.401292138747126381e-01 -1.312914207384627968e-02 -1.270000718008654494e-01
6.194049762372189960e+00 -1.414254992834628744e-01 -1.316677975827718061e-02 -1.282587195251797541e-01
6.195161120451763814e+00 -1.430991233931523665e-01 -1.363437532480683834e-02 -1.294647480683471519e-01
6.196272478531336780e+00 -1.449682969589607684e-01 -1.436688694926603962e-02 -1.306014100096917208e-01
6.197383836610910635e+00 -1.467748810888842292e-01 -1.510315432342124523e-02 -1.316717267654637091e-01
6.198495194690483601e+00 -1.482781259856773559e-01 -1.558096334609389289e-02 -1.326971626395840875e-01
6.199606552770056567e+00 -1.493419161878966339e-01 -1.563233025619832628e-02 -1.337095859316983215e-01
6.200717910849629533e+00 -1.499838988700793740e-01 -1.524437416760507542e-02 -1.347395247024730514e-01
6.201829268929203387e+00 -1.503687560625743824e-01 -1.456371261223086272e-02 -1.358050434503446646e-01
6.202940627008776353e+00 -1.507481775972517590e-01 -1.384287935230242919e-02 -1.369052982449496525e-01
6.204051985088350207e+00 -1.513694220942388147e-01 -1.334833946542091088e-02 -1.380210826288167658e-01
6.205163343167923173e+00 -1.523857046332620646e-01 -1.326360224723960313e-02 -1.391221023860220729e-01
6.206274701247496139e+00 -1.538009170014875138e-01 -1.362265808902430805e-02 -1.401782589124615508e-01
6.207386059327069106e+00 -1.554686585384995046e-01 -1.429788411305983956e-02 -1.411707744254367958e-01
6.208497417406642072e+00 -1.571458025647068102e-01 -1.504672395018095965e-02 -1.420990786145272244e-01
6.209608775486215926e+00 -1.585810293127274118e-01 -1.560007529911870000e-02 -1.429809540136089963e-01
6.210720133565788892e+00 -1.596061064748884872e-01 -1.576018564815728773e-02 -1.438459208267331702e-01
6.211831491645362746e+00 -1.601967709167031184e-01 -1.547245239180050289e-02 -1.447243185249032227e-01
6.212942849724935712e+00 -1.604811732685380021e-01 -1.484506692026279356e-02 -1.456361063482743967e-01
6.214054207804508678e+00 -1.606929343183116643e-01 -1.410944331806678401e-02 -1.465834910002453695e-01
6.215165565884081644e+00 -1.610859826458097832e-01 -1.353590917059577757e-02 -1.475500734752168974e-01
6.216276923963655499e+00 -1.618421892874858659e-01 -1.333537611845957843e-02 -1.485068131690263360e-01
6.217388282043228465e+00 -1.630053719728161987e-01 -1.358275645370576185e-02 -1.494226155191077654e-01
6.218499640122802319e+00 -1.644656018513245554e-01 -1.418993177078787041e-02 -1.502756700805380208e-01
6.219610998202375285e+00 -1.659994328395965058e-01 -1.493802442458855989e-02 -1.510614084150065928e-01
6.220722356281948251e+00 -1.673513532698559791e-01 -1.555715101862481173e-02 -1.517942022512304145e-01
6.221833714361521217e+00 -1.683268131437182791e-01 -1.582459580272451219e-02 -1.525022173409948112e-01
6.222945072441094183e+00 -1.688630245084075943e-01 -1.564569090329832185e-02 -1.532173336051106949e-01
6.224056430520668037e+00 -1.690518559362391982e-01 -1.508803078748381307e-02 -1.539638251487571441e-01
6.225167788600241003e+00 -1.691065728225430997e-01 -1.435665549688139656e-02 -1.547499173256623450e-01
6.226279146679814858e+00 -1.692845683502229859e-01 -1.371931277089455045e-02 -1.555652555793291536e-01
6.227390504759387824e+00 -1.697941778632841014e-01 -1.340904050844449885e-02 -1.563851373548411916e-01
6.228501862838960790e+00 -1.707193928312093212e-01 -1.353951301630720513e-02 -1.571798798149066645e-01
6.229613220918533756e+00 -1.719897333725543820e-01 -1.406390131161901549e-02 -1.579258320609369104e-01
6.230724578998106722e+00 -1.734061057636174519e-01 -1.479213500725984343e-02 -1.586139707563565260e-01
6.231835937077680576e+00 -1.747131477558188095e-01 -1.546020370912531104e-02 -1.592529440466941282e-01
6.232947295157254430e+00 -1.756917329809105921e-01 -1.582623100952512685e-02 -1.598655019713853542e-01
6.234058653236827396e+00 -1.762380651782427810e-01 -1.575836157553186373e-02 -1.604797036027124368e-01
6.235170011316400362e+00 -1.764007471841047003e-01 -1.528253014771425305e-02 -1.611182170363890942e-01
6.236281369395973329e+00 -1.763625301762766495e-01 -1.457281035635584268e-02 -1.617897198199189090e-01
6.237392727475546295e+00 -1.763735491396373478e-01 -1.388793644596167387e-02 -1.624856126936755352e-01
6.238504085555120149e+00 -1.766604235993749217e-01 -1.347714848735059867e-02 -1.631832751120231850e-01
6.239615443634693115e+00 -1.773442772679159618e-01 -1.348962558826390448e-02 -1.638546516796536567e-01
6.240726801714266969e+00 -1.783973824109228445e-01 -1.392041581574808215e-02 -1.644769665951748006e-01
6.241838159793839935e+00 -1.796540138652641949e-01 -1.461245797540583827e-02 -1.650415558898600255e-01
6.242949517873412901e+00 -1.808713618335854312e-01 -1.531387602835889566e-02 -1.655574858052276110e-01
6.244060875952985867e+00 -1.818181854266255337e-01 -1.576964176745219992e-02 -1.660485436591727926e-01
6.245172234032558833e+00 -1.823588851587245874e-01 -1.581424418294123668e-02 -1.665446409757834478e-01
6.246283592112132688e+00 -1.825024439250287067e-01 -1.543168990463529913e-02 -1.670707540203977270e-01
6.247394950191706542e+00 -1.823985562813785488e-01 -1.476108328068719173e-02 -1.676374730006908453e-01
6.248506308271279508e+00 -1.822825273529820322e-01 -1.404584441624707331e-02 -1.682366829367319405e-01
6.249617666350852474e+00 -1.823891565323483288e-01 -1.354510740640027175e-02 -1.688440491259498022e-01
6.250729024430425440e+00 -1.828670536720625461e-01 -1.343955408746799404e-02 -1.694274995845939658e-01
6.251840382509998406e+00 -1.837245998527233526e-01 -1.376590838373854125e-02 -1.699586914689859007e-01
6.252951740589572260e+00 -1.848271731264160556e-01 -1.440384583666158222e-02 -1.704233272897582863e-01
6.254063098669145226e+00 -1.859465531087120260e-01 -1.511998726896299217e-02 -1.708265658397480624e-01
6.255174456748719081e+00 -1.868444164812017028e-01 -1.565289450755951925e-02 -1.711915219736404037e-01
6.256285814828292047e+00 -1.873594515441621144e-01 -1.580811338679492806e-02 -1.715513381573680052e-01
6.257397172907865013e+00 -1.874663468517303311e-01 -1.552871007331897008e-02 -1.719376367784084536e-01
6.258508530987437979e+00 -1.872851904322584693e-01 -1.491571057726958499e-02 -1.723694798549896545e-01
6.259619889067010945e+00 -1.870378928641537597e-01 -1.419110188860065250e-02 -1.728467909755509457e-01
6.260731247146584799e+00 -1.869675317786523294e-01 -1.361693935022953786e-02 -1.733505924284274580e-01
6.261842605226158653e+00 -1.872499912212051698e-01 -1.340003384602947087e-02 -1.738499573751774441e-01
6.262953963305731619e+00 -1.879300441675362254e-01 -1.361688330078893172e-02 -1.743131608667467802e-01
6.264065321385304586e+00 -1.889051065008538477e-01 -1.418609706695753148e-02 -1.747190094338952338e-01
6.265176679464877552e+00 -1.899625356084002348e-01 -1.489825499622302041e-02 -1.750642806121761041e-01
6.266288037544450518e+00 -1.908568777691999618e-01 -1.549225163493023368e-02 -1.753646261342691748e-01
6.267399395624024372e+00 -1.913989657984227488e-01 -1.575029879895436039e-02 -1.756486669994679339e-01
6.268510753703597338e+00 -1.915244961216934216e-01 -1.557702420453737843e-02 -1.759474719171542634e-01
6.269622111783171192e+00 -1.913172103083260189e-01 -1.503394136511682598e-02 -1.762832689432075328e-01
6.270733469862744158e+00 -1.909783285874257497e-01 -1.431683444714323961e-02 -1.766614941402831485e-01
6.271844827942317124e+00 -1.907534145370020640e-01 -1.368437130236009602e-02 -1.770690432346454235e-01
6.272956186021890090e+00 -1.908432897916624849e-01 -1.336397220268150353e-02 -1.774793175889824159e-01
6.274067544101463056e+00 -1.913313626756921737e-01 -1.346918722439235938e-02 -1.778621754513025344e-01
6.275178902181036911e+00 -1.921537145123758672e-01 -1.395859727051912066e-02 -1.781951172418600737e-01
6.276290260260610765e+00 -1.931227097380427971e-01 -1.465111267264937803e-02 -1.784715970653945050e-01
6.277401618340183731e+00 -1.939954373049184166e-01 -1.529201986833441870e-02 -1.787034174365865757e-01
6.278512976419756697e+00 -1.945620276749803201e-01 -1.564568910039686178e-02 -1.789163385745839163e-01
6.279624334499329663e+00 -1.947217245974286470e-01 -1.558120271763550196e-02 -1.791405218797964827e-01
6.280735692578902629e+00 -1.945191098448122435e-01 -1.511978943179230830e-02 -1.793993204130196473e-01
6.281847050658476483e+00 -1.941274177437437576e-01 -1.442688113457956875e-02 -1.797005366091645184e-01
6.282958408738049449e+00 -1.937851323545557447e-01 -1.375176427656589484e-02 -1.800333680779905021e-01
6.284069766817623304e+00 -1.937090266593681775e-01 -1.333684167742174576e-02 -1.803721849819486245e-01
6.285181124897196270e+00 -1.940153181737561128e-01 -1.332953276402492476e-02 -1.806857854097345673e-01
6.286292482976769236e+00 -1.946775999128561863e-01 -1.372883050349050713e-02 -1.809487694093662169e-01
6.287403841056342202e+00 -1.955367769537448563e-01 -1.438588735486940468e-02 -1.811508895988747092e-01
6.288515199135915168e+00 -1.963592972940923775e-01 -1.505833487080226497e-02 -1.813009624232933548e-01
6.289626557215489022e+00 -1.969224069768654994e-01 -1.549851159165671621e-02 -1.814238953852104486e-01
6.290737915295062876e+00 -1.970953647498837613e-01 -1.554347990004626909e-02 -1.815518848498375581e-01
6.291849273374635843e+00 -1.968870690152457470e-01 -1.517411179356234659e-02 -1.817129572216852618e-01
6.292960631454208809e+00 -1.964428095956365083e-01 -1.452181632539021293e-02 -1.819209932702451071e-01
6.294071989533781775e+00 -1.959913848078876641e-01 -1.382054481808313827e-02 -1.821708399898050446e-01
6.295183347613354741e+00 -1.957618747617725641e-01 -1.332160297491637342e-02 -1.824402717868586488e-01
6.296294705692928595e+00 -1.959003729098814650e-01 -1.320228999568134713e-02 -1.826980829142013929e-01
6.297406063772501561e+00 -1.964169566853395943e-01 -1.350158016524362348e-02 -1.829153765200961235e-01
6.298517421852075415e+00 -1.971821477876710138e-01 -1.410618165789400552e-02 -1.830759661297762242e-01
6.299628779931648381e+00 -1.979740982693585505e-01 -1.479196052584459513e-02 -1.831821377435122467e-01
6.300740138011221347e+00 -1.985592977552197713e-01 -1.530558655767069905e-02 -1.832537111975495736e-01
6.301851496090794313e+00 -1.987774332845333447e-01 -1.545666179184840283e-02 -1.833207714926833043e-01
6.302962854170367279e+00 -1.985995589315046050e-01 -1.518682857678740027e-02 -1.834127303547185561e-01
6.304074212249941134e+00 -1.981384689558625123e-01 -1.459077355090503125e-02 -1.835476954049554410e-01
6.305185570329514988e+00 -1.976075622765156581e-01 -1.388156774750451058e-02 -1.837259945290121155e-01
6.306296928409087954e+00 -1.972432064130595075e-01 -1.331302772731265960e-02 -1.839301786857485133e-01
6.307408286488660920e+00 -1.972188515635929507e-01 -1.308738550658294225e-02 -1.841314660570102513e-01
6.308519644568233886e+00 -1.975821062065441225e-01 -1.328185189554722395e-02 -1.843002543109964197e-01
6.309631002647806852e+00 -1.982376031343779932e-01 -1.382073903497141668e-02 -1.844168640994069686e-01
6.310742360727380706e+00 -1.989818206156276914e-01 -1.450320690202167202e-02 -1.844786137136041337e-01
6.311853718806953673e+00 -1.995771431459877898e-01 -1.507646418035929296e-02 -1.845006789656316870e-01
6.312965076886527527e+00 -1.998382117656310741e-01 -1.532774650844197402e-02 -1.845104652571897264e-01
6.314076434966100493e+00 -1.996991889961656219e-01 -1.516160934258121464e-02 -1.845375796535853596e-01
6.315187793045673459e+00 -1.992375405184857728e-01 -1.463446041123256207e-02 -1.846030801072549576e-01
6.316299151125246425e+00 -1.986457630458483559e-01 -1.393384147871943451e-02 -1.847119215671277903e-01
6.317410509204819391e+00 -1.981614029523900422e-01 -1.331007088681487871e-02 -1.848513320655743863e-01
6.318521867284393245e+00 -1.979808382672302858e-01 -1.298516374334441476e-02 -1.849956745238850730e-01
6.319633225363967099e+00 -1.981881495234274204e-01 -1.307216962826582111e-02 -1.851159798951621804e-01
6.320744583443540066e+00 -1.987248724786567500e-01 -1.353423279362705317e-02 -1.851906396850303838e-01
6.321855941523113032e+00 -1.994115365359873937e-01 -1.419819872499970999e-02 -1.852133378109881157e-01
6.322967299602685998e+00 -2.000130703828121026e-01 -1.481774280789982176e-02 -1.851953275749124439e-01
6.324078657682258964e+00 -2.003242437002823728e-01 -1.516300390139410301e-02 -1.851612397988899594e-01
6.325190015761832818e+00 -2.002440847249860600e-01 -1.510410509271289947e-02 -1.851399796322733549e-01
6.326301373841405784e+00 -1.998122776880148499e-01 -1.465821302665386468e-02 -1.851540646613613061e-01
6.327412731920979638e+00 -1.991944048088064301e-01 -1.398308385505343462e-02 -1.852113209537577798e-01
6.328524090000552604e+00 -1.986215020720298041e-01 -1.331951901777539762e-02 -1.853019830542554647e-01
6.329635448080125570e+00 -1.983059800015229690e-01 -1.290372015689428623e-02 -1.854022598446292969e-01
6.330746806159698536e+00 -1.983645007058596199e-01 -1.288144271614618738e-02 -1.854830579897154552e-01
6.331858164239271503e+00 -1.987758135750335720e-01 -1.325514786962551927e-02 -1.855206657054083164e-01
6.332969522318845357e+00 -1.993887956399496564e-01 -1.388331367891086285e-02 -1.855054819610404693e-01
6.334080880398419211e+00 -1.999776721109109423e-01 -1.453208088184087567e-02 -1.854455912290701169e-01
6.335192238477992177e+00 -2.003242560399964567e-01 -1.496038698780383959e-02 -1.853638690521932642e-01
6.336303596557565143e+00 -2.002972672934367204e-01 -1.500759796173294081e-02 -1.852896693317052368e-01
6.337414954637138109e+00 -1.998999094039543845e-01 -1.465178362643091564e-02 -1.852481257775236700e-01
6.338526312716711075e+00 -1.992684720600098880e-01 -1.401749829063791628e-02 -1.852509737693720793e-01
6.339637670796284930e+00 -1.986225569627818044e-01 -1.333031069259556223e-02 -1.852922462701863671e-01
6.340749028875857896e+00 -1.981851055247514370e-01 -1.283468492752925204e-02 -1.853504205972230090e-01
6.341860386955431750e+00 -1.981013504032873573e-01 -1.270510981691600101e-02 -1.853962405863740226e-01
6.342971745035004716e+00 -1.983861540872620677e-01 -1.298278481192479197e-02 -1.854033692753379869e-01
6.344083103114577682e+00 -1.989188309791060927e-01 -1.356083578285771640e-02 -1.853579951962490702e-01
6.345194461194150648e+00 -1.994872600382720795e-01 -1.422336367786897551e-02 -1.852638963604021360e-01
6.346305819273723614e+00 -1.998651774429463512e-01 -1.472405721095833980e-02 -1.851411202319890592e-01
6.347417177353297468e+00 -1.998945048995753593e-01 -1.487574323411145448e-02 -1.850187616654663525e-01
6.348528535432870434e+00 -1.995427823005929413e-01 -1.461831547952149868e-02 -1.849244668210712206e-01
6.349639893512444289e+00 -1.989148659791120377e-01 -1.404038788690941536e-02 -1.848744780922029207e-01
6.350751251592017255e+00 -1.982147043049971857e-01 -1.334687219454535820e-02 -1.848678321104537392e-01
6.351862609671590221e+00 -1.976711486745206803e-01 -1.278434269811074865e-02 -1.848868059764120497e-01
6.352973967751163187e+00 -1.974548044785542633e-01 -1.255137387487940612e-02 -1.849034306036762276e-01
6.354085325830737041e+00 -1.976161416035721874e-01 -1.272645682065338610e-02 -1.848896847829166468e-01
6.355196683910310007e+00 -1.980673154012634329e-01 -1.323966313666934125e-02 -1.848276522645928843e-01
6.356308041989883861e+00 -1.986142371063125134e-01 -1.389828723794525947e-02 -1.847159498683683398e-01
6.357419400069456827e+00 -1.990271712381975755e-01 -1.445706632944108658e-02 -1.845701049087567214e-01
6.358530758149029793e+00 -1.991241641389134565e-01 -1.470739158139769756e-02 -1.844167725575160399e-01
6.359642116228602760e+00 -1.988369909191070317e-01 -1.455306130478058700e-02 -1.842839296143286565e-01
6.360753474308175726e+00 -1.982357085224857041e-01 -1.404506713272568597e-02 -1.841906413897619332e-01
6.361864832387749580e+00 -1.975029761923105531e-01 -1.336283412723300243e-02 -1.841401420650792264e-01
6.362976190467322546e+00 -1.968675608387125686e-01 -1.274881440964661591e-02 -1.841187464290656994e-01
6.364087548546896400e+00 -1.965212470039646719e-01 -1.242027552007150641e-02 -1.841009714838936773e-01
6.365198906626469366e+00 -1.965493494584704681e-01 -1.249037619506794539e-02 -1.840589732634005105e-01
6.366310264706042332e+00 -1.969000262635202947e-01 -1.292719806527948753e-02 -1.839728281982405678e-01
6.367421622785615298e+00 -1.974034487217667388e-01 -1.356556412076120530e-02 -1.838378846010057521e-01
6.368532980865189153e+00 -1.978337563787448961e-01 -1.416726842332178236e-02 -1.836664879554229524e-01
6.369644338944762119e+00 -1.979912028568061588e-01 -1.450775467207297657e-02 -1.834834481847341381e-01
6.370755697024335973e+00 -1.977746150285727700e-01 -1.445770281522592085e-02 -1.833169122133465334e-01
6.371867055103908939e+00 -1.972178729089072158e-01 -1.402988171780837796e-02 -1.831879911910987702e-01
6.372978413183481905e+00 -1.964772460914112340e-01 -1.337429428371079976e-02 -1.831029518077038343e-01
6.374089771263054871e+00 -1.957743052896528113e-01 -1.272345890022788008e-02 -1.830508463894255922e-01
6.375201129342627837e+00 -1.953152573857645513e-01 -1.230778946634644017e-02 -1.830074679194195197e-01
6.376312487422201691e+00 -1.952160720453859077e-01 -1.227187200271184081e-02 -1.829442000426748094e-01
6.377423845501774657e+00 -1.954605971398171160e-01 -1.262206217348442114e-02 -1.828385349663307069e-01
6.378535203581348512e+00 -1.959068096779150447e-01 -1.322439808656161904e-02 -1.826824115913562308e-01
6.379646561660921478e+00 -1.963388183834663125e-01 -1.385350754898009504e-02 -1.824853108344861030e-01
6.380757919740494444e+00 -1.965456062878609134e-01 -1.427465547655145696e-02 -1.822709508113116994e-01
6.381869277820067410e+00 -1.963978191710981924e-01 -1.432906137457472598e-02 -1.820687577965239001e-01
6.382980635899641264e+00 -1.958946747715156200e-01 -1.399147552785101958e-02 -1.819031992436666856e-01
6.384091993979214230e+00 -1.951639889734916311e-01 -1.337913362659370886e-02 -1.817848553469000594e-01
6.385203352058788084e+00 -1.944153991183746322e-01 -1.270891342677443574e-02 -1.817064856916055515e-01
6.386314710138361050e+00 -1.938638883835861193e-01 -1.221834755805728361e-02 -1.816455408255283899e-01
6.387426068217934017e+00 -1.936514888570837201e-01 -1.207925811930599287e-02 -1.815722307377775624e-01
6.388537426297506983e+00 -1.937956575685174099e-01 -1.233541474860432724e-02 -1.814602428199130202e-01
6.389648784377079949e+00 -1.941830719303708763e-01 -1.288683664147855130e-02 -1.812962352888926598e-01
6.390760142456653803e+00 -1.946110401688101732e-01 -1.352636984796437916e-02 -1.810846703208468522e-01
6.391871500536226769e+00 -1.948613976453037744e-01 -1.401516175625775254e-02 -1.808462358890462196e-01
6.392982858615800623e+00 -1.947799626768973169e-01 -1.416953739114555112e-02 -1.806104252857535231e-01
6.394094216695373589e+00 -1.943326373965850173e-01 -1.392768069392122214e-02 -1.804049567026650702e-01
6.395205574774946555e+00 -1.936177692631396441e-01 -1.337191369861604612e-02 -1.802458555645224114e-01
6.396316932854519521e+00 -1.928303206897118149e-01 -1.269854384397164221e-02 -1.801317768457406931e-01
6.397428290934092487e+00 -1.921909249657671459e-01 -1.214632097951356959e-02 -1.800446039862511893e-01
6.398539649013666342e+00 -1.918656601823179042e-01 -1.190957436510171538e-02 -1.799560858172170041e-01
6.399651007093240196e+00 -1.919057188584600282e-01 -1.206762945138046758e-02 -1.798380894070809588e-01
6.400762365172813162e+00 -1.922288853680831078e-01 -1.255613882654426500e-02 -1.796727465415407510e-01
6.401873723252386128e+00 -1.926495111576502772e-01 -1.319068703206277733e-02 -1.794588241255877514e-01
6.402985081331959094e+00 -1.929460427399930234e-01 -1.373401115968138873e-02 -1.792120315803127362e-01
6.404096439411532060e+00 -1.929415225929342614e-01 -1.398233673029044763e-02 -1.789591858626432275e-01
6.405207797491105914e+00 -1.925677987276174508e-01 -1.383941536130942930e-02 -1.787283833663079746e-01
6.406319155570678880e+00 -1.918901353014574318e-01 -1.335136692212526496e-02 -1.785387683793302760e-01
6.407430513650252735e+00 -1.910833351156521753e-01 -1.268971593515718504e-02 -1.783936191804963434e-01
6.408541871729825701e+00 -1.903681139054230753e-01 -1.208886234063932807e-02 -1.782792515647837750e-01
6.409653229809398667e+00 -1.899308954358017443e-01 -1.176078169916862891e-02 -1.781701137366352716e-01
6.410764587888971633e+00 -1.898561869547730763e-01 -1.181799503991700848e-02 -1.780381919148577852e-01
6.411875945968544599e+00 -1.900960818926163975e-01 -1.223279871249444151e-02 -1.778632831801204017e-01
6.412987304048118453e+00 -1.904879122182603357e-01 -1.284752452308985694e-02 -1.776403876951702654e-01
6.414098662127692307e+00 -1.908135636723335693e-01 -1.343203004621716830e-02 -1.773815336261163611e-01
6.415210020207265273e+00 -1.908788408154653837e-01 -1.376745610273590048e-02 -1.771113847127330498e-01
6.416321378286838240e+00 -1.905840176829098620e-01 -1.372576951639174932e-02 -1.768582481665169626e-01
6.417432736366411206e+00 -1.899599563295104598e-01 -1.331618357854680995e-02 -1.766437727509664601e-01
6.418544094445984172e+00 -1.891567240068090794e-01 -1.268162824566072475e-02 -1.764750957611492532e-01
6.419655452525558026e+00 -1.883889166180842123e-01 -1.204662143534343186e-02 -1.763422951827426366e-01
6.420766810605130992e+00 -1.878576171337711098e-01 -1.163555548500536108e-02 -1.762220616487691627e-01
6.421878168684704846e+00 -1.876773737593681046e-01 -1.159113968547301199e-02 -1.760862340738972576e-01
6.422989526764277812e+00 -1.878347134283499531e-01 -1.192264170286212038e-02 -1.759120717254886168e-01
6.424100884843850778e+00 -1.881932076134902321e-01 -1.250269861535477020e-02 -1.756905089981348755e-01
6.425212242923423744e+00 -1.885431728863080914e-01 -1.311378909187541075e-02 -1.754293837944315981e-01
6.426323601002996710e+00 -1.886778795512328577e-01 -1.352740729393197422e-02 -1.751504722573006267e-01
6.427434959082570565e+00 -1.884685455970357970e-01 -1.358711769496247224e-02 -1.748814279020723395e-01
6.428546317162144419e+00 -1.879108850541704734e-01 -1.326530046789527878e-02 -1.746455845862760481e-01
6.429657675241717385e+00 -1.871263632790567677e-01 -1.267300213591995676e-02 -1.744533611431367537e-01
6.430769033321290351e+00 -1.863177966877271052e-01 -1.201937913089233187e-02 -1.742984175568376704e-01
6.431880391400863317e+00 -1.856955205173868861e-01 -1.153554679876988426e-02 -1.741599737186177721e-01
6.432991749480436283e+00 -1.854010085371760874e-01 -1.139056124798475816e-02 -1.740104472891925713e-01
6.434103107560010137e+00 -1.854557003046193864e-01 -1.163008015257993230e-02 -1.738256201520407829e-01
6.435214465639583103e+00 -1.857535755272944900e-01 -1.215996138476760705e-02 -1.735936141425273582e-01
6.436325823719156958e+00 -1.861000788135344086e-01 -1.278069329390781397e-02 -1.733193855196255573e-01
6.437437181798729924e+00 -1.862831455440112360e-01 -1.326006727486336162e-02 -1.730230782691482561e-01
6.438548539878302890e+00 -1.861504376775953984e-01 -1.341762283011797841e-02 -1.727328148474795433e-01
6.439659897957875856e+00 -1.856646895613511539e-01 -1.319015585128996762e-02 -1.724745337100616338e-01
6.440771256037448822e+00 -1.849170747861286768e-01 -1.265450909701144530e-02 -1.722625656891176860e-01
6.441882614117022676e+00 -1.840938061795376612e-01 -1.199942537220792527e-02 -1.720943808073296111e-01
6.442993972196596530e+00 -1.834081972649962422e-01 -1.145677006587421908e-02 -1.719514271991230137e-01
6.444105330276169497e+00 -1.830229555597321367e-01 -1.121718254392423467e-02 -1.718057730158075447e-01
6.445216688355742463e+00 -1.829909929419434034e-01 -1.136083873981155387e-02 -1.716301542021311521e-01
6.446328046435315429e+00 -1.832362619340024423e-01 -1.182846967818448544e-02 -1.714077922558192024e-01
6.447439404514888395e+00 -1.835815385075368067e-01 -1.244311159777278936e-02 -1.711384269097648847e-01
6.448550762594462249e+00 -1.838129876813564545e-01 -1.297460784635790822e-02 -1.708383798350013860e-01
6.449662120674035215e+00 -1.837579832897308363e-01 -1.322335443915683209e-02 -1.705346288505747154e-01
6.450773478753609069e+00 -1.833478621843096790e-01 -1.309282005673893454e-02 -1.702550421275715042e-01
6.451884836833182035e+00 -1.826428062082579851e-01 -1.262449524085191253e-02 -1.700183109674082704e-01
6.452996194912755001e+00 -1.818098443560965394e-01 -1.198261976119628300e-02 -1.698272245949017656e-01
6.454107552992327967e+00 -1.810620247366128976e-01 -1.139431033179965670e-02 -1.696677144048116537e-01
6.455218911071900934e+00 -1.805809156300013096e-01 -1.106691456778397496e-02 -1.695140010622193938e-01
6.456330269151474788e+00 -1.804506311261583340e-01 -1.111266449024365076e-02 -1.693379666359140778e-01
6.457441627231048642e+00 -1.806273551976500802e-01 -1.150800749691808546e-02 -1.691193477007325308e-01
6.458552985310621608e+00 -1.809554059709704288e-01 -1.210234970260664830e-02 -1.688530562683626668e-01
6.459664343390194574e+00 -1.812239510940353848e-01 -1.267296539648536322e-02 -1.685509856975520027e-01
6.460775701469767540e+00 -1.812437146988241654e-01 -1.300605032683438932e-02 -1.682376643719894205e-01
6.461887059549340506e+00 -1.809157726983543490e-01 -1.297442159850107843e-02 -1.679413510998524761e-01
6.462998417628914360e+00 -1.802674397600158296e-01 -1.258362678949976644e-02 -1.676838129705157110e-01
6.464109775708487327e+00 -1.794422395199589959e-01 -1.196974649650517711e-02 -1.674724930234538778e-01
6.465221133788061181e+00 -1.786476514394221282e-01 -1.134975573576468139e-02 -1.672978957036557190e-01
6.466332491867634147e+00 -1.780796676237160203e-01 -1.094255173574544028e-02 -1.671371158879696728e-01
6.467443849947207113e+00 -1.778515980600487156e-01 -1.088939218351969891e-02 -1.669622058765272421e-01
6.468555208026780079e+00 -1.779529873919848681e-01 -1.120266220013574343e-02 -1.667503251918515672e-01
6.469666566106353045e+00 -1.782535355017508261e-01 -1.176155158017956615e-02 -1.664919839215720232e-01
6.470777924185926899e+00 -1.785505460361447860e-01 -1.235614794140366818e-02 -1.661943980947411525e-01
6.471889282265500754e+00 -1.786426157050102770e-01 -1.276385228412901460e-02 -1.658787634208787054e-01
6.473000640345073720e+00 -1.784027665683987074e-01 -1.283029837579144870e-02 -1.655724681926074027e-01
6.474111998424646686e+00 -1.778244605322527871e-01 -1.252535964636823651e-02 -1.652991008858853139e-01
6.475223356504219652e+00 -1.770238205791482000e-01 -1.195392329182024330e-02 -1.650698972873277104e-01
6.476334714583792618e+00 -1.761973123967575938e-01 -1.131757990908441661e-02 -1.648797324876711268e-01
6.477446072663366472e+00 -1.755503178557188126e-01 -1.084122214439380005e-02 -1.647090957113245269e-01
6.478557430742939438e+00 -1.752225810080503265e-01 -1.069127966484504332e-02 -1.645313013432074534e-01
6.479668788822513292e+00 -1.752376040019446579e-01 -1.091531935410736467e-02 -1.643222846478398780e-01
6.480780146902086258e+00 -1.754943301757656005e-01 -1.142493190520610900e-02 -1.640693982705614951e-01
6.481891504981659224e+00 -1.758040644047369483e-01 -1.202806212567091373e-02 -1.637760022790661074e-01
6.483002863061232190e+00 -1.759591462469730638e-01 -1.249896110744984010e-02 -1.634601851395257044e-01
6.484114221140805157e+00 -1.758083812343098629e-01 -1.266028175629476359e-02 -1.631480994780152294e-01
6.485225579220379011e+00 -1.753118232734042214e-01 -1.244746244148219050e-02 -1.628643608319228497e-01
6.486336937299952865e+00 -1.745550483891919469e-01 -1.193202417104624255e-02 -1.626230242181464503e-01
6.487448295379525831e+00 -1.737178091428890070e-01 -1.129537368896540821e-02 -1.624224354539259563e-01
6.488559653459098797e+00 -1.730085401005483359e-01 -1.076270614681941115e-02 -1.622458339537293237e-01
6.489671011538671763e+00 -1.725885707901167465e-01 -1.052108937316701374e-02 -1.620674814169503208e-01
6.490782369618244729e+00 -1.725136005069051737e-01 -1.065152632021768367e-02 -1.618620741866846624e-01
6.491893727697818584e+00 -1.727136697174884439e-01 -1.109966853368081312e-02 -1.616140011838054780e-01
6.493005085777391550e+00 -1.730188381736957604e-01 -1.169576935728284389e-02 -1.613230688164150883e-01
6.494116443856965404e+00 -1.732211585239774865e-01 -1.221655301878525959e-02 -1.610046055051899405e-01
6.495227801936538370e+00 -1.731503599425417705e-01 -1.246645093748980151e-02 -1.606839090050523611e-01
6.496339160016111336e+00 -1.727357107050541407e-01 -1.234864948635598300e-02 -1.603870612186958922e-01
6.497450518095684302e+00 -1.720315957733104806e-01 -1.190013918880215849e-02 -1.601314565845070037e-01
6.498561876175257268e+00 -1.711975681952991601e-01 -1.127807709319073558e-02 -1.599194911021108167e-01
6.499673234254831122e+00 -1.704401937036418013e-01 -1.070248902292530654e-02 -1.597377046807161860e-01
6.500784592334404977e+00 -1.699378830877890378e-01 -1.037620101213553199e-02 -1.595616820756541598e-01
6.501895950413977943e+00 -1.697760586151835782e-01 -1.041113640323008266e-02 -1.593649222119548348e-01
6.503007308493550909e+00 -1.699162051931388528e-01 -1.078775991504524190e-02 -1.591284452780974412e-01
6.504118666573123875e+00 -1.702100084080891140e-01 -1.136236357529347291e-02 -1.588476448327958979e-01
6.505230024652696841e+00 -1.704533802440813817e-01 -1.191947868979568136e-02 -1.585339015542857333e-01
6.506341382732270695e+00 -1.704606852936137729e-01 -1.225029902485227050e-02 -1.582103862687606333e-01
6.507452740811843661e+00 -1.701321674836259457e-01 -1.222857244959243972e-02 -1.579035950340357819e-01
6.508564098891417515e+00 -1.694900864054748046e-01 -1.185637852748152275e-02 -1.576337078779934675e-01
6.509675456970990481e+00 -1.686704769495976086e-01 -1.126319434058416571e-02 -1.574072826090138766e-01
6.510786815050563447e+00 -1.678735888312168079e-01 -1.065865330567344546e-02 -1.572149355255445802e-01
6.511898173130136414e+00 -1.672910710492939712e-01 -1.025623333374550347e-02 -1.570348377155449671e-01
6.513009531209709380e+00 -1.670363886793213848e-01 -1.019565355556225315e-02 -1.568407351237590952e-01
6.514120889289283234e+00 -1.671037453946381812e-01 -1.049218960912333236e-02 -1.566115557855140561e-01
6.515232247368856200e+00 -1.673703904329736925e-01 -1.103129363703061333e-02 -1.563390967959411848e-01
6.516343605448430054e+00 -1.676414042023444961e-01 -1.161041180816204874e-02 -1.560309923941812782e-01
6.517454963528003020e+00 -1.677206256724408928e-01 -1.201273371164210749e-02 -1.557078919607993994e-01
6.518566321607575986e+00 -1.674819131748084833e-01 -1.208602217509255339e-02 -1.553958909997158189e-01
6.519677679687148952e+00 -1.669148502160492931e-01 -1.179786248130763361e-02 -1.551169877347426951e-01
6.520789037766722807e+00 -1.661283337005354244e-01 -1.124728081243708128e-02 -1.548810528880991966e-01
6.521900395846295773e+00 -1.653108103547429042e-01 -1.062856871597862157e-02 -1.546822416387657051e-01
6.523011753925869627e+00 -1.646616792738332669e-01 -1.016052868907993054e-02 -1.545011505847543876e-01
6.524123112005442593e+00 -1.643188304491422502e-01 -1.000690683910999620e-02 -1.543119236100350677e-01
6.525234470085015559e+00 -1.643086518254899542e-01 -1.021694657542800491e-02 -1.540917052500619389e-01
6.526345828164588525e+00 -1.645366304660669798e-01 -1.070764384786262666e-02 -1.538289866182022403e-01
6.527457186244161491e+00 -1.648218942553109634e-01 -1.129409691972301302e-02 -1.535277973355854420e-01
6.528568544323735345e+00 -1.649630699235037079e-01 -1.175685324799204817e-02 -1.532062166755114030e-01
6.529679902403308311e+00 -1.648114759485997949e-01 -1.192172338524787045e-02 -1.528897525633491072e-01
6.530791260482882166e+00 -1.643250442502329212e-01 -1.172303387413210947e-02 -1.526020103761012436e-01
6.531902618562455132e+00 -1.635834118788241087e-01 -1.122735051756660815e-02 -1.523560613612570946e-01
6.533013976642028098e+00 -1.627587664209233231e-01 -1.060910317428701358e-02 -1.521496632466347310e-01
6.534125334721601064e+00 -1.620531158400656535e-01 -1.008703784426836711e-02 -1.519660779957976715e-01
6.535236692801174918e+00 -1.616248359839546067e-01 -9.844648050368168951e-03 -1.517801879335849424e-01
6.536348050880747884e+00 -1.615312064399568037e-01 -9.963528928307695612e-03 -1.515676775116523711e-01
6.537459408960321738e+00 -1.617077897219398874e-01 -1.039386053311184242e-02 -1.513139291888279947e-01
6.538570767039894704e+00 -1.619920838837178301e-01 -1.097269789770582982e-02 -1.510193859860095855e-01
6.539682125119467671e+00 -1.621827758074323445e-01 -1.148335395489843806e-02 -1.506994218525345430e-01
6.540793483199040637e+00 -1.621129981240457540e-01 -1.173423428595111659e-02 -1.503787638380953695e-01
6.541904841278613603e+00 -1.617109389369241201e-01 -1.162844213983127081e-02 -1.500824967970918744e-01
6.543016199358187457e+00 -1.610257942528301178e-01 -1.119886650896195768e-02 -1.498269277438692704e-01
6.544127557437760423e+00 -1.602096860483635810e-01 -1.059604713142032681e-02 -1.496136389169407943e-01
6.545238915517334277e+00 -1.594621899198671866e-01 -1.003329248645954894e-02 -1.494288974334085085e-01
6.546350273596907243e+00 -1.589576969201694223e-01 -9.709058437743519829e-03 -1.492486384824268930e-01
6.547461631676480209e+00 -1.587820422032467926e-01 -9.734832969523640744e-03 -1.490472092337247756e-01
6.548572989756053175e+00 -1.589014235552604348e-01 -1.009473218572885800e-02 -1.488066913695316462e-01
6.549684347835626141e+00 -1.591748599852882973e-01 -1.065145013140022731e-02 -1.485234098538896486e-01
6.550795705915199996e+00 -1.594055963242818064e-01 -1.119633593839181041e-02 -1.482092603858903845e-01
6.551907063994773850e+00 -1.594127095210974288e-01 -1.152533519695856518e-02 -1.478873743241393701e-01
6.553018422074346816e+00 -1.590968568357330193e-01 -1.151315623708658656e-02 -1.475837005986462280e-01
6.554129780153919782e+00 -1.584762741658196916e-01 -1.115870513788795766e-02 -1.473175690279336369e-01
6.555241138233492748e+00 -1.576799820661270168e-01 -1.058531368720080218e-02 -1.470946683789274290e-01
6.556352496313065714e+00 -1.569007311536809168e-01 -9.995739305183874712e-03 -1.469049918484989781e-01
6.557463854392639568e+00 -1.563248495600043919e-01 -9.598355842994933662e-03 -1.467264937170101591e-01
6.558575212472212534e+00 -1.560645261813976004e-01 -9.531403532610348978e-03 -1.465331226487868455e-01
6.559686570551786389e+00 -1.561171410831470319e-01 -9.812835147401943736e-03 -1.463043059357454212e-01
6.560797928631359355e+00 -1.563663873978463903e-01 -1.033395390336360430e-02 -1.460324334944831381e-01
6.561909286710932321e+00 -1.566247169156196606e-01 -1.089909596691016405e-02 -1.457256209487094722e-01
6.563020644790505287e+00 -1.567016213931086976e-01 -1.129687060694131717e-02 -1.454047507861655208e-01
6.564132002870078253e+00 -1.564728926970520018e-01 -1.137701985839285022e-02 -1.450958728386609886e-01
6.565243360949652107e+00 -1.559256845392298640e-01 -1.110495223144533812e-02 -1.448207323077836672e-01
6.566354719029225961e+00 -1.551630302290699925e-01 -1.057415830613145369e-02 -1.445888719229399544e-01
6.567466077108798927e+00 -1.543662313475170911e-01 -9.972052547269625797e-03 -1.443941788002488513e-01
6.568577435188371894e+00 -1.537288479604700664e-01 -9.511720942579238169e-03 -1.442171270178941311e-01
6.569688793267944860e+00 -1.533863242117792514e-01 -9.354430120608147117e-03 -1.440318940911702039e-01
6.570800151347517826e+00 -1.533668359685535498e-01 -9.551078040562181390e-03 -1.438157579279909781e-01
6.571911509427091680e+00 -1.535811975654522432e-01 -1.002384301308512776e-02 -1.435573545523664285e-01
6.573022867506664646e+00 -1.538554424952864597e-01 -1.059464714377636105e-02 -1.432607953515119825e-01
6.574134225586238500e+00 -1.539941766163170078e-01 -1.105002450036001241e-02 -1.429441521159557082e-01
6.575245583665811466e+00 -1.538516336438259802e-01 -1.121876535127816488e-02 -1.426328682925485924e-01
6.576356941745384432e+00 -1.533845948485956789e-01 -1.103409559190102543e-02 -1.423504992566942129e-01
6.577468299824957398e+00 -1.526679623179326983e-01 -1.055780988344726112e-02 -1.421101524344857148e-01
6.578579657904530364e+00 -1.518673759286474079e-01 -9.957637104718254986e-03 -1.419097388239270729e-01
6.579691015984104219e+00 -1.511788852332398292e-01 -9.446128392395095399e-03 -1.417327568408443261e-01
6.580802374063678073e+00 -1.507576482701717679e-01 -9.203333431457336178e-03 -1.415543148387145844e-01
6.581913732143251039e+00 -1.506615876438033574e-01 -9.311393856545864892e-03 -1.413501937872594649e-01
6.583025090222824005e+00 -1.508304624545411254e-01 -9.724813253967913226e-03 -1.411056492005754170e-01
6.584136448302396971e+00 -1.511079145712755645e-01 -1.028716322571636768e-02 -1.408207513455587423e-01
6.585247806381969937e+00 -1.512984182308620695e-01 -1.078809126854279529e-02 -1.405103269623175222e-01
6.586359164461543791e+00 -1.512383873932184597e-01 -1.103985478231253939e-02 -1.401985326109075614e-01
6.587470522541116758e+00 -1.508555782142235735e-01 -1.094553543048940557e-02 -1.399100427837361160e-01
6.588581880620690612e+00 -1.501952137772089302e-01 -1.053414918379451046e-02 -1.396610645934145967e-01
6.589693238700263578e+00 -1.494033827174811868e-01 -9.949933504661619132e-03 -1.394534492128187420e-01
6.590804596779836544e+00 -1.486738050940182021e-01 -9.399766345287633926e-03 -1.392740387487291787e-01
6.591915954859409510e+00 -1.481773644527140388e-01 -9.077885233161869100e-03 -1.390994792195528185e-01
6.593027312938982476e+00 -1.480000416223673787e-01 -9.095300577252727128e-03 -1.389047410451147713e-01
6.594138671018556330e+00 -1.481117964876158266e-01 -9.439554733312911436e-03 -1.386722417543031216e-01
6.595250029098130184e+00 -1.483776644277724210e-01 -9.979413925448314682e-03 -1.383982505023256537e-01
6.596361387177703151e+00 -1.486069751639194914e-01 -1.051272805915605402e-02 -1.380942471047659215e-01
6.597472745257276117e+00 -1.486227512701784603e-01 -1.084000461578973375e-02 -1.377827466543900259e-01
6.598584103336849083e+00 -1.483260335106893479e-01 -1.083691907213770941e-02 -1.374891144385502195e-01
6.599695461416422049e+00 -1.477317584263763139e-01 -1.049940631116196357e-02 -1.372323521152149228e-01
6.600806819495995903e+00 -1.469631850434947040e-01 -9.944978957343211801e-03 -1.370182060861502016e-01
6.601918177575568869e+00 -1.462069511801962762e-01 -9.369851370731784035e-03 -1.368370998094657898e-01
6.603029535655142723e+00 -1.456451470399485193e-01 -8.977512860860464503e-03 -1.366676341790877547e-01
6.604140893734715689e+00 -1.453891257072091325e-01 -8.904750966896426978e-03 -1.364843747403146068e-01
6.605252251814288655e+00 -1.454391065724081333e-01 -9.172018147591004186e-03 -1.362670884248198822e-01
6.606363609893861621e+00 -1.456842218224553842e-01 -9.676151035233299808e-03 -1.360080707872189099e-01
6.607474967973434588e+00 -1.459429381104278556e-01 -1.022803279590572129e-02 -1.357149053145238760e-01
6.608586326053008442e+00 -1.460291115218173841e-01 -1.062144924384477926e-02 -1.354076622779722128e-01
6.609697684132582296e+00 -1.458196369674126525e-01 -1.070806882175753816e-02 -1.351115681456546980e-01
6.610809042212155262e+00 -1.452991048070205182e-01 -1.045128366489831220e-02 -1.348478211421236250e-01
6.611920400291728228e+00 -1.445652654646119306e-01 -9.939368772539314278e-03 -1.346258966920710620e-01
6.613031758371301194e+00 -1.437933667680311167e-01 -9.353229656167284800e-03 -1.344401371118646160e-01
6.614143116450874160e+00 -1.431723771211512730e-01 -8.900521847083130850e-03 -1.342718552740685967e-01
6.615254474530448014e+00 -1.428363070585758621e-01 -8.740133738183976375e-03 -1.340961733203920037e-01
6.616365832610020981e+00 -1.428155920632914189e-01 -8.924495531223430866e-03 -1.338910965320659063e-01
6.617477190689594835e+00 -1.430261760630168466e-01 -9.380661266442866242e-03 -1.336455147965745494e-01
6.618588548769167801e+00 -1.433002113850140868e-01 -9.936989592184176934e-03 -1.333632217928313879e-01
6.619699906848740767e+00 -1.434471629819173977e-01 -1.038566507663189059e-02 -1.330614979052846814e-01
6.620811264928313733e+00 -1.433230717764102102e-01 -1.055828680308430051e-02 -1.327647849733289420e-01
6.621922623007886699e+00 -1.428827977097899549e-01 -1.038703092985642125e-02 -1.324957667799347705e-01
6.623033981087460553e+00 -1.421962826626007037e-01 -9.929173661906955800e-03 -1.322671090006952987e-01
6.624145339167034408e+00 -1.414229740929572321e-01 -9.346108435246868601e-03 -1.320768656577092914e-01
6.625256697246607374e+00 -1.407537618363813858e-01 -8.844543824554990108e-03 -1.319092180118256463e-01
6.626368055326180340e+00 -1.403415724085040339e-01 -8.601305785930428438e-03 -1.317402666225736263e-01
6.627479413405753306e+00 -1.402458570804744065e-01 -8.699099681058588066e-03 -1.315467573994154316e-01
6.628590771485327160e+00 -1.404111257728943019e-01 -9.096568112509112458e-03 -1.313145576603847731e-01
6.629702129564900126e+00 -1.406872788217802817e-01 -9.643483939570464403e-03 -1.310437948822074095e-01
6.630813487644473092e+00 -1.408842891619314364e-01 -1.013549741871580707e-02 -1.307487917432143820e-01
6.631924845724046058e+00 -1.408413156718375248e-01 -1.038848601513621753e-02 -1.304528296567015189e-01
6.633036203803619912e+00 -1.404851125472180440e-01 -1.030545589626242174e-02 -1.301796566509543507e-01
6.634147561883192878e+00 -1.398565247448255999e-01 -9.911686594947489992e-03 -1.299448381498793381e-01
6.635258919962765845e+00 -1.390954864710355621e-01 -9.345385145827328835e-03 -1.297501013252095048e-01
6.636370278042339699e+00 -1.383900324291522099e-01 -8.807304347053623861e-03 -1.295827280820985028e-01
6.637481636121912665e+00 -1.379079007068399754e-01 -8.487691393911292806e-03 -1.294202093129279973e-01
6.638592994201485631e+00 -1.377356055737891660e-01 -8.497149446124388147e-03 -1.292384561276655186e-01
6.639704352281059485e+00 -1.378471086647692079e-01 -8.826537906349522095e-03 -1.290205707584194394e-01
6.640815710360632451e+00 -1.381134302513492840e-01 -9.350449410957197352e-03 -1.287629808403908116e-01
6.641927068440205417e+00 -1.383496498098338856e-01 -9.872943161311062074e-03 -1.284767066485232867e-01
6.643038426519779271e+00 -1.383821644279887852e-01 -1.019885642042169839e-02 -1.281833080075671372e-01
6.644149784599352238e+00 -1.381117377644982269e-01 -1.020474045040103625e-02 -1.279069973140960215e-01
6.645261142678925204e+00 -1.375494378569988296e-01 -9.883637482688691772e-03 -1.276658003743095793e-01
6.646372500758498170e+00 -1.368124471154588961e-01 -9.347457271701952591e-03 -1.274649898437565654e-01
6.647483858838072024e+00 -1.360813280534317882e-01 -8.786144805464125157e-03 -1.272951832479678747e-01
6.648595216917644990e+00 -1.355343312620433949e-01 -8.398537475691577464e-03 -1.271357937863530352e-01
6.649706574997217956e+00 -1.352826502417655286e-01 -8.320080923305784790e-03 -1.269625693184617266e-01
6.650817933076791810e+00 -1.353301467527791013e-01 -8.573681647404338135e-03 -1.267564651053769698e-01
6.651929291156364776e+00 -1.355721417882191360e-01 -9.061530205551145481e-03 -1.265106115826689359e-01
6.653040649235937742e+00 -1.358336485729958465e-01 -9.600813287670498242e-03 -1.262328352853260005e-01
6.654152007315511597e+00 -1.359330902456004631e-01 -9.990276168165520762e-03 -1.259428140774367377e-01
6.655263365395084563e+00 -1.357483053006185436e-01 -1.008340046286359225e-02 -1.256649048377588840e-01
6.656374723474657529e+00 -1.352608486432425317e-01 -9.841589332297954323e-03 -1.254192593109461906e-01
6.657486081554230495e+00 -1.345625215471512037e-01 -9.348054219929478881e-03 -1.252144673272203579e-01
6.658597439633804349e+00 -1.338218165049849806e-01 -8.777407081059744945e-03 -1.250444094239256676e-01
6.659708797713377315e+00 -1.332225359318487401e-01 -8.332069213500473484e-03 -1.248904667183487749e-01
6.660820155792950281e+00 -1.328969392077224421e-01 -8.168655115009276768e-03 -1.247282840927137482e-01
6.661931513872524135e+00 -1.328777279589450910e-01 -8.341103478521346565e-03 -1.245366244804247124e-01
6.663042871952097101e+00 -1.330862960234064363e-01 -8.781204972076128712e-03 -1.243050910513317786e-01
6.664154230031670068e+00 -1.333614629696922571e-01 -9.323555979351210235e-03 -1.240379069903402298e-01
6.665265588111243922e+00 -1.335181880714815528e-01 -9.765809716141113719e-03 -1.237523783553425988e-01
6.666376946190816888e+00 -1.334148784873756544e-01 -9.942277612023105171e-03 -1.234726008753534582e-01
6.667488304270389854e+00 -1.330048113848032454e-01 -9.784109660672415248e-03 -1.232207017241302022e-01
6.668599662349963708e+00 -1.323529984686051264e-01 -9.344195763634082635e-03 -1.230088027049723309e-01
6.669711020429536674e+00 -1.316124089722897905e-01 -8.777782299562438689e-03 -1.228346266727271957e-01
6.670822378509109640e+00 -1.309682488488389807e-01 -8.285907237505486106e-03 -1.226823416113296678e-01
6.671933736588682606e+00 -1.305705937404649242e-01 -8.042263271255853732e-03 -1.225283304692120351e-01
6.673045094668256461e+00 -1.304798793863661266e-01 -8.130095632147088525e-03 -1.223497837542179417e-01
6.674156452747829427e+00 -1.306450467434284446e-01 -8.512059212530800889e-03 -1.221329875308961865e-01
6.675267810827402393e+00 -1.309222430635478551e-01 -9.043949321766430252e-03 -1.218782937417840634e-01
6.676379168906976247e+00 -1.311272281914567517e-01 -9.527258291583058300e-03 -1.215999698998734835e-01
6.677490526986549213e+00 -1.311023932087774513e-01 -9.781403486666210081e-03 -1.213209897221105699e-01
6.678601885066122179e+00 -1.307740125862826008e-01 -9.709346459857538109e-03 -1.210646661264258156e-01
6.679713243145696033e+00 -1.301789330699129887e-01 -9.332759153030997096e-03 -1.208461739168824323e-01
6.680824601225268999e+00 -1.294510387990622791e-01 -8.783993395470410248e-03 -1.206670454035903978e-01
6.681935959304841965e+00 -1.287724648324241050e-01 -8.257828334513425683e-03 -1.205146364979114565e-01
6.683047317384415820e+00 -1.283073372694326642e-01 -7.940587336706762117e-03 -1.203667499327278068e-01
6.684158675463988786e+00 -1.281421454899943635e-01 -7.942419504706534419e-03 -1.201997259852898015e-01
6.685270033543561752e+00 -1.282544096780484089e-01 -8.257357518795197665e-03 -1.199970521592512579e-01
6.686381391623134718e+00 -1.285209941718019888e-01 -8.765635256081011351e-03 -1.197553589157234616e-01
6.687492749702708572e+00 -1.287629929600986878e-01 -9.277368633247944779e-03 -1.194856243268502816e-01
6.688604107782281538e+00 -1.288108257938533341e-01 -9.601668718689372606e-03 -1.192091570751632051e-01
6.689715465861854504e+00 -1.285658597636371026e-01 -9.616031887161027511e-03 -1.189498278764756084e-01
6.690826823941428358e+00 -1.280361655138202992e-01 -9.310783233662902822e-03 -1.187253822801578040e-01
6.691938182021001325e+00 -1.273334474989540055e-01 -8.792449824094090635e-03 -1.185409976748601074e-01
6.693049540100574291e+00 -1.266323155643789278e-01 -8.244889953574635957e-03 -1.183874256108034817e-01
6.694160898180148145e+00 -1.261067497216819266e-01 -7.862361786594270624e-03 -1.182443879350874028e-01
6.695272256259721111e+00 -1.258668784500093785e-01 -7.778896712763733873e-03 -1.180879817372436635e-01
6.696383614339294077e+00 -1.259190455353491611e-01 -8.019654961337444737e-03 -1.178993905740106235e-01
6.697494972418867931e+00 -1.261636456379506277e-01 -8.491917783828262581e-03 -1.176717278541218048e-01
6.698606330498440897e+00 -1.264314631544528333e-01 -9.018940180967710898e-03 -1.174125229734857834e-01
6.699717688578013863e+00 -1.265452552711295586e-01 -9.404304271074592075e-03 -1.171409510000561705e-01
6.700829046657586829e+00 -1.263841644305031819e-01 -9.503342149802973537e-03 -1.168808222806978908e-01
6.701940404737160684e+00 -1.259275485246639514e-01 -9.275657123746573404e-03 -1.166518914009173485e-01
6.703051762816733650e+00 -1.252623299737167240e-01 -8.799675903278894248e-03 -1.164626540704373214e-01
6.704163120896306616e+00 -1.245512452526934682e-01 -8.243990247515936218e-03 -1.163072550051773568e-01
6.705274478975880470e+00 -1.239735898258157443e-01 -7.805960156209068926e-03 -1.161676296696091126e-01
6.706385837055453436e+00 -1.236600329038266416e-01 -7.639937765031516725e-03 -1.160200951387943408e-01
6.707497195135026402e+00 -1.236452009501628757e-01 -7.801215543153851989e-03 -1.158439854070110880e-01
6.708608553214600256e+00 -1.238552372814000213e-01 -8.226053498075527534e-03 -1.156291837833286207e-01
6.709719911294173222e+00 -1.241348087761135199e-01 -8.754999608265281313e-03 -1.153798091678503862e-01
6.710831269373746188e+00 -1.243036873189970748e-01 -9.190971567087568780e-03 -1.151127157519135774e-01
6.711942627453320043e+00 -1.242222984966810245e-01 -9.370943119467419966e-03 -1.148513553772132489e-01
6.713053985532893009e+00 -1.238423998991168562e-01 -9.225159923366928194e-03 -1.146172399757488941e-01
6.714165343612465975e+00 -1.232244897438097425e-01 -8.802375992376447814e-03 -1.144221137514328107e-01
6.715276701692038941e+00 -1.225156647861011805e-01 -8.251980555783772209e-03 -1.142636842303163675e-01
6.716388059771612795e+00 -1.218960308420898725e-01 -7.769567026364191872e-03 -1.141264638157273303e-01
6.717499417851185761e+00 -1.215131884037209953e-01 -7.525776170080062527e-03 -1.139874122336401036e-01
6.718610775930758727e+00 -1.214286233783350016e-01 -7.604300178806302699e-03 -1.138243231995277327e-01
6.719722134010332582e+00 -1.215954730286910590e-01 -7.971571472127899488e-03 -1.136239015565631977e-01
6.720833492089905548e+00 -1.218757062929634039e-01 -8.489114052737695149e-03 -1.133865922402267773e-01
6.721944850169478514e+00 -1.220904202774222153e-01 -8.964013453276190729e-03 -1.131264068241443210e-01
6.723056208249052368e+00 -1.220849260412225218e-01 -9.219110947884327431e-03 -1.128658150933366522e-01
6.724167566328625334e+00 -1.217849458129108692e-01 -9.157381248353423792e-03 -1.126275645645554435e-01
6.725278924408198300e+00 -1.212235064298875370e-01 -8.797099617735292670e-03 -1.124264068121523241e-01
6.726390282487772154e+00 -1.205287925761671097e-01 -8.265052108589398053e-03 -1.122637404675766726e-01
6.727501640567345120e+00 -1.198774268765459006e-01 -7.750310238267578249e-03 -1.121271166382757090e-01
6.728612998646918086e+00 -1.194302047329071775e-01 -7.435423190885307593e-03 -1.119947815420234555e-01
6.729724356726491052e+00 -1.192736665989594935e-01 -7.430068144915145598e-03 -1.118435984540432915e-01
6.730835714806064907e+00 -1.193887376235754361e-01 -7.731274125457213847e-03 -1.116574634981186004e-01
6.731947072885637873e+00 -1.196577980481304815e-01 -8.224644698194288547e-03 -1.114331533499375304e-01
6.733058430965210839e+00 -1.199075639114198233e-01 -8.726083283389383938e-03 -1.111814806280293083e-01
6.734169789044784693e+00 -1.199721447257749984e-01 -9.048802508528354729e-03 -1.109233422172467981e-01
6.735281147124357659e+00 -1.197533314326822695e-01 -9.071227243461876810e-03 -1.106821041892209617e-01
6.736392505203930625e+00 -1.192562048150299925e-01 -8.781106768805078955e-03 -1.104750980462264331e-01
6.737503863283504479e+00 -1.185871537570546419e-01 -8.279830719603174100e-03 -1.103073230374497365e-01
6.738615221363077445e+00 -1.179150728358132200e-01 -7.745429807763072431e-03 -1.101696430280511979e-01
6.739726579442650412e+00 -1.174098911931719530e-01 -7.367762709535834523e-03 -1.100421284836350794e-01
6.740837937522223378e+00 -1.171808056832453759e-01 -7.279484217810047036e-03 -1.099013214654347148e-01
6.741949295601797232e+00 -1.172366695640285200e-01 -7.507893843418433910e-03 -1.097287757206121123e-01
6.743060653681370198e+00 -1.174829056987738013e-01 -7.965142484757383248e-03 -1.095177632140187235e-01
6.744172011760943164e+00 -1.177560187346545773e-01 -8.480309467252615183e-03 -1.092757092674005309e-01
6.745283369840517018e+00 -1.178831130020077944e-01 -8.861637573965646178e-03 -1.090214754280428855e-01
6.746394727920089984e+00 -1.177447502564096249e-01 -8.966265507703942428e-03 -1.087784847487065221e-01
6.747506085999662950e+00 -1.173182955164221303e-01 -8.752099958398554258e-03 -1.085661955580234372e-01
6.748617444079236805e+00 -1.166860208905320384e-01 -8.292993306527524089e-03 -1.083930275840055829e-01
6.749728802158809771e+00 -1.160050671571476733e-01 -7.751755060113841786e-03 -1.082533120970340518e-01
6.750840160238382737e+00 -1.154502302682405418e-01 -7.320859697097369286e-03 -1.081293705711426217e-01
6.751951518317956591e+00 -1.151504032017312690e-01 -7.152444010355201928e-03 -1.079979591913766412e-01
6.753062876397529557e+00 -1.151417828909745145e-01 -7.303053706644203544e-03 -1.078387291843283385e-01
6.754174234477102523e+00 -1.153548286992344823e-01 -7.713206093454532536e-03 -1.076416226057823194e-01
6.755285592556675489e+00 -1.156396695434164096e-01 -8.229155019598860879e-03 -1.074105145238200276e-01
6.756396950636249343e+00 -1.158206760344342445e-01 -8.658894333750010580e-03 -1.071617817006822598e-01
6.757508308715822309e+00 -1.157603255570845563e-01 -8.842000062092590651e-03 -1.069183254949939155e-01
6.758619666795395275e+00 -1.154091361660951609e-01 -8.707906251601817138e-03 -1.067012299144947662e-01
6.759731024874969130e+00 -1.148235384845504720e-01 -8.301445214579920850e-03 -1.065220932699704887e-01
6.760842382954542096e+00 -1.141452313027588039e-01 -7.766408591695615066e-03 -1.063788227110676887e-01
6.761953741034115062e+00 -1.135495738175060360e-01 -7.293156679332692821e-03 -1.062564171381741307e-01
6.763065099113688916e+00 -1.131818113557070959e-01 -7.049364616905987035e-03 -1.061324467388053139e-01
6.764176457193261882e+00 -1.131043289105846533e-01 -7.119100263410513621e-03 -1.059852286471745508e-01
6.765287815272834848e+00 -1.132740884942380205e-01 -7.472368849341746305e-03 -1.058017196448953201e-01
6.766399173352408702e+00 -1.135584109350448179e-01 -7.976157349226995624e-03 -1.055822535858204486e-01
6.767510531431981669e+00 -1.137833157275336127e-01 -8.442912566892358042e-03 -1.053404031606428176e-01
6.768621889511554635e+00 -1.137968068855233217e-01 -8.698784657214209473e-03 -1.050980222283108279e-01
6.769733247591127601e+00 -1.135240837920601792e-01 -8.646804832856775855e-03 -1.048772789592056359e-01
6.770844605670701455e+00 -1.129946213305989822e-01 -8.302038160956200924e-03 -1.046925831696423476e-01
6.771955963750274421e+00 -1.123313143865684455e-01 -7.785967934221226829e-03 -1.045453464523453529e-01
6.773067321829847387e+00 -1.117056828380814520e-01 -7.282203397186890262e-03 -1.044234794408935157e-01
6.774178679909421241e+00 -1.112754636057479846e-01 -6.969659214431697669e-03 -1.043058043913163285e-01
6.775290037988994207e+00 -1.111272964591623336e-01 -6.957524286056584323e-03 -1.041697721731074944e-01
6.776401396068567173e+00 -1.112453289038660836e-01 -7.245657054550356385e-03 -1.039996718493179373e-01
6.777512754148141028e+00 -1.115171171886454593e-01 -7.724772556646639782e-03 -1.037923446319985732e-01
6.778624112227713994e+00 -1.117746293021425474e-01 -8.216304132943583888e-03 -1.035583251692006601e-01
6.779735470307286960e+00 -1.118553998437135932e-01 -8.537400752492645128e-03 -1.033179990912212881e-01
6.780846828386860814e+00 -1.116615812538301195e-01 -8.567401755621291762e-03 -1.030941794982095233e-01
6.781958186466433780e+00 -1.111954293421650170e-01 -8.291622821750796110e-03 -1.029038065204151836e-01
6.783069544546006746e+00 -1.105583545228534387e-01 -7.806564229203127175e-03 -1.027517902936520566e-01
6.784180902625579712e+00 -1.099139301116865142e-01 -7.284695357233403334e-03 -1.026292347544527223e-01
6.785292260705153566e+00 -1.094283498030866053e-01 -6.911666126946714762e-03 -1.025166836761415706e-01
6.786403618784726532e+00 -1.092100064074484483e-01 -6.818803493287301648e-03 -1.023912029141605950e-01
6.787514976864299499e+00 -1.092701561173893832e-01 -7.035437153272311797e-03 -1.022347189641168580e-01
6.788626334943873353e+00 -1.095189407812473537e-01 -7.478360587390710593e-03 -1.020405801938556734e-01
6.789737693023446319e+00 -1.097981707598576218e-01 -7.982213405148961410e-03 -1.018159573547096491e-01
6.790849051103019285e+00 -1.099389073245108789e-01 -8.359691048768765759e-03 -1.015792162757425537e-01
6.791960409182593139e+00 -1.098228841520877963e-01 -8.469658856097538047e-03 -1.013532252959897934e-01
6.793071767262166105e+00 -1.094254378231936664e-01 -8.268400791388817728e-03 -1.011570370318084083e-01
6.794183125341739071e+00 -1.088243655937418258e-01 -7.825393892764450840e-03 -1.009989717009827787e-01
6.795294483421312925e+00 -1.081715321268406915e-01 -7.297917220816721798e-03 -1.008736149060243392e-01
6.796405841500885892e+00 -1.076375900807657882e-01 -6.873774927276954036e-03 -1.007638151534892279e-01
6.797517199580458858e+00 -1.073499386023875624e-01 -6.702992496946476655e-03 -1.006469461054404213e-01
6.798628557660031824e+00 -1.073464765924816988e-01 -6.843328211805313824e-03 -1.005031483806753251e-01
6.799739915739605678e+00 -1.075619390607452652e-01 -7.239389822633382141e-03 -1.003225492381108058e-01
6.800851273819178644e+00 -1.078517418887698226e-01 -7.742906754285783927e-03 -1.001088351344825433e-01
6.801962631898751610e+00 -1.080446221486875691e-01 -8.166738821252565728e-03 -9.987788332743474662e-02
6.803073989978325464e+00 -1.080049067960303227e-01 -8.352948148620141164e-03 -9.965195864741285825e-02
6.804185348057898430e+00 -1.076817676003504892e-01 -8.230172943250867179e-03 -9.945159465709872693e-02
6.805296706137471396e+00 -1.071275786867741386e-01 -7.839460753894902587e-03 -9.928811793287863063e-02
6.806408064217045251e+00 -1.064787450812592906e-01 -7.319209344032701764e-03 -9.915953573722612047e-02
6.807519422296618217e+00 -1.059060184194924731e-01 -6.854739221765820435e-03 -9.905127919772532818e-02
6.808630780376191183e+00 -1.055523962435749585e-01 -6.610871630145493880e-03 -9.894152461343154459e-02
6.809742138455765037e+00 -1.054811903501196024e-01 -6.672040943376440075e-03 -9.880914940674487279e-02
6.810853496535338003e+00 -1.056531244257749025e-01 -7.011701637007105442e-03 -9.864142278876945891e-02
6.811964854614910969e+00 -1.059407462620100410e-01 -7.502114689835104669e-03 -9.843863157217323800e-02
6.813076212694483935e+00 -1.061748674037952533e-01 -7.960906558572546088e-03 -9.821396084522511505e-02
6.814187570774057789e+00 -1.062061098938163611e-01 -8.217431190497542087e-03 -9.798867870332028662e-02
6.815298928853630755e+00 -1.059591713442650657e-01 -8.174787695757856909e-03 -9.778438364850987330e-02
6.816410286933203722e+00 -1.054600953882366410e-01 -7.844954950592246748e-03 -9.761514043764346615e-02
6.817521645012777576e+00 -1.048266715489589024e-01 -7.344304118331564449e-03 -9.748236743062682619e-02
6.818633003092350542e+00 -1.042255021554809175e-01 -6.851168599347634384e-03 -9.737433355613352159e-02
6.819744361171923508e+00 -1.038113843006031600e-01 -6.540941404205710338e-03 -9.727044289639974473e-02
6.820855719251497362e+00 -1.036710621187618975e-01 -6.522320182399265684e-03 -9.714874193636260924e-02
6.821967077331070328e+00 -1.037917874920179923e-01 -6.797874284200540462e-03 -9.699391320781643178e-02
6.823078435410643294e+00 -1.040660838452486942e-01 -7.263238793126151546e-03 -9.680284505211943225e-02
6.824189793490216260e+00 -1.043309344815578216e-01 -7.745181768158230021e-03 -9.658575271339951696e-02
6.825301151569790115e+00 -1.044271071880665813e-01 -8.064659744112514725e-03 -9.636244744395443262e-02
6.826412509649363081e+00 -1.042570265322978612e-01 -8.101909780310081327e-03 -9.615511675198716579e-02
6.827523867728936047e+00 -1.038201610138572567e-01 -7.839913759921332895e-03 -9.598024725393350387e-02
6.828635225808509901e+00 -1.032130919152083048e-01 -7.370461161273196213e-03 -9.584263075393306686e-02
6.829746583888082867e+00 -1.025942842031989655e-01 -6.860651481597007662e-03 -9.573363272160582971e-02
6.830857941967655833e+00 -1.021264094098211506e-01 -6.492060783567919768e-03 -9.563434862625269650e-02
6.831969300047229687e+00 -1.019172130281586625e-01 -6.394719046756874511e-03 -9.552249398140118253e-02
6.833080658126802653e+00 -1.019804210858138438e-01 -6.599904681028339812e-03 -9.538051640478660553e-02
6.834192016206375619e+00 -1.022308694851482430e-01 -7.028893380920119699e-03 -9.520197610422950762e-02
6.835303374285949474e+00 -1.025155827689218507e-01 -7.521708011033002850e-03 -9.499387475789115853e-02
6.836414732365522440e+00 -1.026694604054834703e-01 -7.895370443851315589e-03 -9.477408996163458332e-02
6.837526090445095406e+00 -1.025752992201938024e-01 -8.010444522823595426e-03 -9.456485469737302418e-02
6.838637448524668372e+00 -1.022063304844496173e-01 -7.821670866052116491e-03 -9.438465961839784257e-02
6.839748806604242226e+00 -1.016358333576475731e-01 -7.394306101521767351e-03 -9.424152725612632009e-02
6.840860164683815192e+00 -1.010103726723908940e-01 -6.880268113756187777e-03 -9.413010455863403403e-02
6.841971522763388158e+00 -1.004964346887026461e-01 -6.462807052826141999e-03 -9.403362763587559681e-02
6.843082880842962012e+00 -1.002198907891177215e-01 -6.289852774890563464e-03 -9.393003801422859789e-02
6.844194238922534979e+00 -1.002203009684256296e-01 -6.420281572326269615e-03 -9.380001939610023431e-02
6.845305597002107945e+00 -1.004366470056726190e-01 -6.802619715147482232e-03 -9.363402729052844320e-02
6.846416955081681799e+00 -1.007296403416446384e-01 -7.293886739093190588e-03 -9.343575360255199080e-02
6.847528313161254765e+00 -1.009324494302120678e-01 -7.711680786509071683e-03 -9.322076864370282268e-02
6.848639671240827731e+00 -1.009113722818674452e-01 -7.900532504880430906e-03 -9.301083977698791638e-02
6.849751029320401585e+00 -1.006143888865950464e-01 -7.788389726714884179e-03 -9.282599915987874151e-02
6.850862387399974551e+00 -1.000899618369388289e-01 -7.412711461676957728e-03 -9.267725037526172716e-02
6.851973745479547517e+00 -9.946929001575177676e-02 -6.906721591882000223e-03 -9.256256842387088069e-02
6.853085103559120483e+00 -9.891851273807969469e-02 -6.450866443441161807e-03 -9.246764629463689877e-02
6.854196461638694338e+00 -9.857827564586785218e-02 -6.207163360277240249e-03 -9.237111228558993192e-02
6.855307819718267304e+00 -9.851264107246865409e-02 -6.260325849567014572e-03 -9.225231522290187891e-02
6.856419177797840270e+00 -9.868590099674777461e-02 -6.587059231859104108e-03 -9.209884176489183116e-02
6.857530535877414124e+00 -9.897568501617930170e-02 -7.064655063966581577e-03 -9.191102995221074601e-02
6.858641893956987090e+00 -9.921755252906472311e-02 -7.515713820128857442e-03 -9.170183870893636180e-02
6.859753252036560056e+00 -9.926482044878266742e-02 -7.772695971854723038e-03 -9.149212447693015615e-02
6.860864610116133910e+00 -9.904186046493546058e-02 -7.738812988422594068e-03 -9.130304747651578345e-02
6.861975968195706876e+00 -9.857150106686922431e-02 -7.423127996167737559e-03 -9.114837307070033923e-02
6.863087326275279842e+00 -9.796660648034381802e-02 -6.937137039854876681e-03 -9.102946944048767586e-02
6.864198684354853697e+00 -9.738893834982989550e-02 -6.454119122952822751e-03 -9.093481922687624008e-02
6.865310042434426663e+00 -9.699029441113496408e-02 -6.146075595104628746e-03 -9.084421881603177429e-02
6.866421400513999629e+00 -9.685734176440460863e-02 -6.121208415365881825e-03 -9.073613334904095939e-02
6.867532758593572595e+00 -9.698019273513004690e-02 -6.384663790313922435e-03 -9.059552894481653906e-02
6.868644116673146449e+00 -9.725611627301460060e-02 -6.836783632439027286e-03 -9.041933264057711028e-02
6.869755474752719415e+00 -9.752699241187166856e-02 -7.309456016148267385e-03 -9.021753639572498151e-02
6.870866832832292381e+00 -9.763685392002199870e-02 -7.627305815208582085e-03 -9.000954810481007207e-02
6.871978190911866236e+00 -9.748857476887222429e-02 -7.671452816555174650e-03 -8.981712195231678075e-02
6.873089548991439202e+00 -9.707910104584020761e-02 -7.422657725475199919e-03 -8.965644332036684649e-02
6.874200907071012168e+00 -9.650044485459199906e-02 -6.968196659441320412e-03 -8.953224819515093191e-02
6.875312265150586022e+00 -9.590612209329464621e-02 -6.470008325999679691e-03 -8.943611376729605766e-02
6.876423623230158988e+00 -9.545527595556027589e-02 -6.105738728881703568e-03 -8.934953722668206866e-02
6.877534981309731954e+00 -9.525482377086405550e-02 -6.004146449177908546e-03 -8.925067732168701085e-02
6.878646339389305808e+00 -9.532065825091814992e-02 -6.198356045811412307e-03 -8.912230220510616863e-02
6.879757697468878774e+00 -9.557198242005543465e-02 -6.613931249754014322e-03 -8.895805117030146369e-02
6.880869055548451740e+00 -9.586079672897014625e-02 -7.096062084437887441e-03 -8.876473464453328577e-02
6.881980413628024706e+00 -9.602577721736435534e-02 -7.465936564633565004e-03 -8.855984065273149464e-02
6.883091771707598561e+00 -9.595093111242231076e-02 -7.585770432738506847e-03 -8.836516067968715193e-02
6.884203129787171527e+00 -9.560770377275787379e-02 -7.408845399730041442e-03 -8.819885837302880727e-02
6.885314487866744493e+00 -9.506525209450530922e-02 -6.996383980964627353e-03 -8.806886811354421030e-02
6.886425845946318347e+00 -9.446518901510511657e-02 -6.495165900291541630e-03 -8.797002311481448567e-02
6.887537204025891313e+00 -9.397002225601547298e-02 -6.084069280906862984e-03 -8.788595297510684579e-02
6.888648562105464279e+00 -9.370406073548739889e-02 -5.909006516480790061e-03 -8.779505421900656026e-02
6.889759920185038133e+00 -9.370827699129026522e-02 -6.029920484796755936e-03 -8.767835650649272172e-02
6.890871278264611099e+00 -9.392551505525485733e-02 -6.399094763470173503e-03 -8.752642029178447913e-02
6.891982636344184066e+00 -9.422138341393061778e-02 -6.878625690830104250e-03 -8.734275772309724184e-02
6.893093994423757920e+00 -9.443319557915130780e-02 -7.290658899281278124e-03 -8.714253667987099938e-02
6.894205352503330886e+00 -9.442913557181853434e-02 -7.482090007829162934e-03 -8.694704556398961948e-02
6.895316710582903852e+00 -9.415613091394467449e-02 -7.380192643467045101e-03 -8.677593827047609676e-02
6.896428068662476818e+00 -9.365904650771517126e-02 -7.018962598872698078e-03 -8.664008390884216093e-02
6.897539426742050672e+00 -9.306425802628767729e-02 -6.526635757362895737e-03 -8.653762226892353082e-02
6.898650784821623638e+00 -9.253361888322456097e-02 -6.078962552820474548e-03 -8.645465633040480546e-02
6.899762142901196604e+00 -9.220558847839978311e-02 -5.835264434360116180e-03 -8.637032404403874319e-02
6.900873500980770459e+00 -9.214493532959013022e-02 -5.880536937780404122e-03 -8.626439839180788383e-02
6.901984859060343425e+00 -9.231928574382675112e-02 -6.194638771811878872e-03 -8.612464697201502317e-02
6.903096217139916391e+00 -9.261100879540407060e-02 -6.659735594033511577e-03 -8.595127320137223303e-02
6.904207575219490245e+00 -9.286007440719386274e-02 -7.103247972717954828e-03 -8.575682643447544995e-02
6.905318933299063211e+00 -9.292226905554355765e-02 -7.360649945355655227e-03 -8.556161911018468624e-02
6.906430291378636177e+00 -9.272159092423298832e-02 -7.335266871197446657e-03 -8.538632405303636652e-02
6.907541649458209143e+00 -9.227778805221933944e-02 -7.033338727799104059e-03 -8.524444932442210021e-02
6.908653007537782997e+00 -9.169906121240309349e-02 -6.561631705117480957e-03 -8.513742950728557524e-02
6.909764365617355963e+00 -9.114262702407484318e-02 -6.088509999834446768e-03 -8.505411702424155174e-02
6.910875723696928929e+00 -9.075751515001830028e-02 -5.782661360266762307e-03 -8.497485378975189185e-02
6.911987081776502784e+00 -9.063041288194186029e-02 -5.751776542717759733e-03 -8.487863633922829165e-02
6.913098439856075750e+00 -9.075423691004551319e-02 -6.003473582632739419e-03 -8.475076332741025842e-02
6.914209797935648716e+00 -9.103082696029127230e-02 -6.442645485207523781e-03 -8.458818147508548324e-02
6.915321156015222570e+00 -9.130673952438299323e-02 -6.906152986407069344e-03 -8.440058653797390120e-02
6.916432514094795536e+00 -9.142909024312084743e-02 -7.222207510399472272e-03 -8.420688273272107505e-02
6.917543872174368502e+00 -9.130112261559282516e-02 -7.272828966812088999e-03 -8.402829364878054708e-02
6.918655230253942356e+00 -9.091730548517000521e-02 -7.036670485409185147e-03 -8.388063499975889625e-02
6.919766588333515323e+00 -9.036522770297585050e-02 -6.596665551613201117e-03 -8.376856215136402328e-02
6.920877946413088289e+00 -8.979364271761798577e-02 -6.109758690053235762e-03 -8.368388402756456179e-02
6.921989304492661255e+00 -8.935832050803861615e-02 -5.749767231269978240e-03 -8.360855327677028936e-02
6.923100662572235109e+00 -8.916541648987673374e-02 -5.644176086570255185e-03 -8.352124040330646815e-02
6.924212020651808075e+00 -8.923294522459634948e-02 -5.827848696110055071e-03 -8.340509652848583644e-02
6.925323378731381041e+00 -8.948434053933540522e-02 -6.230461286246010907e-03 -8.325387925308919135e-02
6.926434736810954895e+00 -8.977640346898910217e-02 -6.702189080440134478e-03 -8.307421438854847850e-02
6.927546094890527861e+00 -8.995143702065221125e-02 -7.068262653132496506e-03 -8.288317436752051792e-02
6.928657452970100827e+00 -8.989458756695965780e-02 -7.192528757566407291e-03 -8.270205880939375531e-02
6.929768811049674682e+00 -8.957554324219206554e-02 -7.026899748490538292e-03 -8.254864349370151511e-02
6.930880169129247648e+00 -8.905945113783676759e-02 -6.628732273850411125e-03 -8.243071886398894987e-02
6.931991527208820614e+00 -8.848312212175372948e-02 -6.139854972984334740e-03 -8.234326714876900877e-02
6.933102885288394468e+00 -8.800521447776908646e-02 -5.734913413547496064e-03 -8.227030106422172917e-02
6.934214243367967434e+00 -8.774853551681283115e-02 -5.557845301088840118e-03 -8.219069021572425471e-02
6.935325601447540400e+00 -8.775544350256796189e-02 -5.669592044033331876e-03 -8.208585145853658505e-02
6.936436959527113366e+00 -8.797254519108949067e-02 -6.026041397936856420e-03 -8.194650379315057687e-02
6.937548317606687220e+00 -8.827021624229879071e-02 -6.494184427812119131e-03 -8.177603181448901692e-02
6.938659675686260186e+00 -8.848980748245720285e-02 -6.900569252577648527e-03 -8.158923822988004004e-02
6.939771033765833153e+00 -8.850134514494430171e-02 -7.094400463003623994e-03 -8.140694468193965250e-02
6.940882391845407007e+00 -8.825073941946727507e-02 -7.002329569672701218e-03 -8.124840984979549152e-02
6.941993749924979973e+00 -8.777935434711517382e-02 -6.655028831564213654e-03 -8.112432551555333327e-02
6.943105108004552939e+00 -8.720885881280623919e-02 -6.175921036454559872e-03 -8.103293777635225958e-02
6.944216466084126793e+00 -8.669690656586513666e-02 -5.736205891762486200e-03 -8.096070067410342241e-02
6.945327824163699759e+00 -8.637978963331424676e-02 -5.492570647320588195e-03 -8.088721898599478266e-02
6.946439182243272725e+00 -8.632292505245751923e-02 -5.530248242678736242e-03 -8.079267680977759991e-02
6.947550540322846579e+00 -8.649716255383030350e-02 -5.832116178690914532e-03 -8.066504637514115839e-02
6.948661898402419546e+00 -8.678949384636917841e-02 -6.285039177626553300e-03 -8.050445466874216194e-02
6.949773256481992512e+00 -8.704422957577931386e-02 -6.721106988905097696e-03 -8.032312258687226980e-02
6.950884614561565478e+00 -8.711964037760271118e-02 -6.978736388184365869e-03 -8.014090398941881022e-02
6.951995972641139332e+00 -8.693945558907481552e-02 -6.961402741759428400e-03 -7.997805284732037445e-02
6.953107330720712298e+00 -8.652050706589793638e-02 -6.672653812630283988e-03 -7.984785325326937411e-02
6.954218688800285264e+00 -8.596649878737204487e-02 -6.214704906943849597e-03 -7.975179388042764883e-02
6.955330046879859118e+00 -8.543020754388784554e-02 -5.751167939235518958e-03 -7.967903960465193280e-02
6.956441404959432084e+00 -8.505789190161887336e-02 -5.447504372143342766e-03 -7.961038752947496855e-02
6.957552763039005050e+00 -8.493613702984847968e-02 -5.410874158654052982e-03 -7.952526287119310311e-02
6.958664121118578905e+00 -8.506045334235418087e-02 -5.651247503873257222e-03 -7.940920583848175285e-02
6.959775479198151871e+00 -8.533701667651533151e-02 -6.077891716616099990e-03 -7.925912495990007633e-02
6.960886837277724837e+00 -8.561687782056572049e-02 -6.532469701923948602e-03 -7.908440811864339559e-02
6.961998195357298691e+00 -8.575016807355138881e-02 -6.846676185420974906e-03 -7.890349188812963155e-02
6.963109553436871657e+00 -8.564057432365826394e-02 -6.903431649156712563e-03 -7.873714267450168669e-02
6.964220911516444623e+00 -8.528028279215241203e-02 -6.679384687276981869e-03 -7.860089810487622120e-02
6.965332269596017589e+00 -8.475271352002733405e-02 -6.253293710841014569e-03 -7.849941980918530293e-02
6.966443627675591443e+00 -8.420209021120365900e-02 -5.777280098240107978e-03 -7.842481011296535687e-02
6.967554985755164410e+00 -8.378094580425497762e-02 -5.421445283089677998e-03 -7.835950052116548437e-02
6.968666343834737376e+00 -8.359467069575701736e-02 -5.312014989897601708e-03 -7.828265570586304123e-02
6.969777701914311230e+00 -8.366326256283838914e-02 -5.485503791578911006e-03 -7.817775877126012518e-02
6.970889059993884196e+00 -8.391416016312724935e-02 -5.875543764963042995e-03 -7.803861639816708773e-02
6.972000418073457162e+00 -8.420872851970552520e-02 -6.337127978209245935e-03 -7.787160054149502852e-02
6.973111776153031016e+00 -8.439272831234757855e-02 -6.699413105805868823e-03 -7.769331520654446099e-02
6.974223134232603982e+00 -8.435239620493330259e-02 -6.827853788049665501e-03 -7.752454241688509773e-02
6.975334492312176948e+00 -8.405574547417873910e-02 -6.673071027924261031e-03 -7.738267444625261671e-02
6.976445850391749914e+00 -8.356409292276582856e-02 -6.288705144532715993e-03 -7.727538777823203531e-02
6.977557208471323769e+00 -8.300965819286582059e-02 -5.811798771979373619e-03 -7.719785942088702724e-02
6.978668566550896735e+00 -8.254741855936603701e-02 -5.412883817063051176e-03 -7.713453474230166917e-02
6.979779924630469701e+00 -8.229875004115144721e-02 -5.233951320938089180e-03 -7.706479872021365640e-02
6.980891282710043555e+00 -8.230735008611919645e-02 -5.336867252762726027e-03 -7.697048283335691798e-02
6.982002640789616521e+00 -8.252344831049558682e-02 -5.680974246951277229e-03 -7.684247406354186016e-02
6.983113998869189487e+00 -8.282201033275646274e-02 -6.137988274131195646e-03 -7.668402205862642762e-02
6.984225356948763341e+00 -8.304827697484355731e-02 -6.538732527152795598e-03 -7.650954444768851004e-02
6.985336715028336307e+00 -8.307405313921760459e-02 -6.734683535989769917e-03 -7.633936960322749987e-02
6.986448073107909273e+00 -8.284427322821397155e-02 -6.651939336774862280e-03 -7.619233389143946489e-02
6.987559431187483128e+00 -8.239692884213017932e-02 -6.317999716128357493e-03 -7.607892912600085211e-02
6.988670789267056094e+00 -8.184914719207601885e-02 -5.851654221831313271e-03 -7.599749297024313566e-02
6.989782147346629060e+00 -8.135452105570123438e-02 -5.419695759999535942e-03 -7.593482529570051709e-02
6.990893505426202026e+00 -8.104723472341572588e-02 -5.176232990718461491e-03 -7.587100173269660519e-02
6.992004863505775880e+00 -8.099331133573288433e-02 -5.206682539776652865e-03 -7.578662879595285395e-02
6.993116221585348846e+00 -8.116669426926075015e-02 -5.496795807513736934e-03 -7.566989846174841661e-02
6.994227579664921812e+00 -8.145882724096464855e-02 -5.937951447127803872e-03 -7.552087579383540139e-02
6.995338937744495666e+00 -8.171821109632157465e-02 -6.366748519017174923e-03 -7.535146257730458708e-02
6.996450295824068633e+00 -8.180552321825172724e-02 -6.624468499829030271e-03 -7.518105471842327636e-02
6.997561653903641599e+00 -8.164424573452529199e-02 -6.614767895601650696e-03 -7.502947783892485734e-02
6.998673011983215453e+00 -8.124840495745096203e-02 -6.338630896780553074e-03 -7.490977406066777478e-02
6.999784370062788419e+00 -8.071736608839243099e-02 -5.893901698709923254e-03 -7.482346438968166813e-02
7.000895728142361385e+00 -8.019961417022278272e-02 -5.439606508781238969e-03 -7.476000766143925391e-02
7.002007086221935239e+00 -7.983872316801525482e-02 -5.138074753833005853e-03 -7.470064841418309898e-02
7.003118444301508205e+00 -7.972117390044347607e-02 -5.095924794512995265e-03 -7.462524910592970018e-02
7.004229802381081171e+00 -7.984498630948910769e-02 -5.325368451211422854e-03 -7.451961785827951323e-02
7.005341160460654137e+00 -8.012054340945257147e-02 -5.739878116450318479e-03 -7.438066529300579877e-02
7.006452518540227992e+00 -8.040326950157414276e-02 -6.185752817701747550e-03 -7.421751668387432943e-02
7.007563876619800958e+00 -8.054624693983432338e-02 -6.498067805165513855e-03 -7.404817913466862911e-02
7.008675234699373924e+00 -8.045362227860516913e-02 -6.560641247994028827e-03 -7.389298103061316125e-02
7.009786592778947778e+00 -8.011538820551721007e-02 -6.348214257408101371e-03 -7.376717394810988759e-02
7.010897950858520744e+00 -7.961092016688955941e-02 -5.935530843338446445e-03 -7.367538932355023606e-02
7.012009308938093710e+00 -7.908001876583986567e-02 -5.470054264215004278e-03 -7.360996450162474170e-02
7.013120667017667564e+00 -7.867202181062508959e-02 -5.118278882370310909e-03 -7.355374292825468674e-02
7.014232025097240530e+00 -7.849150900416418386e-02 -5.005184072984259457e-03 -7.348632493118215092e-02
7.015343383176813497e+00 -7.856033915401033907e-02 -5.168847786163785832e-03 -7.339149136784531291e-02
7.016454741256387351e+00 -7.880980003065168882e-02 -5.546701757423231141e-03 -7.326309827322903534e-02
7.017566099335960317e+00 -7.910568929209750577e-02 -5.998389404708386399e-03 -7.310729988739099461e-02
7.018677457415533283e+00 -7.929717152419960002e-02 -6.356875983249507533e-03 -7.294029554095110557e-02
7.019788815495106249e+00 -7.927162475282520382e-02 -6.489199598911043337e-03 -7.278242515391326883e-02
7.020900173574680103e+00 -7.899553338171333428e-02 -6.344767886859370085e-03 -7.265076549485481594e-02
7.022011531654253069e+00 -7.852657964654867484e-02 -5.973657355944026262e-03 -7.255292229060521236e-02
7.023122889733826035e+00 -7.799257188629214743e-02 -5.508296759889241140e-03 -7.248427512640209791e-02
7.024234247813399890e+00 -7.754490734757693571e-02 -5.115234000833985412e-03 -7.242967334674400848e-02
7.025345605892972856e+00 -7.730351459583609253e-02 -4.934553872132843751e-03 -7.236896072370081756e-02
7.026456963972545822e+00 -7.731329793664368233e-02 -5.028983484696991635e-03 -7.228431445194759275e-02
7.027568322052119676e+00 -7.752790217110915039e-02 -5.361175871478747815e-03 -7.216672629963068186e-02
7.028679680131692642e+00 -7.782666714718118606e-02 -5.807398191201145268e-03 -7.201926895598090295e-02
7.029791038211265608e+00 -7.805857085017316177e-02 -6.202607870713323229e-03 -7.185596297945903710e-02
7.030902396290839462e+00 -7.809715718602833201e-02 -6.400495426880856153e-03 -7.169666175914994610e-02
7.032013754370412428e+00 -7.788647055752051518e-02 -6.326650347005422295e-03 -7.155982021051769670e-02
7.033125112449985394e+00 -7.746131150596784198e-02 -6.005530736210188542e-03 -7.145578076976107085e-02
7.034236470529558360e+00 -7.693448095704039091e-02 -5.551461933987023728e-03 -7.138301902305159430e-02
7.035347828609132215e+00 -7.645568814119302337e-02 -5.126976478162527905e-03 -7.132871166302925947e-02
7.036459186688705181e+00 -7.615709145017084125e-02 -4.883676227173023437e-03 -7.127341522299925070e-02
7.037570544768278147e+00 -7.610528259805388052e-02 -4.907134070887751026e-03 -7.119814852716604969e-02
7.038681902847852001e+00 -7.627715921997706150e-02 -5.185860146441718596e-03 -7.109129907353427258e-02
7.039793260927424967e+00 -7.656842761811841203e-02 -5.615587134940831088e-03 -7.095284048317614112e-02
7.040904619006997933e+00 -7.683160671752760351e-02 -6.037277387130925155e-03 -7.079432933039817022e-02
7.042015977086571787e+00 -7.692968487843634962e-02 -6.294997776064931161e-03 -7.063468710237280623e-02
7.043127335166144753e+00 -7.678590799950496537e-02 -6.292601289483199661e-03 -7.049330671002138060e-02
7.044238693245717720e+00 -7.641160650741522786e-02 -6.028611662302538893e-03 -7.038299484511216508e-02
7.045350051325291574e+00 -7.590197256484162991e-02 -5.596654037508262507e-03 -7.030531852733479248e-02
7.046461409404864540e+00 -7.540136020047402687e-02 -5.151313576692424095e-03 -7.025004662378189768e-02
7.047572767484437506e+00 -7.505075707511431327e-02 -4.851871811321735277e-03 -7.019888526378956217e-02
7.048684125564010472e+00 -7.493654199446320163e-02 -4.804398600223721075e-03 -7.013214339424064803e-02
7.049795483643584326e+00 -7.505915241079277878e-02 -5.023252503605172073e-03 -7.003589990718937786e-02
7.050906841723157292e+00 -7.533302725448208503e-02 -5.425963496300924629e-03 -6.990706375818230012e-02
7.052018199802730258e+00 -7.561780894382065521e-02 -5.863321083556607277e-03 -6.975448786026339221e-02
7.053129557882304113e+00 -7.576942618931993556e-02 -6.173690822289157679e-03 -6.959573536703499153e-02
7.054240915961877079e+00 -7.569246621378965256e-02 -6.241786831451464138e-03 -6.945067938234052163e-02
7.055352274041450045e+00 -7.537479821569810501e-02 -6.040529993615791418e-03 -6.933426822208516027e-02
7.056463632121023899e+00 -7.489188376903609112e-02 -5.640794075221809874e-03 -6.925108969381527091e-02
7.057574990200596865e+00 -7.437924309935253775e-02 -5.185532432365136390e-03 -6.919371066698712380e-02
7.058686348280169831e+00 -7.398312299197065678e-02 -4.837730437066695491e-03 -6.914539255490365077e-02
7.059797706359742797e+00 -7.380732380415770677e-02 -4.721133319556274424e-03 -6.908619048460171164e-02
7.060909064439316651e+00 -7.387551812017834063e-02 -4.875304452017234849e-03 -6.900021366816443125e-02
7.062020422518889617e+00 -7.412273983182468551e-02 -5.241335745523746648e-03 -6.888140408630299971e-02
7.063131780598462583e+00 -7.441910315358241101e-02 -5.683370930328848769e-03 -6.873573222325604637e-02
7.064243138678036438e+00 -7.461709210019151772e-02 -6.038077865779156034e-03 -6.857901423441245536e-02
7.065354496757609404e+00 -7.460520331382426706e-02 -6.174054517970269107e-03 -6.843114879585386612e-02
7.066465854837182370e+00 -7.434843577987239327e-02 -6.039562000382588114e-03 -6.830887377949021455e-02
7.067577212916756224e+00 -7.390092478434837076e-02 -5.681245342875016271e-03 -6.821967944147419582e-02
7.068688570996329190e+00 -7.338616003958230161e-02 -5.227068507121471197e-03 -6.815909153246095531e-02
7.069799929075902156e+00 -7.295201626199651623e-02 -4.839706675626090707e-03 -6.811230958636999011e-02
7.070911287155476010e+00 -7.271697172657493047e-02 -4.657371495285979324e-03 -6.805960023129521697e-02
7.072022645235048977e+00 -7.272707451759305441e-02 -4.743594669657181552e-03 -6.798347984793556842e-02
7.073134003314621943e+00 -7.293928682483691306e-02 -5.064214971553928496e-03 -6.787507185328102433e-02
7.074245361394194909e+00 -7.323723122111132355e-02 -5.499904491965849906e-03 -6.773732672914700714e-02
7.075356719473768763e+00 -7.347357785634783811e-02 -5.889641332229083800e-03 -6.758393652411892605e-02
7.076468077553341729e+00 -7.352363422331414933e-02 -6.089291185431416897e-03 -6.743434303787942952e-02
7.077579435632914695e+00 -7.333064480565898435e-02 -6.023985231696308770e-03 -6.730665957396193833e-02
7.078690793712488549e+00 -7.292634377192708239e-02 -5.715260453256987283e-03 -6.721108331867331476e-02
7.079802151792061515e+00 -7.241931824166179810e-02 -5.273123949400325070e-03 -6.714619429226083291e-02
7.080913509871634481e+00 -7.195544896234064292e-02 -4.855964708762554663e-03 -6.709948425358161495e-02
7.082024867951208336e+00 -7.166484012111734581e-02 -4.612921376195421898e-03 -6.705191874492243131e-02
7.083136226030781302e+00 -7.161454464396943553e-02 -4.629676196388283343e-03 -6.698486844758229364e-02
7.084247584110354268e+00 -7.178426256449389753e-02 -4.897376757372918013e-03 -6.688688580712279230e-02
7.085358942189928122e+00 -7.207381973483413529e-02 -5.315957933181549022e-03 -6.675786180165337036e-02
7.086470300269501088e+00 -7.233967202561308873e-02 -5.730618642986799044e-03 -6.660905338262819442e-02
7.087581658349074054e+00 -7.244713265809554770e-02 -5.988156730916833689e-03 -6.645897592718137681e-02
7.088693016428647020e+00 -7.231932023508433338e-02 -5.992660883341187870e-03 -6.632665935174249239e-02
7.089804374508220874e+00 -7.196503878320961722e-02 -5.740314703679912783e-03 -6.622472407953131079e-02
7.090915732587793840e+00 -7.147547957861953571e-02 -5.320683538916470140e-03 -6.615479603970303435e-02
7.092027090667366807e+00 -7.099097923437014401e-02 -4.884052921088255853e-03 -6.610692631328407565e-02
7.093138448746940661e+00 -7.064995152981405624e-02 -4.586729120999646393e-03 -6.606322240881282171e-02
7.094249806826513627e+00 -7.053857638799207463e-02 -4.534210667730589894e-03 -6.600436572025725201e-02
7.095361164906086593e+00 -7.065953297228588781e-02 -4.742891888826095137e-03 -6.591664108345772488e-02
7.096472522985660447e+00 -7.093112055843514563e-02 -5.134200067252757405e-03 -6.579692049118272823e-02
7.097583881065233413e+00 -7.121705209081098664e-02 -5.563262133845954527e-03 -6.565378995696467823e-02
7.098695239144806379e+00 -7.137605565304991351e-02 -5.871642118269342070e-03 -6.550441353478220208e-02
7.099806597224380234e+00 -7.131323140817616424e-02 -5.944951629610957522e-03 -6.536827977856723981e-02
7.100917955303953200e+00 -7.101449405415113936e-02 -5.754385107956325185e-03 -6.526010894619856118e-02
7.102029313383526166e+00 -7.055160046115985240e-02 -5.367098210114049257e-03 -6.518450225104688300e-02
7.103140671463099132e+00 -7.005596852736470370e-02 -4.921690474941495252e-03 -6.513427805242580360e-02
7.104252029542672986e+00 -6.967083954879753349e-02 -4.577743000492118935e-03 -6.509309654830719438e-02
7.105363387622245952e+00 -6.949919749747916764e-02 -4.457783776737266404e-03 -6.504141372074290217e-02
7.106474745701818918e+00 -6.956638107267636151e-02 -4.602786032598258498e-03 -6.496359504007867547e-02
7.107586103781392772e+00 -6.981096204032342933e-02 -4.957362344578988486e-03 -6.485359969574348848e-02
7.108697461860965738e+00 -7.010717324406029460e-02 -5.390004456686218678e-03 -6.471716878737723833e-02
7.109808819940538704e+00 -7.031069779245655016e-02 -5.740972914907957123e-03 -6.456972487754840395e-02
7.110920178020112559e+00 -7.031114859505845083e-02 -5.880397252938696778e-03 -6.443075134212285227e-02
7.112031536099685525e+00 -7.007215453676270134e-02 -5.755454683331634458e-03 -6.431669985343062279e-02
7.113142894179258491e+00 -6.964449627260539677e-02 -5.409488515059129518e-03 -6.423500775754541203e-02
7.114254252258832345e+00 -6.914754758411180424e-02 -4.966146839709043893e-03 -6.418140074440349674e-02
7.115365610338405311e+00 -6.872580445612737343e-02 -4.584345603839912187e-03 -6.414145885228894617e-02
7.116476968417978277e+00 -6.849633184447555256e-02 -4.400459963249715896e-03 -6.409587188122525814e-02
7.117588326497551243e+00 -6.850624147761155691e-02 -4.478772801105661630e-03 -6.402746867650441209e-02
7.118699684577125097e+00 -6.871564603670622662e-02 -4.788184695484429612e-03 -6.392746134122048729e-02
7.119811042656698064e+00 -6.901225689170314981e-02 -5.213623287513511825e-03 -6.379863360418773499e-02
7.120922400736271030e+00 -6.925228319127370302e-02 -5.597966661688852374e-03 -6.365431652958496167e-02
7.122033758815844884e+00 -6.931273567261347912e-02 -5.799207247992039030e-03 -6.351352842462093529e-02
7.123145116895417850e+00 -6.913610985099957751e-02 -5.742059032026675461e-03 -6.339405081897490912e-02
7.124256474974990816e+00 -6.875121490249225253e-02 -5.445253492396532127e-03 -6.330596141009593725e-02
7.125367833054564670e+00 -6.826260394709064705e-02 -5.014627887089982000e-03 -6.324797606000071015e-02
7.126479191134137636e+00 -6.781248333187249455e-02 -4.604555684235100629e-03 -6.320792764763848159e-02
7.127590549213710602e+00 -6.752897797489558485e-02 -4.361774664111793889e-03 -6.316720331078405637e-02
7.128701907293284457e+00 -6.747957369067021649e-02 -4.372051874935036810e-03 -6.310752181573803243e-02
7.129813265372857423e+00 -6.764665432541634715e-02 -4.629071152331807118e-03 -6.301758317308257806e-02
7.130924623452430389e+00 -6.793400097698078233e-02 -5.036829329019186507e-03 -6.289717164796279625e-02
7.132035981532003355e+00 -6.820185589454037800e-02 -5.444633660620522633e-03 -6.275722223392074528e-02
7.133147339611577209e+00 -6.831777313537791552e-02 -5.701942504902142439e-03 -6.261583063047512776e-02
7.134258697691150175e+00 -6.820475402057085690e-02 -5.713091543023499433e-03 -6.249166247754911474e-02
7.135370055770723141e+00 -6.786917327637866093e-02 -5.472011078343448631e-03 -6.239716219803669722e-02
7.136481413850296995e+00 -6.739836754297956478e-02 -5.064335339936768508e-03 -6.233403220304335052e-02
7.137592771929869961e+00 -6.692879703629660282e-02 -4.636172325845878094e-03 -6.229262471045100835e-02
7.138704130009442927e+00 -6.659638674217059628e-02 -4.340923395287686268e-03 -6.225546334688401851e-02
7.139815488089016782e+00 -6.648711815470785547e-02 -4.283509059445054362e-03 -6.220360909526443521e-02
7.140926846168589748e+00 -6.660583113369358821e-02 -4.482279409162770109e-03 -6.212355172453278007e-02
7.142038204248162714e+00 -6.687455586861032475e-02 -4.862436795601256245e-03 -6.201211907300804155e-02
7.143149562327735680e+00 -6.716094802393328400e-02 -5.283327781753372962e-03 -6.187762024218021462e-02
7.144260920407309534e+00 -6.732645701809956973e-02 -5.589646323420656773e-03 -6.173681069467813060e-02
7.145372278486882500e+00 -6.727669608101405352e-02 -5.667908422995249218e-03 -6.160878765802312029e-02
7.146483636566455466e+00 -6.699570211459686397e-02 -5.487662260850538140e-03 -6.150803985374715677e-02
7.147594994646029321e+00 -6.655165002041618649e-02 -5.112469071760765427e-03 -6.143918094865540719e-02
7.148706352725602287e+00 -6.607197642543635729e-02 -4.676695425151531846e-03 -6.139528100028471269e-02
7.149817710805175253e+00 -6.569698970566945073e-02 -4.336590446034255947e-03 -6.136039925963540642e-02
7.150929068884749107e+00 -6.552885323085873293e-02 -4.213460618328401970e-03 -6.131539261252751116e-02
7.152040426964322073e+00 -6.559449161774194570e-02 -4.349608423599739954e-03 -6.124488319414339577e-02
7.153151785043895039e+00 -6.583588794029134050e-02 -4.693038801364022086e-03 -6.114284913892578666e-02
7.154263143123468893e+00 -6.613126811141126216e-02 -5.116462218003027529e-03 -6.101480589340815830e-02
7.155374501203041859e+00 -6.633943723822711969e-02 -5.463649304623880917e-03 -6.087578793360461787e-02
7.156485859282614825e+00 -6.635112568296810953e-02 -5.606256333704146347e-03 -6.074486934926761478e-02
7.157597217362187791e+00 -6.612867263563182441e-02 -5.490452441693665850e-03 -6.063822019394075197e-02
7.158708575441761646e+00 -6.571963525931824590e-02 -5.156409056733066848e-03 -6.056322620258713929e-02
7.159819933521334612e+00 -6.523940570240782666e-02 -4.723595593272102156e-03 -6.051581010913428815e-02
7.160931291600907578e+00 -6.482918945006745093e-02 -4.347263524420279419e-03 -6.048192592564902159e-02
7.162042649680481432e+00 -6.460464756143506626e-02 -4.161969103928173097e-03 -6.044267845750431190e-02
7.163154007760054398e+00 -6.461388189969007045e-02 -4.232679894075897127e-03 -6.038120200561367806e-02
7.164265365839627364e+00 -6.482002536997233388e-02 -4.531231310058189340e-03 -6.028879405991400403e-02
7.165376723919201218e+00 -6.511473814709711760e-02 -4.946664864887373447e-03 -6.016807328221193685e-02
7.166488081998774184e+00 -6.535766943409938856e-02 -5.325653611065215426e-03 -6.003201582303475947e-02
7.167599440078347151e+00 -6.542751127838307423e-02 -5.528286702790010526e-03 -5.989922457559382352e-02
7.168710798157921005e+00 -6.526607327358294186e-02 -5.478917219119611159e-03 -5.978715605446561360e-02
7.169822156237493971e+00 -6.489936461530212974e-02 -5.193593732512547835e-03 -5.970577088279166444e-02
7.170933514317066937e+00 -6.442804572936687568e-02 -4.774128378861380514e-03 -5.965391735050238481e-02
7.172044872396639903e+00 -6.399075445019838937e-02 -4.370993473060235182e-03 -5.961976097713868328e-02
7.173156230476213757e+00 -6.371366801350920872e-02 -4.128568163912873720e-03 -5.958509984959728389e-02
7.174267588555786723e+00 -6.366465058580673964e-02 -4.132658505518260056e-03 -5.953199208028962103e-02
7.175378946635359689e+00 -6.382864878903111994e-02 -4.379366607426800687e-03 -5.944928218160498018e-02
7.176490304714933544e+00 -6.411325544530137310e-02 -4.776603138143433250e-03 -5.933665230715699096e-02
7.177601662794506510e+00 -6.438238561340683952e-02 -5.177658550006142973e-03 -5.920472706340094288e-02
7.178713020874079476e+00 -6.450579236246456460e-02 -5.434594685516847337e-03 -5.907119767694705287e-02
7.179824378953653330e+00 -6.440640555473678419e-02 -5.452026153895058597e-03 -5.895437940084106987e-02
7.180935737033226296e+00 -6.408828823706028133e-02 -5.221739877851305951e-03 -5.886654835920956952e-02
7.182047095112799262e+00 -6.363506987530638537e-02 -4.825587954665045039e-03 -5.880948192064385655e-02
7.183158453192373116e+00 -6.317945865958582430e-02 -4.405635983715716283e-03 -5.877382267586937770e-02
7.184269811271946082e+00 -6.285494727478944943e-02 -4.112453734903433536e-03 -5.874249353988549027e-02
7.185381169351519048e+00 -6.274728694168263399e-02 -4.050369368281083425e-03 -5.869691757340231991e-02
7.186492527431092014e+00 -6.286336929666816453e-02 -4.239592213641434765e-03 -5.862377708302773938e-02
7.187603885510665869e+00 -6.312880834955610088e-02 -4.608955684231013511e-03 -5.851985266532572227e-02
7.188715243590238835e+00 -6.341506970788407527e-02 -5.021885898233179046e-03 -5.839318380964877292e-02
7.189826601669811801e+00 -6.358625281469375279e-02 -5.326120234494418834e-03 -5.826013258020133062e-02
7.190937959749385655e+00 -6.354849899090272980e-02 -5.409076297790823759e-03 -5.813942269311167532e-02
7.192049317828958621e+00 -6.328406243800310804e-02 -5.238736924841061286e-03 -5.804532551316080730e-02
7.193160675908531587e+00 -6.285767629740061924e-02 -4.875203653565017038e-03 -5.798247264383613042e-02
7.194272033988105441e+00 -6.239293036996422515e-02 -4.448749803838913941e-03 -5.794418056612564427e-02
7.195383392067678407e+00 -6.202728046712791682e-02 -4.112387198014159223e-03 -5.791489326911375413e-02
7.196494750147251374e+00 -6.186206728266099159e-02 -3.986217133511916165e-03 -5.787585014914928966e-02
7.197606108226825228e+00 -6.192571860481099061e-02 -4.113804556605649143e-03 -5.781191404820566759e-02
7.198717466306398194e+00 -6.216349639112649789e-02 -4.446422067722232557e-03 -5.771707432340358185e-02
7.199828824385971160e+00 -6.245748630408055196e-02 -4.860861984540039080e-03 -5.759662431954003931e-02
7.200940182465544126e+00 -6.266952997299535255e-02 -5.204305563398353360e-03 -5.746522440959549866e-02
7.202051540545117980e+00 -6.269146855094243076e-02 -5.349909230203188024e-03 -5.734155932073853323e-02
7.203162898624690946e+00 -6.248442572796549660e-02 -5.242889018484867859e-03 -5.724153670948164269e-02
7.204274256704263912e+00 -6.209286275514979553e-02 -4.920360060338617274e-03 -5.717250269481218700e-02
7.205385614783837767e+00 -6.162832428037455512e-02 -4.497746619442377983e-03 -5.713057766093156825e-02
7.206496972863410733e+00 -6.122881694148567255e-02 -4.126738482208923420e-03 -5.710207845927711690e-02
7.207608330942983699e+00 -6.100861372010168981e-02 -3.940108096082473900e-03 -5.706850562401735716e-02
7.208719689022557553e+00 -6.101674102637476976e-02 -4.003463193777317616e-03 -5.701327783259985821e-02
7.209831047102130519e+00 -6.121922913281332979e-02 -4.291467124499981703e-03 -5.692776200831433514e-02
7.210942405181703485e+00 -6.151155183889904510e-02 -4.697145739154031177e-03 -5.681440609974496014e-02
7.212053763261277339e+00 -6.175670020074348898e-02 -5.070862491271182354e-03 -5.668583770947200479e-02
7.213165121340850305e+00 -6.183502203118207419e-02 -5.274761627563460606e-03 -5.656026040361961105e-02
7.214276479420423271e+00 -6.168769720008055596e-02 -5.232871161959388659e-03 -5.645482603812129047e-02
7.215387837499996238e+00 -6.133805213880767770e-02 -4.958656056357847730e-03 -5.637939608245046141e-02
7.216499195579570092e+00 -6.088298992019156725e-02 -4.550028862552070799e-03 -5.633296105763955369e-02
7.217610553659143058e+00 -6.045768398333829091e-02 -4.153665947331739924e-03 -5.630401803600960237e-02
7.218721911738716024e+00 -6.018639898596913479e-02 -3.911633949168020520e-03 -5.627476503680090697e-02
7.219833269818289878e+00 -6.013733105609286866e-02 -3.909748251301348003e-03 -5.622758280478924037e-02
7.220944627897862844e+00 -6.029787901866828781e-02 -4.146435154317017896e-03 -5.615144386435105828e-02
7.222055985977435810e+00 -6.057931336655447696e-02 -4.533395865857948667e-03 -5.604591750069625594e-02
7.223167344057009664e+00 -6.084911359945068682e-02 -4.927797472920898009e-03 -5.592131612652912614e-02
7.224278702136582631e+00 -6.097918875431973529e-02 -5.184255198987857902e-03 -5.579493355532876009e-02
7.225390060216155597e+00 -6.089243514643041116e-02 -5.207687761423527434e-03 -5.568474738500710230e-02
7.226501418295728563e+00 -6.059070893561994964e-02 -4.987830119976950638e-03 -5.560287881564366513e-02
7.227612776375302417e+00 -6.015406546912373947e-02 -4.602876264984090762e-03 -5.555118920413941452e-02
7.228724134454875383e+00 -5.971157319375766659e-02 -4.190960150792491859e-03 -5.552061304296566219e-02
7.229835492534448349e+00 -5.939434248779129621e-02 -3.899876192483843138e-03 -5.549446629530738195e-02
7.230946850614022203e+00 -5.928786320988432834e-02 -3.833340515104711674e-03 -5.545452269478239743e-02
7.232058208693595169e+00 -5.940097744773314981e-02 -4.013332513235182315e-03 -5.538764493449758325e-02
7.233169566773168135e+00 -5.966274808001826441e-02 -4.372190052804179189e-03 -5.529055802721502544e-02
7.234280924852741990e+00 -5.994833116807829487e-02 -4.777300835689319777e-03 -5.517103033238735660e-02
7.235392282932314956e+00 -6.012441587878861182e-02 -5.079379632196451624e-03 -5.504503624659135008e-02
7.236503641011887922e+00 -6.009769294219100000e-02 -5.166756232769645352e-03 -5.493093670942209017e-02
7.237614999091461776e+00 -5.984872972379827460e-02 -5.005932256476922429e-03 -5.484279746732236699e-02
7.238726357171034742e+00 -5.943895392472139938e-02 -4.653677351054172004e-03 -5.478527657366448478e-02
7.239837715250607708e+00 -5.898823647845531648e-02 -4.236297140627618904e-03 -5.475193933782851463e-02
7.240949073330180674e+00 -5.863125432258065733e-02 -3.903644050699908198e-03 -5.472761027187967448e-02
7.242060431409754528e+00 -5.846851849298201342e-02 -3.774616065278915689e-03 -5.469390242770146016e-02
7.243171789489327494e+00 -5.852987491992851787e-02 -3.893965406161849045e-03 -5.463590951376911392e-02
7.244283147568900461e+00 -5.876373205693966040e-02 -4.216106871817951879e-03 -5.454762518512134423e-02
7.245394505648474315e+00 -5.905590320981557451e-02 -4.621783881504106656e-03 -5.443411932830975047e-02
7.246505863728047281e+00 -5.927118207567472902e-02 -4.961499243443218132e-03 -5.430968283223026188e-02
7.247617221807620247e+00 -5.930251381319471410e-02 -5.109894129687668832e-03 -5.419261968350866376e-02
7.248728579887194101e+00 -5.910987938116193940e-02 -5.011295193691219126e-03 -5.409858418747152953e-02
7.249839937966767067e+00 -5.873476960592119434e-02 -4.699881093956499202e-03 -5.403488851196268372e-02
7.250951296046340033e+00 -5.828501407312042942e-02 -4.287163664598041615e-03 -5.399785040852286833e-02
7.252062654125913888e+00 -5.789551185934597999e-02 -3.921368849268490331e-03 -5.397414301007697618e-02
7.253174012205486854e+00 -5.767916494753491663e-02 -3.733513132497941374e-03 -5.394565181503769430e-02
7.254285370285059820e+00 -5.768586105169473677e-02 -3.789792423383930506e-03 -5.389606862831297640e-02
7.255396728364632786e+00 -5.788440718949243446e-02 -4.067585101900292321e-03 -5.381682208759332869e-02
7.256508086444206640e+00 -5.817395640506756171e-02 -4.463768341157341862e-03 -5.371018806390774614e-02
7.257619444523779606e+00 -5.842074195881146598e-02 -4.832290763540966066e-03 -5.358845119526907397e-02
7.258730802603352572e+00 -5.850673836192997468e-02 -5.037311977140695660e-03 -5.346942638479010995e-02
7.259842160682926426e+00 -5.837254762788710721e-02 -5.002574701075818142e-03 -5.336997292681256583e-02
7.260953518762499392e+00 -5.803892746124463681e-02 -4.739064904502738630e-03 -5.329986255674123985e-02
7.262064876842072358e+00 -5.759915881267697879e-02 -4.340927132509532493e-03 -5.325823168016752956e-02
7.263176234921646213e+00 -5.718505881419899683e-02 -3.951152986805363428e-03 -5.323390582739391530e-02
7.264287593001219179e+00 -5.691902220768820658e-02 -3.709547668757367297e-03 -5.320947453892778400e-02
7.265398951080792145e+00 -5.686953975444590526e-02 -3.701909034780404874e-03 -5.316763071966642412e-02
7.266510309160365999e+00 -5.702635933611907570e-02 -3.928893129361600567e-03 -5.309746620675321466e-02
7.267621667239938965e+00 -5.730429769260401290e-02 -4.305864225639503134e-03 -5.299843346696369445e-02
7.268733025319511931e+00 -5.757428623862038963e-02 -4.693751685248130287e-03 -5.288053455337185516e-02
7.269844383399084897e+00 -5.771033609378746487e-02 -4.949663842939393613e-03 -5.276067225084910689e-02
7.270955741478658751e+00 -5.763533289193872866e-02 -4.978838414208666685e-03 -5.265649447772816766e-02
7.272067099558231718e+00 -5.734901576785625399e-02 -4.769042174045097157e-03 -5.257997359381220981e-02
7.273178457637804684e+00 -5.692798910484973829e-02 -4.394932576868684597e-03 -5.253305652798094527e-02
7.274289815717378538e+00 -5.649779294187018408e-02 -3.990826863817248035e-03 -5.250696607805119959e-02
7.275401173796951504e+00 -5.618721486560930567e-02 -3.701810837708544716e-03 -5.248540402789941134e-02
7.276512531876524470e+00 -5.608147064207692767e-02 -3.630983516814382910e-03 -5.245048712526395596e-02
7.277623889956098324e+00 -5.619127414699218170e-02 -3.802020181926713850e-03 -5.238925396506267235e-02
7.278735248035671290e+00 -5.644902290517428423e-02 -4.150647682885137690e-03 -5.229837522229197760e-02
7.279846606115244256e+00 -5.673345664662100135e-02 -4.548101121630591590e-03 -5.218535552499175417e-02
7.280957964194818111e+00 -5.691379458133558750e-02 -4.848001458420691384e-03 -5.206579312291416406e-02
7.282069322274391077e+00 -5.689728604204419976e-02 -4.939588073495898568e-03 -5.195769796854699668e-02
7.283180680353964043e+00 -5.666288561246177191e-02 -4.787947698754376272e-03 -5.187493791370791085e-02
7.284292038433537009e+00 -5.626882634066840416e-02 -4.446628438827475438e-03 -5.182219790184110220e-02
7.285403396513110863e+00 -5.583136610554168683e-02 -4.038081734075337631e-03 -5.179328437146850372e-02
7.286514754592683829e+00 -5.548246401046676851e-02 -3.709075545666440897e-03 -5.177338846480430273e-02
7.287626112672256795e+00 -5.532179453599308377e-02 -3.577313560717875277e-03 -5.174448097527495349e-02
7.288737470751830649e+00 -5.538054894331344291e-02 -3.688675388233231787e-03 -5.169187355507981474e-02
7.289848828831403615e+00 -5.561016992105140277e-02 -4.000611573785449113e-03 -5.160955834726482783e-02
7.290960186910976581e+00 -5.590008786185143852e-02 -4.397702997082681906e-03 -5.150238486477208555e-02
7.292071544990550436e+00 -5.611798038108727071e-02 -4.733695087405370705e-03 -5.138428529368197634e-02
7.293182903070123402e+00 -5.615789616860316497e-02 -4.884698580414445490e-03 -5.127319758818857376e-02
7.294294261149696368e+00 -5.597874119328415804e-02 -4.794204869353905531e-03 -5.118453632393007990e-02
7.295405619229270222e+00 -5.561914739866512941e-02 -4.493559632441150066e-03 -5.112558776622360551e-02
7.296516977308843188e+00 -5.518334422193901800e-02 -4.090477082543846239e-03 -5.109286713939606428e-02
7.297628335388416154e+00 -5.480319982029668163e-02 -3.729803235556765784e-03 -5.107339658474278205e-02
7.298739693467989120e+00 -5.459025593668608706e-02 -3.540820761751031255e-03 -5.104943517493411992e-02
7.299851051547562975e+00 -5.459520297512174963e-02 -3.590265910355947346e-03 -5.100493706476526279e-02
7.300962409627135941e+00 -5.478951858981986889e-02 -3.858131719637412915e-03 -5.093138687018356620e-02
7.302073767706708907e+00 -5.507592065960022903e-02 -4.245030510430219256e-03 -5.083089014917121368e-02
7.303185125786282761e+00 -5.532380404230105575e-02 -4.608406669763880428e-03 -5.071539737253798891e-02
7.304296483865855727e+00 -5.541675270896453953e-02 -4.814405370695671108e-03 -5.060234733826959180e-02
7.305407841945428693e+00 -5.529484310758250865e-02 -4.786524922043112334e-03 -5.050831818554057939e-02
7.306519200025002547e+00 -5.497636653570472237e-02 -4.533369106351226203e-03 -5.044299742935635239e-02
7.307630558104575513e+00 -5.455109616254300020e-02 -4.145431961164250390e-03 -5.040566420137992942e-02
7.308741916184148479e+00 -5.414757662869147670e-02 -3.762115656313044613e-03 -5.038546097237885796e-02
7.309853274263721445e+00 -5.388635462895009776e-02 -3.521002270149569454e-03 -5.036535235880071348e-02
7.310964632343295300e+00 -5.383616679819239192e-02 -3.507839295592271589e-03 -5.032832750260204935e-02
7.312075990422868266e+00 -5.398900804798477393e-02 -3.725420298996619251e-03 -5.026358774898964654e-02
7.313187348502441232e+00 -5.426312322754569401e-02 -4.092654404533867599e-03 -5.017046882301149507e-02
7.314298706582015086e+00 -5.453280484093764313e-02 -4.474131926917925342e-03 -5.005867291401908808e-02
7.315410064661588052e+00 -5.467413637166532864e-02 -4.729406658979596820e-03 -4.994472971268719419e-02
7.316521422741161018e+00 -5.461003588520054602e-02 -4.764058628296478914e-03 -4.984597725690720349e-02
7.317632780820734872e+00 -5.433822665245360145e-02 -4.563972243991675296e-03 -4.977425440846317689e-02
7.318744138900307838e+00 -5.393198522372893294e-02 -4.200385614882211176e-03 -4.973159960884859093e-02
7.319855496979880805e+00 -5.351342395857641016e-02 -3.803905349044457620e-03 -4.970951860953277263e-02
7.320966855059454659e+00 -5.320904938839089715e-02 -3.516965216164261339e-03 -4.969208417222473195e-02
7.322078213139027625e+00 -5.310377042558735161e-02 -3.442033828888381268e-03 -4.966173659669823048e-02
7.323189571218600591e+00 -5.321007675572853729e-02 -3.604404185994814457e-03 -4.960567256973266725e-02
7.324300929298173557e+00 -5.346357541121082857e-02 -3.943077594173205122e-03 -4.952049781703837111e-02
7.325412287377747411e+00 -5.374648006726259059e-02 -4.333027289615726946e-03 -4.941345277764641608e-02
7.326523645457320377e+00 -5.393048468601061018e-02 -4.630716000484024278e-03 -4.929976868552496394e-02
7.327635003536893343e+00 -5.392341572854671139e-02 -4.726296297068843105e-03 -4.919711943147884320e-02
7.328746361616467198e+00 -5.370270014487657506e-02 -4.583510055700501344e-03 -4.911919008917502161e-02
7.329857719696040164e+00 -5.332349700202407283e-02 -4.252794595468329872e-03 -4.907070240655707349e-02
7.330969077775613130e+00 -5.289856364325256494e-02 -3.852858246143414482e-03 -4.904570539711151228e-02
7.332080435855186984e+00 -5.255720531114982386e-02 -3.527455522740830310e-03 -4.902974978841021653e-02
7.333191793934759950e+00 -5.239825286804514204e-02 -3.393101113244119740e-03 -4.900515175480224528e-02
7.334303152014332916e+00 -5.245416830102820477e-02 -3.496739925999332345e-03 -4.895742837503160722e-02
7.335414510093906770e+00 -5.267931446952459074e-02 -3.798751636205032617e-03 -4.888056283331967955e-02
7.336525868173479736e+00 -5.296662766922808491e-02 -4.187442427352170565e-03 -4.877918524187931787e-02
7.337637226253052702e+00 -5.318660220325013843e-02 -4.519723527933621962e-03 -4.866687867531944295e-02
7.338748584332625668e+00 -5.323439180475042498e-02 -4.673161627761976411e-03 -4.856123017698837918e-02
7.339859942412199523e+00 -5.306789713519622503e-02 -4.590467224898303958e-03 -4.847742991029936610e-02
7.340971300491772489e+00 -5.272300338419048243e-02 -4.300255335644407456e-03 -4.842274804854926340e-02
7.342082658571345455e+00 -5.230045293058089434e-02 -3.906555379675131535e-03 -4.839389755090470202e-02
7.343194016650919309e+00 -5.192915499655930550e-02 -3.550915602501544723e-03 -4.837823939406065560e-02
7.344305374730492275e+00 -5.171929474018459316e-02 -3.360906452101696234e-03 -4.835838828808306650e-02
7.345416732810065241e+00 -5.172229824894098577e-02 -3.403757799142767895e-03 -4.831854044979585344e-02
7.346528090889639095e+00 -5.191219970458517408e-02 -3.661979494399841481e-03 -4.825022021018646190e-02
7.347639448969212062e+00 -5.219516161732337678e-02 -4.039805825904669787e-03 -4.815535579142023875e-02
7.348750807048785028e+00 -5.244365777358854508e-02 -4.398089746118225354e-03 -4.804556802746905164e-02
7.349862165128358882e+00 -5.254286686112888405e-02 -4.604932538121882940e-03 -4.793793432300744867e-02
7.350973523207931848e+00 -5.243239899741612697e-02 -4.583627036444271052e-03 -4.784877196097163388e-02
7.352084881287504814e+00 -5.212819166330522752e-02 -4.340487841775776331e-03 -4.778770382152927598e-02
7.353196239367077780e+00 -5.171663622885332157e-02 -3.962471528798784670e-03 -4.775416470005588998e-02
7.354307597446651634e+00 -5.132309925890000263e-02 -3.585482621661727383e-03 -4.773761663723875143e-02
7.355418955526224600e+00 -5.106630849293910396e-02 -3.344917106552651453e-03 -4.772139138638915173e-02
7.356530313605797566e+00 -5.101519982906964346e-02 -3.326440902959058171e-03 -4.768875892610812545e-02
7.357641671685371421e+00 -5.116390966513331001e-02 -3.534897074872881718e-03 -4.762901259026067202e-02
7.358753029764944387e+00 -5.143398437766027315e-02 -3.892626916264532722e-03 -4.754135746139195179e-02
7.359864387844517353e+00 -5.170297531996771723e-02 -4.267785504471127700e-03 -4.743518981549828956e-02
7.360975745924091207e+00 -5.184899697674542202e-02 -4.522327527258422283e-03 -4.732666944948820537e-02
7.362087104003664173e+00 -5.179503391096832582e-02 -4.562198703905380112e-03 -4.723283520706370031e-02
7.363198462083237139e+00 -5.153689039151555101e-02 -4.371483954071918483e-03 -4.716540643744641936e-02
7.364309820162810993e+00 -5.114463957986446763e-02 -4.018114284019842948e-03 -4.712652529584557271e-02
7.365421178242383959e+00 -5.073707312092790023e-02 -3.629086435826224186e-03 -4.710798668510281229e-02
7.366532536321956925e+00 -5.043846733230281099e-02 -3.344234750810371522e-03 -4.709423258149144503e-02
7.367643894401529892e+00 -5.033340069481079954e-02 -3.265382701129498910e-03 -4.706801799368015571e-02
7.368755252481103746e+00 -5.043604932027732218e-02 -3.419364230283739384e-03 -4.701668508999726909e-02
7.369866610560676712e+00 -5.068510694704149444e-02 -3.748344146867393922e-03 -4.693676280017478747e-02
7.370977968640249678e+00 -5.096614942881038529e-02 -4.130928959968777070e-03 -4.683522046884095597e-02
7.372089326719823532e+00 -5.115328523140505457e-02 -4.426362457322230090e-03 -4.672692277408271866e-02
7.373200684799396498e+00 -5.115493115512247807e-02 -4.525715866849145883e-03 -4.662921528827340678e-02
7.374312042878969464e+00 -5.094706869689513001e-02 -4.391455849680344151e-03 -4.655561284721516924e-02
7.375423400958543318e+00 -5.058190481218508699e-02 -4.071017470470928400e-03 -4.651088734171456018e-02
7.376534759038116285e+00 -5.016881433978992444e-02 -3.679474013797787418e-03 -4.648934032599327110e-02
7.377646117117689251e+00 -4.983452069944139390e-02 -3.357635001950702060e-03 -4.647688569749085230e-02
7.378757475197263105e+00 -4.967701148862724292e-02 -3.220830236250625013e-03 -4.645618125237750001e-02
7.379868833276836071e+00 -4.972994799260505028e-02 -3.317008323001050148e-03 -4.641293966960581552e-02
7.380980191356409037e+00 -4.995049546658979212e-02 -3.609373197074291703e-03 -4.634112226951374314e-02
7.382091549435982003e+00 -5.023497374785427377e-02 -3.989846277153468596e-03 -4.624512747070138458e-02
7.383202907515555857e+00 -5.045661000204614693e-02 -4.318429191927725813e-03 -4.613818081012002748e-02
7.384314265595128823e+00 -5.051164683920902898e-02 -4.474131063116172993e-03 -4.603751577609332957e-02
7.385425623674701789e+00 -5.035703599986795370e-02 -4.398934564659098302e-03 -4.595810143521107671e-02
7.386536981754275644e+00 -5.002602402952137373e-02 -4.118824296122602230e-03 -4.590719973339501409e-02
7.387648339833848610e+00 -4.961598723683589146e-02 -3.734255852831830456e-03 -4.588173138400483686e-02
7.388759697913421576e+00 -4.925296696656900758e-02 -3.383561190549683878e-03 -4.586940577601820307e-02
7.389871055992995430e+00 -4.904582144355479345e-02 -3.192621133059040002e-03 -4.585320031049592432e-02
7.390982414072568396e+00 -4.904667159276977079e-02 -3.229114934778461177e-03 -4.581755665799193411e-02
7.392093772152141362e+00 -4.923201295560198504e-02 -3.477974474637138616e-03 -4.575403848096468162e-02
7.393205130231714328e+00 -4.951133841256921686e-02 -3.846945209501712037e-03 -4.566439320307322247e-02
7.394316488311288182e+00 -4.976010864746136658e-02 -4.200202033115421965e-03 -4.555990661434630024e-02
7.395427846390861149e+00 -4.986505972760640892e-02 -4.407771129627325798e-03 -4.545728859797942834e-02
7.396539204470434115e+00 -4.976536486810469173e-02 -4.392775069355703277e-03 -4.537258979875193055e-02
7.397650562550007969e+00 -4.947469161702122697e-02 -4.159327765012129155e-03 -4.531536385200994610e-02
7.398761920629580935e+00 -4.907615607495116605e-02 -3.790957708947858065e-03 -4.528519836600414933e-02
7.399873278709153901e+00 -4.869203647102771787e-02 -3.420162238544246017e-03 -4.527187423248497933e-02
7.400984636788727755e+00 -4.843928194054484410e-02 -3.180190059176165110e-03 -4.525909188136816030e-02
7.402095994868300721e+00 -4.838700461938071767e-02 -3.156598897069338994e-03 -4.523040572231191297e-02
7.403207352947873687e+00 -4.853140544021949249e-02 -3.356199340896262422e-03 -4.517520609932358655e-02
7.404318711027447542e+00 -4.879723054164366441e-02 -3.704657694106798169e-03 -4.509257284753377670e-02
7.405430069107020508e+00 -4.906520140723131390e-02 -4.073600630667405589e-03 -4.499160077656335494e-02
7.406541427186593474e+00 -4.921542047912514511e-02 -4.327338457705590460e-03 -4.488808202141859882e-02
7.407652785266166440e+00 -4.917095694077781159e-02 -4.372201486745583114e-03 -4.479875545403316783e-02
7.408764143345740294e+00 -4.892576819032580515e-02 -4.190551033343663592e-03 -4.473521715698221962e-02
7.409875501425313260e+00 -4.854682318398168689e-02 -3.847115913658750996e-03 -4.469970727032227670e-02
7.410986859504886226e+00 -4.814968241445859165e-02 -3.465378489870642176e-03 -4.468430392458776212e-02
7.412098217584460080e+00 -4.785643909061168544e-02 -3.182624842324325090e-03 -4.467381424828738290e-02
7.413209575664033046e+00 -4.775132894208031220e-02 -3.100021542930544386e-03 -4.465130739915060265e-02
7.414320933743606012e+00 -4.785014777577226847e-02 -3.245873214378500876e-03 -4.460427456139409719e-02
7.415432291823179867e+00 -4.809457987163937021e-02 -3.565405178943897684e-03 -4.452917469269852824e-02
7.416543649902752833e+00 -4.837347327108913742e-02 -3.940759194896052697e-03 -4.443271407619403535e-02
7.417655007982325799e+00 -4.856330018446512742e-02 -4.233902867151442123e-03 -4.432939731731173200e-02
7.418766366061899653e+00 -4.857307456654010730e-02 -4.336830493003582254e-03 -4.423624407353670546e-02
7.419877724141472619e+00 -4.837739382136536925e-02 -4.210797928901041653e-03 -4.416659589246548639e-02
7.420989082221045585e+00 -4.802560553215010769e-02 -3.900338839677175602e-03 -4.412526669247247846e-02
7.422100440300618551e+00 -4.762379150960594637e-02 -3.516991929766158723e-03 -4.410679957984081634e-02
7.423211798380192405e+00 -4.729614630614722287e-02 -3.198685144101866013e-03 -4.409746116204291133e-02
7.424323156459765372e+00 -4.713981110771266886e-02 -3.059566639070254290e-03 -4.408024446864454438e-02
7.425434514539338338e+00 -4.718958855392475088e-02 -3.148530617246418986e-03 -4.404105793667977692e-02
7.426545872618912192e+00 -4.740535522506164612e-02 -3.431507016733989501e-03 -4.397384820832852398e-02
7.427657230698485158e+00 -4.768672428886466808e-02 -3.803929888840082429e-03 -4.388279440002579301e-02
7.428768588778058124e+00 -4.790960012772712412e-02 -4.128821681718745223e-03 -4.378077844601346164e-02
7.429879946857631978e+00 -4.797131408274256381e-02 -4.286622707961811052e-03 -4.368469137478273728e-02
7.430991304937204944e+00 -4.782792470754175518e-02 -4.218638979723976674e-03 -4.360928572781899715e-02
7.432102663016777910e+00 -4.751013114039932816e-02 -3.948319591961396181e-03 -4.356181154843709324e-02
7.433214021096351765e+00 -4.711203669107707354e-02 -3.572650425915114940e-03 -4.353938626516230814e-02
7.434325379175924731e+00 -4.675687516260861043e-02 -3.226822591539690345e-03 -4.353005257106890707e-02
7.435436737255497697e+00 -4.655218273843254179e-02 -3.035046671023872329e-03 -4.351713606740750112e-02
7.436548095335070663e+00 -4.655072222804171322e-02 -3.065407652731929299e-03 -4.348531457531087246e-02
7.437659453414644517e+00 -4.673135864092041458e-02 -3.305168721655798308e-03 -4.342618991926346789e-02
7.438770811494217483e+00 -4.700681778555760443e-02 -3.665481769586607930e-03 -4.334133601597140589e-02
7.439882169573790449e+00 -4.725547994454920575e-02 -4.013762998200939153e-03 -4.324171694634795782e-02
7.440993527653364303e+00 -4.736562633176737841e-02 -4.221936262376296822e-03 -4.314369006939018647e-02
7.442104885732937269e+00 -4.727604105900942710e-02 -4.212989890889702604e-03 -4.306305116811810080e-02
7.443216243812510236e+00 -4.699821265781839452e-02 -3.988923230048731054e-03 -4.300928942777114405e-02
7.444327601892084090e+00 -4.661208326505726640e-02 -3.629941561839426789e-03 -4.298214170321729144e-02
7.445438959971657056e+00 -4.623691779994349577e-02 -3.265220543050690889e-03 -4.297169725689185815e-02
7.446550318051230022e+00 -4.598790826917378838e-02 -3.025896705686513706e-03 -4.296201156348666145e-02
7.447661676130803876e+00 -4.593430305820195292e-02 -2.997391603369626255e-03 -4.293691145483105598e-02
7.448773034210376842e+00 -4.607428056139392658e-02 -3.188402516540254916e-03 -4.288587804485372024e-02
7.449884392289949808e+00 -4.633568400978923391e-02 -3.527816463346138826e-03 -4.280786754644033687e-02
7.450995750369522774e+00 -4.660232393641412785e-02 -3.890641800965034119e-03 -4.271168213544881270e-02
7.452107108449096629e+00 -4.675626062545063660e-02 -4.143501463308971872e-03 -4.261275916213913550e-02
7.453218466528669595e+00 -4.672067961383561535e-02 -4.193129722938370059e-03 -4.252754989089737453e-02
7.454329824608242561e+00 -4.648777344054006583e-02 -4.020238809337719002e-03 -4.246753463120597760e-02
7.455441182687816415e+00 -4.612150931195501541e-02 -3.686457831607679175e-03 -4.243505148034774910e-02
7.456552540767389381e+00 -4.573430220693469606e-02 -3.311847987668842253e-03 -4.242245421926539584e-02
7.457663898846962347e+00 -4.544609989901863406e-02 -3.031197312535459116e-03 -4.241490258648075717e-02
7.458775256926536201e+00 -4.534077135796558272e-02 -2.945004686249536995e-03 -4.239576667171504609e-02
7.459886615006109167e+00 -4.543565509059679236e-02 -3.082977813449523652e-03 -4.235267727714499275e-02
7.460997973085682133e+00 -4.567532388276272087e-02 -3.393302925781111444e-03 -4.228202095698207347e-02
7.462109331165255099e+00 -4.595180792968530520e-02 -3.761561735206635226e-03 -4.219024619448073776e-02
7.463220689244828954e+00 -4.614389783024541725e-02 -4.052389267533193506e-03 -4.209150856271152985e-02
7.464332047324401920e+00 -4.616122047209224311e-02 -4.158705704980303688e-03 -4.200251476711141380e-02
7.465443405403974886e+00 -4.597706034184678020e-02 -4.040616823124388440e-03 -4.193644351872213849e-02
7.466554763483548740e+00 -4.563800640512738482e-02 -3.739851170252830696e-03 -4.189815523487355753e-02
7.467666121563121706e+00 -4.524694126464021832e-02 -3.364509520947470828e-03 -4.188243174369284810e-02
7.468777479642694672e+00 -4.492558354804657844e-02 -3.049700080630374146e-03 -4.187588346741376311e-02
7.469888837722268526e+00 -4.477022103550810928e-02 -2.908394023323870523e-03 -4.186182701218290475e-02
7.471000195801841492e+00 -4.481673350046258553e-02 -2.990377179372960721e-03 -4.182635632109184265e-02
7.472111553881414459e+00 -4.502761085030662636e-02 -3.264212797102114191e-03 -4.176339805320440635e-02
7.473222911960988313e+00 -4.530566343835470966e-02 -3.628750085256617769e-03 -4.167691335309964967e-02
7.474334270040561279e+00 -4.552941341758785787e-02 -3.949965619222320715e-03 -4.157944779836484500e-02
7.475445628120134245e+00 -4.559727952078843072e-02 -4.109719213698920931e-03 -4.148756030708578013e-02
7.476556986199707211e+00 -4.546448411244920218e-02 -4.048687612050052599e-03 -4.141579650040132232e-02
7.477668344279281065e+00 -4.515927329001680202e-02 -3.787873394865439586e-03 -4.137139989515297572e-02
7.478779702358854031e+00 -4.477257461154626056e-02 -3.420890694993691285e-03 -4.135168391655139747e-02
7.479891060438426997e+00 -4.442487904413618821e-02 -3.079860901223950738e-03 -4.134501814291217242e-02
7.481002418518000852e+00 -4.422240943533233687e-02 -2.887342700305584563e-03 -4.133506673502804207e-02
7.482113776597573818e+00 -4.421852019576601178e-02 -2.911785757977806022e-03 -4.130673443778752618e-02
7.483225134677146784e+00 -4.439435506264294284e-02 -3.142699181268786973e-03 -4.125165588137433281e-02
7.484336492756720638e+00 -4.466577483064793769e-02 -3.494542817253561487e-03 -4.117123201339600164e-02
7.485447850836293604e+00 -4.491401006769327187e-02 -3.837898569824775216e-03 -4.107611149786866839e-02
7.486559208915866570e+00 -4.502887179413788549e-02 -4.046562815090143025e-03 -4.098230897904836523e-02
7.487670566995440424e+00 -4.494879927064035496e-02 -4.043424090719069733e-03 -4.090537517992196698e-02
7.488781925075013390e+00 -4.468318972110035120e-02 -3.828448623554079819e-03 -4.085474109754563821e-02
7.489893283154586356e+00 -4.430891048003633703e-02 -3.478617199879071448e-03 -4.083029328015470860e-02
7.491004641234159322e+00 -4.394228756338090791e-02 -3.119863777625740339e-03 -4.082242378575238334e-02
7.492115999313733177e+00 -4.369677827918738711e-02 -2.881244820956726030e-03 -4.081553345822751949e-02
7.493227357393306143e+00 -4.364172939643320981e-02 -2.848018268950616889e-03 -4.079371112748411687e-02
7.494338715472879109e+00 -4.377721221554175396e-02 -3.030691132030429412e-03 -4.074652108350761137e-02
7.495450073552452963e+00 -4.403406640700971431e-02 -3.361272716817653196e-03 -4.067279369018939744e-02
7.496561431632025929e+00 -4.429911125758632245e-02 -3.718069015716182757e-03 -4.058104224186905029e-02
7.497672789711598895e+00 -4.445633402790433869e-02 -3.969976489760652233e-03 -4.048635753814221888e-02
7.498784147791172749e+00 -4.442906631458060779e-02 -4.024153395455399261e-03 -4.040491291912439581e-02
7.499895505870745716e+00 -4.420781525276373108e-02 -3.859734659510541746e-03 -4.034808059325245555e-02
7.501006863950318682e+00 -4.385364667411160294e-02 -3.535347040227612356e-03 -4.031829963388387089e-02
7.502118222029892536e+00 -4.347591498484858208e-02 -3.167718042484553992e-03 -4.030819694236453116e-02
7.503229580109465502e+00 -4.319246135741872106e-02 -2.889183433937582077e-03 -4.030327792348126215e-02
7.504340938189038468e+00 -4.308676685340601803e-02 -2.799561901797933960e-03 -4.028720495160775794e-02
7.505452296268611434e+00 -4.317763947153915177e-02 -2.929898102859442542e-03 -4.024774136867740465e-02
7.506563654348185288e+00 -4.341244203192904522e-02 -3.231243585928755997e-03 -4.018119844599968293e-02
7.507675012427758254e+00 -4.368629903892787963e-02 -3.592529818087353624e-03 -4.009376922083948691e-02
7.508786370507331220e+00 -4.388027419455698547e-02 -3.881007289864551318e-03 -3.999926690469485235e-02
7.509897728586905075e+00 -4.390462096392791502e-02 -3.990527236597461030e-03 -3.991409372733084604e-02
7.511009086666478041e+00 -4.373137838904042618e-02 -3.880105713940288845e-03 -3.985127267509736004e-02
7.512120444746051007e+00 -4.340447343213017783e-02 -3.588759680655782131e-03 -3.981571375147382325e-02
7.513231802825624861e+00 -4.302367998888028539e-02 -3.221244597682418158e-03 -3.980243539119620449e-02
7.514343160905197827e+00 -4.270829216199657080e-02 -2.909906919941522563e-03 -3.979838524205581846e-02
7.515454518984770793e+00 -4.255373789476921131e-02 -2.766543104420546642e-03 -3.978719479035015827e-02
7.516565877064344647e+00 -4.259691215747758025e-02 -2.841776340474269288e-03 -3.975513581700128307e-02
7.517677235143917613e+00 -4.280282325272031368e-02 -3.106712125553061192e-03 -3.969611112716520118e-02
7.518788593223490579e+00 -4.307738529085166496e-02 -3.463520071634111283e-03 -3.961386521921666376e-02
7.519899951303063546e+00 -4.330168021161952957e-02 -3.781066842597794950e-03 -3.952061336902479294e-02
7.521011309382637400e+00 -4.337521266162390476e-02 -3.942621648716481894e-03 -3.943259101290683133e-02
7.522122667462210366e+00 -4.325242439615469697e-02 -3.888279404441937967e-03 -3.936414499171440873e-02
7.523234025541783332e+00 -4.295920097371141999e-02 -3.636683887822352891e-03 -3.932251708588785366e-02
7.524345383621357186e+00 -4.258339013299332343e-02 -3.278173620417431516e-03 -3.930521651257516680e-02
7.525456741700930152e+00 -4.224280468040390868e-02 -2.941869998494551965e-03 -3.930093468190801881e-02
7.526568099780503118e+00 -4.204236423224148173e-02 -2.748697963110790371e-03 -3.929366626913016747e-02
7.527679457860076973e+00 -4.203596681282842362e-02 -2.767432028391762690e-03 -3.926853478443448342e-02
7.528790815939649939e+00 -4.220694630088404203e-02 -2.989744056347596636e-03 -3.921720224453483644e-02
7.529902174019222905e+00 -4.247420140435426844e-02 -3.333305649683243783e-03 -3.914089575467086940e-02
7.531013532098796759e+00 -4.272174247375616629e-02 -3.671790101060872641e-03 -3.904995237269565100e-02
7.532124890178369725e+00 -4.284089169706207373e-02 -3.880840721782585073e-03 -3.896005097527913824e-02
7.533236248257942691e+00 -4.276978312175922642e-02 -3.883278443156310683e-03 -3.888650467860343962e-02
7.534347606337515657e+00 -4.251580586395099781e-02 -3.677114353495998522e-03 -3.883869151045485357e-02
7.535458964417089511e+00 -4.215284880654576738e-02 -3.336199956806298883e-03 -3.881664884973808072e-02
7.536570322496662477e+00 -4.179437355418236244e-02 -2.983305248142692923e-03 -3.881106830603756053e-02
7.537681680576235443e+00 -4.155212847271362586e-02 -2.745438676434622510e-03 -3.880668979627561327e-02
7.538793038655809298e+00 -4.149552671174334961e-02 -2.707669469855221792e-03 -3.878785724188771322e-02
7.539904396735382264e+00 -4.162645474813374963e-02 -2.882241519802867212e-03 -3.874421322833037501e-02
7.541015754814955230e+00 -4.187865386003197105e-02 -3.204192587039783775e-03 -3.867446127299099812e-02
7.542127112894529084e+00 -4.214187489141350135e-02 -3.555045816907513589e-03 -3.858682907450612654e-02
7.543238470974102050e+00 -4.230200070115042177e-02 -3.805933442098693650e-03 -3.849606725905271171e-02
7.544349829053675016e+00 -4.228253476845791198e-02 -3.864456390428521598e-03 -3.841807837802888037e-02
7.545461187133247982e+00 -4.207237233392038811e-02 -3.708240512662698551e-03 -3.836413182125676669e-02
7.546572545212821836e+00 -4.172977214641816757e-02 -3.393003009482832392e-03 -3.833676913693385979e-02
7.547683903292394803e+00 -4.136110865919696844e-02 -3.032221151186668094e-03 -3.832888750800939742e-02
7.548795261371967769e+00 -4.108215393654324893e-02 -2.755822092067784605e-03 -3.832633184447692409e-02
7.549906619451541623e+00 -4.097598176315434687e-02 -2.662932242766939163e-03 -3.831304952038463302e-02
7.551017977531114589e+00 -4.106280035113937799e-02 -2.785869769909183127e-03 -3.827693058123089742e-02
7.552129335610687555e+00 -4.129266845464864277e-02 -3.078459814457061225e-03 -3.821420864018978264e-02
7.553240693690261409e+00 -4.156372005002680753e-02 -3.432896938182126989e-03 -3.813082311184744222e-02
7.554352051769834375e+00 -4.175924705848801238e-02 -3.718996971564539344e-03 -3.804025008692258486e-02
7.555463409849407341e+00 -4.179014076572004632e-02 -3.831546767836153944e-03 -3.795859399788349686e-02
7.556574767928981196e+00 -4.162725795955420083e-02 -3.728530171160305412e-03 -3.789872778839133843e-02
7.557686126008554162e+00 -4.131195577904309135e-02 -3.446342033273997948e-03 -3.786561374576626754e-02
7.558797484088127128e+00 -4.094098722027651044e-02 -3.086481426697637587e-03 -3.785450579357717282e-02
7.559908842167700094e+00 -4.063127364828061916e-02 -2.778589172120189774e-03 -3.785268447616006032e-02
7.561020200247273948e+00 -4.047738046548830099e-02 -2.633290076186518402e-03 -3.784409038930078989e-02
7.562131558326846914e+00 -4.051716197958083604e-02 -2.701993789509978851e-03 -3.781516819006485591e-02
7.563242916406419880e+00 -4.071805643765265270e-02 -2.958261892384485975e-03 -3.775979454527000206e-02
7.564354274485993734e+00 -4.098899290809050744e-02 -3.307494414812889999e-03 -3.768149849327629558e-02
7.565465632565566700e+00 -4.121355613289633818e-02 -3.621387035351086858e-03 -3.759216909754634073e-02
7.566576990645139666e+00 -4.129233191523706131e-02 -3.784608299086222871e-03 -3.750772361615069272e-02
7.567688348724713521e+00 -4.117903018153949712e-02 -3.736715703784211293e-03 -3.744231447775387550e-02
7.568799706804286487e+00 -4.089726010524690619e-02 -3.494076724663943041e-03 -3.740318338058443159e-02
7.569911064883859453e+00 -4.053187820581113238e-02 -3.143844650398446711e-03 -3.738803355541396589e-02
7.571022422963433307e+00 -4.019807980703608841e-02 -2.812206149451441060e-03 -3.738587365758536812e-02
7.572133781043006273e+00 -3.999949203299670020e-02 -2.618468813045319102e-03 -3.738102321994885013e-02
7.573245139122579239e+00 -3.999051364083187898e-02 -2.631693656366572258e-03 -3.735881998446261010e-02
7.574356497202152205e+00 -4.015658806306987572e-02 -2.845636304843939500e-03 -3.731095175822721904e-02
7.575467855281726060e+00 -4.041956325782346260e-02 -3.181089378970335807e-03 -3.723847387885322047e-02
7.576579213361299026e+00 -4.066616510795139500e-02 -3.514748214417691766e-03 -3.715141689353232413e-02
7.577690571440871992e+00 -4.078921061178274188e-02 -3.724080393399767028e-03 -3.706513021837938571e-02
7.578801929520445846e+00 -4.072656606732582424e-02 -3.731871498975395177e-03 -3.699469456834875852e-02
7.579913287600018812e+00 -4.048369002388890747e-02 -3.534252871266222243e-03 -3.694943715262045958e-02
7.581024645679591778e+00 -4.013158217367913949e-02 -3.202037756045659697e-03 -3.692954441763248580e-02
7.582136003759165632e+00 -3.978090809526108051e-02 -2.854905671691172330e-03 -3.692600242357189921e-02
7.583247361838738598e+00 -3.954172978220506923e-02 -2.617846243043446541e-03 -3.692388353916244842e-02
7.584358719918311564e+00 -3.948349530938409513e-02 -2.575714271161129356e-03 -3.690778103822375811e-02
7.585470077997885419e+00 -3.960983233404943848e-02 -2.742419284254717267e-03 -3.686741304979465617e-02
7.586581436077458385e+00 -3.985729415546834103e-02 -3.055936651741330591e-03 -3.680135750372876685e-02
7.587692794157031351e+00 -4.011849056897467264e-02 -3.400929247014289683e-03 -3.671756132196099531e-02
7.588804152236604317e+00 -4.028117072756994682e-02 -3.650729162626244195e-03 -3.663044156494463938e-02
7.589915510316178171e+00 -4.026903449769027310e-02 -3.713398559472455909e-03 -3.655563593821829771e-02
7.591026868395751137e+00 -4.006943444779127728e-02 -3.565120384962619689e-03 -3.650431406283258934e-02
7.592138226475324103e+00 -3.973791086585118371e-02 -3.258791921922478928e-03 -3.647911894392562304e-02
7.593249584554897957e+00 -3.937793399193541960e-02 -2.904720697564918980e-03 -3.647321329436841592e-02
7.594360942634470923e+00 -3.910324217847896411e-02 -2.630467395762450637e-03 -3.647277478271471890e-02
7.595472300714043890e+00 -3.899648432486912258e-02 -2.534454760630134185e-03 -3.646202956423814923e-02
7.596583658793617744e+00 -3.907920495873953848e-02 -2.650213880566586015e-03 -3.642899107817729187e-02
7.597695016873190710e+00 -3.930407215092948658e-02 -2.934255921013901626e-03 -3.636981622991612012e-02
7.598806374952763676e+00 -3.957215179138885708e-02 -3.281955971956474968e-03 -3.629019581943180445e-02
7.599917733032337530e+00 -3.976892388014564156e-02 -3.565647715743271856e-03 -3.620327616440238011e-02
7.601029091111910496e+00 -3.980592939000990316e-02 -3.681058441814041154e-03 -3.612487094819679528e-02
7.602140449191483462e+00 -3.965290225008726716e-02 -3.585195043691643407e-03 -3.606770720639500966e-02
7.603251807271056428e+00 -3.934871482382860247e-02 -3.311915728915879389e-03 -3.603679909491323136e-02
7.604363165350630283e+00 -3.898717866102816010e-02 -2.959547636157146798e-03 -3.602763102487187979e-02
7.605474523430203249e+00 -3.868288706891446355e-02 -2.655078609557615273e-03 -3.602780845935573545e-02
7.606585881509776215e+00 -3.852953637677999921e-02 -2.507963507768589968e-03 -3.602157286901058741e-02
7.607697239589350069e+00 -3.856588479310870538e-02 -2.570348623173296029e-03 -3.599553616993321492e-02
7.608808597668923035e+00 -3.876171638744016490e-02 -2.818168480523831031e-03 -3.594354790691496604e-02
7.609919955748496001e+00 -3.902889311927609794e-02 -3.159967386255572303e-03 -3.586892573301941195e-02
7.611031313828069855e+00 -3.925345256430445157e-02 -3.470212262140169243e-03 -3.578324030216312873e-02
7.612142671907642821e+00 -3.933706217985016851e-02 -3.634962592872149206e-03 -3.570209958697961872e-02
7.613254029987215787e+00 -3.923275100742413396e-02 -3.593282448260698252e-03 -3.563946855916230033e-02
7.614365388066789642e+00 -3.896193480451883712e-02 -3.359343311679268210e-03 -3.560259149283718366e-02
7.615476746146362608e+00 -3.860656374056519596e-02 -3.017200613274696047e-03 -3.558936312728937928e-02
7.616588104225935574e+00 -3.827927156151271493e-02 -2.690168939661773898e-03 -3.558910262185072809e-02
7.617699462305508540e+00 -3.808239947724353230e-02 -2.495953699864253330e-03 -3.558644577737735126e-02
7.618810820385082394e+00 -3.807080178282743615e-02 -2.503864648361550389e-03 -3.556693713446711091e-02
7.619922178464655360e+00 -3.823195086956673872e-02 -2.709664293360582871e-03 -3.552228657620402213e-02
7.621033536544228326e+00 -3.849055719114615609e-02 -3.037178288302308862e-03 -3.545337890284228077e-02
7.622144894623802180e+00 -3.873600072995163346e-02 -3.366056930072825262e-03 -3.536994379988017689e-02
7.623256252703375146e+00 -3.886257946186624790e-02 -3.575570246415280679e-03 -3.528700921544903474e-02
7.624367610782948113e+00 -3.880793068772896842e-02 -3.588499758502432940e-03 -3.521943092922719815e-02
7.625478968862521967e+00 -3.857565961322640541e-02 -3.399169985724249249e-03 -3.517648962750176411e-02
