# Energy_eV  Avg_Energy3_Intensity  Avg_dcf1_Energy3_Intensity  Avg_dcf2_Energy3_Intensity
2.566808  -4.2281819034e-02  7.2689717934e-02  -1.1497153697e-01
2.567920  -4.2163036305e-02  7.2817655843e-02  -1.1498069215e-01
2.569031  -4.2068538410e-02  7.3020285467e-02  -1.1508882388e-01
2.570142  -4.2005575224e-02  7.3295975245e-02  -1.1530155047e-01
2.571254  -4.1980512560e-02  7.3640945448e-02  -1.1562145801e-01
2.572365  -4.1998641390e-02  7.4049371158e-02  -1.1604801255e-01
2.573477  -4.2064017972e-02  7.4513545788e-02  -1.1657756376e-01
2.574588  -4.2179339724e-02  7.5024100552e-02  -1.1720344028e-01
2.575699  -4.2345860628e-02  7.5570273644e-02  -1.1791613427e-01
2.576811  -4.2563348807e-02  7.6140221410e-02  -1.1870357022e-01
2.577922  -4.2830087700e-02  7.6721362513e-02  -1.1955145021e-01
2.579033  -4.3142920947e-02  7.7300745095e-02  -1.2044366604e-01
2.580145  -4.3497339860e-02  7.7865426237e-02  -1.2136276610e-01
2.581256  -4.3887611035e-02  7.8402852588e-02  -1.2229046362e-01
2.582367  -4.4306940535e-02  7.8901230989e-02  -1.2320817152e-01
2.583479  -4.4747669922e-02  7.9349878156e-02  -1.2409754808e-01
2.584590  -4.5201498515e-02  7.9739539043e-02  -1.2494103756e-01
2.585701  -4.5659725405e-02  8.0062664423e-02  -1.2572238983e-01
2.586813  -4.6113504198e-02  8.0313639360e-02  -1.2642714356e-01
2.587924  -4.6554103014e-02  8.0488955668e-02  -1.2704305868e-01
2.589036  -4.6973162131e-02  8.0587323075e-02  -1.2756048521e-01
2.590147  -4.7362941647e-02  8.0609715589e-02  -1.2797265724e-01
2.591258  -4.7716551860e-02  8.0559351457e-02  -1.2827590332e-01
2.592370  -4.8028159488e-02  8.0441607056e-02  -1.2846976654e-01
2.593481  -4.8293163585e-02  8.0263866993e-02  -1.2855703058e-01
2.594592  -4.8508335842e-02  8.0035314588e-02  -1.2854365043e-01
2.595704  -4.8671921009e-02  7.9766668664e-02  -1.2843858967e-01
2.596815  -4.8783694328e-02  7.9469874194e-02  -1.2825356852e-01
2.597926  -4.8844974118e-02  7.9157755712e-02  -1.2800272983e-01
2.599038  -4.8858588972e-02  7.8843643550e-02  -1.2770223252e-01
2.600149  -4.8828800352e-02  7.8540983789e-02  -1.2736978414e-01
2.601260  -4.8761182689e-02  7.8262943319e-02  -1.2702412601e-01
2.602372  -4.8662464370e-02  7.8022021620e-02  -1.2668448599e-01
2.603483  -4.8540334116e-02  7.7829680691e-02  -1.2637001481e-01
2.604595  -4.8403218348e-02  7.7696004094e-02  -1.2609922244e-01
2.605706  -4.8260035967e-02  7.7629395232e-02  -1.2588943120e-01
2.606817  -4.8119937685e-02  7.7636323889e-02  -1.2575626157e-01
2.607929  -4.7992037535e-02  7.7721128678e-02  -1.2571316621e-01
2.609040  -4.7885144419e-02  7.7885881397e-02  -1.2577102582e-01
2.610151  -4.7807501609e-02  7.8130317540e-02  -1.2593781915e-01
2.611263  -4.7766541908e-02  7.8451835236e-02  -1.2621837714e-01
2.612374  -4.7768665723e-02  7.8845562916e-02  -1.2661422864e-01
2.613485  -4.7819048700e-02  7.9304493981e-02  -1.2712354268e-01
2.614597  -4.7921484667e-02  7.9819684759e-02  -1.2774116943e-01
2.615708  -4.8078268680e-02  8.0380510168e-02  -1.2845877885e-01
2.616820  -4.8290123742e-02  8.0974969794e-02  -1.2926509354e-01
2.617931  -4.8556173536e-02  8.1590035564e-02  -1.3014620910e-01
2.619042  -4.8873962150e-02  8.2212030958e-02  -1.3108599311e-01
2.620154  -4.9239520392e-02  8.2827030714e-02  -1.3206655111e-01
2.621265  -4.9647476915e-02  8.3421269369e-02  -1.3306874628e-01
2.622376  -5.0091211074e-02  8.3981546642e-02  -1.3407275772e-01
2.623488  -5.0563043138e-02  8.4495617727e-02  -1.3505866087e-01
2.624599  -5.1054456439e-02  8.4952556974e-02  -1.3600701341e-01
2.625710  -5.1556345010e-02  8.5343084146e-02  -1.3689942916e-01
2.626822  -5.2059279527e-02  8.5659843532e-02  -1.3771912306e-01
2.627933  -5.2553783802e-02  8.5897627527e-02  -1.3845141133e-01
2.629044  -5.3030613711e-02  8.6053537882e-02  -1.3908415159e-01
2.630156  -5.3481030362e-02  8.6127079669e-02  -1.3960811003e-01
2.631267  -5.3897059436e-02  8.6120184926e-02  -1.4001724436e-01
2.632379  -5.4271729008e-02  8.6037165023e-02  -1.4030889403e-01
2.633490  -5.4599278762e-02  8.5884592900e-02  -1.4048387166e-01
2.634601  -5.4875334333e-02  8.5671118338e-02  -1.4054645267e-01
2.635713  -5.5097041502e-02  8.5407221483e-02  -1.4050426298e-01
2.636824  -5.5263156147e-02  8.5104911609e-02  -1.4036806776e-01
2.637935  -5.5374087120e-02  8.4777379780e-02  -1.4015146690e-01
2.639047  -5.5431890620e-02  8.4438615456e-02  -1.3987050608e-01
2.640158  -5.5440216022e-02  8.4102998170e-02  -1.3954321419e-01
2.641269  -5.5404204597e-02  8.3784876199e-02  -1.3918908080e-01
2.642381  -5.5330343905e-02  8.3498144560e-02  -1.3882848847e-01
2.643492  -5.5226281978e-02  8.3255834745e-02  -1.3848211672e-01
2.644603  -5.5100606628e-02  8.3069728298e-02  -1.3817033493e-01
2.645715  -5.4962596229e-02  8.2950005685e-02  -1.3791260191e-01
2.646826  -5.4821949206e-02  8.2904940926e-02  -1.3772689013e-01
2.647938  -5.4688500124e-02  8.2940651124e-02  -1.3762915125e-01
2.649049  -5.4571930672e-02  8.3060908479e-02  -1.3763283915e-01
2.650160  -5.4481484045e-02  8.3267020534e-02  -1.3774850458e-01
2.651272  -5.4425691145e-02  8.3557782452e-02  -1.3798347360e-01
2.652383  -5.4412116706e-02  8.3929502979e-02  -1.3834161968e-01
2.653494  -5.4447132899e-02  8.4376103614e-02  -1.3882323651e-01
2.654606  -5.4535727186e-02  8.4889288358e-02  -1.3942501554e-01
2.655717  -5.4681350221e-02  8.5458779291e-02  -1.4014012951e-01
2.656828  -5.4885808415e-02  8.6072611324e-02  -1.4095841974e-01
2.657940  -5.5149204518e-02  8.6717477666e-02  -1.4186668218e-01
2.659051  -5.5469928137e-02  8.7379116044e-02  -1.4284904418e-01
2.660162  -5.5844696672e-02  8.8042724472e-02  -1.4388742114e-01
2.661274  -5.6268645648e-02  8.8693394456e-02  -1.4496204010e-01
2.662385  -5.6735465978e-02  8.9316548963e-02  -1.4605201494e-01
2.663497  -5.7237584296e-02  8.9898372290e-02  -1.4713595659e-01
2.664608  -5.7766381206e-02  9.0426219164e-02  -1.4819260037e-01
2.665719  -5.8312441179e-02  9.0888990977e-02  -1.4920143216e-01
2.666831  -5.8865826841e-02  9.1277467945e-02  -1.5014329479e-01
2.667942  -5.9416369692e-02  9.1584587284e-02  -1.5100095698e-01
2.669053  -5.9953968734e-02  9.1805659005e-02  -1.5175962774e-01
2.670165  -6.0468888260e-02  9.1938512749e-02  -1.5240740101e-01
2.671276  -6.0952046030e-02  9.1983571101e-02  -1.5293561713e-01
2.672387  -6.1395283297e-02  9.1943846918e-02  -1.5333913022e-01
2.673499  -6.1791608685e-02  9.1824864506e-02  -1.5361647319e-01
2.674610  -6.2135408615e-02  9.1634506639e-02  -1.5376991525e-01
2.675721  -6.2422617966e-02  9.1382791664e-02  -1.5380540963e-01
2.676833  -6.2650845798e-02  9.1081586971e-02  -1.5373243277e-01
2.677944  -6.2819452243e-02  9.0744267022e-02  -1.5356371926e-01
2.679056  -6.2929574139e-02  9.0385325778e-02  -1.5331489992e-01
2.680167  -6.2984098435e-02  9.0019954750e-02  -1.5300405319e-01
2.681278  -6.2987583965e-02  8.9663598963e-02  -1.5265118293e-01
2.682390  -6.2946133683e-02  8.9331503785e-02  -1.5227763747e-01
2.683501  -6.2867220951e-02  8.9038265932e-02  -1.5190548688e-01
2.684612  -6.2759474799e-02  8.8797401854e-02  -1.5155687665e-01
2.685724  -6.2632430350e-02  8.8620946264e-02  -1.5125337661e-01
2.686835  -6.2496251589e-02  8.8519092726e-02  -1.5101534432e-01
2.687946  -6.2361434585e-02  8.8499887027e-02  -1.5086132161e-01
2.689058  -6.2238499777e-02  8.8568982549e-02  -1.5080748233e-01
2.690169  -6.2137682391e-02  8.8729465062e-02  -1.5086714745e-01
2.691280  -6.2068630062e-02  8.8981752362e-02  -1.5105038242e-01
2.692392  -6.2040116624e-02  8.9323571968e-02  -1.5136368859e-01
2.693503  -6.2059780528e-02  8.9750017845e-02  -1.5180979837e-01
2.694615  -6.2133895709e-02  9.0253684767e-02  -1.5238758048e-01
2.695726  -6.2267181765e-02  9.0824876668e-02  -1.5309205843e-01
2.696837  -6.2462659184e-02  9.1451883141e-02  -1.5391454232e-01
2.697949  -6.2721554062e-02  9.2121316183e-02  -1.5484287024e-01
2.699060  -6.3043255298e-02  9.2818497548e-02  -1.5586175285e-01
2.700171  -6.3425325740e-02  9.3527885478e-02  -1.5695321122e-01
2.701283  -6.3863567139e-02  9.4233528428e-02  -1.5809709557e-01
2.702394  -6.4352137226e-02  9.4919532542e-02  -1.5927166977e-01
2.703505  -6.4883715647e-02  9.5570529186e-02  -1.6045424483e-01
2.704617  -6.5449714055e-02  9.6172128794e-02  -1.6162184285e-01
2.705728  -6.6040524358e-02  9.6711347624e-02  -1.6275187198e-01
2.706840  -6.6645797927e-02  9.7176994787e-02  -1.6382279271e-01
2.707951  -6.7254747694e-02  9.7560008009e-02  -1.6481475570e-01
2.709062  -6.7856464296e-02  9.7853728069e-02  -1.6571019236e-01
2.710174  -6.8440237039e-02  9.8054103608e-02  -1.6649434065e-01
2.711285  -6.8995870223e-02  9.8159820034e-02  -1.6715569026e-01
2.712396  -6.9513985508e-02  9.8172348443e-02  -1.6768633395e-01
2.713508  -6.9986301359e-02  9.8095912816e-02  -1.6808221418e-01
2.714619  -7.0405881254e-02  9.7937376158e-02  -1.6834325741e-01
2.715730  -7.0767343222e-02  9.7706048617e-02  -1.6847339184e-01
2.716842  -7.1067024400e-02  9.7413422932e-02  -1.6848044733e-01
2.717953  -7.1303095585e-02  9.7072844726e-02  -1.6837594031e-01
2.719064  -7.1475622216e-02  9.6699127077e-02  -1.6817474929e-01
2.720176  -7.1586569796e-02  9.6308120508e-02  -1.6789469030e-01
2.721287  -7.1639753366e-02  9.5916250863e-02  -1.6755600423e-01
2.722399  -7.1640732332e-02  9.5540038537e-02  -1.6718077087e-01
2.723510  -7.1596653498e-02  9.5195613127e-02  -1.6679226662e-01
2.724621  -7.1516046770e-02  9.4898237756e-02  -1.6641428453e-01
2.725733  -7.1408579342e-02  9.4661857099e-02  -1.6607043644e-01
2.726844  -7.1284775451e-02  9.4498682471e-02  -1.6578345792e-01
2.727955  -7.1155709832e-02  9.4418826337e-02  -1.6557453617e-01
2.729067  -7.1032683791e-02  9.4429997157e-02  -1.6546268095e-01
2.730178  -7.0926893383e-02  9.4537263775e-02  -1.6546415716e-01
2.731289  -7.0849099419e-02  9.4742896528e-02  -1.6559199595e-01
2.732401  -7.0809309048e-02  9.5046290051e-02  -1.6585559910e-01
2.733512  -7.0816478328e-02  9.5443970332e-02  -1.6626044866e-01
2.734623  -7.0878244623e-02  9.5929686140e-02  -1.6680793076e-01
2.735735  -7.1000696826e-02  9.6494582446e-02  -1.6749527927e-01
2.736846  -7.1188190316e-02  9.7127451052e-02  -1.6831564137e-01
2.737958  -7.1443212277e-02  9.7815051331e-02  -1.6925826361e-01
2.739069  -7.1766301526e-02  9.8542491932e-02  -1.7030879346e-01
2.740180  -7.2156025428e-02  9.9293662436e-02  -1.7144968786e-01
2.741292  -7.2609014794e-02  1.0005170247e-01  -1.7266071727e-01
2.742403  -7.3120055947e-02  1.0079949463e-01  -1.7391955058e-01
2.743514  -7.3682237470e-02  1.0152016677e-01  -1.7520240424e-01
2.744626  -7.4287147524e-02  1.0219758900e-01  -1.7648473653e-01
2.745737  -7.4925116105e-02  1.0281685070e-01  -1.7774196681e-01
2.746848  -7.5585495286e-02  1.0336470343e-01  -1.7895019872e-01
2.747960  -7.6256969327e-02  1.0382995670e-01  -1.8008692603e-01
2.749071  -7.6927885642e-02  1.0420381461e-01  -1.8113170025e-01
2.750182  -7.7586596938e-02  1.0448014347e-01  -1.8206674041e-01
2.751294  -7.8221804509e-02  1.0465566202e-01  -1.8287746653e-01
2.752405  -7.8822892564e-02  1.0473004857e-01  -1.8355294114e-01
2.753517  -7.9380243711e-02  1.0470596154e-01  -1.8408620525e-01
2.754628  -7.9885526235e-02  1.0458897236e-01  -1.8447449860e-01
2.755739  -8.0331944595e-02  1.0438741263e-01  -1.8471935722e-01
2.756851  -8.0714445631e-02  1.0411213938e-01  -1.8482658501e-01
2.757962  -8.1029874223e-02  1.0377622537e-01  -1.8480609960e-01
2.759073  -8.1277073636e-02  1.0339458298e-01  -1.8467165662e-01
2.760185  -8.1456927386e-02  1.0298353264e-01  -1.8444046003e-01
2.761296  -8.1572341155e-02  1.0256032828e-01  -1.8413266944e-01
2.762407  -8.1628165075e-02  1.0214265354e-01  -1.8377081862e-01
2.763519  -8.1631058439e-02  1.0174810346e-01  -1.8337916190e-01
2.764630  -8.1589300597e-02  1.0139366686e-01  -1.8298296746e-01
2.765741  -8.1512553405e-02  1.0109522462e-01  -1.8260777803e-01
2.766853  -8.1411582046e-02  1.0086707863e-01  -1.8227866068e-01
2.767964  -8.1297942280e-02  1.0072152544e-01  -1.8201946772e-01
2.769076  -8.1183643206e-02  1.0066848727e-01  -1.8185213048e-01
2.770187  -8.1080795383e-02  1.0071521143e-01  -1.8179600681e-01
2.771298  -8.1001254611e-02  1.0086604731e-01  -1.8186730192e-01
2.772410  -8.0956271857e-02  1.0112230769e-01  -1.8207857955e-01
2.773521  -8.0956159648e-02  1.0148221884e-01  -1.8243837849e-01
2.774632  -8.1009984835e-02  1.0194096117e-01  -1.8295094600e-01
2.775744  -8.1125296871e-02  1.0249079957e-01  -1.8361609644e-01
2.776855  -8.1307899741e-02  1.0312130000e-01  -1.8442919974e-01
2.777966  -8.1561674430e-02  1.0381962617e-01  -1.8538130059e-01
2.779078  -8.1888457355e-02  1.0457090798e-01  -1.8645936534e-01
2.780189  -8.2287978553e-02  1.0535867118e-01  -1.8764664973e-01
2.781301  -8.2757861673e-02  1.0616531569e-01  -1.8892317736e-01
2.782412  -8.3293686009e-02  1.0697262889e-01  -1.9026631489e-01
2.783523  -8.3889108981e-02  1.0776231878e-01  -1.9165142776e-01
2.784635  -8.4536045703e-02  1.0851655152e-01  -1.9305259722e-01
2.785746  -8.5224900537e-02  1.0921847739e-01  -1.9444337793e-01
2.786857  -8.5944844044e-02  1.0985272993e-01  -1.9579757398e-01
2.787969  -8.6684127323e-02  1.1040588319e-01  -1.9709001051e-01
2.789080  -8.7430424637e-02  1.1086685370e-01  -1.9829727834e-01
2.790191  -8.8171194335e-02  1.1122723510e-01  -1.9939842943e-01
2.791303  -8.8894047509e-02  1.1148155520e-01  -2.0037560271e-01
2.792414  -8.9587113564e-02  1.1162744789e-01  -2.0121456145e-01
2.793525  -9.0239391908e-02  1.1166573419e-01  -2.0190512610e-01
2.794637  -9.0841079365e-02  1.1160041009e-01  -2.0244148945e-01
2.795748  -9.1383863565e-02  1.1143854083e-01  -2.0282240440e-01
2.796860  -9.1861173540e-02  1.1119006469e-01  -2.0305123823e-01
2.797971  -9.2268379986e-02  1.1086751149e-01  -2.0313589148e-01
2.799082  -9.2602939095e-02  1.1048564389e-01  -2.0308858298e-01
2.800194  -9.2864475507e-02  1.1006103171e-01  -2.0292550722e-01
2.801305  -9.3054801710e-02  1.0961157157e-01  -2.0266637328e-01
2.802416  -9.3177873068e-02  1.0915596563e-01  -2.0233383870e-01
2.803528  -9.3239679558e-02  1.0871317485e-01  -2.0195285441e-01
2.804639  -9.3248077167e-02  1.0830186249e-01  -2.0154993966e-01
2.805750  -9.3212563675e-02  1.0793984435e-01  -2.0115240802e-01
2.806862  -9.3144005238e-02  1.0764356187e-01  -2.0078756711e-01
2.807973  -9.3054321604e-02  1.0742759368e-01  -2.0048191528e-01
2.809084  -9.2956139108e-02  1.0730422007e-01  -2.0026035918e-01
2.810196  -9.2862421527e-02  1.0728305347e-01  -2.0014547499e-01
2.811307  -9.2786089582e-02  1.0737074588e-01  -2.0015683546e-01
2.812419  -9.2739640272e-02  1.0757078238e-01  -2.0031042265e-01
2.813530  -9.2734777220e-02  1.0788336688e-01  -2.0061814410e-01
2.814641  -9.2782062991e-02  1.0830540394e-01  -2.0108746693e-01
2.815753  -9.2890603695e-02  1.0883057749e-01  -2.0172118119e-01
2.816864  -9.3067775280e-02  1.0944952461e-01  -2.0251729989e-01
2.817975  -9.3318999759e-02  1.1015009939e-01  -2.0346909915e-01
2.819087  -9.3647578128e-02  1.1091771974e-01  -2.0456529787e-01
2.820198  -9.4054585129e-02  1.1173578698e-01  -2.0579037211e-01
2.821309  -9.4538829191e-02  1.1258616634e-01  -2.0712499553e-01
2.822421  -9.5096878975e-02  1.1344971440e-01  -2.0854659338e-01
2.823532  -9.5723155996e-02  1.1430683813e-01  -2.1002999412e-01
2.824643  -9.6410090845e-02  1.1513806919e-01  -2.1154816003e-01
2.825755  -9.7148338658e-02  1.1592463677e-01  -2.1307297543e-01
2.826866  -9.7927047706e-02  1.1664902202e-01  -2.1457606973e-01
2.827978  -9.8734173393e-02  1.1729547767e-01  -2.1602965106e-01
2.829089  -9.9556828594e-02  1.1785049759e-01  -2.1740732618e-01
2.830200  -1.0038166015e-01  1.1830322218e-01  -2.1868488233e-01
2.831312  -1.0119524054e-01  1.1864576740e-01  -2.1984100794e-01
2.832423  -1.0198446321e-01  1.1887346765e-01  -2.2085793086e-01
2.833534  -1.0273692997e-01  1.1898502485e-01  -2.2172195482e-01
2.834646  -1.0344131903e-01  1.1898255910e-01  -2.2242387813e-01
2.835757  -1.0408772271e-01  1.1887155906e-01  -2.2295928177e-01
2.836868  -1.0466794477e-01  1.1866073309e-01  -2.2332867785e-01
2.837980  -1.0517574849e-01  1.1836176518e-01  -2.2353751368e-01
2.839091  -1.0560704799e-01  1.1798898257e-01  -2.2359603056e-01
2.840202  -1.0596003687e-01  1.1755894430e-01  -2.2351898117e-01
2.841314  -1.0623525023e-01  1.1708996275e-01  -2.2332521298e-01
2.842425  -1.0643555797e-01  1.1660157178e-01  -2.2303712976e-01
2.843537  -1.0656608928e-01  1.1611395704e-01  -2.2268004633e-01
2.844648  -1.0663409027e-01  1.1564736498e-01  -2.2228145524e-01
2.845759  -1.0664871869e-01  1.1522150785e-01  -2.2187022653e-01
2.846871  -1.0662078164e-01  1.1485498230e-01  -2.2147576394e-01
2.847982  -1.0656242361e-01  1.1456471853e-01  -2.2112714214e-01
2.849093  -1.0648677395e-01  1.1436547639e-01  -2.2085225035e-01
2.850205  -1.0640756405e-01  1.1426940349e-01  -2.2067696754e-01
2.851316  -1.0633872523e-01  1.1428566838e-01  -2.2062439361e-01
2.852427  -1.0629397930e-01  1.1442018002e-01  -2.2071415931e-01
2.853539  -1.0628643367e-01  1.1467540199e-01  -2.2096183566e-01
2.854650  -1.0632819309e-01  1.1505026732e-01  -2.2137846042e-01
2.855761  -1.0642999936e-01  1.1554019680e-01  -2.2197019615e-01
2.856873  -1.0660090986e-01  1.1613722055e-01  -2.2273813041e-01
2.857984  -1.0684802455e-01  1.1683019985e-01  -2.2367822439e-01
2.859096  -1.0717626945e-01  1.1760514279e-01  -2.2478141224e-01
2.860207  -1.0758824351e-01  1.1844560509e-01  -2.2603384860e-01
2.861318  -1.0808413327e-01  1.1933316444e-01  -2.2741729771e-01
2.862430  -1.0866169847e-01  1.2024795473e-01  -2.2890965321e-01
2.863541  -1.0931632892e-01  1.2116924479e-01  -2.3048557372e-01
2.864652  -1.1004117153e-01  1.2207604459e-01  -2.3211721612e-01
2.865764  -1.1082732387e-01  1.2294772135e-01  -2.3377504522e-01
2.866875  -1.1166408882e-01  1.2376460747e-01  -2.3542869630e-01
2.867986  -1.1253928314e-01  1.2450858225e-01  -2.3704786539e-01
2.869098  -1.1343959093e-01  1.2516361035e-01  -2.3860320128e-01
2.870209  -1.1435095190e-01  1.2571622089e-01  -2.4006717279e-01
2.871321  -1.1525897295e-01  1.2615591302e-01  -2.4141488598e-01
2.872432  -1.1614935130e-01  1.2647547556e-01  -2.4262482686e-01
2.873543  -1.1700829641e-01  1.2667121120e-01  -2.4367950761e-01
2.874655  -1.1782293856e-01  1.2674305821e-01  -2.4456599676e-01
2.875766  -1.1858171181e-01  1.2669460569e-01  -2.4527631750e-01
2.876877  -1.1927470006e-01  1.2653300164e-01  -2.4580770170e-01
2.877989  -1.1989393584e-01  1.2626875591e-01  -2.4616269174e-01
2.879100  -1.2043364278e-01  1.2591544376e-01  -2.4634908653e-01
2.880211  -1.2089041456e-01  1.2548931810e-01  -2.4637973267e-01
2.881323  -1.2126332471e-01  1.2500884163e-01  -2.4627216634e-01
2.882434  -1.2155396371e-01  1.2449415222e-01  -2.4604811594e-01
2.883545  -1.2176640218e-01  1.2396647718e-01  -2.4573287936e-01
2.884657  -1.2190708083e-01  1.2344751320e-01  -2.4535459403e-01
2.885768  -1.2198463018e-01  1.2295879032e-01  -2.4494342050e-01
2.886880  -1.2200962508e-01  1.2252103836e-01  -2.4453066344e-01
2.887991  -1.2199428102e-01  1.2215357461e-01  -2.4414785563e-01
2.889102  -1.2195210095e-01  1.2187373066e-01  -2.4382583160e-01
2.890214  -1.2189748282e-01  1.2169633563e-01  -2.4359381844e-01
2.891325  -1.2184529924e-01  1.2163327096e-01  -2.4347857020e-01
2.892436  -1.2181046160e-01  1.2169311022e-01  -2.4350357182e-01
2.893548  -1.2180748128e-01  1.2188085489e-01  -2.4368833617e-01
2.894659  -1.2185004108e-01  1.2219777407e-01  -2.4404781515e-01
2.895770  -1.2195058932e-01  1.2264135343e-01  -2.4459194275e-01
2.896882  -1.2211996882e-01  1.2320535512e-01  -2.4532532394e-01
2.897993  -1.2236709171e-01  1.2387998741e-01  -2.4624707912e-01
2.899104  -1.2269866990e-01  1.2465217938e-01  -2.4735084928e-01
2.900216  -1.2311900929e-01  1.2550595309e-01  -2.4862496238e-01
2.901327  -1.2362987411e-01  1.2642288256e-01  -2.5005275667e-01
2.902439  -1.2423042561e-01  1.2738262635e-01  -2.5161305196e-01
2.903550  -1.2491723715e-01  1.2836351856e-01  -2.5328075571e-01
2.904661  -1.2568438563e-01  1.2934320080e-01  -2.5502758643e-01
2.905773  -1.2652361678e-01  1.3029927695e-01  -2.5682289372e-01
2.906884  -1.2742457976e-01  1.3120997140e-01  -2.5863455117e-01
2.907995  -1.2837512445e-01  1.3205477156e-01  -2.6042989601e-01
2.909107  -1.2936165280e-01  1.3281503547e-01  -2.6217668826e-01
2.910218  -1.3036951423e-01  1.3347454681e-01  -2.6384406105e-01
2.911329  -1.3138343359e-01  1.3402000061e-01  -2.6540343420e-01
2.912441  -1.3238795904e-01  1.3444140508e-01  -2.6682936411e-01
2.913552  -1.3336791692e-01  1.3473238768e-01  -2.6810030460e-01
2.914663  -1.3430886018e-01  1.3489039579e-01  -2.6919925597e-01
2.915775  -1.3519749704e-01  1.3491678591e-01  -2.7011428294e-01
2.916886  -1.3602208729e-01  1.3481679821e-01  -2.7083888550e-01
2.917998  -1.3677279444e-01  1.3459941687e-01  -2.7137221131e-01
2.919109  -1.3744198301e-01  1.3427711982e-01  -2.7171910283e-01
2.920220  -1.3802445226e-01  1.3386552479e-01  -2.7188997705e-01
2.921332  -1.3851759892e-01  1.3338294186e-01  -2.7190054079e-01
2.922443  -1.3892150415e-01  1.3284984512e-01  -2.7177134926e-01
2.923554  -1.3923894163e-01  1.3228827877e-01  -2.7152722040e-01
2.924666  -1.3947530646e-01  1.3172121492e-01  -2.7119652138e-01
2.925777  -1.3963846644e-01  1.3117188167e-01  -2.7081034812e-01
2.926888  -1.3973853999e-01  1.3066308126e-01  -2.7040162125e-01
2.928000  -1.3978760688e-01  1.3021651810e-01  -2.7000412499e-01
2.929111  -1.3979936006e-01  1.2985215674e-01  -2.6965151680e-01
2.930222  -1.3978870862e-01  1.2958762848e-01  -2.6937633710e-01
2.931334  -1.3977134337e-01  1.2943770446e-01  -2.6920904783e-01
2.932445  -1.3976327774e-01  1.2941385088e-01  -2.6917712862e-01
2.933557  -1.3978037737e-01  1.2952387968e-01  -2.6930425705e-01
2.934668  -1.3983789225e-01  1.2977170540e-01  -2.6960959764e-01
2.935779  -1.3995000517e-01  1.3015721572e-01  -2.7010722089e-01
2.936891  -1.4012940990e-01  1.3067625989e-01  -2.7080566979e-01
2.938002  -1.4038693154e-01  1.3132075582e-01  -2.7170768736e-01
2.939113  -1.4073120052e-01  1.3207891316e-01  -2.7281011368e-01
2.940225  -1.4116838992e-01  1.3293556624e-01  -2.7410395616e-01
2.941336  -1.4170202419e-01  1.3387260741e-01  -2.7557463160e-01
2.942447  -1.4233286520e-01  1.3486950852e-01  -2.7720237372e-01
2.943559  -1.4305887910e-01  1.3590391548e-01  -2.7896279457e-01
2.944670  -1.4387528550e-01  1.3695229865e-01  -2.8082758416e-01
2.945781  -1.4477468774e-01  1.3799064029e-01  -2.8276532803e-01
2.946893  -1.4574728062e-01  1.3899513879e-01  -2.8474241942e-01
2.948004  -1.4678113000e-01  1.3994290922e-01  -2.8672403922e-01
2.949116  -1.4786251606e-01  1.4081265951e-01  -2.8867517558e-01
2.950227  -1.4897633057e-01  1.4158532230e-01  -2.9056165287e-01
2.951338  -1.5010651649e-01  1.4224462372e-01  -2.9235114021e-01
2.952450  -1.5123653727e-01  1.4277757215e-01  -2.9401410942e-01
2.953561  -1.5234986203e-01  1.4317485231e-01  -2.9552471434e-01
2.954672  -1.5343045241e-01  1.4343111274e-01  -2.9686156515e-01
2.955784  -1.5446323683e-01  1.4354513777e-01  -2.9800837460e-01
2.956895  -1.5543455802e-01  1.4351989859e-01  -2.9895445661e-01
2.958006  -1.5633258066e-01  1.4336248139e-01  -2.9969506204e-01
2.959118  -1.5714764682e-01  1.4308389429e-01  -3.0023154111e-01
2.960229  -1.5787256875e-01  1.4269875825e-01  -3.0057132699e-01
2.961341  -1.5850284985e-01  1.4222489058e-01  -3.0072774044e-01
2.962452  -1.5903682740e-01  1.4168279305e-01  -3.0071962045e-01
2.963563  -1.5947573218e-01  1.4109505902e-01  -3.0057079120e-01
2.964675  -1.5982366321e-01  1.4048571709e-01  -3.0030938030e-01
2.965786  -1.6008747783e-01  1.3987952992e-01  -2.9996700775e-01
2.966897  -1.6027660014e-01  1.3930126904e-01  -2.9957786918e-01
2.968009  -1.6040275308e-01  1.3877498658e-01  -2.9917773967e-01
2.969120  -1.6047962180e-01  1.3832330558e-01  -2.9880292738e-01
2.970231  -1.6052245787e-01  1.3796674955e-01  -2.9848920742e-01
2.971343  -1.6054763597e-01  1.3772313134e-01  -2.9827076730e-01
2.972454  -1.6057217565e-01  1.3760701944e-01  -2.9817919510e-01
2.973565  -1.6061324243e-01  1.3762929766e-01  -2.9824254009e-01
2.974677  -1.6068764257e-01  1.3779683144e-01  -2.9848447401e-01
2.975788  -1.6081132657e-01  1.3811225117e-01  -2.9892357774e-01
2.976900  -1.6099891604e-01  1.3857385910e-01  -2.9957277514e-01
2.978011  -1.6126326781e-01  1.3917566320e-01  -3.0043893101e-01
2.979122  -1.6161508846e-01  1.3990753735e-01  -3.0152262581e-01
2.980234  -1.6206261075e-01  1.4075550368e-01  -3.0281811443e-01
2.981345  -1.6261134164e-01  1.4170212919e-01  -3.0431347084e-01
2.982456  -1.6326388974e-01  1.4272702539e-01  -3.0599091513e-01
2.983568  -1.6401987742e-01  1.4380743667e-01  -3.0782731409e-01
2.984679  -1.6487594069e-01  1.4491890050e-01  -3.0979484119e-01
2.985790  -1.6582581697e-01  1.4603596017e-01  -3.1186177714e-01
2.986902  -1.6686051865e-01  1.4713290949e-01  -3.1399342814e-01
2.988013  -1.6796858762e-01  1.4818454750e-01  -3.1615313513e-01
2.989124  -1.6913642359e-01  1.4916692122e-01  -3.1830334482e-01
2.990236  -1.7034867670e-01  1.5005803439e-01  -3.2040671109e-01
2.991347  -1.7158869330e-01  1.5083850137e-01  -3.2242719467e-01
2.992459  -1.7283900177e-01  1.5149212673e-01  -3.2433112850e-01
2.993570  -1.7408182436e-01  1.5200639316e-01  -3.2608821753e-01
2.994681  -1.7529960000e-01  1.5237284316e-01  -3.2767244316e-01
2.995793  -1.7647550268e-01  1.5258734268e-01  -3.2906284536e-01
2.996904  -1.7759394025e-01  1.5265021878e-01  -3.3024415903e-01
2.998015  -1.7864101868e-01  1.5256626657e-01  -3.3120728524e-01
2.999127  -1.7960495811e-01  1.5234462487e-01  -3.3194958298e-01
3.000238  -1.8047644822e-01  1.5199852375e-01  -3.3247497197e-01
3.001349  -1.8124893213e-01  1.5154491079e-01  -3.3279384292e-01
3.002461  -1.8191881031e-01  1.5100396676e-01  -3.3292277707e-01
3.003572  -1.8248555804e-01  1.5039852441e-01  -3.3288408245e-01
3.004683  -1.8295175285e-01  1.4975340716e-01  -3.3270516002e-01
3.005795  -1.8332301049e-01  1.4909470684e-01  -3.3241771734e-01
3.006906  -1.8360783123e-01  1.4844902140e-01  -3.3205685263e-01
3.008018  -1.8381736048e-01  1.4784267500e-01  -3.3166003548e-01
3.009129  -1.8396507062e-01  1.4730094319e-01  -3.3126601381e-01
3.010240  -1.8406637296e-01  1.4684730602e-01  -3.3091367898e-01
3.011352  -1.8413817105e-01  1.4650275127e-01  -3.3064092232e-01
3.012463  -1.8419836837e-01  1.4628514817e-01  -3.3048351654e-01
3.013574  -1.8426534454e-01  1.4620871064e-01  -3.3047405518e-01
3.014686  -1.8435741553e-01  1.4628356587e-01  -3.3064098140e-01
3.015797  -1.8449229362e-01  1.4651544149e-01  -3.3100773511e-01
3.016908  -1.8468656311e-01  1.4690548082e-01  -3.3159204394e-01
3.018020  -1.8495518713e-01  1.4745019230e-01  -3.3240537943e-01
3.019131  -1.8531106037e-01  1.4814153485e-01  -3.3345259522e-01
3.020242  -1.8576462103e-01  1.4896713737e-01  -3.3473175841e-01
3.021354  -1.8632353358e-01  1.4991064631e-01  -3.3623417989e-01
3.022465  -1.8699245207e-01  1.5095219149e-01  -3.3794464357e-01
3.023577  -1.8777287117e-01  1.5206895723e-01  -3.3984182840e-01
3.024688  -1.8866306976e-01  1.5323584191e-01  -3.4189891167e-01
3.025799  -1.8965814901e-01  1.5442618740e-01  -3.4408433641e-01
3.026911  -1.9075016425e-01  1.5561255685e-01  -3.4636272109e-01
3.028022  -1.9192834707e-01  1.5676753819e-01  -3.4869588526e-01
3.029133  -1.9317941151e-01  1.5786455003e-01  -3.5104396154e-01
3.030245  -1.9448793555e-01  1.5887862601e-01  -3.5336656156e-01
3.031356  -1.9583680705e-01  1.5978715464e-01  -3.5562396170e-01
3.032467  -1.9720772123e-01  1.6057055269e-01  -3.5777827391e-01
3.033579  -1.9858171514e-01  1.6121285196e-01  -3.5979456710e-01
3.034690  -1.9993972370e-01  1.6170218211e-01  -3.6164190581e-01
3.035802  -2.0126314079e-01  1.6203113474e-01  -3.6329427552e-01
3.036913  -2.0253436908e-01  1.6219699767e-01  -3.6473136675e-01
3.038024  -2.0373734227e-01  1.6220185209e-01  -3.6593919436e-01
3.039136  -2.0485800417e-01  1.6205252915e-01  -3.6691053331e-01
3.040247  -2.0588473054e-01  1.6176042676e-01  -3.6764515730e-01
3.041358  -2.0680868087e-01  1.6134119153e-01  -3.6814987240e-01
3.042470  -2.0762406950e-01  1.6081427457e-01  -3.6843834407e-01
3.043581  -2.0832834787e-01  1.6020237387e-01  -3.6853072174e-01
3.044692  -2.0892229208e-01  1.5953077920e-01  -3.6845307127e-01
3.045804  -2.0940999292e-01  1.5882663827e-01  -3.6823663119e-01
3.046915  -2.0979874817e-01  1.5811816577e-01  -3.6791691394e-01
3.048026  -2.1009886009e-01  1.5743381790e-01  -3.6753267799e-01
3.049138  -2.1032334364e-01  1.5680145689e-01  -3.6712480052e-01
3.050249  -2.1048755365e-01  1.5624752980e-01  -3.6673508345e-01
3.051361  -2.1060874174e-01  1.5579628592e-01  -3.6640502767e-01
3.052472  -2.1070555559e-01  1.5546905588e-01  -3.6617461147e-01
3.053583  -2.1079749526e-01  1.5528361379e-01  -3.6608110905e-01
3.054695  -2.1090434233e-01  1.5525364167e-01  -3.6615798400e-01
3.055806  -2.1104557857e-01  1.5538831211e-01  -3.6643389068e-01
3.056917  -2.1123981124e-01  1.5569200193e-01  -3.6693181318e-01
3.058029  -2.1150422202e-01  1.5616414580e-01  -3.6766836782e-01
3.059140  -2.1185405577e-01  1.5679923452e-01  -3.6865329029e-01
3.060251  -2.1230216450e-01  1.5758695864e-01  -3.6988912313e-01
3.061363  -2.1285862005e-01  1.5851249373e-01  -3.7137111378e-01
3.062474  -2.1353040722e-01  1.5955691942e-01  -3.7308732664e-01
3.063585  -2.1432120670e-01  1.6069776034e-01  -3.7501896705e-01
3.064697  -2.1523127447e-01  1.6190963364e-01  -3.7714090811e-01
3.065808  -2.1625742169e-01  1.6316498430e-01  -3.7942240599e-01
3.066920  -2.1739309595e-01  1.6443488706e-01  -3.8182798301e-01
3.068031  -2.1862856191e-01  1.6568989163e-01  -3.8431845354e-01
3.069142  -2.1995117647e-01  1.6690088636e-01  -3.8685206284e-01
3.070254  -2.2134575047e-01  1.6803995532e-01  -3.8938570579e-01
3.071365  -2.2279498688e-01  1.6908120324e-01  -3.9187619012e-01
3.072476  -2.2427998270e-01  1.7000152425e-01  -3.9428150695e-01
3.073588  -2.2578077999e-01  1.7078129145e-01  -3.9656207144e-01
3.074699  -2.2727695009e-01  1.7140494668e-01  -3.9868189676e-01
3.075810  -2.2874819380e-01  1.7186147303e-01  -4.0060966683e-01
3.076922  -2.3017494007e-01  1.7214473553e-01  -4.0231967560e-01
3.078033  -2.3153892536e-01  1.7225367959e-01  -4.0379260495e-01
3.079144  -2.3282373666e-01  1.7219238087e-01  -4.0501611754e-01
3.080256  -2.3401530194e-01  1.7196994457e-01  -4.0598524650e-01
3.081367  -2.3510231344e-01  1.7160025638e-01  -4.0670256982e-01
3.082479  -2.3607657105e-01  1.7110159217e-01  -4.0717816322e-01
3.083590  -2.3693323535e-01  1.7049609697e-01  -4.0742933232e-01
3.084701  -2.3767098251e-01  1.6980914844e-01  -4.0748013095e-01
3.085813  -2.3829205610e-01  1.6906862288e-01  -4.0736067898e-01
3.086924  -2.3880221399e-01  1.6830408507e-01  -4.0710629906e-01
3.088035  -2.3921057133e-01  1.6754592546e-01  -4.0675649679e-01
3.089147  -2.3952934408e-01  1.6682446989e-01  -4.0635381398e-01
3.090258  -2.3977350007e-01  1.6616908788e-01  -4.0594258795e-01
3.091369  -2.3996032761e-01  1.6560732569e-01  -4.0556765330e-01
3.092481  -2.4010893414e-01  1.6516408983e-01  -4.0527302397e-01
3.093592  -2.4023968930e-01  1.6486090500e-01  -4.0510059430e-01
3.094703  -2.4037362872e-01  1.6471526876e-01  -4.0508889748e-01
3.095815  -2.4053183591e-01  1.6474012215e-01  -4.0527195806e-01
3.096926  -2.4073482052e-01  1.6494345223e-01  -4.0567827275e-01
3.098038  -2.4100191106e-01  1.6532803880e-01  -4.0632994985e-01
3.099149  -2.4135068028e-01  1.6589135324e-01  -4.0724203351e-01
3.100260  -2.4179642017e-01  1.6662561297e-01  -4.0842203314e-01
3.101372  -2.4235168223e-01  1.6751799060e-01  -4.0986967283e-01
3.102483  -2.4302589686e-01  1.6855097206e-01  -4.1157686892e-01
3.103594  -2.4382508341e-01  1.6970285392e-01  -4.1352793734e-01
3.104706  -2.4475165976e-01  1.7094836566e-01  -4.1570002542e-01
3.105817  -2.4580435739e-01  1.7225939907e-01  -4.1806375646e-01
3.106928  -2.4697824495e-01  1.7360582387e-01  -4.2058406881e-01
3.108040  -2.4826485990e-01  1.7495636572e-01  -4.2322122562e-01
3.109151  -2.4965244497e-01  1.7627952120e-01  -4.2593196617e-01
3.110262  -2.5112628254e-01  1.7754448289e-01  -4.2867076543e-01
3.111374  -2.5266911783e-01  1.7872204745e-01  -4.3139116528e-01
3.112485  -2.5426165844e-01  1.7978547996e-01  -4.3404713840e-01
3.113597  -2.5588313593e-01  1.8071130894e-01  -4.3659444487e-01
3.114708  -2.5751191317e-01  1.8148002837e-01  -4.3899194154e-01
3.115819  -2.5912611958e-01  1.8207668579e-01  -4.4120280536e-01
3.116931  -2.6070429566e-01  1.8249133878e-01  -4.4319563444e-01
3.118042  -2.6222602797e-01  1.8271936588e-01  -4.4494539384e-01
3.119153  -2.6367255552e-01  1.8276162220e-01  -4.4643417772e-01
3.120265  -2.6502732985e-01  1.8262443476e-01  -4.4765176461e-01
3.121376  -2.6627651183e-01  1.8231943689e-01  -4.4859594873e-01
3.122487  -2.6740939054e-01  1.8186324607e-01  -4.4927263661e-01
3.123599  -2.6841871124e-01  1.8127699406e-01  -4.4969570530e-01
3.124710  -2.6930090277e-01  1.8058572263e-01  -4.4988662541e-01
3.125822  -2.7005619691e-01  1.7981766209e-01  -4.4987385900e-01
3.126933  -2.7068863603e-01  1.7900341335e-01  -4.4969204937e-01
3.128044  -2.7120596817e-01  1.7817505734e-01  -4.4938102551e-01
3.129156  -2.7161943238e-01  1.7736521758e-01  -4.4898464996e-01
3.130267  -2.7194344002e-01  1.7660610322e-01  -4.4854954324e-01
3.131378  -2.7219516112e-01  1.7592856084e-01  -4.4812372197e-01
3.132490  -2.7239402774e-01  1.7536116261e-01  -4.4775519035e-01
3.133601  -2.7256116837e-01  1.7492935797e-01  -4.4749052633e-01
3.134712  -2.7271879002e-01  1.7465471394e-01  -4.4737350397e-01
3.135824  -2.7288952601e-01  1.7455426670e-01  -4.4744379272e-01
3.136935  -2.7309576840e-01  1.7464000387e-01  -4.4773577227e-01
3.138046  -2.7335900487e-01  1.7491849329e-01  -4.4827749816e-01
3.139158  -2.7369917959e-01  1.7539066976e-01  -4.4908984935e-01
3.140269  -2.7413409692e-01  1.7605178647e-01  -4.5018588340e-01
3.141381  -2.7467888596e-01  1.7689153332e-01  -4.5157041928e-01
3.142492  -2.7534554169e-01  1.7789431912e-01  -4.5323986080e-01
3.143603  -2.7614255675e-01  1.7903971018e-01  -4.5518226693e-01
3.144715  -2.7707465511e-01  1.8030301280e-01  -4.5737766791e-01
3.145826  -2.7814263571e-01  1.8165598319e-01  -4.5979861890e-01
3.146937  -2.7934333134e-01  1.8306764435e-01  -4.6241097568e-01
3.148049  -2.8066968431e-01  1.8450518639e-01  -4.6517487070e-01
3.149160  -2.8211093723e-01  1.8593492410e-01  -4.6804586133e-01
3.150271  -2.8365293366e-01  1.8732328378e-01  -4.7097621745e-01
3.151383  -2.8527852030e-01  1.8863779054e-01  -4.7391631084e-01
3.152494  -2.8696803919e-01  1.8984802697e-01  -4.7681606616e-01
3.153605  -2.8869989584e-01  1.9092653492e-01  -4.7962643077e-01
3.154717  -2.9045118680e-01  1.9184963374e-01  -4.8230082054e-01
3.155828  -2.9219836837e-01  1.9259813043e-01  -4.8479649879e-01
3.156940  -2.9391794697e-01  1.9315790070e-01  -4.8707584766e-01
3.158051  -2.9558717087e-01  1.9352032308e-01  -4.8910749395e-01
3.159162  -2.9718470287e-01  1.9368255302e-01  -4.9086725589e-01
3.160274  -2.9869125396e-01  1.9364762814e-01  -4.9233888210e-01
3.161385  -3.0009015924e-01  1.9342440103e-01  -4.9351456028e-01
3.162496  -3.0136787879e-01  1.9302730087e-01  -4.9439517966e-01
3.163608  -3.0251440841e-01  1.9247593018e-01  -4.9499033859e-01
3.164719  -3.0352358777e-01  1.9179450812e-01  -4.9531809589e-01
3.165830  -3.0439329652e-01  1.9101117583e-01  -4.9540447235e-01
3.166942  -3.0512553195e-01  1.9015718408e-01  -4.9528271603e-01
3.168053  -3.0572636562e-01  1.8926598626e-01  -4.9499235188e-01
3.169164  -3.0620577967e-01  1.8837226339e-01  -4.9457804305e-01
3.170276  -3.0657738701e-01  1.8751090924e-01  -4.9408829625e-01
3.171387  -3.0685804347e-01  1.8671600547e-01  -4.9357404894e-01
3.172499  -3.0706736253e-01  1.8601981676e-01  -4.9308717930e-01
3.173610  -3.0722714690e-01  1.8545183550e-01  -4.9267898240e-01
3.174721  -3.0736075303e-01  1.8503790443e-01  -4.9239865746e-01
3.175833  -3.0749240734e-01  1.8479944322e-01  -4.9229185056e-01
3.176944  -3.0764649384e-01  1.8475280212e-01  -4.9239929596e-01
3.178055  -3.0784683422e-01  1.8490876221e-01  -4.9275559644e-01
3.179167  -3.0811598154e-01  1.8527219738e-01  -4.9338817891e-01
3.180278  -3.0847454831e-01  1.8584190869e-01  -4.9431645700e-01
3.181389  -3.0894058914e-01  1.8661063662e-01  -4.9555122576e-01
3.182501  -3.0952905606e-01  1.8756525142e-01  -4.9709430747e-01
3.183612  -3.1025134312e-01  1.8868711673e-01  -4.9893845985e-01
3.184723  -3.1111493401e-01  1.8995261644e-01  -5.0106755044e-01
3.185835  -3.1212316329e-01  1.9133382982e-01  -5.0345699311e-01
3.186946  -3.1327509912e-01  1.9279933577e-01  -5.0607443490e-01
3.188058  -3.1456555100e-01  1.9431512295e-01  -5.0888067395e-01
3.189169  -3.1598520313e-01  1.9584557944e-01  -5.1183078257e-01
3.190280  -3.1752086984e-01  1.9735453317e-01  -5.1487540301e-01
3.191392  -3.1915586596e-01  1.9880631282e-01  -5.1796217879e-01
3.192503  -3.2087048189e-01  2.0016679787e-01  -5.2103727976e-01
3.193614  -3.2264254951e-01  2.0140442709e-01  -5.2404697660e-01
3.194726  -3.2444808291e-01  2.0249113565e-01  -5.2693921856e-01
3.195837  -3.2626197507e-01  2.0340319296e-01  -5.2966516804e-01
3.196948  -3.2805873039e-01  2.0412191628e-01  -5.3218064668e-01
3.198060  -3.2981321145e-01  2.0463423871e-01  -5.3444745017e-01
3.199171  -3.3150137816e-01  2.0493311426e-01  -5.3643449242e-01
3.200282  -3.3310099743e-01  2.0501774747e-01  -5.3811874490e-01
3.201394  -3.3459230225e-01  2.0489364028e-01  -5.3948594252e-01
3.202505  -3.3595858069e-01  2.0457245390e-01  -5.4053103460e-01
3.203617  -3.3718667704e-01  2.0407168929e-01  -5.4125836633e-01
3.204728  -3.3826738995e-01  2.0341419463e-01  -5.4168158458e-01
3.205839  -3.3919575554e-01  2.0262751399e-01  -5.4182326954e-01
3.206951  -3.3997120660e-01  2.0174309540e-01  -5.4171430200e-01
3.208062  -3.4059760257e-01  2.0079538127e-01  -5.4139298384e-01
3.209173  -3.4108312912e-01  1.9982080737e-01  -5.4090393648e-01
3.210285  -3.4144006959e-01  1.9885673945e-01  -5.4029680904e-01
3.211396  -3.4168445461e-01  1.9794037857e-01  -5.3962483318e-01
3.212507  -3.4183559961e-01  1.9710766708e-01  -5.3894326669e-01
3.213619  -3.4191554366e-01  1.9639222753e-01  -5.3830777118e-01
3.214730  -3.4194840546e-01  1.9582436571e-01  -5.3777277116e-01
3.215842  -3.4195967548e-01  1.9543016745e-01  -5.3738984293e-01
3.216953  -3.4197546457e-01  1.9523071603e-01  -5.3720618060e-01
3.218064  -3.4202173126e-01  1.9524145361e-01  -5.3726318487e-01
3.219176  -3.4212351032e-01  1.9547170610e-01  -5.3759521643e-01
3.220287  -3.4230416540e-01  1.9592438597e-01  -5.3822855137e-01
3.221398  -3.4258468785e-01  1.9659588235e-01  -5.3918057020e-01
3.222510  -3.4298306270e-01  1.9747614256e-01  -5.4045920526e-01
3.223621  -3.4351372062e-01  1.9854894314e-01  -5.4206266376e-01
3.224732  -3.4418709253e-01  1.9979234329e-01  -5.4397943582e-01
3.225844  -3.4500928035e-01  2.0117930807e-01  -5.4618858841e-01
3.226955  -3.4598185408e-01  2.0267848358e-01  -5.4866033766e-01
3.228066  -3.4710178175e-01  2.0425510210e-01  -5.5135688385e-01
3.229178  -3.4836149488e-01  2.0587199084e-01  -5.5423348572e-01
3.230289  -3.4974908794e-01  2.0749065527e-01  -5.5723974322e-01
3.231401  -3.5124864677e-01  2.0907240534e-01  -5.6032105211e-01
3.232512  -3.5284069648e-01  2.1057949163e-01  -5.6342018810e-01
3.233623  -3.5450275635e-01  2.1197621825e-01  -5.6647897460e-01
3.234735  -3.5620998579e-01  2.1322999950e-01  -5.6943998530e-01
3.235846  -3.5793590256e-01  2.1431232914e-01  -5.7224823169e-01
3.236957  -3.5965315248e-01  2.1519963336e-01  -5.7485278584e-01
3.238069  -3.6133430823e-01  2.1587398212e-01  -5.7720829035e-01
3.239180  -3.6295267356e-01  2.1632363720e-01  -5.7927631076e-01
3.240291  -3.6448306954e-01  2.1654342036e-01  -5.8102648991e-01
3.241403  -3.6590257930e-01  2.1653489016e-01  -5.8243746945e-01
3.242514  -3.6719122934e-01  2.1630632134e-01  -5.8349755068e-01
3.243625  -3.6833258700e-01  2.1587248687e-01  -5.8420507388e-01
3.244737  -3.6931425611e-01  2.1525424806e-01  -5.8456850418e-01
3.245848  -3.7012825578e-01  2.1447796428e-01  -5.8460622006e-01
3.246960  -3.7077127075e-01  2.1357473882e-01  -5.8434600957e-01
3.248071  -3.7124476532e-01  2.1257952249e-01  -5.8382428781e-01
3.249182  -3.7155495703e-01  2.1153010073e-01  -5.8308505776e-01
3.250294  -3.7171265013e-01  2.1046599367e-01  -5.8217864380e-01
3.251405  -3.7173293341e-01  2.0942730087e-01  -5.8116023428e-01
3.252516  -3.7163475049e-01  2.0845352490e-01  -5.8008827539e-01
3.253628  -3.7144035496e-01  2.0758240780e-01  -5.7902276276e-01
3.254739  -3.7117466576e-01  2.0684881501e-01  -5.7802348076e-01
3.255850  -3.7086454151e-01  2.0628369961e-01  -5.7714824111e-01
3.256962  -3.7053799486e-01  2.0591317758e-01  -5.7645117244e-01
3.258073  -3.7022336973e-01  2.0575774179e-01  -5.7598111153e-01
3.259184  -3.6994850557e-01  2.0583163824e-01  -5.7578014381e-01
3.260296  -3.6973991320e-01  2.0614242356e-01  -5.7588233676e-01
3.261407  -3.6962198673e-01  2.0669071744e-01  -5.7631270417e-01
3.262519  -3.6961627467e-01  2.0747015804e-01  -5.7708643271e-01
3.263630  -3.6974083227e-01  2.0846756241e-01  -5.7820839468e-01
3.264741  -3.7000967430e-01  2.0966328799e-01  -5.7967296229e-01
3.265853  -3.7043234495e-01  2.1103178539e-01  -5.8146413033e-01
3.266964  -3.7101361793e-01  2.1254232684e-01  -5.8355594477e-01
3.268075  -3.7175333626e-01  2.1415988966e-01  -5.8591322592e-01
3.269187  -3.7264639687e-01  2.1584616933e-01  -5.8849256621e-01
3.270298  -3.7368288131e-01  2.1756069282e-01  -5.9124357412e-01
3.271409  -3.7484832903e-01  2.1926199996e-01  -5.9411032898e-01
3.272521  -3.7612414606e-01  2.2090885831e-01  -5.9703300437e-01
3.273632  -3.7748813732e-01  2.2246147599e-01  -5.9994961331e-01
3.274743  -3.7891514755e-01  2.2388267675e-01  -6.0279782430e-01
3.275855  -3.8037779236e-01  2.2513900268e-01  -6.0551679504e-01
3.276966  -3.8184725813e-01  2.2620171189e-01  -6.0804897001e-01
3.278078  -3.8329414757e-01  2.2704764126e-01  -6.1034178883e-01
3.279189  -3.8468934614e-01  2.2765990870e-01  -6.1234925484e-01
3.280300  -3.8600488379e-01  2.2802843332e-01  -6.1403331711e-01
3.281412  -3.8721476668e-01  2.2815025781e-01  -6.1536502449e-01
3.282523  -3.8829575416e-01  2.2802966263e-01  -6.1632541679e-01
3.283634  -3.8922805782e-01  2.2767806792e-01  -6.1690612574e-01
3.284746  -3.8999594179e-01  2.2711372524e-01  -6.1710966703e-01
3.285857  -3.9058820595e-01  2.2636120725e-01  -6.1694941320e-01
3.286968  -3.9099853753e-01  2.2545070975e-01  -6.1644924729e-01
3.288080  -3.9122571995e-01  2.2441718575e-01  -6.1564290570e-01
3.289191  -3.9127369224e-01  2.2329933635e-01  -6.1457302859e-01
3.290303  -3.9115145665e-01  2.2213848763e-01  -6.1328994428e-01
3.291414  -3.9087283641e-01  2.2097738614e-01  -6.1185022256e-01
3.292525  -3.9045609029e-01  2.1985894787e-01  -6.1031503816e-01
3.293637  -3.8992339449e-01  2.1882499752e-01  -6.0874839200e-01
3.294748  -3.8930020674e-01  2.1791503502e-01  -6.0721524176e-01
3.295859  -3.8861453077e-01  2.1716506555e-01  -6.0577959632e-01
3.296971  -3.8789610232e-01  2.1660652777e-01  -6.0450263009e-01
3.298082  -3.8717552039e-01  2.1626535219e-01  -6.0344087258e-01
3.299193  -3.8648334916e-01  2.1616117766e-01  -6.0264452682e-01
3.300305  -3.8584921671e-01  2.1630674986e-01  -6.0215596657e-01
3.301416  -3.8530093721e-01  2.1670751996e-01  -6.0200845717e-01
3.302527  -3.8486368253e-01  2.1736145605e-01  -6.0222513858e-01
3.303639  -3.8455922774e-01  2.1825907385e-01  -6.0281830159e-01
3.304750  -3.8440529314e-01  2.1938368641e-01  -6.0378897955e-01
3.305862  -3.8441500257e-01  2.2071186645e-01  -6.0512686902e-01
3.306973  -3.8459647435e-01  2.2221410858e-01  -6.0681058293e-01
3.308084  -3.8495255753e-01  2.2385567254e-01  -6.0880823007e-01
3.309196  -3.8548072172e-01  2.2559758366e-01  -6.1107830538e-01
3.310307  -3.8617310445e-01  2.2739776140e-01  -6.1357086585e-01
3.311418  -3.8701671522e-01  2.2921224364e-01  -6.1622895886e-01
3.312530  -3.8799379091e-01  2.3099647080e-01  -6.1899026171e-01
3.313641  -3.8908229265e-01  2.3270659257e-01  -6.2178888522e-01
3.314752  -3.9025653011e-01  2.3430075873e-01  -6.2455728884e-01
3.315864  -3.9148789532e-01  2.3574035613e-01  -6.2722825145e-01
3.316975  -3.9274568484e-01  2.3699115532e-01  -6.2973684016e-01
3.318086  -3.9399798633e-01  2.3802433280e-01  -6.3202231913e-01
3.319198  -3.9521260385e-01  2.3881733821e-01  -6.3402994206e-01
3.320309  -3.9635799452e-01  2.3935458065e-01  -6.3571257516e-01
3.321421  -3.9740418916e-01  2.3962791302e-01  -6.3703210218e-01
3.322532  -3.9832366972e-01  2.3963689956e-01  -6.3796056929e-01
3.323643  -3.9909217733e-01  2.3938885777e-01  -6.3848103511e-01
3.324755  -3.9968942697e-01  2.3889867268e-01  -6.3858809965e-01
3.325866  -4.0009970737e-01  2.3818838802e-01  -6.3828809538e-01
3.326977  -4.0031234783e-01  2.3728658554e-01  -6.3759893337e-01
3.328089  -4.0032203791e-01  2.3622756975e-01  -6.3654960766e-01
3.329200  -4.0012898969e-01  2.3505038142e-01  -6.3517937111e-01
3.330311  -3.9973893745e-01  2.3379766814e-01  -6.3353660559e-01
3.331423  -3.9916297393e-01  2.3251444454e-01  -6.3167741847e-01
3.332534  -3.9841722743e-01  2.3124677825e-01  -6.2966400568e-01
3.333645  -3.9752238869e-01  2.3004043986e-01  -6.2756282855e-01
3.334757  -3.9650310066e-01  2.2893955647e-01  -6.2544265713e-01
3.335868  -3.9538722891e-01  2.2798530838e-01  -6.2337253729e-01
3.336980  -3.9420503345e-01  2.2721470737e-01  -6.2141974082e-01
3.338091  -3.9298826607e-01  2.2665949284e-01  -6.1964775892e-01
3.339202  -3.9176921960e-01  2.2634517865e-01  -6.1811439825e-01
3.340314  -3.9057975668e-01  2.2629027927e-01  -6.1687003595e-01
3.341425  -3.8945034686e-01  2.2650573866e-01  -6.1595608552e-01
3.342536  -3.8840914027e-01  2.2699457944e-01  -6.1540371971e-01
3.343648  -3.8748110534e-01  2.2775178351e-01  -6.1523288885e-01
3.344759  -3.8668725628e-01  2.2876440856e-01  -6.1545166484e-01
3.345870  -3.8604399348e-01  2.3001193780e-01  -6.1605593129e-01
3.346982  -3.8556257655e-01  2.3146685378e-01  -6.1702943033e-01
3.348093  -3.8524874633e-01  2.3309541999e-01  -6.1834416632e-01
3.349204  -3.8510250734e-01  2.3485864835e-01  -6.1996115569e-01
3.350316  -3.8511807795e-01  2.3671342471e-01  -6.2183150266e-01
3.351427  -3.8528401022e-01  2.3861375986e-01  -6.2389777008e-01
3.352539  -3.8558347670e-01  2.4051212993e-01  -6.2609560663e-01
3.353650  -3.8599471626e-01  2.4236086699e-01  -6.2835558325e-01
3.354761  -3.8649162662e-01  2.4411355916e-01  -6.3060518578e-01
3.355873  -3.8704448656e-01  2.4572641921e-01  -6.3277090577e-01
3.356984  -3.8762078701e-01  2.4715958128e-01  -6.3478036830e-01
3.358095  -3.8818614717e-01  2.4837828730e-01  -6.3656443447e-01
3.359207  -3.8870528875e-01  2.4935392773e-01  -6.3805921648e-01
3.360318  -3.8914304005e-01  2.5006490570e-01  -6.3920794575e-01
3.361429  -3.8946534022e-01  2.5049729825e-01  -6.3996263847e-01
3.362541  -3.8964021440e-01  2.5064529451e-01  -6.4028550891e-01
3.363652  -3.8963869052e-01  2.5051139714e-01  -6.4015008766e-01
3.364763  -3.8943563094e-01  2.5010638012e-01  -6.3954201106e-01
3.365875  -3.8901045375e-01  2.4944900324e-01  -6.3845945699e-01
3.366986  -3.8834772229e-01  2.4856549068e-01  -6.3691321298e-01
3.368098  -3.8743758503e-01  2.4748878814e-01  -6.3492637317e-01
3.369209  -3.8627605212e-01  2.4625761945e-01  -6.3253367156e-01
3.370320  -3.8486510011e-01  2.4491536970e-01  -6.2978046981e-01
3.371432  -3.8321260096e-01  2.4350882693e-01  -6.2672142789e-01
3.372543  -3.8133207691e-01  2.4208681888e-01  -6.2341889579e-01
3.373654  -3.7924228775e-01  2.4069878448e-01  -6.1994107223e-01
3.374766  -3.7696666220e-01  2.3939332173e-01  -6.1635998394e-01
3.375877  -3.7453258947e-01  2.3821675470e-01  -6.1274934417e-01
3.376988  -3.7197059161e-01  2.3721176167e-01  -6.0918235328e-01
3.378100  -3.6931340049e-01  2.3641610519e-01  -6.0572950568e-01
3.379211  -3.6659496658e-01  2.3586150155e-01  -6.0245646813e-01
3.380323  -3.6384942832e-01  2.3557266363e-01  -5.9942209195e-01
3.381434  -3.6111007261e-01  2.3556654584e-01  -5.9667661845e-01
3.382545  -3.5840831703e-01  2.3585181423e-01  -5.9426013126e-01
3.383657  -3.5577274407e-01  2.3642855803e-01  -5.9220130210e-01
3.384768  -3.5322821602e-01  2.3728825234e-01  -5.9051646836e-01
3.385879  -3.5079509705e-01  2.3841397382e-01  -5.8920907087e-01
3.386991  -3.4848860604e-01  2.3978086410e-01  -5.8826947014e-01
3.388102  -3.4631831960e-01  2.4135682835e-01  -5.8767514794e-01
3.389213  -3.4428784076e-01  2.4310344926e-01  -5.8739129002e-01
3.390325  -3.4239464373e-01  2.4497709054e-01  -5.8737173427e-01
3.391436  -3.4063009994e-01  2.4693015817e-01  -5.8756025810e-01
3.392547  -3.3897968549e-01  2.4891248299e-01  -5.8789216848e-01
3.393659  -3.3742336446e-01  2.5087278451e-01  -5.8829614897e-01
3.394770  -3.3593613751e-01  2.5276017308e-01  -5.8869631059e-01
3.395882  -3.3448874024e-01  2.5452564664e-01  -5.8901438687e-01
3.396993  -3.3304847116e-01  2.5612353788e-01  -5.8917200904e-01
3.398104  -3.3158012551e-01  2.5751286912e-01  -5.8909299463e-01
3.399216  -3.3004700748e-01  2.5865857475e-01  -5.8870558223e-01
3.400327  -3.2841199148e-01  2.5953255469e-01  -5.8794454617e-01
3.401438  -3.2663860104e-01  2.6011452743e-01  -5.8675312848e-01
3.402550  -3.2469207377e-01  2.6039265649e-01  -5.8508473026e-01
3.403661  -3.2254038049e-01  2.6036393129e-01  -5.8290431178e-01
3.404772  -3.2015516864e-01  2.6003429002e-01  -5.8018945866e-01
3.405884  -3.1751260132e-01  2.5941848009e-01  -5.7693108140e-01
3.406995  -3.1459406708e-01  2.5853965897e-01  -5.7313372605e-01
3.408106  -3.1138673879e-01  2.5742874638e-01  -5.6881548517e-01
3.409218  -3.0788396443e-01  2.5612354570e-01  -5.6400751012e-01
3.410329  -3.0408547764e-01  2.5466765953e-01  -5.5875313717e-01
3.411441  -2.9999742112e-01  2.5310923057e-01  -5.5310665170e-01
3.412552  -2.9563218127e-01  2.5149954399e-01  -5.4713172525e-01
3.413663  -2.9100803836e-01  2.4989153183e-01  -5.4089957019e-01
3.414775  -2.8614864184e-01  2.4833822317e-01  -5.3448686502e-01
3.415886  -2.8108232545e-01  2.4689118515e-01  -5.2797351060e-01
3.416997  -2.7584128198e-01  2.4559900075e-01  -5.2144028272e-01
3.418109  -2.7046062136e-01  2.4450582832e-01  -5.1496644968e-01
3.419220  -2.6497733962e-01  2.4365008530e-01  -5.0862742492e-01
3.420331  -2.5942922873e-01  2.4306329547e-01  -5.0249252420e-01
3.421443  -2.5385375956e-01  2.4276913426e-01  -4.9662289382e-01
3.422554  -2.4828697070e-01  2.4278270084e-01  -4.9106967154e-01
3.423665  -2.4276239626e-01  2.4311003953e-01  -4.8587243579e-01
3.424777  -2.3731006443e-01  2.4374792529e-01  -4.8105798972e-01
3.425888  -2.3195559682e-01  2.4468392099e-01  -4.7663951781e-01
3.427000  -2.2671943561e-01  2.4589670556e-01  -4.7261614117e-01
3.428111  -2.2161622200e-01  2.4735666468e-01  -4.6897288668e-01
3.429222  -2.1665434493e-01  2.4902672763e-01  -4.6568107256e-01
3.430334  -2.1183567416e-01  2.5086342667e-01  -4.6269910084e-01
3.431445  -2.0715548641e-01  2.5281814877e-01  -4.5997363517e-01
3.432556  -2.0260258745e-01  2.5483854360e-01  -4.5744113105e-01
3.433668  -1.9815962753e-01  2.5687004719e-01  -4.5502967472e-01
3.434779  -1.9380360133e-01  2.5885747670e-01  -4.5266107803e-01
3.435890  -1.8950651859e-01  2.6074664998e-01  -4.5025316857e-01
3.437002  -1.8523622619e-01  2.6248598221e-01  -4.4772220840e-01
3.438113  -1.8095735786e-01  2.6402801278e-01  -4.4498537064e-01
3.439224  -1.7663238395e-01  2.6533081712e-01  -4.4196320107e-01
3.440336  -1.7222273058e-01  2.6635926156e-01  -4.3858199214e-01
3.441447  -1.6768993507e-01  2.6708606382e-01  -4.3477599889e-01
3.442559  -1.6299680373e-01  2.6749262694e-01  -4.3048943067e-01
3.443670  -1.5810853746e-01  2.6756962146e-01  -4.2567815892e-01
3.444781  -1.5299379167e-01  2.6731729756e-01  -4.2031108923e-01
3.445893  -1.4762563867e-01  2.6674551698e-01  -4.1437115566e-01
3.447004  -1.4198240360e-01  2.6587350259e-01  -4.0785590619e-01
3.448115  -1.3604834825e-01  2.6472931178e-01  -4.0077766003e-01
3.449227  -1.2981418197e-01  2.6334904815e-01  -3.9316323012e-01
3.450338  -1.2327738343e-01  2.6177583345e-01  -3.8505321688e-01
3.451449  -1.1644232282e-01  2.6005856907e-01  -3.7650089190e-01
3.452561  -1.0932017985e-01  2.5825052260e-01  -3.6757070246e-01
3.453672  -1.0192865884e-01  2.5640778027e-01  -3.5833643911e-01
3.454783  -9.4291508345e-02  2.5458761018e-01  -3.4887911853e-01
3.455895  -8.6437858518e-02  2.5284678411e-01  -3.3928464263e-01
3.457006  -7.8401394801e-02  2.5123990690e-01  -3.2964130170e-01
3.458118  -7.0219391562e-02  2.4981780268e-01  -3.2003719425e-01
3.459229  -6.1931633512e-02  2.4862600551e-01  -3.1055763902e-01
3.460340  -5.3579256139e-02  2.4770339914e-01  -3.0128265528e-01
3.461452  -4.5203539005e-02  2.4708104668e-01  -2.9228458569e-01
3.462563  -3.6844687248e-02  2.4678124502e-01  -2.8362593227e-01
3.463674  -2.8540637148e-02  2.4681683297e-01  -2.7535747012e-01
3.464786  -2.0325921097e-02  2.4719077440e-01  -2.6751669549e-01
3.465897  -1.2230625662e-02  2.4789602965e-01  -2.6012665531e-01
3.467008  -4.2794738790e-03  2.4891572034e-01  -2.5319519422e-01
3.468120  3.5089406577e-03  2.5022358380e-01  -2.4671464314e-01
3.469231  1.1122744701e-02  2.5178470504e-01  -2.4066196034e-01
3.470343  1.8557183110e-02  2.5355650582e-01  -2.3499932271e-01
3.471454  2.5814810966e-02  2.5548996291e-01  -2.2967515194e-01
3.472565  3.2905473583e-02  2.5753102062e-01  -2.2462554703e-01
3.473677  3.9846074177e-02  2.5962215688e-01  -2.1977608271e-01
3.474788  4.6660135269e-02  2.6170405763e-01  -2.1504392236e-01
3.475899  5.3377166010e-02  2.6371735053e-01  -2.1034018453e-01
3.477011  6.0031853423e-02  2.6560434764e-01  -2.0557249421e-01
3.478122  6.6663100843e-02  2.6731074551e-01  -2.0064764467e-01
3.479233  7.3312941466e-02  2.6878723299e-01  -1.9547429152e-01
3.480345  8.0025358739e-02  2.6999095875e-01  -1.8996560001e-01
3.481456  8.6845048210e-02  2.7088681512e-01  -1.8404176691e-01
3.482567  9.3816157357e-02  2.7144849963e-01  -1.7763234228e-01
3.483679  1.0098104071e-01  2.7165932217e-01  -1.7067828146e-01
3.484790  1.0837906727e-01  2.7151273300e-01  -1.6313366573e-01
3.485902  1.1604551594e-01  2.7101255508e-01  -1.5496703915e-01
3.487013  1.2401059203e-01  2.7017291243e-01  -1.4616232040e-01
3.488124  1.3229859469e-01  2.6901785558e-01  -1.3671926089e-01
3.489236  1.4092726051e-01  2.6758069375e-01  -1.2665343324e-01
3.490347  1.4990730378e-01  2.6590305224e-01  -1.1599574846e-01
3.491458  1.5924216763e-01  2.6403368149e-01  -1.0479151386e-01
3.492570  1.6892799462e-01  2.6202705181e-01  -9.3099057194e-02
3.493681  1.7895381852e-01  2.5994177425e-01  -8.0987955728e-02
3.494792  1.8930197250e-01  2.5783889307e-01  -6.8536920564e-02
3.495904  1.9994870262e-01  2.5578009965e-01  -5.5831397029e-02
3.497015  2.1086496926e-01  2.5382591987e-01  -4.2960950609e-02
3.498126  2.2201741349e-01  2.5203392806e-01  -3.0016514575e-02
3.499238  2.3336946032e-01  2.5045704020e-01  -1.7087579887e-02
3.500349  2.4488252663e-01  2.4914193671e-01  -4.2594100783e-03
3.501461  2.5651729829e-01  2.4812766177e-01  8.3896365227e-03
3.502572  2.6823503867e-01  2.4744444106e-01  2.0790597604e-02
3.503683  2.7999888972e-01  2.4711275350e-01  3.2886136226e-02
3.504795  2.9177512683e-01  2.4714268528e-01  4.4632441548e-02
3.505906  3.0353432963e-01  2.4753358652e-01  5.6000743109e-02
3.507017  3.1525243359e-01  2.4827404166e-01  6.6978391938e-02
3.508129  3.2691163022e-01  2.4934215592e-01  7.7569474306e-02
3.509240  3.3850108824e-01  2.5070615072e-01  8.7794937521e-02
3.510351  3.5001747330e-01  2.5232525186e-01  9.7692221435e-02
3.511463  3.6146524942e-01  2.5415084554e-01  1.0731440388e-01
3.512574  3.7285675209e-01  2.5612786951e-01  1.1672888258e-01
3.513685  3.8421202931e-01  2.5819639943e-01  1.2601562988e-01
3.514797  3.9555845405e-01  2.6029338467e-01  1.3526506938e-01
3.515908  4.0693011813e-01  2.6235448324e-01  1.4457563489e-01
3.517020  4.1836702432e-01  2.6431594235e-01  1.5405108197e-01
3.518131  4.2991409928e-01  2.6611646962e-01  1.6379762966e-01
3.519242  4.4162005566e-01  2.6769903998e-01  1.7392101568e-01
3.520354  4.5353613600e-01  2.6901258486e-01  1.8452355114e-01
3.521465  4.6571477507e-01  2.7001351372e-01  1.9570126135e-01
3.522576  4.7820821964e-01  2.7066702237e-01  2.0754119728e-01
3.523688  4.9106714633e-01  2.7094814894e-01  2.2011899739e-01
3.524799  5.0433931826e-01  2.7084254544e-01  2.3349677282e-01
3.525910  5.1806832057e-01  2.7034694093e-01  2.4772137965e-01
3.527022  5.3229241244e-01  2.6946928152e-01  2.6282313092e-01
3.528133  5.4704353017e-01  2.6822854182e-01  2.7881498834e-01
3.529244  5.6234647159e-01  2.6665421178e-01  2.9569225982e-01
3.530356  5.7821828677e-01  2.6478547282e-01  3.1343281395e-01
3.531467  5.9466789396e-01  2.6267008610e-01  3.3199780786e-01
3.532579  6.1169593340e-01  2.6036302429e-01  3.5133290911e-01
3.533690  6.2929486413e-01  2.5792488595e-01  3.7136997818e-01
3.534801  6.4744930240e-01  2.5542013823e-01  3.9202916416e-01
3.535913  6.6613659247e-01  2.5291523871e-01  4.1322135376e-01
3.537024  6.8532759408e-01  2.5047669089e-01  4.3485090319e-01
3.538135  7.0498766420e-01  2.4816909036e-01  4.5681857384e-01
3.539247  7.2507780463e-01  2.4605321874e-01  4.7902458589e-01
3.540358  7.4555594236e-01  2.4418424161e-01  5.0137170075e-01
3.541469  7.6637830495e-01  2.4261006384e-01  5.2376824111e-01
3.542581  7.8750085054e-01  2.4136989106e-01  5.4613095948e-01
3.543692  8.0888071019e-01  2.4049304052e-01  5.6838766967e-01
3.544804  8.3047759942e-01  2.3999803718e-01  5.9047956223e-01
3.545915  8.5225515685e-01  2.3989202278e-01  6.1236313407e-01
3.547026  8.7418216946e-01  2.4017049650e-01  6.3401167297e-01
3.548138  8.9623364733e-01  2.4081739626e-01  6.5541625106e-01
3.549249  9.1839171477e-01  2.4180551965e-01  6.7658619513e-01
3.550360  9.4064629039e-01  2.4309727347e-01  6.9754901692e-01
3.551472  9.6299553417e-01  2.4464573145e-01  7.1834980273e-01
3.552583  9.8544604714e-01  2.4639597016e-01  7.3905007698e-01
3.553694  1.0080128157e+00  2.4828664523e-01  7.5972617050e-01
3.554806  1.0307189012e+00  2.5025176248e-01  7.8046713868e-01
3.555917  1.0535948812e+00  2.5222259297e-01  8.0137228823e-01
3.557028  1.0766780593e+00  2.5412967612e-01  8.2254838321e-01
3.558140  1.1000114634e+00  2.5590485279e-01  8.4410661064e-01
3.559251  1.1236426621e+00  2.5748326849e-01  8.6615939365e-01
3.560363  1.1476224329e+00  2.5880528797e-01  8.8881714494e-01
3.561474  1.1720033204e+00  2.5981826466e-01  9.1218505579e-01
3.562585  1.1968381274e+00  2.6047811233e-01  9.3636001503e-01
3.563697  1.2221783816e+00  2.6075063215e-01  9.6142774942e-01
3.564808  1.2480728255e+00  2.6061255504e-01  9.8746027049e-01
3.565919  1.2745659726e+00  2.6005226781e-01  1.0145137048e+00
3.567031  1.3016967732e+00  2.5907020019e-01  1.0426265730e+00
3.568142  1.3294974319e+00  2.5767886016e-01  1.0718185717e+00
3.569253  1.3579924102e+00  2.5590251515e-01  1.1020898951e+00
3.570365  1.3871976476e+00  2.5377652681e-01  1.1334211208e+00
3.571476  1.4171200236e+00  2.5134635769e-01  1.1657736659e+00
3.572587  1.4477570793e+00  2.4866627737e-01  1.1990908020e+00
3.573699  1.4790970091e+00  2.4579780512e-01  1.2332992039e+00
3.574810  1.5111189225e+00  2.4280793329e-01  1.2683109892e+00
3.575922  1.5437933730e+00  2.3976718309e-01  1.3040261899e+00
3.577033  1.5770831382e+00  2.3674754878e-01  1.3403355894e+00
3.578144  1.6109442299e+00  2.3382039042e-01  1.3771238395e+00
3.579256  1.6453271081e+00  2.3105433661e-01  1.4142727715e+00
3.580367  1.6801780612e+00  2.2851325893e-01  1.4516648023e+00
3.581478  1.7154407165e+00  2.2625437775e-01  1.4891863387e+00
3.582590  1.7510576340e+00  2.2432655563e-01  1.5267310784e+00
3.583701  1.7869719405e+00  2.2276882902e-01  1.5642031115e+00
3.584812  1.8231289537e+00  2.2160922247e-01  1.6015197312e+00
3.585924  1.8594777497e+00  2.2086388122e-01  1.6386138685e+00
3.587035  1.8959726280e+00  2.2053654892e-01  1.6754360791e+00
3.588146  1.9325744300e+00  2.2061840727e-01  1.7119560227e+00
3.589258  1.9692516706e+00  2.2108828375e-01  1.7481633869e+00
3.590369  2.0059814514e+00  2.2191322273e-01  1.7840682286e+00
3.591481  2.0427501244e+00  2.2304940487e-01  1.8197007195e+00
3.592592  2.0795536884e+00  2.2444338904e-01  1.8551102993e+00
3.593703  2.1163979028e+00  2.2603364173e-01  1.8903642611e+00
3.594815  2.1532981167e+00  2.2775231018e-01  1.9255458065e+00
3.595926  2.1902788143e+00  2.2952718816e-01  1.9607516261e+00
3.597037  2.2273728916e+00  2.3128381747e-01  1.9960890742e+00
3.598149  2.2646206829e+00  2.3294766405e-01  2.0316730188e+00
3.599260  2.3020687646e+00  2.3444630499e-01  2.0676224597e+00
3.600371  2.3397685729e+00  2.3571156240e-01  2.1040570105e+00
3.601483  2.3777748728e+00  2.3668152123e-01  2.1410933516e+00
3.602594  2.4161441252e+00  2.3730237120e-01  2.1788417540e+00
3.603705  2.4549327998e+00  2.3753001821e-01  2.2174027816e+00
3.604817  2.4941956829e+00  2.3733141679e-01  2.2568642661e+00
3.605928  2.5339842317e+00  2.3668558341e-01  2.2972986483e+00
3.607040  2.5743450230e+00  2.3558425966e-01  2.3387607634e+00
3.608151  2.6153183451e+00  2.3403220412e-01  2.3812861410e+00
3.609262  2.6569369728e+00  2.3204710311e-01  2.4248898696e+00
3.610374  2.6992251662e+00  2.2965910125e-01  2.4695660650e+00
3.611485  2.7421979227e+00  2.2690996400e-01  2.5152879587e+00
3.612596  2.7858605055e+00  2.2385189536e-01  2.5620086101e+00
3.613708  2.8302082665e+00  2.2054604396e-01  2.6096622226e+00
3.614819  2.8752267694e+00  2.1706074022e-01  2.6581660291e+00
3.615930  2.9208922105e+00  2.1346951515e-01  2.7074226954e+00
3.617042  2.9671721294e+00  2.0984895816e-01  2.7573231713e+00
3.618153  3.0140263869e+00  2.0627647607e-01  2.8077499108e+00
3.619264  3.0614083859e+00  2.0282801885e-01  2.8585803671e+00
3.620376  3.1092664992e+00  1.9957583865e-01  2.9096906606e+00
3.621487  3.1575456631e+00  1.9658634816e-01  2.9609593150e+00
3.622599  3.2061890916e+00  1.9391814155e-01  3.0122709501e+00
3.623710  3.2551400603e+00  1.9162023696e-01  3.0635198233e+00
3.624821  3.3043437083e+00  1.8973059290e-01  3.1146131154e+00
3.625933  3.3537488045e+00  1.8827494343e-01  3.1654738610e+00
3.627044  3.4033094260e+00  1.8726598761e-01  3.2160434384e+00
3.628155  3.4529864983e+00  1.8670295854e-01  3.2662835398e+00
3.629267  3.5027491504e+00  1.8657158617e-01  3.3161775643e+00
3.630378  3.5525758447e+00  1.8684445669e-01  3.3657313880e+00
3.631489  3.6024552453e+00  1.8748175957e-01  3.4149734857e+00
3.632601  3.6523867988e+00  1.8843240186e-01  3.4639543969e+00
3.633712  3.7023810076e+00  1.8963545864e-01  3.5127455490e+00
3.634824  3.7524593865e+00  1.9102191831e-01  3.5614374682e+00
3.635935  3.8026541008e+00  1.9251667268e-01  3.6101374281e+00
3.637046  3.8530072961e+00  1.9404069444e-01  3.6589666016e+00
3.638158  3.9035701367e+00  1.9551333874e-01  3.7080567980e+00
3.639269  3.9544015798e+00  1.9685470176e-01  3.7575468780e+00
3.640380  4.0055669193e+00  1.9798796719e-01  3.8075789521e+00
3.641492  4.0571361428e+00  1.9884167158e-01  3.8582944712e+00
3.642603  4.1091821472e+00  1.9935182159e-01  3.9098303256e+00
3.643714  4.1617788664e+00  1.9946380030e-01  3.9623150661e+00
3.644826  4.2149993654e+00  1.9913400560e-01  4.0158653598e+00
3.645937  4.2689139579e+00  1.9833117136e-01  4.0705827865e+00
3.647048  4.3235884019e+00  1.9703733115e-01  4.1265510708e+00
3.648160  4.3790822295e+00  1.9524839465e-01  4.1838338349e+00
3.649271  4.4354472595e+00  1.9297431809e-01  4.2424729414e+00
3.650383  4.4927263391e+00  1.9023886208e-01  4.3024874770e+00
3.651494  4.5509523536e+00  1.8707894192e-01  4.3638734116e+00
3.652605  4.6101475349e+00  1.8354358799e-01  4.4266039469e+00
3.653717  4.6703230923e+00  1.7969254494e-01  4.4906305473e+00
3.654828  4.7314791768e+00  1.7559454929e-01  4.5558846275e+00
3.655939  4.7936051852e+00  1.7132533474e-01  4.6222798504e+00
3.657051  4.8566803947e+00  1.6696542269e-01  4.6897149720e+00
3.658162  4.9206749130e+00  1.6259776187e-01  4.7580771511e+00
3.659273  4.9855509176e+00  1.5830528603e-01  4.8272456316e+00
3.660385  5.0512641493e+00  1.5416846090e-01  4.8970956884e+00
3.661496  5.1177656181e+00  1.5026289286e-01  4.9675027253e+00
3.662607  5.1850034716e+00  1.4665706959e-01  5.0383464020e+00
3.663719  5.2529249722e+00  1.4341029998e-01  5.1095146723e+00
3.664830  5.3214785257e+00  1.4057091469e-01  5.1809076110e+00
3.665942  5.3906156999e+00  1.3817478153e-01  5.2524409184e+00
3.667053  5.4602931754e+00  1.3624418064e-01  5.3240489948e+00
3.668164  5.5304745687e+00  1.3478707433e-01  5.3956874944e+00
3.669276  5.6011320726e+00  1.3379679474e-01  5.4673352779e+00
3.670387  5.6722478653e+00  1.3325216047e-01  5.5389957048e+00
3.671498  5.7438152426e+00  1.3311802076e-01  5.6106972219e+00
3.672610  5.8158394393e+00  1.3334621304e-01  5.6824932262e+00
3.673721  5.8883381111e+00  1.3387690777e-01  5.7544612033e+00
3.674832  5.9613414621e+00  1.3464030268e-01  5.8267011594e+00
3.675944  6.0348920094e+00  1.3555861827e-01  5.8993333911e+00
3.677055  6.1090439893e+00  1.3654833728e-01  5.9724956520e+00
3.678166  6.1838624201e+00  1.3752262333e-01  6.0463397968e+00
3.679278  6.2594218453e+00  1.3839384865e-01  6.1210279967e+00
3.680389  6.3358047926e+00  1.3907615677e-01  6.1967286359e+00
3.681501  6.4130999903e+00  1.3948798534e-01  6.2736120050e+00
3.682612  6.4914003926e+00  1.3955447435e-01  6.3518459183e+00
3.683723  6.5708010691e+00  1.3920968873e-01  6.4315913804e+00
3.684835  6.6513970204e+00  1.3839858885e-01  6.5129984315e+00
3.685946  6.7332809814e+00  1.3707868997e-01  6.5962022914e+00
3.687057  6.8165412782e+00  1.3522136023e-01  6.6813199179e+00
3.688169  6.9012597999e+00  1.3281271745e-01  6.7684470824e+00
3.689280  6.9875101463e+00  1.2985409638e-01  6.8576560499e+00
3.690391  7.0753560065e+00  1.2636207054e-01  6.9489939359e+00
3.691503  7.1648498162e+00  1.2236802614e-01  7.0424817900e+00
3.692614  7.2560317364e+00  1.1791729813e-01  7.1381144382e+00
3.693725  7.3489289833e+00  1.1306789191e-01  7.2358610914e+00
3.694837  7.4435555323e+00  1.0788882625e-01  7.3356667061e+00
3.695948  7.5399122061e+00  1.0245814422e-01  7.4374540619e+00
3.697060  7.6379871462e+00  9.6860649042e-02  7.5411264972e+00
3.698171  7.7377566569e+00  9.1185430147e-02  7.6465712268e+00
3.699282  7.8391863977e+00  8.5523251058e-02  7.7536631467e+00
3.700394  7.9422328918e+00  7.9963875230e-02  7.8622690166e+00
3.701505  8.0468453072e+00  7.4593408173e-02  7.9722518990e+00
3.702616  8.1529674593e+00  6.9491734032e-02  8.0834757253e+00
3.703728  8.2605399777e+00  6.4730122443e-02  8.1958098552e+00
3.704839  8.3695025727e+00  6.0369076835e-02  8.3091334959e+00
3.705950  8.4797963367e+00  5.6456488617e-02  8.4233398481e+00
3.707062  8.5913660098e+00  5.3026152998e-02  8.5383398568e+00
3.708173  8.7041621452e+00  5.0096691860e-02  8.6540654533e+00
3.709284  8.8181431071e+00  4.7670917361e-02  8.7704721897e+00
3.710396  8.9332768417e+00  4.5735657165e-02  8.8875411845e+00
3.711507  9.0495423669e+00  4.4262048752e-02  9.0052803182e+00
3.712619  9.1669309345e+00  4.3206296516e-02  9.1237246380e+00
3.713730  9.2854468274e+00  4.2510871725e-02  9.2429359557e+00
3.714841  9.4051077670e+00  4.2106122346e-02  9.3630016446e+00
3.715953  9.5259449133e+00  4.1912247505e-02  9.4840326658e+00
3.717064  9.6480024572e+00  4.1841580448e-02  9.6061608767e+00
3.718175  9.7713368110e+00  4.1801114504e-02  9.7295356965e+00
3.719287  9.8960154208e+00  4.1695199124e-02  9.8543202217e+00
3.720398  1.0022115230e+01  4.1428327682e-02  9.9806869021e+00
3.721509  1.0149720837e+01  4.0907935652e-02  1.0108812902e+01
3.722621  1.0278922404e+01  4.0047127061e-02  1.0238875277e+01
3.723732  1.0409813364e+01  3.8767248817e-02  1.0371046116e+01
3.724844  1.0542488008e+01  3.7000236539e-02  1.0505487772e+01
3.725955  1.0677039008e+01  3.4690661892e-02  1.0642348346e+01
3.727066  1.0813554956e+01  3.1797419781e-02  1.0781757537e+01
3.728178  1.0952117994e+01  2.8295004046e-02  1.0923822990e+01
3.729289  1.1092801589e+01  2.4174332099e-02  1.1068627257e+01
3.730400  1.1235668541e+01  1.9443091990e-02  1.1216225449e+01
3.731512  1.1380769272e+01  1.4125599250e-02  1.1366643673e+01
3.732623  1.1528140442e+01  8.2621651847e-03  1.1519878277e+01
3.733734  1.1677803951e+01  1.9079926271e-03  1.1675895959e+01
3.734846  1.1829766347e+01  -4.8683708994e-03  1.1834634717e+01
3.735957  1.1984018656e+01  -1.1986979525e-02  1.1996005636e+01
3.737068  1.2140536666e+01  -1.9358779866e-02  1.2159895446e+01
3.738180  1.2299281618e+01  -2.6888180940e-02  1.2326169799e+01
3.739291  1.2460201333e+01  -3.4475829251e-02  1.2494677162e+01
3.740403  1.2623231708e+01  -4.2021508732e-02  1.2665253216e+01
3.741514  1.2788298555e+01  -4.9427081158e-02  1.2837725636e+01
3.742625  1.2955319739e+01  -5.6599381027e-02  1.3011919120e+01
3.743737  1.3124207528e+01  -6.3452979808e-02  1.3187660507e+01
3.744848  1.3294871120e+01  -6.9912737839e-02  1.3364783858e+01
3.745959  1.3467219249e+01  -7.5916067955e-02  1.3543135317e+01
3.747071  1.3641162801e+01  -8.1414843013e-02  1.3722577644e+01
3.748182  1.3816617371e+01  -8.6376889527e-02  1.3902994260e+01
3.749293  1.3993505673e+01  -9.0787021498e-02  1.4084292695e+01
3.750405  1.4171759745e+01  -9.4647581720e-02  1.4266407327e+01
3.751516  1.4351322867e+01  -9.7978472146e-02  1.4449301339e+01
3.752627  1.4532151150e+01  -1.0081666973e-01  1.4632967820e+01
3.753739  1.4714214739e+01  -1.0321523923e-01  1.4817429979e+01
3.754850  1.4897498591e+01  -1.0524186926e-01  1.5002740461e+01
3.755962  1.5082002812e+01  -1.0697697200e-01  1.5188979784e+01
3.757073  1.5267742528e+01  -1.0851139978e-01  1.5376253928e+01
3.758184  1.5454747311e+01  -1.0994384363e-01  1.5564691155e+01
3.759296  1.5643060153e+01  -1.1137798805e-01  1.5754438141e+01
3.760407  1.5832736030e+01  -1.1291950412e-01  1.5945655534e+01
3.761518  1.6023840100e+01  -1.1467296817e-01  1.6138513068e+01
3.762630  1.6216445577e+01  -1.1673879563e-01  1.6333184372e+01
3.763741  1.6410631347e+01  -1.1921028006e-01  1.6529841627e+01
3.764852  1.6606479408e+01  -1.2217082432e-01  1.6728650232e+01
3.765964  1.6804072184e+01  -1.2569144610e-01  1.6929763630e+01
3.767075  1.7003489831e+01  -1.2982863196e-01  1.7133318463e+01
3.768186  1.7204807579e+01  -1.3462260470e-01  1.7339430184e+01
3.769298  1.7408093220e+01  -1.4009605660e-01  1.7548189277e+01
3.770409  1.7613404803e+01  -1.4625338811e-01  1.7759658191e+01
3.771521  1.7820788616e+01  -1.5308047687e-01  1.7973869093e+01
3.772632  1.8030277523e+01  -1.6054498635e-01  1.8190822510e+01
3.773743  1.8241889695e+01  -1.6859720793e-01  1.8410486903e+01
3.774855  1.8455627796e+01  -1.7717141455e-01  1.8632799211e+01
3.775966  1.8671478648e+01  -1.8618768877e-01  1.8857666337e+01
3.777077  1.8889413386e+01  -1.9555417431e-01  1.9084967560e+01
3.778189  1.9109388110e+01  -2.0516968737e-01  1.9314557797e+01
3.779300  1.9331345027e+01  -2.1492661307e-01  1.9546271640e+01
3.780411  1.9555214040e+01  -2.2471400389e-01  1.9779928043e+01
3.781523  1.9780914759e+01  -2.3442079050e-01  2.0015335550e+01
3.782634  2.0008358875e+01  -2.4393901161e-01  2.0252297887e+01
3.783745  2.0237452823e+01  -2.5316696863e-01  2.0490619792e+01
3.784857  2.0468100676e+01  -2.6201221246e-01  2.0730112888e+01
3.785968  2.0700207175e+01  -2.7039427439e-01  2.0970601450e+01
3.787080  2.0933680819e+01  -2.7824705995e-01  2.1211927879e+01
3.788191  2.1168436908e+01  -2.8552083409e-01  2.1453957742e+01
3.789302  2.1404400480e+01  -2.9218373784e-01  2.1696584218e+01
3.790414  2.1641509020e+01  -2.9822278962e-01  2.1939731810e+01
3.791525  2.1879714888e+01  -3.0364433971e-01  2.2183359228e+01
3.792636  2.2118987381e+01  -3.0847396185e-01  2.2427461343e+01
3.793748  2.2359314363e+01  -3.1275578249e-01  2.2672070146e+01
3.794859  2.2600703420e+01  -3.1655126472e-01  2.2917254685e+01
3.795970  2.2843182492e+01  -3.1993747988e-01  2.3163119972e+01
3.797082  2.3086799967e+01  -3.2300491492e-01  2.3409804882e+01
3.798193  2.3331624227e+01  -3.2585487772e-01  2.3657479105e+01
3.799305  2.3577742649e+01  -3.2859657427e-01  2.3906339224e+01
3.800416  2.3825260092e+01  -3.3134394184e-01  2.4156604033e+01
3.801527  2.4074296902e+01  -3.3421232976e-01  2.4408509231e+01
3.802639  2.4324986499e+01  -3.3731512436e-01  2.4662301624e+01
3.803750  2.4577472603e+01  -3.4076041666e-01  2.4918233020e+01
3.804861  2.4831906172e+01  -3.4464781084e-01  2.5176553982e+01
3.805973  2.5088442156e+01  -3.4906546758e-01  2.5437507624e+01
3.807084  2.5347236147e+01  -3.5408747033e-01  2.5701323617e+01
3.808195  2.5608441012e+01  -3.5977159325e-01  2.5968212605e+01
3.809307  2.5872203634e+01  -3.6615753829e-01  2.6238361172e+01
3.810418  2.6138661830e+01  -3.7326569569e-01  2.6511927525e+01
3.811529  2.6407941546e+01  -3.8109646669e-01  2.6789038013e+01
3.812641  2.6680154424e+01  -3.8963017150e-01  2.7069784595e+01
3.813752  2.6955395791e+01  -3.9882754805e-01  2.7354223339e+01
3.814864  2.7233743160e+01  -4.0863083025e-01  2.7642373990e+01
3.815975  2.7515255263e+01  -4.1896537698e-01  2.7934220640e+01
3.817086  2.7799971671e+01  -4.2974180719e-01  2.8229713478e+01
3.818198  2.8087913005e+01  -4.4085858109e-01  2.8528771586e+01
3.819309  2.8379081738e+01  -4.5220495427e-01  2.8831286693e+01
3.820420  2.8673463576e+01  -4.6366422009e-01  2.9137127796e+01
3.821532  2.8971029368e+01  -4.7511714691e-01  2.9446146515e+01
3.822643  2.9271737515e+01  -4.8644551056e-01  2.9758183025e+01
3.823754  2.9575536792e+01  -4.9753561888e-01  3.0073072411e+01
3.824866  2.9882369516e+01  -5.0828172517e-01  3.0390651241e+01
3.825977  3.0192174964e+01  -5.1858922976e-01  3.0710764194e+01
3.827088  3.0504892953e+01  -5.2837757480e-01  3.1033270527e+01
3.828200  3.0820467459e+01  -5.3758274574e-01  3.1358050205e+01
3.829311  3.1138850201e+01  -5.4615930380e-01  3.1685009505e+01
3.830423  3.1460004047e+01  -5.5408188753e-01  3.2014085935e+01
3.831534  3.1783906175e+01  -5.6134613605e-01  3.2345252311e+01
3.832645  3.2110550869e+01  -5.6796900389e-01  3.2678519873e+01
3.833757  3.2439951885e+01  -5.7398845449e-01  3.3013940340e+01
3.834868  3.2772144291e+01  -5.7946253773e-01  3.3351606829e+01
3.835979  3.3107185743e+01  -5.8446787476e-01  3.3691653617e+01
3.837091  3.3445157140e+01  -5.8909759110e-01  3.4034254731e+01
3.838202  3.3786162639e+01  -5.9345875490e-01  3.4379621394e+01
3.839313  3.4130329015e+01  -5.9766939253e-01  3.4727998408e+01
3.840425  3.4477804384e+01  -6.0185516595e-01  3.5079659550e+01
3.841536  3.4828756313e+01  -6.0614580703e-01  3.5434902120e+01
3.842647  3.5183369369e+01  -6.1067141130e-01  3.5794040780e+01
3.843759  3.5541842164e+01  -6.1555869865e-01  3.6157400863e+01
3.844870  3.5904383980e+01  -6.2092734965e-01  3.6525311330e+01
3.845982  3.6271211061e+01  -6.2688652496e-01  3.6898097586e+01
3.847093  3.6642542674e+01  -6.3353167020e-01  3.7276074344e+01
3.848204  3.7018597051e+01  -6.4094170130e-01  3.7659538753e+01
3.849316  3.7399587321e+01  -6.4917665428e-01  3.8048763975e+01
3.850427  3.7785717542e+01  -6.5827587092e-01  3.8443993413e+01
3.851538  3.8177178954e+01  -6.6825677595e-01  3.8845435730e+01
3.852650  3.8574146556e+01  -6.7911428497e-01  3.9253260841e+01
3.853761  3.8976776090e+01  -6.9082086388e-01  3.9667596953e+01
3.854872  3.9385201547e+01  -7.0332724169e-01  4.0088528788e+01
3.855984  3.9799533239e+01  -7.1656375971e-01  4.0516096999e+01
3.857095  4.0219856509e+01  -7.3044232144e-01  4.0950298830e+01
3.858206  4.0646231108e+01  -7.4485888968e-01  4.1391089998e+01
3.859318  4.1078691272e+01  -7.5969646124e-01  4.1838387733e+01
3.860429  4.1517246477e+01  -7.7482843529e-01  4.2292074912e+01
3.861541  4.1961882874e+01  -7.9012227959e-01  4.2752005154e+01
3.862652  4.2412565347e+01  -8.0544338929e-01  4.3218008736e+01
3.863763  4.2869240144e+01  -8.2065902736e-01  4.3689899172e+01
3.864875  4.3331838007e+01  -8.3564223200e-01  4.4167480239e+01
3.865986  4.3800277706e+01  -8.5027557752e-01  4.4650553283e+01
3.867097  4.4274469879e+01  -8.6445467808e-01  4.5138924557e+01
3.868209  4.4754321070e+01  -8.7809133097e-01  4.5632412401e+01
3.869320  4.5239737835e+01  -8.9111620598e-01  4.6130854041e+01
3.870431  4.5730630814e+01  -9.0348099998e-01  4.6634111814e+01
3.871543  4.6226918640e+01  -9.1515999098e-01  4.7142078631e+01
3.872654  4.6728531560e+01  -9.2615094311e-01  4.7654682503e+01
3.873765  4.7235414684e+01  -9.3647533242e-01  4.8171890017e+01
3.874877  4.7747530746e+01  -9.4617788319e-01  4.8693708629e+01
3.875988  4.8264862295e+01  -9.5532542409e-01  4.9220187719e+01
3.877100  4.8787413260e+01  -9.6400509378e-01  4.9751418353e+01
3.878211  4.9315209827e+01  -9.7232194408e-01  5.0287531771e+01
3.879322  4.9848300607e+01  -9.8039600711e-01  5.0828696614e+01
3.880434  5.0386756080e+01  -9.8835890831e-01  5.1375114989e+01
3.881545  5.0930667333e+01  -9.9635012113e-01  5.1927017454e+01
3.882656  5.1480144114e+01  -1.0045129700e+00  5.2484657084e+01
3.883768  5.2035312272e+01  -1.0129904958e+00  5.3048302768e+01
3.884879  5.2596310636e+01  -1.0219213038e+00  5.3618231940e+01
3.885990  5.3163287436e+01  -1.0314355126e+00  5.4194722948e+01
3.887102  5.3736396354e+01  -1.0416509242e+00  5.4778047278e+01
3.888213  5.4315792337e+01  -1.0526695253e+00  5.5368461862e+01
3.889325  5.4901627269e+01  -1.0645744239e+00  5.5966201693e+01
3.890436  5.5494045658e+01  -1.0774273131e+00  5.6571472971e+01
3.891547  5.6093180432e+01  -1.0912665359e+00  5.7184446968e+01
3.892659  5.6699149002e+01  -1.1061058127e+00  5.7805254815e+01
3.893770  5.7312049685e+01  -1.1219336710e+00  5.8433983356e+01
3.894881  5.7931958601e+01  -1.1387135960e+00  5.9070672197e+01
3.895993  5.8558927159e+01  -1.1563849042e+00  5.9715312063e+01
3.897104  5.9192980174e+01  -1.1748643166e+00  6.0367844490e+01
3.898215  5.9834114716e+01  -1.1940481896e+00  6.1028162906e+01
3.899327  6.0482299706e+01  -1.2138153441e+00  6.1696115050e+01
3.900438  6.1137476283e+01  -1.2340304119e+00  6.2371506695e+01
3.901549  6.1799558957e+01  -1.2545476073e+00  6.3054106565e+01
3.902661  6.2468437493e+01  -1.2752148162e+00  6.3743652309e+01
3.903772  6.3143979508e+01  -1.2958778861e+00  6.4439857394e+01
3.904884  6.3826033698e+01  -1.3163849951e+00  6.5142418694e+01
3.905995  6.4514433615e+01  -1.3365909730e+00  6.5851024588e+01
3.907106  6.5209001888e+01  -1.3563614512e+00  6.6565363339e+01
3.908218  6.5909554782e+01  -1.3755767198e+00  6.7285131502e+01
3.909329  6.6615906956e+01  -1.3941351803e+00  6.8010042136e+01
3.910440  6.7327876299e+01  -1.4119562924e+00  6.8739832592e+01
3.911552  6.8045288707e+01  -1.4289829273e+00  6.9474271634e+01
3.912663  6.8767982657e+01  -1.4451830591e+00  7.0213165716e+01
3.913774  6.9495813468e+01  -1.4605507407e+00  7.0956364208e+01
3.914886  7.0228657108e+01  -1.4751063351e+00  7.1703763443e+01
3.915997  7.0966413457e+01  -1.4888959922e+00  7.2455309449e+01
3.917108  7.1709008913e+01  -1.5019903830e+00  7.3210999296e+01
3.918220  7.2456398296e+01  -1.5144827260e+00  7.3970881022e+01
3.919331  7.3208565961e+01  -1.5264861597e+00  7.4735052120e+01
3.920443  7.3965526113e+01  -1.5381305351e+00  7.5503656648e+01
3.921554  7.4727322312e+01  -1.5495587189e+00  7.6276881031e+01
3.922665  7.5494026172e+01  -1.5609225134e+00  7.7054948685e+01
3.923777  7.6265735299e+01  -1.5723783078e+00  7.7838113607e+01
3.924888  7.7042570536e+01  -1.5840825887e+00  7.8626653124e+01
3.925999  7.7824672575e+01  -1.5961874368e+00  7.9420860011e+01
3.927111  7.8612198064e+01  -1.6088361415e+00  8.0221034205e+01
3.928222  7.9405315298e+01  -1.6221590598e+00  8.1027474358e+01
3.929333  8.0204199637e+01  -1.6362698412e+00  8.1840469479e+01
3.930445  8.1009028781e+01  -1.6512621281e+00  8.2660290909e+01
3.931556  8.1819978044e+01  -1.6672068289e+00  8.3487184873e+01
3.932667  8.2637215774e+01  -1.6841500451e+00  8.4321365819e+01
3.933779  8.3460899040e+01  -1.7021117132e+00  8.5163010753e+01
3.934890  8.4291169747e+01  -1.7210850042e+00  8.6012254751e+01
3.936002  8.5128151260e+01  -1.7410364983e+00  8.6869187758e+01
3.937113  8.5971945675e+01  -1.7619071333e+00  8.7733852808e+01
3.938224  8.6822631804e+01  -1.7836139007e+00  8.8606245704e+01
3.939336  8.7680263941e+01  -1.8060522415e+00  8.9486316182e+01
3.940447  8.8544871463e+01  -1.8290990739e+00  9.0373970537e+01
3.941558  8.9416459269e+01  -1.8526163665e+00  9.1269075636e+01
3.942670  9.0295009060e+01  -1.8764551543e+00  9.2171464214e+01
3.943781  9.1180481422e+01  -1.9004598802e+00  9.3080941302e+01
3.944892  9.2072818670e+01  -1.9244729378e+00  9.3997291608e+01
3.946004  9.2971948350e+01  -1.9483392806e+00  9.4920287630e+01
3.947115  9.3877787323e+01  -1.9719109659e+00  9.5849698289e+01
3.948226  9.4790246303e+01  -1.9950514973e+00  9.6785297800e+01
3.949338  9.5709234715e+01  -2.0176398394e+00  9.7726874554e+01
3.950449  9.6634665738e+01  -2.0395739857e+00  9.8674239724e+01
3.951561  9.7566461376e+01  -2.0607739726e+00  9.9627235349e+01
3.952672  9.8504557408e+01  -2.0811842507e+00  1.0058574166e+02
3.953783  9.9448908068e+01  -2.1007753402e+00  1.0154968341e+02
3.954895  1.0039949031e+02  -2.1195447193e+00  1.0251903503e+02
3.956006  1.0135630751e+02  -2.1375169177e+00  1.0349382442e+02
3.957117  1.0231939252e+02  -2.1547428082e+00  1.0447413533e+02
3.958229  1.0328880998e+02  -2.1712981147e+00  1.0546010809e+02
3.959340  1.0426465765e+02  -2.1872811769e+00  1.0645193883e+02
3.960451  1.0524706705e+02  -2.2028100360e+00  1.0744987708e+02
3.961563  1.0623620295e+02  -2.2180189212e+00  1.0845422187e+02
3.962674  1.0723226207e+02  -2.2330542414e+00  1.0946531631e+02
3.963785  1.0823547081e+02  -2.2480701953e+00  1.1048354100e+02
3.964897  1.0924608208e+02  -2.2632241285e+00  1.1150930621e+02
3.966008  1.1026437142e+02  -2.2786717729e+00  1.1254304320e+02
3.967120  1.1129063237e+02  -2.2945625089e+00  1.1358519487e+02
3.968231  1.1232517124e+02  -2.3110347879e+00  1.1463620603e+02
3.969342  1.1336830156e+02  -2.3282118535e+00  1.1569651342e+02
3.970454  1.1442033814e+02  -2.3461978872e+00  1.1676653603e+02
3.971565  1.1548159106e+02  -2.3650746941e+00  1.1784666575e+02
3.972676  1.1655235965e+02  -2.3848990311e+00  1.1893725868e+02
3.973788  1.1763292682e+02  -2.4057006577e+00  1.2003862748e+02
3.974899  1.1872355359e+02  -2.4274811727e+00  1.2115103476e+02
3.976010  1.1982447429e+02  -2.4502136735e+00  1.2227468796e+02
3.977122  1.2093589236e+02  -2.4738432561e+00  1.2340973561e+02
3.978233  1.2205797697e+02  -2.4982883432e+00  1.2455626532e+02
3.979345  1.2319086057e+02  -2.5234428083e+00  1.2571430338e+02
3.980456  1.2433463735e+02  -2.5491788382e+00  1.2688381618e+02
3.981567  1.2548936277e+02  -2.5753504546e+00  1.2806471322e+02
3.982679  1.2665505419e+02  -2.6017975964e+00  1.2925685178e+02
3.983790  1.2783169245e+02  -2.6283506458e+00  1.3046004310e+02
3.984901  1.2901922457e+02  -2.6548352704e+00  1.3167405984e+02
3.986013  1.3021756730e+02  -2.6810774404e+00  1.3289864474e+02
3.987124  1.3142661167e+02  -2.7069084771e+00  1.3413352015e+02
3.988235  1.3264622812e+02  -2.7321699841e+00  1.3537839810e+02
3.989347  1.3387627240e+02  -2.7567185188e+00  1.3663299092e+02
3.990458  1.3511659186e+02  -2.7804298645e+00  1.3789702172e+02
3.991569  1.3636703203e+02  -2.8032027779e+00  1.3917023481e+02
3.992681  1.3762744336e+02  -2.8249620990e+00  1.4045240546e+02
3.993792  1.3889768786e+02  -2.8456611296e+00  1.4174334899e+02
3.994904  1.4017764553e+02  -2.8652832055e+00  1.4304292874e+02
3.996015  1.4146722039e+02  -2.8838424147e+00  1.4435106281e+02
3.997126  1.4276634589e+02  -2.9013834320e+00  1.4566772932e+02
3.998238  1.4407498964e+02  -2.9179804731e+00  1.4699297011e+02
3.999349  1.4539315726e+02  -2.9337353904e+00  1.4832689265e+02
4.000460  1.4672089533e+02  -2.9487749628e+00  1.4966967030e+02
4.001572  1.4805829323e+02  -2.9632474525e+00  1.5102154069e+02
4.002683  1.4940548395e+02  -2.9773185248e+00  1.5238280248e+02
4.003794  1.5076264376e+02  -2.9911666442e+00  1.5375381041e+02
4.004906  1.5212999083e+02  -3.0049780798e+00  1.5513496891e+02
4.006017  1.5350778271e+02  -3.0189416594e+00  1.5652672437e+02
4.007128  1.5489631292e+02  -3.0332434251e+00  1.5792955634e+02
4.008240  1.5629590653e+02  -3.0480613430e+00  1.5934396787e+02
4.009351  1.5770691506e+02  -3.0635602216e+00  1.6077047528e+02
4.010463  1.5912971071e+02  -3.0798869851e+00  1.6220959770e+02
4.011574  1.6056468008e+02  -3.0971664425e+00  1.6366184652e+02
4.012685  1.6201221761e+02  -3.1154976754e+00  1.6512771528e+02
4.013797  1.6347271888e+02  -3.1349511522e+00  1.6660767004e+02
4.014908  1.6494657402e+02  -3.1555666574e+00  1.6810214068e+02
4.016019  1.6643416121e+02  -3.1773520971e+00  1.6961151330e+02
4.017131  1.6793584073e+02  -3.2002832218e+00  1.7113612395e+02
4.018242  1.6945194950e+02  -3.2243042769e+00  1.7267625378e+02
4.019353  1.7098279634e+02  -3.2493295675e+00  1.7423212591e+02
4.020465  1.7252865803e+02  -3.2752458958e+00  1.7580390393e+02
4.021576  1.7408977636e+02  -3.3019158043e+00  1.7739169216e+02
4.022687  1.7566635612e+02  -3.3291815345e+00  1.7899553765e+02
4.023799  1.7725856416e+02  -3.3568695894e+00  1.8061543375e+02
4.024910  1.7886652954e+02  -3.3847957703e+00  1.8225132531e+02
4.026022  1.8049034462e+02  -3.4127705431e+00  1.8390311517e+02
4.027133  1.8213006730e+02  -3.4406045808e+00  1.8557067188e+02
4.028244  1.8378572400e+02  -3.4681143205e+00  1.8725383832e+02
4.029356  1.8545731366e+02  -3.4951273750e+00  1.8895244103e+02
4.030467  1.8714481225e+02  -3.5214876394e+00  1.9066629989e+02
4.031578  1.8884817800e+02  -3.5470599438e+00  1.9239523795e+02
4.032690  1.9056735693e+02  -3.5717341134e+00  1.9413909104e+02
4.033801  1.9230228863e+02  -3.5954283159e+00  1.9589771695e+02
4.034912  1.9405291218e+02  -3.6180915944e+00  1.9767100377e+02
4.036024  1.9581917184e+02  -3.6397055085e+00  1.9945887735e+02
4.037135  1.9760102257e+02  -3.6602848292e+00  2.0126130739e+02
4.038246  1.9939843505e+02  -3.6798772658e+00  2.0307831231e+02
4.039358  2.0121140015e+02  -3.6985622228e+00  2.0490996237e+02
4.040469  2.0303993269e+02  -3.7164486215e+00  2.0675638131e+02
4.041581  2.0488407434e+02  -3.7336718419e+00  2.0861774619e+02
4.042692  2.0674389574e+02  -3.7503898691e+00  2.1049428561e+02
4.043803  2.0861949753e+02  -3.7667787514e+00  2.1238627628e+02
4.044915  2.1051101056e+02  -3.7830274986e+00  2.1429403805e+02
4.046026  2.1241859500e+02  -3.7993325631e+00  2.1621792757e+02
4.047137  2.1434243868e+02  -3.8158920632e+00  2.1815833074e+02
4.048249  2.1628275438e+02  -3.8328999128e+00  2.2011565429e+02
4.049360  2.1823977649e+02  -3.8505400272e+00  2.2209031652e+02
4.050471  2.2021375696e+02  -3.8689807732e+00  2.2408273773e+02
4.051583  2.2220496066e+02  -3.8883698246e+00  2.2609333049e+02
4.052694  2.2421366044e+02  -3.9088295739e+00  2.2812249001e+02
4.053806  2.2624013186e+02  -3.9304532367e+00  2.3017058510e+02
4.054917  2.2828464793e+02  -3.9533017641e+00  2.3223794970e+02
4.056028  2.3034747390e+02  -3.9774016572e+00  2.3432487556e+02
4.057140  2.3242886230e+02  -4.0027437512e+00  2.3643160605e+02
4.058251  2.3452904841e+02  -4.0292830106e+00  2.3855833142e+02
4.059362  2.3664824625e+02  -4.0569393467e+00  2.4070518560e+02
4.060474  2.3878664528e+02  -4.0855994384e+00  2.4287224472e+02
4.061585  2.4094440779e+02  -4.1151195122e+00  2.4505952730e+02
4.062696  2.4312166720e+02  -4.1453290039e+00  2.4726699621e+02
4.063808  2.4531852725e+02  -4.1760350050e+00  2.4949456226e+02
4.064919  2.4753506204e+02  -4.2070273670e+00  2.5174208940e+02
4.066030  2.4977131702e+02  -4.2380843249e+00  2.5400940134e+02
4.067142  2.5202731089e+02  -4.2689784781e+00  2.5629628937e+02
4.068253  2.5430303821e+02  -4.2994829624e+00  2.5860252118e+02
4.069365  2.5659847280e+02  -4.3293776356e+00  2.6092785044e+02
4.070476  2.5891357171e+02  -4.3584551024e+00  2.6327202682e+02
4.071587  2.6124827968e+02  -4.3865264035e+00  2.6563480608e+02
4.072699  2.6360253390e+02  -4.4134262072e+00  2.6801596011e+02
4.073810  2.6597626898e+02  -4.4390173532e+00  2.7041528633e+02
4.074921  2.6836942188e+02  -4.4631946145e+00  2.7283261649e+02
4.076033  2.7078193670e+02  -4.4858875705e+00  2.7526782427e+02
4.077144  2.7321376916e+02  -4.5070625030e+00  2.7772083166e+02
4.078255  2.7566489059e+02  -4.5267232590e+00  2.8019161385e+02
4.079367  2.7813529130e+02  -4.5449110519e+00  2.8268020235e+02
4.080478  2.8062498327e+02  -4.5617032033e+00  2.8518668648e+02
4.081589  2.8313400196e+02  -4.5772108567e+00  2.8771121281e+02
4.082701  2.8566240725e+02  -4.5915757263e+00  2.9025398297e+02
4.083812  2.8821028345e+02  -4.6049659686e+00  2.9281524941e+02
4.084924  2.9077773834e+02  -4.6175712934e+00  2.9539530964e+02
4.086035  2.9336490129e+02  -4.6295974493e+00  2.9799449874e+02
4.087146  2.9597192045e+02  -4.6412602397e+00  3.0061318069e+02
4.088258  2.9859895916e+02  -4.6527792368e+00  3.0325173840e+02
4.089369  3.0124619162e+02  -4.6643713726e+00  3.0591056299e+02
4.090480  3.0391379798e+02  -4.6762445866e+00  3.0859004257e+02
4.091592  3.0660195897e+02  -4.6885917111e+00  3.1129055068e+02
4.092703  3.0931085024e+02  -4.7015847677e+00  3.1401243500e+02
4.093814  3.1204063654e+02  -4.7153698358e+00  3.1675600638e+02
4.094926  3.1479146607e+02  -4.7300626399e+00  3.1952152871e+02
4.096037  3.1756346491e+02  -4.7457449798e+00  3.2230920989e+02
4.097148  3.2035673197e+02  -4.7624621054e+00  3.2511919408e+02
4.098260  3.2317133448e+02  -4.7802211100e+00  3.2795155559e+02
4.099371  3.2600730412e+02  -4.7989903865e+00  3.3080629450e+02
4.100483  3.2886463411e+02  -4.8187001610e+00  3.3368333427e+02
4.101594  3.3174327716e+02  -4.8392440878e+00  3.3658252125e+02
4.102705  3.3464314446e+02  -4.8604818567e+00  3.3950362632e+02
4.103817  3.3756410573e+02  -4.8822427386e+00  3.4244634847e+02
4.104928  3.4050599038e+02  -4.9043299641e+00  3.4541032034e+02
4.106039  3.4346858966e+02  -4.9265258084e+00  3.4839511547e+02
4.107151  3.4645165993e+02  -4.9485972351e+00  3.5140025717e+02
4.108262  3.4945492677e+02  -4.9703019346e+00  3.5442522871e+02
4.109373  3.5247808997e+02  -4.9913945818e+00  3.5746948455e+02
4.110485  3.5552082917e+02  -5.0116331334e+00  3.6053246231e+02
4.111596  3.5858281013e+02  -5.0307849797e+00  3.6361359511e+02
4.112707  3.6166369125e+02  -5.0486327763e+00  3.6671232402e+02
4.113819  3.6476313037e+02  -5.0649797851e+00  3.6982811015e+02
4.114930  3.6788079154e+02  -5.0796545713e+00  3.7296044611e+02
4.116042  3.7101635161e+02  -5.0925149227e+00  3.7610886653e+02
4.117153  3.7416950644e+02  -5.1034508777e+00  3.7927295732e+02
4.118264  3.7733997659e+02  -5.1123867777e+00  3.8245236337e+02
4.119376  3.8052751229e+02  -5.1192822865e+00  3.8564679457e+02
4.120487  3.8373189758e+02  -5.1241323500e+00  3.8885602993e+02
4.121598  3.8695295359e+02  -5.1269661013e+00  3.9207991969e+02
4.122710  3.9019054068e+02  -5.1278447471e+00  3.9531838543e+02
4.123821  3.9344455964e+02  -5.1268585014e+00  3.9857141814e+02
4.124932  3.9671495173e+02  -5.1241226599e+00  4.0183907439e+02
4.126044  4.0000169774e+02  -5.1197729356e+00  4.0512147067e+02
4.127155  4.0330481599e+02  -5.1139601965e+00  4.0841877619e+02
4.128266  4.0662435949e+02  -5.1068447648e+00  4.1173120425e+02
4.129378  4.0996041223e+02  -5.0985904489e+00  4.1505900267e+02
4.130489  4.1331308489e+02  -5.0893584900e+00  4.1840244338e+02
4.131601  4.1668251003e+02  -5.0793016048e+00  4.2176181164e+02
4.132712  4.2006883701e+02  -5.0685583046e+00  4.2513739531e+02
4.133823  4.2347222670e+02  -5.0572476630e+00  4.2852947436e+02
4.134935  4.2689284643e+02  -5.0454646911e+00  4.3193831112e+02
4.136046  4.3033086507e+02  -5.0332764602e+00  4.3536414153e+02
4.137157  4.3378644867e+02  -5.0207190908e+00  4.3880716776e+02
4.138269  4.3725975666e+02  -5.0077957016e+00  4.4226755236e+02
4.139380  4.4075093891e+02  -4.9944753807e+00  4.4574541429e+02
4.140491  4.4426013365e+02  -4.9806932150e+00  4.4924082686e+02
4.141603  4.4778746638e+02  -4.9663513780e+00  4.5275381776e+02
4.142714  4.5133304992e+02  -4.9513212466e+00  4.5628437116e+02
4.143826  4.5489698543e+02  -4.9354464874e+00  4.5983243192e+02
4.144937  4.5847936463e+02  -4.9185470207e+00  4.6339791165e+02
4.146048  4.6208027295e+02  -4.9004237471e+00  4.6698069670e+02
4.147160  4.6569979363e+02  -4.8808638966e+00  4.7058065753e+02
4.148271  4.6933801265e+02  -4.8596468402e+00  4.7419765949e+02
4.149382  4.7299502422e+02  -4.8365501925e+00  4.7783157441e+02
4.150494  4.7667093685e+02  -4.8113560211e+00  4.8148229287e+02
4.151605  4.8036587952e+02  -4.7838569776e+00  4.8514973649e+02
4.152716  4.8408000795e+02  -4.7538621643e+00  4.8883387012e+02
4.153828  4.8781351065e+02  -4.7212025598e+00  4.9253471321e+02
4.154939  4.9156661440e+02  -4.6857358389e+00  4.9625235024e+02
4.156050  4.9533958919e+02  -4.6473504384e+00  4.9998693963e+02
4.157162  4.9913275212e+02  -4.6059687450e+00  5.0373872087e+02
4.158273  5.0294647023e+02  -4.5615493052e+00  5.0750801954e+02
4.159385  5.0678116204e+02  -4.5140879868e+00  5.1129525002e+02
4.160496  5.1063729764e+02  -4.4636180538e+00  5.1510091570e+02
4.161607  5.1451539733e+02  -4.4102091478e+00  5.1892560647e+02
4.162719  5.1841602855e+02  -4.3539652025e+00  5.2276999376e+02
4.163830  5.2233980143e+02  -4.2950213500e+00  5.2663482278e+02
4.164941  5.2628736257e+02  -4.2335399086e+00  5.3052090248e+02
4.166053  5.3025938760e+02  -4.1697055699e+00  5.3442909317e+02
4.167164  5.3425657233e+02  -4.1037199262e+00  5.3836029226e+02
4.168275  5.3827962281e+02  -4.0357955032e+00  5.4231541831e+02
4.169387  5.4232924454e+02  -3.9661494744e+00  5.4629539402e+02
4.170498  5.4640613111e+02  -3.8949972482e+00  5.5030112836e+02
4.171609  5.5051095249e+02  -3.8225461198e+00  5.5433349861e+02
4.172721  5.5464434340e+02  -3.7489891825e+00  5.5839333259e+02
4.173832  5.5880689201e+02  -3.6744996820e+00  5.6248139169e+02
4.174944  5.6299912934e+02  -3.5992259902e+00  5.6659835533e+02
4.176055  5.6722151978e+02  -3.5232873506e+00  5.7074480713e+02
4.177166  5.7147445284e+02  -3.4467705308e+00  5.7492122337e+02
4.178278  5.7575823668e+02  -3.3697274858e+00  5.7912796417e+02
4.179389  5.8007309345e+02  -3.2921741084e+00  5.8336526756e+02
4.180500  5.8441915686e+02  -3.2140901098e+00  5.8763324697e+02
4.181612  5.8879647190e+02  -3.1354200363e+00  5.9193189194e+02
4.182723  5.9320499711e+02  -3.0560753975e+00  5.9626107251e+02
4.183834  5.9764460915e+02  -2.9759378427e+00  6.0062054699e+02
4.184946  6.0211510984e+02  -2.8948632914e+00  6.0500997313e+02
4.186057  6.0661623551e+02  -2.8126868928e+00  6.0942892240e+02
4.187168  6.1114766845e+02  -2.7292286633e+00  6.1387689711e+02
4.188280  6.1570905037e+02  -2.6442996252e+00  6.1835334999e+02
4.189391  6.2029999738e+02  -2.5577082566e+00  6.2285770563e+02
4.190503  6.2492011632e+02  -2.4692670474e+00  6.2738938337e+02
4.191614  6.2956902198e+02  -2.3787989511e+00  6.3194782093e+02
4.192725  6.3424635473e+02  -2.2861435232e+00  6.3653249826e+02
4.193837  6.3895179819e+02  -2.1911625429e+00  6.4114296073e+02
4.194948  6.4368509635e+02  -2.0937449284e+00  6.4577884128e+02
4.196059  6.4844606982e+02  -1.9938107742e+00  6.5043988059e+02
4.197171  6.5323463053e+02  -1.8913143642e+00  6.5512594490e+02
4.198282  6.5805079464e+02  -1.7862460413e+00  6.5983704068e+02
4.199393  6.6289469300e+02  -1.6786328504e+00  6.6457332585e+02
4.200505  6.6776657912e+02  -1.5685379040e+00  6.6933511702e+02
4.201616  6.7266683393e+02  -1.4560584606e+00  6.7412289239e+02
4.202727  6.7759596748e+02  -1.3413227428e+00  6.7893729023e+02
4.203839  6.8255461716e+02  -1.2244855628e+00  6.8377910272e+02
4.204950  6.8754354238e+02  -1.1057228571e+00  6.8864926524e+02
4.206062  6.9256361587e+02  -9.8522527046e-01  6.9354884114e+02
4.207173  6.9761581148e+02  -8.6319095817e-01  6.9847900244e+02
4.208284  7.0270118886e+02  -7.3981780238e-01  7.0344100666e+02
4.209396  7.0782087510e+02  -6.1529526073e-01  7.0843617036e+02
4.210507  7.1297604389e+02  -4.8979607978e-01  7.1346583997e+02
4.211618  7.1816789241e+02  -3.6346811496e-01  7.1853136052e+02
4.212730  7.2339761662e+02  -2.3642650027e-01  7.2363404312e+02
4.213841  7.2866638545e+02  -1.0874640593e-01  7.2877513186e+02
4.214952  7.3397531438e+02  1.9543390253e-02  7.3395577099e+02
4.216064  7.3932543920e+02  1.4846591087e-01  7.3917697329e+02
4.217175  7.4471769047e+02  2.7810018470e-01  7.4443959029e+02
4.218286  7.5015286934e+02  4.0858409962e-01  7.4974428524e+02
4.219398  7.5563162534e+02  5.4011578751e-01  7.5509150955e+02
4.220509  7.6115443671e+02  6.7295346587e-01  7.6048148325e+02
4.221621  7.6672159385e+02  8.0741370279e-01  7.6591418015e+02
4.222732  7.7233318624e+02  9.4386811621e-01  7.7138931813e+02
4.223843  7.7798909335e+02  1.0827385624e+00  7.7690635479e+02
4.224955  7.8368897972e+02  1.2244909118e+00  7.8246448880e+02
4.226066  7.8943229446e+02  1.3696275525e+00  7.8806266690e+02
4.227177  7.9521827532e+02  1.5186787973e+00  7.9369959652e+02
4.228289  8.0104595720e+02  1.6721934074e+00  7.9937376379e+02
4.229400  8.0691418506e+02  1.8307284688e+00  8.0508345660e+02
4.230511  8.1282163102e+02  1.9948388838e+00  8.1082679213e+02
4.231623  8.1876681518e+02  2.1650667524e+00  8.1660174843e+02
4.232734  8.2474813000e+02  2.3419309239e+00  8.2240619908e+02
4.233846  8.3076386738e+02  2.5259170031e+00  8.2823795037e+02
4.234957  8.3681224814e+02  2.7174680811e+00  8.3409478006e+02
4.236068  8.4289145313e+02  2.9169764506e+00  8.3997447668e+02
4.237180  8.4899965525e+02  3.1247765363e+00  8.4587487872e+02
4.238291  8.5513505170e+02  3.3411392460e+00  8.5179391245e+02
4.239402  8.6129589572e+02  3.5662679087e+00  8.5772962781e+02
4.240514  8.6748052711e+02  3.8002959246e+00  8.6368023118e+02
4.241625  8.7368740077e+02  4.0432862107e+00  8.6964411456e+02
4.242736  8.7991511268e+02  4.2952324733e+00  8.7561988021e+02
4.243848  8.8616242265e+02  4.5560622916e+00  8.8160636036e+02
4.244959  8.9242827336e+02  4.8256419503e+00  8.8760263141e+02
4.246070  8.9871180529e+02  5.1037829055e+00  8.9360802239e+02
4.247182  9.0501236711e+02  5.3902497290e+00  8.9962211738e+02
4.248293  9.1132952139e+02  5.6847693316e+00  9.0564475205e+02
4.249405  9.1766304550e+02  5.9870412309e+00  9.1167600427e+02
4.250516  9.2401292771e+02  6.2967486005e+00  9.1771617910e+02
4.251627  9.3037935855e+02  6.6135698127e+00  9.2376578874e+02
4.252739  9.3676271784e+02  6.9371901734e+00  9.2982552766e+02
4.253850  9.4316355745e+02  7.2673135409e+00  9.3589624391e+02
4.254961  9.4958258062e+02  7.6036735212e+00  9.4197890710e+02
4.256073  9.5602061796e+02  7.9460439419e+00  9.4807457402e+02
4.257184  9.6247860113e+02  8.2942483278e+00  9.5418435280e+02
4.258295  9.6895753452e+02  8.6481681227e+00  9.6030936639e+02
4.259407  9.7545846587e+02  9.0077494393e+00  9.6645071643e+02
4.260518  9.8198245653e+02  9.3730081552e+00  9.7260944837e+02
4.261629  9.8853055192e+02  9.7440332178e+00  9.7878651870e+02
4.262741  9.9510375314e+02  1.0120988070e+01  9.8498276507e+02
4.263852  1.0017029903e+03  1.0504110159e+01  9.9119888012e+02
4.264964  1.0083290980e+03  1.0893708541e+01  9.9743538948e+02
4.266075  1.0149827942e+03  1.1290159645e+01  1.0036926346e+03
4.267186  1.0216646618e+03  1.1693901319e+01  1.0099707605e+03
4.268298  1.0283751347e+03  1.2105425309e+01  1.0162697094e+03
4.269409  1.0351144872e+03  1.2525268387e+01  1.0225892188e+03
4.270520  1.0418828284e+03  1.2954002355e+01  1.0289288261e+03
4.271632  1.0486801002e+03  1.3392223219e+01  1.0352878770e+03
4.272743  1.0555060796e+03  1.3840539798e+01  1.0416655398e+03
4.273854  1.0623603858e+03  1.4299562103e+01  1.0480608237e+03
4.274966  1.0692424895e+03  1.4769889786e+01  1.0544725997e+03
4.276077  1.0761517274e+03  1.5252100977e+01  1.0608996264e+03
4.277188  1.0830873181e+03  1.5746741808e+01  1.0673405763e+03
4.278300  1.0900483811e+03  1.6254316904e+01  1.0737940642e+03
4.279411  1.0970339573e+03  1.6775281097e+01  1.0802586762e+03
4.280523  1.1040430306e+03  1.7310032580e+01  1.0867329980e+03
4.281634  1.1110745503e+03  1.7858907684e+01  1.0932156426e+03
4.282745  1.1181274525e+03  1.8422177398e+01  1.0997052751e+03
4.283857  1.1252006812e+03  1.9000045733e+01  1.1062006355e+03
4.284968  1.1322932082e+03  1.9592649943e+01  1.1127005582e+03
4.286079  1.1394040497e+03  2.0200062597e+01  1.1192039871e+03
4.287191  1.1465322820e+03  2.0822295419e+01  1.1257099865e+03
4.288302  1.1536770525e+03  2.1459304775e+01  1.1322177478e+03
4.289413  1.1608375892e+03  2.2110998643e+01  1.1387265906e+03
4.290525  1.1680132051e+03  2.2777244849e+01  1.1452359602e+03
4.291636  1.1752032996e+03  2.3457880325e+01  1.1517454193e+03
4.292747  1.1824073571e+03  2.4152721111e+01  1.1582546360e+03
4.293859  1.1896249406e+03  2.4861572818e+01  1.1647633678e+03
4.294970  1.1968556831e+03  2.5584241223e+01  1.1712714419e+03
4.296082  1.2040992759e+03  2.6320542705e+01  1.1777787332e+03
4.297193  1.2113554540e+03  2.7070314201e+01  1.1842851398e+03
4.298304  1.2186239801e+03  2.7833422399e+01  1.1907905577e+03
4.299416  1.2259046264e+03  2.8609771891e+01  1.1972948545e+03
4.300527  1.2331971563e+03  2.9399312050e+01  1.2037978443e+03
4.301638  1.2405013056e+03  3.0202042427e+01  1.2102992632e+03
4.302750  1.2478167637e+03  3.1018016504e+01  1.2167987472e+03
4.303861  1.2551431569e+03  3.1847343684e+01  1.2232958132e+03
4.304972  1.2624800322e+03  3.2690189472e+01  1.2297898428e+03
4.306084  1.2698268447e+03  3.3546773805e+01  1.2362800709e+03
4.307195  1.2771829464e+03  3.4417367604e+01  1.2427655788e+03
4.308307  1.2845475790e+03  3.5302287610e+01  1.2492452914e+03
4.309418  1.2919198703e+03  3.6201889658e+01  1.2557179806e+03
4.310529  1.2992988335e+03  3.7116560574e+01  1.2621822729e+03
4.311641  1.3066833712e+03  3.8046708912e+01  1.2686366623e+03
4.312752  1.3140722826e+03  3.8992754780e+01  1.2750795278e+03
4.313863  1.3214642746e+03  3.9955119054e+01  1.2815091555e+03
4.314975  1.3288579761e+03  4.0934212265e+01  1.2879237638e+03
4.316086  1.3362519554e+03  4.1930423462e+01  1.2943215319e+03
4.317197  1.3436447403e+03  4.2944109374e+01  1.3007006310e+03
4.318309  1.3510348402e+03  4.3975584156e+01  1.3070592561e+03
4.319420  1.3584207690e+03  4.5025110006e+01  1.3133956590e+03
4.320531  1.3658010693e+03  4.6092888911e+01  1.3197081804e+03
4.321643  1.3731743366e+03  4.7179055744e+01  1.3259952809e+03
4.322754  1.3805392422e+03  4.8283672900e+01  1.3322555693e+03
4.323866  1.3878945548e+03  4.9406726613e+01  1.3384878282e+03
4.324977  1.3952391602e+03  5.0548125055e+01  1.3446910351e+03
4.326088  1.4025720777e+03  5.1707698251e+01  1.3508643795e+03
4.327200  1.4098924734e+03  5.2885199823e+01  1.3570072736e+03
4.328311  1.4171996692e+03  5.4080310490e+01  1.3631193587e+03
4.329422  1.4244931475e+03  5.5292643234e+01  1.3692005043e+03
4.330534  1.4317725522e+03  5.6521749980e+01  1.3752508022e+03
4.331645  1.4390376833e+03  5.7767129599e+01  1.3812705537e+03
4.332756  1.4462884885e+03  5.9028237019e+01  1.3872602515e+03
4.333868  1.4535250491e+03  6.0304493182e+01  1.3932205559e+03
4.334979  1.4607475619e+03  6.1595295590e+01  1.3991522663e+03
4.336090  1.4679563173e+03  6.2900029145e+01  1.4050562882e+03
4.337202  1.4751516743e+03  6.4218077009e+01  1.4109335973e+03
4.338313  1.4823340320e+03  6.5548831195e+01  1.4167852008e+03
4.339425  1.4895038003e+03  6.6891702620e+01  1.4226120977e+03
4.340536  1.4966613682e+03  6.8246130382e+01  1.4284152379e+03
4.341647  1.5038070734e+03  6.9611590035e+01  1.4341954833e+03
4.342759  1.5109411709e+03  7.0987600676e+01  1.4399535702e+03
4.343870  1.5180638047e+03  7.2373730713e+01  1.4456900739e+03
4.344981  1.5251749811e+03  7.3769602195e+01  1.4514053789e+03
4.346093  1.5322745458e+03  7.5174893660e+01  1.4570996521e+03
4.347204  1.5393621650e+03  7.6589341497e+01  1.4627728235e+03
4.348315  1.5464373115e+03  7.8012739853e+01  1.4684245716e+03
4.349427  1.5534992559e+03  7.9444939172e+01  1.4740543168e+03
4.350538  1.5605470644e+03  8.0885843494e+01  1.4796612209e+03
4.351649  1.5675796018e+03  8.2335406691e+01  1.4852441951e+03
4.352761  1.5745955414e+03  8.3793627807e+01  1.4908019136e+03
4.353872  1.5815933815e+03  8.5260545753e+01  1.4963328357e+03
4.354984  1.5885714666e+03  8.6736233585e+01  1.5018352330e+03
4.356095  1.5955280158e+03  8.8220792609e+01  1.5073072232e+03
4.357206  1.6024611553e+03  8.9714346574e+01  1.5127468087e+03
4.358318  1.6093689554e+03  9.1217036191e+01  1.5181519192e+03
4.359429  1.6162494712e+03  9.2729014203e+01  1.5235204570e+03
4.360540  1.6231007858e+03  9.4250441227e+01  1.5288503446e+03
4.361652  1.6299210545e+03  9.5781482527e+01  1.5341395720e+03
4.362763  1.6367085501e+03  9.7322305867e+01  1.5393862442e+03
4.363874  1.6434617066e+03  9.8873080545e+01  1.5445886260e+03
4.364986  1.6501791612e+03  1.0043397766e+02  1.5497451835e+03
4.366097  1.6568597929e+03  1.0200517163e+02  1.5548546213e+03
4.367208  1.6635027569e+03  1.0358684290e+02  1.5599159140e+03
4.368320  1.6701075131e+03  1.0517918180e+02  1.5649283313e+03
4.369431  1.6766738490e+03  1.0678239333e+02  1.5698914557e+03
4.370543  1.6832018947e+03  1.0839670291e+02  1.5748051918e+03
4.371654  1.6896921309e+03  1.1002236257e+02  1.5796697683e+03
4.372765  1.6961453877e+03  1.1165965768e+02  1.5844857300e+03
4.373877  1.7025628364e+03  1.1330891375e+02  1.5892539226e+03
4.374988  1.7089459710e+03  1.1497050312e+02  1.5939754679e+03
4.376099  1.7152965834e+03  1.1664485124e+02  1.5986517322e+03
4.377211  1.7216167288e+03  1.1833244235e+02  1.6032842865e+03
4.378322  1.7279086855e+03  1.2003382418e+02  1.6078748613e+03
4.379433  1.7341749069e+03  1.2174961157e+02  1.6124252953e+03
4.380545  1.7404179689e+03  1.2348048875e+02  1.6169374801e+03
4.381656  1.7466405127e+03  1.2522721014e+02  1.6214133025e+03
4.382767  1.7528451843e+03  1.2699059955e+02  1.6258545848e+03
4.383879  1.7590345731e+03  1.2877154775e+02  1.6302630253e+03
4.384990  1.7652111489e+03  1.3057100838e+02  1.6346401405e+03
4.386102  1.7713772022e+03  1.3238999223e+02  1.6389872100e+03
4.387213  1.7775347853e+03  1.3422956005e+02  1.6433052253e+03
4.388324  1.7836856591e+03  1.3609081397e+02  1.6475948451e+03
4.389436  1.7898312446e+03  1.3797488786e+02  1.6518563568e+03
4.390547  1.7959725821e+03  1.3988293672e+02  1.6560896454e+03
4.391658  1.8021102974e+03  1.4181612551e+02  1.6602941719e+03
4.392770  1.8082445778e+03  1.4377561778e+02  1.6644689600e+03
4.393881  1.8143751574e+03  1.4576256425e+02  1.6686125931e+03
4.394992  1.8205013124e+03  1.4777809195e+02  1.6727232204e+03
4.396104  1.8266218671e+03  1.4982329406e+02  1.6767985730e+03
4.397215  1.8327352100e+03  1.5189922091e+02  1.6808359891e+03
4.398327  1.8388393206e+03  1.5400687247e+02  1.6848324482e+03
4.399438  1.8449318050e+03  1.5614719252e+02  1.6887846125e+03
4.400549  1.8510099413e+03  1.5832106486e+02  1.6926888764e+03
4.401661  1.8570707321e+03  1.6052931167e+02  1.6965414204e+03
4.402772  1.8631109644e+03  1.6277269421e+02  1.7003382702e+03
4.403883  1.8691272746e+03  1.6505191592e+02  1.7040753587e+03
4.404995  1.8751162170e+03  1.6736762781e+02  1.7077485892e+03
4.406106  1.8810743348e+03  1.6972043629e+02  1.7113538985e+03
4.407217  1.8869982314e+03  1.7211091303e+02  1.7148873183e+03
4.408329  1.8928846406e+03  1.7453960680e+02  1.7183450338e+03
4.409440  1.8987304936e+03  1.7700705697e+02  1.7217234366e+03
4.410551  1.9045329809e+03  1.7951380824e+02  1.7250191727e+03
4.411663  1.9102896085e+03  1.8206042629e+02  1.7282291822e+03
4.412774  1.9159982456e+03  1.8464751385e+02  1.7313507318e+03
4.413886  1.9216571640e+03  1.8727572668e+02  1.7343814373e+03
4.414997  1.9272650664e+03  1.8994578909e+02  1.7373192773e+03
4.416108  1.9328211042e+03  1.9265850826e+02  1.7401625960e+03
4.417220  1.9383248838e+03  1.9541478716e+02  1.7429100966e+03
4.418331  1.9437764603e+03  1.9821563532e+02  1.7455608249e+03
4.419442  1.9491763200e+03  2.0106217723e+02  1.7481141427e+03
4.420554  1.9545253508e+03  2.0395565779e+02  1.7505696930e+03
4.421665  1.9598248014e+03  2.0689744470e+02  1.7529273568e+03
4.422776  1.9650762309e+03  2.0988902740e+02  1.7551872035e+03
4.423888  1.9702814478e+03  2.1293201245e+02  1.7573494353e+03
4.424999  1.9754424429e+03  2.1602811530e+02  1.7594143276e+03
4.426110  1.9805613145e+03  2.1917914846e+02  1.7613821661e+03
4.427222  1.9856401901e+03  2.2238700623e+02  1.7632531839e+03
4.428333  1.9906811441e+03  2.2565364624e+02  1.7650274978e+03
4.429445  1.9956861159e+03  2.2898106801e+02  1.7667050479e+03
4.430556  2.0006568287e+03  2.3237128922e+02  1.7682855395e+03
4.431667  2.0055947109e+03  2.3582631984e+02  1.7697683910e+03
4.432779  2.0105008233e+03  2.3934813502e+02  1.7711526883e+03
4.433890  2.0153757930e+03  2.4293864720e+02  1.7724371458e+03
4.435001  2.0202197550e+03  2.4659967815e+02  1.7736200768e+03
4.436113  2.0250323049e+03  2.5033293162e+02  1.7746993733e+03
4.437224  2.0298124623e+03  2.5413996748e+02  1.7756724948e+03
4.438335  2.0345586457e+03  2.5802217773e+02  1.7765364679e+03
4.439447  2.0392686617e+03  2.6198076537e+02  1.7772878963e+03
4.440558  2.0439397066e+03  2.6601672659e+02  1.7779229801e+03
4.441669  2.0485683815e+03  2.7013083680e+02  1.7784375447e+03
4.442781  2.0531507205e+03  2.7432364108e+02  1.7788270795e+03
4.443892  2.0576822324e+03  2.7859544937e+02  1.7790867830e+03
4.445004  2.0621579527e+03  2.8294633660e+02  1.7792116161e+03
4.446115  2.0665725080e+03  2.8737614794e+02  1.7791963601e+03
4.447226  2.0709201883e+03  2.9188450924e+02  1.7790356791e+03
4.448338  2.0751950279e+03  2.9647084239e+02  1.7787241855e+03
4.449449  2.0793908917e+03  3.0113438540e+02  1.7782565063e+03
4.450560  2.0835015655e+03  3.0587421683e+02  1.7776273487e+03
4.451672  2.0875208488e+03  3.1068928403e+02  1.7768315648e+03
4.452783  2.0914426466e+03  3.1557843447e+02  1.7758642121e+03
4.453894  2.0952610592e+03  3.2054044953e+02  1.7747206097e+03
4.455006  2.0989704682e+03  3.2557407984e+02  1.7733963883e+03
4.456117  2.1025656149e+03  3.3067808133e+02  1.7718875336e+03
4.457228  2.1060416724e+03  3.3585125094e+02  1.7701904214e+03
4.458340  2.1093943059e+03  3.4109246116e+02  1.7683018447e+03
4.459451  2.1126197236e+03  3.4640069228e+02  1.7662190313e+03
4.460563  2.1157147143e+03  3.5177506152e+02  1.7639396528e+03
4.461674  2.1186766720e+03  3.5721484807e+02  1.7614618239e+03
4.462785  2.1215036071e+03  3.6271951324e+02  1.7587840938e+03
4.463897  2.1241941431e+03  3.6828871493e+02  1.7559054281e+03
4.465008  2.1267475001e+03  3.7392231586e+02  1.7528251842e+03
4.466119  2.1291634644e+03  3.7962038512e+02  1.7495430793e+03
4.467231  2.1314423457e+03  3.8538319251e+02  1.7460591532e+03
4.468342  2.1335849221e+03  3.9121119576e+02  1.7423737263e+03
4.469453  2.1355923755e+03  3.9710502035e+02  1.7384873551e+03
4.470565  2.1374662176e+03  4.0306543240e+02  1.7344007852e+03
4.471676  2.1392082092e+03  4.0909330466e+02  1.7301149045e+03
4.472787  2.1408202738e+03  4.1518957636e+02  1.7256306974e+03
4.473899  2.1423044088e+03  4.2135520751e+02  1.7209492013e+03
4.475010  2.1436625949e+03  4.2759112847e+02  1.7160714665e+03
4.476122  2.1448967073e+03  4.3389818576e+02  1.7109985216e+03
4.477233  2.1460084293e+03  4.4027708524e+02  1.7057313441e+03
4.478344  2.1469991714e+03  4.4672833378e+02  1.7002708377e+03
4.479456  2.1478699979e+03  4.5325218070e+02  1.6946178172e+03
4.480567  2.1486215611e+03  4.5984856021e+02  1.6887730008e+03
4.481678  2.1492540467e+03  4.6651703627e+02  1.6827370104e+03
4.482790  2.1497671305e+03  4.7325675097e+02  1.6765103795e+03
4.483901  2.1501599470e+03  4.8006637779e+02  1.6700935692e+03
4.485012  2.1504310719e+03  4.8694408085e+02  1.6634869910e+03
4.486124  2.1505785172e+03  4.9388748123e+02  1.6566910360e+03
4.487235  2.1505997412e+03  5.0089363120e+02  1.6497061100e+03
4.488347  2.1504916700e+03  5.0795899720e+02  1.6425326728e+03
4.489458  2.1502507338e+03  5.1507945218e+02  1.6351712816e+03
4.490569  2.1498729133e+03  5.2225027761e+02  1.6276226357e+03
4.491681  2.1493537983e+03  5.2946617551e+02  1.6198876228e+03
4.492792  2.1486886546e+03  5.3672129038e+02  1.6119673642e+03
4.493903  2.1478724996e+03  5.4400924086e+02  1.6038632588e+03
4.495015  2.1469001840e+03  5.5132316085e+02  1.5955770231e+03
4.496126  2.1457664769e+03  5.5865574921e+02  1.5871107277e+03
4.497237  2.1444661547e+03  5.6599932751e+02  1.5784668272e+03
4.498349  2.1429940890e+03  5.7334590472e+02  1.5696481843e+03
4.499460  2.1413453342e+03  5.8068724778e+02  1.5606580864e+03
4.500571  2.1395152104e+03  5.8801495679e+02  1.5515002536e+03
4.501683  2.1374993822e+03  5.9532054349e+02  1.5421788387e+03
4.502794  2.1352939301e+03  6.0259551160e+02  1.5326984185e+03
4.503906  2.1328954136e+03  6.0983143762e+02  1.5230639759e+03
4.505017  2.1303009245e+03  6.1702005056e+02  1.5132808739e+03
4.506128  2.1275081305e+03  6.2415330918e+02  1.5033548213e+03
4.507240  2.1245153064e+03  6.3122347544e+02  1.4932918309e+03
4.508351  2.1213213542e+03  6.3822318273e+02  1.4830981715e+03
4.509462  2.1179258111e+03  6.4514549777e+02  1.4727803133e+03
4.510574  2.1143288456e+03  6.5198397514e+02  1.4623448705e+03
4.511685  2.1105312423e+03  6.5873270356e+02  1.4517985387e+03
4.512796  2.1065343754e+03  6.6538634310e+02  1.4411480323e+03
4.513908  2.1023401731e+03  6.7194015302e+02  1.4304000201e+03
4.515019  2.0979510725e+03  6.7839000972e+02  1.4195610628e+03
4.516130  2.0933699671e+03  6.8473241482e+02  1.4086375523e+03
4.517242  2.0886001485e+03  6.9096449347e+02  1.3976356550e+03
4.518353  2.0836452433e+03  6.9708398315e+02  1.3865612601e+03
4.519465  2.0785091476e+03  7.0308921353e+02  1.3754199341e+03
4.520576  2.0731959597e+03  7.0897907806e+02  1.3642168817e+03
4.521687  2.0677099140e+03  7.1475299816e+02  1.3529569158e+03
4.522799  2.0620553163e+03  7.2041088097e+02  1.3416444354e+03
4.523910  2.0562364837e+03  7.2595307180e+02  1.3302834119e+03
4.525021  2.0502576884e+03  7.3138030258e+02  1.3188773858e+03
4.526133  2.0441231093e+03  7.3669363738e+02  1.3074294720e+03
4.527244  2.0378367898e+03  7.4189441655e+02  1.2959423733e+03
4.528355  2.0314026044e+03  7.4698420057e+02  1.2844184039e+03
4.529467  2.0248242344e+03  7.5196471505e+02  1.2728595194e+03
4.530578  2.0181051526e+03  7.5683779797e+02  1.2612673546e+03
4.531689  2.0112486176e+03  7.6160535041e+02  1.2496432672e+03
4.532801  2.0042576777e+03  7.6626929174e+02  1.2379883859e+03
4.533912  1.9971351836e+03  7.7083152012e+02  1.2263036634e+03
4.535024  1.9898838096e+03  7.7529387913e+02  1.2145899304e+03
4.536135  1.9825060827e+03  7.7965813101e+02  1.2028479517e+03
4.537246  1.9750044187e+03  7.8392593703e+02  1.1910784817e+03
4.538358  1.9673811629e+03  7.8809884502e+02  1.1792823179e+03
4.539469  1.9596386366e+03  7.9217828424e+02  1.1674603523e+03
4.540580  1.9517791856e+03  7.9616556733e+02  1.1556136183e+03
4.541692  1.9438052309e+03  8.0006189903e+02  1.1437433318e+03
4.542803  1.9357193191e+03  8.0386839118e+02  1.1318509279e+03
4.543914  1.9275241719e+03  8.0758608323e+02  1.1199380886e+03
4.545026  1.9192227328e+03  8.1121596767e+02  1.1080067651e+03
4.546137  1.9108182098e+03  8.1475901925e+02  1.0960591906e+03
4.547248  1.9023141131e+03  8.1821622713e+02  1.0840978859e+03
4.548360  1.8937142858e+03  8.2158862886e+02  1.0721256570e+03
4.549471  1.8850229287e+03  8.2487734511e+02  1.0601455836e+03
4.550583  1.8762446161e+03  8.2808361406e+02  1.0481610021e+03
4.551694  1.8673843034e+03  8.3120882427e+02  1.0361754791e+03
4.552805  1.8584473264e+03  8.3425454523e+02  1.0241927812e+03
4.553917  1.8494393911e+03  8.3722255426e+02  1.0122168369e+03
4.555028  1.8403665553e+03  8.4011485930e+02  1.0002516960e+03
4.556139  1.8312352010e+03  8.4293371653e+02  9.8830148447e+02
4.557251  1.8220519996e+03  8.4568164225e+02  9.7637035738e+02
4.558362  1.8128238695e+03  8.4836141875e+02  9.6446245072e+02
4.559473  1.8035579267e+03  8.5097609352e+02  9.5258183320e+02
4.560585  1.7942614313e+03  8.5352897192e+02  9.4073245935e+02
4.561696  1.7849417279e+03  8.5602360313e+02  9.2891812481e+02
4.562808  1.7756061848e+03  8.5846375973e+02  9.1714242502e+02
4.563919  1.7662621292e+03  8.6085341104e+02  9.0540871814e+02
4.565030  1.7569167838e+03  8.6319669082e+02  8.9372009298e+02
4.566142  1.7475772027e+03  8.6549786001e+02  8.8207934271e+02
4.567253  1.7382502098e+03  8.6776126505e+02  8.7048894477e+02
4.568364  1.7289423402e+03  8.6999129284e+02  8.5895104735e+02
4.569476  1.7196597858e+03  8.7219232309e+02  8.4746746268e+02
4.570587  1.7104083462e+03  8.7436867919e+02  8.3603966703e+02
4.571698  1.7011933860e+03  8.7652457854e+02  8.2466880747e+02
4.572810  1.6920197982e+03  8.7866408334e+02  8.1335571481e+02
4.573921  1.6828919757e+03  8.8079105305e+02  8.0210092261e+02
4.575032  1.6738137905e+03  8.8290909927e+02  7.9090469127e+02
4.576144  1.6647885811e+03  8.8502154417e+02  7.7976703694e+02
4.577255  1.6558191473e+03  8.8713138324e+02  7.6868776406e+02
4.578367  1.6469077541e+03  8.8924125320e+02  7.5766650092e+02
4.579478  1.6380561428e+03  8.9135340561e+02  7.4670273722e+02
4.580589  1.6292655496e+03  8.9346968688e+02  7.3579586270e+02
4.581701  1.6205367308e+03  8.9559152489e+02  7.2494520588e+02
4.582812  1.6118699947e+03  8.9771992272e+02  7.1415007197e+02
4.583923  1.6032652385e+03  8.9985545935e+02  7.0340977917e+02
4.585035  1.5947219898e+03  9.0199829752e+02  6.9272369230e+02
4.586146  1.5862394518e+03  9.0414819843e+02  6.8209125337e+02
4.587257  1.5778165512e+03  9.0630454312e+02  6.7151200807e+02
4.588369  1.5694519878e+03  9.0846635992e+02  6.6098562791e+02
4.589480  1.5611442852e+03  9.1063235765e+02  6.5051192757e+02
4.590591  1.5528918407e+03  9.1280096370e+02  6.4009087702e+02
4.591703  1.5446929749e+03  9.1497036644e+02  6.2972260844e+02
4.592814  1.5365459789e+03  9.1713856107e+02  6.1940741785e+02
4.593926  1.5284491596e+03  9.1930339806e+02  6.0914576150e+02
4.595037  1.5204008807e+03  9.2146263336e+02  5.9893824735e+02
4.596148  1.5123996014e+03  9.2361397944e+02  5.8878562193e+02
4.597260  1.5044439093e+03  9.2575515627e+02  5.7868875299e+02
4.598371  1.4965325499e+03  9.2788394138e+02  5.6864860849e+02
4.599482  1.4886644508e+03  9.2999821826e+02  5.5866623257e+02
4.600594  1.4808387412e+03  9.3209602216e+02  5.4874271901e+02
4.601705  1.4730547658e+03  9.3417558275e+02  5.3887918304e+02
4.602816  1.4653120950e+03  9.3623536292e+02  5.2907673203e+02
4.603928  1.4576105291e+03  9.3827409329e+02  5.1933643584e+02
4.605039  1.4499500993e+03  9.4029080182e+02  5.0965929748e+02
4.606150  1.4423310631e+03  9.4228483838e+02  5.0004622476e+02
4.607262  1.4347538973e+03  9.4425589389e+02  4.9049800344e+02
4.608373  1.4272192865e+03  9.4620401399e+02  4.8101527248e+02
4.609485  1.4197281090e+03  9.4812960714e+02  4.7159850189e+02
4.610596  1.4122814206e+03  9.5003344721e+02  4.6224797338e+02
4.611707  1.4048804352e+03  9.5191667080e+02  4.5296376438e+02
4.612819  1.3975265047e+03  9.5378076933e+02  4.4374573534e+02
4.613930  1.3902210971e+03  9.5562757638e+02  4.3459352075e+02
4.615041  1.3829657741e+03  9.5745925045e+02  4.2550652360e+02
4.616153  1.3757621673e+03  9.5927825375e+02  4.1648391351e+02
4.617264  1.3686119554e+03  9.6108732722e+02  4.0752462822e+02
4.618375  1.3615168407e+03  9.6288946237e+02  3.9862737838e+02
4.619487  1.3544785258e+03  9.6468787046e+02  3.8979065529e+02
4.620598  1.3474986908e+03  9.6648594935e+02  3.8101274145e+02
4.621709  1.3405789720e+03  9.6828724852e+02  3.7229172345e+02
4.622821  1.3337209398e+03  9.7009543288e+02  3.6362550692e+02
4.623932  1.3269260787e+03  9.7191424547e+02  3.5501183326e+02
4.625044  1.3201957674e+03  9.7374746976e+02  3.4644829765e+02
4.626155  1.3135312598e+03  9.7559889169e+02  3.3793236813e+02
4.627266  1.3069336673e+03  9.7747226186e+02  3.2946140542e+02
4.628378  1.3004039411e+03  9.7937125805e+02  3.2103268306e+02
4.629489  1.2939428563e+03  9.8129944844e+02  3.1264340786e+02
4.630600  1.2875509958e+03  9.8326025555e+02  3.0429074023e+02
4.631712  1.2812287355e+03  9.8525692107e+02  2.9597181438e+02
4.632823  1.2749762300e+03  9.8729247184e+02  2.8768375817e+02
4.633934  1.2687933995e+03  9.8936968679e+02  2.7942371267e+02
4.635046  1.2626799163e+03  9.9149106502e+02  2.7118885130e+02
4.636157  1.2566351938e+03  9.9365879513e+02  2.6297639864e+02
4.637268  1.2506583743e+03  9.9587472547e+02  2.5478364888e+02
4.638380  1.2447483198e+03  9.9814033570e+02  2.4660798415e+02
4.639491  1.2389036020e+03  1.0004567093e+03  2.3844689263e+02
4.640603  1.2331224940e+03  1.0028245073e+03  2.3029798674e+02
4.641714  1.2274029641e+03  1.0052439427e+03  2.2215902138e+02
4.642825  1.2217426689e+03  1.0077147565e+03  2.1402791236e+02
4.643937  1.2161389496e+03  1.0102361944e+03  2.0590275524e+02
4.645048  1.2105888289e+03  1.0128069845e+03  1.9778184439e+02
4.646159  1.2050890093e+03  1.0154253168e+03  1.8966369248e+02
4.647271  1.1996358736e+03  1.0180888232e+03  1.8154705040e+02
4.648382  1.1942254863e+03  1.0207945590e+03  1.7343092732e+02
4.649493  1.1888535981e+03  1.0235389869e+03  1.6531461112e+02
4.650605  1.1835156499e+03  1.0263179612e+03  1.5719768867e+02
4.651716  1.1782067808e+03  1.0291267148e+03  1.4908006603e+02
4.652828  1.1729218363e+03  1.0319598482e+03  1.4096198807e+02
4.653939  1.1676553780e+03  1.0348113206e+03  1.3284405742e+02
4.655050  1.1624016959e+03  1.0376744437e+03  1.2472725217e+02
4.656162  1.1571548206e+03  1.0405418785e+03  1.1661294204e+02
4.657273  1.1519085374e+03  1.0434056347e+03  1.0850290269e+02
4.658384  1.1466564014e+03  1.0462570739e+03  1.0039932749e+02
4.659496  1.1413917528e+03  1.0490869162e+03  9.2304836618e+01
4.660607  1.1361077335e+03  1.0518852507e+03  8.4222482767e+01
4.661718  1.1307973033e+03  1.0546415500e+03  7.6155753314e+01
4.662830  1.1254532567e+03  1.0573446883e+03  6.8108568387e+01
4.663941  1.1200682400e+03  1.0599829654e+03  6.0085274611e+01
4.665052  1.1146347673e+03  1.0625441331e+03  5.2090634225e+01
4.666164  1.1091452375e+03  1.0650154281e+03  4.4129809383e+01
4.667275  1.1035919493e+03  1.0673836078e+03  3.6208341520e+01
4.668387  1.0979671177e+03  1.0696349920e+03  2.8332125731e+01
4.669498  1.0922628883e+03  1.0717555081e+03  2.0507380253e+01
4.670609  1.0864713522e+03  1.0737307411e+03  1.2740611165e+01
4.671721  1.0805845603e+03  1.0755459877e+03  5.0385725864e+00
4.672832  1.0745945371e+03  1.0771863144e+03  -2.5917772911e+00
4.673943  1.0684932950e+03  1.0786366189e+03  -1.0143323897e+01
4.675055  1.0622728481e+03  1.0798816953e+03  -1.7608847165e+01
4.676166  1.0559252272e+03  1.0809063022e+03  -2.4981074999e+01
4.677277  1.0494424940e+03  1.0816952326e+03  -3.2252738629e+01
4.678389  1.0428167580e+03  1.0822333871e+03  -3.9416629129e+01
4.679500  1.0360401932e+03  1.0825058475e+03  -4.6465654296e+01
4.680611  1.0291050570e+03  1.0824979521e+03  -5.3392895070e+01
4.681723  1.0220037105e+03  1.0821953711e+03  -6.0191660663e+01
4.682834  1.0147286410e+03  1.0815841825e+03  -6.6855541566e+01
4.683946  1.0072724868e+03  1.0806509464e+03  -7.3378459611e+01
4.685057  9.9962806419e+02  1.0793827785e+03  -7.9754714304e+01
4.686168  9.9178839718e+02  1.0777674219e+03  -8.5979024722e+01
4.687280  9.8374674969e+02  1.0757933160e+03  -9.2046566285e+01
4.688391  9.7549666046e+02  1.0734496623e+03  -9.7953001853e+01
4.689502  9.6703198041e+02  1.0707264871e+03  -1.0369450665e+02
4.690614  9.5834691233e+02  1.0676146990e+03  -1.0926778665e+02
4.691725  9.4943605273e+02  1.0641061429e+03  -1.1467009016e+02
4.692836  9.4029443536e+02  1.0601936479e+03  -1.1989921250e+02
4.693948  9.3091757613e+02  1.0558710698e+03  -1.2495349367e+02
4.695059  9.2130151890e+02  1.0511333282e+03  -1.2983180932e+02
4.696170  9.1144288150e+02  1.0459764365e+03  -1.3453355501e+02
4.697282  9.0133890142e+02  1.0403975258e+03  -1.3905862441e+02
4.698393  8.9098748050e+02  1.0343948622e+03  -1.4340738170e+02
4.699505  8.8038722783e+02  1.0279678567e+03  -1.4758062887e+02
4.700616  8.6953750017e+02  1.0211170688e+03  -1.5157956864e+02
4.701727  8.5843843913e+02  1.0138442028e+03  -1.5540576370e+02
4.702839  8.4709100430e+02  1.0061520974e+03  -1.5906109314e+02
4.703950  8.3549700171e+02  9.9804470863e+02  -1.6254770692e+02
4.705061  8.2365910684e+02  9.8952708628e+02  -1.6586797945e+02
4.706173  8.1158088154e+02  9.8060534445e+02  -1.6902446290e+02
4.707284  7.9926678444e+02  9.7128662601e+02  -1.7201984157e+02
4.708395  7.8672217415e+02  9.6157906194e+02  -1.7485688779e+02
4.709507  7.7395330517e+02  9.5149172570e+02  -1.7753842054e+02
4.710618  7.6096731597e+02  9.4103458333e+02  -1.8006726736e+02
4.711729  7.4777220930e+02  9.3021843969e+02  -1.8244623039e+02
4.712841  7.3437682470e+02  9.1905488169e+02  -1.8467805699e+02
4.713952  7.2079080320e+02  9.0755621885e+02  -1.8676541565e+02
4.715064  7.0702454471e+02  8.9573542203e+02  -1.8871087732e+02
4.716175  6.9308915827e+02  8.8360606097e+02  -1.9051690270e+02
4.717286  6.7899640583e+02  8.7118224116e+02  -1.9218583533e+02
4.718398  6.6475864017e+02  8.5847854082e+02  -1.9371990065e+02
4.719509  6.5038873766e+02  8.4550994855e+02  -1.9512121089e+02
4.720620  6.3590002677e+02  8.3229180216e+02  -1.9639177538e+02
4.721732  6.2130621328e+02  8.1883972930e+02  -1.9753351602e+02
4.722843  6.0662130308e+02  8.0516959036e+02  -1.9854828727e+02
4.723954  5.9185952374e+02  7.9129742400e+02  -1.9943790026e+02
4.725066  5.7703524574e+02  7.7723939574e+02  -2.0020415000e+02
4.726177  5.6216290463e+02  7.6301174982e+02  -2.0084884519e+02
4.727288  5.4725692496e+02  7.4863076464e+02  -2.0137383968e+02
4.728400  5.3233164709e+02  7.3411271173e+02  -2.0178106464e+02
4.729511  5.1740125785e+02  7.1947381856e+02  -2.0207256071e+02
4.730623  5.0247972576e+02  7.0473023488e+02  -2.0225050912e+02
4.731734  4.8758074179e+02  6.8989800270e+02  -2.0231726090e+02
4.732845  4.7271766612e+02  6.7499302959e+02  -2.0227536347e+02
4.733957  4.5790348144e+02  6.6003106514e+02  -2.0212758369e+02
4.735068  4.4315075338e+02  6.4502768024e+02  -2.0187692686e+02
4.736179  4.2847159798e+02  6.2999824881e+02  -2.0152665083e+02
4.737291  4.1387765657e+02  6.1495793160e+02  -2.0108027503e+02
4.738402  3.9938007785e+02  5.9992166163e+02  -2.0054158378e+02
4.739513  3.8498950708e+02  5.8490413085e+02  -1.9991462377e+02
4.740625  3.7071608187e+02  5.6991977745e+02  -1.9920369558e+02
4.741736  3.5656943432e+02  5.5498277359e+02  -1.9841333927e+02
4.742848  3.4255869870e+02  5.4010701286e+02  -1.9754831416e+02
4.743959  3.2869252420e+02  5.2530609734e+02  -1.9661357313e+02
4.745070  3.1497909176e+02  5.1059332363e+02  -1.9561423186e+02
4.746182  3.0142613431e+02  4.9598166786e+02  -1.9455553355e+02
4.747293  2.8804095941e+02  4.8148376916e+02  -1.9344280974e+02
4.748404  2.7483047355e+02  4.6711191160e+02  -1.9228143805e+02
4.749516  2.6180120695e+02  4.5287800448e+02  -1.9107679753e+02
4.750627  2.4895933825e+02  4.3879356092e+02  -1.8983422267e+02
4.751738  2.3631071803e+02  4.2486967489e+02  -1.8855895686e+02
4.752850  2.2386089054e+02  4.1111699681e+02  -1.8725610627e+02
4.753961  2.1161511282e+02  3.9754570797e+02  -1.8593059515e+02
4.755072  1.9957837072e+02  3.8416549415e+02  -1.8458712344e+02
4.756184  1.8775539124e+02  3.7098551876e+02  -1.8323012752e+02
4.757295  1.7615065095e+02  3.5801439597e+02  -1.8186374502e+02
4.758407  1.6476838012e+02  3.4526016445e+02  -1.8049178433e+02
4.759518  1.5361256258e+02  3.3273026210e+02  -1.7911769952e+02
4.760629  1.4268693140e+02  3.2043150254e+02  -1.7774457114e+02
4.761741  1.3199496036e+02  3.0837005376e+02  -1.7637509340e+02
4.762852  1.2153985184e+02  2.9655141970e+02  -1.7501156786e+02
4.763963  1.1132452130e+02  2.8498042517e+02  -1.7365590387e+02
4.765075  1.0135157905e+02  2.7366120475e+02  -1.7230962570e+02
4.766186  9.1623309936e+01  2.6259719612e+02  -1.7097388618e+02
4.767297  8.2141651645e+01  2.5179113819e+02  -1.6964948655e+02
4.768409  7.2908172382e+01  2.4124507447e+02  -1.6833690209e+02
4.769520  6.3924048829e+01  2.3096036178e+02  -1.6703631295e+02
4.770631  5.5190045150e+01  2.2093768459e+02  -1.6574763944e+02
4.771743  4.6706493896e+01  2.1117707493e+02  -1.6447058104e+02
4.772854  3.8473279626e+01  2.0167793785e+02  -1.6320465822e+02
4.773966  3.0489825978e+01  1.9243908215e+02  -1.6194925617e+02
4.775077  2.2755086880e+01  1.8345875623e+02  -1.6070366935e+02
4.776188  1.5267542495e+01  1.7473468847e+02  -1.5946714597e+02
4.777300  8.0252003796e+00  1.6626413168e+02  -1.5823893130e+02
4.778411  1.0256022269e+00  1.5804391106e+02  -1.5701830884e+02
4.779522  -5.7341635838e+00  1.5007047489e+02  -1.5580463847e+02
4.780634  -1.2257443530e+01  1.4233994710e+02  -1.5459739063e+02
4.781745  -1.8547994644e+01  1.3484818112e+02  -1.5339617576e+02
4.782856  -2.4609954551e+01  1.2759081382e+02  -1.5220076837e+02
4.783968  -3.0447806219e+01  1.2056331894e+02  -1.5101112516e+02
4.785079  -3.6066337867e+01  1.1376105890e+02  -1.4982739676e+02
4.786190  -4.1470598667e+01  1.0717933424e+02  -1.4864993291e+02
4.787302  -4.6665850955e+01  1.0081342984e+02  -1.4747928079e+02
4.788413  -5.1657519773e+01  9.4658657090e+01  -1.4631617686e+02
4.789525  -5.6451140652e+01  8.8710391408e+01  -1.4516153206e+02
4.790636  -6.1052306594e+01  8.2964104449e+01  -1.4401641104e+02
4.791747  -6.5466615272e+01  7.7415390556e+01  -1.4288200583e+02
4.792859  -6.9699617443e+01  7.2059987079e+01  -1.4175960452e+02
4.793970  -7.3756767609e+01  6.6893788353e+01  -1.4065055596e+02
4.795081  -7.7643377887e+01  6.1912853235e+01  -1.3955623112e+02
4.796193  -8.1364576008e+01  5.7113406281e+01  -1.3847798229e+02
4.797304  -8.4925268296e+01  5.2491832748e+01  -1.3741710104e+02
4.798415  -8.8330108357e+01  4.8044667780e+01  -1.3637477614e+02
4.799527  -9.1583472103e+01  4.3768580251e+01  -1.3535205235e+02
4.800638  -9.4689439607e+01  3.9660351871e+01  -1.3434979148e+02
4.801749  -9.7651784113e+01  3.5716852258e+01  -1.3336863637e+02
4.802861  -1.0047396840e+02  3.1935010794e+01  -1.3240897919e+02
4.803972  -1.0315914851e+02  2.8311786143e+01  -1.3147093465e+02
4.805084  -1.0571018468e+02  2.4844134356e+01  -1.3055431904e+02
4.806195  -1.0812965923e+02  2.1528976550e+01  -1.2965863578e+02
4.807306  -1.1041990085e+02  1.8363167125e+01  -1.2878306797e+02
4.808418  -1.1258301467e+02  1.5343463493e+01  -1.2792647816e+02
4.809529  -1.1462091752e+02  1.2466498239e+01  -1.2708741576e+02
4.810640  -1.1653537728e+02  9.7287545819e+00  -1.2626413186e+02
4.811752  -1.1832805543e+02  7.1265459243e+00  -1.2545460136e+02
4.812863  -1.2000055185e+02  4.6560001706e+00  -1.2465655202e+02
4.813974  -1.2155445054e+02  2.3130493792e+00  -1.2386749992e+02
4.815086  -1.2299136536e+02  9.3425181385e-02  -1.2308479054e+02
4.816197  -1.2431298438e+02  -2.0073397469e+00  -1.2230564463e+02
4.817309  -1.2552111195e+02  -3.9939040252e+00  -1.2152720792e+02
4.818420  -1.2661770722e+02  -5.8711037431e+00  -1.2074660347e+02
4.819531  -1.2760491820e+02  -7.6439326468e+00  -1.1996098556e+02
4.820643  -1.2848511047e+02  -9.3175166725e+00  -1.1916759380e+02
4.821754  -1.2926088956e+02  -1.0897083303e+01  -1.1836380626e+02
4.822865  -1.2993511663e+02  -1.2387926361e+01  -1.1754719027e+02
4.823977  -1.3051091669e+02  -1.3795366982e+01  -1.1671554971e+02
4.825088  -1.3099167916e+02  -1.5124711589e+01  -1.1586696757e+02
4.826199  -1.3138105057e+02  -1.6381207810e+01  -1.1499984276e+02
4.827311  -1.3168291939e+02  -1.7569999306e+01  -1.1411292008e+02
4.828422  -1.3190139331e+02  -1.8696080542e+01  -1.1320531276e+02
4.829533  -1.3204076921e+02  -1.9764252528e+01  -1.1227651668e+02
4.830645  -1.3210549648e+02  -2.0779080546e+01  -1.1132641594e+02
4.831756  -1.3210013437e+02  -2.1744854864e+01  -1.1035527950e+02
4.832868  -1.3202930425e+02  -2.2665555332e+01  -1.0936374891e+02
4.833979  -1.3189763782e+02  -2.3544820723e+01  -1.0835281709e+02
4.835090  -1.3170972232e+02  -2.4385923529e+01  -1.0732379879e+02
4.836202  -1.3147004397e+02  -2.5191750830e+01  -1.0627829314e+02
4.837313  -1.3118293088e+02  -2.5964791697e+01  -1.0521813918e+02
4.838424  -1.3085249675e+02  -2.6707131459e+01  -1.0414536529e+02
4.839536  -1.3048258659e+02  -2.7420452978e+01  -1.0306213361e+02
4.840647  -1.3007672578e+02  -2.8106044932e+01  -1.0197068084e+02
4.841758  -1.2963807363e+02  -2.8764816946e+01  -1.0087325669e+02
4.842870  -1.2916938264e+02  -2.9397321235e+01  -9.9772061403e+01
4.843981  -1.2867296432e+02  -3.0003780282e+01  -9.8669184036e+01
4.845092  -1.2815066268e+02  -3.0584119944e+01  -9.7566542736e+01
4.846204  -1.2760383592e+02  -3.1138007223e+01  -9.6465828697e+01
4.847315  -1.2703334698e+02  -3.1664891871e+01  -9.5368455112e+01
4.848427  -1.2643956333e+02  -3.2164050882e+01  -9.4275512448e+01
4.849538  -1.2582236611e+02  -3.2634634882e+01  -9.3187731225e+01
4.850649  -1.2518116869e+02  -3.3075715367e+01  -9.2105453318e+01
4.851761  -1.2451494435e+02  -3.3486331750e+01  -9.1028612601e+01
4.852872  -1.2382226272e+02  -3.3865537173e+01  -8.9956725549e+01
4.853983  -1.2310133427e+02  -3.4212442081e+01  -8.8888892185e+01
4.855095  -1.2235006214e+02  -3.4526254625e+01  -8.7823807513e+01
4.856206  -1.2156610035e+02  -3.4806317033e+01  -8.6759783317e+01
4.857317  -1.2074691717e+02  -3.5052137194e+01  -8.5694779980e+01
4.858429  -1.1988986255e+02  -3.5263414845e+01  -8.4626447709e+01
4.859540  -1.1899223817e+02  -3.5440061841e+01  -8.3552176331e+01
4.860651  -1.1805136879e+02  -3.5582216193e+01  -8.2469152596e+01
4.861763  -1.1706467340e+02  -3.5690249663e+01  -8.1374423736e+01
4.862874  -1.1602973476e+02  -3.5764768900e+01  -8.0264965864e+01
4.863986  -1.1494436589e+02  -3.5806610243e+01  -7.9137755650e+01
4.865097  -1.1380667208e+02  -3.5816828458e+01  -7.7989843619e+01
4.866208  -1.1261510721e+02  -3.5796679866e+01  -7.6818427346e+01
4.867320  -1.1136852321e+02  -3.5747600386e+01  -7.5620922821e+01
4.868431  -1.1006621144e+02  -3.5671179196e+01  -7.4395032242e+01
4.869542  -1.0870793537e+02  -3.5569128776e+01  -7.3138806596e+01
4.870654  -1.0729395365e+02  -3.5443252194e+01  -7.1850701459e+01
4.871765  -1.0582503313e+02  -3.5295408535e+01  -7.0529624594e+01
4.872876  -1.0430245155e+02  -3.5127477434e+01  -6.9174974120e+01
4.873988  -1.0272798986e+02  -3.4941323653e+01  -6.7786666207e+01
4.875099  -1.0110391413e+02  -3.4738762633e+01  -6.6365151495e+01
4.876210  -9.9432947654e+01  -3.4521527939e+01  -6.4911419715e+01
4.877322  -9.7718233619e+01  -3.4291241401e+01  -6.3426992219e+01
4.878433  -9.5963289183e+01  -3.4049386730e+01  -6.1913902453e+01
4.879545  -9.4171951900e+01  -3.3797287235e+01  -6.0374664665e+01
4.880656  -9.2348319611e+01  -3.3536088190e+01  -5.8812231421e+01
4.881767  -9.0496685030e+01  -3.3266744241e+01  -5.7229940789e+01
4.882879  -8.8621466419e+01  -3.2990012124e+01  -5.5631454295e+01
4.883990  -8.6727135776e+01  -3.2706448805e+01  -5.4020686971e+01
4.885101  -8.4818146072e+01  -3.2416415030e+01  -5.2401731042e+01
4.886213  -8.2898859036e+01  -3.2120084103e+01  -5.0778774933e+01
4.887324  -8.0973475024e+01  -3.1817455593e+01  -4.9156019431e+01
4.888435  -7.9045966436e+01  -3.1508373536e+01  -4.7537592900e+01
4.889547  -7.7120016081e+01  -3.1192548587e+01  -4.5927467494e+01
4.890658  -7.5198961781e+01  -3.0869583464e+01  -4.4329378316e+01
4.891769  -7.3285748376e+01  -3.0539000979e+01  -4.2746747397e+01
4.892881  -7.1382888123e+01  -3.0200273840e+01  -4.1182614284e+01
4.893992  -6.9492430314e+01  -2.9852855420e+01  -3.9639574894e+01
4.895104  -6.7615940727e+01  -2.9496210641e+01  -3.8119730085e+01
4.896215  -6.5754491324e+01  -2.9129846122e+01  -3.6624645202e+01
4.897326  -6.3908660385e+01  -2.8753338804e+01  -3.5155321581e+01
4.898438  -6.2078543033e+01  -2.8366362270e+01  -3.3712180763e+01
4.899549  -6.0263771896e+01  -2.7968710075e+01  -3.2295061820e+01
4.900660  -5.8463547422e+01  -2.7560315483e+01  -3.0903231939e+01
4.901772  -5.6676677172e+01  -2.7141267095e+01  -2.9535410077e+01
4.902883  -5.4901623190e+01  -2.6711819990e+01  -2.8189803200e+01
4.903994  -5.3136556420e+01  -2.6272402099e+01  -2.6864154321e+01
4.905106  -5.1379416955e+01  -2.5823615687e+01  -2.5555801268e+01
4.906217  -4.9627978797e+01  -2.5366233924e+01  -2.4261744873e+01
4.907329  -4.7879917707e+01  -2.4901192674e+01  -2.2978725032e+01
4.908440  -4.6132880665e+01  -2.4429577754e+01  -2.1703302911e+01
4.909551  -4.4384555427e+01  -2.3952608021e+01  -2.0431947406e+01
4.910663  -4.2632738665e+01  -2.3471614778e+01  -1.9161123888e+01
4.911774  -4.0875401229e+01  -2.2988018043e+01  -1.7887383186e+01
4.912885  -3.9110749108e+01  -2.2503300349e+01  -1.6607448758e+01
4.913997  -3.7337278811e+01  -2.2018978763e+01  -1.5318300048e+01
4.915108  -3.5553825966e+01  -2.1536575870e+01  -1.4017250097e+01
4.916219  -3.3759606133e+01  -2.1057590494e+01  -1.2702015639e+01
4.917331  -3.1954246970e+01  -2.0583468909e+01  -1.1370778061e+01
4.918442  -3.0137811111e+01  -2.0115577277e+01  -1.0022233833e+01
4.919553  -2.8310809301e+01  -1.9655176034e+01  -8.6556332667e+00
4.920665  -2.6474203568e+01  -1.9203396838e+01  -7.2708067303e+00
4.921776  -2.4629400414e+01  -1.8761222667e+01  -5.8681777466e+00
4.922888  -2.2778234245e+01  -1.8329471540e+01  -4.4487627053e+00
4.923999  -2.0922941466e+01  -1.7908784222e+01  -3.0141572443e+00
4.925110  -1.9066125868e+01  -1.7499616206e+01  -1.5665096617e+00
4.926222  -1.7210716126e+01  -1.7102234099e+01  -1.0848202643e-01
4.927333  -1.5359916405e+01  -1.6716716462e+01  1.3568000572e+00
4.928444  -1.3517151195e+01  -1.6342959009e+01  2.8258078141e+00
4.929556  -1.1686005638e+01  -1.5980683978e+01  4.2946783393e+00
4.930667  -9.8701626916e+00  -1.5629453360e+01  5.7592906685e+00
4.931778  -8.0733385280e+00  -1.5288685600e+01  7.2153470724e+00
4.932890  -6.2992176089e+00  -1.4957675267e+01  8.6584576577e+00
4.934001  -4.5513888547e+00  -1.4635615147e+01  1.0084226293e+01
4.935112  -2.8332843043e+00  -1.4321620161e+01  1.1488335857e+01
4.936224  -1.1481215820e+00  -1.4014752431e+01  1.2866630849e+01
4.937335  5.0114860384e-01  -1.3714046857e+01  1.4215195461e+01
4.938447  2.1118888356e+00  -1.3418536523e+01  1.5530425359e+01
4.939558  3.6818142873e+00  -1.3127277281e+01  1.6809091568e+01
4.940669  5.2090241755e+00  -1.2839370907e+01  1.8048395082e+01
4.941781  6.6920247722e+00  -1.2553986249e+01  1.9246011021e+01
4.942892  8.1297435876e+00  -1.2270377886e+01  2.0400121473e+01
4.944003  9.5215345419e+00  -1.1987901853e+01  2.1509436395e+01
4.945115  1.0867174148e+01  -1.1706028119e+01  2.2573202267e+01
4.946226  1.2166848941e+01  -1.1424349560e+01  2.3591198501e+01
4.947337  1.3421134577e+01  -1.1142587300e+01  2.4563721877e+01
4.948449  1.4630967235e+01  -1.0860592376e+01  2.5491559610e+01
4.949560  1.5797608086e+01  -1.0578343792e+01  2.6375951878e+01
4.950671  1.6922601801e+01  -1.0295943126e+01  2.7218544928e+01
4.951783  1.8007730132e+01  -1.0013605941e+01  2.8021336074e+01
4.952894  1.9054961760e+01  -9.7316503283e+00  2.8786612088e+01
4.954006  2.0066399633e+01  -9.4504830013e+00  2.9516882634e+01
4.955117  2.1044227091e+01  -9.1705833998e+00  3.0214810491e+01
4.956228  2.1990654053e+01  -8.8924863100e+00  3.0883140363e+01
4.957340  2.2907864550e+01  -8.6167635452e+00  3.1524628095e+01
4.958451  2.3797966828e+01  -8.3440052372e+00  3.2141972065e+01
4.959562  2.4662947154e+01  -8.0748012878e+00  3.2737748441e+01
4.960674  2.5504628363e+01  -7.8097235134e+00  3.3314351877e+01
4.961785  2.6324634066e+01  -7.5493089801e+00  3.3873943046e+01
4.962896  2.7124359244e+01  -7.2940449818e+00  3.4418404225e+01
4.964008  2.7904947847e+01  -7.0443560558e+00  3.4949303903e+01
4.965119  2.8667277786e+01  -6.8005933585e+00  3.5467871144e+01
4.966230  2.9411953527e+01  -6.5630266503e+00  3.5974980177e+01
4.967342  3.0139306338e+01  -6.3318390539e+00  3.6471145392e+01
4.968453  3.0849401999e+01  -6.1071246649e+00  3.6956526664e+01
4.969565  3.1542055626e+01  -5.8888890064e+00  3.7430944633e+01
4.970676  3.2216853100e+01  -5.6770522368e+00  3.7893905337e+01
4.971787  3.2873178392e+01  -5.4714549358e+00  3.8344633327e+01
4.972899  3.3510245968e+01  -5.2718662232e+00  3.8782112191e+01
4.974010  3.4127137334e+01  -5.0779938980e+00  3.9205131232e+01
4.975121  3.4722840659e+01  -4.8894962299e+00  3.9612336889e+01
4.976233  3.5296292386e+01  -4.7059949959e+00  4.0002287382e+01
4.977344  3.5846419676e+01  -4.5270893193e+00  4.0373508995e+01
4.978455  3.6372182527e+01  -4.3523698571e+00  4.0724552384e+01
4.979567  3.6872614429e+01  -4.1814328773e+00  4.1054047306e+01
4.980678  3.7346860474e+01  -4.0138937791e+00  4.1360754253e+01
4.981789  3.7794211904e+01  -3.8493996347e+00  4.1643611538e+01
4.982901  3.8214136179e+01  -3.6876403690e+00  4.1901776548e+01
4.984012  3.8606301800e+01  -3.5283582416e+00  4.2134660042e+01
4.985124  3.8970597221e+01  -3.3713553525e+00  4.2341952574e+01
4.986235  3.9307143384e+01  -3.2164989622e+00  4.2523642346e+01
4.987346  3.9616299557e+01  -3.0637244843e+00  4.2680024042e+01
4.988458  3.9898662350e+01  -2.9130360859e+00  4.2811698436e+01
4.989569  4.0155057945e+01  -2.7645049074e+00  4.2919562853e+01
4.990680  4.0386527787e+01  -2.6182649868e+00  4.3004792774e+01
4.991792  4.0594308115e+01  -2.4745070462e+00  4.3068815161e+01
4.992903  4.0779803905e+01  -2.3334703630e+00  4.3113274268e+01
4.994014  4.0944557947e+01  -2.1954330089e+00  4.3139990956e+01
4.995126  4.1090215865e+01  -2.0607007854e+00  4.3150916651e+01
4.996237  4.1218488050e+01  -1.9295952269e+00  4.3148083276e+01
4.997349  4.1331109515e+01  -1.8024410672e+00  4.3133550582e+01
4.998460  4.1429798769e+01  -1.6795535796e+00  4.3109352349e+01
4.999571  4.1516216795e+01  -1.5612262039e+00  4.3077442999e+01
5.000683  4.1591927261e+01  -1.4477188597e+00  4.3039646121e+01
5.001794  4.1658359030e+01  -1.3392473268e+00  4.2997606357e+01
5.002905  4.1716771985e+01  -1.2359740317e+00  4.2952746017e+01
5.004017  4.1768227113e+01  -1.1380005407e+00  4.2906227654e+01
5.005128  4.1813561666e+01  -1.0453619995e+00  4.2858923666e+01
5.006239  4.1853370103e+01  -9.5802370329e-01  4.2811393806e+01
5.007351  4.1887991357e+01  -8.7587990770e-01  4.2763871265e+01
5.008462  4.1917502823e+01  -7.9875492675e-01  4.2716257750e+01
5.009573  4.1941721271e+01  -7.2640648764e-01  4.2668127759e+01
5.010685  4.1960210737e+01  -6.5853124397e-01  4.2618741981e+01
5.011796  4.1972297241e+01  -5.9477228041e-01  4.2567069521e+01
5.012908  4.1977090019e+01  -5.3472838011e-01  4.2511818399e+01
5.014019  4.1973508791e+01  -4.7796477027e-01  4.2451473562e+01
5.015130  4.1960316415e+01  -4.2402501542e-01  4.2384341430e+01
5.016242  4.1936156150e+01  -3.7244369109e-01  4.2308599842e+01
5.017353  4.1899592640e+01  -3.2275944566e-01  4.2222352086e+01
5.018464  4.1849155596e+01  -2.7452804495e-01  4.2123683641e+01
5.019576  4.1783385129e+01  -2.2733499349e-01  4.2010720122e+01
5.020687  4.1700877599e+01  -1.8080733781e-01  4.1881684937e+01
5.021798  4.1600330856e+01  -1.3462428095e-01  4.1734955137e+01
5.022910  4.1480587727e+01  -8.8526272392e-02  4.1569113999e+01
5.024021  4.1340676690e+01  -4.2322282950e-02  4.1382998973e+01
5.025132  4.1179848685e+01  4.1049716919e-03  4.1175743713e+01
5.026244  4.0997609143e+01  5.0796033388e-02  4.0946813109e+01
5.027355  4.0793744415e+01  9.7714037523e-02  4.0696030377e+01
5.028467  4.0568341916e+01  1.4474641971e-01  4.0423595496e+01
5.029578  4.0321803451e+01  1.9170895840e-01  4.0130094492e+01
5.030689  4.0054851355e+01  2.3835204765e-01  3.9816499307e+01
5.031801  3.9768527263e+01  2.8436902597e-01  3.9484158237e+01
5.032912  3.9464183483e+01  3.2940632419e-01  3.9134777158e+01
5.034023  3.9143467140e+01  3.7307513874e-01  3.8770392001e+01
5.035135  3.8808297442e+01  4.1496428919e-01  3.8393333153e+01
5.036246  3.8460836551e+01  4.5465388100e-01  3.8006182670e+01
5.037357  3.8103454740e+01  4.9172936786e-01  3.7611725373e+01
5.038469  3.7738690616e+01  5.2579559334e-01  3.7212895023e+01
5.039580  3.7369207333e+01  5.5649038957e-01  3.6812716943e+01
5.040691  3.6997745799e+01  5.8349732070e-01  3.6414248478e+01
5.041803  3.6627075959e+01  6.0655718193e-01  3.6020518777e+01
5.042914  3.6259947280e+01  6.2547789900e-01  3.5634469381e+01
5.044026  3.5899039564e+01  6.4014251796e-01  3.5258897046e+01
5.045137  3.5546915240e+01  6.5051502967e-01  3.4896400210e+01
5.046248  3.5205974204e+01  6.5664383545e-01  3.4549330369e+01
5.047360  3.4878412251e+01  6.5866272867e-01  3.4219749523e+01
5.048471  3.4566184014e+01  6.5678933920e-01  3.3909394675e+01
5.049582  3.4270971255e+01  6.5132106204e-01  3.3619650193e+01
5.050694  3.3994157195e+01  6.4262856514e-01  3.3351528629e+01
5.051805  3.3736807418e+01  6.3114704317e-01  3.3105660375e+01
5.052916  3.3499657767e+01  6.1736545109e-01  3.2882292316e+01
5.054028  3.3283109418e+01  6.0181401164e-01  3.2681295407e+01
5.055139  3.3087231213e+01  5.8505034365e-01  3.2502180869e+01
5.056250  3.2911769110e+01  5.6764460015e-01  3.2344124509e+01
5.057362  3.2756162478e+01  5.5016403686e-01  3.2205998441e+01
5.058473  3.2619566781e+01  5.3315745108e-01  3.2086409330e+01
5.059585  3.2500882063e+01  5.1713993754e-01  3.1983742126e+01
5.060696  3.2398786510e+01  5.0257840164e-01  3.1896208108e+01
5.061807  3.2311774257e+01  4.8987825176e-01  3.1821896005e+01
5.062919  3.2238196514e+01  4.7937166101e-01  3.1758824853e+01
5.064030  3.2176305022e+01  4.7130774613e-01  3.1704997276e+01
5.065141  3.2124296791e+01  4.6584495885e-01  3.1658451832e+01
5.066253  3.2080359088e+01  4.6304592323e-01  3.1617313165e+01
5.067364  3.2042713620e+01  4.6287488421e-01  3.1579838736e+01
5.068475  3.2009658895e+01  4.6519785920e-01  3.1544461036e+01
5.069587  3.1979609826e+01  4.6978550817e-01  3.1509824318e+01
5.070698  3.1951133689e+01  4.7631866053e-01  3.1474815028e+01
5.071810  3.1922981664e+01  4.8439636157e-01  3.1438585302e+01
5.072921  3.1894115309e+01  4.9354622926e-01  3.1400569080e+01
5.074032  3.1863727429e+01  5.0323684583e-01  3.1360490583e+01
5.075144  3.1831256959e+01  5.1289185015e-01  3.1318365109e+01
5.076255  3.1796397628e+01  5.2190534752e-01  3.1274492281e+01
5.077366  3.1759100306e+01  5.2965821478e-01  3.1229442091e+01
5.078478  3.1719569111e+01  5.3553485239e-01  3.1184034259e+01
5.079589  3.1678251481e+01  5.3893992078e-01  3.1139311560e+01
5.080700  3.1635822557e+01  5.3931459741e-01  3.1096507960e+01
5.081812  3.1593164368e+01  5.3615190352e-01  3.1057012465e+01
5.082923  3.1551340393e+01  5.2901067405e-01  3.1022329719e+01
5.084034  3.1511566199e+01  5.1752778191e-01  3.0994038417e+01
5.085146  3.1475176918e+01  5.0142827560e-01  3.0973748642e+01
5.086257  3.1443592383e+01  4.8053314731e-01  3.0963059236e+01
5.087369  3.1418280795e+01  4.5476451459e-01  3.0963516281e+01
5.088480  3.1400721780e+01  4.2414807086e-01  3.0976573709e+01
5.089591  3.1392369712e+01  3.8881273650e-01  3.1003556976e+01
5.090703  3.1394618151e+01  3.4898752044e-01  3.1045630631e+01
5.091814  3.1408766170e+01  3.0499568055e-01  3.1103770489e+01
5.092925  3.1435987309e+01  2.5724634644e-01  3.1178740962e+01
5.094037  3.1477301799e+01  2.0622383963e-01  3.1271077960e+01
5.095148  3.1533552607e+01  1.5247499036e-01  3.1381077617e+01
5.096259  3.1605385728e+01  9.6594806116e-02  3.1508790922e+01
5.097371  3.1693235077e+01  3.9210893047e-02  3.1654024184e+01
5.098482  3.1797312169e+01  -1.9032934141e-02  3.1816345103e+01
5.099593  3.1917600687e+01  -7.7493396041e-02  3.1995094083e+01
5.100705  3.2053855906e+01  -1.3554437912e-01  3.2189400285e+01
5.101816  3.2205608817e+01  -1.9259298997e-01  3.2398201807e+01
5.102928  3.2372174725e+01  -2.4809458741e-01  3.2620269313e+01
5.104039  3.2552665948e+01  -3.0156637611e-01  3.2854232324e+01
5.105150  3.2746008195e+01  -3.5259918714e-01  3.3098607382e+01
5.106262  3.2950960128e+01  -4.0086712279e-01  3.3351827251e+01
5.107373  3.3166135537e+01  -4.4613480394e-01  3.3612270341e+01
5.108484  3.3390027538e+01  -4.8826202712e-01  3.3878289565e+01
5.109596  3.3621034182e+01  -5.2720571185e-01  3.4148239893e+01
5.110707  3.3857484838e+01  -5.6301909617e-01  3.4420503934e+01
5.111818  3.4097666755e+01  -5.9584821638e-01  3.4693514972e+01
5.112930  3.4339851205e+01  -6.2592578396e-01  3.4965776989e+01
5.114041  3.4582318664e+01  -6.5356264651e-01  3.5235881310e+01
5.115152  3.4823382556e+01  -6.7913708740e-01  3.5502519644e+01
5.116264  3.5061411111e+01  -7.0308227998e-01  3.5764493391e+01
5.117375  3.5294846997e+01  -7.2587226374e-01  3.6020719260e+01
5.118487  3.5522224445e+01  -7.4800685095e-01  3.6270231296e+01
5.119598  3.5742183674e+01  -7.6999590160e-01  3.6512179575e+01
5.120709  3.5953482496e+01  -7.9234342158e-01  3.6745825918e+01
5.121821  3.6155005081e+01  -8.1553194236e-01  3.6970537023e+01
5.122932  3.6345767913e+01  -8.4000763164e-01  3.7185775545e+01
5.124043  3.6524923066e+01  -8.6616656181e-01  3.7391089628e+01
5.125155  3.6691758967e+01  -8.9434252896e-01  3.7586101496e+01
5.126266  3.6845698893e+01  -9.2479676974e-01  3.7770495662e+01
5.127377  3.6986297462e+01  -9.5770986763e-01  3.7944007329e+01
5.128489  3.7113235442e+01  -9.9317607698e-01  3.8106411519e+01
5.129600  3.7226313192e+01  -1.0312002227e+00  3.8257513415e+01
5.130711  3.7325443078e+01  -1.0716972593e+00  3.8397140337e+01
5.131823  3.7410641190e+01  -1.1144944956e+00  3.8525135685e+01
5.132934  3.7482018678e+01  -1.1593364160e+00  3.8641355094e+01
5.134046  3.7539772994e+01  -1.2058919521e+00  3.8745664946e+01
5.135157  3.7584179294e+01  -1.2537639907e+00  3.8837943285e+01
5.136268  3.7615582210e+01  -1.3025008379e+00  3.8918083048e+01
5.137380  3.7634388165e+01  -1.3516093041e+00  3.8985997469e+01
5.138491  3.7641058334e+01  -1.4005690281e+00  3.9041627362e+01
5.139602  3.7636102320e+01  -1.4488476228e+00  3.9084949943e+01
5.140714  3.7620072550e+01  -1.4959162031e+00  3.9115988753e+01
5.141825  3.7593559348e+01  -1.5412648427e+00  3.9134824191e+01
5.142936  3.7557186607e+01  -1.5844175144e+00  3.9141604122e+01
5.144048  3.7511607922e+01  -1.6249460778e+00  3.9136554000e+01
5.145159  3.7457503033e+01  -1.6624829096e+00  3.9119985942e+01
5.146270  3.7395574396e+01  -1.6967318113e+00  3.9092306208e+01
5.147382  3.7326543685e+01  -1.7274768761e+00  3.9054020562e+01
5.148493  3.7251148019e+01  -1.7545890594e+00  3.9005737078e+01
5.149605  3.7170135729e+01  -1.7780302601e+00  3.8948165989e+01
5.150716  3.7084261483e+01  -1.7978547946e+00  3.8882116278e+01
5.151827  3.6994280622e+01  -1.8142082179e+00  3.8808488840e+01
5.152939  3.6900942572e+01  -1.8273235250e+00  3.8728266097e+01
5.154050  3.6804983286e+01  -1.8375148397e+00  3.8642498125e+01
5.155161  3.6707116659e+01  -1.8451687702e+00  3.8552285429e+01
5.156273  3.6608024963e+01  -1.8507336784e+00  3.8458758641e+01
5.157384  3.6508348364e+01  -1.8547071703e+00  3.8363055534e+01
5.158495  3.6408673671e+01  -1.8576221644e+00  3.8266295835e+01
5.159607  3.6309522494e+01  -1.8600319383e+00  3.8169554432e+01
5.160718  3.6211339059e+01  -1.8624945801e+00  3.8073833639e+01
5.161830  3.6114477955e+01  -1.8655572912e+00  3.7980035246e+01
5.162941  3.6019192142e+01  -1.8697409899e+00  3.7888933132e+01
5.164052  3.5925621564e+01  -1.8755256565e+00  3.7801147221e+01
5.165164  3.5833782745e+01  -1.8833368403e+00  3.7717119585e+01
5.166275  3.5743559724e+01  -1.8935337154e+00  3.7637093439e+01
5.167386  3.5654696725e+01  -1.9063990271e+00  3.7561095752e+01
5.168498  3.5566792895e+01  -1.9221312185e+00  3.7488924114e+01
5.169609  3.5479299442e+01  -1.9408389622e+00  3.7420138404e+01
5.170720  3.5391519454e+01  -1.9625382549e+00  3.7354057709e+01
5.171832  3.5302610629e+01  -1.9871521602e+00  3.7289762789e+01
5.172943  3.5211591079e+01  -2.0145132057e+00  3.7226104285e+01
5.174054  3.5117348309e+01  -2.0443683687e+00  3.7161716677e+01
5.175166  3.5018651379e+01  -2.0763865097e+00  3.7095037889e+01
5.176277  3.4914166199e+01  -2.1101680400e+00  3.7024334239e+01
5.177389  3.4802473789e+01  -2.1452565509e+00  3.6947730340e+01
5.178500  3.4682091281e+01  -2.1811520728e+00  3.6863243354e+01
5.179611  3.4551495348e+01  -2.2173255852e+00  3.6768820933e+01
5.180723  3.4409147651e+01  -2.2532343666e+00  3.6662382017e+01
5.181834  3.4253521856e+01  -2.2883377457e+00  3.6541859602e+01
5.182945  3.4083131683e+01  -2.3221128057e+00  3.6405244489e+01
5.184057  3.3896559417e+01  -2.3540695939e+00  3.6250629011e+01
5.185168  3.3692484271e+01  -2.3837654048e+00  3.6076249675e+01
5.186279  3.3469709959e+01  -2.4108177274e+00  3.5880527686e+01
5.187391  3.3227190857e+01  -2.4349154909e+00  3.5662106348e+01
5.188502  3.2964056108e+01  -2.4558282854e+00  3.5419884394e+01
5.189613  3.2679631074e+01  -2.4734132968e+00  3.5153044370e+01
5.190725  3.2373455578e+01  -2.4876197575e+00  3.4861075336e+01
5.191836  3.2045298443e+01  -2.4984907849e+00  3.4543789228e+01
5.192948  3.1695167876e+01  -2.5061625561e+00  3.4201330432e+01
5.194059  3.1323317388e+01  -2.5108608398e+00  3.3834178228e+01
5.195170  3.0930246976e+01  -2.5128949840e+00  3.3443141960e+01
5.196282  3.0516699439e+01  -2.5126495288e+00  3.3029348968e+01
5.197393  3.0083651799e+01  -2.5105736808e+00  3.2594225480e+01
5.198504  2.9632301898e+01  -2.5071689479e+00  3.2139470846e+01
5.199616  2.9164050389e+01  -2.5029752817e+00  3.1667025671e+01
5.200727  2.8680478406e+01  -2.4985561215e+00  3.1179034527e+01
5.201838  2.8183321353e+01  -2.4944827603e+00  3.0677804113e+01
5.202950  2.7674439309e+01  -2.4913184748e+00  3.0165757784e+01
5.204061  2.7155784664e+01  -2.4896028685e+00  2.9645387532e+01
5.205172  2.6629367649e+01  -2.4898368659e+00  2.9119204515e+01
5.206284  2.6097220507e+01  -2.4924687850e+00  2.8589689292e+01
5.207395  2.5561361072e+01  -2.4978818754e+00  2.8059242948e+01
5.208507  2.5023756564e+01  -2.5063836761e+00  2.7530140240e+01
5.209618  2.4486288393e+01  -2.5181974882e+00  2.7004485881e+01
5.210729  2.3950718775e+01  -2.5334562031e+00  2.6484174978e+01
5.211841  2.3418659902e+01  -2.5521986569e+00  2.5970858559e+01
5.212952  2.2891546370e+01  -2.5743686116e+00  2.5465914982e+01
5.214063  2.2370611503e+01  -2.5998163893e+00  2.4970427893e+01
5.215175  2.1856868102e+01  -2.6283031099e+00  2.4485171212e+01
5.216286  2.1351094077e+01  -2.6595074119e+00  2.4010601489e+01
5.217397  2.0853823282e+01  -2.6930344631e+00  2.3546857746e+01
5.218509  2.0365341778e+01  -2.7284270055e+00  2.3093768783e+01
5.219620  1.9885689581e+01  -2.7651781231e+00  2.2650867704e+01
5.220731  1.9414667890e+01  -2.8027453697e+00  2.2217413259e+01
5.221843  1.8951851582e+01  -2.8405658603e+00  2.1792417442e+01
5.222954  1.8496606707e+01  -2.8780719012e+00  2.1374678608e+01
5.224066  1.8048112542e+01  -2.9147067187e+00  2.0962819261e+01
5.225177  1.7605387709e+01  -2.9499398475e+00  2.0555327556e+01
5.226288  1.7167319701e+01  -2.9832817479e+00  2.0150601449e+01
5.227400  1.6732697155e+01  -3.0142972443e+00  1.9746994400e+01
5.228511  1.6300244079e+01  -3.0426174119e+00  1.9342861491e+01
5.229622  1.5868655237e+01  -3.0679495833e+00  1.8936604821e+01
5.230734  1.5436631861e+01  -3.0900851994e+00  1.8526717060e+01
5.231845  1.5002916840e+01  -3.1089052914e+00  1.8111822132e+01
5.232956  1.4566328581e+01  -3.1243834473e+00  1.7690712028e+01
5.234068  1.4125792730e+01  -3.1365861878e+00  1.7262378918e+01
5.235179  1.3680371046e+01  -3.1456707483e+00  1.6826041794e+01
5.236290  1.3229286746e+01  -3.1518803387e+00  1.6381167085e+01
5.237402  1.2771945768e+01  -3.1555370213e+00  1.5927482789e+01
5.238513  1.2307953460e+01  -3.1570324143e+00  1.5464985874e+01
5.239625  1.1837126359e+01  -3.1568164893e+00  1.4993942848e+01
5.240736  1.1359498811e+01  -3.1553847822e+00  1.4514883593e+01
5.241847  1.0875324323e+01  -3.1532643823e+00  1.4028588706e+01
5.242959  1.0385071670e+01  -3.1509990948e+00  1.3536070764e+01
5.244070  9.8894158918e+00  -3.1491341971e+00  1.3038550089e+01
5.245181  9.3892244634e+00  -3.1482012136e+00  1.2537425677e+01
5.246293  8.8855389958e+00  -3.1487031381e+00  1.2034242134e+01
5.247404  8.3795529750e+00  -3.1511005122e+00  1.1530653487e+01
5.248515  7.8725861038e+00  -3.1557987456e+00  1.1028384849e+01
5.249627  7.3660559034e+00  -3.1631370283e+00  1.0529192932e+01
5.250738  6.8614472854e+00  -3.1733791341e+00  1.0034826419e+01
5.251850  6.3602808502e+00  -3.1867063646e+00  9.5469872149e+00
5.252961  5.8640806853e+00  -3.2032128202e+00  9.0672935055e+00
5.254072  5.3743424415e+00  -3.2229031148e+00  8.5972455563e+00
5.255184  4.8925024490e+00  -3.2456925878e+00  8.1381950368e+00
5.256295  4.4199085975e+00  -3.2714099901e+00  7.6913185876e+00
5.257406  3.9577936530e+00  -3.2998025553e+00  7.2575962082e+00
5.258518  3.5072516128e+00  -3.3305432988e+00  6.8377949116e+00
5.259629  3.0692176187e+00  -3.3632403263e+00  6.4324579450e+00
5.260740  2.6444518503e+00  -3.3974478772e+00  6.0418997275e+00
5.261852  2.2335277186e+00  -3.4326787802e+00  5.6662064988e+00
5.262963  1.8368245662e+00  -3.4684179645e+00  5.3052425307e+00
5.264074  1.4545249677e+00  -3.5041366350e+00  4.9586616028e+00
5.265186  1.0866166072e+00  -3.5393067123e+00  4.6259233195e+00
5.266297  7.3289859803e-01  -3.5734151249e+00  4.3063137229e+00
5.267409  3.9299200177e-01  -3.6059775544e+00  3.9989695562e+00
5.268520  6.6354203696e-02  -3.6365512493e+00  3.7029054530e+00
5.269631  -2.4770328655e-01  -3.6647465509e+00  3.4170432644e+00
5.270743  -5.4999411756e-01  -3.6902368181e+00  3.1402427006e+00
5.271854  -8.4143403255e-01  -3.7127664795e+00  2.8713324470e+00
5.272965  -1.1230160764e+00  -3.7321570021e+00  2.6091409257e+00
5.274077  -1.3957847201e+00  -3.7483106219e+00  2.3525259019e+00
5.275188  -1.6608095626e+00  -3.7612117495e+00  2.1004021870e+00
5.276299  -1.9191592641e+00  -3.7709260287e+00  1.8517667646e+00
5.277411  -2.1718763453e+00  -3.7775970948e+00  1.6057207495e+00
5.278522  -2.4199534472e+00  -3.7814411432e+00  1.3614876961e+00
5.279633  -2.6643115985e+00  -3.7827394820e+00  1.1184278836e+00
5.280745  -2.9057809669e+00  -3.7818292969e+00  8.7604833006e-01
5.281856  -3.1450844999e+00  -3.7790929090e+00  6.3400840906e-01
5.282968  -3.3828247728e+00  -3.7749458442e+00  3.9212107141e-01
5.284079  -3.6194742713e+00  -3.7698240682e+00  1.5034979694e-01
5.285190  -3.8553692417e+00  -3.7641707587e+00  -9.1198482994e-02
5.286302  -4.0907071446e+00  -3.7584230008e+00  -3.3228414375e-01
5.287413  -4.3255476537e+00  -3.7529987897e+00  -5.7254886397e-01
5.288524  -4.5598170506e+00  -3.7482847122e+00  -8.1153233836e-01
5.289636  -4.7933157811e+00  -3.7446246590e+00  -1.0486911221e+00
5.290747  -5.0257288641e+00  -3.7423098859e+00  -1.2834189782e+00
5.291858  -5.2566387760e+00  -3.7415707021e+00  -1.5150680739e+00
5.292970  -5.4855403821e+00  -3.7425700145e+00  -1.7429703676e+00
5.294081  -5.7118574442e+00  -3.7453989028e+00  -1.9664585414e+00
5.295192  -5.9349602065e+00  -3.7500743390e+00  -2.1848858675e+00
5.296304  -6.1541835513e+00  -3.7565391052e+00  -2.3976444461e+00
5.297415  -6.3688452156e+00  -3.7646638959e+00  -2.6041813197e+00
5.298527  -6.5782635770e+00  -3.7742515317e+00  -2.8040120453e+00
5.299638  -6.7817745466e+00  -3.7850431495e+00  -2.9967313971e+00
5.300749  -6.9787471454e+00  -3.7967261759e+00  -3.1820209695e+00
5.301861  -7.1685973976e+00  -3.8089438451e+00  -3.3596535525e+00
5.302972  -7.3508002276e+00  -3.8213059740e+00  -3.5294942536e+00
5.304083  -7.5248991237e+00  -3.8334006764e+00  -3.6914984472e+00
5.305195  -7.6905133968e+00  -3.8448066716e+00  -3.8457067251e+00
5.306306  -7.8473429428e+00  -3.8551058271e+00  -3.9922371157e+00
5.307417  -7.9951704911e+00  -3.8638955712e+00  -4.1312749199e+00
5.308529  -8.1338613962e+00  -3.8708008177e+00  -4.2630605785e+00
5.309640  -8.2633611000e+00  -3.8754850590e+00  -4.3878760410e+00
5.310751  -8.3836904569e+00  -3.8776603119e+00  -4.5060301450e+00
5.311863  -8.4949391715e+00  -3.8770956354e+00  -4.6178435361e+00
5.312974  -8.5972576443e+00  -3.8736239808e+00  -4.7236336635e+00
5.314086  -8.6908475628e+00  -3.8671471855e+00  -4.8237003774e+00
5.315197  -8.7759515980e+00  -3.8576389772e+00  -4.9183126208e+00
5.316308  -8.8528425829e+00  -3.8451459113e+00  -5.0076966716e+00
5.317420  -8.9218125533e+00  -3.8297862257e+00  -5.0920263276e+00
5.318531  -8.9831620214e+00  -3.8117466587e+00  -5.1714153627e+00
5.319642  -9.0371898326e+00  -3.7912773310e+00  -5.2459125016e+00
5.320754  -9.0841839274e+00  -3.7686848520e+00  -5.3154990755e+00
5.321865  -9.1244132886e+00  -3.7443238571e+00  -5.3800894315e+00
5.322976  -9.1581213068e+00  -3.7185872301e+00  -5.4395340767e+00
5.324088  -9.1855207460e+00  -3.6918952984e+00  -5.4936254476e+00
5.325199  -9.2067904289e+00  -3.6646843187e+00  -5.5421061102e+00
5.326311  -9.2220737039e+00  -3.6373945885e+00  -5.5846791153e+00
5.327422  -9.2314786917e+00  -3.6104585266e+00  -5.6210201651e+00
5.328533  -9.2350802515e+00  -3.5842890659e+00  -5.6507911857e+00
5.329645  -9.2329235461e+00  -3.5592686896e+00  -5.6736548565e+00
5.330756  -9.2250290357e+00  -3.5357394214e+00  -5.6892896142e+00
5.331867  -9.2113986825e+00  -3.5139940500e+00  -5.6974046324e+00
5.332979  -9.1920231090e+00  -3.4942688313e+00  -5.6977542777e+00
5.334090  -9.1668894249e+00  -3.4767378668e+00  -5.6901515581e+00
5.335201  -9.1359894152e+00  -3.4615093067e+00  -5.6744801085e+00
5.336313  -9.0993277750e+00  -3.4486234717e+00  -5.6507043032e+00
5.337424  -9.0569300746e+00  -3.4380529330e+00  -5.6188771416e+00
5.338535  -9.0088501503e+00  -3.4297045290e+00  -5.5791456213e+00
5.339647  -8.9551766366e+00  -3.4234232462e+00  -5.5317533904e+00
5.340758  -8.8960383863e+00  -3.4189978328e+00  -5.4770405536e+00
5.341870  -8.8316085613e+00  -3.4161679678e+00  -5.4154405935e+00
5.342981  -8.7621072227e+00  -3.4146327629e+00  -5.3474744597e+00
5.344092  -8.6878022983e+00  -3.4140603363e+00  -5.2737419620e+00
5.345204  -8.6090088614e+00  -3.4140981698e+00  -5.1949106916e+00
5.346315  -8.5260867077e+00  -3.4143839391e+00  -5.1117027686e+00
5.347426  -8.4394362769e+00  -3.4145564951e+00  -5.0248797819e+00
5.348538  -8.3494930192e+00  -3.4142666729e+00  -4.9352263463e+00
5.349649  -8.2567203581e+00  -3.4131876118e+00  -4.8435327463e+00
5.350760  -8.1616014505e+00  -3.4110242868e+00  -4.7505771637e+00
5.351872  -8.0646299834e+00  -3.4075219771e+00  -4.6571080063e+00
5.352983  -7.9663002813e+00  -3.4024734308e+00  -4.5638268505e+00
5.354094  -7.8670970251e+00  -3.3957245253e+00  -4.4713724998e+00
5.355206  -7.7674848951e+00  -3.3871782672e+00  -4.3803066279e+00
5.356317  -7.6678984602e+00  -3.3767970276e+00  -4.2911014326e+00
5.357429  -7.5687326297e+00  -3.3646029612e+00  -4.2041296685e+00
5.358540  -7.4703339712e+00  -3.3506766105e+00  -4.1196573608e+00
5.359651  -7.3729931726e+00  -3.3351537507e+00  -4.0378394219e+00
5.360763  -7.2769388970e+00  -3.3182205845e+00  -3.9587183125e+00
5.361874  -7.1823332377e+00  -3.3001074418e+00  -3.8822257959e+00
5.362985  -7.0892689337e+00  -3.2810811831e+00  -3.8081877506e+00
5.364097  -6.9977684552e+00  -3.2614365458e+00  -3.7363319095e+00
5.365208  -6.9077850139e+00  -3.2414866975e+00  -3.6662983163e+00
5.366319  -6.8192054929e+00  -3.2215532885e+00  -3.5976522044e+00
5.367431  -6.7318552374e+00  -3.2019563025e+00  -3.5298989349e+00
5.368542  -6.6455045878e+00  -3.1830040162e+00  -3.4625005716e+00
5.369653  -6.5598769848e+00  -3.1649833661e+00  -3.3948936187e+00
5.370765  -6.4746584302e+00  -3.1481510142e+00  -3.3265074160e+00
5.371876  -6.3895080418e+00  -3.1327253769e+00  -3.2567826648e+00
5.372988  -6.3040694086e+00  -3.1188798537e+00  -3.1851895549e+00
5.374099  -6.2179824263e+00  -3.1067374559e+00  -3.1112449704e+00
5.375210  -6.1308952758e+00  -3.0963669911e+00  -3.0345282847e+00
5.376322  -6.0424762018e+00  -3.0877809139e+00  -2.9546952879e+00
5.377433  -5.9524247516e+00  -3.0809349021e+00  -2.8714898495e+00
5.378544  -5.8604821478e+00  -3.0757291652e+00  -2.7847529826e+00
5.379656  -5.7664404919e+00  -3.0720114433e+00  -2.6944290487e+00
5.380767  -5.6701505275e+00  -3.0695815989e+00  -2.6005689286e+00
5.381878  -5.5715277331e+00  -3.0681976631e+00  -2.5033300701e+00
5.382990  -5.4705565616e+00  -3.0675831485e+00  -2.4029734130e+00
5.384101  -5.3672926940e+00  -3.0674354095e+00  -2.2998572845e+00
5.385212  -5.2618632367e+00  -3.0674347941e+00  -2.1944284426e+00
5.386324  -5.1544648455e+00  -3.0672543155e+00  -2.0872105300e+00
5.387435  -5.0453598223e+00  -3.0665695485e+00  -1.9787902738e+00
5.388547  -4.9348702897e+00  -3.0650684580e+00  -1.8698018317e+00
5.389658  -4.8233706022e+00  -3.0624608631e+00  -1.7609097391e+00
5.390769  -4.7112782064e+00  -3.0584872556e+00  -1.6527909508e+00
5.391881  -4.5990432071e+00  -3.0529267097e+00  -1.5461164974e+00
5.392992  -4.4871369335e+00  -3.0456036479e+00  -1.4415332856e+00
5.394103  -4.3760398325e+00  -3.0363932625e+00  -1.3396465700e+00
5.395215  -4.2662290315e+00  -3.0252254325e+00  -1.2410035990e+00
5.396326  -4.1581659292e+00  -3.0120870197e+00  -1.1460789095e+00
5.397437  -4.0522841677e+00  -2.9970224782e+00  -1.0552616896e+00
5.398549  -3.9489783334e+00  -2.9801327594e+00  -9.6884557396e-01
5.399660  -3.8485937111e+00  -2.9615725473e+00  -8.8702116379e-01
5.400771  -3.7514173878e+00  -2.9415459056e+00  -8.0987148215e-01
5.401883  -3.6576709638e+00  -2.9203004698e+00  -7.3737049399e-01
5.402994  -3.5675050823e+00  -2.8981203538e+00  -6.6938472850e-01
5.404106  -3.4809959383e+00  -2.8753179851e+00  -6.0567795316e-01
5.405217  -3.3981438702e+00  -2.8522251100e+00  -5.4591876020e-01
5.406328  -3.3188740764e+00  -2.8291832340e+00  -4.8969084238e-01
5.407440  -3.2430394410e+00  -2.8065337835e+00  -4.3650565744e-01
5.408551  -3.1704253890e+00  -2.7846082767e+00  -3.8581711228e-01
5.409662  -3.1007566355e+00  -2.7637187958e+00  -3.3703783968e-01
5.410774  -3.0337056356e+00  -2.7441490401e+00  -2.8955659549e-01
5.411885  -2.9689024971e+00  -2.7261462249e+00  -2.4275627223e-01
5.412996  -2.9059460699e+00  -2.7099140617e+00  -1.9603200815e-01
5.414108  -2.8444158973e+00  -2.6956070283e+00  -1.4880886902e-01
5.415219  -2.7838846855e+00  -2.6833260926e+00  -1.0055859293e-01
5.416331  -2.7239309339e+00  -2.6731160174e+00  -5.0814916490e-02
5.417442  -2.6641513631e+00  -2.6649643206e+00  8.1295751283e-04
5.418553  -2.6041727839e+00  -2.6588019202e+00  5.4629136300e-02
5.419665  -2.5436630648e+00  -2.6545054419e+00  1.1084237708e-01
5.420776  -2.4823408821e+00  -2.6519011180e+00  1.6956023597e-01
5.421887  -2.4199839714e+00  -2.6507701609e+00  2.3078618948e-01
5.422999  -2.3564356419e+00  -2.6508554479e+00  2.9441980591e-01
5.424110  -2.2916093632e+00  -2.6518693190e+00  3.6025995587e-01
5.425221  -2.2254912925e+00  -2.6535022554e+00  4.2801096291e-01
5.426333  -2.1581406674e+00  -2.6554321785e+00  4.9729151104e-01
5.427444  -2.0896880492e+00  -2.6573340953e+00  5.6764604606e-01
5.428555  -2.0203314673e+00  -2.6588898033e+00  6.3855833606e-01
5.429667  -1.9503305717e+00  -2.6597973668e+00  7.0946679502e-01
5.430778  -1.8799989617e+00  -2.6597800843e+00  7.7978112261e-01
5.431890  -1.8096949073e+00  -2.6585946838e+00  8.4889977649e-01
5.433001  -1.7398107306e+00  -2.6560385004e+00  9.1622776983e-01
5.434112  -1.6707611502e+00  -2.6519554287e+00  9.8119427856e-01
5.435224  -1.6029709230e+00  -2.6462404719e+00  1.0432695489e+00
5.436335  -1.5368621389e+00  -2.6388427558e+00  1.1019806169e+00
5.437446  -1.4728415322e+00  -2.6297669192e+00  1.1569253870e+00
5.438558  -1.4112881772e+00  -2.6190728418e+00  1.2077846646e+00
5.439669  -1.3525419212e+00  -2.6068737181e+00  1.2543317969e+00
5.440780  -1.2968928902e+00  -2.5933325365e+00  1.2964396463e+00
5.441892  -1.2445723702e+00  -2.5786570692e+00  1.3340846990e+00
5.443003  -1.1957453311e+00  -2.5630935224e+00  1.3673481913e+00
5.444114  -1.1505048105e+00  -2.5469190366e+00  1.3964142261e+00
5.445226  -1.1088683239e+00  -2.5304332594e+00  1.4215649355e+00
5.446337  -1.0707764090e+00  -2.5139492420e+00  1.4431728330e+00
5.447449  -1.0360933535e+00  -2.4977839306e+00  1.4616905772e+00
5.448560  -1.0046100892e+00  -2.4822485332e+00  1.4776384440e+00
5.449671  -9.7604917958e-01  -2.4676390506e+00  1.4915898710e+00
5.450783  -9.5007176217e-01  -2.4542272509e+00  1.5041554887e+00
5.451894  -9.2628625632e-01  -2.4422523568e+00  1.5159661005e+00
5.453005  -9.0425859382e-01  -2.4319136925e+00  1.5276550987e+00
5.454117  -8.8352368736e-01  -2.4233645091e+00  1.5398408217e+00
5.455228  -8.6359781636e-01  -2.4167071728e+00  1.5531093565e+00
5.456339  -8.4399158340e-01  -2.4119898602e+00  1.5679982768e+00
5.457451  -8.2422307810e-01  -2.4092048591e+00  1.5849817810e+00
5.458562  -8.0383087917e-01  -2.4082885287e+00  1.6044576495e+00
5.459673  -7.8238652983e-01  -2.4091229208e+00  1.6267363909e+00
5.460785  -7.5950613644e-01  -2.4115390176e+00  1.6520328812e+00
5.461896  -7.3486076474e-01  -2.4153214923e+00  1.6804607276e+00
5.463008  -7.0818534230e-01  -2.4202148536e+00  1.7120295113e+00
5.464119  -6.7928581749e-01  -2.4259307964e+00  1.7466449789e+00
5.465230  -6.4804437465e-01  -2.4321565424e+00  1.7841121677e+00
5.466342  -6.1442256004e-01  -2.4385639279e+00  1.8241413679e+00
5.467453  -5.7846223160e-01  -2.4448189713e+00  1.8663567397e+00
5.468564  -5.4028430748e-01  -2.4505916410e+00  1.9103073335e+00
5.469676  -5.0008534947e-01  -2.4555655356e+00  1.9554801862e+00
5.470787  -4.5813207901e-01  -2.4594471940e+00  2.0013151150e+00
5.471898  -4.1475398093e-01  -2.4619747591e+00  2.0472207782e+00
5.473010  -3.7033420395e-01  -2.4629257425e+00  2.0925915386e+00
5.474121  -3.2529901430e-01  -2.4621236592e+00  2.1368246449e+00
5.475232  -2.8010609939e-01  -2.4594433374e+00  2.1793372380e+00
5.476344  -2.3523204974e-01  -2.4548147459e+00  2.2195826961e+00
5.477455  -1.9115937043e-01  -2.4482252234e+00  2.2570658530e+00
5.478567  -1.4836338540e-01  -2.4397200443e+00  2.2913566589e+00
5.479678  -1.0729940037e-01  -2.4294012996e+00  2.3221018992e+00
5.480789  -6.8390481824e-02  -2.4174251241e+00  2.3490346423e+00
5.481901  -3.2016191563e-02  -2.4039973488e+00  2.3719811573e+00
5.483012  1.4974116461e-03  -2.3893677011e+00  2.3908651128e+00
5.484123  3.1886228264e-02  -2.3738227211e+00  2.4057089494e+00
5.485235  5.8954801048e-02  -2.3576775976e+00  2.4166323986e+00
5.486346  8.2581044714e-02  -2.3412671598e+00  2.4238482046e+00
5.487457  1.0271889743e-01  -2.3249362858e+00  2.4276551832e+00
5.488569  1.1939882834e-01  -2.3090300040e+00  2.4284288324e+00
5.489680  1.3272619599e-01  -2.2938835770e+00  2.4266097730e+00
5.490792  1.4287751301e-01  -2.2798128523e+00  2.4226903653e+00
5.491903  1.5009473147e-01  -2.2671051621e+00  2.4171998935e+00
5.493014  1.5467771863e-01  -2.2560110349e+00  2.4106887535e+00
5.494126  1.5697514325e-01  -2.2467369596e+00  2.4037121028e+00
5.495237  1.5737403699e-01  -2.2394394117e+00  2.3968134487e+00
5.496348  1.5628833149e-01  -2.2342203157e+00  2.3905086472e+00
5.497460  1.5414669987e-01  -2.2311240750e+00  2.3852707749e+00
5.498571  1.5138004964e-01  -2.2301362547e+00  2.3815163044e+00
5.499682  1.4840902271e-01  -2.2311839572e+00  2.3795929799e+00
5.500794  1.4563185637e-01  -2.2341378782e+00  2.3797697346e+00
5.501905  1.4341294777e-01  -2.2388159845e+00  2.3822289322e+00
5.503016  1.4207244305e-01  -2.2449887069e+00  2.3870611499e+00
5.504128  1.4187714197e-01  -2.2523854977e+00  2.3942626397e+00
5.505239  1.4303297052e-01  -2.2607025632e+00  2.4037355337e+00
5.506351  1.4567922857e-01  -2.2696115467e+00  2.4152907753e+00
5.507462  1.4988476837e-01  -2.2787689125e+00  2.4286536809e+00
5.508573  1.5564620453e-01  -2.2878257571e+00  2.4434719616e+00
5.509685  1.6288819797e-01  -2.2964377667e+00  2.4593259647e+00
5.510796  1.7146579737e-01  -2.3042750316e+00  2.4757408290e+00
5.511907  1.8116876349e-01  -2.3110314353e+00  2.4922001988e+00
5.513019  1.9172774561e-01  -2.3164333470e+00  2.5081610926e+00
5.514130  2.0282212769e-01  -2.3202473686e+00  2.5230694963e+00
5.515241  2.1408931479e-01  -2.3222869124e+00  2.5363762272e+00
5.516353  2.2513519104e-01  -2.3224174218e+00  2.5475526129e+00
5.517464  2.3554544776e-01  -2.3205600859e+00  2.5561055337e+00
5.518575  2.4489745756e-01  -2.3166939431e+00  2.5615914006e+00
5.519687  2.5277235570e-01  -2.3108563151e+00  2.5636286708e+00
5.520798  2.5876698605e-01  -2.3031415619e+00  2.5619085480e+00
5.521910  2.6250537425e-01  -2.2936981959e+00  2.5562035702e+00
5.523021  2.6364940555e-01  -2.2827244417e+00  2.5463738473e+00
5.524132  2.6190840919e-01  -2.2704623731e+00  2.5323707823e+00
5.525244  2.5704738336e-01  -2.2571907985e+00  2.5142381819e+00
5.526355  2.4889363503e-01  -2.2432171042e+00  2.4921107392e+00
5.527466  2.3734165462e-01  -2.2288682917e+00  2.4662099463e+00
5.528578  2.2235609701e-01  -2.2144814724e+00  2.4368375695e+00
5.529689  2.0397279455e-01  -2.2003940934e+00  2.4043668880e+00
5.530800  1.8229778411e-01  -2.1869341796e+00  2.3692319637e+00
5.531912  1.5750438682e-01  -2.1744108742e+00  2.3319152610e+00
5.533023  1.2982843430e-01  -2.1631055510e+00  2.2929339853e+00
5.534134  9.9561787323e-02  -2.1532637540e+00  2.2528255414e+00
5.535246  6.7044340889e-02  -2.1450881974e+00  2.2121325383e+00
5.536357  3.2654751303e-02  -2.1387330250e+00  2.1713877763e+00
5.537469  -3.1998436517e-03  -2.1342994940e+00  2.1310996503e+00
5.538580  -4.0094813497e-02  -2.1318332036e+00  2.0917383901e+00
5.539691  -7.7599416234e-02  -2.1313229463e+00  2.0537235300e+00
5.540803  -1.1528824604e-01  -2.1327012106e+00  2.0174129646e+00
5.541914  -1.5275242159e-01  -2.1358463166e+00  1.9830938950e+00
5.543025  -1.8961019862e-01  -2.1405861186e+00  1.9509759200e+00
5.544137  -2.2551670830e-01  -2.1467031633e+00  1.9211864550e+00
5.545248  -2.6017255048e-01  -2.1539411495e+00  1.8937685990e+00
5.546359  -2.9333100442e-01  -2.1620124991e+00  1.8686814947e+00
5.547471  -3.2480366151e-01  -2.1706068156e+00  1.8458031541e+00
5.548582  -3.5446433016e-01  -2.1793999821e+00  1.8249356520e+00
5.549693  -3.8225111421e-01  -2.1880636328e+00  1.8058125186e+00
5.550805  -4.0816661849e-01  -2.1962747205e+00  1.7881081020e+00
5.551916  -4.3227628995e-01  -2.2037249020e+00  1.7714486121e+00
5.553028  -4.5470495576e-01  -2.2101294685e+00  1.7554245127e+00
5.554139  -4.7563167156e-01  -2.2152355608e+00  1.7396038892e+00
5.555250  -4.9528304083e-01  -2.2188294338e+00  1.7235463930e+00
5.556362  -5.1392520953e-01  -2.2207425588e+00  1.7068173493e+00
5.557473  -5.3185477686e-01  -2.2208563898e+00  1.6890016129e+00
5.558584  -5.4938889316e-01  -2.2191056575e+00  1.6697167643e+00
5.559696  -5.6685483738e-01  -2.2154800997e+00  1.6486252624e+00
5.560807  -5.8457938020e-01  -2.2100245799e+00  1.6254451997e+00
5.561918  -6.0287824310e-01  -2.2028375957e+00  1.5999593526e+00
5.563030  -6.2204595906e-01  -2.1940682243e+00  1.5720222652e+00
5.564141  -6.4234642739e-01  -2.1839115983e+00  1.5415651709e+00
5.565252  -6.6400443326e-01  -2.1726030472e+00  1.5085986140e+00
5.566364  -6.8719837315e-01  -2.1604110796e+00  1.4732127064e+00
5.567475  -7.1205439127e-01  -2.1476294129e+00  1.4355750216e+00
5.568587  -7.3864208982e-01  -2.1345682877e+00  1.3959261979e+00
5.569698  -7.6697192965e-01  -2.1215453208e+00  1.3545733911e+00
5.570809  -7.9699438835e-01  -2.1088761663e+00  1.3118817780e+00
5.571921  -8.2860089117e-01  -2.0968652585e+00  1.2682643674e+00
5.573032  -8.6162647926e-01  -2.0857969072e+00  1.2241704279e+00
5.574143  -8.9585412887e-01  -2.0759270047e+00  1.1800728758e+00
5.575255  -9.3102058840e-01  -2.0674755876e+00  1.1364549992e+00
5.576366  -9.6682355623e-01  -2.0606204672e+00  1.0937969110e+00
5.577477  -1.0029299848e+00  -2.0554921143e+00  1.0525621295e+00
5.578589  -1.0389852644e+00  -2.0521699444e+00  1.0131846801e+00
5.579700  -1.0746230157e+00  -2.0506801110e+00  9.7605709538e-01
5.580812  -1.1094752048e+00  -2.0509948659e+00  9.4151966116e-01
5.581923  -1.1431822846e+00  -2.0530335044e+00  9.0985121979e-01
5.583034  -1.1754030693e+00  -2.0566648634e+00  8.8126179412e-01
5.584146  -1.2058240549e+00  -2.0617112959e+00  8.5588724103e-01
5.585257  -1.2341679205e+00  -2.0679540035e+00  8.3378608302e-01
5.586368  -1.2602009646e+00  -2.0751395666e+00  8.1493860197e-01
5.587480  -1.2837392676e+00  -2.0829874797e+00  7.9924821211e-01
5.588591  -1.3046534061e+00  -2.0911984686e+00  7.8654506249e-01
5.589702  -1.3228715894e+00  -2.0994633433e+00  7.7659175386e-01
5.590814  -1.3383811345e+00  -2.1074721276e+00  7.6909099317e-01
5.591925  -1.3512282426e+00  -2.1149231956e+00  7.6369495297e-01
5.593036  -1.3615160938e+00  -2.1215321474e+00  7.6001605359e-01
5.594148  -1.3694013192e+00  -2.1270401646e+00  7.5763884548e-01
5.595259  -1.3750889631e+00  -2.1312216013e+00  7.5613263822e-01
5.596371  -1.3788260853e+00  -2.1338905871e+00  7.5506450178e-01
5.597482  -1.3808941964e+00  -2.1349064532e+00  7.5401225686e-01
5.598593  -1.3816007491e+00  -2.1341778214e+00  7.5257707228e-01
5.599705  -1.3812699378e+00  -2.1316652389e+00  7.5039530115e-01
5.600816  -1.3802330734e+00  -2.1273822843e+00  7.4714921086e-01
5.601927  -1.3788188170e+00  -2.1213951133e+00  7.4257629634e-01
5.603039  -1.3773435527e+00  -2.1138204611e+00  7.3647690836e-01
5.604150  -1.3761021802e+00  -2.1048221600e+00  7.2871997980e-01
5.605261  -1.3753595897e+00  -2.0946062791e+00  7.1924668932e-01
5.606373  -1.3753430645e+00  -2.0834150275e+00  7.0807196297e-01
5.607484  -1.3762358255e+00  -2.0715196042e+00  6.9528377870e-01
5.608595  -1.3781719003e+00  -2.0592122034e+00  6.8104030310e-01
5.609707  -1.3812324588e+00  -2.0467974122e+00  6.6556495335e-01
5.610818  -1.3854437146e+00  -2.0345832529e+00  6.4913953821e-01
5.611930  -1.3907764459e+00  -2.0228721335e+00  6.3209568755e-01
5.613041  -1.3971471422e+00  -2.0119519716e+00  6.1480482942e-01
5.614152  -1.4044207362e+00  -2.0020877518e+00  5.9766701557e-01
5.615264  -1.4124148345e+00  -1.9935137630e+00  5.8109892856e-01
5.616375  -1.4209053174e+00  -1.9864267442e+00  5.6552142686e-01
5.617486  -1.4296331403e+00  -1.9809801363e+00  5.5134699600e-01
5.618598  -1.4383121336e+00  -1.9772796090e+00  5.3896747540e-01
5.619709  -1.4466375713e+00  -1.9753799921e+00  5.2874242084e-01
5.620820  -1.4542952567e+00  -1.9752836989e+00  5.2098844225e-01
5.621932  -1.4609708608e+00  -1.9769406874e+00  5.1596982656e-01
5.623043  -1.4663592421e+00  -1.9802499581e+00  5.1389071597e-01
5.624154  -1.4701734783e+00  -1.9850625438e+00  5.1488906556e-01
5.625266  -1.4721533509e+00  -1.9911859010e+00  5.1903255018e-01
5.626377  -1.4720730413e+00  -1.9983895744e+00  5.2631653306e-01
5.627489  -1.4697478190e+00  -2.0064119659e+00  5.3666414688e-01
5.628600  -1.4650395348e+00  -2.0149680107e+00  5.4992847591e-01
5.629711  -1.4578607670e+00  -2.0237575326e+00  5.6589676560e-01
5.630823  -1.4481775078e+00  -2.0324740347e+00  5.8429652695e-01
5.631934  -1.4360103210e+00  -2.0408136681e+00  6.0480334708e-01
5.633045  -1.4214339456e+00  -2.0484841142e+00  6.2705016859e-01
5.634157  -1.4045753658e+00  -2.0552131230e+00  6.5063775718e-01
5.635268  -1.3856104118e+00  -2.0607564555e+00  6.7514604378e-01
5.636379  -1.3647589985e+00  -2.0649050010e+00  7.0014600254e-01
5.637491  -1.3422791475e+00  -2.0674908592e+00  7.2521171172e-01
5.638602  -1.3184599721e+00  -2.0683922130e+00  7.4993224084e-01
5.639713  -1.2936138339e+00  -2.0675368477e+00  7.7392301380e-01
5.640825  -1.2680679034e+00  -2.0649042183e+00  7.9683631490e-01
5.641936  -1.2421553712e+00  -2.0605260029e+00  8.1837063164e-01
5.643048  -1.2162065661e+00  -2.0544851295e+00  8.3827856343e-01
5.644159  -1.1905402363e+00  -2.0469133061e+00  8.5637306980e-01
5.645270  -1.1654552453e+00  -2.0379871264e+00  8.7253188116e-01
5.646382  -1.1412229180e+00  -2.0279228690e+00  8.8669995102e-01
5.647493  -1.1180802536e+00  -2.0169701406e+00  8.9888988695e-01
5.648604  -1.0962241950e+00  -2.0054045531e+00  9.0918035806e-01
5.649716  -1.0758071109e+00  -1.9935196479e+00  9.1771253703e-01
5.650827  -1.0569336122e+00  -1.9816183049e+00  9.2468469268e-01
5.651938  -1.0396587836e+00  -1.9700038879e+00  9.3034510431e-01
5.653050  -1.0239878679e+00  -1.9589713857e+00  9.3498351778e-01
5.654161  -1.0098774011e+00  -1.9487988075e+00  9.3892140640e-01
5.655272  -9.9723774986e-01  -1.9397390842e+00  9.4250133436e-01
5.656384  -9.8593696574e-01  -1.9320127118e+00  9.4607574603e-01
5.657495  -9.7580582929e-01  -1.9258013499e+00  9.4999552065e-01
5.658607  -9.6664392591e-01  -1.9212425639e+00  9.5459863799e-01
5.659718  -9.5822656402e-01  -1.9184258598e+00  9.6019929577e-01
5.660829  -9.5031232363e-01  -1.9173901292e+00  9.6707780558e-01
5.661941  -9.4265100601e-01  -1.9181225755e+00  9.7547156945e-01
5.663052  -9.3499174492e-01  -1.9205591511e+00  9.8556740615e-01
5.664163  -9.2709103690e-01  -1.9245864923e+00  9.9749545535e-01
5.665275  -9.1872045186e-01  -1.9300452916e+00  1.0113248397e+00
5.666386  -9.0967379669e-01  -1.9367350088e+00  1.0270612121e+00
5.667497  -8.9977352212e-01  -1.9444197801e+00  1.0446462579e+00
5.668609  -8.8887618707e-01  -1.9528353522e+00  1.0639591651e+00
5.669720  -8.7687682371e-01  -1.9616968363e+00  1.0848200126e+00
5.670832  -8.6371208069e-01  -1.9707070555e+00  1.1069949748e+00
5.671943  -8.4936205857e-01  -1.9795652391e+00  1.1302031806e+00
5.673054  -8.3385079164e-01  -1.9879758114e+00  1.1541250197e+00
5.674166  -8.1724537045e-01  -1.9956570156e+00  1.1784116452e+00
5.675277  -7.9965374054e-01  -2.0023491231e+00  1.2026953825e+00
5.676388  -7.8122125204e-01  -2.0078219864e+00  1.2266007343e+00
5.677500  -7.6212607190e-01  -2.0118817180e+00  1.2497556461e+00
5.678611  -7.4257360390e-01  -2.0143762993e+00  1.2718026954e+00
5.679722  -7.2279009109e-01  -2.0151999572e+00  1.2924098662e+00
5.680834  -7.0301559836e-01  -2.0142961836e+00  1.3112805852e+00
5.681945  -6.8349659136e-01  -2.0116593086e+00  1.3281627172e+00
5.683056  -6.6447833847e-01  -2.0073345859e+00  1.3428562474e+00
5.684168  -6.4619736760e-01  -2.0014167882e+00  1.3552194206e+00
5.685279  -6.2887420664e-01  -1.9940473565e+00  1.3651731498e+00
5.686391  -6.1270662722e-01  -1.9854101879e+00  1.3727035607e+00
5.687502  -5.9786359572e-01  -1.9757261881e+00  1.3778625924e+00
5.688613  -5.8448011324e-01  -1.9652467480e+00  1.3807666348e+00
5.689725  -5.7265309943e-01  -1.9542463385e+00  1.3815932391e+00
5.690836  -5.6243844282e-01  -1.9430144398e+00  1.3805759969e+00
5.691947  -5.5384930545e-01  -1.9318470430e+00  1.3779977375e+00
5.693059  -5.4685573117e-01  -1.9210379736e+00  1.3741822424e+00
5.694170  -5.4138556802e-01  -1.9108702898e+00  1.3694847218e+00
5.695281  -5.3732667572e-01  -1.9016080090e+00  1.3642813333e+00
5.696393  -5.3453035022e-01  -1.8934884022e+00  1.3589580520e+00
5.697504  -5.3281586155e-01  -1.8867150828e+00  1.3538992213e+00
5.698615  -5.3197596725e-01  -1.8814520905e+00  1.3494761233e+00
5.699727  -5.3178323499e-01  -1.8778191415e+00  1.3460359065e+00
5.700838  -5.3199698384e-01  -1.8758881834e+00  1.3438911996e+00
5.701950  -5.3237063493e-01  -1.8756813538e+00  1.3433107189e+00
5.703061  -5.3265925065e-01  -1.8771704000e+00  1.3445111493e+00
5.704172  -5.3262703553e-01  -1.8802775752e+00  1.3476505397e+00
5.705284  -5.3205457344e-01  -1.8848779839e+00  1.3528234105e+00
5.706395  -5.3074558363e-01  -1.8908033042e+00  1.3600577205e+00
5.707506  -5.2853299249e-01  -1.8978467774e+00  1.3693137849e+00
5.708618  -5.2528413831e-01  -1.9057693178e+00  1.3804851795e+00
5.709729  -5.2090495235e-01  -1.9143065601e+00  1.3934016078e+00
5.710840  -5.1534298965e-01  -1.9231766396e+00  1.4078336500e+00
5.711952  -5.0858921768e-01  -1.9320884740e+00  1.4234992563e+00
5.713063  -5.0067850736e-01  -1.9407503050e+00  1.4400717976e+00
5.714174  -4.9168880996e-01  -1.9488782487e+00  1.4571894388e+00
5.715286  -4.8173904210e-01  -1.9562046049e+00  1.4744655628e+00
5.716397  -4.7098573959e-01  -1.9624856804e+00  1.4914999408e+00
5.717509  -4.5961857730e-01  -1.9675089004e+00  1.5078903231e+00
5.718620  -4.4785488592e-01  -1.9710989980e+00  1.5232441121e+00
5.719731  -4.3593332621e-01  -1.9731231034e+00  1.5371897771e+00
5.720843  -4.2410690643e-01  -1.9734945834e+00  1.5493876770e+00
5.721954  -4.1263554801e-01  -1.9721755220e+00  1.5595399740e+00
5.723065  -4.0177841817e-01  -1.9691777688e+00  1.5673993506e+00
5.724177  -3.9178625507e-01  -1.9645625282e+00  1.5727762732e+00
5.725288  -3.8289391143e-01  -1.9584385022e+00  1.5755445908e+00
5.726399  -3.7531333640e-01  -1.9509586419e+00  1.5756453055e+00
5.727511  -3.6922720244e-01  -1.9423156068e+00  1.5730884043e+00
5.728622  -3.6478336541e-01  -1.9327360636e+00  1.5679526982e+00
5.729733  -3.6209032136e-01  -1.9224739959e+00  1.5603836745e+00
5.730845  -3.6121379458e-01  -1.9118032181e+00  1.5505894236e+00
5.731956  -3.6217455821e-01  -1.9010093185e+00  1.5388347602e+00
5.733068  -3.6494755252e-01  -1.8903812630e+00  1.5254337105e+00
5.734179  -3.6946232814e-01  -1.8802029112e+00  1.5107405831e+00
5.735290  -3.7560480261e-01  -1.8707446886e+00  1.4951398860e+00
5.736402  -3.8322028006e-01  -1.8622556629e+00  1.4790353828e+00
5.737513  -3.9211764722e-01  -1.8549562530e+00  1.4628386058e+00
5.738624  -4.0207462405e-01  -1.8490317863e+00  1.4469571623e+00
5.739736  -4.1284391699e-01  -1.8446270902e+00  1.4317831732e+00
5.740847  -4.2416009600e-01  -1.8418422761e+00  1.4176821801e+00
5.741958  -4.3574699590e-01  -1.8407298390e+00  1.4049828431e+00
5.743070  -4.4732542678e-01  -1.8412931545e+00  1.3939677278e+00
5.744181  -4.5862096982e-01  -1.8434864179e+00  1.3848654481e+00
5.745293  -4.6937163204e-01  -1.8472160241e+00  1.3778443921e+00
5.746404  -4.7933513800e-01  -1.8523433481e+00  1.3730082101e+00
5.747515  -4.8829564703e-01  -1.8586888415e+00  1.3703931945e+00
5.748627  -4.9606970152e-01  -1.8660373251e+00  1.3699676236e+00
5.749738  -5.0251123439e-01  -1.8741443214e+00  1.3716330870e+00
5.750849  -5.0751549145e-01  -1.8827432388e+00  1.3752277474e+00
5.751961  -5.1102175585e-01  -1.8915531992e+00  1.3805314433e+00
5.753072  -5.1301479724e-01  -1.9002872756e+00  1.3872724784e+00
5.754183  -5.1352500525e-01  -1.9086609015e+00  1.3951358962e+00
5.755295  -5.1262720527e-01  -1.9164002025e+00  1.4037729972e+00
5.756406  -5.1043819295e-01  -1.9232500084e+00  1.4128118155e+00
5.757517  -5.0711306128e-01  -1.9289813105e+00  1.4218682492e+00
5.758629  -5.0284042886e-01  -1.9333979457e+00  1.4305575169e+00
5.759740  -4.9783671019e-01  -1.9363423137e+00  1.4385056035e+00
5.760852  -4.9233959627e-01  -1.9376999592e+00  1.4453603629e+00
5.761963  -4.8660093663e-01  -1.9374028871e+00  1.4508019505e+00
5.763074  -4.8087923125e-01  -1.9354315145e+00  1.4545522833e+00
5.764186  -4.7543195148e-01  -1.9318152028e+00  1.4563832513e+00
5.765297  -4.7050791410e-01  -1.9266313570e+00  1.4561234429e+00
5.766408  -4.6633993051e-01  -1.9200031186e+00  1.4536631881e+00
5.767520  -4.6313794457e-01  -1.9120957219e+00  1.4489577773e+00
5.768631  -4.6108285827e-01  -1.9031116206e+00  1.4420287623e+00
5.769742  -4.6032122372e-01  -1.8932845299e+00  1.4329633061e+00
5.770854  -4.6096095431e-01  -1.8828725580e+00  1.4219116037e+00
5.771965  -4.6306817826e-01  -1.8721506306e+00  1.4090824523e+00
5.773076  -4.6666532365e-01  -1.8614024287e+00  1.3947371050e+00
5.774188  -4.7173048838e-01  -1.8509120788e+00  1.3791815904e+00
5.775299  -4.7819811054e-01  -1.8409558366e+00  1.3627577261e+00
5.776411  -4.8596091687e-01  -1.8317940097e+00  1.3458330929e+00
5.777522  -4.9487308961e-01  -1.8236633537e+00  1.3287902641e+00
5.778633  -5.0475455663e-01  -1.8167701653e+00  1.3120156087e+00
5.779745  -5.1539627682e-01  -1.8112842734e+00  1.2958879966e+00
5.780856  -5.2656636442e-01  -1.8073341033e+00  1.2807677389e+00
5.781967  -5.3801687110e-01  -1.8050029572e+00  1.2669860861e+00
5.783079  -5.4949102621e-01  -1.8043266195e+00  1.2548355933e+00
5.784190  -5.6073072243e-01  -1.8052923547e+00  1.2445616322e+00
5.785301  -5.7148402722e-01  -1.8078393271e+00  1.2363552999e+00
5.786413  -5.8151250030e-01  -1.8118604276e+00  1.2303479273e+00
5.787524  -5.9059810330e-01  -1.8172054533e+00  1.2266073500e+00
5.788635  -5.9854950034e-01  -1.8236855454e+00  1.2251360451e+00
5.789747  -6.0520756614e-01  -1.8310787545e+00  1.2258711883e+00
5.790858  -6.1044994214e-01  -1.8391365685e+00  1.2286866264e+00
5.791970  -6.1419450910e-01  -1.8475912125e+00  1.2333967034e+00
5.793081  -6.1640167664e-01  -1.8561635045e+00  1.2397618278e+00
5.794192  -6.1707542505e-01  -1.8645710374e+00  1.2474956124e+00
5.795304  -6.1626307124e-01  -1.8725364479e+00  1.2562733766e+00
5.796415  -6.1405376831e-01  -1.8797955284e+00  1.2657417601e+00
5.797526  -6.1057578495e-01  -1.8861049468e+00  1.2755291618e+00
5.798638  -6.0599264695e-01  -1.8912493461e+00  1.2852566992e+00
5.799749  -6.0049825583e-01  -1.8950476192e+00  1.2945493634e+00
5.800860  -5.9431112966e-01  -1.8973581736e+00  1.3030470439e+00
5.801972  -5.8766793645e-01  -1.8980830341e+00  1.3104150976e+00
5.803083  -5.8081651086e-01  -1.8971706648e+00  1.3163541539e+00
5.804194  -5.7400855979e-01  -1.8946174280e+00  1.3206088682e+00
5.805306  -5.6749227125e-01  -1.8904676393e+00  1.3229753681e+00
5.806417  -5.6150504318e-01  -1.8848122188e+00  1.3233071756e+00
5.807529  -5.5626654496e-01  -1.8777859784e+00  1.3215194334e+00
5.808640  -5.5197231459e-01  -1.8695636276e+00  1.3175913130e+00
5.809751  -5.4878807777e-01  -1.8603546146e+00  1.3115665368e+00
5.810863  -5.4684495436e-01  -1.8503969548e+00  1.3035520005e+00
5.811974  -5.4623569086e-01  -1.8399502306e+00  1.2937145398e+00
5.813085  -5.4701202747e-01  -1.8292879653e+00  1.2822759378e+00
5.814197  -5.4918327480e-01  -1.8186895974e+00  1.2695063226e+00
5.815308  -5.5271613970e-01  -1.8084322902e+00  1.2557161505e+00
5.816419  -5.5753580302e-01  -1.7987828156e+00  1.2412470126e+00
5.817531  -5.6352821533e-01  -1.7899897517e+00  1.2264615364e+00
5.818642  -5.7054354119e-01  -1.7822762210e+00  1.2117326798e+00
5.819753  -5.7840064867e-01  -1.7758333816e+00  1.1974327330e+00
5.820865  -5.8689251078e-01  -1.7708148622e+00  1.1839223514e+00
5.821976  -5.9579235854e-01  -1.7673323016e+00  1.1715399430e+00
5.823088  -6.0486040402e-01  -1.7654521237e+00  1.1605917197e+00
5.824199  -6.1385093509e-01  -1.7651936405e+00  1.1513427054e+00
5.825310  -6.2251957300e-01  -1.7665285375e+00  1.1440089645e+00
5.826422  -6.3063047972e-01  -1.7693817551e+00  1.1387512754e+00
5.827533  -6.3796330362e-01  -1.7736337395e+00  1.1356704359e+00
5.828644  -6.4431966009e-01  -1.7791239951e+00  1.1348043350e+00
5.829756  -6.4952895782e-01  -1.7856558335e+00  1.1361268757e+00
5.830867  -6.5345340084e-01  -1.7930021787e+00  1.1395487779e+00
5.831978  -6.5599202089e-01  -1.8009122576e+00  1.1449202367e+00
5.833090  -6.5708362337e-01  -1.8091189784e+00  1.1520353551e+00
5.834201  -6.5670856230e-01  -1.8173467808e+00  1.1606382185e+00
5.835313  -6.5488929388e-01  -1.8253197271e+00  1.1704304333e+00
5.836424  -6.5168969453e-01  -1.8327695968e+00  1.1810799023e+00
5.837535  -6.4721316527e-01  -1.8394437480e+00  1.1922305827e+00
5.838647  -6.4159957990e-01  -1.8451125146e+00  1.2035129347e+00
5.839758  -6.3502116842e-01  -1.8495759241e+00  1.2145547557e+00
5.840869  -6.2767745799e-01  -1.8526695389e+00  1.2249920810e+00
5.841981  -6.1978942134e-01  -1.8542692505e+00  1.2344798292e+00
5.843092  -6.1159300538e-01  -1.8542948881e+00  1.2427018827e+00
5.844203  -6.0333223097e-01  -1.8527125358e+00  1.2493803049e+00
5.845315  -5.9525206658e-01  -1.8495354927e+00  1.2542834261e+00
5.846426  -5.8759128547e-01  -1.8448238474e+00  1.2572325620e+00
5.847537  -5.8057551571e-01  -1.8386826825e+00  1.2581071668e+00
5.848649  -5.7441068665e-01  -1.8312589610e+00  1.2568482744e+00
5.849760  -5.6927706321e-01  -1.8227371889e+00  1.2534601257e+00
5.850872  -5.6532404235e-01  -1.8133339799e+00  1.2480099376e+00
5.851983  -5.6266586270e-01  -1.8032916845e+00  1.2406258218e+00
5.853094  -5.6137835208e-01  -1.7928712698e+00  1.2314929177e+00
5.854206  -5.6149680633e-01  -1.7823446596e+00  1.2208478532e+00
5.855317  -5.6301506009e-01  -1.7719867594e+00  1.2089716993e+00
5.856428  -5.6588577466e-01  -1.7620674013e+00  1.1961816266e+00
5.857540  -5.7002193257e-01  -1.7528434426e+00  1.1828215100e+00
5.858651  -5.7529949315e-01  -1.7445512530e+00  1.1692517598e+00
5.859762  -5.8156112914e-01  -1.7373998064e+00  1.1558386773e+00
5.860874  -5.8862093287e-01  -1.7315645822e+00  1.1429436493e+00
5.861985  -5.9626995258e-01  -1.7271824524e+00  1.1309124999e+00
5.863096  -6.0428239471e-01  -1.7243477045e+00  1.1200653098e+00
5.864208  -6.1242230912e-01  -1.7231093148e+00  1.1106870057e+00
5.865319  -6.2045056019e-01  -1.7234695519e+00  1.1030189917e+00
5.866431  -6.2813187862e-01  -1.7253839501e+00  1.0972520715e+00
5.867542  -6.3524178659e-01  -1.7287626515e+00  1.0935208649e+00
5.868653  -6.4157319311e-01  -1.7334730773e+00  1.0918998842e+00
5.869765  -6.4694246636e-01  -1.7393438490e+00  1.0924013826e+00
5.870876  -6.5119480522e-01  -1.7461698423e+00  1.0949750371e+00
5.871987  -6.5420875330e-01  -1.7537182265e+00  1.0995094732e+00
5.873099  -6.5589972400e-01  -1.7617353103e+00  1.1058355863e+00
5.874210  -6.5622243443e-01  -1.7699539932e+00  1.1137315588e+00
5.875321  -6.5517217800e-01  -1.7781016037e+00  1.1229294257e+00
5.876433  -6.5278490012e-01  -1.7859078948e+00  1.1331229947e+00
5.877544  -6.4913607607e-01  -1.7931129610e+00  1.1439768850e+00
5.878655  -6.4433842577e-01  -1.7994748469e+00  1.1551364211e+00
5.879767  -6.3853853400e-01  -1.8047766224e+00  1.1662380884e+00
5.880878  -6.3191247678e-01  -1.8088327202e+00  1.1769202434e+00
5.881990  -6.2466058368e-01  -1.8114943480e+00  1.1868337643e+00
5.883101  -6.1700149099e-01  -1.8126538195e+00  1.1956523286e+00
5.884212  -6.0916566149e-01  -1.8122476770e+00  1.2030820155e+00
5.885324  -6.0138856169e-01  -1.8102585153e+00  1.2088699536e+00
5.886435  -5.9390369764e-01  -1.8067154554e+00  1.2128117577e+00
5.887546  -5.8693571408e-01  -1.8016932534e+00  1.2147575393e+00
5.888658  -5.8069375960e-01  -1.7953100739e+00  1.2146163143e+00
5.889769  -5.7536531269e-01  -1.7877239923e+00  1.2123586796e+00
5.890880  -5.7111064954e-01  -1.7791283311e+00  1.2080176815e+00
5.891992  -5.6805811554e-01  -1.7697459661e+00  1.2016878506e+00
5.893103  -5.6630033873e-01  -1.7598227723e+00  1.1935224335e+00
5.894214  -5.6589149558e-01  -1.7496203997e+00  1.1837289041e+00
5.895326  -5.6684570837e-01  -1.7394085938e+00  1.1725628854e+00
5.896437  -5.6913662053e-01  -1.7294572837e+00  1.1603206632e+00
5.897549  -5.7269816114e-01  -1.7200286721e+00  1.1473305109e+00
5.898660  -5.7742647535e-01  -1.7113695571e+00  1.1339430817e+00
5.899771  -5.8318296306e-01  -1.7037041118e+00  1.1205211488e+00
5.900883  -5.8979833582e-01  -1.6972273329e+00  1.1074289971e+00
5.901994  -5.9707757196e-01  -1.6920993483e+00  1.0950217763e+00
5.903105  -6.0480562408e-01  -1.6884407522e+00  1.0836351281e+00
5.904217  -6.1275371062e-01  -1.6863291017e+00  1.0735753910e+00
5.905328  -6.2068600669e-01  -1.6857966773e+00  1.0651106706e+00
5.906439  -6.2836653747e-01  -1.6868295725e+00  1.0584630350e+00
5.907551  -6.3556607201e-01  -1.6893681366e+00  1.0538020646e+00
5.908662  -6.4206881509e-01  -1.6933087591e+00  1.0512399441e+00
5.909773  -6.4767870131e-01  -1.6985069403e+00  1.0508282390e+00
5.910885  -6.5222510704e-01  -1.7047815574e+00  1.0525564503e+00
5.911996  -6.5556781331e-01  -1.7119202019e+00  1.0563523886e+00
5.913108  -6.5760107478e-01  -1.7196854289e+00  1.0620843541e+00
5.914219  -6.5825667617e-01  -1.7278217358e+00  1.0695650596e+00
5.915330  -6.5750588751e-01  -1.7360630650e+00  1.0785571775e+00
5.916442  -6.5536026163e-01  -1.7441406105e+00  1.0887803489e+00
5.917553  -6.5187125152e-01  -1.7517906989e+00  1.0999194474e+00
5.918664  -6.4712865972e-01  -1.7587625146e+00  1.1116338549e+00
5.919776  -6.4125796606e-01  -1.7648254423e+00  1.1235674762e+00
5.920887  -6.3441661291e-01  -1.7697758120e+00  1.1353591991e+00
5.921998  -6.2678935758e-01  -1.7734428500e+00  1.1466534924e+00
5.923110  -6.1858282875e-01  -1.7756936608e+00  1.1571108320e+00
5.924221  -6.1001944692e-01  -1.7764370957e+00  1.1664176488e+00
5.925333  -6.0133088750e-01  -1.7756263953e+00  1.1742955078e+00
5.926444  -5.9275127816e-01  -1.7732605289e+00  1.1805092508e+00
5.927555  -5.8451032995e-01  -1.7693841930e+00  1.1848738631e+00
5.928667  -5.7682660322e-01  -1.7640864698e+00  1.1872598666e+00
5.929778  -5.6990110537e-01  -1.7574981858e+00  1.1875970804e+00
5.930889  -5.6391140750e-01  -1.7497880488e+00  1.1858766413e+00
5.932001  -5.5900645174e-01  -1.7411576776e+00  1.1821512258e+00
5.933112  -5.5530220059e-01  -1.7318356709e+00  1.1765334704e+00
5.934223  -5.5287825485e-01  -1.7220708895e+00  1.1691926346e+00
5.935335  -5.5177553829e-01  -1.7121251488e+00  1.1603496105e+00
5.936446  -5.5199511582e-01  -1.7022655382e+00  1.1502704223e+00
5.937557  -5.5349817878e-01  -1.6927565893e+00  1.1392584106e+00
5.938669  -5.5620719667e-01  -1.6838525263e+00  1.1276453297e+00
5.939780  -5.6000820070e-01  -1.6757898221e+00  1.1157816214e+00
5.940892  -5.6475413134e-01  -1.6687802807e+00  1.1040261493e+00
5.942003  -5.7026915086e-01  -1.6630048464e+00  1.0927356956e+00
5.943114  -5.7635379409e-01  -1.6586083222e+00  1.0822545281e+00
5.944226  -5.8279080596e-01  -1.6556951498e+00  1.0729043438e+00
5.945337  -5.8935149439e-01  -1.6543263754e+00  1.0649748810e+00
5.946448  -5.9580241252e-01  -1.6545178894e+00  1.0587154769e+00
5.947560  -6.0191217465e-01  -1.6562399895e+00  1.0543278149e+00
5.948671  -6.0745820634e-01  -1.6594182804e+00  1.0519600741e+00
5.949782  -6.1223323189e-01  -1.6639358819e+00  1.0517026500e+00
5.950894  -6.1605130953e-01  -1.6696368803e+00  1.0535855707e+00
5.952005  -6.1875323870e-01  -1.6763309210e+00  1.0575776823e+00
5.953116  -6.2021118219e-01  -1.6837988067e+00  1.0635876245e+00
5.954228  -6.2033236882e-01  -1.6917989370e+00  1.0714665682e+00
5.955339  -6.1906176967e-01  -1.7000743995e+00  1.0810126299e+00
5.956451  -6.1638367096e-01  -1.7083605045e+00  1.0919768336e+00
5.957562  -6.1232209890e-01  -1.7163925428e+00  1.1040704439e+00
5.958673  -6.0694008546e-01  -1.7239135378e+00  1.1169734524e+00
5.959785  -6.0033779824e-01  -1.7306817668e+00  1.1303439686e+00
5.960896  -5.9264959023e-01  -1.7364778288e+00  1.1438282386e+00
5.962007  -5.8404005730e-01  -1.7411110544e+00  1.1570709971e+00
5.963119  -5.7469921989e-01  -1.7444250693e+00  1.1697258494e+00
5.964230  -5.6483697084e-01  -1.7463023489e+00  1.1814653781e+00
5.965341  -5.5467695266e-01  -1.7466676319e+00  1.1919906792e+00
5.966453  -5.4445004394e-01  -1.7454900931e+00  1.2010400491e+00
5.967564  -5.3438764584e-01  -1.7427842134e+00  1.2083965675e+00
5.968675  -5.2471496510e-01  -1.7386093215e+00  1.2138943564e+00
5.969787  -5.1564449007e-01  -1.7330678224e+00  1.2174233323e+00
5.970898  -5.0736984991e-01  -1.7263021650e+00  1.2189323151e+00
5.972010  -5.0006023617e-01  -1.7184906392e+00  1.2184304031e+00
5.973121  -4.9385554886e-01  -1.7098421259e+00  1.2159865771e+00
5.974232  -4.8886240787e-01  -1.7005899546e+00  1.2117275467e+00
5.975344  -4.8515114497e-01  -1.6909850489e+00  1.2058339039e+00
5.976455  -4.8275386297e-01  -1.6812885627e+00  1.1985346998e+00
5.977566  -4.8166361697e-01  -1.6717642208e+00  1.1901006038e+00
5.978678  -4.8183474001e-01  -1.6626705902e+00  1.1808358502e+00
5.979789  -4.8318430169e-01  -1.6542535087e+00  1.1710692070e+00
5.980900  -4.8559465519e-01  -1.6467388911e+00  1.1611442359e+00
5.982012  -4.8891699658e-01  -1.6403261253e+00  1.1514091287e+00
5.983123  -4.9297583036e-01  -1.6351822494e+00  1.1422064191e+00
5.984234  -4.9757420916e-01  -1.6314370820e+00  1.1338628728e+00
5.985346  -5.0249959288e-01  -1.6291794454e+00  1.1266798525e+00
5.986457  -5.0753015464e-01  -1.6284545937e+00  1.1209244391e+00
5.987569  -5.1244134804e-01  -1.6292629188e+00  1.1168215708e+00
5.988680  -5.1701254309e-01  -1.6315599717e+00  1.1145474286e+00
5.989791  -5.2103353598e-01  -1.6352577978e+00  1.1142242619e+00
5.990903  -5.2431074226e-01  -1.6402275464e+00  1.1159168041e+00
5.992014  -5.2667289242e-01  -1.6463032752e+00  1.1196303828e+00
5.993125  -5.2797606347e-01  -1.6532868404e+00  1.1253107769e+00
5.994237  -5.2810790024e-01  -1.6609537256e+00  1.1328458254e+00
5.995348  -5.2699090365e-01  -1.6690596398e+00  1.1420687361e+00
5.996459  -5.2458469099e-01  -1.6773476893e+00  1.1527629983e+00
5.997571  -5.2088716341e-01  -1.6855559145e+00  1.1646687511e+00
5.998682  -5.1593454796e-01  -1.6934249686e+00  1.1774904207e+00
5.999794  -5.0980031455e-01  -1.7007057151e+00  1.1909054005e+00
6.000905  -5.0259300112e-01  -1.7071665193e+00  1.2045735181e+00
6.002016  -4.9445301246e-01  -1.7126000226e+00  1.2181470101e+00
6.003128  -4.8554848785e-01  -1.7168292000e+00  1.2312807121e+00
6.004239  -4.7607036012e-01  -1.7197125240e+00  1.2436421639e+00
6.005350  -4.6622675210e-01  -1.7211480849e+00  1.2549213328e+00
6.006462  -4.5623687569e-01  -1.7210765467e+00  1.2648396710e+00
6.007573  -4.4632461334e-01  -1.7194828531e+00  1.2731582398e+00
6.008684  -4.3671197045e-01  -1.7163966350e+00  1.2796846646e+00
6.009796  -4.2761259103e-01  -1.7118913076e+00  1.2842787166e+00
6.010907  -4.1922552684e-01  -1.7060818853e+00  1.2868563585e+00
6.012018  -4.1172944234e-01  -1.6991215786e+00  1.2873921363e+00
6.013130  -4.0527742497e-01  -1.6911972747e+00  1.2859198497e+00
6.014241  -3.9999255227e-01  -1.6825240335e+00  1.2825314812e+00
6.015353  -3.9596434489e-01  -1.6733387628e+00  1.2773744179e+00
6.016464  -3.9324620846e-01  -1.6638932570e+00  1.2706470485e+00
6.017575  -3.9185393811e-01  -1.6544468051e+00  1.2625928670e+00
6.018687  -3.9176532830e-01  -1.6452585843e+00  1.2534932560e+00
6.019798  -3.9292089782e-01  -1.6365800616e+00  1.2436591638e+00
6.020909  -3.9522570759e-01  -1.6286476283e+00  1.2334219207e+00
6.022021  -3.9855221642e-01  -1.6216756808e+00  1.2231234644e+00
6.023132  -4.0274408962e-01  -1.6158503509e+00  1.2131062613e+00
6.024243  -4.0762084771e-01  -1.6113240698e+00  1.2037032221e+00
6.025355  -4.1298321775e-01  -1.6082111239e+00  1.1952279061e+00
6.026466  -4.1861902926e-01  -1.6065843309e+00  1.1879653016e+00
6.027577  -4.2430948129e-01  -1.6064729353e+00  1.1821634540e+00
6.028689  -4.2983559609e-01  -1.6078617819e+00  1.1780261858e+00
6.029800  -4.3498466988e-01  -1.6106917914e+00  1.1757071215e+00
6.030912  -4.3955653121e-01  -1.6148617239e+00  1.1753051927e+00
6.032023  -4.4336942364e-01  -1.6202311769e+00  1.1768617532e+00
6.033134  -4.4626534028e-01  -1.6266247287e+00  1.1803593885e+00
6.034246  -4.4811465434e-01  -1.6338371069e+00  1.1857224525e+00
6.035357  -4.4881991043e-01  -1.6416392268e+00  1.1928193164e+00
6.036468  -4.4831866623e-01  -1.6497849254e+00  1.2014662592e+00
6.037580  -4.4658530211e-01  -1.6580181900e+00  1.2114328878e+00
6.038691  -4.4363174661e-01  -1.6660806714e+00  1.2224489248e+00
6.039802  -4.3950709757e-01  -1.6737192607e+00  1.2342121632e+00
6.040914  -4.3429615112e-01  -1.6806935062e+00  1.2463973550e+00
6.042025  -4.2811688276e-01  -1.6867826550e+00  1.2586657723e+00
6.043136  -4.2111695540e-01  -1.6917921126e+00  1.2706751572e+00
6.044248  -4.1346935789e-01  -1.6955591298e+00  1.2820897719e+00
6.045359  -4.0536730260e-01  -1.6979575537e+00  1.2925902511e+00
6.046471  -3.9701853269e-01  -1.6989015011e+00  1.3018829684e+00
6.047582  -3.8863920644e-01  -1.6983478496e+00  1.3097086432e+00
6.048693  -3.8044753852e-01  -1.6962974733e+00  1.3158499347e+00
6.049805  -3.7265738495e-01  -1.6927951864e+00  1.3201378015e+00
6.050916  -3.6547195995e-01  -1.6879284005e+00  1.3224564405e+00
6.052027  -3.5907786886e-01  -1.6818245316e+00  1.3227466628e+00
6.053139  -3.5363963183e-01  -1.6746472378e+00  1.3210076060e+00
6.054250  -3.4929485848e-01  -1.6665915949e+00  1.3172967364e+00
6.055361  -3.4615021444e-01  -1.6578783550e+00  1.3117281406e+00
6.056473  -3.4427829736e-01  -1.6487474561e+00  1.3044691588e+00
6.057584  -3.4371551308e-01  -1.6394509723e+00  1.2957354592e+00
6.058695  -3.4446101353e-01  -1.6302457131e+00  1.2857846996e+00
6.059807  -3.4647672642e-01  -1.6213856891e+00  1.2749089627e+00
6.060918  -3.4968847486e-01  -1.6131146637e+00  1.2634261889e+00
6.062030  -3.5398815331e-01  -1.6056590103e+00  1.2516708570e+00
6.063141  -3.5923689487e-01  -1.5992210840e+00  1.2399841892e+00
6.064252  -3.6526913650e-01  -1.5939733016e+00  1.2287041651e+00
6.065364  -3.7189746195e-01  -1.5900531031e+00  1.2181556411e+00
6.066475  -3.7891807997e-01  -1.5875589422e+00  1.2086408623e+00
6.067586  -3.8611677659e-01  -1.5865474225e+00  1.2004306459e+00
6.068698  -3.9327516674e-01  -1.5870316619e+00  1.1937564951e+00
6.069809  -4.0017706160e-01  -1.5889809342e+00  1.1888038726e+00
6.070920  -4.0661476519e-01  -1.5923215960e+00  1.1857068308e+00
6.072032  -4.1239511566e-01  -1.5969392713e+00  1.1845441557e+00
6.073143  -4.1734509477e-01  -1.6026822301e+00  1.1853371353e+00
6.074254  -4.2131684127e-01  -1.6093658589e+00  1.1880490176e+00
6.075366  -4.2419192239e-01  -1.6167780943e+00  1.1925861719e+00
6.076477  -4.2588473860e-01  -1.6246856570e+00  1.1988009184e+00
6.077589  -4.2634496313e-01  -1.6328409051e+00  1.2064959420e+00
6.078700  -4.2555894560e-01  -1.6409891041e+00  1.2154301585e+00
6.079811  -4.2355003973e-01  -1.6488759005e+00  1.2253258608e+00
6.080923  -4.2037784670e-01  -1.6562547800e+00  1.2358769333e+00
6.082034  -4.1613639753e-01  -1.6628942913e+00  1.2467578938e+00
6.083145  -4.1095132869e-01  -1.6685848245e+00  1.2576334958e+00
6.084257  -4.0497613500e-01  -1.6731447438e+00  1.2681686088e+00
6.085368  -3.9838761043e-01  -1.6764256981e+00  1.2780380876e+00
6.086479  -3.9138061138e-01  -1.6783169510e+00  1.2869363396e+00
6.087591  -3.8416229662e-01  -1.6787486062e+00  1.2945863096e+00
6.088702  -3.7694601326e-01  -1.6776936330e+00  1.3007476198e+00
6.089814  -3.6994500828e-01  -1.6751686340e+00  1.3052236257e+00
6.090925  -3.6336615027e-01  -1.6712333327e+00  1.3078671824e+00
6.092036  -3.5740384521e-01  -1.6659887970e+00  1.3085849518e+00
6.093148  -3.5223432455e-01  -1.6595744514e+00  1.3073401269e+00
6.094259  -3.4801047258e-01  -1.6521639663e+00  1.3041534937e+00
6.095370  -3.4485734422e-01  -1.6439601448e+00  1.2991028006e+00
6.096482  -3.4286850374e-01  -1.6351889593e+00  1.2923204556e+00
6.097593  -3.4210329108e-01  -1.6260929109e+00  1.2839896198e+00
6.098704  -3.4258509477e-01  -1.6169239083e+00  1.2743388136e+00
6.099816  -3.4430068111e-01  -1.6079358752e+00  1.2636351941e+00
6.100927  -3.4720059818e-01  -1.5993773021e+00  1.2521767039e+00
6.102038  -3.5120064163e-01  -1.5914839618e+00  1.2402833202e+00
6.103150  -3.5618433832e-01  -1.5844720024e+00  1.2282876641e+00
6.104261  -3.6200637378e-01  -1.5785316186e+00  1.2165252448e+00
6.105373  -3.6849686216e-01  -1.5738214882e+00  1.2053246260e+00
6.106484  -3.7546633255e-01  -1.5704641357e+00  1.1949978031e+00
6.107595  -3.8271128476e-01  -1.5685423585e+00  1.1858310738e+00
6.108707  -3.9002015107e-01  -1.5680968201e+00  1.1780766691e+00
6.109818  -3.9717948885e-01  -1.5691248798e+00  1.1719453909e+00
6.110929  -4.0398022205e-01  -1.5715806930e+00  1.1676004709e+00
6.112041  -4.1022374881e-01  -1.5753765787e+00  1.1651528299e+00
6.113152  -4.1572773599e-01  -1.5803856123e+00  1.1646578763e+00
6.114263  -4.2033143132e-01  -1.5864453683e+00  1.1661139370e+00
6.115375  -4.2390033767e-01  -1.5933627020e+00  1.1694623643e+00
6.116486  -4.2633011331e-01  -1.6009194286e+00  1.1745893152e+00
6.117597  -4.2754958449e-01  -1.6088787347e+00  1.1813291502e+00
6.118709  -4.2752278286e-01  -1.6169921319e+00  1.1894693490e+00
6.119820  -4.2624994930e-01  -1.6250067492e+00  1.1987567999e+00
6.120932  -4.2376747545e-01  -1.6326727500e+00  1.2089052745e+00
6.122043  -4.2014678611e-01  -1.6397506565e+00  1.2196038704e+00
6.123154  -4.1549219613e-01  -1.6460183661e+00  1.2305261700e+00
6.124266  -4.0993780591e-01  -1.6512776554e+00  1.2413398495e+00
6.125377  -4.0364352742e-01  -1.6553599793e+00  1.2517164519e+00
6.126488  -3.9679035836e-01  -1.6581313985e+00  1.2613410401e+00
6.127600  -3.8957504366e-01  -1.6594964886e+00  1.2699214449e+00
6.128711  -3.8220428163e-01  -1.6594011182e+00  1.2771968366e+00
6.129822  -3.7488864532e-01  -1.6578340151e+00  1.2829453698e+00
6.130934  -3.6783639728e-01  -1.6548270744e+00  1.2869906772e+00
6.132045  -3.6124737976e-01  -1.6504544018e+00  1.2892070220e+00
6.133156  -3.5530715907e-01  -1.6448301183e+00  1.2895229592e+00
6.134268  -3.5018159586e-01  -1.6381049942e+00  1.2879233984e+00
6.135379  -3.4601200011e-01  -1.6304620096e+00  1.2844500095e+00
6.136491  -3.4291101228e-01  -1.6221109727e+00  1.2791999605e+00
6.137602  -3.4095933081e-01  -1.6132823546e+00  1.2723230238e+00
6.138713  -3.4020338119e-01  -1.6042205213e+00  1.2640171401e+00
6.139825  -3.4065399377e-01  -1.5951765618e+00  1.2545225680e+00
6.140936  -3.4228612844e-01  -1.5864009228e+00  1.2441147944e+00
6.142047  -3.4503965296e-01  -1.5781360664e+00  1.2330964134e+00
6.143159  -3.4882115117e-01  -1.5706093646e+00  1.2217882134e+00
6.144270  -3.5350670695e-01  -1.5640264414e+00  1.2105197345e+00
6.145381  -3.5894558137e-01  -1.5585651548e+00  1.1996195734e+00
6.146493  -3.6496467416e-01  -1.5543703964e+00  1.1894057223e+00
6.147604  -3.7137363788e-01  -1.5515498606e+00  1.1801762227e+00
6.148715  -3.7797049407e-01  -1.5501709058e+00  1.1722004117e+00
6.149827  -3.8454758605e-01  -1.5502586006e+00  1.1657110145e+00
6.150938  -3.9089769344e-01  -1.5517950106e+00  1.1608973171e+00
6.152050  -3.9682012871e-01  -1.5547197463e+00  1.1578996176e+00
6.153161  -4.0212663687e-01  -1.5589317561e+00  1.1568051192e+00
6.154272  -4.0664692533e-01  -1.5642923095e+00  1.1576453842e+00
6.155384  -4.1023366205e-01  -1.5706290848e+00  1.1603954228e+00
6.156495  -4.1276679554e-01  -1.5777412388e+00  1.1649744432e+00
6.157606  -4.1415707075e-01  -1.5854053102e+00  1.1712482394e+00
6.158718  -4.1434863822e-01  -1.5933817837e+00  1.1790331454e+00
6.159829  -4.1332068075e-01  -1.6014221209e+00  1.1881014402e+00
6.160940  -4.1108801056e-01  -1.6092760529e+00  1.1981880423e+00
6.162052  -4.0770062052e-01  -1.6166989186e+00  1.2089982981e+00
6.163163  -4.0324220317e-01  -1.6234588368e+00  1.2202166336e+00
6.164274  -3.9782768210e-01  -1.6293434983e+00  1.2315158162e+00
6.165386  -3.9159982879e-01  -1.6341663818e+00  1.2425665530e+00
6.166497  -3.8472506494e-01  -1.6377722098e+00  1.2530471448e+00
6.167609  -3.7738857418e-01  -1.6400414861e+00  1.2626529120e+00
6.168720  -3.6978886697e-01  -1.6408939824e+00  1.2711051154e+00
6.169831  -3.6213195881e-01  -1.6402910705e+00  1.2781591117e+00
6.170943  -3.5462533267e-01  -1.6382368349e+00  1.2836115022e+00
6.172054  -3.4747186303e-01  -1.6347779318e+00  1.2873060687e+00
6.173165  -3.4086387977e-01  -1.6300022003e+00  1.2891383205e+00
6.174277  -3.3497754593e-01  -1.6240360665e+00  1.2890585206e+00
6.175388  -3.2996771397e-01  -1.6170408180e+00  1.2870731040e+00
6.176499  -3.2596341118e-01  -1.6092078572e+00  1.2832444460e+00
6.177611  -3.2306408583e-01  -1.6007530754e+00  1.2776889895e+00
6.178722  -3.2133672398e-01  -1.5919105102e+00  1.2705737862e+00
6.179834  -3.2081392037e-01  -1.5829254752e+00  1.2621115549e+00
6.180945  -3.2149295956e-01  -1.5740473618e+00  1.2525544022e+00
6.182056  -3.2333593324e-01  -1.5655223249e+00  1.2421863917e+00
6.183168  -3.2627088943e-01  -1.5575860682e+00  1.2313151788e+00
6.184279  -3.3019397911e-01  -1.5504569382e+00  1.2202629591e+00
6.185390  -3.3497253647e-01  -1.5443295312e+00  1.2093569947e+00
6.186502  -3.4044900159e-01  -1.5393689999e+00  1.1989199983e+00
6.187613  -3.4644556990e-01  -1.5357062260e+00  1.1892606561e+00
6.188724  -3.5276943140e-01  -1.5334340002e+00  1.1806645688e+00
6.189836  -3.5921844544e-01  -1.5326043203e+00  1.1733858749e+00
6.190947  -3.6558708444e-01  -1.5332268877e+00  1.1676398033e+00
6.192058  -3.7167247164e-01  -1.5352688442e+00  1.1635963725e+00
6.193170  -3.7728033611e-01  -1.5386557568e+00  1.1613754207e+00
6.194281  -3.8223071007e-01  -1.5432738214e+00  1.1610431113e+00
6.195393  -3.8636320187e-01  -1.5489732195e+00  1.1626100176e+00
6.196504  -3.8954169003e-01  -1.5555725295e+00  1.1660308395e+00
6.197615  -3.9165830146e-01  -1.5628640620e+00  1.1712057606e+00
6.198727  -3.9263655741e-01  -1.5706199635e+00  1.1779834061e+00
6.199838  -3.9243359574e-01  -1.5785989073e+00  1.1861653115e+00
6.200949  -3.9104140498e-01  -1.5865531772e+00  1.1955117722e+00
6.202061  -3.8848703484e-01  -1.5942359343e+00  1.2057488995e+00
6.203172  -3.8483177767e-01  -1.6014084551e+00  1.2165766774e+00
6.204283  -3.8016934586e-01  -1.6078471275e+00  1.2276777816e+00
6.205395  -3.7462309934e-01  -1.6133500007e+00  1.2387269014e+00
6.206506  -3.6834240521e-01  -1.6177426969e+00  1.2494002917e+00
6.207617  -3.6149823707e-01  -1.6208835108e+00  1.2593852737e+00
6.208729  -3.5427814364e-01  -1.6226675495e+00  1.2683894059e+00
6.209840  -3.4688073481e-01  -1.6230297904e+00  1.2761490556e+00
6.210952  -3.3950984708e-01  -1.6219469685e+00  1.2824371214e+00
6.212063  -3.3236856004e-01  -1.6194382385e+00  1.2870696785e+00
6.213174  -3.2565323916e-01  -1.6155645928e+00  1.2899113536e+00
6.214286  -3.1954777993e-01  -1.6104270525e+00  1.2908792725e+00
6.215397  -3.1421822181e-01  -1.6041636857e+00  1.2899454638e+00
6.216508  -3.0980788968e-01  -1.5969455411e+00  1.2871376514e+00
6.217620  -3.0643320506e-01  -1.5889716163e+00  1.2825384113e+00
6.218731  -3.0418028915e-01  -1.5804630085e+00  1.2762827193e+00
6.219842  -3.0310245703e-01  -1.5716564205e+00  1.2685539634e+00
6.220954  -3.0321867560e-01  -1.5627972119e+00  1.2595785363e+00
6.222065  -3.0451302975e-01  -1.5541322000e+00  1.2496191702e+00
6.223176  -3.0693521183e-01  -1.5459024206e+00  1.2389672088e+00
6.224288  -3.1040201907e-01  -1.5383360631e+00  1.2279340441e+00
6.225399  -3.1479981435e-01  -1.5316417841e+00  1.2168419697e+00
6.226511  -3.1998787744e-01  -1.5260025979e+00  1.2060147205e+00
6.227622  -3.2580254761e-01  -1.5215705220e+00  1.1957679744e+00
6.228733  -3.3206203576e-01  -1.5184621331e+00  1.1864000974e+00
6.229845  -3.3857176409e-01  -1.5167551656e+00  1.1781834015e+00
6.230956  -3.4513007661e-01  -1.5164862495e+00  1.1713561729e+00
6.232067  -3.5153415257e-01  -1.5176498562e+00  1.1661157036e+00
6.233179  -3.5758594926e-01  -1.5201984797e+00  1.1626125305e+00
6.234290  -3.6309799993e-01  -1.5240440498e+00  1.1609460499e+00
6.235401  -3.6789889677e-01  -1.5290605333e+00  1.1611616365e+00
6.236513  -3.7183829865e-01  -1.5350876478e+00  1.1632493492e+00
6.237624  -3.7479131676e-01  -1.5419355783e+00  1.1671442615e+00
6.238735  -3.7666215044e-01  -1.5493905570e+00  1.1727284065e+00
6.239847  -3.7738686682e-01  -1.5572211436e+00  1.1798342768e+00
6.240958  -3.7693524352e-01  -1.5651850209e+00  1.1882497774e+00
6.242070  -3.7531162122e-01  -1.5730361056e+00  1.1977244843e+00
6.243181  -3.7255474168e-01  -1.5805317671e+00  1.2079770254e+00
6.244292  -3.6873657691e-01  -1.5874399415e+00  1.2187033646e+00
6.245404  -3.6396018444e-01  -1.5935459322e+00  1.2295857477e+00
6.246515  -3.5835665263e-01  -1.5986586980e+00  1.2403020454e+00
6.247626  -3.5208122596e-01  -1.6026164456e+00  1.2505352196e+00
6.248738  -3.4530872489e-01  -1.6052913602e+00  1.2599826353e+00
6.249849  -3.3822839502e-01  -1.6065933392e+00  1.2683649442e+00
6.250960  -3.3103833714e-01  -1.6064726169e+00  1.2754342797e+00
6.252072  -3.2393968173e-01  -1.6049212056e+00  1.2809815239e+00
6.253183  -3.1713067918e-01  -1.6019731112e+00  1.2848424320e+00
6.254295  -3.1080087898e-01  -1.5977033163e+00  1.2869024373e+00
6.255406  -3.0512556864e-01  -1.5922255627e+00  1.2870999940e+00
6.256517  -3.0026063515e-01  -1.5856889981e+00  1.2854283629e+00
6.257629  -2.9633799956e-01  -1.5782737856e+00  1.2819357860e+00
6.258740  -2.9346175795e-01  -1.5701858058e+00  1.2767240478e+00
6.259851  -2.9170514167e-01  -1.5616506071e+00  1.2699454654e+00
6.260963  -2.9110838525e-01  -1.5529067816e+00  1.2617983964e+00
6.262074  -2.9167756388e-01  -1.5441989615e+00  1.2525213976e+00
6.263185  -2.9338443391e-01  -1.5357706416e+00  1.2423862077e+00
6.264297  -2.9616728027e-01  -1.5278570378e+00  1.2316897575e+00
6.265408  -2.9993274512e-01  -1.5206781922e+00  1.2207454471e+00
6.266519  -3.0455858361e-01  -1.5144325259e+00  1.2098739423e+00
6.267631  -3.0989726501e-01  -1.5092910283e+00  1.1993937633e+00
6.268742  -3.1578031313e-01  -1.5053922543e+00  1.1896119412e+00
6.269854  -3.2202325812e-01  -1.5028382740e+00  1.1808150159e+00
6.270965  -3.2843105403e-01  -1.5016916949e+00  1.1732606409e+00
6.272076  -3.3480380284e-01  -1.5019738425e+00  1.1671700397e+00
6.273188  -3.4094261699e-01  -1.5036641522e+00  1.1627215352e+00
6.274299  -3.4665544821e-01  -1.5067007904e+00  1.1600453422e+00
6.275410  -3.5176271187e-01  -1.5109824853e+00  1.1592197734e+00
6.276522  -3.5610254202e-01  -1.5163715143e+00  1.1602689722e+00
6.277633  -3.5953552331e-01  -1.5226977581e+00  1.1631622348e+00
6.278744  -3.6194876127e-01  -1.5297637045e+00  1.1678149432e+00
6.279856  -3.6325917232e-01  -1.5373502523e+00  1.1740910800e+00
6.280967  -3.6341589737e-01  -1.5452231472e+00  1.1818072498e+00
6.282078  -3.6240176903e-01  -1.5531398579e+00  1.1907380889e+00
6.283190  -3.6023379003e-01  -1.5608566939e+00  1.2006229039e+00
6.284301  -3.5696260959e-01  -1.5681359527e+00  1.2111733432e+00
6.285413  -3.5267101380e-01  -1.5747528897e+00  1.2220818759e+00
6.286524  -3.4747147513e-01  -1.5805023040e+00  1.2330308289e+00
6.287635  -3.4150283341e-01  -1.5852045497e+00  1.2437017163e+00
6.288747  -3.3492620658e-01  -1.5887107938e+00  1.2537845872e+00
6.289858  -3.2792025135e-01  -1.5909073693e+00  1.2629871180e+00
6.290969  -3.2067591355e-01  -1.5917190948e+00  1.2710431812e+00
6.292081  -3.1339082230e-01  -1.5911114635e+00  1.2777206412e+00
6.293192  -3.0626349281e-01  -1.5890916397e+00  1.2828281469e+00
6.294303  -2.9948750778e-01  -1.5857082310e+00  1.2862207233e+00
6.295415  -2.9324584829e-01  -1.5810498467e+00  1.2878039984e+00
6.296526  -2.8770554007e-01  -1.5752424824e+00  1.2875369423e+00
6.297637  -2.8301277215e-01  -1.5684458098e+00  1.2854330376e+00
6.298749  -2.7928863047e-01  -1.5608484802e+00  1.2815598498e+00
6.299860  -2.7662557128e-01  -1.5526625798e+00  1.2760370086e+00
6.300972  -2.7508473708e-01  -1.5441173999e+00  1.2690326628e+00
6.302083  -2.7469419318e-01  -1.5354527050e+00  1.2607585118e+00
6.303194  -2.7544813596e-01  -1.5269116963e+00  1.2514635603e+00
6.304306  -2.7730709524e-01  -1.5187338776e+00  1.2414267823e+00
6.305417  -2.8019912408e-01  -1.5111480317e+00  1.2309489076e+00
6.306528  -2.8402194034e-01  -1.5043655147e+00  1.2203435744e+00
6.307640  -2.8864595646e-01  -1.4985740636e+00  1.2099281071e+00
6.308751  -2.9391810797e-01  -1.4939322988e+00  1.2000141908e+00
6.309862  -2.9966636769e-01  -1.4905650836e+00  1.1908987159e+00
6.310974  -3.0570481278e-01  -1.4885598745e+00  1.1828550617e+00
6.312085  -3.1183909558e-01  -1.4879641705e+00  1.1761250749e+00
6.313196  -3.1787215743e-01  -1.4887841352e+00  1.1709119777e+00
6.314308  -3.2361001761e-01  -1.4909844317e+00  1.1673744141e+00
6.315419  -3.2886746764e-01  -1.4944892748e+00  1.1656218071e+00
6.316531  -3.3347350394e-01  -1.4991846685e+00  1.1657111646e+00
6.317642  -3.3727633956e-01  -1.5049217644e+00  1.1676454248e+00
6.318753  -3.4014784846e-01  -1.5115212396e+00  1.1713733911e+00
6.319865  -3.4198731222e-01  -1.5187785677e+00  1.1767912555e+00
6.320976  -3.4272435987e-01  -1.5264700266e+00  1.1837456667e+00
6.322087  -3.4232101520e-01  -1.5343592667e+00  1.1920382515e+00
6.323199  -3.4077279205e-01  -1.5422042475e+00  1.2014314555e+00
6.324310  -3.3810880632e-01  -1.5497643380e+00  1.2116555317e+00
6.325421  -3.3439090198e-01  -1.5568073731e+00  1.2224164712e+00
6.326533  -3.2971181748e-01  -1.5631164594e+00  1.2334046419e+00
6.327644  -3.2419244716e-01  -1.5684963300e+00  1.2443038828e+00
6.328755  -3.1797827849e-01  -1.5727790632e+00  1.2548007847e+00
6.329867  -3.1123511043e-01  -1.5758289970e+00  1.2645938865e+00
6.330978  -3.0414417891e-01  -1.5775466948e+00  1.2734025158e+00
6.332090  -2.9689683300e-01  -1.5778718487e+00  1.2809750157e+00
6.333201  -2.8968891815e-01  -1.5767850329e+00  1.2870961148e+00
6.334312  -2.8271503154e-01  -1.5743082584e+00  1.2915932269e+00
6.335424  -2.7616281832e-01  -1.5705043114e+00  1.2943414931e+00
6.336535  -2.7020747573e-01  -1.5654748971e+00  1.2952674213e+00
6.337646  -2.6500662654e-01  -1.5593576418e+00  1.2943510153e+00
6.338758  -2.6069571164e-01  -1.5523220440e+00  1.2916263324e+00
6.339869  -2.5738403683e-01  -1.5445644909e+00  1.2871804541e+00
6.340980  -2.5515158917e-01  -1.5363024892e+00  1.2811509001e+00
6.342092  -2.5404671574e-01  -1.5277682785e+00  1.2737215627e+00
6.343203  -2.5408473241e-01  -1.5192020145e+00  1.2651172821e+00
6.344315  -2.5524750261e-01  -1.5108447238e+00  1.2555972211e+00
6.345426  -2.5748399793e-01  -1.5029312342e+00  1.2454472363e+00
6.346537  -2.6071182322e-01  -1.4956832912e+00  1.2349714679e+00
6.347649  -2.6481966090e-01  -1.4893030592e+00  1.2244833983e+00
6.348760  -2.6967056205e-01  -1.4839672006e+00  1.2142966386e+00
6.349871  -2.7510598702e-01  -1.4798217043e+00  1.2047157173e+00
6.350983  -2.8095047670e-01  -1.4769776159e+00  1.1960271392e+00
6.352094  -2.8701681661e-01  -1.4755077944e+00  1.1884909778e+00
6.353205  -2.9311154228e-01  -1.4754447900e+00  1.1823332478e+00
6.354317  -2.9904062382e-01  -1.4767799048e+00  1.1777392810e+00
6.355428  -3.0461516302e-01  -1.4794634633e+00  1.1748483002e+00
6.356539  -3.0965693560e-01  -1.4834062850e+00  1.1737493494e+00
6.357651  -3.1400361618e-01  -1.4884823150e+00  1.1744786988e+00
6.358762  -3.1751353285e-01  -1.4945323345e+00  1.1770188017e+00
6.359874  -3.2006981215e-01  -1.5013686430e+00  1.1812988309e+00
6.360985  -3.2158379325e-01  -1.5087805742e+00  1.1871967809e+00
6.362096  -3.2199761164e-01  -1.5165406826e+00  1.1945430709e+00
6.363208  -3.2128587707e-01  -1.5244114209e+00  1.2031255438e+00
6.364319  -3.1945639715e-01  -1.5321521104e+00  1.2126957133e+00
6.365430  -3.1654992601e-01  -1.5395260009e+00  1.2229760749e+00
6.366542  -3.1263894603e-01  -1.5463072127e+00  1.2336682667e+00
6.367653  -3.0782551910e-01  -1.5522873574e+00  1.2444618383e+00
6.368764  -3.0223827110e-01  -1.5572816429e+00  1.2550433718e+00
6.369876  -2.9602859855e-01  -1.5611342843e+00  1.2651056858e+00
6.370987  -2.8936620946e-01  -1.5637230622e+00  1.2743568528e+00
6.372098  -2.8243412956e-01  -1.5649628946e+00  1.2825287650e+00
6.373210  -2.7542332081e-01  -1.5648083181e+00  1.2893849973e+00
6.374321  -2.6852707045e-01  -1.5632548070e+00  1.2947277366e+00
6.375433  -2.6193531540e-01  -1.5603388904e+00  1.2984035750e+00
6.376544  -2.5582906845e-01  -1.5561370654e+00  1.3003079970e+00
6.377655  -2.5037511004e-01  -1.5507635391e+00  1.3003884291e+00
6.378767  -2.4572110097e-01  -1.5443668643e+00  1.2986457633e+00
6.379878  -2.4199125932e-01  -1.5371255699e+00  1.2951343106e+00
6.380989  -2.3928272805e-01  -1.5292429137e+00  1.2899601856e+00
6.382101  -2.3766273950e-01  -1.5209409111e+00  1.2832781716e+00
6.383212  -2.3716665941e-01  -1.5124538168e+00  1.2752871574e+00
6.384323  -2.3779696726e-01  -1.5040212491e+00  1.2662242818e+00
6.385435  -2.3952320246e-01  -1.4958811599e+00  1.2563579574e+00
6.386546  -2.4228287712e-01  -1.4882628556e+00  1.2459799784e+00
6.387657  -2.4598332813e-01  -1.4813802746e+00  1.2353969464e+00
6.388769  -2.5050445358e-01  -1.4754257175e+00  1.2249212640e+00
6.389880  -2.5570225264e-01  -1.4705642149e+00  1.2148619622e+00
6.390992  -2.6141306454e-01  -1.4669286956e+00  1.2055156310e+00
6.392103  -2.6745838178e-01  -1.4646161000e+00  1.1971577182e+00
6.393214  -2.7365009597e-01  -1.4636845490e+00  1.1900344530e+00
6.394326  -2.7979602209e-01  -1.4641516527e+00  1.1843556307e+00
6.395437  -2.8570553889e-01  -1.4659940089e+00  1.1802884700e+00
6.396548  -2.9119517975e-01  -1.4691479028e+00  1.1779527231e+00
6.397660  -2.9609401010e-01  -1.4735111912e+00  1.1774171811e+00
6.398771  -3.0024863360e-01  -1.4789463110e+00  1.1786976774e+00
6.399882  -3.0352768042e-01  -1.4852843267e+00  1.1817566463e+00
6.400994  -3.0582564626e-01  -1.4923298967e+00  1.1865042505e+00
6.402105  -3.0706596988e-01  -1.4998670117e+00  1.1928010418e+00
6.403216  -3.0720325907e-01  -1.5076653378e+00  1.2004620788e+00
6.404328  -3.0622460063e-01  -1.5154869775e+00  1.2092623769e+00
6.405439  -3.0414991615e-01  -1.5230934500e+00  1.2189435339e+00
6.406551  -3.0103135381e-01  -1.5302526864e+00  1.2292213326e+00
6.407662  -2.9695173480e-01  -1.5367458342e+00  1.2397940994e+00
6.408773  -2.9202210032e-01  -1.5423736722e+00  1.2503515719e+00
6.409885  -2.8637843175e-01  -1.5469624467e+00  1.2605840150e+00
6.410996  -2.8017764087e-01  -1.5503689596e+00  1.2701913187e+00
6.412107  -2.7359294807e-01  -1.5524847577e+00  1.2788918096e+00
6.413219  -2.6680878463e-01  -1.5532393021e+00  1.2864305174e+00
6.414330  -2.6001536906e-01  -1.5526020240e+00  1.2925866549e+00
6.415441  -2.5340311667e-01  -1.5505832078e+00  1.2971800911e+00
6.416553  -2.4715704671e-01  -1.5472336753e+00  1.3000766286e+00
6.417664  -2.4145135118e-01  -1.5426432816e+00  1.3011919304e+00
6.418775  -2.3644428458e-01  -1.5369382654e+00  1.3004939808e+00
6.419887  -2.3227352439e-01  -1.5302775347e+00  1.2980040103e+00
6.420998  -2.2905213821e-01  -1.5228479941e+00  1.2937958559e+00
6.422110  -2.2686527558e-01  -1.5148590534e+00  1.2879937778e+00
6.423221  -2.2576768111e-01  -1.5065364772e+00  1.2807687961e+00
6.424332  -2.2578210141e-01  -1.4981157576e+00  1.2723336562e+00
6.425444  -2.2689863220e-01  -1.4898352036e+00  1.2629365714e+00
6.426555  -2.2907502402e-01  -1.4819289495e+00  1.2528539254e+00
6.427666  -2.3223793730e-01  -1.4746200891e+00  1.2423821518e+00
6.428778  -2.3628510910e-01  -1.4681141356e+00  1.2318290265e+00
6.429889  -2.4108836770e-01  -1.4625929988e+00  1.2215046311e+00
6.431000  -2.4649740596e-01  -1.4582096577e+00  1.2117122518e+00
6.432112  -2.5234420232e-01  -1.4550836826e+00  1.2027394803e+00
6.433223  -2.5844795927e-01  -1.4532977387e+00  1.1948497794e+00
6.434335  -2.6462041427e-01  -1.4528951738e+00  1.1882747595e+00
6.435446  -2.7067136680e-01  -1.4538787596e+00  1.1832073928e+00
6.436557  -2.7641425940e-01  -1.4562106238e+00  1.1797963644e+00
6.437669  -2.8167164888e-01  -1.4598133740e+00  1.1781417251e+00
6.438780  -2.8628040712e-01  -1.4645723812e+00  1.1782919741e+00
6.439891  -2.9009649899e-01  -1.4703391538e+00  1.1802426548e+00
6.441003  -2.9299919758e-01  -1.4769357044e+00  1.1839365069e+00
6.442114  -2.9489461310e-01  -1.4841597804e+00  1.1892651673e+00
6.443225  -2.9571843246e-01  -1.4917908038e+00  1.1960723713e+00
6.444337  -2.9543778950e-01  -1.4995963478e+00  1.2041585583e+00
6.445448  -2.9405221147e-01  -1.5073389579e+00  1.2132867464e+00
6.446559  -2.9159361446e-01  -1.5147831186e+00  1.2231895042e+00
6.447671  -2.8812534848e-01  -1.5217021614e+00  1.2335768129e+00
6.448782  -2.8374032075e-01  -1.5278849099e+00  1.2441445891e+00
6.449894  -2.7855825267e-01  -1.5331418698e+00  1.2545836171e+00
6.451005  -2.7272215152e-01  -1.5373107799e+00  1.2645886284e+00
6.452116  -2.6639410087e-01  -1.5402613632e+00  1.2738672623e+00
6.453228  -2.5975049347e-01  -1.5418991375e+00  1.2821486440e+00
6.454339  -2.5297684704e-01  -1.5421681757e+00  1.2891913286e+00
6.455450  -2.4626235499e-01  -1.5410527340e+00  1.2947903790e+00
6.456562  -2.3979433245e-01  -1.5385777007e+00  1.2987833683e+00
6.457673  -2.3375272044e-01  -1.5348078535e+00  1.3010551331e+00
6.458784  -2.2830480943e-01  -1.5298459463e+00  1.3015411369e+00
6.459896  -2.2360033713e-01  -1.5238296836e+00  1.3002293465e+00
6.461007  -2.1976710403e-01  -1.5169276698e+00  1.2971605657e+00
6.462118  -2.1690723511e-01  -1.5093344538e+00  1.2924272187e+00
6.463230  -2.1509419714e-01  -1.5012648145e+00  1.2861706174e+00
6.464341  -2.1437065853e-01  -1.4929474539e+00  1.2785767954e+00
6.465453  -2.1474725434e-01  -1.4846182844e+00  1.2698710300e+00
6.466564  -2.1620229187e-01  -1.4765135063e+00  1.2603112145e+00
6.467675  -2.1868240532e-01  -1.4688626797e+00  1.2501802743e+00
6.468787  -2.2210413951e-01  -1.4618819920e+00  1.2397778524e+00
6.469898  -2.2635641590e-01  -1.4557679212e+00  1.2294115053e+00
6.471009  -2.3130380797e-01  -1.4506914785e+00  1.2193876705e+00
6.472121  -2.3679052949e-01  -1.4467931995e+00  1.2100026700e+00
6.473232  -2.4264501815e-01  -1.4441790316e+00  1.2015340135e+00
6.474343  -2.4868497996e-01  -1.4429172365e+00  1.1942322565e+00
6.475455  -2.5472274586e-01  -1.4430363992e+00  1.1883136534e+00
6.476566  -2.6057078346e-01  -1.4445246021e+00  1.1839538186e+00
6.477677  -2.6604720199e-01  -1.4473297862e+00  1.1812825842e+00
6.478789  -2.7098108878e-01  -1.4513612908e+00  1.1803802020e+00
6.479900  -2.7521752109e-01  -1.4564925242e+00  1.1812750031e+00
6.481012  -2.7862210604e-01  -1.4625646879e+00  1.1839425819e+00
6.482123  -2.8108491594e-01  -1.4693914445e+00  1.1883065286e+00
6.483234  -2.8252370369e-01  -1.4767643913e+00  1.1942406877e+00
6.484346  -2.8288630433e-01  -1.4844591806e+00  1.2015728763e+00
6.485457  -2.8215215268e-01  -1.4922421047e+00  1.2100899520e+00
6.486568  -2.8033287296e-01  -1.4998769540e+00  1.2195440810e+00
6.487680  -2.7747192365e-01  -1.5071319470e+00  1.2296600233e+00
6.488791  -2.7364330836e-01  -1.5137865269e+00  1.2401432186e+00
6.489902  -2.6894939114e-01  -1.5196378287e+00  1.2506884375e+00
6.491014  -2.6351788063e-01  -1.5245066235e+00  1.2609887429e+00
6.492125  -2.5749807220e-01  -1.5282425698e+00  1.2707444976e+00
6.493236  -2.5105645844e-01  -1.5307286139e+00  1.2796721555e+00
6.494348  -2.4437183731e-01  -1.5318844141e+00  1.2875125768e+00
6.495459  -2.3763006170e-01  -1.5316686863e+00  1.2940386246e+00
6.496571  -2.3101858454e-01  -1.5300804033e+00  1.2990618188e+00
6.497682  -2.2472095973e-01  -1.5271588132e+00  1.3024378534e+00
6.498793  -2.1891146021e-01  -1.5229822760e+00  1.3040708158e+00
6.499905  -2.1374997102e-01  -1.5176659539e+00  1.3039159828e+00
6.501016  -2.0937730701e-01  -1.5113584221e+00  1.3019811151e+00
6.502127  -2.0591109244e-01  -1.5042373013e+00  1.2983262088e+00
6.503239  -2.0344232304e-01  -1.4965040384e+00  1.2930617154e+00
6.504350  -2.0203271101e-01  -1.4883779912e+00  1.2863452802e+00
6.505461  -2.0171289051e-01  -1.4800899884e+00  1.2783770979e+00
6.506573  -2.0248153586e-01  -1.4718755555e+00  1.2693940197e+00
6.507684  -2.0430541775e-01  -1.4639680050e+00  1.2596625872e+00
6.508796  -2.0712039556e-01  -1.4565915930e+00  1.2494711975e+00
6.509907  -2.1083331577e-01  -1.4499549443e+00  1.2391216285e+00
6.511018  -2.1532476091e-01  -1.4442449370e+00  1.2289201760e+00
6.512130  -2.2045256731e-01  -1.4396212273e+00  1.2191686600e+00
6.513241  -2.2605600850e-01  -1.4362115747e+00  1.2101555662e+00
6.514352  -2.3196052104e-01  -1.4341081032e+00  1.2021475821e+00
6.515464  -2.3798283368e-01  -1.4333646096e+00  1.1953817759e+00
6.516575  -2.4393634947e-01  -1.4339949969e+00  1.1900586475e+00
6.517686  -2.4963662248e-01  -1.4359728778e+00  1.1863362554e+00
6.518798  -2.5490676861e-01  -1.4392323606e+00  1.1843255919e+00
6.519909  -2.5958265157e-01  -1.4436699931e+00  1.1840873415e+00
6.521020  -2.6351769216e-01  -1.4491478087e+00  1.1856301166e+00
6.522132  -2.6658715990e-01  -1.4554973829e+00  1.1889102230e+00
6.523243  -2.6869182126e-01  -1.4625247824e+00  1.1938329612e+00
6.524355  -2.6976083786e-01  -1.4700162618e+00  1.2002554240e+00
6.525466  -2.6975383007e-01  -1.4777445385e+00  1.2079907084e+00
6.526577  -2.6866204570e-01  -1.4854754637e+00  1.2168134180e+00
6.527689  -2.6650860011e-01  -1.4929748928e+00  1.2264662927e+00
6.528800  -2.6334778118e-01  -1.5000155539e+00  1.2366677728e+00
6.529911  -2.5926343987e-01  -1.5063837120e+00  1.2471202721e+00
6.531023  -2.5436651425e-01  -1.5118854347e+00  1.2575189205e+00
6.532134  -2.4879176001e-01  -1.5163522758e+00  1.2675605158e+00
6.533245  -2.4269378376e-01  -1.5196462085e+00  1.2769524248e+00
6.534357  -2.3624249594e-01  -1.5216636659e+00  1.2854211700e+00
6.535468  -2.2961811705e-01  -1.5223385690e+00  1.2927204519e+00
6.536579  -2.2300588399e-01  -1.5216442542e+00  1.2986383702e+00
6.537691  -2.1659061185e-01  -1.5195942447e+00  1.3030036329e+00
6.538802  -2.1055127105e-01  -1.5162418419e+00  1.3056905709e+00
6.539914  -2.0505573866e-01  -1.5116785509e+00  1.3066228123e+00
6.541025  -2.0025587814e-01  -1.5060313853e+00  1.3057755072e+00
6.542136  -1.9628309134e-01  -1.4994591314e+00  1.3031760400e+00
6.543248  -1.9324447343e-01  -1.4921476813e+00  1.2989032079e+00
6.544359  -1.9121968296e-01  -1.4843045727e+00  1.2930848897e+00
6.545470  -1.9025861870e-01  -1.4761528943e+00  1.2858942756e+00
6.546582  -1.9037997095e-01  -1.4679247376e+00  1.2775447667e+00
6.547693  -1.9157068947e-01  -1.4598543864e+00  1.2682836969e+00
6.548804  -1.9378638305e-01  -1.4521714431e+00  1.2583850600e+00
6.549916  -1.9695263858e-01  -1.4450940952e+00  1.2481414566e+00
6.551027  -2.0096722044e-01  -1.4388227180e+00  1.2378554975e+00
6.552138  -2.0570308533e-01  -1.4335340016e+00  1.2278309163e+00
6.553250  -2.1101212332e-01  -1.4293757745e+00  1.2183636512e+00
6.554361  -2.1672951545e-01  -1.4264626748e+00  1.2097331594e+00
6.555473  -2.2267857921e-01  -1.4248727971e+00  1.2021942179e+00
6.556584  -2.2867595982e-01  -1.4246454110e+00  1.1959694512e+00
6.557695  -2.3453701456e-01  -1.4257798205e+00  1.1912428060e+00
6.558807  -2.4008123219e-01  -1.4282353950e+00  1.1881541628e+00
6.559918  -2.4513752827e-01  -1.4319327721e+00  1.1867952439e+00
6.561029  -2.4954926116e-01  -1.4367561966e+00  1.1872069355e+00
6.562141  -2.5317882152e-01  -1.4425569258e+00  1.1893781043e+00
6.563252  -2.5591166092e-01  -1.4491576017e+00  1.1932459408e+00
6.564363  -2.5765964157e-01  -1.4563574621e+00  1.1986978205e+00
6.565475  -2.5836360918e-01  -1.4639382355e+00  1.2055746263e+00
6.566586  -2.5799511388e-01  -1.4716705494e+00  1.2136754355e+00
6.567697  -2.5655722905e-01  -1.4793206615e+00  1.2227634325e+00
6.568809  -2.5408444448e-01  -1.4866573179e+00  1.2325728735e+00
6.569920  -2.5064163748e-01  -1.4934585361e+00  1.2428168986e+00
6.571032  -2.4632215263e-01  -1.4995181142e+00  1.2531959616e+00
6.572143  -2.4124504678e-01  -1.5046516758e+00  1.2634066290e+00
6.573254  -2.3555158077e-01  -1.5087020726e+00  1.2731504918e+00
6.574366  -2.2940106105e-01  -1.5115439871e+00  1.2821429261e+00
6.575477  -2.2296615366e-01  -1.5130876003e+00  1.2901214467e+00
6.576588  -2.1642780826e-01  -1.5132812168e+00  1.2968534086e+00
6.577700  -2.0996994147e-01  -1.5121127715e+00  1.3021428300e+00
6.578811  -2.0377403554e-01  -1.5096101724e+00  1.3058361369e+00
6.579922  -1.9801381111e-01  -1.5058404719e+00  1.3078266608e+00
6.581034  -1.9285013018e-01  -1.5009078891e+00  1.3080577589e+00
6.582145  -1.8842627893e-01  -1.4949507425e+00  1.3065244635e+00
6.583256  -1.8486376854e-01  -1.4881373837e+00  1.3032736151e+00
6.584368  -1.8225877717e-01  -1.4806612507e+00  1.2984024735e+00
6.585479  -1.8067933701e-01  -1.4727351867e+00  1.2920558497e+00
6.586591  -1.8016334890e-01  -1.4645851914e+00  1.2844218426e+00
6.587702  -1.8071748211e-01  -1.4564437876e+00  1.2757263054e+00
6.588813  -1.8231699143e-01  -1.4485431981e+00  1.2662262067e+00
6.589925  -1.8490645636e-01  -1.4411085344e+00  1.2562020780e+00
6.591036  -1.8840142031e-01  -1.4343511937e+00  1.2459497734e+00
6.592147  -1.9269088141e-01  -1.4284626620e+00  1.2357717806e+00
6.593259  -1.9764056130e-01  -1.4236089016e+00  1.2259683403e+00
6.594370  -2.0309685565e-01  -1.4199254891e+00  1.2168286335e+00
6.595481  -2.0889135026e-01  -1.4175136466e+00  1.2086222963e+00
6.596593  -2.1484576986e-01  -1.4164372805e+00  1.2015915107e+00
6.597704  -2.2077721414e-01  -1.4167211174e+00  1.1959439033e+00
6.598816  -2.2650352731e-01  -1.4183499881e+00  1.1918464608e+00
6.599927  -2.3184864352e-01  -1.4212692834e+00  1.1894206398e+00
6.601038  -2.3664775121e-01  -1.4253865658e+00  1.1887388146e+00
6.602150  -2.4075212498e-01  -1.4305742918e+00  1.1898221668e+00
6.603261  -2.4403348326e-01  -1.4366735615e+00  1.1926400783e+00
6.604372  -2.4638774419e-01  -1.4434987889e+00  1.1971110447e+00
6.605484  -2.4773806964e-01  -1.4508431525e+00  1.2031050828e+00
6.606595  -2.4803710839e-01  -1.4584846681e+00  1.2104475597e+00
6.607706  -2.4726837303e-01  -1.4661927050e+00  1.2189243320e+00
6.608818  -2.4544671053e-01  -1.4737347534e+00  1.2282880428e+00
6.609929  -2.4261785299e-01  -1.4808832460e+00  1.2382653930e+00
6.611040  -2.3885706228e-01  -1.4874222325e+00  1.2485651702e+00
6.612152  -2.3426690866e-01  -1.4931537115e+00  1.2588868028e+00
6.613263  -2.2897424896e-01  -1.4979034345e+00  1.2689291856e+00
6.614375  -2.2312649338e-01  -1.5015260116e+00  1.2783995182e+00
6.615486  -2.1688727075e-01  -1.5039091689e+00  1.2870218981e+00
6.616597  -2.1043161973e-01  -1.5049770338e+00  1.2945454141e+00
6.617709  -2.0394084729e-01  -1.5046923517e+00  1.3007515044e+00
6.618820  -1.9759720548e-01  -1.5030575685e+00  1.3054603630e+00
6.619931  -1.9157854284e-01  -1.5001147490e+00  1.3085362062e+00
6.621043  -1.8605308733e-01  -1.4959443327e+00  1.3098912454e+00
6.622154  -1.8117451397e-01  -1.4906627641e+00  1.3094882502e+00
6.623265  -1.7707744164e-01  -1.4844190674e+00  1.3073416258e+00
6.624377  -1.7387349121e-01  -1.4773904663e+00  1.3035169751e+00
6.625488  -1.7164802020e-01  -1.4697771779e+00  1.2981291577e+00
6.626599  -1.7045762977e-01  -1.4617965325e+00  1.2913389028e+00
6.627711  -1.7032851663e-01  -1.4536765944e+00  1.2833480778e+00
6.628822  -1.7125571807e-01  -1.4456494674e+00  1.2743937493e+00
6.629934  -1.7320327166e-01  -1.4379444851e+00  1.2647412135e+00
6.631045  -1.7610528478e-01  -1.4307814836e+00  1.2546761988e+00
6.632156  -1.7986788204e-01  -1.4243643540e+00  1.2444964719e+00
6.633268  -1.8437197306e-01  -1.4188750650e+00  1.2345030919e+00
6.634379  -1.8947675914e-01  -1.4144683299e+00  1.2249915708e+00
6.635490  -1.9502387549e-01  -1.4112670742e+00  1.2162431987e+00
6.636602  -2.0084204714e-01  -1.4093588373e+00  1.2085167902e+00
6.637713  -2.0675212193e-01  -1.4087932127e+00  1.2020410908e+00
6.638824  -2.1257233230e-01  -1.4095804028e+00  1.1970080705e+00
6.639936  -2.1812363174e-01  -1.4116909286e+00  1.1935672969e+00
6.641047  -2.2323494903e-01  -1.4150565050e+00  1.1918215560e+00
6.642158  -2.2774820618e-01  -1.4195720528e+00  1.1918238466e+00
6.643270  -2.3152295290e-01  -1.4250987911e+00  1.1935758382e+00
6.644381  -2.3444048177e-01  -1.4314683166e+00  1.1970278348e+00
6.645493  -2.3640730345e-01  -1.4384875515e+00  1.2020802480e+00
6.646604  -2.3735788040e-01  -1.4459444140e+00  1.2085865336e+00
6.647715  -2.3725653898e-01  -1.4536140452e+00  1.2163575062e+00
6.648827  -2.3609850432e-01  -1.4612654086e+00  1.2251669043e+00
6.649938  -2.3391002787e-01  -1.4686680703e+00  1.2347580424e+00
6.651049  -2.3074760435e-01  -1.4755989590e+00  1.2448513547e+00
6.652161  -2.2669630127e-01  -1.4818489093e+00  1.2551526080e+00
6.653272  -2.2186725074e-01  -1.4872287945e+00  1.2653615438e+00
6.654383  -2.1639437717e-01  -1.4915750711e+00  1.2751806939e+00
6.655495  -2.1043045749e-01  -1.4947545702e+00  1.2843241127e+00
6.656606  -2.0414262965e-01  -1.4966683983e+00  1.2925257687e+00
6.657717  -1.9770748151e-01  -1.4972548300e+00  1.2995473485e+00
6.658829  -1.9130586436e-01  -1.4964911105e+00  1.3051852461e+00
6.659940  -1.8511758351e-01  -1.4943941143e+00  1.3092765308e+00
6.661052  -1.7931612167e-01  -1.4910198409e+00  1.3117037193e+00
6.662163  -1.7406355020e-01  -1.4864617629e+00  1.3123982127e+00
6.663274  -1.6950577716e-01  -1.4808480748e+00  1.3113422977e+00
6.664386  -1.6576827186e-01  -1.4743379244e+00  1.3085696525e+00
6.665497  -1.6295239091e-01  -1.4671167362e+00  1.3041643453e+00
6.666608  -1.6113241351e-01  -1.4593907655e+00  1.2982583520e+00
6.667720  -1.6035337263e-01  -1.4513810423e+00  1.2910276697e+00
6.668831  -1.6062974544e-01  -1.4433168835e+00  1.2826871380e+00
6.669942  -1.6194504099e-01  -1.4354291625e+00  1.2734841215e+00
6.671054  -1.6425229710e-01  -1.4279435361e+00  1.2636912390e+00
6.672165  -1.6747547121e-01  -1.4210738246e+00  1.2535983534e+00
6.673276  -1.7151168423e-01  -1.4150157414e+00  1.2435040572e+00
6.674388  -1.7623425113e-01  -1.4099411550e+00  1.2337069039e+00
6.675499  -1.8149640896e-01  -1.4059930517e+00  1.2244966428e+00
6.676611  -1.8713563268e-01  -1.4032813473e+00  1.2161457146e+00
6.677722  -1.9297841184e-01  -1.4018796689e+00  1.2089012571e+00
6.678833  -1.9884534776e-01  -1.4018232034e+00  1.2029778557e+00
6.679945  -2.0455642157e-01  -1.4031076730e+00  1.1985512514e+00
6.681056  -2.0993627817e-01  -1.4056894694e+00  1.1957531913e+00
6.682167  -2.1481937138e-01  -1.4094869419e+00  1.1946675706e+00
6.683279  -2.1905481904e-01  -1.4143828009e+00  1.1953279819e+00
6.684390  -2.2251082584e-01  -1.4202275665e+00  1.1977167407e+00
6.685501  -2.2507854419e-01  -1.4268439614e+00  1.2017654172e+00
6.686613  -2.2667525999e-01  -1.4340321173e+00  1.2073568574e+00
6.687724  -2.2724681024e-01  -1.4415754440e+00  1.2143286337e+00
6.688836  -2.2676916157e-01  -1.4492469867e+00  1.2224778252e+00
6.689947  -2.2524910399e-01  -1.4568160875e+00  1.2315669835e+00
6.691058  -2.2272403956e-01  -1.4640551524e+00  1.2413311129e+00
6.692170  -2.1926087277e-01  -1.4707463284e+00  1.2514854556e+00
6.693281  -2.1495403539e-01  -1.4766878924e+00  1.2617338570e+00
6.694392  -2.0992270418e-01  -1.4817001663e+00  1.2717774621e+00
6.695504  -2.0430729339e-01  -1.4856307834e+00  1.2813234901e+00
6.696615  -1.9826532533e-01  -1.4883591531e+00  1.2900938277e+00
6.697726  -1.9196680035e-01  -1.4897999915e+00  1.2978331912e+00
6.698838  -1.8558920239e-01  -1.4899058168e+00  1.3043166144e+00
6.699949  -1.7931228687e-01  -1.4886683338e+00  1.3093560469e+00
6.701060  -1.7331280377e-01  -1.4861186691e+00  1.3128058653e+00
6.702172  -1.6775931109e-01  -1.4823264501e+00  1.3145671390e+00
6.703283  -1.6280723063e-01  -1.4773977535e+00  1.3145905229e+00
6.704395  -1.5859429123e-01  -1.4714719865e+00  1.3128776953e+00
6.705506  -1.5523649304e-01  -1.4647177892e+00  1.3094812962e+00
6.706617  -1.5282471108e-01  -1.4573280817e+00  1.3045033706e+00
6.707729  -1.5142203746e-01  -1.4495143986e+00  1.2980923611e+00
6.708840  -1.5106194009e-01  -1.4415006797e+00  1.2904387396e+00
6.709951  -1.5174729153e-01  -1.4335166975e+00  1.2817694059e+00
6.711063  -1.5345029619e-01  -1.4257913149e+00  1.2723410187e+00
6.712174  -1.5611331766e-01  -1.4185457714e+00  1.2624324538e+00
6.713285  -1.5965058156e-01  -1.4119871940e+00  1.2523366124e+00
6.714397  -1.6395070359e-01  -1.4063025233e+00  1.2423518197e+00
6.715508  -1.6887996831e-01  -1.4016530338e+00  1.2327730655e+00
6.716619  -1.7428626207e-01  -1.3981696078e+00  1.2238833457e+00
6.717731  -1.8000354443e-01  -1.3959489016e+00  1.2159453572e+00
6.718842  -1.8585672677e-01  -1.3950505173e+00  1.2091937905e+00
6.719954  -1.9166681447e-01  -1.3954952619e+00  1.2038284475e+00
6.721065  -1.9725616194e-01  -1.3972645448e+00  1.2000083829e+00
6.722176  -2.0245368603e-01  -1.4003009315e+00  1.1978472455e+00
6.723288  -2.0709988489e-01  -1.4045098364e+00  1.1974099515e+00
6.724399  -2.1105151503e-01  -1.4097623054e+00  1.1987107904e+00
6.725510  -2.1418578946e-01  -1.4158988067e+00  1.2017130173e+00
6.726622  -2.1640397389e-01  -1.4227339165e+00  1.2063299426e+00
6.727733  -2.1763427552e-01  -1.4300617648e+00  1.2124274893e+00
6.728844  -2.1783394012e-01  -1.4376620789e+00  1.2198281388e+00
6.729956  -2.1699049598e-01  -1.4453066491e+00  1.2283161532e+00
6.731067  -2.1512210853e-01  -1.4527660248e+00  1.2376439163e+00
6.732178  -2.1227703568e-01  -1.4598162465e+00  1.2475392108e+00
6.733290  -2.0853219998e-01  -1.4662454150e+00  1.2577132150e+00
6.734401  -2.0399092010e-01  -1.4718599055e+00  1.2678689854e+00
6.735513  -1.9877986822e-01  -1.4764900440e+00  1.2777101758e+00
6.736624  -1.9304534319e-01  -1.4799950806e+00  1.2869497374e+00
6.737735  -1.8694896884e-01  -1.4822673122e+00  1.2953183433e+00
6.738847  -1.8066294410e-01  -1.4832352357e+00  1.3025722916e+00
6.739958  -1.7436498439e-01  -1.4828656381e+00  1.3085006537e+00
6.741069  -1.6823310291e-01  -1.4811645632e+00  1.3129314603e+00
6.742181  -1.6244038505e-01  -1.4781771255e+00  1.3157367405e+00
6.743292  -1.5714990925e-01  -1.4739861795e+00  1.3168362702e+00
6.744403  -1.5250996341e-01  -1.4687098800e+00  1.3161999166e+00
6.745515  -1.4864969710e-01  -1.4624982094e+00  1.3138485123e+00
6.746626  -1.4567533707e-01  -1.4555285702e+00  1.3098532332e+00
6.747737  -1.4366707680e-01  -1.4480005752e+00  1.3043334984e+00
6.748849  -1.4267673143e-01  -1.4401301861e+00  1.2974534547e+00
6.749960  -1.4272622625e-01  -1.4321433748e+00  1.2894171486e+00
6.751072  -1.4380696319e-01  -1.4242694912e+00  1.2804625280e+00
6.752183  -1.4588008337e-01  -1.4167345341e+00  1.2708544508e+00
6.753294  -1.4887761779e-01  -1.4097545213e+00  1.2608769035e+00
6.754406  -1.5270449199e-01  -1.4035291538e+00  1.2508246618e+00
6.755517  -1.5724132571e-01  -1.3982359606e+00  1.2409946349e+00
6.756628  -1.6234794495e-01  -1.3940250943e+00  1.2316771494e+00
6.757740  -1.6786750314e-01  -1.3910149320e+00  1.2231474288e+00
6.758851  -1.7363109040e-01  -1.3892886078e+00  1.2156575174e+00
6.759962  -1.7946269516e-01  -1.3888915818e+00  1.2094288866e+00
6.761074  -1.8518437271e-01  -1.3898303133e+00  1.2046459406e+00
6.762185  -1.9062146866e-01  -1.3920720796e+00  1.2014506109e+00
6.763297  -1.9560774416e-01  -1.3955459435e+00  1.1999381993e+00
6.764408  -1.9999025237e-01  -1.4001448425e+00  1.2001545901e+00
6.765519  -2.0363382320e-01  -1.4057287369e+00  1.2020949137e+00
6.766631  -2.0642502484e-01  -1.4121287255e+00  1.2057037006e+00
6.767742  -2.0827548588e-01  -1.4191520058e+00  1.2108765199e+00
6.768853  -2.0912448092e-01  -1.4265875365e+00  1.2174630556e+00
6.769965  -2.0894070381e-01  -1.4342122321e+00  1.2252715283e+00
6.771076  -2.0772317693e-01  -1.4417975107e+00  1.2340743337e+00
6.772187  -2.0550126999e-01  -1.4491160012e+00  1.2436147313e+00
6.773299  -2.0233382814e-01  -1.4559482146e+00  1.2536143864e+00
6.774410  -1.9830743534e-01  -1.4620889811e+00  1.2637815458e+00
6.775521  -1.9353386398e-01  -1.4673534677e+00  1.2738196037e+00
6.776633  -1.8814678635e-01  -1.4715825963e+00  1.2834358099e+00
6.777744  -1.8229784417e-01  -1.4746477062e+00  1.2923498620e+00
6.778856  -1.7615219214e-01  -1.4764543229e+00  1.3003021307e+00
6.779967  -1.6988364633e-01  -1.4769449231e+00  1.3070612767e+00
6.781078  -1.6366957989e-01  -1.4761006151e+00  1.3124310352e+00
6.782190  -1.5768571607e-01  -1.4739416857e+00  1.3162559696e+00
6.783301  -1.5210097132e-01  -1.4705269967e+00  1.3184260254e+00
6.784412  -1.4707249981e-01  -1.4659522511e+00  1.3188797513e+00
6.785524  -1.4274108481e-01  -1.4603471773e+00  1.3176060925e+00
6.786635  -1.3922701197e-01  -1.4538717168e+00  1.3146447048e+00
6.787746  -1.3662654555e-01  -1.4467113251e+00  1.3100847795e+00
6.788858  -1.3500911076e-01  -1.4390715257e+00  1.3040624150e+00
6.789969  -1.3441526471e-01  -1.4311718764e+00  1.2967566116e+00
6.791080  -1.3485551521e-01  -1.4232395239e+00  1.2883840087e+00
6.792192  -1.3631002191e-01  -1.4155025389e+00  1.2791925169e+00
6.793303  -1.3872918820e-01  -1.4081832230e+00  1.2694540348e+00
6.794415  -1.4203512617e-01  -1.4014915886e+00  1.2594564624e+00
6.795526  -1.4612395149e-01  -1.3956191984e+00  1.2494952469e+00
6.796637  -1.5086884041e-01  -1.3907335490e+00  1.2398647086e+00
6.797749  -1.5612375916e-01  -1.3869731607e+00  1.2308494015e+00
6.798860  -1.6172775579e-01  -1.3844435189e+00  1.2227157631e+00
6.799971  -1.6750968860e-01  -1.3832139851e+00  1.2157042965e+00
6.801083  -1.7329325206e-01  -1.3833157692e+00  1.2100225171e+00
6.802194  -1.7890215268e-01  -1.3847410201e+00  1.2058388674e+00
6.803305  -1.8416528296e-01  -1.3874430640e+00  1.2032777811e+00
6.804417  -1.8892174143e-01  -1.3913377812e+00  1.2024160397e+00
6.805528  -1.9302555164e-01  -1.3963060806e+00  1.2032805290e+00
6.806639  -1.9634994165e-01  -1.4021974014e+00  1.2058474598e+00
6.807751  -1.9879105850e-01  -1.4088341357e+00  1.2100430772e+00
6.808862  -2.0027100903e-01  -1.4160168454e+00  1.2157458364e+00
6.809974  -2.0074013778e-01  -1.4235301176e+00  1.2227899798e+00
6.811085  -2.0017847553e-01  -1.4311488882e+00  1.2309704127e+00
6.812196  -1.9859631613e-01  -1.4386450475e+00  1.2400487314e+00
6.813308  -1.9603390514e-01  -1.4457941335e+00  1.2497602284e+00
6.814419  -1.9256024943e-01  -1.4523819176e+00  1.2598216682e+00
6.815530  -1.8827108317e-01  -1.4582106886e+00  1.2699396054e+00
6.816642  -1.8328605010e-01  -1.4631050505e+00  1.2798190004e+00
6.817753  -1.7774518507e-01  -1.4669170655e+00  1.2891718804e+00
6.818864  -1.7180479812e-01  -1.4695305893e+00  1.2977257912e+00
6.819976  -1.6563288241e-01  -1.4708646738e+00  1.3052317914e+00
6.821087  -1.5940418063e-01  -1.4708759356e+00  1.3114717550e+00
6.822198  -1.5329505494e-01  -1.4695598228e+00  1.3162647678e+00
6.823310  -1.4747831095e-01  -1.4669507412e+00  1.3194724303e+00
6.824421  -1.4211812776e-01  -1.4631210386e+00  1.3210029109e+00
6.825533  -1.3736524271e-01  -1.4581788749e+00  1.3208136322e+00
6.826644  -1.3335253216e-01  -1.4522650425e+00  1.3189125103e+00
6.827755  -1.3019111779e-01  -1.4455488293e+00  1.3153577115e+00
6.828867  -1.2796711254e-01  -1.4382230471e+00  1.3102559346e+00
6.829978  -1.2673910151e-01  -1.4304983694e+00  1.3037592679e+00
6.831089  -1.2653643151e-01  -1.4225971475e+00  1.2960607159e+00
6.832201  -1.2735835918e-01  -1.4147468835e+00  1.2873885244e+00
6.833312  -1.2917408239e-01  -1.4071735550e+00  1.2779994726e+00
6.834423  -1.3192365377e-01  -1.4000949837e+00  1.2681713299e+00
6.835535  -1.3551974926e-01  -1.3937144462e+00  1.2581946970e+00
6.836646  -1.3985023947e-01  -1.3882147116e+00  1.2483644721e+00
6.837757  -1.4478148824e-01  -1.3837526817e+00  1.2389711934e+00
6.838869  -1.5016228123e-01  -1.3804547920e+00  1.2302925108e+00
6.839980  -1.5582826919e-01  -1.3784133065e+00  1.2225850373e+00
6.841092  -1.6160679520e-01  -1.3776836159e+00  1.2160768207e+00
6.842203  -1.6732196427e-01  -1.3782826185e+00  1.2109606542e+00
6.843314  -1.7279980633e-01  -1.3801882303e+00  1.2073884239e+00
6.844426  -1.7787338106e-01  -1.3833400393e+00  1.2054666582e+00
6.845537  -1.8238767486e-01  -1.3876410843e+00  1.2052534094e+00
6.846648  -1.8620414622e-01  -1.3929607053e+00  1.2067565590e+00
6.847760  -1.8920478628e-01  -1.3991383827e+00  1.2099335964e+00
6.848871  -1.9129557550e-01  -1.4059884520e+00  1.2146928765e+00
6.849982  -1.9240923531e-01  -1.4133055550e+00  1.2208963197e+00
6.851094  -1.9250719401e-01  -1.4208706685e+00  1.2283634745e+00
6.852205  -1.9158070972e-01  -1.4284575329e+00  1.2368768232e+00
6.853317  -1.8965111746e-01  -1.4358392916e+00  1.2461881741e+00
6.854428  -1.8676919354e-01  -1.4427951475e+00  1.2560259540e+00
6.855539  -1.8301365619e-01  -1.4491168406e+00  1.2661031844e+00
6.856651  -1.7848884649e-01  -1.4546147560e+00  1.2761259095e+00
6.857762  -1.7332165831e-01  -1.4591234849e+00  1.2858018266e+00
6.858873  -1.6765780712e-01  -1.4625066740e+00  1.2948488669e+00
6.859985  -1.6165754781e-01  -1.4646610215e+00  1.3030034737e+00
6.861096  -1.5549096707e-01  -1.4655193032e+00  1.3100283362e+00
6.862207  -1.4933298868e-01  -1.4650523392e+00  1.3157193505e+00
6.863319  -1.4335823858e-01  -1.4632698441e+00  1.3199116055e+00
6.864430  -1.3773592006e-01  -1.4602201365e+00  1.3224842164e+00
6.865541  -1.3262484992e-01  -1.4559887150e+00  1.3233638651e+00
6.866653  -1.2816880083e-01  -1.4506957444e+00  1.3225269436e+00
6.867764  -1.2449228678e-01  -1.4444925244e+00  1.3200002376e+00
6.868876  -1.2169691494e-01  -1.4375570462e+00  1.3158601312e+00
6.869987  -1.1985841100e-01  -1.4300887659e+00  1.3102303549e+00
6.871098  -1.1902440494e-01  -1.4223027495e+00  1.3032783445e+00
6.872210  -1.1921304203e-01  -1.4144233605e+00  1.2952103185e+00
6.873321  -1.2041245959e-01  -1.4066776760e+00  1.2862652164e+00
6.874432  -1.2258114454e-01  -1.3992888234e+00  1.2767076788e+00
6.875544  -1.2564916103e-01  -1.3924694353e+00  1.2668202742e+00
6.876655  -1.2952021177e-01  -1.3864154121e+00  1.2568952003e+00
6.877766  -1.3407447243e-01  -1.3813001773e+00  1.2472257049e+00
6.878878  -1.3917211554e-01  -1.3772695927e+00  1.2380974771e+00
6.879989  -1.4465742038e-01  -1.3744376829e+00  1.2297802625e+00
6.881100  -1.5036334798e-01  -1.3728832951e+00  1.2225199471e+00
6.882212  -1.5611644687e-01  -1.3726477911e+00  1.2165313442e+00
6.883323  -1.6174194548e-01  -1.3737338394e+00  1.2119918939e+00
6.884435  -1.6706888170e-01  -1.3761053426e+00  1.2090364609e+00
6.885546  -1.7193511900e-01  -1.3796885030e+00  1.2077533840e+00
6.886657  -1.7619210201e-01  -1.3843739928e+00  1.2081818908e+00
6.887769  -1.7970921201e-01  -1.3900201674e+00  1.2103109554e+00
6.888880  -1.8237759460e-01  -1.3964572260e+00  1.2140796314e+00
6.889991  -1.8411334756e-01  -1.4034921977e+00  1.2193788501e+00
6.891103  -1.8485997523e-01  -1.4109146063e+00  1.2260546311e+00
6.892214  -1.8459003794e-01  -1.4185026484e+00  1.2339126105e+00
6.893325  -1.8330594807e-01  -1.4260297025e+00  1.2427237544e+00
6.894437  -1.8103988979e-01  -1.4332709780e+00  1.2522310882e+00
6.895548  -1.7785286504e-01  -1.4400101107e+00  1.2621572457e+00
6.896659  -1.7383289403e-01  -1.4460455088e+00  1.2722126148e+00
6.897771  -1.6909242339e-01  -1.4511962652e+00  1.2821038418e+00
6.898882  -1.6376501811e-01  -1.4553074617e+00  1.2915424436e+00
6.899994  -1.5800143488e-01  -1.4582547103e+00  1.3002532754e+00
6.901105  -1.5196519188e-01  -1.4599477975e+00  1.3079826056e+00
6.902216  -1.4582776554e-01  -1.4603333259e+00  1.3145055604e+00
6.903328  -1.3976355519e-01  -1.4593962751e+00  1.3196327199e+00
6.904439  -1.3394476338e-01  -1.4571604361e+00  1.3232156727e+00
6.905550  -1.2853634237e-01  -1.4536877075e+00  1.3251513651e+00
6.906662  -1.2369115494e-01  -1.4490762733e+00  1.3253851184e+00
6.907773  -1.1954549142e-01  -1.4434577170e+00  1.3239122256e+00
6.908884  -1.1621507462e-01  -1.4369931552e+00  1.3207780806e+00
6.909996  -1.1379166957e-01  -1.4298685066e+00  1.3160768371e+00
6.911107  -1.1234039749e-01  -1.4222890333e+00  1.3099486358e+00
6.912218  -1.1189783252e-01  -1.4144733153e+00  1.3025754828e+00
6.913330  -1.1247093703e-01  -1.4066468361e+00  1.2941758990e+00
6.914441  -1.1403686624e-01  -1.3990353655e+00  1.2849984992e+00
6.915553  -1.1654364783e-01  -1.3918583362e+00  1.2753146884e+00
6.916664  -1.1991171622e-01  -1.3853224069e+00  1.2654106907e+00
6.917775  -1.2403625634e-01  -1.3796154007e+00  1.2555791444e+00
6.918887  -1.2879028773e-01  -1.3749007980e+00  1.2461105103e+00
6.919998  -1.3402839829e-01  -1.3713129437e+00  1.2372845454e+00
6.921109  -1.3959101794e-01  -1.3689531104e+00  1.2293620925e+00
6.922221  -1.4530910654e-01  -1.3678865325e+00  1.2225774259e+00
6.923332  -1.5100911839e-01  -1.3681404975e+00  1.2171313791e+00
6.924443  -1.5651809745e-01  -1.3697035520e+00  1.2131854546e+00
6.925555  -1.6166875378e-01  -1.3725258437e+00  1.2108570900e+00
6.926666  -1.6630437222e-01  -1.3765205900e+00  1.2102162177e+00
6.927777  -1.7028340913e-01  -1.3815666300e+00  1.2112832208e+00
6.928889  -1.7348364257e-01  -1.3875119850e+00  1.2140283424e+00
6.930000  -1.7580575408e-01  -1.3941783223e+00  1.2183725682e+00
6.931112  -1.7717623716e-01  -1.4013661915e+00  1.2241899543e+00
6.932223  -1.7754954736e-01  -1.4088608798e+00  1.2313113324e+00
6.933334  -1.7690943088e-01  -1.4164387140e+00  1.2395292831e+00
6.934446  -1.7526939315e-01  -1.4238736245e+00  1.2486042314e+00
6.935557  -1.7267229373e-01  -1.4309437785e+00  1.2582714848e+00
6.936668  -1.6918907974e-01  -1.4374380880e+00  1.2682490082e+00
6.937780  -1.6491669527e-01  -1.4431624012e+00  1.2782457059e+00
6.938891  -1.5997522827e-01  -1.4479451965e+00  1.2879699682e+00
6.940002  -1.5450437894e-01  -1.4516426114e+00  1.2971382325e+00
6.941114  -1.4865935352e-01  -1.4541426590e+00  1.3054833055e+00
6.942225  -1.4260630405e-01  -1.4553685084e+00  1.3127622043e+00
6.943337  -1.3651744818e-01  -1.4552807338e+00  1.3187632856e+00
6.944448  -1.3056601232e-01  -1.4538784653e+00  1.3233124529e+00
6.945559  -1.2492114657e-01  -1.4511994079e+00  1.3262782614e+00
6.946671  -1.1974296081e-01  -1.4473187298e+00  1.3275757690e+00
6.947782  -1.1517782740e-01  -1.4423468502e+00  1.3271690228e+00
6.948893  -1.1135408858e-01  -1.4364261943e+00  1.3250721057e+00
6.950005  -1.0837829416e-01  -1.4297270096e+00  1.3213487154e+00
6.951116  -1.0633207999e-01  -1.4224423656e+00  1.3161102856e+00
6.952227  -1.0526977857e-01  -1.4147824858e+00  1.3095127072e+00
6.953339  -1.0521683167e-01  -1.4069685766e+00  1.3017517449e+00
6.954450  -1.0616905149e-01  -1.3992263350e+00  1.2930572835e+00
6.955561  -1.0809275167e-01  -1.3917793255e+00  1.2836865739e+00
6.956673  -1.1092574412e-01  -1.3848424209e+00  1.2739166768e+00
6.957784  -1.1457917213e-01  -1.3786154983e+00  1.2640363262e+00
6.958896  -1.1894012585e-01  -1.3732775774e+00  1.2543374515e+00
6.960007  -1.2387496300e-01  -1.3689815701e+00  1.2451066071e+00
6.961118  -1.2923323723e-01  -1.3658497983e+00  1.2366165611e+00
6.962230  -1.3485211867e-01  -1.3639704089e+00  1.2291182902e+00
6.963341  -1.4056117675e-01  -1.3633947929e+00  1.2228336161e+00
6.964452  -1.4618738487e-01  -1.3641360826e+00  1.2179486978e+00
6.965564  -1.5156019983e-01  -1.3661687724e+00  1.2146085726e+00
6.966675  -1.5651656708e-01  -1.3694294726e+00  1.2129129055e+00
6.967786  -1.6090570483e-01  -1.3738187751e+00  1.2129130703e+00
6.968898  -1.6459352655e-01  -1.3792041759e+00  1.2146106493e+00
6.970009  -1.6746657237e-01  -1.3854239674e+00  1.2179573950e+00
6.971120  -1.6943533389e-01  -1.3922919881e+00  1.2228566542e+00
6.972232  -1.7043687519e-01  -1.3996030884e+00  1.2291662132e+00
6.973343  -1.7043667308e-01  -1.4071391529e+00  1.2367024798e+00
6.974455  -1.6942962294e-01  -1.4146755024e+00  1.2452458794e+00
6.975566  -1.6744018084e-01  -1.4219874875e+00  1.2545473067e+00
6.976677  -1.6452163789e-01  -1.4288570805e+00  1.2643354426e+00
6.977789  -1.6075454848e-01  -1.4350792716e+00  1.2743247232e+00
6.978900  -1.5624435862e-01  -1.4404680831e+00  1.2842237244e+00
6.980011  -1.5111830441e-01  -1.4448620230e+00  1.2937437185e+00
6.981123  -1.4552167164e-01  -1.4481288207e+00  1.3026071491e+00
6.982234  -1.3961352664e-01  -1.4501693040e+00  1.3105557774e+00
6.983345  -1.3356204373e-01  -1.4509203039e+00  1.3173582601e+00
6.984457  -1.2753956657e-01  -1.4503565035e+00  1.3228169369e+00
6.985568  -1.2171754848e-01  -1.4484911753e+00  1.3267736268e+00
6.986679  -1.1626152006e-01  -1.4453757867e+00  1.3291142666e+00
6.987791  -1.1132623217e-01  -1.4410984838e+00  1.3297722516e+00
6.988902  -1.0705111642e-01  -1.4357815005e+00  1.3287303841e+00
6.990014  -1.0355619653e-01  -1.4295775669e+00  1.3260213703e+00
6.991125  -1.0093857049e-01  -1.4226654231e+00  1.3217268527e+00
6.992236  -9.9269566405e-02  -1.4152445718e+00  1.3159750054e+00
6.993348  -9.8592655584e-02  -1.4075294207e+00  1.3089367651e+00
6.994459  -9.8922183745e-02  -1.3997429894e+00  1.3008208057e+00
6.995570  -1.0024295751e-01  -1.3921103645e+00  1.2918674070e+00
6.996682  -1.0251069792e-01  -1.3848520945e+00  1.2823413966e+00
6.997793  -1.0565334769e-01  -1.3781777189e+00  1.2725243712e+00
6.998904  -1.0957319332e-01  -1.3722796212e+00  1.2627064279e+00
7.000016  -1.1414973985e-01  -1.3673273867e+00  1.2531776468e+00
7.001127  -1.1924325346e-01  -1.3634628288e+00  1.2442195754e+00
7.002238  -1.2469886792e-01  -1.3607958323e+00  1.2360969644e+00
7.003350  -1.3035113409e-01  -1.3594011330e+00  1.2290499990e+00
7.004461  -1.3602887893e-01  -1.3593161297e+00  1.2232872508e+00
7.005573  -1.4156023128e-01  -1.3605397917e+00  1.2189795604e+00
7.006684  -1.4677766677e-01  -1.3630326945e+00  1.2162550277e+00
7.007795  -1.5152292397e-01  -1.3667181815e+00  1.2151952576e+00
7.008907  -1.5565164729e-01  -1.3714846186e+00  1.2158329713e+00
7.010018  -1.5903762062e-01  -1.3771886743e+00  1.2181510537e+00
7.011129  -1.6157646741e-01  -1.3836595297e+00  1.2220830623e+00
7.012241  -1.6318870877e-01  -1.3907038945e+00  1.2275151857e+00
7.013352  -1.6382209005e-01  -1.3981116816e+00  1.2342895916e+00
7.014463  -1.6345310771e-01  -1.4056621740e+00  1.2422090663e+00
7.015575  -1.6208769183e-01  -1.4131305023e+00  1.2510428105e+00
7.016686  -1.5976102465e-01  -1.4202942436e+00  1.2605332190e+00
7.017798  -1.5653650041e-01  -1.4269399480e+00  1.2704034475e+00
7.018909  -1.5250385742e-01  -1.4328693998e+00  1.2803655424e+00
7.020020  -1.4777653734e-01  -1.4379054324e+00  1.2901288951e+00
7.021132  -1.4248834940e-01  -1.4418971238e+00  1.2994087744e+00
7.022243  -1.3678953752e-01  -1.4447242210e+00  1.3079346835e+00
7.023354  -1.3084236614e-01  -1.4463006654e+00  1.3154582992e+00
7.024466  -1.2481635427e-01  -1.4465771126e+00  1.3217607583e+00
7.025577  -1.1888329773e-01  -1.4455423759e+00  1.3266590782e+00
7.026688  -1.1321222592e-01  -1.4432237495e+00  1.3300115236e+00
7.027800  -1.0796444093e-01  -1.4396862021e+00  1.3317217612e+00
7.028911  -1.0328878477e-01  -1.4350304660e+00  1.3317416813e+00
7.030022  -9.9317273467e-02  -1.4293900764e+00  1.3300728029e+00
7.031134  -9.6161226151e-02  -1.4229274486e+00  1.3267662225e+00
7.032245  -9.3908002612e-02  -1.4158291088e+00  1.3219211062e+00
7.033357  -9.2618444902e-02  -1.4083002175e+00  1.3156817726e+00
7.034468  -9.2325097964e-02  -1.4005585469e+00  1.3082334489e+00
7.035579  -9.3031261277e-02  -1.3928280893e+00  1.2997968281e+00
7.036691  -9.4710899203e-02  -1.3853324839e+00  1.2906215847e+00
7.037802  -9.7309412394e-02  -1.3782884538e+00  1.2809790414e+00
7.038913  -1.0074524745e-01  -1.3718994486e+00  1.2711542012e+00
7.040025  -1.0491229740e-01  -1.3663496754e+00  1.2614373780e+00
7.041136  -1.0968302226e-01  -1.3617986964e+00  1.2521156742e+00
7.042247  -1.1491219805e-01  -1.3583767502e+00  1.2434645521e+00
7.043359  -1.2044118389e-01  -1.3561809335e+00  1.2357397496e+00
7.044470  -1.2610258201e-01  -1.3552723567e+00  1.2291697747e+00
7.045581  -1.3172515357e-01  -1.3556743551e+00  1.2239492016e+00
7.046693  -1.3713884613e-01  -1.3573718090e+00  1.2202329629e+00
7.047804  -1.4217978509e-01  -1.3603115925e+00  1.2181318074e+00
7.048916  -1.4669508260e-01  -1.3644041368e+00  1.2177090542e+00
7.050027  -1.5054732278e-01  -1.3695260638e+00  1.2189787411e+00
7.051138  -1.5361859180e-01  -1.3755238103e+00  1.2219052185e+00
7.052250  -1.5581393458e-01  -1.3822181378e+00  1.2264042033e+00
7.053361  -1.5706413660e-01  -1.3894093959e+00  1.2323452593e+00
7.054472  -1.5732774975e-01  -1.3968833828e+00  1.2395556330e+00
7.055584  -1.5659230237e-01  -1.4044176325e+00  1.2478253302e+00
7.056695  -1.5487465873e-01  -1.4117879448e+00  1.2569132860e+00
7.057806  -1.5222051714e-01  -1.4187749630e+00  1.2665544459e+00
7.058918  -1.4870306183e-01  -1.4251706115e+00  1.2764675496e+00
7.060029  -1.4442080845e-01  -1.4307841990e+00  1.2863633905e+00
7.061140  -1.3949470629e-01  -1.4354480127e+00  1.2959533064e+00
7.062252  -1.3406458292e-01  -1.4390222365e+00  1.3049576536e+00
7.063363  -1.2828503527e-01  -1.4413990505e+00  1.3131140153e+00
7.064475  -1.2232088830e-01  -1.4425057909e+00  1.3201849026e+00
7.065586  -1.1634235434e-01  -1.4423070777e+00  1.3259647234e+00
7.066697  -1.1052003552e-01  -1.4408058489e+00  1.3302858134e+00
7.067809  -1.0501991573e-01  -1.4380432691e+00  1.3330233534e+00
7.068920  -9.9998489447e-02  -1.4340975172e+00  1.3340990278e+00
7.070031  -9.5598170074e-02  -1.4290814879e+00  1.3334833178e+00
7.071143  -9.1943112698e-02  -1.4231394744e+00  1.3311963617e+00
7.072254  -8.9135573697e-02  -1.4164429310e+00  1.3273073573e+00
7.073365  -8.7252913957e-02  -1.4091854381e+00  1.3219325242e+00
7.074477  -8.6345333539e-02  -1.4015770196e+00  1.3152316861e+00
7.075588  -8.6434404064e-02  -1.3938379775e+00  1.3074035734e+00
7.076699  -8.7512441792e-02  -1.3861924263e+00  1.2986799845e+00
7.077811  -8.9542739553e-02  -1.3788617163e+00  1.2893189768e+00
7.078922  -9.2460650555e-02  -1.3720579381e+00  1.2795972875e+00
7.080034  -9.6175492045e-02  -1.3659777002e+00  1.2698022082e+00
7.081145  -1.0057321281e-01  -1.3607963616e+00  1.2602231488e+00
7.082256  -1.0551974601e-01  -1.3566628883e+00  1.2511431422e+00
7.083368  -1.1086494877e-01  -1.3536954848e+00  1.2428305360e+00
7.084479  -1.1644701284e-01  -1.3519781296e+00  1.2355311167e+00
7.085590  -1.2209721662e-01  -1.3515581140e+00  1.2294608974e+00
7.086702  -1.2764487919e-01  -1.3524446592e+00  1.2247997800e+00
7.087813  -1.3292237064e-01  -1.3546086496e+00  1.2216862790e+00
7.088924  -1.3777003189e-01  -1.3579834917e+00  1.2202134598e+00
7.090036  -1.4204085937e-01  -1.3624670720e+00  1.2204262126e+00
7.091147  -1.4560481730e-01  -1.3679247580e+00  1.2223199407e+00
7.092258  -1.4835265094e-01  -1.3741933522e+00  1.2258407012e+00
7.093370  -1.5019908907e-01  -1.3810858837e+00  1.2308867947e+00
7.094481  -1.5108534181e-01  -1.3883970983e+00  1.2373117564e+00
7.095593  -1.5098082058e-01  -1.3959094823e+00  1.2449286617e+00
7.096704  -1.4988403000e-01  -1.4033996476e+00  1.2535156176e+00
7.097815  -1.4782260553e-01  -1.4106448868e+00  1.2628222813e+00
7.098927  -1.4485249615e-01  -1.4174297084e+00  1.2725772123e+00
7.100038  -1.4105631614e-01  -1.4235521594e+00  1.2824958433e+00
7.101149  -1.3654091447e-01  -1.4288297498e+00  1.2922888354e+00
7.102261  -1.3143423340e-01  -1.4331048055e+00  1.3016705721e+00
7.103372  -1.2588154869e-01  -1.4362490923e+00  1.3103675436e+00
7.104483  -1.2004120170e-01  -1.4381675757e+00  1.3181263740e+00
7.105595  -1.1407994903e-01  -1.4388012056e+00  1.3247212566e+00
7.106706  -1.0816806607e-01  -1.4381286457e+00  1.3299605796e+00
7.107818  -1.0247434832e-01  -1.4361668949e+00  1.3336925466e+00
7.108929  -9.7161157257e-02  -1.4329707849e+00  1.3358096277e+00
7.110040  -9.2379656003e-02  -1.4286313668e+00  1.3362517108e+00
7.111152  -8.8265374813e-02  -1.4232732354e+00  1.3350078606e+00
7.112263  -8.4934236268e-02  -1.4170508698e+00  1.3321166336e+00
7.113374  -8.2479156880e-02  -1.4101440970e+00  1.3276649401e+00
7.114486  -8.0967324648e-02  -1.4027528124e+00  1.3217854877e+00
7.115597  -8.0438232402e-02  -1.3950911121e+00  1.3146528797e+00
7.116708  -8.0902524441e-02  -1.3873810090e+00  1.3064784846e+00
7.117820  -8.2341690160e-02  -1.3798459174e+00  1.2975042272e+00
7.118931  -8.4708613511e-02  -1.3727040967e+00  1.2879954832e+00
7.120042  -8.7928961962e-02  -1.3661622482e+00  1.2782332862e+00
7.121154  -9.1903373989e-02  -1.3604094501e+00  1.2685060761e+00
7.122265  -9.6510380760e-02  -1.3556116118e+00  1.2591012310e+00
7.123377  -1.0160997611e-01  -1.3519066078e+00  1.2502966316e+00
7.124488  -1.0704772984e-01  -1.3494002348e+00  1.2423525049e+00
7.125599  -1.1265932350e-01  -1.3481631110e+00  1.2355037875e+00
7.126711  -1.1827537552e-01  -1.3482286074e+00  1.2299532319e+00
7.127822  -1.2372641387e-01  -1.3495918726e+00  1.2258654587e+00
7.128933  -1.2884785034e-01  -1.3522099791e+00  1.2233621288e+00
7.130045  -1.3348481045e-01  -1.3560031871e+00  1.2225183767e+00
7.131156  -1.3749667723e-01  -1.3608572882e+00  1.2233606110e+00
7.132267  -1.4076121553e-01  -1.3666269602e+00  1.2258657447e+00
7.133379  -1.4317815595e-01  -1.3731400347e+00  1.2299618788e+00
7.134490  -1.4467213325e-01  -1.3802025518e+00  1.2355304185e+00
7.135601  -1.4519489326e-01  -1.3876044540e+00  1.2424095607e+00
7.136713  -1.4472670340e-01  -1.3951257515e+00  1.2503990481e+00
7.137824  -1.4327692594e-01  -1.4025429787e+00  1.2592660527e+00
7.138936  -1.4088373695e-01  -1.4096357513e+00  1.2687520144e+00
7.140047  -1.3761299974e-01  -1.4161932335e+00  1.2785802338e+00
7.141158  -1.3355632578e-01  -1.4220203229e+00  1.2884639971e+00
7.142270  -1.2882838021e-01  -1.4269433740e+00  1.2981149938e+00
7.143381  -1.2356351138e-01  -1.4308152915e+00  1.3072517801e+00
7.144492  -1.1791180322e-01  -1.4335198435e+00  1.3156080402e+00
7.145604  -1.1203466663e-01  -1.4349750688e+00  1.3229404022e+00
7.146715  -1.0610009926e-01  -1.4351356786e+00  1.3290355793e+00
7.147826  -1.0027775300e-01  -1.4339943812e+00  1.3337166282e+00
7.148938  -9.4733953875e-02  -1.4315820922e+00  1.3368481383e+00
7.150049  -8.9626820641e-02  -1.4279670232e+00  1.3383402025e+00
7.151160  -8.5101625249e-02  -1.4232526761e+00  1.3381510509e+00
7.152272  -8.1286531362e-02  -1.4175748028e+00  1.3362882714e+00
7.153383  -7.8288835939e-02  -1.4110974178e+00  1.3328085818e+00
7.154495  -7.6191824044e-02  -1.4040079828e+00  1.3278161587e+00
7.155606  -7.5052329137e-02  -1.3965119034e+00  1.3214595742e+00
7.156717  -7.4899070259e-02  -1.3888264998e+00  1.3139274296e+00
7.157829  -7.5731814814e-02  -1.3811746290e+00  1.3054428141e+00
7.158940  -7.7521391315e-02  -1.3737781440e+00  1.2962567527e+00
7.160051  -8.0210551555e-02  -1.3668513851e+00  1.2866408335e+00
7.161163  -8.3715656727e-02  -1.3605948900e+00  1.2768792333e+00
7.162274  -8.7929137877e-02  -1.3551895118e+00  1.2672603739e+00
7.163385  -9.2722658219e-02  -1.3507911135e+00  1.2580684552e+00
7.164497  -9.7950884467e-02  -1.3475259973e+00  1.2495751128e+00
7.165608  -1.0345575628e-01  -1.3454872017e+00  1.2420314454e+00
7.166719  -1.0907112839e-01  -1.3447317746e+00  1.2356606462e+00
7.167831  -1.1462764921e-01  -1.3452791034e+00  1.2306514542e+00
7.168942  -1.1995773253e-01  -1.3471103497e+00  1.2271526172e+00
7.170054  -1.2490047641e-01  -1.3501690064e+00  1.2252685300e+00
7.171165  -1.2930638489e-01  -1.3543625598e+00  1.2250561749e+00
7.172276  -1.3304175406e-01  -1.3595652077e+00  1.2265234537e+00
7.173388  -1.3599259356e-01  -1.3656215550e+00  1.2296289614e+00
7.174499  -1.3806796888e-01  -1.3723511761e+00  1.2342832072e+00
7.175610  -1.3920266604e-01  -1.3795539122e+00  1.2403512462e+00
7.176722  -1.3935910090e-01  -1.3870157470e+00  1.2476566461e+00
7.177833  -1.3852841712e-01  -1.3945150878e+00  1.2559866707e+00
7.178944  -1.3673074051e-01  -1.4018292691e+00  1.2650985286e+00
7.180056  -1.3401458279e-01  -1.4087410863e+00  1.2747265035e+00
7.181167  -1.3045541218e-01  -1.4150451692e+00  1.2845897570e+00
7.182278  -1.2615343300e-01  -1.4205540069e+00  1.2944005739e+00
7.183390  -1.2123063965e-01  -1.4251034482e+00  1.3038728086e+00
7.184501  -1.1582723157e-01  -1.4285575167e+00  1.3127302851e+00
7.185613  -1.1009749450e-01  -1.4308123971e+00  1.3207149026e+00
7.186724  -1.0420526902e-01  -1.4317994791e+00  1.3275942101e+00
7.187835  -9.8319139567e-02  -1.4314873668e+00  1.3331682272e+00
7.188947  -9.2607485021e-02  -1.4298827960e+00  1.3372753110e+00
7.190058  -8.7233536346e-02  -1.4270304331e+00  1.3397968967e+00
7.191169  -8.2350586210e-02  -1.4230115599e+00  1.3406609737e+00
7.192281  -7.8097491264e-02  -1.4179416853e+00  1.3398441940e+00
7.193392  -7.4594598950e-02  -1.4119671520e+00  1.3373725530e+00
7.194503  -7.1940218402e-02  -1.4052608389e+00  1.3333206205e+00
7.195615  -7.0207738870e-02  -1.3980170857e+00  1.3278093469e+00
7.196726  -6.9443480143e-02  -1.3904459876e+00  1.3210025075e+00
7.197838  -6.9665337919e-02  -1.3827672286e+00  1.3131018907e+00
7.198949  -7.0862263736e-02  -1.3752036341e+00  1.3043413703e+00
7.200060  -7.2994594618e-02  -1.3679746316e+00  1.2949800370e+00
7.201172  -7.5995222483e-02  -1.3612898124e+00  1.2852945899e+00
7.202283  -7.9771569000e-02  -1.3553427817e+00  1.2755712127e+00
7.203394  -8.4208307598e-02  -1.3503054791e+00  1.2660971715e+00
7.204506  -8.9170752780e-02  -1.3463231351e+00  1.2571523824e+00
7.205617  -9.4508816943e-02  -1.3435100122e+00  1.2490011953e+00
7.206728  -1.0006141864e-01  -1.3419460545e+00  1.2418846359e+00
7.207840  -1.0566121264e-01  -1.3416745454e+00  1.2360133327e+00
7.208951  -1.1113950307e-01  -1.3427008408e+00  1.2315613378e+00
7.210062  -1.1633119522e-01  -1.3449922161e+00  1.2286610208e+00
7.211174  -1.2107964080e-01  -1.3484788293e+00  1.2273991885e+00
7.212285  -1.2524123433e-01  -1.3530557749e+00  1.2278145405e+00
7.213397  -1.2868962596e-01  -1.3585861653e+00  1.2298965394e+00
7.214508  -1.3131942693e-01  -1.3649051512e+00  1.2335857242e+00
7.215619  -1.3304929922e-01  -1.3718247610e+00  1.2387754617e+00
7.216731  -1.3382433859e-01  -1.3791394198e+00  1.2453150813e+00
7.217842  -1.3361768141e-01  -1.3866319836e+00  1.2530143022e+00
7.218953  -1.3243128813e-01  -1.3940801118e+00  1.2616488236e+00
7.220065  -1.3029588055e-01  -1.4012627930e+00  1.2709669124e+00
7.221176  -1.2727003495e-01  -1.4079668301e+00  1.2806967952e+00
7.222287  -1.2343845777e-01  -1.4139930960e+00  1.2905546383e+00
7.223399  -1.1890949470e-01  -1.4191623756e+00  1.3002528809e+00
7.224510  -1.1381194633e-01  -1.4233206227e+00  1.3095086764e+00
7.225621  -1.0829128396e-01  -1.4263434788e+00  1.3180521948e+00
7.226733  -1.0250537692e-01  -1.4281399188e+00  1.3256345419e+00
7.227844  -9.6619856587e-02  -1.4286549199e+00  1.3320350633e+00
7.228956  -9.0803253555e-02  -1.4278710723e+00  1.3370678187e+00
7.230067  -8.5222050495e-02  -1.4258090867e+00  1.3405870362e+00
7.231178  -8.0035796079e-02  -1.4225271832e+00  1.3424913871e+00
7.232290  -7.5392423241e-02  -1.4181193792e+00  1.3427269560e+00
7.233401  -7.1423909292e-02  -1.4127127274e+00  1.3412888181e+00
7.234512  -6.8242405079e-02  -1.4064635840e+00  1.3382211789e+00
7.235624  -6.5936946763e-02  -1.3995530182e+00  1.3336160715e+00
7.236735  -6.4570846699e-02  -1.3921814961e+00  1.3276106494e+00
7.237846  -6.4179839733e-02  -1.3845629963e+00  1.3203831566e+00
7.238958  -6.4771039318e-02  -1.3769187296e+00  1.3121476903e+00
7.240069  -6.6322733837e-02  -1.3694706469e+00  1.3031479130e+00
7.241180  -6.8785029058e-02  -1.3624349256e+00  1.2936498965e+00
7.242292  -7.2081317642e-02  -1.3560156268e+00  1.2839343091e+00
7.243403  -7.6110532438e-02  -1.3503987080e+00  1.2742881756e+00
7.244515  -8.0750117285e-02  -1.3457465680e+00  1.2649964507e+00
7.245626  -8.5859628044e-02  -1.3421932828e+00  1.2563336547e+00
7.246737  -9.1284857976e-02  -1.3398406744e+00  1.2485558164e+00
7.247849  -9.6862366310e-02  -1.3387553253e+00  1.2418929590e+00
7.248960  -1.0242427708e-01  -1.3389666278e+00  1.2365423507e+00
7.250071  -1.0780320721e-01  -1.3404659247e+00  1.2326627175e+00
7.251183  -1.1283717929e-01  -1.3432067671e+00  1.2303695878e+00
7.252294  -1.1737437478e-01  -1.3471062801e+00  1.2297319054e+00
7.253405  -1.2127758818e-01  -1.3520475989e+00  1.2307700107e+00
7.254517  -1.2442825152e-01  -1.3578833002e+00  1.2334550487e+00
7.255628  -1.2672991103e-01  -1.3644397319e+00  1.2377098208e+00
7.256739  -1.2811105418e-01  -1.3715221105e+00  1.2434110563e+00
7.257851  -1.2852720409e-01  -1.3789202395e+00  1.2503930354e+00
7.258962  -1.2796222009e-01  -1.3864146786e+00  1.2584524585e+00
7.260074  -1.2642876626e-01  -1.3937831842e+00  1.2673544179e+00
7.261185  -1.2396793456e-01  -1.4008072311e+00  1.2768392966e+00
7.262296  -1.2064803347e-01  -1.4072784252e+00  1.2866303918e+00
7.263408  -1.1656257815e-01  -1.4130046177e+00  1.2964420395e+00
7.264519  -1.1182754103e-01  -1.4178155421e+00  1.3059880011e+00
7.265630  -1.0657794375e-01  -1.4215678095e+00  1.3149898657e+00
7.266742  -1.0096389063e-01  -1.4241491131e+00  1.3231852224e+00
7.267853  -9.5146160079e-02  -1.4254815218e+00  1.3303353617e+00
7.268964  -8.9291483578e-02  -1.4255237640e+00  1.3362322805e+00
7.270076  -8.3567650702e-02  -1.4242724354e+00  1.3407047847e+00
7.271187  -7.8138584004e-02  -1.4217620955e+00  1.3436235115e+00
7.272299  -7.3159528246e-02  -1.4180642507e+00  1.3449047224e+00
7.273410  -6.8772495252e-02  -1.4132852521e+00  1.3445127569e+00
7.274521  -6.5102097899e-02  -1.4075631722e+00  1.3424610743e+00
7.275633  -6.2251895617e-02  -1.4010637500e+00  1.3388118544e+00
7.276744  -6.0301358398e-02  -1.3939755252e+00  1.3336741668e+00
7.277855  -5.9303538537e-02  -1.3865043034e+00  1.3272007648e+00
7.278967  -5.9283518054e-02  -1.3788671154e+00  1.3195835973e+00
7.280078  -6.0237677469e-02  -1.3712858472e+00  1.3110481698e+00
7.281189  -6.2133807089e-02  -1.3639807287e+00  1.3018469216e+00
7.282301  -6.4912057463e-02  -1.3571638705e+00  1.2922518131e+00
7.283412  -6.8486700981e-02  -1.3510330409e+00  1.2825463399e+00
7.284523  -7.2748652671e-02  -1.3457658629e+00  1.2730172102e+00
7.285635  -7.7568676179e-02  -1.3415146040e+00  1.2639459278e+00
7.286746  -8.2801180669e-02  -1.3384017098e+00  1.2556005292e+00
7.287858  -8.8288497085e-02  -1.3365162134e+00  1.2482277164e+00
7.288969  -9.3865508164e-02  -1.3359111254e+00  1.2420456173e+00
7.290080  -9.9364496285e-02  -1.3366018814e+00  1.2372373851e+00
7.291192  -1.0462006681e-01  -1.3385658922e+00  1.2339458254e+00
7.292303  -1.0947400234e-01  -1.3417432097e+00  1.2322692073e+00
7.293414  -1.1377990552e-01  -1.3460382895e+00  1.2322583839e+00
7.294526  -1.1740749405e-01  -1.3513227974e+00  1.2339153033e+00
7.295637  -1.2024642196e-01  -1.3574393782e+00  1.2371929563e+00
7.296748  -1.2220951507e-01  -1.3642062760e+00  1.2419967609e+00
7.297860  -1.2323532572e-01  -1.3714226692e+00  1.2481873435e+00
7.298971  -1.2328993199e-01  -1.3788745661e+00  1.2555846341e+00
7.300082  -1.2236792860e-01  -1.3863410850e+00  1.2639731564e+00
7.301194  -1.2049258070e-01  -1.3936009370e+00  1.2731083563e+00
7.302305  -1.1771513603e-01  -1.4004389194e+00  1.2827237834e+00
7.303417  -1.1411331594e-01  -1.4066522310e+00  1.2925389150e+00
7.304528  -1.0978902948e-01  -1.4120564216e+00  1.3022673921e+00
7.305639  -1.0486537810e-01  -1.4164908038e+00  1.3116254257e+00
7.306751  -9.9483038687e-02  -1.4198231662e+00  1.3203401275e+00
7.307862  -9.3796131387e-02  -1.4219536510e+00  1.3281575196e+00
7.308973  -8.7967693573e-02  -1.4228176814e+00  1.3348499879e+00
7.310085  -8.2164892841e-02  -1.4223878543e+00  1.3402229614e+00
7.311196  -7.6554119549e-02  -1.4206747406e+00  1.3441206210e+00
7.312307  -7.1296103073e-02  -1.4177265727e+00  1.3464304696e+00
7.313419  -6.6541194983e-02  -1.4136278255e+00  1.3470866305e+00
7.314530  -6.2424957704e-02  -1.4084967346e+00  1.3460717769e+00
7.315641  -5.9064187993e-02  -1.4024818241e+00  1.3434176361e+00
7.316753  -5.6553491856e-02  -1.3957575453e+00  1.3392040535e+00
7.317864  -5.4962511453e-02  -1.3885191556e+00  1.3335566441e+00
7.318976  -5.4333885211e-02  -1.3809769864e+00  1.3266431011e+00
7.320087  -5.4682000851e-02  -1.3733502701e+00  1.3186682692e+00
7.321198  -5.5992577891e-02  -1.3658607057e+00  1.3098681278e+00
7.322310  -5.8223091676e-02  -1.3587259527e+00  1.3005028610e+00
7.323421  -6.1304026359e-02  -1.3521532442e+00  1.2908492178e+00
7.324532  -6.5140919938e-02  -1.3463333062e+00  1.2811923863e+00
7.325644  -6.9617141151e-02  -1.3414347623e+00  1.2718176211e+00
7.326755  -7.4597316628e-02  -1.3375991866e+00  1.2630018700e+00
7.327866  -7.9931307610e-02  -1.3349369521e+00  1.2550056445e+00
7.328978  -8.5458619347e-02  -1.3335239934e+00  1.2480653740e+00
7.330089  -9.1013113793e-02  -1.3333995815e+00  1.2423864677e+00
7.331200  -9.6427887107e-02  -1.3345651745e+00  1.2381372874e+00
7.332312  -1.0154016880e-01  -1.3369843776e+00  1.2354442088e+00
7.333423  -1.0619609880e-01  -1.3405840139e+00  1.2343879151e+00
7.334535  -1.1025524213e-01  -1.3452562755e+00  1.2350010333e+00
7.335646  -1.1359470878e-01  -1.3508618890e+00  1.2372671802e+00
7.336757  -1.1611275787e-01  -1.3572342060e+00  1.2411214481e+00
7.337869  -1.1773178055e-01  -1.3641840949e+00  1.2464523144e+00
7.338980  -1.1840057390e-01  -1.3715054936e+00  1.2531049197e+00
7.340091  -1.1809583954e-01  -1.3789814572e+00  1.2608856176e+00
7.341203  -1.1682286275e-01  -1.3863905258e+00  1.2695676630e+00
7.342314  -1.1461535264e-01  -1.3935132235e+00  1.2788978709e+00
7.343425  -1.1153444794e-01  -1.4001384991e+00  1.2886040512e+00
7.344537  -1.0766691781e-01  -1.4060699189e+00  1.2984030011e+00
7.345648  -1.0312261069e-01  -1.4111314298e+00  1.3080088191e+00
7.346759  -9.8031226099e-02  -1.4151725245e+00  1.3171412984e+00
7.347871  -9.2538504272e-02  -1.4180726562e+00  1.3255341519e+00
7.348982  -8.6801945613e-02  -1.4197447734e+00  1.3329428278e+00
7.350094  -8.0986185633e-02  -1.4201378727e+00  1.3391516870e+00
7.351205  -7.5258161229e-02  -1.4192384919e+00  1.3439803306e+00
7.352316  -6.9782210219e-02  -1.4170711026e+00  1.3472888924e+00
7.353428  -6.4715247924e-02  -1.4136973893e+00  1.3489821413e+00
7.354539  -6.0202162437e-02  -1.4092144356e+00  1.3490122732e+00
7.355650  -5.6371563711e-02  -1.4037518733e+00  1.3473803096e+00
7.356762  -5.3332011080e-02  -1.3974680750e+00  1.3441360639e+00
7.357873  -5.1168830001e-02  -1.3905455046e+00  1.3393766746e+00
7.358984  -4.9941611266e-02  -1.3831853610e+00  1.3332437498e+00
7.360096  -4.9682466018e-02  -1.3756016718e+00  1.3259192057e+00
7.361207  -5.0395087664e-02  -1.3680150115e+00  1.3176199238e+00
7.362319  -5.2054648087e-02  -1.3606460284e+00  1.3085913803e+00
7.363430  -5.4608531057e-02  -1.3537089688e+00  1.2991004377e+00
7.364541  -5.7977881221e-02  -1.3474053904e+00  1.2894275092e+00
7.365653  -6.2059923020e-02  -1.3419182484e+00  1.2798583254e+00
7.366764  -6.6730981369e-02  -1.3374065273e+00  1.2706755460e+00
7.367875  -7.1850115360e-02  -1.3340005778e+00  1.2621504624e+00
7.368987  -7.7263258117e-02  -1.3317982927e+00  1.2545350346e+00
7.370098  -8.2807741356e-02  -1.3308622374e+00  1.2480544960e+00
7.371209  -8.8317071686e-02  -1.3312178155e+00  1.2429007439e+00
7.372321  -9.3625818374e-02  -1.3328525269e+00  1.2392267085e+00
7.373432  -9.8574469222e-02  -1.3357163366e+00  1.2371418674e+00
7.374543  -1.0301411190e-01  -1.3397231463e+00  1.2367090344e+00
7.375655  -1.0681080339e-01  -1.3447533233e+00  1.2379425200e+00
7.376766  -1.0984949939e-01  -1.3506572141e+00  1.2408077147e+00
7.377878  -1.1203742827e-01  -1.3572595380e+00  1.2452221097e+00
7.378989  -1.1330681081e-01  -1.3643645329e+00  1.2510577221e+00
7.380100  -1.1361684585e-01  -1.3717617017e+00  1.2581448559e+00
7.381212  -1.1295490371e-01  -1.3792319909e+00  1.2662770872e+00
7.382323  -1.1133689249e-01  -1.3865542191e+00  1.2752173266e+00
7.383434  -1.0880678671e-01  -1.3935115687e+00  1.2847047820e+00
7.384546  -1.0543533203e-01  -1.3998979479e+00  1.2944626159e+00
7.385657  -1.0131796444e-01  -1.4055240383e+00  1.3042060738e+00
7.386768  -9.6572005002e-02  -1.4102228494e+00  1.3136508444e+00
7.387880  -9.1333212579e-02  -1.4138546177e+00  1.3225214052e+00
7.388991  -8.5751795902e-02  -1.4163109066e+00  1.3305591107e+00
7.390102  -7.9988002071e-02  -1.4175177860e+00  1.3375297839e+00
7.391214  -7.4207411070e-02  -1.4174379999e+00  1.3432305888e+00
7.392325  -6.8576074482e-02  -1.4160720571e+00  1.3474959826e+00
7.393437  -6.3255641058e-02  -1.4134582136e+00  1.3502025725e+00
7.394548  -5.8398612266e-02  -1.4096713477e+00  1.3512727354e+00
7.395659  -5.4143867094e-02  -1.4048207596e+00  1.3506768925e+00
7.396771  -5.0612587357e-02  -1.3990469621e+00  1.3484343747e+00
7.397882  -4.7904703127e-02  -1.3925175544e+00  1.3446128513e+00
7.398993  -4.6095962510e-02  -1.3854223025e+00  1.3393263400e+00
7.400105  -4.5235711650e-02  -1.3779675680e+00  1.3327318563e+00
7.401216  -4.5345450122e-02  -1.3703702518e+00  1.3250248017e+00
7.402327  -4.6418203894e-02  -1.3628514278e+00  1.3164332239e+00
7.403439  -4.8418734236e-02  -1.3556298549e+00  1.3072111206e+00
7.404550  -5.1284576222e-02  -1.3489155575e+00  1.2976309813e+00
7.405661  -5.4927876317e-02  -1.3429036628e+00  1.2879757865e+00
7.406773  -5.9237974911e-02  -1.3377686752e+00  1.2785307003e+00
7.407884  -6.4084657980e-02  -1.3336593569e+00  1.2695746989e+00
7.408996  -6.9321982197e-02  -1.3306943639e+00  1.2613723817e+00
7.410107  -7.4792561223e-02  -1.3289587659e+00  1.2541662047e+00
7.411218  -8.0332187356e-02  -1.3285015518e+00  1.2481693644e+00
7.412330  -8.5774652579e-02  -1.3293341948e+00  1.2435595422e+00
7.413441  -9.0956627842e-02  -1.3314303179e+00  1.2404736900e+00
7.414552  -9.5722456922e-02  -1.3347264702e+00  1.2390040133e+00
7.415664  -9.9928724558e-02  -1.3391239920e+00  1.2391952674e+00
7.416775  -1.0344846450e-01  -1.3444919114e+00  1.2410434469e+00
7.417886  -1.0617488417e-01  -1.3506707907e+00  1.2444959065e+00
7.418998  -1.0802449663e-01  -1.3574774065e+00  1.2494529099e+00
7.420109  -1.0893956798e-01  -1.3647101285e+00  1.2557705606e+00
7.421220  -1.0888980851e-01  -1.3721548374e+00  1.2632650289e+00
7.422332  -1.0787325799e-01  -1.3795912092e+00  1.2717179512e+00
7.423443  -1.0591633933e-01  -1.3867991812e+00  1.2808828419e+00
7.424555  -1.0307307901e-01  -1.3935654101e+00  1.2904923311e+00
7.425666  -9.9423517469e-02  -1.3996895320e+00  1.3002660146e+00
7.426777  -9.5071356038e-02  -1.4049900414e+00  1.3099186854e+00
7.427889  -9.0140909736e-02  -1.4093096165e+00  1.3191687068e+00
7.429000  -8.4773455382e-02  -1.4125197342e+00  1.3277462788e+00
7.430111  -7.9123082367e-02  -1.4145244399e+00  1.3354013575e+00
7.431223  -7.3352167897e-02  -1.4152631613e+00  1.3419109934e+00
7.432334  -6.7626609594e-02  -1.4147124834e+00  1.3470858738e+00
7.433445  -6.2110955451e-02  -1.4128868335e+00  1.3507758781e+00
7.434557  -5.6963574044e-02  -1.4098380552e+00  1.3528744811e+00
7.435668  -5.2332006831e-02  -1.4056538844e+00  1.3533218776e+00
7.436779  -4.8348638887e-02  -1.4004553729e+00  1.3521067340e+00
7.437891  -4.5126815118e-02  -1.3943933331e+00  1.3492665180e+00
7.439002  -4.2757515909e-02  -1.3876439110e+00  1.3448863951e+00
7.440114  -4.1306689680e-02  -1.3804034153e+00  1.3390967257e+00
7.441225  -4.0813320554e-02  -1.3728825552e+00  1.3320692346e+00
7.442336  -4.1288287797e-02  -1.3653002560e+00  1.3240119682e+00
7.443448  -4.2714050329e-02  -1.3578772344e+00  1.3151631841e+00
7.444559  -4.5045165502e-02  -1.3508295212e+00  1.3057843557e+00
7.445670  -4.8209626794e-02  -1.3443621218e+00  1.2961524951e+00
7.446782  -5.2110980977e-02  -1.3386630017e+00  1.2865520207e+00
7.447893  -5.6631162644e-02  -1.3338975706e+00  1.2772664079e+00
7.449004  -6.1633962623e-02  -1.3302038309e+00  1.2685698682e+00
7.450116  -6.6969028530e-02  -1.3276883291e+00  1.2607193005e+00
7.451227  -7.2476279828e-02  -1.3264230315e+00  1.2539467517e+00
7.452339  -7.7990607887e-02  -1.3264432147e+00  1.2484526068e+00
7.453450  -8.3346722926e-02  -1.3277464324e+00  1.2443997095e+00
7.454561  -8.8384005565e-02  -1.3302925903e+00  1.2419085847e+00
7.455673  -9.2951220664e-02  -1.3340051246e+00  1.2410539039e+00
7.456784  -9.6910955020e-02  -1.3387732517e+00  1.2418622967e+00
7.457895  -1.0014364873e-01  -1.3444552213e+00  1.2443115726e+00
7.459007  -1.0255110191e-01  -1.3508824782e+00  1.2483313763e+00
7.460118  -1.0405935407e-01  -1.3578646105e+00  1.2538052564e+00
7.461229  -1.0462085144e-01  -1.3651949387e+00  1.2605740872e+00
7.462341  -1.0421583904e-01  -1.3726565820e+00  1.2684407430e+00
7.463452  -1.0285293642e-01  -1.3800288239e+00  1.2771758874e+00
7.464563  -1.0056888070e-01  -1.3870935885e+00  1.2865247078e+00
7.465675  -9.7427444059e-02  -1.3936418411e+00  1.2962143970e+00
7.466786  -9.3517558023e-02  -1.3994797210e+00  1.3059621629e+00
7.467898  -8.8950699471e-02  -1.4044342297e+00  1.3154835303e+00
7.469009  -8.3857615243e-02  -1.4083583067e+00  1.3245006914e+00
7.470120  -7.8384481589e-02  -1.4111351424e+00  1.3327506608e+00
7.471232  -7.2688611301e-02  -1.4126816049e+00  1.3399929936e+00
7.472343  -6.6933834586e-02  -1.4129506768e+00  1.3460168423e+00
7.473454  -6.1285689236e-02  -1.4119328325e+00  1.3506471433e+00
7.474566  -5.5906561438e-02  -1.4096563154e+00  1.3537497539e+00
7.475677  -5.0950919736e-02  -1.4061863062e+00  1.3552353865e+00
7.476788  -4.6560782135e-02  -1.4016230081e+00  1.3550622259e+00
7.477900  -4.2861549283e-02  -1.3960987033e+00  1.3532371541e+00
7.479011  -3.9958326017e-02  -1.3897738695e+00  1.3498155435e+00
7.480122  -3.7932839244e-02  -1.3828324679e+00  1.3448996286e+00
7.481234  -3.6841042410e-02  -1.3754765436e+00  1.3386355012e+00
7.482345  -3.6711476897e-02  -1.3679202951e+00  1.3312088182e+00
7.483457  -3.7544438273e-02  -1.3603837873e+00  1.3228393490e+00
7.484568  -3.9311971813e-02  -1.3530864932e+00  1.3137745214e+00
7.485679  -4.1958697202e-02  -1.3462408534e+00  1.3042821562e+00
7.486791  -4.5403438239e-02  -1.3400460422e+00  1.2946426039e+00
7.487902  -4.9541609460e-02  -1.3346821230e+00  1.2851405135e+00
7.489013  -5.4248289589e-02  -1.3303047662e+00  1.2760564766e+00
7.490125  -5.9381891524e-02  -1.3270406820e+00  1.2676587905e+00
7.491236  -6.4788320926e-02  -1.3249839039e+00  1.2601955830e+00
7.492347  -7.0305501462e-02  -1.3241930315e+00  1.2538875300e+00
7.493459  -7.5768133634e-02  -1.3246895132e+00  1.2489213795e+00
7.494570  -8.1012547574e-02  -1.3264570190e+00  1.2454444714e+00
7.495681  -8.5881507339e-02  -1.3294419228e+00  1.2435604154e+00
7.496793  -9.0228825642e-02  -1.3335548780e+00  1.2433260524e+00
7.497904  -9.3923653590e-02  -1.3386734425e+00  1.2447497889e+00
7.499016  -9.6854319624e-02  -1.3446456737e+00  1.2477913540e+00
7.500127  -9.8931604926e-02  -1.3512945897e+00  1.2523629847e+00
7.501238  -1.0009135928e-01  -1.3584233647e+00  1.2583320055e+00
7.502350  -1.0029638074e-01  -1.3658211068e+00  1.2655247260e+00
7.503461  -9.9537503864e-02  -1.3732690472e+00  1.2737315433e+00
7.504572  -9.7833864884e-02  -1.3805469616e+00  1.2827130967e+00
7.505684  -9.5232335981e-02  -1.3874396327e+00  1.2922072967e+00
7.506795  -9.1806145454e-02  -1.3937431658e+00  1.3019370204e+00
7.507906  -8.7652724381e-02  -1.3992709721e+00  1.3116182477e+00
7.509018  -8.2890843100e-02  -1.4038592426e+00  1.3209683995e+00
7.510129  -7.7657121594e-02  -1.4073717546e+00  1.3297146330e+00
7.511240  -7.2102016432e-02  -1.4097038667e+00  1.3376018503e+00
7.512352  -6.6385401987e-02  -1.4107855885e+00  1.3444001865e+00
7.513463  -6.0671875812e-02  -1.4105836317e+00  1.3499117558e+00
7.514575  -5.5125925967e-02  -1.4091023845e+00  1.3539764585e+00
7.515686  -4.9907102158e-02  -1.4063837807e+00  1.3564766785e+00
7.516797  -4.5165332557e-02  -1.4025060662e+00  1.3573407336e+00
7.517909  -4.1036523524e-02  -1.3975815004e+00  1.3565449769e+00
7.519020  -3.7638571689e-02  -1.3917530597e+00  1.3541144880e+00
7.520131  -3.5067905081e-02  -1.3851902387e+00  1.3501223336e+00
7.521243  -3.3396655018e-02  -1.3780840753e+00  1.3446874203e+00
7.522354  -3.2670541570e-02  -1.3706415420e+00  1.3379710004e+00
7.523465  -3.2907534606e-02  -1.3630794709e+00  1.3301719363e+00
7.524577  -3.4097329676e-02  -1.3556181900e+00  1.3215208603e+00
7.525688  -3.6201653926e-02  -1.3484750564e+00  1.3122734025e+00
7.526800  -3.9155393079e-02  -1.3418580777e+00  1.3027026846e+00
7.527911  -4.2868506173e-02  -1.3359598084e+00  1.2930913022e+00
7.529022  -4.7228671848e-02  -1.3309516993e+00  1.2837230275e+00
7.530134  -5.2104588400e-02  -1.3269790679e+00  1.2748744795e+00
7.531245  -5.7349830588e-02  -1.3241568347e+00  1.2668070041e+00
7.532356  -6.2807149953e-02  -1.3225661529e+00  1.2597590029e+00
7.533468  -6.8313092405e-02  -1.3222520285e+00  1.2539389361e+00
7.534579  -7.3702797385e-02  -1.3232220024e+00  1.2495192050e+00
7.535690  -7.8814837792e-02  -1.3254459309e+00  1.2466310931e+00
7.536802  -8.3495958575e-02  -1.3288568728e+00  1.2453609142e+00
7.537913  -8.7605574837e-02  -1.3333530566e+00  1.2457474818e+00
7.539024  -9.1019897550e-02  -1.3388008695e+00  1.2477809719e+00
7.540136  -9.3635565697e-02  -1.3450387800e+00  1.2514032143e+00
7.541247  -9.5372678389e-02  -1.3518820813e+00  1.2565094029e+00
7.542359  -9.6177137914e-02  -1.3591283126e+00  1.2629511747e+00
7.543470  -9.6022235087e-02  -1.3665632026e+00  1.2705409675e+00
7.544581  -9.4909430425e-02  -1.3739669586e+00  1.2790575282e+00
7.545693  -9.2868308333e-02  -1.3811207173e+00  1.2882524090e+00
7.546804  -8.9955705680e-02  -1.3878129679e+00  1.2978572622e+00
7.547915  -8.6254040505e-02  -1.3938457594e+00  1.3075917189e+00
7.549027  -8.1868889974e-02  -1.3990405091e+00  1.3171716191e+00
7.550138  -7.6925888748e-02  -1.4032432427e+00  1.3263173540e+00
7.551249  -7.1567038930e-02  -1.4063291117e+00  1.3347620728e+00
7.552361  -6.5946539936e-02  -1.4082060557e+00  1.3422595158e+00
7.553472  -6.0226260798e-02  -1.4088175025e+00  1.3485912417e+00
7.554583  -5.4570987773e-02  -1.4081440261e+00  1.3535730384e+00
7.555695  -4.9143586867e-02  -1.4062039150e+00  1.3570603282e+00
7.556806  -4.4100223236e-02  -1.4030526330e+00  1.3589524098e+00
7.557918  -3.9585777774e-02  -1.3987811895e+00  1.3591954118e+00
7.559029  -3.5729595473e-02  -1.3935134665e+00  1.3577838710e+00
7.560140  -3.2641690219e-02  -1.3874025808e+00  1.3547608906e+00
7.561252  -3.0409517491e-02  -1.3806263889e+00  1.3502168715e+00
7.562363  -2.9095409562e-02  -1.3733822658e+00  1.3442868562e+00
7.563474  -2.8734748377e-02  -1.3658813109e+00  1.3371465626e+00
7.564586  -2.9334929810e-02  -1.3583421524e+00  1.3290072226e+00
7.565697  -3.0875149450e-02  -1.3509845300e+00  1.3201093806e+00
7.566808  -3.3307016187e-02  -1.3440228461e+00  1.3107158299e+00
