#    Energy_eV   Re_FT_dcf   Re_FT_dcf1   Re_FT_dcf2
2.625478968862521967e+00 1.316132278155745378e-02 1.511599343554604720e-05 1.314620678811957710e-02
2.626590326942095377e+00 1.330992566676376075e-02 1.694202619854576547e-05 1.329298364056383762e-02
2.627701685021668343e+00 1.346055934993794362e-02 1.920311457416115536e-05 1.344135623536260940e-02
2.628813043101241753e+00 1.361202876866125094e-02 2.155802076166144922e-05 1.359047074790166801e-02
2.629924401180814719e+00 1.376324234655770286e-02 2.364979784349682552e-05 1.373959254871730089e-02
2.631035759260388129e+00 1.391339436931053782e-02 2.516456241394148679e-05 1.388822980689467454e-02
2.632147117339961540e+00 1.406210078162794044e-02 2.588324882630607925e-05 1.403621753280887702e-02
2.633258475419534506e+00 1.420946588440315760e-02 2.571781758181977521e-05 1.418374806681476502e-02
2.634369833499107916e+00 1.435606871398291060e-02 2.472593960217635243e-05 1.433134277438433482e-02
2.635481191578681326e+00 1.450287106846949274e-02 2.310171414063033680e-05 1.447976935432307086e-02
2.636592549658254292e+00 1.465106204323262003e-02 2.114392000184252095e-05 1.462991812323122427e-02
2.637703907737827702e+00 1.480186443494038370e-02 1.920699918568609667e-05 1.478265743575097983e-02
2.638815265817400668e+00 1.495633473291393088e-02 1.764281993414316252e-05 1.493869191298007396e-02
2.639926623896974078e+00 1.511518958878937079e-02 1.674279274873038929e-05 1.509844679603961765e-02
2.641037981976547488e+00 1.527868742619565255e-02 1.668986562617248947e-05 1.526199756056913041e-02
2.642149340056120455e+00 1.544658490611632538e-02 1.752830952707831402e-05 1.542905659659021128e-02
2.643260698135693865e+00 1.561817575124201454e-02 1.915628612979033664e-05 1.559901946511367717e-02
2.644372056215266831e+00 1.579240595072905345e-02 2.134244617609257964e-05 1.577106350455037553e-02
2.645483414294840241e+00 1.596804682152074689e-02 2.376385343666058457e-05 1.594428296808294426e-02
2.646594772374413651e+00 1.614389785374622729e-02 2.605901691685788411e-05 1.611783883683074597e-02
2.647706130453986617e+00 1.631898628902711187e-02 2.788732089678182941e-05 1.629109896813307756e-02
2.648817488533560027e+00 1.649273079823208518e-02 2.898508018355314757e-05 1.646374571804975345e-02
2.649928846613132993e+00 1.666504238651549466e-02 2.920899286129293918e-05 1.663583339365489952e-02
2.651040204692706403e+00 1.683634582468874347e-02 2.855982694786179265e-05 1.680778599773768284e-02
2.652151562772279814e+00 1.700751783679519194e-02 2.718242258332910646e-05 1.698033541421539727e-02
2.653262920851852780e+00 1.717975184889554766e-02 2.534198491567181340e-05 1.715440986398358847e-02
2.654374278931426190e+00 1.735437110835945027e-02 2.338054458779767472e-05 1.733099056376958755e-02
2.655485637010999600e+00 1.753262044623716057e-02 2.166073058138102576e-05 1.751095971566112366e-02
2.656596995090572566e+00 1.771547049067177804e-02 2.050609563565615280e-05 1.769496439503746854e-02
2.657708353170145976e+00 1.790346615740789210e-02 2.014781145738154936e-05 1.788331834594729039e-02
2.658819711249718942e+00 1.809664406346920412e-02 2.068651289422043994e-05 1.807595755058053963e-02
2.659931069329292352e+00 1.829453229772951689e-02 2.207558630094862850e-05 1.827245671142599392e-02
2.661042427408865763e+00 1.849623256466946877e-02 2.412867477134390636e-05 1.847210388989732263e-02
2.662153785488438729e+00 1.870057129008540278e-02 2.655019036297285367e-05 1.867402109972187904e-02
2.663265143568012139e+00 1.890629503012302912e-02 2.898383587779146232e-05 1.887731119424846185e-02
2.664376501647585105e+00 1.911227830265885622e-02 3.107116971232029551e-05 1.908120713294755855e-02
2.665487859727158515e+00 1.931770994238005482e-02 3.251058626329196707e-05 1.928519935611656966e-02
2.666599217806731925e+00 1.952222760282508809e-02 3.310700608032269416e-05 1.948912059674332703e-02
2.667710575886304891e+00 1.972597851448500139e-02 3.280408893051593218e-05 1.969317442555417255e-02
2.668821933965878301e+00 1.992959667176726068e-02 3.169365083867013781e-05 1.989790302092875676e-02
2.669933292045451712e+00 2.013410029011614838e-02 3.000071237176992145e-05 2.010409957774399875e-02
2.671044650125024678e+00 2.034072641179331120e-02 2.804661429985625502e-05 2.031267979749407093e-02
2.672156008204598088e+00 2.055072981089829665e-02 2.619624875890838784e-05 2.052453356214018962e-02
2.673267366284171054e+00 2.076517917331448249e-02 2.479807428635293651e-05 2.074038109902759733e-02
2.674378724363744464e+00 2.098478395454895368e-02 2.412677930742979508e-05 2.096065717523843200e-02
2.675490082443317874e+00 2.120978027442190980e-02 2.433803252060486451e-05 2.118544224190415520e-02
2.676601440522890840e+00 2.143989452443552032e-02 2.544277860060460114e-05 2.141445174582846250e-02
2.677712798602464250e+00 2.167439062284901713e-02 2.730532807440135565e-05 2.164708529477973528e-02
2.678824156682037216e+00 2.191219314711315147e-02 2.966557811462161229e-05 2.188252756900081406e-02
2.679935514761610627e+00 2.215206614441394412e-02 3.218172956834102502e-05 2.211988441484161877e-02
2.681046872841184037e+00 2.239281830891762595e-02 3.448648842085066756e-05 2.235833182049181897e-02
2.682158230920757003e+00 2.263350090790411037e-02 3.624751356486684875e-05 2.259725339433992647e-02
2.683269589000330413e+00 2.287356604492213341e-02 3.722216484557004581e-05 2.283634388008153743e-02
2.684380947079903379e+00 2.311295936515448193e-02 3.729753393963944921e-05 2.307566183121545489e-02
2.685492305159476789e+00 2.335213206536024613e-02 3.650915453416637318e-05 2.331562291082764013e-02
2.686603663239050199e+00 2.359197030437022724e-02 3.503529162026280838e-05 2.355693501275351459e-02
2.687715021318623165e+00 2.383365364566752964e-02 3.316772694878591276e-05 2.380048591872075889e-02
2.688826379398196575e+00 2.407846578332345847e-02 3.126382799392955916e-05 2.404720195532837612e-02
2.689937737477769986e+00 2.432758859950759703e-02 2.968777386472584945e-05 2.429790082564575390e-02
2.691049095557342952e+00 2.458191330200920621e-02 2.875060459446795267e-05 2.455316269740985893e-02
2.692160453636916362e+00 2.484189954924782839e-02 2.865896364755253771e-05 2.481324058560109569e-02
2.693271811716489328e+00 2.510750556254418703e-02 2.948098210759588671e-05 2.507802458044657012e-02
2.694383169796062738e+00 2.537820055194585714e-02 3.113493916222412176e-05 2.534706561278500178e-02
2.695494527875636148e+00 2.565305725883217439e-02 3.340258899047320452e-05 2.561965466984366183e-02
2.696605885955209114e+00 2.593090927426791939e-02 3.596498444802651202e-05 2.589494428981842233e-02
2.697717244034782524e+00 2.621054718033181963e-02 3.845492114677462889e-05 2.617209225918264506e-02
2.698828602114355490e+00 2.649092122757592052e-02 4.051738230772745951e-05 2.645040384526845326e-02
2.699939960193928901e+00 2.677131724303604896e-02 4.186803786231997512e-05 2.672944920517629150e-02
2.701051318273502311e+00 2.705147691977088237e-02 4.234016075976306361e-05 2.700913675900768265e-02
2.702162676353075277e+00 2.733164283956481672e-02 4.191222013001653826e-05 2.728973061943370387e-02
2.703274034432648687e+00 2.761252100136176238e-02 4.071158441214622984e-05 2.757180941695016110e-02
2.704385392512222097e+00 2.789516722627967404e-02 3.899369667322243169e-05 2.785617352961340318e-02
2.705496750591795063e+00 2.818081634654280229e-02 3.710012304058022737e-05 2.814371622350655619e-02
2.706608108671368473e+00 2.847068249167928472e-02 3.540235861533558553e-05 2.843528013306299146e-02
2.707719466750941439e+00 2.876576351795695832e-02 3.424062916181836493e-05 2.873152288879577201e-02
2.708830824830514850e+00 2.906668190385057818e-02 3.386776238921253095e-05 2.903281414145894232e-02
2.709942182910088260e+00 2.937358837887371621e-02 3.440738035869274119e-05 2.933918099852034569e-02
2.711053540989661226e+00 2.968614416258566827e-02 3.583331786718751461e-05 2.965031084472053921e-02
2.712164899069234636e+00 3.000358468154743635e-02 3.797368510344501435e-05 2.996561099644211301e-02
2.713276257148807602e+00 3.032485414875328925e-02 4.053893912366647736e-05 3.028431520963331680e-02
2.714387615228381012e+00 3.064878865906886518e-02 4.316937448110115061e-05 3.060561928459259312e-02
2.715498973307954422e+00 3.097431741274695241e-02 4.549423982008419653e-05 3.092882317293281849e-02
2.716610331387527388e+00 3.130064865483825343e-02 4.719276279060623735e-05 3.125345589204817087e-02
2.717721689467100799e+00 3.162740941822513724e-02 4.804703863809390023e-05 3.157936237958822168e-02
2.718833047546674209e+00 3.195471576982692602e-02 4.797806413341726623e-05 3.190673770569377177e-02
2.719944405626247175e+00 3.228316173331892414e-02 4.705896182077308059e-05 3.223610277149573100e-02
2.721055763705820585e+00 3.261372851003954687e-02 4.550318672735952801e-05 3.256822532331594966e-02
2.722167121785393551e+00 3.294762881873653654e-02 4.362962308342316646e-05 3.290399919565209497e-02
2.723278479864966961e+00 3.328611195085885710e-02 4.181028518219822432e-05 3.324430166568097950e-02
2.724389837944540371e+00 3.363026170483012639e-02 4.040920725566976492e-05 3.358985249757322905e-02
2.725501196024113337e+00 3.398082063027187821e-02 3.972256841960784070e-05 3.394109806185779260e-02
2.726612554103686747e+00 3.433806976310527920e-02 3.992990806230422050e-05 3.429813985504543555e-02
2.727723912183259714e+00 3.470178395451676417e-02 4.106447387486806172e-05 3.466071948064564784e-02
2.728835270262833124e+00 3.507127047979126389e-02 4.300760550521401268e-05 3.502826287429185864e-02
2.729946628342406534e+00 3.544548489863900281e-02 4.550810667529399698e-05 3.539997679196318220e-02
2.731057986421979500e+00 3.582320538170898766e-02 4.822344680384538235e-05 3.577498193491013279e-02
2.732169344501552910e+00 3.620323702665370624e-02 5.077603632507772806e-05 3.615246099032709548e-02
2.733280702581126320e+00 3.658461266341347246e-02 5.281533071995005754e-05 3.653179733269246166e-02
2.734392060660699286e+00 3.696675712723736240e-02 5.407554788999999060e-05 3.691268157934823879e-02
2.735503418740272696e+00 3.734958789557271674e-02 5.441949345985768751e-05 3.729516840211325596e-02
2.736614776819845662e+00 3.773353537568296251e-02 5.386126411905765713e-05 3.767967411156321333e-02
2.737726134899419073e+00 3.811947929371395372e-02 5.256406752112461700e-05 3.806691522618908113e-02
2.738837492978992483e+00 3.850861141333285220e-02 5.081348906720567488e-05 3.845779792426728266e-02
2.739948851058565449e+00 3.890224693518013616e-02 4.897057833710620576e-05 3.885327635684652364e-02
2.741060209138138859e+00 3.930161540579697049e-02 4.741245544242610204e-05 3.925420295035250695e-02
2.742171567217711825e+00 3.970766538907208321e-02 4.647020159318552516e-05 3.966119518747791839e-02
2.743282925297285235e+00 4.012091495939420355e-02 4.637425730206832370e-05 4.007454070209028052e-02
2.744394283376858645e+00 4.054137261239407902e-02 4.721632834580292916e-05 4.049415628405180628e-02
2.745505641456431611e+00 4.096854167234444816e-02 4.893409316952777323e-05 4.091960757917664782e-02
2.746616999536005022e+00 4.140150759700492178e-02 5.132125945136946539e-05 4.135018633754988099e-02
2.747728357615577988e+00 4.183909397785079420e-02 5.406134745567991941e-05 4.178503263039627658e-02
2.748839715695151398e+00 4.228006174959616364e-02 5.677966941807166085e-05 4.222328208017658846e-02
2.749951073774724808e+00 4.272331900326702125e-02 5.910497132046918772e-05 4.266421403194666645e-02
2.751062431854297774e+00 4.316810702772273106e-02 6.073060138477798454e-05 4.310737642634009797e-02
2.752173789933871184e+00 4.361413207077895898e-02 6.146513401455545660e-05 4.355266693676045769e-02
2.753285148013444150e+00 4.406162119126737220e-02 6.126410021506182300e-05 4.400035709105191289e-02
2.754396506093017560e+00 4.451129300852171150e-02 6.023757437509914500e-05 4.445105543414375887e-02
2.755507864172590970e+00 4.496424810762625346e-02 5.863233438529945568e-05 4.490561577323705367e-02
2.756619222252163937e+00 4.542179703911016636e-02 5.679149550333809348e-05 4.536500554360491100e-02
2.757730580331737347e+00 4.588525408888174256e-02 5.509822990954625535e-05 4.583015585897219635e-02
2.758841938411310757e+00 4.635573061248926541e-02 5.391281197200807108e-05 4.630181780051809831e-02
2.759953296490883723e+00 4.683396179581165997e-02 5.351333994868567086e-05 4.678044845586257217e-02
2.761064654570457133e+00 4.732019521144008312e-02 5.404989345148525067e-05 4.726614531798873503e-02
2.762176012650030099e+00 4.781415938659652060e-02 5.551968762766671555e-05 4.775863969897192057e-02
2.763287370729603509e+00 4.831511745135232128e-02 5.776733948397119208e-05 4.825735011187604756e-02
2.764398728809176919e+00 4.882199695715663812e-02 6.051023455308287701e-05 4.876148672260191552e-02
2.765510086888749886e+00 4.933357444148605414e-02 6.338485161251241728e-05 4.927018958987480074e-02
2.766621444968323296e+00 4.984868432583909603e-02 6.600644917074174325e-05 4.978267787666706967e-02
2.767732803047896262e+00 5.036641774892250401e-02 6.803230926320277653e-05 5.029838543965640951e-02
2.768844161127469672e+00 5.088627861358707705e-02 6.921813670090484153e-05 5.081706047688879652e-02
2.769955519207043082e+00 5.140827118782410887e-02 6.945832563453287266e-05 5.133881286219119100e-02
2.771066877286616048e+00 5.193290488913290120e-02 6.880344894705341379e-05 5.186410144019176771e-02
2.772178235366189458e+00 5.246111553757830392e-02 6.745206639964655443e-05 5.239366347118113582e-02
2.773289593445762868e+00 5.299411613986876324e-02 6.571817037784704056e-05 5.292839796949035114e-02
2.774400951525335834e+00 5.353320189434158938e-02 6.397959912422418211e-05 5.346922229521561265e-02
2.775512309604909245e+00 5.407954166984620115e-02 6.261588608958896011e-05 5.401692578376156989e-02
2.776623667684482211e+00 5.463399045965845052e-02 6.194576284589825696e-05 5.457204469681481429e-02
2.777735025764055621e+00 5.519695387335320225e-02 6.217460233645326188e-05 5.513477927101714804e-02
2.778846383843629031e+00 5.576832716748152119e-02 6.336046558804583569e-05 5.570496670189310079e-02
2.779957741923201997e+00 5.634751903542055407e-02 6.540436353513370382e-05 5.628211467188208583e-02
2.781069100002775407e+00 5.693355640004488932e-02 6.806636673710937159e-05 5.686549003330611946e-02
2.782180458082348373e+00 5.752525308311531860e-02 7.100494320260794935e-05 5.745424813990981927e-02
2.783291816161921783e+00 5.812141466245077798e-02 7.383307786386675807e-05 5.804758158459087658e-02
2.784403174241495194e+00 5.872104581767709913e-02 7.618195679401270617e-05 5.864486386088408471e-02
2.785514532321068160e+00 5.932352600068494658e-02 7.776174232704502432e-05 5.924576425835914595e-02
2.786625890400641570e+00 5.992872442981368730e-02 7.840943060561649945e-05 5.985031499921079912e-02
2.787737248480214980e+00 6.053703534867605623e-02 7.811589633698634333e-05 6.045891945233636267e-02
2.788848606559787946e+00 6.114932758237434651e-02 7.702764492735656116e-05 6.107229993744782426e-02
2.789959964639361356e+00 6.176681650520864097e-02 7.542294927865562492e-05 6.169139355593553781e-02
2.791071322718934322e+00 6.239087929332146065e-02 7.366626407400571374e-05 6.231721302924756595e-02
2.792182680798507732e+00 6.302284366298532836e-02 7.214839069643108681e-05 6.295069527228523698e-02
2.793294038878081142e+00 6.366378465878012871e-02 7.122222092176755046e-05 6.359256243786130802e-02
2.794405396957654109e+00 6.431436273147259075e-02 7.114462808816945493e-05 6.424321810338162742e-02
2.795516755037227519e+00 6.497472954831208514e-02 7.203407664757275101e-05 6.490269547166703512e-02
2.796628113116800485e+00 6.564451683087077494e-02 7.385094680986906547e-05 6.557066588405822960e-02
2.797739471196373895e+00 6.632290985002797790e-02 7.640384206283830143e-05 6.624650600796458400e-02
2.798850829275947305e+00 6.700879328121918388e-02 7.938087584505611042e-05 6.692941240537378378e-02
2.799962187355520271e+00 6.770094522899094969e-02 8.240082186018675534e-05 6.761854440713339909e-02
2.801073545435093681e+00 6.839824733560026515e-02 8.507573727159431509e-05 6.831317159833183439e-02
2.802184903514667091e+00 6.909987629454471258e-02 8.707476937528741074e-05 6.901280152516486854e-02
2.803296261594240057e+00 6.980544522773494964e-02 8.817864850875691701e-05 6.971726657922606984e-02
2.804407619673813468e+00 7.051507173782756155e-02 8.831588922061513430e-05 7.042675584860583204e-02
2.805518977753386434e+00 7.122936163297545475e-02 8.757472032541679886e-05 7.114178691264931575e-02
2.806630335832959844e+00 7.194931132920021066e-02 8.618875075571487453e-05 7.186312257844065798e-02
2.807741693912533254e+00 7.267614544346823191e-02 8.449869742252671533e-05 7.259164674604259848e-02
2.808853051992106220e+00 7.341111686205170628e-02 8.289644322165494841e-05 7.332822041883199637e-02
2.809964410071679630e+00 7.415530281650978273e-02 8.176060873354342048e-05 7.407354220777342957e-02
2.811075768151252596e+00 7.490943117728572631e-02 8.139422904027973030e-05 7.482803694824520513e-02
2.812187126230826006e+00 7.567376616516383048e-02 8.197479384962526186e-05 7.559179137131116777e-02
2.813298484310399417e+00 7.644807280005082306e-02 8.352488742652417408e-05 7.636454791262409225e-02
2.814409842389972383e+00 7.723166628757356655e-02 8.590828525791272777e-05 7.714575800231246450e-02
2.815521200469545793e+00 7.802353835195113829e-02 8.885218135172302236e-05 7.793468617059795545e-02
2.816632558549119203e+00 7.882253961864356395e-02 9.199192089314954491e-05 7.873054769774411044e-02
2.817743916628692169e+00 7.962758767412163319e-02 9.493090498734005898e-05 7.953265676913193194e-02
2.818855274708265579e+00 8.043786597305664643e-02 9.730582828677959522e-05 8.034056014477054808e-02
2.819966632787838545e+00 8.125298008539738603e-02 9.884652029461713191e-05 8.115413356509863785e-02
2.821077990867411955e+00 8.207304468146035814e-02 9.942053555269348092e-05 8.197362414591689850e-02
2.822189348946985366e+00 8.289868602584146706e-02 9.905513505705381718e-05 8.279963089078311300e-02
2.823300707026558332e+00 8.373095872325227174e-02 9.793301226916766868e-05 8.363302571097952498e-02
2.824412065106131742e+00 8.457118973142023488e-02 9.636243285578522863e-05 8.447482729856690964e-02
2.825523423185704708e+00 8.542077486535644415e-02 9.472666841971287696e-05 8.532604819694114551e-02
2.826634781265278118e+00 8.628096112623166725e-02 9.342101794279103705e-05 8.618754010829204892e-02
2.827746139344851528e+00 8.715265083773568455e-02 9.278776374419758245e-05 8.705986307399142532e-02
2.828857497424424494e+00 8.803626028565177120e-02 9.305976198084458270e-05 8.794320052366731699e-02
2.829968855503997904e+00 8.893165684309371766e-02 9.432196078984870244e-05 8.883733488229680897e-02
2.831080213583570870e+00 8.983818582511615691e-02 9.649720141138729153e-05 8.974168862370607291e-02
2.832191571663144281e+00 9.075478362991763748e-02 9.935867046034233473e-05 9.065542495945871915e-02
2.833302929742717691e+00 9.168015949307349588e-02 1.025669896612637537e-04 9.157759250341239443e-02
2.834414287822290657e+00 9.261301675092421803e-02 1.057258733068518642e-04 9.250729087762100955e-02
2.835525645901864067e+00 9.355227777867673733e-02 1.084472211332470764e-04 9.344383055754520995e-02
2.836637003981437033e+00 9.449727586461856288e-02 1.104149504293014264e-04 9.438686091418986568e-02
2.837748362061010443e+00 9.544788239358242832e-02 1.114370650980838487e-04 9.533644532848342679e-02
2.838859720140583853e+00 9.640454803263823202e-02 1.114773813747773430e-04 9.629307065126628540e-02
2.839971078220156819e+00 9.736825048107780600e-02 1.106616659030697626e-04 9.725758881517809762e-02
2.841082436299730229e+00 9.834035651311971715e-02 1.092571447799816920e-04 9.823109936834167888e-02
2.842193794379303640e+00 9.932242003481252246e-02 1.076287216009394227e-04 9.921479131321078726e-02
2.843305152458876606e+00 1.003159484042687732e-01 1.061790782114864555e-04 1.002097693260605993e-01
2.844416510538450016e+00 1.013221745929471507e-01 1.052824921111449513e-04 1.012168921008349959e-01
2.845527868618022982e+00 1.023418720043738628e-01 1.052232501819002941e-04 1.022366487541874203e-01
2.846639226697596392e+00 1.033752420189853888e-01 1.061487956304660931e-04 1.032690932233524678e-01
2.847750584777169802e+00 1.044218926733161690e-01 1.080453337861432154e-04 1.043138473395291838e-01
2.848861942856742768e+00 1.054809121974967095e-01 1.107399373194763734e-04 1.053701722601769475e-01
2.849973300936316178e+00 1.065510258042721703e-01 1.139288372305923469e-04 1.064370969670436207e-01
2.851084659015889144e+00 1.076308106413404880e-01 1.172272780659768410e-04 1.075135833632771959e-01
2.852196017095462555e+00 1.087189343834059768e-01 1.202327629468178207e-04 1.085987016204572192e-01
2.853307375175035965e+00 1.098143790914967027e-01 1.225913014649753982e-04 1.096917877900356331e-01
2.854418733254608931e+00 1.109166143400484444e-01 1.240557668439793251e-04 1.107925585732028734e-01
2.855530091334182341e+00 1.120256918291518827e-01 1.245267532761200758e-04 1.119011650758766629e-01
2.856641449413755751e+00 1.131422464255131127e-01 1.240691908770365150e-04 1.130181772346384311e-01
2.857752807493328717e+00 1.142674037470729070e-01 1.229019545190218957e-04 1.141445017925540595e-01
2.858864165572902127e+00 1.154026095520348794e-01 1.213621407921864026e-04 1.152812474112427932e-01
2.859975523652475093e+00 1.165494088522222443e-01 1.198498550380953096e-04 1.164295589971822698e-01
2.861086881732048504e+00 1.177092107786162911e-01 1.187625620696602772e-04 1.175904482165481268e-01
2.862198239811621914e+00 1.188830774687845288e-01 1.184297805292929597e-04 1.187646476882610463e-01
2.863309597891194880e+00 1.200715712561040704e-01 1.190588563468595912e-04 1.199525123997544906e-01
2.864420955970768290e+00 1.212746848742256439e-01 1.207007408422129273e-04 1.211539841333841849e-01
2.865532314050341256e+00 1.224918658079737904e-01 1.232414195306507601e-04 1.223686243884422598e-01
2.866643672129914666e+00 1.237221305423310963e-01 1.264204264368921991e-04 1.235957101158893789e-01
2.867755030209488076e+00 1.249642497896360227e-01 1.298734274043327050e-04 1.248343763622312003e-01
2.868866388289061042e+00 1.262169742071217737e-01 1.331918962979156671e-04 1.260837823108242051e-01
2.869977746368634453e+00 1.274792635328850510e-01 1.359900918429536294e-04 1.273432734410387679e-01
2.871089104448207863e+00 1.287504815368797073e-01 1.379683343822884101e-04 1.286125132025008611e-01
2.872200462527780829e+00 1.300305247897219907e-01 1.389621812538341416e-04 1.298915626084672370e-01
2.873311820607354239e+00 1.313198640690782515e-01 1.389694099019640598e-04 1.311808946591816460e-01
2.874423178686927205e+00 1.326194914872354247e-01 1.381503606999757983e-04 1.324813411265324536e-01
2.875534536766500615e+00 1.339307818024599028e-01 1.368015687486703728e-04 1.337939802337129724e-01
2.876645894846074025e+00 1.352552903616100199e-01 1.353070062636731034e-04 1.351199833553421714e-01
2.877757252925646991e+00 1.365945204407240932e-01 1.340749419764599999e-04 1.364604454987520255e-01
2.878868611005220401e+00 1.379496977229003329e-01 1.334707945722427534e-04 1.378162269283283725e-01
2.879979969084793368e+00 1.393215884839846541e-01 1.337570224164095220e-04 1.391878314615747347e-01
2.881091327164366778e+00 1.407103909471004444e-01 1.350499408972100665e-04 1.405753410062040298e-01
2.882202685243940188e+00 1.421157173876332891e-01 1.373005795198020229e-04 1.419784168081113795e-01
2.883314043323513154e+00 1.435366698680176356e-01 1.403027394278776778e-04 1.433963671285859998e-01
2.884425401403086564e+00 1.449719973535312234e-01 1.437269376162417537e-04 1.448282704159125633e-01
2.885536759482659974e+00 1.464203088676755971e-01 1.471746626749040701e-04 1.462731342050050953e-01
2.886648117562232940e+00 1.478803084129029222e-01 1.502440199536823223e-04 1.477300643929490565e-01
2.887759475641806350e+00 1.493510140352668769e-01 1.525959632698856486e-04 1.491984180719944930e-01
2.888870833721379316e+00 1.508319261768679420e-01 1.540102064194940712e-04 1.506779159704490223e-01
2.889982191800952727e+00 1.523231188477522369e-01 1.544215994467268665e-04 1.521686972483027311e-01
2.891093549880526137e+00 1.538252397683630701e-01 1.539309648862015757e-04 1.536713088034784847e-01
2.892204907960099103e+00 1.553394204013417990e-01 1.527885908377356718e-04 1.551866318105040998e-01
2.893316266039672513e+00 1.568671112920411170e-01 1.513530798302871417e-04 1.567157582122119530e-01
2.894427624119245479e+00 1.584098700087033795e-01 1.500323139950554096e-04 1.582598376947085828e-01
2.895538982198818889e+00 1.599691363006942868e-01 1.492162488668991776e-04 1.598199200518348739e-01
2.896650340278392299e+00 1.615460307234053705e-01 1.492126030095874338e-04 1.613968181203981889e-01
2.897761698357965265e+00 1.631412086863258115e-01 1.501960439956311229e-04 1.629910126423283201e-01
2.898873056437538676e+00 1.647547924326170921e-01 1.521792580179710645e-04 1.646026131746036736e-01
2.899984414517112086e+00 1.663863904443016184e-01 1.550106933436701240e-04 1.662313797509544500e-01
2.901095772596685052e+00 1.680351993621446993e-01 1.583993778822484814e-04 1.678767999842622483e-01
2.902207130676258462e+00 1.697001700932198320e-01 1.619627505328872824e-04 1.695382073426846825e-01
2.903318488755831428e+00 1.713802095556085092e-01 1.652896492771306722e-04 1.712149199063307536e-01
2.904429846835404838e+00 1.730743841284098083e-01 1.680080923246298830e-04 1.729063760360839419e-01
2.905541204914977804e+00 1.747820911789600418e-01 1.698466863324405872e-04 1.746122444926273554e-01
2.906652562994551214e+00 1.765031709158861317e-01 1.706795319689863820e-04 1.763324913839142416e-01
2.907763921074124625e+00 1.782379412320807544e-01 1.705472033887731954e-04 1.780673940286948975e-01
2.908875279153697591e+00 1.799871513723309280e-01 1.696503108490021955e-04 1.798175010614863067e-01
2.909986637233271001e+00 1.817518639596530650e-01 1.683166684747077499e-04 1.815835472911862536e-01
2.911097995312844411e+00 1.835332868432861253e-01 1.669474395421139139e-04 1.833663394037411964e-01
2.912209353392417377e+00 1.853325843994118316e-01 1.659511028784617283e-04 1.851666332965367923e-01
2.913320711471990787e+00 1.871507009863619675e-01 1.656761031665461516e-04 1.869850248831943507e-01
2.914432069551564197e+00 1.889882267440599062e-01 1.663532806779317950e-04 1.888218734633791140e-01
2.915543427631137163e+00 1.908453283054554472e-01 1.680575814537913317e-04 1.906772707239983988e-01
2.916654785710710573e+00 1.927217555754948686e-01 1.706953873593861082e-04 1.925510601881382788e-01
2.917766143790283540e+00 1.946169224928347707e-01 1.740195952592295508e-04 1.944429028975726004e-01
2.918877501869856950e+00 1.965300468874976170e-01 1.776700076118865423e-04 1.963523768798815794e-01
2.919988859949429916e+00 1.984603243613011214e-01 1.812324246528190146e-04 1.982790919366479998e-01
2.921100218029003326e+00 2.004071052902393901e-01 1.843067384762755393e-04 2.002227985517657238e-01
2.922211576108576736e+00 2.023700435667760700e-01 1.865728320521690823e-04 2.021834707347273108e-01
2.923322934188149702e+00 2.043491906530708335e-01 1.878434302359479799e-04 2.041613472228358261e-01
2.924434292267723112e+00 2.063450180573694892e-01 1.880951811025214282e-04 2.061569228762703543e-01
2.925545650347296522e+00 2.083583638535848048e-01 1.874728160662120257e-04 2.081708910375189292e-01
2.926657008426869488e+00 2.103903121942086174e-01 1.862656605535592178e-04 2.102040465336567909e-01
2.927768366506442899e+00 2.124420266352065323e-01 1.848603165061074442e-04 2.122571663186974822e-01
2.928879724586015865e+00 2.145145664453403378e-01 1.836772649970056588e-04 2.143308891803445415e-01
2.929991082665589275e+00 2.166087184437514301e-01 1.831017945451610227e-04 2.164256166492053157e-01
2.931102440745162685e+00 2.187248746766681795e-01 1.834206091578364801e-04 2.185414540675133244e-01
2.932213798824735651e+00 2.208629787249172527e-01 1.847745513772224880e-04 2.206782041735388111e-01
2.933325156904309061e+00 2.230225518603241308e-01 1.871352383240143351e-04 2.228354166219999322e-01
2.934436514983882027e+00 2.252027965674589793e-01 1.903094847547910195e-04 2.250124870827031887e-01
2.935547873063455437e+00 2.274027614334568348e-01 1.939708205498969786e-04 2.272087906129030555e-01
2.936659231143028848e+00 2.296215403896589013e-01 1.977129516097499639e-04 2.294238274380499543e-01
2.937770589222601814e+00 2.318584726823732511e-01 2.011163966983990821e-04 2.316573562856724389e-01
2.938881947302175224e+00 2.341133089485726848e-01 2.038173546188921568e-04 2.339094915939535224e-01
2.939993305381748634e+00 2.363863136426213041e-01 2.055674764892275559e-04 2.361807461661267760e-01
2.941104663461321600e+00 2.386782840797039562e-01 2.062747015327755261e-04 2.384720093781697303e-01
2.942216021540895010e+00 2.409904799349566196e-01 2.060184198148507211e-04 2.407844615151391310e-01
2.943327379620467976e+00 2.433244719471912565e-01 2.050364426982187883e-04 2.431194355044913324e-01
2.944438737700041386e+00 2.456819323484633333e-01 2.036858986968142040e-04 2.454782464497620165e-01
2.945550095779614796e+00 2.480643998569373176e-01 2.023844661595617766e-04 2.478620153907777068e-01
2.946661453859187763e+00 2.504730571493758440e-01 2.015415976870770908e-04 2.502715155516943568e-01
2.947772811938761173e+00 2.529085576342519626e-01 2.014910491971799256e-04 2.527070665850528197e-01
2.948884170018334139e+00 2.553709311554175354e-01 2.024358242401123561e-04 2.551684953311820214e-01
2.949995528097907549e+00 2.578595860460322076e-01 2.044146125879094198e-04 2.576551714334430199e-01
2.951106886177480959e+00 2.603734096573576129e-01 2.072952734051784610e-04 2.601661143839492096e-01
2.952218244257053925e+00 2.629109535620518523e-01 2.107964665683247931e-04 2.627001570954852760e-01
2.953329602336627335e+00 2.654706756799823375e-01 2.145339017712813055e-04 2.652561417782093867e-01
2.954440960416200745e+00 2.680512018997887602e-01 2.180836166403330530e-04 2.678331182831530377e-01
2.955552318495773712e+00 2.706515660107982058e-01 2.210518810271198248e-04 2.704305141297684845e-01
2.956663676575347122e+00 2.732713896044605129e-01 2.231402198612093520e-04 2.730482493845970970e-01
2.957775034654920088e+00 2.759109726718306232e-01 2.241948355394373499e-04 2.756867778362849242e-01
2.958886392734493498e+00 2.785712795157110344e-01 2.242322654556208811e-04 2.783470472502519444e-01
2.959997750814066908e+00 2.812538211179734238e-01 2.234370126764611132e-04 2.810303841052989582e-01
2.961109108893639874e+00 2.839604516065442064e-01 2.221314972900018797e-04 2.837383201092578133e-01
2.962220466973213284e+00 2.866931102938033438e-01 2.207232346152534748e-04 2.864723870591859844e-01
2.963331825052786250e+00 2.894535496534871299e-01 2.196379037030907243e-04 2.892339117497821910e-01
2.964443183132359660e+00 2.922430921006256010e-01 2.192493056781727164e-04 2.920238427949455873e-01
2.965554541211933071e+00 2.950624540948481034e-01 2.198177399124838212e-04 2.948426363549417895e-01
2.966665899291506037e+00 2.979116655597979224e-01 2.214469572752798582e-04 2.976902186025215946e-01
2.967777257371079447e+00 3.007900975673203359e-01 2.240668063945962317e-04 3.005660307609250848e-01
2.968888615450652857e+00 3.036965940686870424e-01 2.274444696907738093e-04 3.034691495989988996e-01
2.969999973530225823e+00 3.066296869209076403e-01 2.312224837470268411e-04 3.063984644371645083e-01
2.971111331609799233e+00 3.095878602120957224e-01 2.349773267422791310e-04 3.093528828853484014e-01
2.972222689689372199e+00 3.125698220660005355e-01 2.382889608626296890e-04 3.123315331051391697e-01
2.973334047768945609e+00 3.155747409698445027e-01 2.408099000597589874e-04 3.153339310697868547e-01
2.974445405848519020e+00 3.186024094024040298e-01 2.423224346924207325e-04 3.183600869677080114e-01
2.975556763928091986e+00 3.216533092206283473e-01 2.427745770821274085e-04 3.214105346435419674e-01
2.976668122007665396e+00 3.247285690082123422e-01 2.422887804366997304e-04 3.244862802277732050e-01
2.977779480087238362e+00 3.278298208583577678e-01 2.411419560045341090e-04 3.275886789023559897e-01
2.978890838166811772e+00 3.309589800750076805e-01 2.397200350328172118e-04 3.307192600399710414e-01
2.980002196246385182e+00 3.341179834524052317e-01 2.384545163375174784e-04 3.338795289360679264e-01
2.981113554325958148e+00 3.373085281859063977e-01 2.377514160056826956e-04 3.370707767698972734e-01
2.982224912405531558e+00 3.405318530620491391e-01 2.379243014854635278e-04 3.402939287605631358e-01
2.983336270485104968e+00 3.437885964717438680e-01 2.391424372870923549e-04 3.435494540344538605e-01
2.984447628564677935e+00 3.470787531601506881e-01 2.414025988334488287e-04 3.468373505613132624e-01
2.985558986644251345e+00 3.504017355453949989e-01 2.445292286221647680e-04 3.501572063167670557e-01
2.986670344723824311e+00 3.537565285244105850e-01 2.482029517340854688e-04 3.535083255726711449e-01
2.987781702803397721e+00 3.571419116876538569e-01 2.520128010918955361e-04 3.568898988865586430e-01
2.988893060882970687e+00 3.605567122021282045e-01 2.555235947020898326e-04 3.603011886074243830e-01
2.990004418962544097e+00 3.640000470030732016e-01 2.583474015535368123e-04 3.637416996015167547e-01
2.991115777042117507e+00 3.674715150669253250e-01 2.602073441805821306e-04 3.672113077227430189e-01
2.992227135121690473e+00 3.709713090254005974e-01 2.609832300224730790e-04 3.707103257953781039e-01
2.993338493201263883e+00 3.745002287970882748e-01 2.607314785797699920e-04 3.742394973185035334e-01
2.994449851280837294e+00 3.780595960271456724e-01 2.596760299311693851e-04 3.777999199972097433e-01
2.995561209360410260e+00 3.816510842858542030e-01 2.581716900065899158e-04 3.813929125958496757e-01
2.996672567439983670e+00 3.852764935340370900e-01 2.566459050670055059e-04 3.850198476289658500e-01
2.997783925519557080e+00 3.889375061218557361e-01 2.555285152399260659e-04 3.886819776066163801e-01
2.998895283599130046e+00 3.926354641464122053e-01 2.551810280377469781e-04 3.923802831183683670e-01
3.000006641678703456e+00 3.963712039880223914e-01 2.558370477691847365e-04 3.961153669402545652e-01
3.001117999758276422e+00 4.001449739966554953e-01 2.575636773688509923e-04 3.998874103192827656e-01
3.002229357837849832e+00 4.039564472842972487e-01 2.602502721395085839e-04 4.036961970121543675e-01
3.003340715917422798e+00 4.078048257578260616e-01 2.636264334739881355e-04 4.075411993243562292e-01
3.004452073996996209e+00 4.116890165388704115e-01 2.673063223034223188e-04 4.114217102165583784e-01
3.005563432076569619e+00 4.156078502488153581e-01 2.708520374606111932e-04 4.153369982113546688e-01
3.006674790156142585e+00 4.195603042040795261e-01 2.738456571202665577e-04 4.192864585469583960e-01
3.007786148235715995e+00 4.235456933978972160e-01 2.759581013771700893e-04 4.232697352965145154e-01
3.008897506315289405e+00 4.275637982175151675e-01 2.770034800890265343e-04 4.272867947374179298e-01
3.010008864394862371e+00 4.316149090891726603e-01 2.769699617612970239e-04 4.313379391274137498e-01
3.011120222474435781e+00 4.356997827201576912e-01 2.760220489016533508e-04 4.354237606712536568e-01
3.012231580554008747e+00 4.398195198496417935e-01 2.744738416259897250e-04 4.395450460080107535e-01
3.013342938633582158e+00 4.439753878330078285e-01 2.727376429918681924e-04 4.437026501900226960e-01
3.014454296713155568e+00 4.481686206918469861e-01 2.712563217392088355e-04 4.478973643701039675e-01
3.015565654792728534e+00 4.524002328872102630e-01 2.704305317038788398e-04 4.521298023555038736e-01
3.016677012872301944e+00 4.566708804063442928e-01 2.705527488768929190e-04 4.564003276574653545e-01
3.017788370951874910e+00 4.609807942506310985e-01 2.717589827726853710e-04 4.607090352678571699e-01
3.018899729031448320e+00 4.653297985301991790e-01 2.740061274702113936e-04 4.650557924027250434e-01
3.020011087111021730e+00 4.697174103138196943e-01 2.770787126071384376e-04 4.694403316012120686e-01
3.021122445190594696e+00 4.741430037349657067e-01 2.806239856206744587e-04 4.738623797493446421e-01
3.022233803270168107e+00 4.786060091495775715e-01 2.842095969947360380e-04 4.783217995525811950e-01
3.023345161349741517e+00 4.831061114185350447e-01 2.873944367064268867e-04 4.828187169818294322e-01
3.024456519429314483e+00 4.876434108614050023e-01 2.898009959327365053e-04 4.873536098654753790e-01
3.025567877508887893e+00 4.922185162561671934e-01 2.911773628375796913e-04 4.919273388933297353e-01
3.026679235588460859e+00 4.968325505246994900e-01 2.914386508070112929e-04 4.965411118738894403e-01
3.027790593668034269e+00 5.014870645878158895e-01 2.906810263404121012e-04 5.011963835614758889e-01
3.028901951747607679e+00 5.061838708033158385e-01 2.891659999542933322e-04 5.058947048033627381e-01
3.030013309827180645e+00 5.109248217134509940e-01 2.872775288683570476e-04 5.106375441845821817e-01
3.031124667906754055e+00 5.157115700463752450e-01 2.854589520783706673e-04 5.154261110942909285e-01
3.032236025986327022e+00 5.205453502294614676e-01 2.841401009020124400e-04 5.202612101285593038e-01
3.033347384065900432e+00 5.254268192355276978e-01 2.836665536656041587e-04 5.251431526818567397e-01
3.034458742145473842e+00 5.303559856725464927e-01 2.842426628292539200e-04 5.300717430097161564e-01
3.035570100225046808e+00 5.353322420266808379e-01 2.858977304190497512e-04 5.350463442962656302e-01
3.036681458304620218e+00 5.403544981200487651e-01 2.884809116452316654e-04 5.400660172084020827e-01
3.037792816384193628e+00 5.454213969247889704e-01 2.916857096500718029e-04 5.451297112151395341e-01
3.038904174463766594e+00 5.505315797033147884e-01 2.951000612329262446e-04 5.502364796420782245e-01
3.040015532543340004e+00 5.556839584424033696e-01 2.982738036476847445e-04 5.553856846387564827e-01
3.041126890622912970e+00 5.608779513085507817e-01 3.007924490451893001e-04 5.605771588595004351e-01
3.042238248702486381e+00 5.661136418780328139e-01 3.023451479146655753e-04 5.658112967301139884e-01
3.043349606782059791e+00 5.713918344945766448e-01 3.027756694237971843e-04 5.710890588251470446e-01
3.044460964861632757e+00 5.767139944863228784e-01 3.021080108926734700e-04 5.764118864754288474e-01
3.045572322941206167e+00 5.820820805275481735e-01 3.005424143212012591e-04 5.817815381132213082e-01
3.046683681020779133e+00 5.874982941494126809e-01 2.984224308722017516e-04 5.871998717185329397e-01
3.047795039100352543e+00 5.929647853732539220e-01 2.961784351360624047e-04 5.926686069381172928e-01
3.048906397179925953e+00 5.984833613092597204e-01 2.942568666260145585e-04 5.981891044426325132e-01
3.050017755259498919e+00 6.040552449528181489e-01 2.930468280149608898e-04 6.037621981248036951e-01
3.051129113339072330e+00 6.096809241390571676e-01 2.928161099856108388e-04 6.093881080290695085e-01
3.052240471418645740e+00 6.153601167412641182e-01 2.936671674409680518e-04 6.150664495738169535e-01
3.053351829498218706e+00 6.210918598878191199e-01 2.955202938841222952e-04 6.207963395939389839e-01
3.054463187577792116e+00 6.268747111154390206e-01 2.981267683408530297e-04 6.265765843470973984e-01
3.055574545657365082e+00 6.327070311759097621e-01 3.011098173696403211e-04 6.324059213585405681e-01
3.056685903736938492e+00 6.385873046237876549e-01 3.040266550257397500e-04 6.382832779687592772e-01
3.057797261816511902e+00 6.445144475879763801e-01 3.064413902013834816e-04 6.442080061977758509e-01
3.058908619896084868e+00 6.504880534340164999e-01 3.079967963109025769e-04 6.501800566377076152e-01
3.060019977975658279e+00 6.565085362385378875e-01 3.084731195496042376e-04 6.562000631189872646e-01
3.061131336055231245e+00 6.625771477310009594e-01 3.078242306523720924e-04 6.622693235003493939e-01
3.062242694134804655e+00 6.686958631516349838e-01 3.061851522498964433e-04 6.683896779993828696e-01
3.063354052214378065e+00 6.748671521991617128e-01 3.038497070204716527e-04 6.745633024921385834e-01
3.064465410293951031e+00 6.810936695939859842e-01 3.012219553822266809e-04 6.807924476385988077e-01
3.065576768373524441e+00 6.873779128094495983e-01 2.987494146022157951e-04 6.870791633948455379e-01
3.066688126453097851e+00 6.937219001135994656e-01 2.968490610917810107e-04 6.934250510525030720e-01
3.067799484532670817e+00 7.001269192777300754e-01 2.958383171400132345e-04 6.998310809605882143e-01
3.068910842612244227e+00 7.065933865423613680e-01 2.958824129238397851e-04 7.062975041294360379e-01
3.070022200691817194e+00 7.131208383649573213e-01 2.969668257259255309e-04 7.128238715392256619e-01
3.071133558771390604e+00 7.197080577907880583e-01 2.988993719684251765e-04 7.194091584188176958e-01
3.072244916850963570e+00 7.263533162682644928e-01 3.013416422751213257e-04 7.260519746259935792e-01
3.073356274930536980e+00 7.330546937029189802e-01 3.038646296091515337e-04 7.327508290733076857e-01
3.074467633010110390e+00 7.398104273801113795e-01 3.060194033141918160e-04 7.395044079767997269e-01
3.075578991089683356e+00 7.466192360087854363e-01 3.074111875682171446e-04 7.463118248212141648e-01
3.076690349169256766e+00 7.534805692404620281e-01 3.077646243649883977e-04 7.531728046160971468e-01
3.077801707248830176e+00 7.603947449280858972e-01 3.069694366726970604e-04 7.600877754914076023e-01
3.078913065328403142e+00 7.673629541993105541e-01 3.050989230439603425e-04 7.670578552762659097e-01
3.080024423407976553e+00 7.743871352735747227e-01 3.023981832965860262e-04 7.740847370902788072e-01
3.081135781487549963e+00 7.814697375253263356e-01 2.992439613095903422e-04 7.811704935640155778e-01
3.082247139567122929e+00 7.886134143089315041e-01 2.960826745115452256e-04 7.883173316344197490e-01
3.083358497646696339e+00 7.958206938248363338e-01 2.933568079056903064e-04 7.955273370169293479e-01
3.084469855726269305e+00 8.030936801414182424e-01 2.914317871790517416e-04 8.028022483542405219e-01
3.085581213805842715e+00 8.104338309937052509e-01 2.905353887374591835e-04 8.101432956049602341e-01
3.086692571885415681e+00 8.178418460980771965e-01 2.907197005000512410e-04 8.175511263975773213e-01
3.087803929964989091e+00 8.253176815767244712e-01 2.918519494570301223e-04 8.250258296272653391e-01
3.088915288044562502e+00 8.328606856279324733e-01 2.936357668824337934e-04 8.325670498610543424e-01
3.090026646124135468e+00 8.404698311254268361e-01 2.956594496615023515e-04 8.401741716757641365e-01
3.091138004203708878e+00 8.481440055024245250e-01 2.974633217743694459e-04 8.478465421806454794e-01
3.092249362283282288e+00 8.558823095163307082e-01 2.986151383159172182e-04 8.555836943780111836e-01
3.093360720362855254e+00 8.636843156566695878e-01 2.987811285619272963e-04 8.633855345281061799e-01
3.094472078442428664e+00 8.715502441165751124e-01 2.977809693628304956e-04 8.712524631472129411e-01
3.095583436522001630e+00 8.794810281716954892e-01 2.956176046538453025e-04 8.791854105670415809e-01
3.096694794601575040e+00 8.874782591747610860e-01 2.924769523052514301e-04 8.871857822224579193e-01
3.097806152681148451e+00 8.955440211644362103e-01 2.886974890303893484e-04 8.952553236754027255e-01
3.098917510760721417e+00 9.036806430595585304e-01 2.847146641277251838e-04 9.033959283954277053e-01
3.100028868840294827e+00 9.118904096654806279e-01 2.809892465485626964e-04 9.116094204189308936e-01
3.101140226919867793e+00 9.201752791223618555e-01 2.779313719161293828e-04 9.198973477504451823e-01
3.102251584999441203e+00 9.285366529980111361e-01 2.758327856114456867e-04 9.282608202123926455e-01
3.103362943079014613e+00 9.369752362626697639e-01 2.748184514221231221e-04 9.367004178112423585e-01
3.104474301158587579e+00 9.454910094110688945e-01 2.748255272862908279e-04 9.452161838837820351e-01
3.105585659238160989e+00 9.540833165155835349e-01 2.756132186670578956e-04 9.538077032969163316e-01
3.106697017317734399e+00 9.627510540614275802e-01 2.768019430639675430e-04 9.624742521183613508e-01
3.107808375397307366e+00 9.714929291337067729e-01 2.779354108736705234e-04 9.712149937228304886e-01
3.108919733476880776e+00 9.803077445463522777e-01 2.785554435083062983e-04 9.800291891028454216e-01
3.110031091556453742e+00 9.891946645805724803e-01 2.782772341688009464e-04 9.889163873464045240e-01
3.111142449636027152e+00 9.981534187162799387e-01 2.768526611652625245e-04 9.978765660551158767e-01
3.112253807715600562e+00 1.007184411416831349e+00 2.742112075068279717e-04 1.006910200209322870e+00
3.113365165795173528e+00 1.016288721840926446e+00 2.704717074046605581e-04 1.016018250133519318e+00
3.114476523874746938e+00 1.025467995653994491e+00 2.659229298844326171e-04 1.025202072724102020e+00
3.115587881954319904e+00 1.034724248844478778e+00 2.609761357252780791e-04 1.034463272708751269e+00
3.116699240033893314e+00 1.044059617692327357e+00 2.560973633988275207e-04 1.043803520328929535e+00
3.117810598113466725e+00 1.053476097453739380e+00 2.517305515002924050e-04 1.053224366902235865e+00
3.118921956193039691e+00 1.062975313574423319e+00 2.482241354334276703e-04 1.062727089438987749e+00
3.120033314272613101e+00 1.072558363172237961e+00 2.457732097234260372e-04 1.072312589962521656e+00
3.121144672352186511e+00 1.082225752212976344e+00 2.443868103187825337e-04 1.081981365402657547e+00
3.122256030431759477e+00 1.091977437346569157e+00 2.438857573281645087e-04 1.091733551589235240e+00
3.123367388511332887e+00 1.101812963556354052e+00 2.439314816670750058e-04 1.101569032074686483e+00
3.124478746590905853e+00 1.111731672599912457e+00 2.440811626335962295e-04 1.111487591437275047e+00
3.125590104670479263e+00 1.121732945392024838e+00 2.438601656052374086e-04 1.121489085226415439e+00
3.126701462750052229e+00 1.131816435965768974e+00 2.428399046482227440e-04 1.131573596061119957e+00
3.127812820829625640e+00 1.141982256346262048e+00 2.407083376208964229e-04 1.141741548008640139e+00
3.128924178909199050e+00 1.152231080274255026e+00 2.373214856547238203e-04 1.151993758788603106e+00
3.130035536988772016e+00 1.162564147745299925e+00 2.327274638859907195e-04 1.162331420281405236e+00
3.131146895068345426e+00 1.172983169410719562e+00 2.271590105153155044e-04 1.172756010400199944e+00
3.132258253147918836e+00 1.183490147122783887e+00 2.209956695549145306e-04 1.183269151453229640e+00
3.133369611227491802e+00 1.194087141383033845e+00 2.147017706610230105e-04 1.193872439612368774e+00
3.134480969307065212e+00 1.204776025720640575e+00 2.087503372247870813e-04 1.204567275383415348e+00
3.135592327386638622e+00 1.215558270509442096e+00 2.035453844481951383e-04 1.215354725124989432e+00
3.136703685466211589e+00 1.226434793989778838e+00 1.993553568652673899e-04 1.226235438632912178e+00
3.137815043545784999e+00 1.237405907077953726e+00 1.962686490713190025e-04 1.237209638428877989e+00
3.138926401625357965e+00 1.248471362782769711e+00 1.941785477002961778e-04 1.248277184235068615e+00
3.140037759704931375e+00 1.259630503345106733e+00 1.928001164340791451e-04 1.259437703228662553e+00
3.141149117784504341e+00 1.270882481547247256e+00 1.917163082746773295e-04 1.270690765238968956e+00
3.142260475864077751e+00 1.282226519816892951e+00 1.904457899545586590e-04 1.282036074026937200e+00
3.143371833943651161e+00 1.293662163947510546e+00 1.885213909252828469e-04 1.293473642556584258e+00
3.144483192023224127e+00 1.305189488657267693e+00 1.855663319447527638e-04 1.305003922325320032e+00
3.145594550102797538e+00 1.316809219783966256e+00 1.813557366817397404e-04 1.316627864047277940e+00
3.146705908182370948e+00 1.328522751443460770e+00 1.758533291889285695e-04 1.328346898114268759e+00
3.147817266261943914e+00 1.340332053741507989e+00 1.692172788922234052e-04 1.340162836462614138e+00
3.148928624341517324e+00 1.352239484766801558e+00 1.617742082844907017e-04 1.352077710558517776e+00
3.150039982421090734e+00 1.364247536592479992e+00 1.539655981650259685e-04 1.364093570994316051e+00
3.151151340500663700e+00 1.376358556205320216e+00 1.462753542819488211e-04 1.376212280851034642e+00
3.152262698580237110e+00 1.388574486778825889e+00 1.391503936055111612e-04 1.388435336385214880e+00
3.153374056659810076e+00 1.400896671733907084e+00 1.329272590975943958e-04 1.400763744474806005e+00
3.154485414739383486e+00 1.413325754045632543e+00 1.277767885346914453e-04 1.413197977257095950e+00
3.155596772818956453e+00 1.425861687876619266e+00 1.236759058678093236e-04 1.425738011970748786e+00
3.156708130898529863e+00 1.438503861370626469e+00 1.204111571854136478e-04 1.438383450213438275e+00
3.157819488978103273e+00 1.451251311323325188e+00 1.176134070127446342e-04 1.451133697916311194e+00
3.158930847057676239e+00 1.464102995445647037e+00 1.148179991221944245e-04 1.463988177446524652e+00
3.160042205137249649e+00 1.477058078526913398e+00 1.115405087668566801e-04 1.476946538018148125e+00
3.161153563216823059e+00 1.490116186541721621e+00 1.073556567331904443e-04 1.490008830884982816e+00
3.162264921296396025e+00 1.503277587998247622e+00 1.019664402683609182e-04 1.503175621557976571e+00
3.163376279375969435e+00 1.516543273729556773e+00 9.525214682497934145e-05 1.516448021582726735e+00
3.164487637455542846e+00 1.529914922913134800e+00 8.728738935104408774e-05 1.529827635523782536e+00
3.165598995535115812e+00 1.543394761627557843e+00 7.832906594996662665e-05 1.543316432561603113e+00
3.166710353614689222e+00 1.556985337661837887e+00 6.877341906290761219e-05 1.556916564242776246e+00
3.167821711694262188e+00 1.570689248717418884e+00 5.909028295899096682e-05 1.570630158434455081e+00
3.168933069773835598e+00 1.584508868385182678e+00 4.974535507432000235e-05 1.584459123030108385e+00
3.170044427853408564e+00 1.598446114174669752e+00 4.112329012797513744e-05 1.598404990884544574e+00
3.171155785932981974e+00 1.612502294478007414e+00 3.346427273918175404e-05 1.612468830205274761e+00
3.172267144012555384e+00 1.626678057935488253e+00 2.682449782944746131e-05 1.626651233437659050e+00
3.173378502092128350e+00 1.640973451504011749e+00 2.106704469866073757e-05 1.640952384459311464e+00
3.174489860171701761e+00 1.655388075494954148e+00 1.588461941243555708e-05 1.655372190875536553e+00
3.175601218251275171e+00 1.669921307961699242e+00 1.085038624521703132e-05 1.669910457575452867e+00
3.176712576330848137e+00 1.684572559722846252e+00 5.488477905369555234e-06 1.684567071244936542e+00
3.177823934410421547e+00 1.699341516826598619e+00 -6.474705049650279079e-07 1.699342164297102054e+00
3.178935292489994957e+00 1.714228330099692776e+00 -7.900742007781353198e-06 1.714236230841697184e+00
3.180046650569567923e+00 1.729233721046905758e+00 -1.645507352226976527e-05 1.729250176120427973e+00
3.181158008649141333e+00 1.744358988088477558e+00 -2.630464323548107483e-05 1.744385292731703396e+00
3.182269366728714299e+00 1.759605914408174376e+00 -3.725547907418038610e-05 1.759643169887246783e+00
3.183380724808287709e+00 1.774976595566162940e+00 -4.895806779973351392e-05 1.775025553633961639e+00
3.184492082887860676e+00 1.790473218615116657e+00 -6.096578662786469004e-05 1.790534184401741280e+00
3.185603440967434086e+00 1.806097832435838102e+00 -7.280950519598614632e-05 1.806170641941036603e+00
3.186714799047007496e+00 1.821852150017683414e+00 -8.407602129498167366e-05 1.821936226038980866e+00
3.187826157126580462e+00 1.837737417305034260e+00 -9.447734397149069169e-05 1.837831894649008202e+00
3.188937515206153872e+00 1.853754371085779118e+00 -1.038993321744440408e-04 1.853858270417952037e+00
3.190048873285727282e+00 1.869903292333342737e+00 -1.124215923058285429e-04 1.870015713925637924e+00
3.191160231365300248e+00 1.886184144240759641e+00 -1.203052762844274322e-04 1.886304449517038018e+00
3.192271589444873658e+00 1.902596768914868619e+00 -1.279507231112878007e-04 1.902724719637973294e+00
3.193382947524447069e+00 1.919141106031439170e+00 -1.358318774647778067e-04 1.919276937908906300e+00
3.194494305604020035e+00 1.935817392600520215e+00 -1.444182743813258725e-04 1.935961810874895273e+00
3.195605663683593001e+00 1.952626306150772040e+00 -1.540974613218335019e-04 1.952780403612091042e+00
3.196717021763166411e+00 1.969569023629847537e+00 -1.651106908132390742e-04 1.969734134320664465e+00
3.197828379842739821e+00 1.986647183453870591e+00 -1.775125603900769842e-04 1.986824696014256597e+00
3.198939737922312787e+00 2.003862755812016783e+00 -1.911613529675638360e-04 2.004053917164980270e+00
3.200051096001886197e+00 2.021217843445484164e+00 -2.057417832500428481e-04 2.021423585228731223e+00
3.201162454081459607e+00 2.038714448618279995e+00 -2.208165140399518073e-04 2.038935265132315156e+00
3.202273812161032573e+00 2.056354249401560974e+00 -2.358980502070646989e-04 2.056590147451763606e+00
3.203385170240605984e+00 2.074138428232515707e+00 -2.505292327081467922e-04 2.074388957465219008e+00
3.204496528320179394e+00 2.092067587812245222e+00 -2.643591013625588436e-04 2.092331946913601470e+00
3.205607886399752360e+00 2.110141774937550618e+00 -2.772016169333566460e-04 2.110418976554484960e+00
3.206719244479325770e+00 2.128360614168595344e+00 -2.890675165990584010e-04 2.128649681685196082e+00
3.207830602558898736e+00 2.146723533459402145e+00 -3.001639685660831237e-04 2.147023697427963729e+00
3.208941960638472146e+00 2.165230046445177248e+00 -3.108619721898762955e-04 2.165540908417368460e+00
3.210053318718045112e+00 2.183880044104435925e+00 -3.216367526022088333e-04 2.184201680857038141e+00
3.211164676797618522e+00 2.202674044276657916e+00 -3.329908512485743642e-04 2.203007035127902746e+00
3.212276034877191933e+00 2.221613352032149269e+00 -3.453724818371354437e-04 2.221958724513987793e+00
3.213387392956764899e+00 2.240700096721003565e+00 -3.591025301462025233e-04 2.241059199251148826e+00
3.214498751036338309e+00 2.259937130803953309e+00 -3.743221889061184617e-04 2.260311452992860737e+00
3.215610109115911719e+00 2.279327798258707460e+00 -3.909698593350308311e-04 2.279718768118039307e+00
3.216721467195484685e+00 2.298875602772558757e+00 -4.087911674659056005e-04 2.299284393940023818e+00
3.217832825275058095e+00 2.318583824293674489e+00 -4.273805195898995797e-04 2.319011204813260285e+00
3.218944183354631505e+00 2.338455143607420794e+00 -4.462474470186373688e-04 2.338901391054438506e+00
3.220055541434204471e+00 2.358491336316002940e+00 -4.648969162056685320e-04 2.358956233232206046e+00
3.221166899513777881e+00 2.378693089310782049e+00 -4.829104768881348534e-04 2.379175999787671802e+00
3.222278257593350848e+00 2.399059975541262268e+00 -5.000149689203393748e-04 2.399559990510181873e+00
3.223389615672924258e+00 2.419590599127094954e+00 -5.161275355052455209e-04 2.420106726662597740e+00
3.224500973752497224e+00 2.440282896276776192e+00 -5.313695661007745074e-04 2.440814265842870867e+00
3.225612331832070634e+00 2.461134552291389888e+00 -5.460472817507580580e-04 2.461680599573138561e+00
3.226723689911644044e+00 2.482143475241419317e+00 -5.606021441133946090e-04 2.482704077385533115e+00
3.227835047991217010e+00 2.503308256040380542e+00 -5.755392190721933489e-04 2.503883795259453038e+00
3.228946406070790420e+00 2.524628544569647026e+00 -5.913452429125233860e-04 2.525219889812559515e+00
3.230057764150363830e+00 2.546105282530263469e+00 -6.084098284122858944e-04 2.546713692358673509e+00
3.231169122229936796e+00 2.567740754310529283e+00 -6.269627308911991312e-04 2.568367717041418974e+00
3.232280480309510207e+00 2.589538444311713761e+00 -6.470374540940509274e-04 2.590185481765807651e+00
3.233391838389083617e+00 2.611502718690990932e+00 -6.684671455278227113e-04 2.612171185836513310e+00
3.234503196468656583e+00 2.633638376741635145e+00 -6.909134217458813045e-04 2.634329290163376136e+00
3.235614554548229993e+00 2.655950137784715004e+00 -7.139233487395665097e-04 2.656664061133450883e+00
3.236725912627802959e+00 2.678442140130774973e+00 -7.370051718641325127e-04 2.679179145302639231e+00
3.237837270707376369e+00 2.701117527557369780e+00 -7.597103059647573571e-04 2.701877237863333114e+00
3.238948628786949335e+00 2.723978185859694534e+00 -7.817080678893067970e-04 2.724759893927585885e+00
3.240059986866522745e+00 2.747024669271199926e+00 -8.028408308193516613e-04 2.747827510102014870e+00
3.241171344946096156e+00 2.770256327406031005e+00 -8.231505069517649955e-04 2.771079477912981925e+00
3.242282703025669122e+00 2.793671612396660286e+00 -8.428719917859240317e-04 2.794514484388444409e+00
3.243394061105242532e+00 2.817268517968316122e+00 -8.623946520209622296e-04 2.818130912620325557e+00
3.244505419184815942e+00 2.841045081751988555e+00 -8.821982126186796603e-04 2.841927279964597819e+00
3.245616777264388908e+00 2.864999872472616449e+00 -9.027736277932697870e-04 2.865902646100401796e+00
3.246728135343962318e+00 2.889132386348821857e+00 -9.245420076129100707e-04 2.890056928356432575e+00
3.247839493423535728e+00 2.913443291731122375e+00 -9.477850049619915718e-04 2.914391076736085218e+00
3.248950851503108694e+00 2.937934485389360972e+00 -9.725981897129052983e-04 2.938907083579071156e+00
3.250062209582682105e+00 2.962608954076942691e+00 -9.988751552818591825e-04 2.963607829232218549e+00
3.251173567662255071e+00 2.987470466226950894e+00 -1.026325038586610276e-03 2.988496791265536245e+00
3.252284925741828481e+00 3.012523145863741814e+00 -1.054520621177376443e-03 3.013577666484909212e+00
3.253396283821401447e+00 3.037770999651504322e+00 -1.082969125531757330e-03 3.038853968777028403e+00
3.254507641900974857e+00 3.063217475378898325e+00 -1.111194060097280261e-03 3.064328669438994623e+00
3.255618999980548267e+00 3.088865124862604006e+00 -1.138814621637635393e-03 3.090003939484241346e+00
3.256730358060121233e+00 3.114715427052167307e+00 -1.165609540891490627e-03 3.115881036593057374e+00
3.257841716139694643e+00 3.140768800759077273e+00 -1.191554798724706000e-03 3.141960355557802398e+00
3.258953074219268053e+00 3.167024805151575695e+00 -1.216828929419046159e-03 3.168241634080990909e+00
3.260064432298841020e+00 3.193482494999674071e+00 -1.241784961167648410e-03 3.194724279960841073e+00
3.261175790378414430e+00 3.220140871688889295e+00 -1.266893543793709337e-03 3.221407765232682685e+00
3.262287148457987840e+00 3.246999354502385859e+00 -1.292666573795058166e-03 3.248292021076173874e+00
3.263398506537560806e+00 3.274058192361231523e+00 -1.319573861117964361e-03 3.275377766222344889e+00
3.264509864617134216e+00 3.301318744906557967e+00 -1.347966554697909922e-03 3.302666711461250237e+00
3.265621222696707182e+00 3.328783582214043690e+00 -1.378019957776324689e-03 3.330161602171821222e+00
3.266732580776280592e+00 3.356456381346738738e+00 -1.409705194079750564e-03 3.357866086540814976e+00
3.267843938855853558e+00 3.384341630777309540e+00 -1.442794450638633244e-03 3.385784425227943650e+00
3.268955296935426968e+00 3.412444185178258760e+00 -1.476898999638386100e-03 3.413921084177889309e+00
3.270066655015000379e+00 3.440768738102526036e+00 -1.511533798846078930e-03 3.442280271901367872e+00
3.271178013094573345e+00 3.469319294570802903e+00 -1.546198078258458238e-03 3.470865492649055195e+00
3.272289371174146755e+00 3.498098727122712415e+00 -1.580458665191272804e-03 3.499679185787898827e+00
3.273400729253720165e+00 3.527108487121818570e+00 -1.614022321943181862e-03 3.528722509443761535e+00
3.274512087333293131e+00 3.556348519807866371e+00 -1.646785152495331469e-03 3.557995304960355654e+00
3.275623445412866541e+00 3.585817400394549992e+00 -1.678850888309845997e-03 3.587496251282852100e+00
3.276734803492439951e+00 3.615512674342713950e+00 -1.710514973921507028e-03 3.617223189316632226e+00
3.277846161572012917e+00 3.645431353208234082e+00 -1.742217001645460575e-03 3.647173570209877091e+00
3.278957519651585883e+00 3.675570493223055735e+00 -1.774469265485459878e-03 3.677344962488539704e+00
3.280068877731159294e+00 3.705927770876389360e+00 -1.807773156589423435e-03 3.707735544032968455e+00
3.281180235810732704e+00 3.736501970287082752e+00 -1.842537153001786148e-03 3.738344507440082065e+00
3.282291593890305670e+00 3.767293311010198043e+00 -1.879009926633366020e-03 3.769172320936830189e+00
3.283402951969879080e+00 3.798303569895740139e+00 -1.917239633432582914e-03 3.800220809529172961e+00
3.284514310049452490e+00 3.829535982723248910e+00 -1.957066168404756213e-03 3.831493048891648989e+00
3.285625668129025456e+00 3.860994945448240845e+00 -1.998147756692267903e-03 3.862993093204933004e+00
3.286737026208598866e+00 3.892685565576663009e+00 -2.040017603376745575e-03 3.894725583180036033e+00
3.287848384288172277e+00 3.924613136558118054e+00 -2.082161366952212014e-03 3.926695297925064221e+00
3.288959742367745243e+00 3.956782618630333204e+00 -2.124102771600726563e-03 3.958906721401929563e+00
3.290071100447318653e+00 3.989198206649491318e+00 -2.165483302110327805e-03 3.991363689951597848e+00
3.291182458526891619e+00 4.021863049667989465e+00 -2.206122862294226071e-03 4.024069172530275296e+00
3.292293816606465029e+00 4.054779161019600231e+00 -2.246051373650630179e-03 4.057025212393250868e+00
3.293405174686037995e+00 4.087947525734206167e+00 -2.285506041006298266e-03 4.090233031775207806e+00
3.294516532765611405e+00 4.121368379471560317e+00 -2.324894638271634423e-03 4.123693274109830220e+00
3.295627890845184815e+00 4.155041605171774677e+00 -2.364730747040817878e-03 4.157406335918811813e+00
3.296739248924757781e+00 4.188967174828347240e+00 -2.405551496446596636e-03 4.191372726324783748e+00
3.297850607004331192e+00 4.223145557240618686e+00 -2.447831244213790822e-03 4.225593388484822910e+00
3.298961965083904602e+00 4.257578019321921481e+00 -2.491905328236205999e-03 4.260069924650151663e+00
3.300073323163477568e+00 4.292266767376094805e+00 -2.537916388405727156e-03 4.294804683764495756e+00
3.301184681243050978e+00 4.327214902558200293e+00 -2.585792074103385272e-03 4.329800694632300662e+00
3.302296039322624388e+00 4.362426196883491869e+00 -2.635257816095356882e-03 4.365061454699586285e+00
3.303407397402197354e+00 4.397904727294084992e+00 -2.685882594551977209e-03 4.400590609888621607e+00
3.304518755481770764e+00 4.433654430248909151e+00 -2.737150221088016210e-03 4.436391580470002260e+00
3.305630113561343730e+00 4.469678653886776765e+00 -2.788544462105439423e-03 4.472467198348883066e+00
3.306741471640917140e+00 4.505979786545895927e+00 -2.839634053482931794e-03 4.508819420599377459e+00
3.307852829720490107e+00 4.542559028935720278e+00 -2.890143669216921861e-03 4.545449172604928201e+00
3.308964187800063517e+00 4.579416354356471430e+00 -2.939999209384837591e-03 4.582356353565848472e+00
3.310075545879636927e+00 4.616550670756532249e+00 -2.989339989635231981e-03 4.619540010746167269e+00
3.311186903959209893e+00 4.653960165089045198e+00 -3.038495853748671583e-03 4.656998660942795354e+00
3.312298262038783303e+00 4.691642779863437696e+00 -3.087932999433719641e-03 4.694730712862865474e+00
3.313409620118356713e+00 4.729596749025383851e+00 -3.138177456640502128e-03 4.732734926482020654e+00
3.314520978197929679e+00 4.767821109158886017e+00 -3.189728839490149886e-03 4.771010837998369780e+00
3.315632336277503089e+00 4.806316104413702384e+00 -3.242978599888272830e-03 4.809559083013583702e+00
3.316743694357076500e+00 4.845083419251150936e+00 -3.298146276136330445e-03 4.848381565527284387e+00
3.317855052436649466e+00 4.884126199637299770e+00 -3.355244271656937245e-03 4.887481443908955114e+00
3.318966410516222876e+00 4.923448856470105994e+00 -3.414077001616295376e-03 4.926862933471714889e+00
3.320077768595795842e+00 4.963056679487887202e+00 -3.474274580134119415e-03 4.966530954068010928e+00
3.321189126675369252e+00 5.002955320108734227e+00 -3.535355519735978655e-03 5.006490675628471720e+00
3.322300484754942218e+00 5.043150222694241513e+00 -3.596808116818324061e-03 5.046747030811059354e+00
3.323411842834515628e+00 5.083646092181593801e+00 -3.658177094074818551e-03 5.087304269275662705e+00
3.324523200914089038e+00 5.124446480477000243e+00 -3.719141177146039617e-03 5.128165621654141582e+00
3.325634558993662004e+00 5.165553555297876187e+00 -3.779568749317345228e-03 5.169333124047187589e+00
3.326745917073235415e+00 5.206968086278387808e+00 -3.839542317712456212e-03 5.210807628596096031e+00
3.327857275152808825e+00 5.248689648734116808e+00 -3.899347649764010014e-03 5.252588996383877884e+00
3.328968633232381791e+00 5.290717011054823615e+00 -3.959429258535954350e-03 5.294676440313357269e+00
3.330079991311955201e+00 5.333048642794053329e+00 -4.020319472440899398e-03 5.337068962266488192e+00
3.331191349391528611e+00 5.375683261790477729e+00 -4.082552703078362599e-03 5.379765814493555176e+00
3.332302707471101577e+00 5.418620333091280550e+00 -4.146579000548790243e-03 5.422766912091828040e+00
3.333414065550674987e+00 5.461860440906814773e+00 -4.212691146512665026e-03 5.466073132053318240e+00
3.334525423630247953e+00 5.505405475900372991e+00 -4.280977349384486666e-03 5.509686453249752702e+00
3.335636781709821364e+00 5.549258610355090049e+00 -4.351307427462656856e-03 5.553609917782545757e+00
3.336748139789394330e+00 5.593424068221216849e+00 -4.423354877170914898e-03 5.597847423098382791e+00
3.337859497868967740e+00 5.637906730132272060e+00 -4.496651324763703723e-03 5.642403381457033795e+00
3.338970855948541150e+00 5.682711639817545013e+00 -4.570664520144156369e-03 5.687282304337686334e+00
3.340082214028114116e+00 5.727843493676793685e+00 -4.644887130443655331e-03 5.732488380807231110e+00
3.341193572107687526e+00 5.773306197185036126e+00 -4.718921773937210379e-03 5.778025118958971085e+00
3.342304930187260936e+00 5.819102560011927494e+00 -4.792548305699779500e-03 5.823895108317621805e+00
3.343416288266833902e+00 5.865234178276023336e+00 -4.865762237583544890e-03 5.870099940513606285e+00
3.344527646346407312e+00 5.911701521110569679e+00 -4.938777880774336375e-03 5.916640298991344693e+00
3.345639004425980723e+00 5.958504204862782316e+00 -5.011995571173437532e-03 5.963516200433954140e+00
3.346750362505553689e+00 6.005641407363629725e+00 -5.085938231081825467e-03 6.010727345594705007e+00
3.347861720585127099e+00 6.053112351861925866e+00 -5.161167568080467574e-03 6.058273519430001919e+00
3.348973078664700065e+00 6.100916779149653912e+00 -5.238193583220631874e-03 6.106154972732865893e+00
3.350084436744273475e+00 6.149055328900596251e+00 -5.317392198670332568e-03 6.154372721099261589e+00
3.351195794823846441e+00 6.197529766832720277e+00 -5.398944527941597696e-03 6.202928711360658376e+00
3.352307152903419851e+00 6.246343020369430121e+00 -5.482807805389896399e-03 6.251825828174816024e+00
3.353418510982993261e+00 6.295499017654328178e+00 -5.568722835760514522e-03 6.301067740490085001e+00
3.354529869062566227e+00 6.345002357712475671e+00 -5.656256860635561212e-03 6.350658614573109872e+00
3.355641227142139638e+00 6.394857867767497872e+00 -5.744874942155021175e-03 6.400602742709653015e+00
3.356752585221713048e+00 6.445070122526936451e+00 -5.834028284971328436e-03 6.450904150811909155e+00
3.357863943301286014e+00 6.495643006517849649e+00 -5.923245123231183663e-03 6.501566251641079042e+00
3.358975301380859424e+00 6.546579393252013546e+00 -6.012209350929814851e-03 6.552591602602940490e+00
3.360086659460432834e+00 6.597880995349559186e+00 -6.100814048177819783e-03 6.603981809397734715e+00
3.361198017540005800e+00 6.649548411033710416e+00 -6.189181133086412746e-03 6.655737592166796723e+00
3.362309375619578766e+00 6.701581359424154449e+00 -6.277643884705591190e-03 6.707859003308855428e+00
3.363420733699152176e+00 6.753979065320511843e+00 -6.366695136173077495e-03 6.760345760456685227e+00
3.364532091778725587e+00 6.806740728997670686e+00 -6.456909539471764395e-03 6.813197638537140222e+00
3.365643449858298553e+00 6.859866002163610865e+00 -6.548852537559638268e-03 6.866414854701165638e+00
3.366754807937871963e+00 6.913355390096353581e+00 -6.642990853060757976e-03 6.919998380949413885e+00
3.367866166017445373e+00 6.967210512306606596e+00 -6.739619058910649441e-03 6.973950131365516114e+00
3.368977524097018339e+00 7.021434177841031854e+00 -6.838814174540609747e-03 7.028272992015566878e+00
3.370088882176591749e+00 7.076030262597226894e+00 -6.940425659636735925e-03 7.082970688256854608e+00
3.371200240256165159e+00 7.131003409532667980e+00 -7.044102403553282807e-03 7.138047511936216338e+00
3.372311598335738125e+00 7.186358602786942384e+00 -7.149352276178464090e-03 7.193507955063115133e+00
3.373422956415311535e+00 7.242100688395636254e+00 -7.255624501611141960e-03 7.249356312897241139e+00
3.374534314494884502e+00 7.298233923734145812e+00 -7.362401406076770488e-03 7.305596325140217395e+00
3.375645672574457912e+00 7.354761633414484301e+00 -7.469284581585670761e-03 7.362230917996071433e+00
3.376757030654030878e+00 7.411686031674031838e+00 -7.576061441716856054e-03 7.419262093115743362e+00
3.377868388733604288e+00 7.469008243215260023e+00 -7.682741370233139161e-03 7.476690984585494526e+00
3.378979746813177698e+00 7.526728520603368722e+00 -7.789555646790752991e-03 7.534518076250152241e+00
3.380091104892750664e+00 7.584846622354765699e+00 -7.896921259073956187e-03 7.592743543613837076e+00
3.381202462972324074e+00 7.643362287481862083e+00 -8.005374606268485932e-03 7.651367662088124355e+00
3.382313821051897484e+00 7.702275724359236797e+00 -8.115485999869241629e-03 7.710391210359104797e+00
3.383425179131470450e+00 7.761588027504786602e+00 -8.227768973659180946e-03 7.769815796478443559e+00
3.384536537211043861e+00 7.821301446161450066e+00 -8.342599220055870249e-03 7.829644045381502160e+00
3.385647895290617271e+00 7.881419451932910825e+00 -8.460156347559515816e-03 7.889879608280467416e+00
3.386759253370190237e+00 7.941946585491200139e+00 -8.580397874994693044e-03 7.950526983366192901e+00
3.387870611449763647e+00 8.002888099241445730e+00 -8.703069567181130964e-03 8.011591168808616104e+00
3.388981969529336613e+00 8.064249447756997924e+00 -8.827750248673252656e-03 8.073077198005666588e+00
3.390093327608910023e+00 8.126035704976983354e+00 -8.953923588572571673e-03 8.134989628565552522e+00
3.391204685688482989e+00 8.188251001972924215e+00 -9.081064956400269547e-03 8.197332066929325478e+00
3.392316043768056399e+00 8.250898078903505350e+00 -9.208729025522386855e-03 8.260106807929023631e+00
3.393427401847629810e+00 8.313978029355503452e+00 -9.336623740255985474e-03 8.323314653095755133e+00
3.394538759927202776e+00 8.377490286886349224e+00 -9.464658569598003238e-03 8.386954945455947552e+00
3.395650118006776186e+00 8.441432866627236464e+00 -9.592959258720281171e-03 8.451025825885951193e+00
3.396761476086349596e+00 8.505802835117131977e+00 -9.721846847542386233e-03 8.515524681964668829e+00
3.397872834165922562e+00 8.570596945444881598e+00 -9.851784634220414616e-03 8.580448730079099917e+00
3.398984192245495972e+00 8.635812348080062151e+00 -9.983302044461420111e-03 8.645795650124519227e+00
3.400095550325069382e+00 8.701447274799253506e+00 -1.011690815403042294e-02 8.711564182953281943e+00
3.401206908404642348e+00 8.767501595996625596e+00 -1.025300927881918692e-02 8.777754605275442046e+00
3.402318266484215759e+00 8.833977170009386981e+00 -1.039184432248468209e-02 8.844369014331872947e+00
3.403429624563788725e+00 8.900877933992926927e+00 -1.053344857948064484e-02 8.911411382572408613e+00
3.404540982643362135e+00 8.968209724457386400e+00 -1.067765192977822471e-02 8.978887376387158170e+00
3.405652340722935101e+00 9.035979855689587836e+00 -1.082411162146806362e-02 9.046803967311047856e+00
3.406763698802508511e+00 9.104196519596150949e+00 -1.097237407108359909e-02 9.115168893667229710e+00
3.407875056882081921e+00 9.172868095471955030e+00 -1.112195527531170160e-02 9.183990050747262046e+00
3.408986414961654887e+00 9.242002468999668707e+00 -1.127242632402114357e-02 9.253274895323688298e+00
3.410097773041228297e+00 9.311606454929735932e+00 -1.142348964881092013e-02 9.323029944578539840e+00
3.411209131120801707e+00 9.381685398438134982e+00 -1.157503317670922731e-02 9.393260431614843142e+00
3.412320489200374674e+00 9.452242999556359493e+00 -1.172715323243450798e-02 9.463970152788787615e+00
3.413431847279948084e+00 9.523281368534091129e+00 -1.188014223715220911e-02 9.535161510771239080e+00
3.414543205359521494e+00 9.594801283664283531e+00 -1.203444312500536774e-02 9.606835726789293872e+00
3.415654563439094460e+00 9.666802592971750485e+00 -1.219057796677383738e-02 9.678993170938518631e+00
3.416765921518667870e+00 9.739284682119128789e+00 -1.234906262774273372e-02 9.751633744746863286e+00
3.417877279598240836e+00 9.812246925828230104e+00 -1.251032167113976835e-02 9.824757247499379176e+00
3.418988637677814246e+00 9.885689049555038466e+00 -1.267461774842545789e-02 9.898363667303465618e+00
3.420099995757387212e+00 9.959611350063411805e+00 -1.284200738120764781e-02 9.972453357444608812e+00
3.421211353836960622e+00 1.003401475375985896e+01 -1.301233071635577235e-02 1.004702708447621262e+01
3.422322711916534033e+00 1.010890072458929545e+01 -1.318523723549704443e-02 1.012208596182478892e+01
3.423434069996106999e+00 1.018427106290786988e+01 -1.336024344522438248e-02 1.019763130635308812e+01
3.424545428075680409e+00 1.026012765761418599e+01 -1.353681324906326477e-02 1.027366447086324541e+01
3.425656786155253819e+00 1.033647226206961811e+01 -1.371444788948195971e-02 1.035018670995909851e+01
3.426768144234826785e+00 1.041330635836477647e+01 -1.389277068371581880e-02 1.042719912904848911e+01
3.427879502314400195e+00 1.049063115527956391e+01 -1.407159254412337045e-02 1.050470274782368563e+01
3.428990860393973605e+00 1.056844773624911937e+01 -1.425094735495751469e-02 1.058269868360407706e+01
3.430102218473546571e+00 1.064675734009614239e+01 -1.443109117375322541e-02 1.066118843126988480e+01
3.431213576553119982e+00 1.072556172549965403e+01 -1.461246513721713852e-02 1.074017419063686951e+01
3.432324934632692948e+00 1.080486354630321166e+01 -1.479562790914588574e-02 1.081965917421235801e+01
3.433436292712266358e+00 1.088466665376728670e+01 -1.498116853174344745e-02 1.089964782229902873e+01
3.434547650791839324e+00 1.096497624654697844e+01 -1.516961380287679476e-02 1.098014586034985385e+01
3.435659008871412734e+00 1.104579880961468774e+01 -1.536134525903879930e-02 1.106116015487371662e+01
3.436770366950986144e+00 1.112714181680526693e+01 -1.555653933317267291e-02 1.114269835613843718e+01
3.437881725030559110e+00 1.120901321292780928e+01 -1.575514051914963382e-02 1.122476835344695090e+01
3.438993083110132520e+00 1.129142073356849352e+01 -1.595687201785897860e-02 1.130737760558634264e+01
3.440104441189705931e+00 1.137437115639195184e+01 -1.616128223798574820e-02 1.139053243862992559e+01
3.441215799269278897e+00 1.145786960020134160e+01 -1.636781967579606367e-02 1.147423741987712908e+01
3.442327157348852307e+00 1.154191899241434704e+01 -1.657592406096743826e-02 1.155849491647531302e+01
3.443438515428425717e+00 1.162651980993825873e+01 -1.678511899071160815e-02 1.164330492892896096e+01
3.444549873507998683e+00 1.171167016392204197e+01 -1.699509102057694329e-02 1.172866525494261225e+01
3.445661231587571649e+00 1.179736625001233996e+01 -1.720574238107317605e-02 1.181457199239340561e+01
3.446772589667145059e+00 1.188360312964586818e+01 -1.741720878593976118e-02 1.190102033843179363e+01
3.447883947746718469e+00 1.197037575325146008e+01 -1.762983948796766412e-02 1.198800559273941779e+01
3.448995305826291435e+00 1.205768009192732926e+01 -1.784414289074176541e-02 1.207552423481807047e+01
3.450106663905864846e+00 1.214551421788114105e+01 -1.806070663236947552e-02 1.216357492451350808e+01
3.451218021985438256e+00 1.223387917084685306e+01 -1.828010520252522711e-02 1.225215927604938315e+01
3.452329380065011222e+00 1.232277946954810588e+01 -1.850281015932308398e-02 1.234128227970742486e+01
3.453440738144584632e+00 1.241222317189237678e+01 -1.872911755111933765e-02 1.243095228944349273e+01
3.454552096224158042e+00 1.250222144912887501e+01 -1.895910429874785377e-02 1.252118055342762837e+01
3.455663454303731008e+00 1.259278770895834754e+01 -1.919262052603661756e-02 1.261198032948438374e+01
3.456774812383304418e+00 1.268393637019308251e+01 -1.942931892528855509e-02 1.270336568911837283e+01
3.457886170462877384e+00 1.277568144663168681e+01 -1.966871617955210857e-02 1.279535016281123205e+01
3.458997528542450794e+00 1.286803513152583811e+01 -1.991027623066092891e-02 1.288794540775649189e+01
3.460108886622023761e+00 1.296100658053763155e+01 -2.015350163881884232e-02 1.298116008217644612e+01
3.461220244701597171e+00 1.305460106859870173e+01 -2.039801800483522290e-02 1.307499908660352972e+01
3.462331602781170581e+00 1.314881964713338647e+01 -2.064363762487651799e-02 1.316946328475826178e+01
3.463442960860743547e+00 1.324365935935258598e+01 -2.089039201748780009e-02 1.326454975137006898e+01
3.464554318940316957e+00 1.333911399259021024e+01 -2.113852812771161577e-02 1.336025252071791414e+01
3.465665677019890367e+00 1.343517526949231389e+01 -2.138846901909371295e-02 1.345656373851140586e+01
3.466777035099463333e+00 1.353183431582524321e+01 -2.164074571957669280e-02 1.355347506154480719e+01
3.467888393179036743e+00 1.362908320150343755e+01 -2.189591162636970317e-02 1.365097911312980550e+01
3.468999751258610154e+00 1.372691633960099722e+01 -2.215445371789773188e-02 1.374907079331888937e+01
3.470111109338183120e+00 1.382533154770520412e+01 -2.241671530192801409e-02 1.384774826300712469e+01
3.471222467417756530e+00 1.392433062436926683e+01 -2.268284307258505023e-02 1.394701346744184711e+01
3.472333825497329496e+00 1.402391936360982427e+01 -2.295276718262638516e-02 1.404687213079244934e+01
3.473445183576902906e+00 1.412410701199980601e+01 -2.322621753690848681e-02 1.414733322953671468e+01
3.474556541656475872e+00 1.422490525375162562e+01 -2.350277349075588496e-02 1.424840802724237498e+01
3.475667899736049282e+00 1.432632687714141539e+01 -2.378193859094683213e-02 1.435010881573236396e+01
3.476779257815622692e+00 1.442838432047278907e+01 -2.406322784568961856e-02 1.445244754831847978e+01
3.477890615895195658e+00 1.453108831078688645e+01 -2.434625294039627352e-02 1.455543456372728173e+01
3.479001973974769069e+00 1.463444679150582139e+01 -2.463079117031423057e-02 1.465907758267613126e+01
3.480113332054342479e+00 1.473846428884958826e+01 -2.491682657955291563e-02 1.476338111542914078e+01
3.481224690133915445e+00 1.484314179839263481e+01 -2.520455642736543767e-02 1.486834635482000522e+01
3.482336048213488855e+00 1.494847719310673639e+01 -2.549436187814682966e-02 1.497397155498488353e+01
3.483447406293062265e+00 1.505446607501777478e+01 -2.578674777302511489e-02 1.508025282279079704e+01
3.484558764372635231e+00 1.516110292637174872e+01 -2.608226149837382726e-02 1.518718518787011895e+01
3.485670122452208641e+00 1.526838237310042423e+01 -2.638140446307795164e-02 1.529476377756349947e+01
3.486781480531781607e+00 1.537630035991365141e+01 -2.668455094973079533e-02 1.540298491086338650e+01
3.487892838611355018e+00 1.548485505439792043e+01 -2.699188790457252018e-02 1.551184694230249406e+01
3.489004196690927984e+00 1.559404734400904502e+01 -2.730338577313620729e-02 1.562135072978217920e+01
3.490115554770501394e+00 1.570388085731637418e+01 -2.761880534434950352e-02 1.573149966266072575e+01
3.491226912850074804e+00 1.581436151849416660e+01 -2.793773958680577721e-02 1.584229925808096517e+01
3.492338270929647770e+00 1.592549671954666834e+01 -2.825968363860821564e-02 1.595375640318527566e+01
3.493449629009221180e+00 1.603729425609876458e+01 -2.858412141350851615e-02 1.606587837751227354e+01
3.494560987088794590e+00 1.614976121008768573e+01 -2.891061449338390432e-02 1.617867182458107322e+01
3.495672345168367556e+00 1.626290297043789224e+01 -2.923887855789690862e-02 1.629214184899578299e+01
3.496783703247940966e+00 1.637672255959524037e+01 -2.956883463115143190e-02 1.640629139422637905e+01
3.497895061327514377e+00 1.649122038337401008e+01 -2.990062657097249804e-02 1.652112100994498434e+01
3.499006419407087343e+00 1.660639445200259345e+01 -3.023460180599405259e-02 1.663662905380857637e+01
3.500117777486660753e+00 1.672224104265192679e+01 -3.057125841655983570e-02 1.675281230106848085e+01
3.501229135566233719e+00 1.683875570051396764e+01 -3.091116724810349589e-02 1.686966686776207069e+01
3.502340493645807129e+00 1.695593441842293814e+01 -3.125488191111575054e-02 1.698718930033405528e+01
3.503451851725380095e+00 1.707377480327334851e+01 -3.160285156521876193e-02 1.710537765483856276e+01
3.504563209804953505e+00 1.719227703630112103e+01 -3.195535096173071632e-02 1.722423238726285177e+01
3.505674567884526915e+00 1.731144446402280224e+01 -3.231243939298286683e-02 1.734375690341577325e+01
3.506785925964099881e+00 1.743128371273195398e+01 -3.267395542976575529e-02 1.746395766816169726e+01
3.507897284043673292e+00 1.755180429318937385e+01 -3.303954840588405745e-02 1.758484384159526215e+01
3.509008642123246702e+00 1.767301774195675890e+01 -3.340874151004175757e-02 1.770642648346679593e+01
3.510120000202819668e+00 1.779493641913808588e+01 -3.378101608125158584e-02 1.782871743521933183e+01
3.511231358282393078e+00 1.791757213753516709e+01 -3.415590315046379555e-02 1.795172804068563366e+01
3.512342716361966488e+00 1.804093482662661430e+01 -3.453306702296653208e-02 1.807546789364957718e+01
3.513454074441539454e+00 1.816503143178111657e+01 -3.491236696778322879e-02 1.819994379874890100e+01
3.514565432521112420e+00 1.828986521508569041e+01 -3.529388666928530427e-02 1.832515910175498419e+01
3.515676790600685830e+00 1.841543556434885787e+01 -3.567792641519575841e-02 1.845111349076405816e+01
3.516788148680259241e+00 1.854173834050864045e+01 -3.606495916798966445e-02 1.857780329967662780e+01
3.517899506759832207e+00 1.866876671271280230e+01 -3.645555767283361476e-02 1.870522227038563656e+01
3.519010864839405617e+00 1.879651235731236980e+01 -3.685030459796981989e-02 1.883336266191034269e+01
3.520122222918979027e+00 1.892496684322994938e+01 -3.724970057542738994e-02 1.896221654380536847e+01
3.521233580998551993e+00 1.905412299988373803e+01 -3.765408542717773449e-02 1.909177708531091611e+01
3.522344939078125403e+00 1.918397606897845975e+01 -3.806358574524607713e-02 1.922203965472369802e+01
3.523456297157698813e+00 1.931452447699019714e+01 -3.847809768411959014e-02 1.935300257467431351e+01
3.524567655237271779e+00 1.944577012528801774e+01 -3.889730802498249373e-02 1.948466743331299966e+01
3.525679013316845190e+00 1.957771816994246805e+01 -3.932075023803455888e-02 1.961703892018050155e+01
3.526790371396418156e+00 1.971037634149278972e+01 -3.974788644806192400e-02 1.975012422794084799e+01
3.527901729475991566e+00 1.984375392400128391e+01 -4.017820186561516654e-02 1.988393212586689884e+01
3.529013087555564532e+00 1.997786056191385740e+01 -4.061129610721267436e-02 2.001847185802106921e+01
3.530124445635137942e+00 2.011270508511401900e+01 -4.104695625694959604e-02 2.015375204137097143e+01
3.531235803714711352e+00 2.024829453404358048e+01 -4.148519945953870608e-02 2.028977973350311359e+01
3.532347161794284318e+00 2.038463352970926223e+01 -4.192627780694502954e-02 2.042655980751620959e+01
3.533458519873857728e+00 2.052172407411839217e+01 -4.237064447462513678e-02 2.056409471859301519e+01
3.534569877953431138e+00 2.065956579503738766e+01 -4.281888646082381705e-02 2.070238468149821642e+01
3.535681236033004105e+00 2.079815657663605322e+01 -4.327163482716680359e-02 2.084142821146321722e+01
3.536792594112577515e+00 2.093749345622907043e+01 -4.372946711083006838e-02 2.098122292333990657e+01
3.537903952192150925e+00 2.107757362673416424e+01 -4.419281794668920849e-02 2.112176644468084774e+01
3.539015310271723891e+00 2.121839537091866035e+01 -4.466191266499067170e-02 2.126305728358365599e+01
3.540126668351297301e+00 2.135995876882290290e+01 -4.513673491417112549e-02 2.140509550373706915e+01
3.541238026430870267e+00 2.150226606104132898e+01 -4.561703380163952687e-02 2.154788309484297670e+01
3.542349384510443677e+00 2.164532161068501637e+01 -4.610236955618443599e-02 2.169142398024120055e+01
3.543460742590016643e+00 2.178913147567033803e+01 -4.659219036055519542e-02 2.183572366603089776e+01
3.544572100669590053e+00 2.193370266900476295e+01 -4.708592783077002880e-02 2.198078859683553432e+01
3.545683458749163464e+00 2.207904223697763157e+01 -4.758309548820444101e-02 2.212662533246583507e+01
3.546794816828736430e+00 2.222515631502664490e+01 -4.808337400716418408e-02 2.227323968903380802e+01
3.547906174908309840e+00 2.237204932367551891e+01 -4.858666912904681390e-02 2.242063599280456998e+01
3.549017532987883250e+00 2.251972344203055698e+01 -4.909313257899311500e-02 2.256881657460955637e+01
3.550128891067456216e+00 2.266817844818734784e+01 -4.960314238022103112e-02 2.271778159056756863e+01
3.551240249147029626e+00 2.281741195270784317e+01 -5.011724564379179542e-02 2.286752919835163311e+01
3.552351607226603036e+00 2.296741998379796712e+01 -5.063607311916071274e-02 2.301805605691712131e+01
3.553462965306176002e+00 2.311819782238941556e+01 -5.116023949842651158e-02 2.316935806188784142e+01
3.554574323385749413e+00 2.326974094230660484e+01 -5.169024589222955685e-02 2.332143118819883654e+01
3.555685681465322379e+00 2.342204589248505187e+01 -5.222640062734818650e-02 2.347427229311240637e+01
3.556797039544895789e+00 2.357511096807094830e+01 -5.276877158624168618e-02 2.362787973965718891e+01
3.557908397624468755e+00 2.372893655372482513e+01 -5.331717818615903937e-02 2.378225373191098768e+01
3.559019755704042165e+00 2.388352507961784355e+01 -5.387122461187603129e-02 2.393739630422971487e+01
3.560131113783615575e+00 2.403888059891439610e+01 -5.443036913095023605e-02 2.409331096804534411e+01
3.561242471863188541e+00 2.419500806345573451e+01 -5.499401834733952388e-02 2.425000208180306771e+01
3.562353829942761951e+00 2.435191243023643892e+01 -5.556163107343260049e-02 2.440747406130985908e+01
3.563465188022335361e+00 2.450959776530674361e+01 -5.613281481649645688e-02 2.456573058012324395e+01
3.564576546101908328e+00 2.466806651761474711e+01 -5.670739897159691317e-02 2.472477391658635071e+01
3.565687904181481738e+00 2.482731911133263480e+01 -5.728547252282662622e-02 2.488460458385546659e+01
3.566799262261055148e+00 2.498735395466157172e+01 -5.786737978241253411e-02 2.504522133444398335e+01
3.567910620340628114e+00 2.514816789377964668e+01 -5.845367451411225684e-02 2.520662156829376954e+01
3.569021978420201524e+00 2.530975706361356004e+01 -5.904503958233230099e-02 2.536880210319588969e+01
3.570133336499774490e+00 2.547211801515652141e+01 -5.964218493013118128e-02 2.553176020008665503e+01
3.571244694579347900e+00 2.563524894430940293e+01 -6.024574028771358808e-02 2.569549468459711861e+01
3.572356052658920866e+00 2.579915081936425025e+01 -6.085615995264532369e-02 2.586000697931690340e+01
3.573467410738494277e+00 2.596382820881679976e+01 -6.147365510116886006e-02 2.602530186391796718e+01
3.574578768818067687e+00 2.612928964856330083e+01 -6.209816468473430828e-02 2.619138781324803844e+01
3.575690126897640653e+00 2.629554745279290984e+01 -6.272936974850226721e-02 2.635827682254141280e+01
3.576801484977214063e+00 2.646261695641168998e+01 -6.336674898803591749e-02 2.652598370539972805e+01
3.577912843056787473e+00 2.663051526585856621e+01 -6.400966667919957831e-02 2.669452493253776382e+01
3.579024201136360439e+00 2.679925967565462841e+01 -6.465747886362339936e-02 2.686391715451825135e+01
3.580135559215933849e+00 2.696886596690487892e+01 -6.530964070572449487e-02 2.703417560761059235e+01
3.581246917295507259e+00 2.713934683131483894e+01 -6.596579774318207801e-02 2.720531262905801739e+01
3.582358275375080225e+00 2.731071065484851346e+01 -6.662584636464802257e-02 2.737733650121315421e+01
3.583469633454653636e+00 2.748296084937227945e+01 -6.728995384226538201e-02 2.755025080321454922e+01
3.584580991534226602e+00 2.765609584465943627e+01 -6.795853480900114485e-02 2.772405437946843065e+01
3.585692349613800012e+00 2.783010975796530673e+01 -6.863218813234518711e-02 2.789874194609765112e+01
3.586803707693372978e+00 2.800499365822039266e+01 -6.931160454523326020e-02 2.807430526276561267e+01
3.587915065772946388e+00 2.818073725204223834e+01 -6.999746010783559902e-02 2.825073471215007359e+01
3.589026423852519798e+00 2.835733075316442964e+01 -7.069031282305229813e-02 2.842802106598748679e+01
3.590137781932092764e+00 2.853476666602476541e+01 -7.139051915052069264e-02 2.860615718517528094e+01
3.591249140011666174e+00 2.871304122342049325e+01 -7.209818385738997470e-02 2.878513940727789233e+01
3.592360498091239585e+00 2.889215526657223876e+01 -7.281315115420940176e-02 2.896496841772645325e+01
3.593471856170812551e+00 2.907211443683069518e+01 -7.353503829277735493e-02 2.914564947512347359e+01
3.594583214250385961e+00 2.925292864977715723e+01 -7.426330586038655535e-02 2.932719195563755576e+01
3.595694572329959371e+00 2.943461092946004598e+01 -7.499735302866888942e-02 2.950960828248870982e+01
3.596805930409532337e+00 2.961717577687572245e+01 -7.573662198248319599e-02 2.969291239885820488e+01
3.597917288489105303e+00 2.980063731786389880e+01 -7.648069432186256622e-02 2.987711801218576113e+01
3.599028646568678713e+00 2.998500751042583445e+01 -7.722936362716956160e-02 3.006223687405300282e+01
3.600140004648252123e+00 3.017029468459749708e+01 -7.798267236847110373e-02 3.024827735696597486e+01
3.601251362727825089e+00 3.035650264018387645e+01 -7.874090726291536890e-02 3.043524354744678817e+01
3.602362720807398500e+00 3.054363044589945630e+01 -7.950455406017116478e-02 3.062313499995961052e+01
3.603474078886971910e+00 3.073167297991325952e+01 -8.027421943187829090e-02 3.081194719934513415e+01
3.604585436966544876e+00 3.092062214193992986e+01 -8.105053305386952789e-02 3.100167267499379875e+01
3.605696795046118286e+00 3.111046856730585830e+01 -8.183404620982147326e-02 3.119230261351568245e+01
3.606808153125691696e+00 3.130120359876375247e+01 -8.262514378118301916e-02 3.138382874254492805e+01
3.607919511205264662e+00 3.149282123335780881e+01 -8.342398423645489003e-02 3.157624521759427694e+01
3.609030869284838072e+00 3.168531976498390534e+01 -8.423047756863509539e-02 3.176955024255254045e+01
3.610142227364411038e+00 3.187870288776219496e+01 -8.504430482628555499e-02 3.196374719258847463e+01
3.611253585443984448e+00 3.207298010406290700e+01 -8.586497598447292989e-02 3.215884508004737796e+01
3.612364943523557415e+00 3.226816638199345277e+01 -8.669191654762634092e-02 3.235485829854106754e+01
3.613476301603130825e+00 3.246428111511950476e+01 -8.752456851738620036e-02 3.255180568363689275e+01
3.614587659682704235e+00 3.266134653596341764e+01 -8.836248898062376567e-02 3.274970902494402480e+01
3.615699017762277201e+00 3.285938580981165558e+01 -8.920542996821537174e-02 3.294859123977986570e+01
3.616810375841850611e+00 3.305842107569088029e+01 -9.005338633698449502e-02 3.314847446202786330e+01
3.617921733921424021e+00 3.325847170162361977e+01 -9.090660372141760870e-02 3.334937830534504144e+01
3.619033092000996987e+00 3.345955298214069984e+01 -9.176554521125789010e-02 3.355131852735194542e+01
3.620144450080570397e+00 3.366167543419667396e+01 -9.263082224140130327e-02 3.375430625643808469e+01
3.621255808160143808e+00 3.386484475469652011e+01 -9.350310110061799129e-02 3.395834785579715032e+01
3.622367166239716774e+00 3.406906240337094260e+01 -9.438300049497987121e-02 3.416344540386592143e+01
3.623478524319290184e+00 3.427432668407865890e+01 -9.527099707302975895e-02 3.436959768115168146e+01
3.624589882398863150e+00 3.448063412943548656e+01 -9.616735448890445515e-02 3.457680148392439179e+01
3.625701240478436560e+00 3.468798095791283487e+01 -9.707208766739026939e-02 3.478505304558022004e+01
3.626812598558009526e+00 3.489636437388178081e+01 -9.798496808981194128e-02 3.499434934197159208e+01
3.627923956637582936e+00 3.510578351832646860e+01 -9.890556911142199537e-02 3.520468908743788461e+01
3.629035314717156346e+00 3.531623994425313384e+01 -9.983334367945524701e-02 3.541607328793257636e+01
3.630146672796729312e+00 3.552773757494597362e+01 -1.007677214496303097e-01 3.562850529639560193e+01
3.631258030876302723e+00 3.574028219122880046e+01 -1.017082090907964892e-01 3.584199040031960948e+01
3.632369388955876133e+00 3.595388057152774053e+01 -1.026544770575589377e-01 3.605653504858530312e+01
3.633480747035449099e+00 3.616853946342214954e+01 -1.036064183862363541e-01 3.627214588180837751e+01
3.634592105115022509e+00 3.638426458894500826e+01 -1.045641697542223220e-01 3.648882875869922060e+01
3.635703463194595919e+00 3.660105987479229128e+01 -1.055280913595148806e-01 3.670658796615180819e+01
3.636814821274168885e+00 3.681892705509267927e+01 -1.064987090752519266e-01 3.692542576416793310e+01
3.637926179353741851e+00 3.703786572597095272e+01 -1.074766286639918661e-01 3.714534235463494838e+01
3.639037537433315705e+00 3.725787384931366120e+01 -1.084624365403739771e-01 3.736633628585403955e+01
3.640148895512888672e+00 3.747894862156328344e+01 -1.094566038591001655e-01 3.758840522542238460e+01
3.641260253592461638e+00 3.770108755554463897e+01 -1.104594101881390955e-01 3.781154696573277363e+01
3.642371611672035048e+00 3.792428958058428634e+01 -1.114708997815475888e-01 3.803576048036585178e+01
3.643482969751608458e+00 3.814855595577251535e+01 -1.124908780243392137e-01 3.826104683379686122e+01
3.644594327831181424e+00 3.837389081513913425e+01 -1.135189488836695071e-01 3.848740976402279301e+01
3.645705685910754834e+00 3.860030121829511529e+01 -1.145545872869123127e-01 3.871485580558201178e+01
3.646817043990328244e+00 3.882779665722430451e+01 -1.155972344129505419e-01 3.894339389163724263e+01
3.647928402069901210e+00 3.905638805728986540e+01 -1.166463999259929329e-01 3.917303445721588417e+01
3.649039760149474620e+00 3.928608639429846505e+01 -1.177017538748865583e-01 3.940378814817334785e+01
3.650151118229048031e+00 3.951690111627631552e+01 -1.187631925609630296e-01 3.963566430883727065e+01
3.651262476308620997e+00 3.974883859765370175e+01 -1.198308669001340449e-01 3.986866946455383243e+01
3.652373834388193963e+00 3.998190085829949680e+01 -1.209051679849325739e-01 4.010280602628442637e+01
3.653485192467767817e+00 4.021608474906678055e+01 -1.219866716737687123e-01 4.033807142074054752e+01
3.654596550547340783e+00 4.045138174347520987e+01 -1.230760509186240442e-01 4.057445779439383671e+01
3.655707908626913749e+00 4.068777839096282634e+01 -1.241739700405002644e-01 4.081195236100333545e+01
3.656819266706487159e+00 4.092525739332130996e+01 -1.252809783478827654e-01 4.105053837166919095e+01
3.657930624786060569e+00 4.116379917650171194e+01 -1.263974208178082759e-01 4.129019659731952885e+01
3.659041982865633535e+00 4.140338375829456652e+01 -1.275233809428394649e-01 4.153090713923741362e+01
3.660153340945206946e+00 4.164399266910491093e+01 -1.286586656981479060e-01 4.177265133480305082e+01
3.661264699024780356e+00 4.188561067449308695e+01 -1.298028357313064374e-01 4.201541351022440551e+01
3.662376057104353322e+00 4.212822707543772793e+01 -1.309552764418580872e-01 4.225918235187958771e+01
3.663487415183926732e+00 4.237183642113272697e+01 -1.321152988220849200e-01 4.250395171995481292e+01
3.664598773263500142e+00 4.261643855063248054e+01 -1.332822539023298947e-01 4.274972080453481738e+01
3.665710131343073108e+00 4.286203797164984763e+01 -1.344556422285848873e-01 4.299649361387842106e+01
3.666821489422646074e+00 4.310864267375205117e+01 -1.356352004173253523e-01 4.324427787416939140e+01
3.667932847502219929e+00 4.335626254627663911e+01 -1.368209504068945426e-01 4.349308349668353912e+01
3.669044205581792895e+00 4.360490761829311879e+01 -1.380132029927915727e-01 4.374292082128590664e+01
3.670155563661365861e+00 4.385458635280528483e+01 -1.392125146349389719e-01 4.399379886744023338e+01
3.671266921740939271e+00 4.410530420894263415e+01 -1.404196041545965334e-01 4.424572381309722857e+01
3.672378279820512681e+00 4.435706263801225191e+01 -1.416352425475187193e-01 4.449869788055976727e+01
3.673489637900085647e+00 4.460985861008112607e+01 -1.428601336372358477e-01 4.475271874371836844e+01
3.674600995979659057e+00 4.486368468828193556e+01 -1.440948049261553954e-01 4.500777949320809768e+01
3.675712354059232467e+00 4.511852959048449918e+01 -1.453395264850988189e-01 4.526386911696958748e+01
3.676823712138805433e+00 4.537437911382316713e+01 -1.465942712809876203e-01 4.552097338510413493e+01
3.677935070218378844e+00 4.563121725575199150e+01 -1.478587236845195219e-01 4.577907597943652007e+01
3.679046428297952254e+00 4.588902735101910935e+01 -1.491323350989324503e-01 4.603815968611805687e+01
3.680157786377525220e+00 4.614779305795575937e+01 -1.504144179743998333e-01 4.629820747593016250e+01
3.681269144457098186e+00 4.640749906604316521e+01 -1.517042631736575942e-01 4.655920332921682814e+01
3.682380502536671596e+00 4.666813145253982498e+01 -1.530012617683333687e-01 4.682113271430817747e+01
3.683491860616245006e+00 4.692967767926922562e+01 -1.543050115181244519e-01 4.708398269078736575e+01
3.684603218695817972e+00 4.719212628098615880e+01 -1.556153906661015274e-01 4.734774167165228675e+01
3.685714576775391382e+00 4.745546634452774271e+01 -1.569325868997026308e-01 4.761239893142744961e+01
3.686825934854964792e+00 4.771968690608716201e+01 -1.582570765408817526e-01 4.787794398262804663e+01
3.687937292934537759e+00 4.798477639880535150e+01 -1.595895570736056701e-01 4.814436595587896051e+01
3.689048651014111169e+00 4.825072226478236814e+01 -1.609308436859266944e-01 4.841165310846830039e+01
3.690160009093684579e+00 4.851751080865676613e+01 -1.622817463636865021e-01 4.867979255502046243e+01
3.691271367173257545e+00 4.878512732112925221e+01 -1.636429472647579486e-01 4.894877026839402134e+01
3.692382725252830955e+00 4.905355644897867506e+01 -1.650148981000325588e-01 4.921857134707870784e+01
3.693494083332404365e+00 4.932278274218887049e+01 -1.663977540428376589e-01 4.948918049623168258e+01
3.694605441411977331e+00 4.959279127647002383e+01 -1.677913547969220875e-01 4.976058263126694214e+01
3.695716799491550297e+00 4.986356823586757514e+01 -1.691952558284709474e-01 5.003276349169603776e+01
3.696828157571123707e+00 5.013510134716858602e+01 -1.706088046482727716e-01 5.030571015181686079e+01
3.697939515650697118e+00 5.040738008375645762e+01 -1.720312497374330285e-01 5.057941133349389418e+01
3.699050873730270084e+00 5.068039559658583926e+01 -1.734618644324034675e-01 5.085385746101825077e+01
3.700162231809843494e+00 5.095414037693703335e+01 -1.749000656840078716e-01 5.112904044262104009e+01
3.701273589889416904e+00 5.122860770140956532e+01 -1.763455084735649492e-01 5.140495320988312500e+01
3.702384947968989870e+00 5.150379094644721789e+01 -1.777981406669131847e-01 5.168158908711414057e+01
3.703496306048563280e+00 5.177968288142971431e+01 -1.792582095627424099e-01 5.195894109099246094e+01
3.704607664128136690e+00 5.205627505256230592e+01 -1.807262192885389362e-01 5.223700127185085051e+01
3.705719022207709656e+00 5.233355735418818711e+01 -1.822028462260849302e-01 5.251576020041427029e+01
3.706830380287282622e+00 5.261151785266037706e+01 -1.836888264969519791e-01 5.279520667915732446e+01
3.707941738366856477e+00 5.289014288610513148e+01 -1.851848340872338239e-01 5.307532772019235523e+01
3.709053096446429443e+00 5.316941741849105796e+01 -1.866913696959188740e-01 5.335610878818695824e+01
3.710164454526002409e+00 5.344932558602688033e+01 -1.882086786067552475e-01 5.363753426463363638e+01
3.711275812605575819e+00 5.372985134474366475e+01 -1.897367111013008589e-01 5.391958805584498293e+01
3.712387170685149229e+00 5.401097911491937964e+01 -1.912751319345076251e-01 5.420225424685389726e+01
3.713498528764722195e+00 5.429269432269499873e+01 -1.928233773299197484e-01 5.448551770002492134e+01
3.714609886844295605e+00 5.457498376063713152e+01 -1.943807501409611782e-01 5.476936451077809664e+01
3.715721244923869016e+00 5.485783572317810552e+01 -1.959465375487809136e-01 5.505378226072689074e+01
3.716832603003441982e+00 5.514123991367916489e+01 -1.975201319552522539e-01 5.533876004563441597e+01
3.717943961083015392e+00 5.542518716014782854e+01 -1.991011351915679684e-01 5.562428829533939023e+01
3.719055319162588802e+00 5.570966900945169442e+01 -2.006894288879196575e-01 5.591035843833962105e+01
3.720166677242161768e+00 5.599467728960627255e+01 -2.022851993919648206e-01 5.619696248899823132e+01
3.721278035321734734e+00 5.628020373310084068e+01 -2.038889130746603939e-01 5.648409264617549752e+01
3.722389393401308588e+00 5.656623974091720441e+01 -2.055012459996219953e-01 5.677174098691683213e+01
3.723500751480881554e+00 5.685277633940258113e+01 -2.071229794209002995e-01 5.705989931882347577e+01
3.724612109560454520e+00 5.713980434549802112e+01 -2.087548781844391077e-01 5.734855922368247150e+01
3.725723467640027931e+00 5.742731471657035769e+01 -2.103975719186718385e-01 5.763771228848903405e+01
3.726834825719601341e+00 5.771529902630106790e+01 -2.120514584475420294e-01 5.792735048474861514e+01
3.727946183799174307e+00 5.800374998392482695e+01 -2.137166452176492981e-01 5.821746662914248560e+01
3.729057541878747717e+00 5.829266190497212108e+01 -2.153929382976639828e-01 5.850805484326978956e+01
3.730168899958321127e+00 5.858203104920805515e+01 -2.170798807056621704e-01 5.879911092991370936e+01
3.731280258037894093e+00 5.887185576441629564e+01 -2.187768337301333188e-01 5.909063259814642777e+01
3.732391616117467503e+00 5.916213640901519000e+01 -2.204830878621766854e-01 5.938261949687736774e+01
3.733502974197040913e+00 5.945287506609805916e+01 -2.221979851080849167e-01 5.967507305120615513e+01
3.734614332276613879e+00 5.974407509923950954e+01 -2.239210326000108109e-01 5.996799613183952715e+01
3.735725690356186846e+00 6.003574062937561706e+01 -2.256519888717891942e-01 6.026139261824739890e+01
3.736837048435760700e+00 6.032787602678815375e+01 -2.273909086783606759e-01 6.055526693546649852e+01
3.737948406515333666e+00 6.062048550965320004e+01 -2.291381390676145713e-01 6.084962364872081508e+01
3.739059764594906632e+00 6.091357292074026475e+01 -2.308942674377816306e-01 6.114446718817804083e+01
3.740171122674480042e+00 6.120714171975504314e+01 -2.326600302097961703e-01 6.143980174996482191e+01
3.741282480754053452e+00 6.150119518623015580e+01 -2.344361972109108572e-01 6.173563138344108125e+01
3.742393838833626418e+00 6.179573678424275585e+01 -2.362234508372355601e-01 6.203196023507998547e+01
3.743505196913199828e+00 6.209077060349181920e+01 -2.380222798837209885e-01 6.232879288337555579e+01
3.744616554992773239e+00 6.238630176846250208e+01 -2.398329054651807124e-01 6.262613467392768030e+01
3.745727913072346205e+00 6.268233670344403663e+01 -2.416552511082364352e-01 6.292399195455225680e+01
3.746839271151919615e+00 6.297888315792258140e+01 -2.434889617546933671e-01 6.322237211967728143e+01
3.747950629231493025e+00 6.327594993269691770e+01 -2.453334682954458057e-01 6.352128340099237391e+01
3.749061987311065991e+00 6.357354629696622794e+01 -2.471880866950588451e-01 6.382073438366129636e+01
3.750173345390638957e+00 6.387168114294822630e+01 -2.490521350238250331e-01 6.412073327797205025e+01
3.751284703470212811e+00 6.417036197813409615e+01 -2.509250487410413233e-01 6.442128702687516295e+01
3.752396061549785777e+00 6.446959389685879671e+01 -2.528064748681790874e-01 6.472240037172696248e+01
3.753507419629358743e+00 6.476937869473067622e+01 -2.546963292111167343e-01 6.502407502394180483e+01
3.754618777708932154e+00 6.506971428663598545e+01 -2.565948069594293224e-01 6.532630909359541249e+01
3.755730135788505564e+00 6.537059456030983995e+01 -2.585023447906207861e-01 6.562909690510046801e+01
3.756841493868078530e+00 6.567200974566947025e+01 -2.604195407472331691e-01 6.593242928641667788e+01
3.757952851947651940e+00 6.597394731184282080e+01 -2.623470452832929456e-01 6.623629435712612690e+01
3.759064210027225350e+00 6.627639332866836241e+01 -2.642854418050593623e-01 6.654067877047344837e+01
3.760175568106798316e+00 6.657933415842651925e+01 -2.662351369305140936e-01 6.684556929535705194e+01
3.761286926186371726e+00 6.688275828760987451e+01 -2.681962792319407263e-01 6.715095456684183262e+01
3.762398284265945136e+00 6.718665807678915769e+01 -2.701687206309018041e-01 6.745682679742006371e+01
3.763509642345518103e+00 6.749103120491699315e+01 -2.721520276294042695e-01 6.776318323254638187e+01
3.764621000425091069e+00 6.779588161429335003e+01 -2.741455413287151033e-01 6.807002715562204287e+01
3.765732358504664479e+00 6.810121982087734693e+01 -2.761484770641560726e-01 6.837736829794150140e+01
3.766843716584237889e+00 6.840706253429387118e+01 -2.781600478150440536e-01 6.868522258210889220e+01
3.767955074663810855e+00 6.871343162205384658e+01 -2.801795914454811576e-01 6.899361121349933512e+01
3.769066432743384265e+00 6.902035254070776205e+01 -2.822066809884826721e-01 6.930255922169624228e+01
3.770177790822957675e+00 6.932785243029515243e+01 -2.842411997628035425e-01 6.961209363005795581e+01
3.771289148902530641e+00 6.963595811685742376e+01 -2.862833687062119048e-01 6.992224148556366004e+01
3.772400506982104051e+00 6.994469428356113383e+01 -2.883337210182437271e-01 7.023302800457939554e+01
3.773511865061677462e+00 7.025408205133118145e+01 -2.903930277741222366e-01 7.054447507910528259e+01
3.774623223141250428e+00 7.056413815698790870e+01 -2.924621861958169866e-01 7.085660034318372880e+01
3.775734581220823394e+00 7.087487483755965911e+01 -2.945420884240009252e-01 7.116941692598365421e+01
3.776845939300397248e+00 7.118630043438710686e+01 -2.966334919040561902e-01 7.148293392629113896e+01
3.777957297379970214e+00 7.149842063281002424e+01 -2.987369123276460980e-01 7.179715754513765091e+01
3.779068655459543180e+00 7.181124016601930293e+01 -3.008525564681664433e-01 7.211209272248746061e+01
3.780180013539116590e+00 7.212476474707477792e+01 -3.029803057869005500e-01 7.242774505286166686e+01
3.781291371618690000e+00 7.243900296004029826e+01 -3.051197534122520594e-01 7.274412271345255476e+01
3.782402729698262966e+00 7.275396784416430762e+01 -3.072702883545849195e-01 7.306123813251886645e+01
3.783514087777836377e+00 7.306967794367024283e+01 -3.094312130450806442e-01 7.337910915671531598e+01
3.784625445857409787e+00 7.338615766472007351e+01 -3.116018747579096249e-01 7.369775953947799962e+01
3.785736803936982753e+00 7.370343687112398356e+01 -3.137817891086653321e-01 7.401721866023262919e+01
3.786848162016556163e+00 7.402154974929773346e+01 -3.159707350224422728e-01 7.433752048432015158e+01
3.787959520096129573e+00 7.434053306766260505e+01 -3.181688051539094397e-01 7.465870187281655035e+01
3.789070878175702539e+00 7.466042403376691539e+01 -3.203764029857013584e-01 7.498080043675263084e+01
3.790182236255275505e+00 7.498125800393286511e+01 -3.225941865590303270e-01 7.530385219049193779e+01
3.791293594334849359e+00 7.530306631897951775e+01 -3.248229675824014229e-01 7.562788928656193832e+01
3.792404952414422326e+00 7.562587452375096575e+01 -3.270635820844017272e-01 7.595293810583540051e+01
3.793516310493995292e+00 7.594970118062356335e+01 -3.293167536064266487e-01 7.627901793422998367e+01
3.794627668573568702e+00 7.627455741465122685e+01 -3.315829713694650183e-01 7.660614038602068376e+01
3.795739026653142112e+00 7.660044724040339759e+01 -3.338624036444501342e-01 7.693430964404787176e+01
3.796850384732715078e+00 7.692736862920318686e+01 -3.361548610488435118e-01 7.726352349025202670e+01
3.797961742812288488e+00 7.725531519174715811e+01 -3.384598165622585975e-01 7.759377500830942154e+01
3.799073100891861898e+00 7.758427828490746947e+01 -3.407764799773844722e-01 7.792505476488486238e+01
3.800184458971434864e+00 7.791424931001624543e+01 -3.431039157447984822e-01 7.825735322576103670e+01
3.801295817051008274e+00 7.824522195684967585e+01 -3.454411861492399094e-01 7.859066314299894884e+01
3.802407175130581685e+00 7.857719416281676672e+01 -3.477874976089122550e-01 7.892498166042568641e+01
3.803518533210154651e+00 7.891016959700122868e+01 -3.501423272923540053e-01 7.926031192429360317e+01
3.804629891289727617e+00 7.924415853741957960e+01 -3.525055102988187139e-01 7.959666404771841997e+01
3.805741249369301471e+00 7.957917807908104635e+01 -3.548772738563437112e-01 7.993405535293739206e+01
3.806852607448874437e+00 7.991525168152759306e+01 -3.572582133543404370e-01 8.027250989488192090e+01
3.807963965528447403e+00 8.025240812941684965e+01 -3.596492141944385157e-01 8.061205734361128350e+01
3.809075323608020813e+00 8.059068003176517436e+01 -3.620513319361597926e-01 8.095273136370133216e+01
3.810186681687594223e+00 8.093010202031689460e+01 -3.644656496677100010e-01 8.129456766998461603e+01
3.811298039767167189e+00 8.127070882316408529e+01 -3.668931349160253208e-01 8.163760195808012554e+01
3.812409397846740600e+00 8.161253338664658941e+01 -3.693345181954348910e-01 8.198186790484201936e+01
3.813520755926314010e+00 8.195560519916757869e+01 -3.717902115387871076e-01 8.232739541070637301e+01
3.814632114005886976e+00 8.229994893876779827e+01 -3.742602786922269997e-01 8.267420921746004581e+01
3.815743472085460386e+00 8.264558352670277941e+01 -3.767444601883300215e-01 8.302232798689114190e+01
3.816854830165033796e+00 8.299252162656812004e+01 -3.792422476337479198e-01 8.337176387420186074e+01
3.817966188244606762e+00 8.334076958695493431e+01 -3.817529937079865432e-01 8.372252258066292541e+01
3.819077546324179728e+00 8.369032778851486398e+01 -3.842760388410745298e-01 8.407460382735594351e+01
3.820188904403753583e+00 8.404119132603561582e+01 -3.868108332048281750e-01 8.442800215924044949e+01
3.821300262483326549e+00 8.439335093405324528e+01 -3.893570338692945998e-01 8.478270796792254771e+01
3.822411620562899515e+00 8.474679405113815278e+01 -3.919145615091399470e-01 8.513870861264727807e+01
3.823522978642472925e+00 8.510150591322870639e+01 -3.944836081144849627e-01 8.549598952134319063e+01
3.824634336722046335e+00 8.545747056982466461e+01 -3.970645955714217634e-01 8.585453516539610064e+01
3.825745694801619301e+00 8.581467172779004215e+01 -3.996580933166060112e-01 8.621432982110664511e+01
3.826857052881192711e+00 8.617309334519913477e+01 -4.022647101442111683e-01 8.657535805534334372e+01
3.827968410960766121e+00 8.653271992111787370e+01 -4.048849795077651414e-01 8.693760490062567214e+01
3.829079769040339087e+00 8.689353645521948977e+01 -4.075192586093249747e-01 8.730105571382881635e+01
3.830191127119912498e+00 8.725552808206512623e+01 -4.101676590557979951e-01 8.766569574112094188e+01
3.831302485199485908e+00 8.761867941661883208e+01 -4.128300213194665558e-01 8.803150943793832539e+01
3.832413843279058874e+00 8.798297367750066655e+01 -4.155059376079007216e-01 8.839847961510857033e+01
3.833525201358631840e+00 8.834839167965952811e+01 -4.181948193200979991e-01 8.876658649897964892e+01
3.834636559438205250e+00 8.871491080552300446e+01 -4.208959974693651240e-01 8.913580680299234871e+01
3.835747917517778660e+00 8.908250407054867992e+01 -4.236088386148036400e-01 8.950611290916346263e+01
3.836859275597351626e+00 8.945113939353939259e+01 -4.263328559627118652e-01 8.987747224950209102e+01
3.837970633676925036e+00 8.982077916339385126e+01 -4.290677958832929129e-01 9.024984695927713574e+01
3.839081991756498446e+00 9.019138016303979555e+01 -4.318136840624061668e-01 9.062319384710218628e+01
3.840193349836071413e+00 9.056289387072091301e+01 -4.345708222267872789e-01 9.099746469294768758e+01
3.841304707915644823e+00 9.093526711279848485e+01 -4.373397347318942474e-01 9.137260684753039186e+01
3.842416065995218233e+00 9.130844299620936511e+01 -4.401210728884492607e-01 9.174856406909781015e+01
3.843527424074791199e+00 9.168236200873077735e+01 -4.429154922792384874e-01 9.212527750101001800e+01
3.844638782154364609e+00 9.205696314706220562e+01 -4.457235232237880540e-01 9.250268667028598202e+01
3.845750140233938019e+00 9.243218492120665530e+01 -4.485454561286848496e-01 9.288073037733532544e+01
3.846861498313510985e+00 9.280796609158913668e+01 -4.513812614065554341e-01 9.325934735299568956e+01
3.847972856393083951e+00 9.318424602320492056e+01 -4.542305582524372998e-01 9.363847658145736830e+01
3.849084214472657361e+00 9.356096458649399494e+01 -4.570926386882482317e-01 9.401805722518223263e+01
3.850195572552230772e+00 9.393806159259766275e+01 -4.599665442038406438e-01 9.439802813680147153e+01
3.851306930631803738e+00 9.431547581406447023e+01 -4.628511835317409839e-01 9.477832699759620994e+01
3.852418288711377148e+00 9.469314370253569280e+01 -4.657454730565243617e-01 9.515888917559220772e+01
3.853529646790950558e+00 9.507099796393809754e+01 -4.686484772701202672e-01 9.553964644120824801e+01
3.854641004870523524e+00 9.544896618183345538e+01 -4.715595262595324577e-01 9.592052570809299539e+01
3.855752362950096934e+00 9.582696968555140415e+01 -4.744782905745852930e-01 9.630144797612597074e+01
3.856863721029670344e+00 9.620492283944281553e+01 -4.774048004689906977e-01 9.668232763991180434e+01
3.857975079109243310e+00 9.658273288450297400e+01 -4.803394053902630412e-01 9.706307228989324187e+01
3.859086437188816276e+00 9.696030039861601324e+01 -4.832826792839179375e-01 9.744358307789991613e+01
3.860197795268390131e+00 9.733752036482518122e+01 -4.862352861981433794e-01 9.782375565102331905e+01
3.861309153347963097e+00 9.771428375825404089e+01 -4.891978273569062008e-01 9.820348158561093044e+01
3.862420511427536063e+00 9.809047949226582830e+01 -4.921706941930951706e-01 9.858265018645893463e+01
3.863531869507109473e+00 9.846599651297206890e+01 -4.951539512158811829e-01 9.896115046418796624e+01
3.864643227586682883e+00 9.884072580593570478e+01 -4.981472680826560251e-01 9.933887307401835187e+01
3.865754585666255849e+00 9.921456208404234189e+01 -5.011499125437416380e-01 9.971571199658606588e+01
3.866865943745829259e+00 9.958740496125125219e+01 -5.041608062441603755e-01 1.000915657674954247e+02
3.867977301825402670e+00 9.995915947922635780e+01 -5.071786352514129348e-01 1.004663381144777503e+02
3.869088659904975636e+00 1.003297359349084132e+02 -5.102019982667096443e-01 1.008399379331751078e+02
3.870200017984549046e+00 1.006990490464154107e+02 -5.132295692244054353e-01 1.012122786156398035e+02
3.871311376064122456e+00 1.010670165803989988e+02 -5.162602484271553438e-01 1.015832768288261434e+02
3.872422734143695422e+00 1.014335576346121428e+02 -5.192932779494948692e-01 1.019528509125616438e+02
3.873534092223268388e+00 1.017985908153396792e+02 -5.223283025505998101e-01 1.023209191178903126e+02
3.874645450302842242e+00 1.021620325641488733e+02 -5.253653659121890751e-01 1.026873979300610529e+02
3.875756808382415208e+00 1.025237958699832745e+02 -5.284048423026524999e-01 1.030522007122859378e+02
3.876868166461988174e+00 1.028837895532826536e+02 -5.314473141204725248e-01 1.034152368674031237e+02
3.877979524541561585e+00 1.032419182351225970e+02 -5.344934145240630707e-01 1.037764116496466613e+02
3.879090882621134995e+00 1.035980830161809081e+02 -5.375436600932388398e-01 1.041356266762741711e+02
3.880202240700707961e+00 1.039521827994568497e+02 -5.405983002488340405e-01 1.044927810997056810e+02
3.881313598780281371e+00 1.043041161091785511e+02 -5.436572076717516300e-01 1.048477733168503221e+02
3.882424956859854781e+00 1.046537831969887407e+02 -5.467198275858392575e-01 1.052005030245745729e+02
3.883536314939427747e+00 1.050010881931594042e+02 -5.497851945020261200e-01 1.055508733876614400e+02
3.884647673019001157e+00 1.053459410592711549e+02 -5.528520143344783921e-01 1.058987930736056455e+02
3.885759031098574567e+00 1.056882591290663385e+02 -5.559187993970086117e-01 1.062441779284633583e+02
3.886870389178147533e+00 1.060279680813685275e+02 -5.589840353341769541e-01 1.065869521167026903e+02
3.887981747257720500e+00 1.063650022647861846e+02 -5.620463538939037829e-01 1.069270486186800468e+02
3.889093105337294354e+00 1.066993043777929415e+02 -5.651046844386822254e-01 1.072644090622316213e+02
3.890204463416867320e+00 1.070308245882471994e+02 -5.681583603915871805e-01 1.075989829486387634e+02
3.891315821496440286e+00 1.073595192428411167e+02 -5.712071639032855197e-01 1.079307264067443839e+02
3.892427179576013696e+00 1.076853493608759749e+02 -5.742513017814340204e-01 1.082596006626573910e+02
3.893538537655587106e+00 1.080082791230971537e+02 -5.772913165919800749e-01 1.085855704396891355e+02
3.894649895735160072e+00 1.083282745539322605e+02 -5.803279470914703975e-01 1.089086025010237648e+02
3.895761253814733482e+00 1.086453025571843796e+02 -5.833619601476242034e-01 1.092286645173320068e+02
3.896872611894306893e+00 1.089593304073960525e+02 -5.863939807802188708e-01 1.095457243881762679e+02
3.897983969973879859e+00 1.092703257304625453e+02 -5.894243471969370374e-01 1.098597500776594842e+02
3.899095328053453269e+00 1.095782569375468114e+02 -5.924530136773532574e-01 1.101707099512241399e+02
3.900206686133026679e+00 1.098830940155912970e+02 -5.954795165218840225e-01 1.104785735321131455e+02
3.901318044212599645e+00 1.101848095337291227e+02 -5.985030082557635245e-01 1.107833125419849125e+02
3.902429402292172611e+00 1.104833797029577624e+02 -6.015223544633619968e-01 1.110849020574211181e+02
3.903540760371746465e+00 1.107787853285941821e+02 -6.045362777491189998e-01 1.113833216063432872e+02
3.904652118451319431e+00 1.110710125197676490e+02 -6.075435259450799874e-01 1.116785560457127815e+02
3.905763476530892397e+00 1.113600530629609864e+02 -6.105430379729405166e-01 1.119705961009338893e+02
3.906874834610465808e+00 1.116459044204648734e+02 -6.135340812913280262e-01 1.122594385017561791e+02
3.907986192690039218e+00 1.119285693714488019e+02 -6.165163395088095744e-01 1.125450857109575935e+02
3.909097550769612184e+00 1.122080553649265084e+02 -6.194899367526122136e-01 1.128275453016790806e+02
3.910208908849185594e+00 1.124843736931913298e+02 -6.224553954542422218e-01 1.131068290886455685e+02
3.911320266928759004e+00 1.127575386162635596e+02 -6.254135347266830403e-01 1.133829521509902492e+02
3.912431625008331970e+00 1.130275665701859253e+02 -6.283653257858483610e-01 1.136559318959717899e+02
3.913542983087905380e+00 1.132944755751341148e+02 -6.313117274443694749e-01 1.139257873025784704e+02
3.914654341167478790e+00 1.135582849264223597e+02 -6.342535275563963015e-01 1.141925384539787558e+02
3.915765699247051757e+00 1.138190152078090733e+02 -6.371912150013990805e-01 1.144562064228104674e+02
3.916877057326624723e+00 1.140766886185167124e+02 -6.401249016143284454e-01 1.147168135201310548e+02
3.917988415406198133e+00 1.143313295598401140e+02 -6.430543052721031660e-01 1.149743838651122303e+02
3.919099773485771543e+00 1.145829653902442828e+02 -6.459787954810518595e-01 1.152289441857253820e+02
3.920211131565344509e+00 1.148316272341503037e+02 -6.488974928796037434e-01 1.154805247270299304e+02
3.921322489644917919e+00 1.150773507218825955e+02 -6.518094056708412243e-01 1.157291601275533992e+02
3.922433847724491329e+00 1.153201765470106608e+02 -6.547135804614283572e-01 1.159748901274720936e+02
3.923545205804064295e+00 1.155601507509117880e+02 -6.576092431601906485e-01 1.162177599940719688e+02
3.924656563883637705e+00 1.157973246793644648e+02 -6.604959077235794673e-01 1.164578205870880794e+02
3.925767921963211116e+00 1.160317545976445928e+02 -6.633734362245392591e-01 1.166951280338690964e+02
3.926879280042784082e+00 1.162635009936470425e+02 -6.662420419918629877e-01 1.169297430356388929e+02
3.927990638122357492e+00 1.164926276377861427e+02 -6.691022370368678862e-01 1.171617298748230240e+02
3.929101996201930902e+00 1.167192004993154342e+02 -6.719547340922980005e-01 1.173911552334077300e+02
3.930213354281503868e+00 1.169432866379010250e+02 -6.748003208515083173e-01 1.176180869587525422e+02
3.931324712361076834e+00 1.171649531948551868e+02 -6.776397282498380914e-01 1.178425929231050304e+02
3.932436070440650244e+00 1.173842666000191031e+02 -6.804735152164104184e-01 1.180647401152355087e+02
3.933547428520223654e+00 1.176012920889561997e+02 -6.833019891937023305e-01 1.182845940781499081e+02
3.934658786599796620e+00 1.178160935932473308e+02 -6.861251754358355104e-01 1.185022187686831501e+02
3.935770144679370031e+00 1.180287340275297225e+02 -6.889428397284393935e-01 1.187176768672581488e+02
3.936881502758943441e+00 1.182392759544421494e+02 -6.917545601296406499e-01 1.189310305145717450e+02
3.937992860838516407e+00 1.184477825669648610e+02 -6.945598351165093165e-01 1.191423424020813542e+02
3.939104218918089817e+00 1.186543188908432995e+02 -6.973582094866617176e-01 1.193516771003299652e+02
3.940215576997663227e+00 1.188589530815592781e+02 -7.001493964914147217e-01 1.195591024780506757e+02
3.941326935077236193e+00 1.190617576736695611e+02 -7.029333754143400892e-01 1.197646910490839218e+02
3.942438293156809159e+00 1.192628106373764041e+02 -7.057104480060241158e-01 1.199685210853824486e+02
3.943549651236383013e+00 1.194621961089748510e+02 -7.084812441206271849e-01 1.201706773530954706e+02
3.944661009315955980e+00 1.196600046880881933e+02 -7.112466754025564830e-01 1.203712513634907424e+02
3.945772367395528946e+00 1.198563332337824505e+02 -7.140078445218752679e-01 1.205703410783043523e+02
3.946883725475102356e+00 1.200512841408108358e+02 -7.167659248200124456e-01 1.207680500656308311e+02
3.947995083554675766e+00 1.202449641321882297e+02 -7.195220300910031286e-01 1.209644861622792575e+02
3.949106441634248732e+00 1.204374826598269976e+02 -7.222770957976756279e-01 1.211597597556246626e+02
3.950217799713822142e+00 1.206289500552422140e+02 -7.250317910665353693e-01 1.213539818463087414e+02
3.951329157793395552e+00 1.208194756114265545e+02 -7.277864756649702338e-01 1.215472620870915108e+02
3.952440515872968518e+00 1.210091657995298675e+02 -7.305412087105511709e-01 1.217397070082403872e+02
3.953551873952541929e+00 1.211981228257876637e+02 -7.332958073422177758e-01 1.219314186331298657e+02
3.954663232032115339e+00 1.213864437129695091e+02 -7.360499454135402964e-01 1.221224936583830214e+02
3.955774590111688305e+00 1.215742200466212779e+02 -7.388032757983123977e-01 1.223130233224195962e+02
3.956885948191261271e+00 1.217615384623850758e+02 -7.415555561867224199e-01 1.225030940185718151e+02
3.957997306270835125e+00 1.219484818722495305e+02 -7.443067578909079440e-01 1.226927886301404840e+02
3.959108664350408091e+00 1.221351313425867886e+02 -7.470571402062563537e-01 1.228821884827930830e+02
3.960220022429981057e+00 1.223215684547279380e+02 -7.498072787612223289e-01 1.230713757334891341e+02
3.961331380509554467e+00 1.225078779096697872e+02 -7.525580440343661026e-01 1.232604359537041887e+02
3.962442738589127877e+00 1.226941500917262289e+02 -7.553105345211467148e-01 1.234494606262474008e+02
3.963554096668700844e+00 1.228804832890088505e+02 -7.580659765080527412e-01 1.236385492655168576e+02
3.964665454748274254e+00 1.230669852860188485e+02 -7.608256078188068150e-01 1.238278108938376647e+02
3.965776812827847664e+00 1.232537740958718473e+02 -7.635905653493131329e-01 1.240173646612211655e+02
3.966888170907420630e+00 1.234409776829785841e+02 -7.663617953160760665e-01 1.242073394782946281e+02
3.967999528986994040e+00 1.236287326333956997e+02 -7.691400010788314034e-01 1.243978726344745382e+02
3.969110887066567450e+00 1.238171818480853830e+02 -7.719256368634780374e-01 1.245891074849488547e+02
3.970222245146140416e+00 1.240064714502880037e+02 -7.747189478172682442e-01 1.247811903981052666e+02
3.971333603225713382e+00 1.241967471977919502e+02 -7.775200489084032052e-01 1.249742672467003786e+02
3.972444961305287237e+00 1.243881507609674770e+02 -7.803290285694854944e-01 1.251684797895369599e+02
3.973556319384860203e+00 1.245808162578693157e+02 -7.831460587871358348e-01 1.253639623166564547e+02
3.974667677464433169e+00 1.247748674228731005e+02 -7.859714922587438535e-01 1.255608389151318249e+02
3.975779035544006579e+00 1.249704157249612848e+02 -7.888059294465037397e-01 1.257592216544077814e+02
3.976890393623579989e+00 1.251675596515093076e+02 -7.916502434814982614e-01 1.259592098949907921e+02
3.978001751703152955e+00 1.253663852440803339e+02 -7.945055580402888840e-01 1.261608908021206048e+02
3.979113109782726365e+00 1.255669678292981217e+02 -7.973731813248465805e-01 1.263643410106229226e+02
3.980224467862299775e+00 1.257693747476209154e+02 -8.002545067752846464e-01 1.265696292543962045e+02
3.981335825941872741e+00 1.259736687632090053e+02 -8.031508968712770535e-01 1.267768196600802924e+02
3.982447184021446152e+00 1.261799117543466480e+02 -8.060635693668966040e-01 1.269859753237135749e+02
3.983558542101019562e+00 1.263881682471144359e+02 -8.089935050477590206e-01 1.271971617521622022e+02
3.984669900180592528e+00 1.265985083704954235e+02 -8.119413926344768440e-01 1.274104497631299040e+02
3.985781258260165494e+00 1.268110098775072316e+02 -8.149076203547143127e-01 1.276259174978619342e+02
3.986892616339739348e+00 1.270257589863673076e+02 -8.178923159806421594e-01 1.278436513023479648e+02
3.988003974419312314e+00 1.272428499345457880e+02 -8.208954290638477147e-01 1.280637453636095984e+02
3.989115332498885280e+00 1.274623832893448991e+02 -8.239168420378563118e-01 1.282863001313828022e+02
3.990226690578458690e+00 1.276844632021494590e+02 -8.269564919741962949e-01 1.285114196941236742e+02
3.991338048658032100e+00 1.279091939114499894e+02 -8.300144828849465028e-01 1.287392083943349519e+02
3.992449406737605067e+00 1.281366758771482353e+02 -8.330911698781154895e-01 1.289697670470262949e+02
3.993560764817178477e+00 1.283670019559120590e+02 -8.361872009582655974e-01 1.292031891568703088e+02
3.994672122896751887e+00 1.286002540015235240e+02 -8.393035090794178643e-01 1.294395575106028957e+02
3.995783480976324853e+00 1.288365001994571628e+02 -8.424412550715492110e-01 1.296789414545286547e+02
3.996894839055898263e+00 1.290757933320414850e+02 -8.456017299494845707e-01 1.299213950619909212e+02
3.998006197135471673e+00 1.293181700353132726e+02 -8.487862315723999629e-01 1.301669562668856486e+02
3.999117555215044639e+00 1.295636509698179850e+02 -8.519959345932701655e-01 1.304156469044112612e+02
4.000228913294617605e+00 1.298122417041728056e+02 -8.552317734770955582e-01 1.306674734776499065e+02
4.001340271374191460e+00 1.300639340189815130e+02 -8.584943559552701275e-01 1.309224283749368567e+02
4.002451629453764426e+00 1.303187072918317710e+02 -8.617839190434735119e-01 1.311804912108752603e+02
4.003562987533337392e+00 1.305765296274786920e+02 -8.651003325738185756e-01 1.314416299600524951e+02
4.004674345612910358e+00 1.308373584497262243e+02 -8.684431472899061255e-01 1.317058015970161762e+02
4.005785703692484212e+00 1.311011403649060867e+02 -8.718116772526286473e-01 1.319729520421587097e+02
4.006897061772057178e+00 1.313678102273930506e+02 -8.752051008233699969e-01 1.322430153282164440e+02
4.008008419851631032e+00 1.316372894677822956e+02 -8.786225617370687635e-01 1.325159120295193986e+02
4.009119777931203998e+00 1.319094838653574016e+02 -8.820632521934209658e-01 1.327915471175507776e+02
4.010231136010776964e+00 1.321842810409031586e+02 -8.855264633864988744e-01 1.330698075042896562e+02
4.011342494090349931e+00 1.324615480001759238e+02 -8.890115948467000040e-01 1.333505595950226450e+02
4.012453852169923785e+00 1.327411290646547570e+02 -8.925181213546770076e-01 1.336336471860093980e+02
4.013565210249496751e+00 1.330228444835366304e+02 -8.960455237331971245e-01 1.339188900072698516e+02
4.014676568329069717e+00 1.333064899353125270e+02 -8.995931962336766174e-01 1.342060831315461940e+02
4.015787926408643571e+00 1.335918370107040403e+02 -9.031603474071185911e-01 1.344949973581111351e+02
4.016899284488216537e+00 1.338786346376979282e+02 -9.067459125642668427e-01 1.347853805502622606e+02
4.018010642567789503e+00 1.341666112823519654e+02 -9.103484939717924052e-01 1.350769597763237755e+02
4.019122000647362469e+00 1.344554776538832357e+02 -9.139663401279908284e-01 1.353694439940112488e+02
4.020233358726936324e+00 1.347449295741487560e+02 -9.175973686298385390e-01 1.356625269427785838e+02
4.021344716806509290e+00 1.350346506496789516e+02 -9.212392294520349578e-01 1.359558898791309787e+02
4.022456074886083144e+00 1.353243144122094463e+02 -9.248893982321259033e-01 1.362492038104416281e+02
4.023567432965656110e+00 1.356135856674689535e+02 -9.285452836475840410e-01 1.365421309511165759e+02
4.024678791045229076e+00 1.359021209018600587e+02 -9.322043301520686054e-01 1.368343252320121053e+02
4.025790149124802042e+00 1.361895677276135643e+02 -9.358640977283713136e-01 1.371254318253419342e+02
4.026901507204375896e+00 1.364755634812291305e+02 -9.395223038920207381e-01 1.374150857851211640e+02
4.028012865283948862e+00 1.367597332093262708e+02 -9.431768193753830021e-01 1.377029100287016661e+02
4.029124223363521828e+00 1.370416873643690110e+02 -9.468256167183471961e-01 1.379885129810873536e+02
4.030235581443095683e+00 1.373210195782796177e+02 -9.504666790843971924e-01 1.382714862573640460e+02
4.031346939522668649e+00 1.375973048788338815e+02 -9.540978836403385399e-01 1.385514027624742255e+02
4.032458297602241615e+00 1.378700986626026008e+02 -9.577168785781116078e-01 1.388278155411807973e+02
4.033569655681814581e+00 1.381389366461872328e+02 -9.613209744811913593e-01 1.391002576206684296e+02
4.034681013761388435e+00 1.384033358971424832e+02 -9.649070689243727239e-01 1.393682429660668731e+02
4.035792371840961401e+00 1.386627969134619889e+02 -9.684716181956997128e-01 1.396312685316576960e+02
4.036903729920535255e+00 1.389168065934069318e+02 -9.720106626329950705e-01 1.398888172560398857e+02
4.038015088000108221e+00 1.391648418324643330e+02 -9.755199034757294774e-01 1.401403617359400471e+02
4.039126446079681187e+00 1.394063734148236335e+02 -9.789948207617863440e-01 1.403853682355853891e+02
4.040237804159254154e+00 1.396408698415202991e+02 -9.824308150425606900e-01 1.406233006565628330e+02
4.041349162238828008e+00 1.398678007589818151e+02 -9.858233516909686855e-01 1.408536241106727687e+02
4.042460520318400974e+00 1.400866397165251556e+02 -9.891680860296114819e-01 1.410758078025548059e+02
4.043571878397973940e+00 1.402968660802046088e+02 -9.924609505378698682e-01 1.412893270307424984e+02
4.044683236477547794e+00 1.404979660498035798e+02 -9.956981915402783878e-01 1.414936642413438221e+02
4.045794594557120760e+00 1.406894328497669449e+02 -9.988763510455272998e-01 1.416883092008124549e+02
4.046905952636693726e+00 1.408707662772095262e+02 -1.001992198444372706e+00 1.418727584756539386e+02
4.048017310716266692e+00 1.410414718763743167e+02 -1.005042625093896191e+00 1.420465145014682662e+02
4.049128668795840547e+00 1.412010600582759992e+02 -1.008024521029393439e+00 1.422090845793054541e+02
4.050240026875413513e+00 1.413490454909056098e+02 -1.010934656105274332e+00 1.423599801470108162e+02
4.051351384954987367e+00 1.414849470491171246e+02 -1.013769587239941261e+00 1.424987166363570168e+02
4.052462743034560333e+00 1.416082885394882851e+02 -1.016525609201518021e+00 1.426248141486898362e+02
4.053574101114133299e+00 1.417186003140991488e+02 -1.019198759197628590e+00 1.427377990732967703e+02
4.054685459193706265e+00 1.418154217716989365e+02 -1.021784876592966906e+00 1.428372066482918967e+02
4.055796817273280119e+00 1.418983046301105162e+02 -1.024279709847257802e+00 1.429225843399577798e+02
4.056908175352853085e+00 1.419668167545335109e+02 -1.026679054778456779e+00 1.429934958093119519e+02
4.058019533432426051e+00 1.420205462550735263e+02 -1.028978902854598587e+00 1.430495251579281444e+02
4.059130891511999906e+00 1.420591055320217890e+02 -1.031175576327314714e+00 1.430902811083490747e+02
4.060242249591572872e+00 1.420821349530811801e+02 -1.033265828990785007e+00 1.431154007820719301e+02
4.061353607671145838e+00 1.420893058916938685e+02 -1.035246896893098345e+00 1.431245527885869535e+02
4.062464965750718804e+00 1.420803229337546725e+02 -1.037116491557566134e+00 1.431174394253121989e+02
4.063576323830292658e+00 1.420549251611103898e+02 -1.038872737848616667e+00 1.430937978989589965e+02
4.064687681909865624e+00 1.420128865314015059e+02 -1.040514067961753053e+00 1.430534005993633002e+02
4.065799039989439478e+00 1.419540154809130001e+02 -1.042039090572347337e+00 1.429960545714853879e+02
4.066910398069012444e+00 1.418781539666911442e+02 -1.043446458664917031e+00 1.429216004253560470e+02
4.068021756148585411e+00 1.417851762250094225e+02 -1.044734760197849610e+00 1.428299109852072490e+02
4.069133114228158377e+00 1.416749875477021021e+02 -1.045902452380075953e+00 1.427208900000821927e+02
4.070244472307732231e+00 1.415475233627772695e+02 -1.046947853448155108e+00 1.425944712162254575e+02
4.071355830387305197e+00 1.414027488528135734e+02 -1.047869196519930046e+00 1.424506180493335421e+02
4.072467188466878163e+00 1.412406592603111051e+02 -1.048664739860851958e+00 1.422893240001718880e+02
4.073578546546452017e+00 1.410612809236842793e+02 -1.049332918396184589e+00 1.421106138420804257e+02
4.074689904626024983e+00 1.408646729738981662e+02 -1.049872514099160048e+00 1.419145454879973443e+02
4.075801262705597949e+00 1.406509295139158837e+02 -1.050282819184589211e+00 1.417012123331004432e+02
4.076912620785170915e+00 1.404201820147133333e+02 -1.050563766483047390e+00 1.414707457811963707e+02
4.078023978864744770e+00 1.401726016039588387e+02 -1.050716005937418762e+00 1.412233176098962133e+02
4.079135336944317736e+00 1.399084009043916410e+02 -1.050740914156313544e+00 1.409591418185479199e+02
4.080246695023891590e+00 1.396278351017534192e+02 -1.050640534121820346e+00 1.406784756358752588e+02
4.081358053103464556e+00 1.393312019851350669e+02 -1.050417452866308166e+00 1.403816194380013371e+02
4.082469411183037522e+00 1.390188407991855968e+02 -1.050074634489434278e+00 1.400689154336750448e+02
4.083580769262610488e+00 1.386911298670940482e+02 -1.049615232746172300e+00 1.397407450998402680e+02
4.084692127342183454e+00 1.383484830718078626e+02 -1.049042410492889932e+00 1.393975254823007504e+02
4.085803485421757308e+00 1.379913454055014768e+02 -1.048359192035123844e+00 1.390397045975365984e+02
4.086914843501330274e+00 1.376201878991422802e+02 -1.047568369074336703e+00 1.386677562682166354e+02
4.088026201580904129e+00 1.372355023125471121e+02 -1.046672472360232753e+00 1.382821747849073120e+02
4.089137559660477095e+00 1.368377959918197462e+02 -1.045673810702539619e+00 1.378834698025222849e+02
4.090248917740050061e+00 1.364275872815833281e+02 -1.044574568363157763e+00 1.374721618499464739e+02
4.091360275819623027e+00 1.360054018156016014e+02 -1.043376942744055125e+00 1.370487787583456623e+02
4.092471633899196881e+00 1.355717699081642138e+02 -1.042083298164222738e+00 1.366138532063284572e+02
4.093582991978769847e+00 1.351272251417335326e+02 -1.040696309348286830e+00 1.361679214510818383e+02
4.094694350058343701e+00 1.346723041087663546e+02 -1.039219070352410013e+00 1.357115231791187853e+02
4.095805708137916668e+00 1.342075471338998796e+02 -1.037655150656028091e+00 1.352452022845559156e+02
4.096917066217489634e+00 1.337334996928447310e+02 -1.036008589043421857e+00 1.347695082818881360e+02
4.098028424297062600e+00 1.332507141698891644e+02 -1.034283826212636148e+00 1.342849979961017084e+02
4.099139782376635566e+00 1.327597515660806664e+02 -1.032485587082621059e+00 1.337922371531632280e+02
4.100251140456209420e+00 1.322611827886024969e+02 -1.030618731879780592e+00 1.332918015204822950e+02
4.101362498535782386e+00 1.317555892162080795e+02 -1.028688099954982116e+00 1.327842773161630987e+02
4.102473856615356240e+00 1.312435623374346392e+02 -1.026698371134755483e+00 1.322702607085693671e+02
4.103585214694929206e+00 1.307257023845583603e+02 -1.024653966136943151e+00 1.317503563506953412e+02
4.104696572774502172e+00 1.302026160203321865e+02 -1.022559000754779124e+00 1.312251750210869545e+02
4.105807930854075138e+00 1.296749132589823432e+02 -1.020417299294261504e+00 1.306953305582766518e+02
4.106919288933648993e+00 1.291432039012891551e+02 -1.018232462688875906e+00 1.301614363639780265e+02
4.108030647013221959e+00 1.286080938229843866e+02 -1.016007977498505577e+00 1.296241018004828902e+02
4.109142005092794925e+00 1.280701814683320379e+02 -1.013747345163188873e+00 1.290839288134951914e+02
4.110253363172368779e+00 1.275300548652833186e+02 -1.011454207562871854e+00 1.285415090728462530e+02
4.111364721251941745e+00 1.269882894000941604e+02 -1.009132445675252399e+00 1.279974218457693667e+02
4.112476079331514711e+00 1.264454464788861117e+02 -1.006786232788392077e+00 1.274522327116744975e+02
4.113587437411087677e+00 1.259020730769235854e+02 -1.004420031518851397e+00 1.269064931084424757e+02
4.114698795490661531e+00 1.253587020512183017e+02 -1.002038533490907435e+00 1.263607405847092195e+02
4.115810153570234498e+00 1.248158529862858757e+02 -9.996465503265224983e-01 1.258154995366124211e+02
4.116921511649808352e+00 1.242740332715772666e+02 -9.972488729258124351e-01 1.252712821445030613e+02
4.118032869729381318e+00 1.237337390826231740e+02 -9.948501214766793943e-01 1.247285892040998476e+02
4.119144227808954284e+00 1.231954559601720547e+02 -9.924546102947167103e-01 1.241879105704667978e+02
4.120255585888527250e+00 1.226596587496844535e+02 -9.900662491749261385e-01 1.236497249988593836e+02
4.121366943968101104e+00 1.221268107677488501e+02 -9.876884968366919093e-01 1.231144992645855893e+02
4.122478302047674070e+00 1.215973621874703241e+02 -9.853243732879788386e-01 1.225826865607583187e+02
4.123589660127247036e+00 1.210717477635234332e+02 -9.829765280003800454e-01 1.220547242915238257e+02
4.124701018206820891e+00 1.205503841306714321e+02 -9.806473513554685439e-01 1.215310314820269184e+02
4.125812376286393857e+00 1.200336669905167213e+02 -9.783391094992074377e-01 1.210120061000158955e+02
4.126923734365966823e+00 1.195219685380304355e+02 -9.760540787810657593e-01 1.204980226168115109e+02
4.128035092445539789e+00 1.190156354663501332e+02 -9.737946560521935080e-01 1.199894301224023110e+02
4.129146450525113643e+00 1.185149878269023276e+02 -9.715634252635347856e-01 1.194865512521658530e+02
4.130257808604686609e+00 1.180203189207408059e+02 -9.693631683624757134e-01 1.189896820891033116e+02
4.131369166684260463e+00 1.175318962704794785e+02 -9.671968181774480700e-01 1.184990930886569060e+02
4.132480524763833429e+00 1.170499635885057614e+02 -9.650673611733440183e-01 1.180150309496791294e+02
4.133591882843406395e+00 1.165747435354127219e+02 -9.629777069247109633e-01 1.175377212423374260e+02
4.134703240922979361e+00 1.161064409702671156e+02 -9.609305473470458603e-01 1.170673715176141485e+02
4.135814599002553216e+00 1.156452463443219187e+02 -9.589282310578305379e-01 1.166041745753797443e+02
4.136925957082126182e+00 1.151913388887553680e+02 -9.569726762569268352e-01 1.161483115650123210e+02
4.138037315161699148e+00 1.147448892942249756e+02 -9.550653394907911986e-01 1.156999546337157483e+02
4.139148673241273002e+00 1.143060616675037267e+02 -9.532072485514975213e-01 1.152592689160552055e+02
4.140260031320845968e+00 1.138750146641925340e+02 -9.513990970465773245e-01 1.148264137612390954e+02
4.141371389400418934e+00 1.134519018187135515e+02 -9.496413876358669182e-01 1.144015432063494302e+02
4.142482747479991900e+00 1.130368712045632975e+02 -9.479346023390406994e-01 1.139848058069023438e+02
4.143594105559565755e+00 1.126300646421040881e+02 -9.462793731444419931e-01 1.135763440152485373e+02
4.144705463639138721e+00 1.122316167156298405e+02 -9.446766253196596796e-01 1.131762933409495133e+02
4.145816821718712575e+00 1.118416538600548478e+02 -9.431276695504252627e-01 1.127847815296052687e+02
4.146928179798285541e+00 1.114602937320308769e+02 -9.416342267776993680e-01 1.124019279588085709e+02
4.148039537877858507e+00 1.110876449993459403e+02 -9.401983801504681937e-01 1.120278433794964172e+02
4.149150895957431473e+00 1.107238075808991766e+02 -9.388224601720258633e-01 1.116626300410712247e+02
4.150262254037005327e+00 1.103688732654741500e+02 -9.375088799924052863e-01 1.113063821454665430e+02
4.151373612116578293e+00 1.100229265497445112e+02 -9.362599460976309684e-01 1.109591864958421183e+02
4.152484970196151259e+00 1.096860454804716198e+02 -9.350776739778140501e-01 1.106211231544494353e+02
4.153596328275725114e+00 1.093583022735494552e+02 -9.339636379668488919e-01 1.102922659115162816e+02
4.154707686355298080e+00 1.090397635168484953e+02 -9.329188793478264685e-01 1.099726823961963333e+02
4.155819044434871046e+00 1.087304898402104953e+02 -9.319438877925458886e-01 1.096624337280030517e+02
4.156930402514444012e+00 1.084305350423028500e+02 -9.310386596815981575e-01 1.093615737019844403e+02
4.158041760594017866e+00 1.081399447824938989e+02 -9.302028246837390490e-01 1.090701476071776312e+02
4.159153118673590832e+00 1.078587550555663768e+02 -9.294358211286170013e-01 1.087881908766950403e+02
4.160264476753164686e+00 1.075869907474045277e+02 -9.287370929507503536e-01 1.085157278403552823e+02
4.161375834832737652e+00 1.073246646040753234e+02 -9.281062775859478808e-01 1.082527708816612630e+02
4.162487192912310618e+00 1.070717769249398827e+02 -9.275433557286051345e-01 1.079993202806684991e+02
4.163598550991883585e+00 1.068283162113210665e+02 -9.270487400712623671e-01 1.077553649513923233e+02
4.164709909071457439e+00 1.065942608738833428e+02 -9.266232900398005956e-01 1.075208841639231423e+02
4.165821267151030405e+00 1.063695819408568468e+02 -9.262682514954180268e-01 1.072958501923522761e+02
4.166932625230603371e+00 1.061542465384657135e+02 -9.259851324402174066e-01 1.070802316709059170e+02
4.168043983310177225e+00 1.059482217603447651e+02 -9.257755359554360464e-01 1.068739972963002316e+02
4.169155341389750191e+00 1.057514784293092873e+02 -9.256409782409115161e-01 1.066771194075501938e+02
4.170266699469323157e+00 1.055639942027351026e+02 -9.255827216132049839e-01 1.064895769243483414e+02
4.171378057548896123e+00 1.053857554939769017e+02 -9.256016493246542742e-01 1.063113571433015494e+02
4.172489415628469978e+00 1.052167577782438030e+02 -9.256982015768866479e-01 1.061424559798206673e+02
4.173600773708042944e+00 1.050570040127452955e+02 -9.258723813576626993e-01 1.059828763941029450e+02
4.174712131787616798e+00 1.049065011081933392e+02 -9.261238265131321867e-01 1.058326249347064447e+02
4.175823489867189764e+00 1.047652546149708712e+02 -9.264519328169824597e-01 1.056917065477878594e+02
4.176934847946762730e+00 1.046332620017956856e+02 -9.268560036703257232e-01 1.055601180054660091e+02
4.178046206026335696e+00 1.045105050777150808e+02 -9.273353970121456236e-01 1.054378404747272100e+02
4.179157564105909550e+00 1.043969422151014044e+02 -9.278896399247666960e-01 1.053248318550261757e+02
4.180268922185482516e+00 1.042925010563786401e+02 -9.285184863502077279e-01 1.052210195427288824e+02
4.181380280265055482e+00 1.041970723263285663e+02 -9.292219025250386677e-01 1.051262942288536095e+02
4.182491638344629337e+00 1.041105052331103877e+02 -9.299999767127623551e-01 1.050405052098231664e+02
4.183602996424202303e+00 1.040326047438901611e+02 -9.308527626077182093e-01 1.049634575064978748e+02
4.184714354503775269e+00 1.039631307929880535e+02 -9.317800772903634954e-01 1.048949108702784230e+02
4.185825712583348235e+00 1.039017992538071553e+02 -9.327812829083257373e-01 1.048345805367154782e+02
4.186937070662922089e+00 1.038482843121627610e+02 -9.338550849272945209e-01 1.047821393970900488e+02
4.188048428742495055e+00 1.038022217444159736e+02 -9.349993781719875274e-01 1.047372211225879681e+02
4.189159786822068909e+00 1.037632125461905588e+02 -9.362111651525062417e-01 1.046994237113430160e+02
4.190271144901641875e+00 1.037308263817464962e+02 -9.374865603736455277e-01 1.046683129421201102e+02
4.191382502981214841e+00 1.037046044229646924e+02 -9.388208811560857514e-01 1.046434253041208109e+02
4.192493861060787808e+00 1.036840613016096313e+02 -9.402088120608331767e-01 1.046242701136704767e+02
4.193605219140361662e+00 1.036686860818901579e+02 -9.416446184631753757e-01 1.046103307003533018e+02
4.194716577219934628e+00 1.036579423411181864e+02 -9.431223770381047533e-01 1.046010647181562518e+02
4.195827935299507594e+00 1.036512675942698962e+02 -9.446361881654731230e-01 1.045959037824353572e+02
4.196939293379081448e+00 1.036480723892968854e+02 -9.461803380021076570e-01 1.045942527272989651e+02
4.198050651458654414e+00 1.036477394199399100e+02 -9.477493857760852514e-01 1.045954888057159877e+02
4.199162009538227380e+00 1.036496229499082204e+02 -9.493381634933457658e-01 1.045989611134015860e+02
4.200273367617800346e+00 1.036530487278596127e+02 -9.509416888488582131e-01 1.046039904167084842e+02
4.201384725697374201e+00 1.036573144191608691e+02 -9.525550055285619822e-01 1.046098694246894212e+02
4.202496083776947167e+00 1.036616904180460637e+02 -9.541729761380826069e-01 1.046158633941841742e+02
4.203607441856521021e+00 1.036654207652748028e+02 -9.557900599509129291e-01 1.046212108252257025e+02
4.204718799936093987e+00 1.036677238114926496e+02 -9.574001094549874358e-01 1.046251239209476296e+02
4.205830158015666953e+00 1.036677922567074148e+02 -9.589962160616457565e-01 1.046267884727690642e+02
4.206941516095239919e+00 1.036647922706702190e+02 -9.605706269746429049e-01 1.046253628976448908e+02
4.208052874174813773e+00 1.036578615519048725e+02 -9.621147435202564990e-01 1.046199762954251327e+02
4.209164232254386739e+00 1.036461063944784087e+02 -9.636191981671073936e-01 1.046097255926455034e+02
4.210275590333959705e+00 1.036285980691454256e+02 -9.650739951792937088e-01 1.045936720643247071e+02
4.211386948413533560e+00 1.036043690495928331e+02 -9.664686903610869573e-01 1.045708377399539160e+02
4.212498306493106526e+00 1.035724097842593778e+02 -9.677925801942794948e-01 1.045402023644536627e+02
4.213609664572679492e+00 1.035316667940642645e+02 -9.690348706317459815e-01 1.045007016646960381e+02
4.214721022652252458e+00 1.034810428424306394e+02 -9.701848008186464423e-01 1.044512276432492826e+02
4.215832380731826312e+00 1.034193997685631672e+02 -9.712317061415574049e-01 1.043906314747047048e+02
4.216943738811399278e+00 1.033455643091114240e+02 -9.721650166394969483e-01 1.043177293257509319e+02
4.218055096890973132e+00 1.032583368864461448e+02 -9.729741989159197413e-01 1.042313110853620515e+02
4.219166454970546098e+00 1.031565029581790185e+02 -9.736486601624696480e-01 1.041301516183415146e+02
4.220277813050119065e+00 1.030388461558206359e+02 -9.741776399250121621e-01 1.040130237957456387e+02
4.221389171129692031e+00 1.029041621458535900e+02 -9.745501175887983925e-01 1.038787122634423810e+02
4.222500529209265885e+00 1.027512719726348962e+02 -9.747547608189871537e-01 1.037260267334538781e+02
4.223611887288838851e+00 1.025790336238149507e+02 -9.747799328337670710e-01 1.035538135566487483e+02
4.224723245368411817e+00 1.023863507094900314e+02 -9.746137656856598275e-01 1.033609644751757060e+02
4.225834603447985671e+00 1.021721774566768488e+02 -9.742442945516794905e-01 1.031464217512285302e+02
4.226945961527558637e+00 1.019355196580048357e+02 -9.736596365317550239e-01 1.029091792945365995e+02
4.228057319607131603e+00 1.016754317248907853e+02 -9.728481886843989290e-01 1.026482799135751804e+02
4.229168677686704569e+00 1.013910105145990457e+02 -9.717988156010424206e-01 1.023628093302000934e+02
4.230280035766278424e+00 1.010813870566251609e+02 -9.705009976179195252e-01 1.020518880542430509e+02
4.231391393845851390e+00 1.007457176312410212e+02 -9.689449167757157033e-01 1.017146625480167614e+02
4.232502751925425244e+00 1.003831758010464767e+02 -9.671214679437354356e-01 1.013502972689901753e+02
4.233614110004998210e+00 9.999294693685558855e+01 -9.650221954413985559e-01 1.009579691322969808e+02
4.234725468084571176e+00 9.957422651148726800e+01 -9.626391688359331456e-01 1.005368656803231744e+02
4.235836826164144142e+00 9.912622298688027911e+01 -9.599648230601076637e-01 1.000861878099404123e+02
4.236948184243717996e+00 9.864816554487426004e+01 -9.569917955258367970e-01 9.960515734040012603e+01
4.238059542323290962e+00 9.813931628260277762e+01 -9.537127950719007652e-01 9.909302907767470003e+01
4.239170900402863928e+00 9.759898589187214668e+01 -9.501205338130673805e-01 9.854910642568522405e+01
4.240282258482437783e+00 9.702655134890163424e+01 -9.462077436806534125e-01 9.797275909258227955e+01
4.241393616562010749e+00 9.642147382449512349e+01 -9.419672860312583440e-01 9.736344111052638084e+01
4.242504974641583715e+00 9.578331493104728622e+01 -9.373923472593322925e-01 9.672070727830661951e+01
4.243616332721156681e+00 9.511174956867998276e+01 -9.324766983921185526e-01 9.604422626707209076e+01
4.244727690800730535e+00 9.440657400340003846e+01 -9.272149846799262463e-01 9.533378898807997359e+01
4.245839048880303501e+00 9.366770836027617975e+01 -9.216030043069372013e-01 9.458931136458311073e+01
4.246950406959877355e+00 9.289519337440125923e+01 -9.156379348464375179e-01 9.381083130924770330e+01
4.248061765039450322e+00 9.208918192671023917e+01 -9.093184722664631181e-01 9.299850039897665965e+01
4.249173123119023288e+00 9.124992651121804954e+01 -9.026448593662478315e-01 9.215257137058429748e+01
4.250284481198596254e+00 9.037776425392034696e+01 -8.956187967186400867e-01 9.127338305063898360e+01
4.251395839278169220e+00 8.947310136927112012e+01 -8.882432470180153805e-01 9.036134461628913073e+01
4.252507197357743074e+00 8.853639896353328709e+01 -8.805221603717636736e-01 8.941692112390502700e+01
4.253618555437316040e+00 8.756816187308476174e+01 -8.724601608312695378e-01 8.844062203391604271e+01
4.254729913516889894e+00 8.656893179046883802e+01 -8.640622412044339784e-01 8.743299403167326034e+01
4.255841271596462860e+00 8.553928534037304132e+01 -8.553335127120842429e-01 8.639461885308507760e+01
4.256952629676035826e+00 8.447983710072233521e+01 -8.462790482610640375e-01 8.532611614898337393e+01
4.258063987755608792e+00 8.339124690932020201e+01 -8.369038440913014743e-01 8.422815075341149793e+01
4.259175345835182647e+00 8.227423023953018344e+01 -8.272129064051421121e-01 8.310144314593532044e+01
4.260286703914755613e+00 8.112957004092459101e+01 -8.172114500926433989e-01 8.194678149101721942e+01
4.261398061994329467e+00 7.995812827020645841e+01 -8.069051788709221684e-01 8.076503344907737869e+01
4.262509420073902433e+00 7.876085540171050070e+01 -7.963006028795550639e-01 7.955715600459006964e+01
4.263620778153475399e+00 7.753879649096940341e+01 -7.854053431583767342e-01 7.832420183412777703e+01
4.264732136233048365e+00 7.629309282582701712e+01 -7.742283735959402113e-01 7.706732119942296322e+01
4.265843494312621331e+00 7.502497877073304267e+01 -7.627801597723203875e-01 7.578775893050539025e+01
4.266954852392195185e+00 7.373577401177523427e+01 -7.510726693151572597e-01 7.448684668109038398e+01
4.268066210471768152e+00 7.242687196131588223e+01 -7.391192476126197120e-01 7.316599120892851715e+01
4.269177568551342006e+00 7.109972550983798101e+01 -7.269343729972375101e-01 7.182665988283520164e+01
4.270288926630914972e+00 6.975583156615088853e+01 -7.145333236636857155e-01 7.047036488981456159e+01
4.271400284710487938e+00 6.839671587871589509e+01 -7.019318017624242012e-01 6.909864768047832229e+01
4.272511642790060904e+00 6.702391948292752488e+01 -6.891455662457852682e-01 6.771306504917330926e+01
4.273623000869634758e+00 6.563898780153951407e+01 -6.761901241646137706e-01 6.631517792570411984e+01
4.274734358949207724e+00 6.424346299085088674e+01 -6.630805205230565491e-01 6.490654351137396816e+01
4.275845717028780690e+00 6.283887964037371177e+01 -6.498312510162467248e-01 6.348871089138996382e+01
4.276957075108354545e+00 6.142676346976687540e+01 -6.364563025077640823e-01 6.206321977227463549e+01
4.278068433187927511e+00 6.000863228845015840e+01 -6.229693060394193571e-01 6.063160159448956676e+01
4.279179791267500477e+00 5.858599824016146584e+01 -6.093837696898296574e-01 5.919538200985129350e+01
4.280291149347073443e+00 5.716037027409159066e+01 -5.957133464752841778e-01 5.775608362056686929e+01
4.281402507426647297e+00 5.573325586812096333e+01 -5.819720876200689119e-01 5.631522795574103668e+01
4.282513865506220263e+00 5.430616125576953124e+01 -5.681746346535004877e-01 5.487433589042304050e+01
4.283625223585794117e+00 5.288058973351214576e+01 -5.543363143661872439e-01 5.343492604787833500e+01
4.284736581665367083e+00 5.145803799329991790e+01 -5.404731169358644172e-01 5.199851111023578909e+01
4.285847939744940049e+00 5.003999077586994559e+01 -5.266015568496955623e-01 5.056659233271964382e+01
4.286959297824513015e+00 4.862791441894707845e+01 -5.127384354624816565e-01 4.914065285440955222e+01
4.288070655904086870e+00 4.722325003889633166e+01 -4.989005400146749314e-01 4.772215057891101253e+01
4.289182013983659836e+00 4.582740711318839999e+01 -4.851043241036517850e-01 4.631251143729203790e+01
4.290293372063232802e+00 4.444175812446234630e+01 -4.713656173149974316e-01 4.491312374177734767e+01
4.291404730142806656e+00 4.306763470778910374e+01 -4.576994065613999019e-01 4.352533411435051391e+01
4.292516088222379622e+00 4.170632545102052546e+01 -4.441197195114655050e-01 4.215044517053198803e+01
4.293627446301952588e+00 4.035907518536262728e+01 -4.306396233367235094e-01 4.078971480869935817e+01
4.294738804381525554e+00 3.902708532372752614e+01 -4.172713326990716287e-01 3.944435665642659217e+01
4.295850162461099409e+00 3.771151460600774641e+01 -4.040264026349577042e-01 3.811554100864270112e+01
4.296961520540672375e+00 3.641347952780839847e+01 -3.909159677965356461e-01 3.680439549560495038e+01
4.298072878620246229e+00 3.513405377775444549e+01 -3.779509817505907754e-01 3.551200475950505364e+01
4.299184236699819195e+00 3.387426618219902963e+01 -3.651424100282847363e-01 3.423940859222731348e+01
4.300295594779392161e+00 3.263509692815490837e+01 -3.525013384033144903e-01 3.298759826655820149e+01
4.301406952858965127e+00 3.141747216273473953e+01 -3.400389722122408864e-01 3.175751113494697719e+01
4.302518310938538981e+00 3.022225739727447191e+01 -3.277665210838126009e-01 3.055002391835829201e+01
4.303629669018111947e+00 2.905025042271242697e+01 -3.156949831729238265e-01 2.936594540588534485e+01
4.304741027097684913e+00 2.790217462241558977e+01 -3.038348606361331306e-01 2.820600948305172651e+01
4.305852385177258768e+00 2.677867361711888705e+01 -2.921958506962967217e-01 2.707086946781518932e+01
4.306963743256831734e+00 2.568030808098943751e+01 -2.807865620775455984e-01 2.596109464306697490e+01
4.308075101336404700e+00 2.460755533728985256e+01 -2.696143038624311261e-01 2.487716964115228890e+01
4.309186459415977666e+00 2.356081200682691801e+01 -2.586849832728810861e-01 2.381949699009978971e+01
4.310297817495551520e+00 2.254039958885476835e+01 -2.480031321289166979e-01 2.278840272098369724e+01
4.311409175575124486e+00 2.154657245892340711e+01 -2.375720614487321358e-01 2.178414452037213067e+01
4.312520533654698340e+00 2.057952742919934863e+01 -2.273941230793177504e-01 2.080692155227865925e+01
4.313631891734271306e+00 1.963941378485666434e+01 -2.174710397279357998e-01 1.985688482458460413e+01
4.314743249813844272e+00 1.872634262120826421e+01 -2.078042531783085012e-01 1.893414687438658817e+01
4.315854607893417239e+00 1.784039437644523218e+01 -1.983952367697114638e-01 1.803878961321493435e+01
4.316965965972991093e+00 1.698162367729491251e+01 -1.892457230826795345e-01 1.717086940037758325e+01
4.318077324052564059e+00 1.615006096121848245e+01 -1.803578105299286916e-01 1.633041877174841261e+01
4.319188682132137025e+00 1.534571076261022426e+01 -1.717339312370779747e-01 1.551744469384730074e+01
4.320300040211710879e+00 1.456854699435591982e+01 -1.633766842892219462e-01 1.473192367864515262e+01
4.321411398291283845e+00 1.381850595943774351e+01 -1.552885596866558360e-01 1.397379451912440551e+01
4.322522756370856811e+00 1.309547813517340664e+01 -1.474715958136393890e-01 1.324294973098704453e+01
4.323634114450429777e+00 1.239929994345202324e+01 -1.399270240828889011e-01 1.253922696753490840e+01
4.324745472530003632e+00 1.172974673138376644e+01 -1.326549569201767032e-01 1.186240168830396158e+01
4.325856830609576598e+00 1.108652803781353313e+01 -1.256541689695716557e-01 1.121218220678309940e+01
4.326968188689150452e+00 1.046928593351622006e+01 -1.189220072969007919e-01 1.058820794081311867e+01
4.328079546768723418e+00 9.877596836918554501e+00 -1.124544466628902006e-01 9.990051283581443897e+00
4.329190904848296384e+00 9.310976775664052241e+00 -1.062462837346171279e-01 9.417223059398668994e+00
4.330302262927869350e+00 8.768889645527602639e+00 -1.002914429113431483e-01 8.869181088438940819e+00
4.331413621007443204e+00 8.250757667086807245e+00 -9.458334959898263838e-02 8.345341016685786428e+00
4.332524979087016170e+00 7.755973001824619573e+00 -8.911531692110602476e-02 7.845088318745723655e+00
4.333636337166589136e+00 7.283909390949854235e+00 -8.388089052561259473e-02 7.367790281475463665e+00
4.334747695246162991e+00 6.833932730325194882e+00 -7.887410349554074829e-02 6.912806833820736685e+00
4.335859053325735957e+00 6.405409681122609555e+00 -7.408960817496031137e-02 6.479499289297571352e+00
4.336970411405308923e+00 5.997713707743286271e+00 -6.952267156720703944e-02 6.067236379310496197e+00
4.338081769484881889e+00 5.610228288481371450e+00 -6.516904265024024701e-02 5.675397331131612155e+00
4.339193127564455743e+00 5.242347410071509728e+00 -6.102472000470868935e-02 5.303372130076215107e+00
4.340304485644028709e+00 4.893473785002153242e+00 -5.708566337251547856e-02 4.950559448374662885e+00
4.341415843723602563e+00 4.563015478208741982e+00 -5.334750076405907898e-02 4.616362978972794018e+00
4.342527201803175529e+00 4.250381768662323978e+00 -4.980528230018558405e-02 4.300187050962503754e+00
4.343638559882748496e+00 3.954979089155476579e+00 -4.645332326940528056e-02 4.001432412424874130e+00
4.344749917962321462e+00 3.676207789700194795e+00 -4.328516340067153911e-02 3.719492953100855814e+00
4.345861276041895316e+00 3.413460277723854297e+00 -4.029364968241162803e-02 3.453753927406266300e+00
4.346972634121468282e+00 3.166120835156286173e+00 -3.747112944707060855e-02 3.203591964603350828e+00
4.348083992201041248e+00 2.933567138649992856e+00 -3.480972226398167113e-02 2.968376860913969129e+00
4.349195350280615102e+00 2.715173255193215951e+00 -3.230162639740145891e-02 2.747474881590620921e+00
4.350306708360188068e+00 2.510313686386843379e+00 -2.993941024386855346e-02 2.540253096630709528e+00
4.351418066439761034e+00 2.318367915517310252e+00 -2.771624208350081248e-02 2.346084157600804243e+00
4.352529424519334000e+00 2.138724883746625061e+00 -2.562602212140165786e-02 2.164350905868027919e+00
4.353640782598907855e+00 1.970786882359011782e+00 -2.366339734835867445e-02 1.994450279707380203e+00
4.354752140678480821e+00 1.813972481152489991e+00 -2.182365944074741299e-02 1.835796140593234371e+00
4.355863498758054675e+00 1.667718292887795384e+00 -2.010254546865809441e-02 1.687820838356459463e+00
4.356974856837627641e+00 1.531479568963109550e+00 -1.849597734591752751e-02 1.549975546309026342e+00
4.358086214917200607e+00 1.404729800569741727e+00 -1.699978606327855191e-02 1.421729586633025066e+00
4.359197572996773573e+00 1.286959635514294487e+00 -1.560946913435038233e-02 1.302569104648645615e+00
4.360308931076347427e+00 1.177675495082030732e+00 -1.432002397188737383e-02 1.191995519053918429e+00
4.361420289155920393e+00 1.076398280163993970e+00 -1.312588706237910463e-02 1.089524167226375129e+00
4.362531647235493359e+00 9.826624952225039289e-01 -1.202099096357124065e-02 9.946834861860799348e-01
4.363643005315067214e+00 8.960160066868045892e-01 -1.099893128338942129e-02 9.070149379701928360e-01
4.364754363394640180e+00 8.160205106807897346e-01 -1.005321721503955532e-02 8.260737278958318885e-01
4.365865721474213146e+00 7.422526388971469880e-01 -9.177564995098672768e-03 7.514302038922359150e-01
4.366977079553786112e+00 6.743055056443307826e-01 -8.366186188076258842e-03 6.826716918324043926e-01
4.368088437633359966e+00 6.117904137680538756e-01 -7.614023234456246229e-03 6.194044370025039159e-01
4.369199795712932932e+00 5.543384048473364301e-01 -6.916893156982210564e-03 5.612552980043318263e-01
4.370311153792506786e+00 5.016013630122206912e-01 -6.271515314591876930e-03 5.078728783268122715e-01
4.371422511872079752e+00 4.532524557115025776e-01 -5.675418151083669663e-03 4.589278738625911513e-01
4.372533869951652719e+00 4.089858044804524084e-01 -5.126739853328581356e-03 4.141125443337828615e-01
4.373645228031225685e+00 3.685154045201758932e-01 -4.623955400465072467e-03 3.731393599206382361e-01
4.374756586110799539e+00 3.315734320059106621e-01 -4.165574729217890078e-03 3.357390067351284646e-01
4.375867944190372505e+00 2.979081724488086280e-01 -3.749861613649587908e-03 3.016580340624566703e-01
4.376979302269945471e+00 2.672818569936804001e-01 -3.374619527780977485e-03 2.706564765214592438e-01
4.378090660349519325e+00 2.394686983201082253e-01 -3.037079750389772275e-03 2.425057780704921173e-01
4.379202018429092291e+00 2.142533742383126993e-01 -2.733910080338321918e-03 2.169872843186569644e-01
4.380313376508665257e+00 1.914301235453259586e-01 -2.461342535271750145e-03 1.938914660805995949e-01
4.381424734588238223e+00 1.708025100763344295e-01 -2.215398607591899036e-03 1.730179086839241098e-01
4.382536092667812078e+00 1.521837957748284065e-01 -1.992174329574119499e-03 1.541759701044024267e-01
4.383647450747385044e+00 1.353977612878920489e-01 -1.788137271487217012e-03 1.371858985593776004e-01
4.384758808826958898e+00 1.202797397752809333e-01 -1.600385364974519315e-03 1.218801251402596431e-01
4.385870166906531864e+00 1.066775977808143983e-01 -1.426823511406792155e-03 1.081044212922261105e-01
4.386981524986104830e+00 9.445241059147313489e-02 -1.266227332494660037e-03 9.571863792397158899e-02
4.388092883065677796e+00 8.347863535895921894e-02 -1.118181962831632558e-03 8.459681732179318014e-02
4.389204241145251650e+00 7.364367331100724057e-02 -9.829044256729445317e-04 7.462657773668050776e-02
4.390315599224824616e+00 6.484681743330260317e-02 -8.609774682220789135e-04 6.570779490152484081e-02
4.391426957304397583e+00 5.699768632925469869e-02 -7.530375560629505886e-04 5.775072388532097312e-02
4.392538315383971437e+00 5.001433126474555402e-02 -6.594675645413248816e-04 5.067379882928766538e-02
4.393649673463544403e+00 4.382125764360524783e-02 -5.801442274398513430e-04 4.440140187104831687e-02
4.394761031543117369e+00 3.834761580318378493e-02 -5.142816476195501141e-04 3.886189745079911967e-02
4.395872389622690335e+00 3.352578737141101439e-02 -4.603965459007357090e-04 3.398618391731277055e-02
4.396983747702264189e+00 2.929052775118828889e-02 -4.164009705715404934e-04 2.970692872175713373e-02
4.398095105781837155e+00 2.557873389180789075e-02 -3.798071846876855187e-04 2.595854107649920445e-02
4.399206463861411009e+00 2.232980473090137932e-02 -3.480108554155071426e-04 2.267781558631883423e-02
4.400317821940983976e+00 1.948646640051892795e-02 -3.186055715350130180e-04 1.980507197205216841e-02
4.401429180020556942e+00 1.699586107114460162e-02 -2.896763026900977004e-04 1.728553737383532046e-02
4.402540538100129908e+00 1.481065892717783883e-02 -2.600226204052767925e-04 1.507068154758298834e-02
4.403651896179702874e+00 1.288995331392748037e-02 -2.292738420830762005e-04 1.311922715600534473e-02
4.404763254259276728e+00 1.119973906918485945e-02 -1.978759065170526655e-04 1.139761497570637196e-02
4.405874612338849694e+00 9.712846502339710433e-03 -1.669508645871041052e-04 9.879797366928811178e-03
4.406985970418423548e+00 8.408296250283884762e-03 -1.380509134106011376e-04 8.546347163693556251e-03
4.408097328497996514e+00 7.270137979326210705e-03 -1.128464452343825485e-04 7.382984424557676763e-03
4.409208686577569480e+00 6.285922623856101538e-03 -9.279871206709937770e-05 6.378721335923651266e-03
4.410320044657142446e+00 5.445019523065385871e-03 -7.887055398752610921e-05 5.523890077053370679e-03
4.411431402736716301e+00 4.737016623549568026e-03 -7.132268934149807406e-05 4.808339312887076507e-03
4.412542760816289267e+00 4.150429792585390298e-03 -6.962925178804121591e-05 4.220059044370190644e-03
4.413654118895863121e+00 3.671898532526942944e-03 -7.252681633368239067e-05 3.744425348859329889e-03
4.414765476975436087e+00 3.285968198865898797e-03 -7.818925724275971995e-05 3.364157456112549637e-03
4.415876835055009053e+00 2.975465930628432010e-03 -8.450001968585714571e-05 3.059965950312868756e-03
4.416988193134582019e+00 2.722384026048222175e-03 -8.937719017456474365e-05 2.811761216212025141e-03
4.418099551214154985e+00 2.509105524809262643e-03 -9.109781081817731419e-05 2.600203335632670244e-03
4.419210909293728839e+00 2.319754868737421670e-03 -8.856771091809250947e-05 2.408322579657162180e-03
4.420322267373301806e+00 2.141439803073580048e-03 -8.149180249838707457e-05 2.222931605570979251e-03
4.421433625452875660e+00 1.965171498898272886e-03 -7.041592451765501420e-05 2.035587423415875005e-03
4.422544983532448626e+00 1.786304508347907665e-03 -5.663230813057027629e-05 1.842936816483808178e-03
4.423656341612021592e+00 1.604417501125198972e-03 -4.196314499735393806e-05 1.646380646117740062e-03
4.424767699691594558e+00 1.422646795072161170e-03 -2.845689271374159975e-05 1.451103687783998186e-03
4.425879057771168412e+00 1.246572767555101120e-03 -1.804651850914650371e-05 1.264619286069268130e-03
4.426990415850741378e+00 1.082830245097291975e-03 -1.222543831385888743e-05 1.095055683408713244e-03
4.428101773930314344e+00 9.376567414052612223e-04 -1.179433208202115889e-05 9.494510734849780044e-04
4.429213132009888199e+00 8.156004313871836626e-04 -1.672068296568149538e-05 8.323211143501545780e-04
4.430324490089461165e+00 7.185821456057262056e-04 -2.613461474151315759e-05 7.447167603429889586e-04
4.431435848169034131e+00 6.454472935840549095e-04 -3.846235642658946770e-05 6.839096500112521945e-04
4.432547206248607097e+00 5.920642079331241711e-04 -5.167608139463652562e-05 6.437402893282188942e-04
4.433658564328180951e+00 5.519379188706717825e-04 -6.361966033135169345e-05 6.155575792008852534e-04
4.434769922407753917e+00 5.172269398645815315e-04 -7.235720725349616968e-05 5.895841471186604463e-04
4.435881280487327771e+00 4.799882302300076788e-04 -7.648729935078388146e-05 5.564755295800318056e-04
4.436992638566900737e+00 4.334418679291253927e-04 -7.537111548900541052e-05 5.088129834204380532e-04
4.438103996646473703e+00 3.730471279760226230e-04 -6.923663021886944011e-05 4.422837581915795273e-04
4.439215354726046669e+00 2.972151727455860440e-04 -5.914117997105796244e-05 3.563563527160266888e-04
4.440326712805620524e+00 2.075446160094380024e-04 -4.679790099622064474e-05 2.543425170015036320e-04
4.441438070885193490e+00 1.085446884878101350e-04 -3.429393018449456625e-05 1.428386186703106773e-04
4.442549428964766456e+00 6.893811529236934348e-06 -2.374617713167097028e-05 3.063998865999361049e-05
4.443660787044340310e+00 -8.964429915216804139e-05 -1.695095290183187543e-05 -7.269334624770973363e-05
4.444772145123913276e+00 -1.734711214987948234e-04 -1.508502016088500105e-05 -1.583861013358708718e-04
4.445883503203486242e+00 -2.383696780354040482e-04 -1.850745585942303908e-05 -2.198622221730748357e-04
4.446994861283059208e+00 -2.804936857892756678e-04 -2.669538848615887562e-05 -2.537982972931837351e-04
4.448106219362633063e+00 -2.989749606064744927e-04 -3.832483056128625185e-05 -2.606501300395501659e-04
4.449217577442206029e+00 -2.960573309271373791e-04 -5.148403535555762380e-05 -2.445732955746597907e-04
4.450328935521779883e+00 -2.767420023665288081e-04 -6.398496429678420330e-05 -2.127570380756751501e-04
4.451440293601352849e+00 -2.480074113387925215e-04 -7.372215619158884749e-05 -1.742852551441583398e-04
4.452551651680925815e+00 -2.177335730245976721e-04 -7.902024512483320435e-05 -1.387133279052699380e-04
4.453663009760498781e+00 -1.935061771358267588e-04 -7.891294205001905349e-05 -1.145932350840752451e-04
4.454774367840072635e+00 -1.814922518203728526e-04 -7.330726435330384941e-05 -1.081849874662890688e-04
4.455885725919645601e+00 -1.855648334036023557e-04 -6.300541142918381012e-05 -1.225594219750040419e-04
4.456997083999218567e+00 -2.068114805194313426e-04 -4.957992185999230762e-05 -1.572315586658556280e-04
4.458108442078792422e+00 -2.434978773533200028e-04 -3.512181474199838646e-05 -2.083760626201347976e-04
4.459219800158365388e+00 -2.914836812991943482e-04 -2.190236558198615315e-05 -2.695813157192253600e-04
4.460331158237938354e+00 -3.450152296088567242e-04 -1.200354137937556742e-05 -3.330116882327233889e-04
4.461442516317511320e+00 -3.977603569230883478e-04 -6.977529024992958876e-06 -3.907828278948158535e-04
4.462553874397085174e+00 -4.439137462324567853e-04 -7.591306249707812672e-06 -4.363224399868218797e-04
4.463665232476658140e+00 -4.791925504966585954e-04 -1.369851593289562553e-05 -4.654940345650814817e-04
4.464776590556231994e+00 -5.015624779186555983e-04 -2.426021817502988651e-05 -4.773022597475755314e-04
4.465887948635804960e+00 -5.115804394406355503e-04 -3.751177471719485592e-05 -4.740686647261251789e-04
4.466999306715377926e+00 -5.123034608929244969e-04 -5.124914344195153715e-05 -4.610543174454046736e-04
4.468110664794950893e+00 -5.087843785717914005e-04 -6.318816440423945463e-05 -4.455962141646683475e-04
4.469222022874524747e+00 -5.072413491195643847e-04 -7.133825513608546315e-05 -4.359030939793216296e-04
4.470333380954097713e+00 -5.140397500844990589e-04 -7.432933094284354975e-05 -4.397104191462858792e-04
4.471444739033670679e+00 -5.346535144745653313e-04 -7.163819323014291294e-05 -4.630153212457492379e-04
4.472556097113244533e+00 -5.727740497755420476e-04 -6.367690808951786594e-05 -5.090971416829804738e-04
4.473667455192817499e+00 -6.297088300352084080e-04 -5.172819222980960189e-05 -5.779806378067789277e-04
4.474778813272390465e+00 -7.041630903216771669e-04 -3.773786575591798673e-05 -6.664252245587262181e-04
4.475890171351963431e+00 -7.924349638678590720e-04 -2.399791948443226905e-05 -7.684370443788344444e-04
4.477001529431537286e+00 -8.889872695313654795e-04 -1.277181515056968086e-05 -8.762154543814472483e-04
4.478112887511110252e+00 -9.872988950418823580e-04 -5.923300941646854101e-06 -9.813755941018539094e-04
4.479224245590684106e+00 -1.080854992844765185e-03 -4.609662234424564362e-06 -1.076245330608118552e-03
4.480335603670257072e+00 -1.164114872789665574e-03 -9.089959233544378791e-06 -1.155024913555835519e-03
4.481446961749830038e+00 -1.233302532751217630e-03 -1.868009456519430234e-05 -1.214622438184117951e-03
4.482558319829403004e+00 -1.286895893782941678e-03 -3.186254725647346238e-05 -1.255033346527248536e-03
4.483669677908976858e+00 -1.325741627838425418e-03 -4.653323014508016134e-05 -1.279208397694624189e-03
4.484781035988549824e+00 -1.352784483230760632e-03 -6.034534169595884626e-05 -1.292439141538374815e-03
4.485892394068122790e+00 -1.372463001226864729e-03 -7.109401351934011449e-05 -1.301368987707342793e-03
4.487003752147696645e+00 -1.389877212226505766e-03 -7.707866739239393615e-05 -1.312798544838523910e-03
4.488115110227269611e+00 -1.409869657314963319e-03 -7.738345632569558789e-05 -1.332486200990630086e-03
4.489226468306842577e+00 -1.436173271440787172e-03 -7.202944147050470891e-05 -1.364143829967406386e-03
4.490337826386415543e+00 -1.470766546439402278e-03 -6.197310185044808994e-05 -1.408793444591380402e-03
4.491449184465989397e+00 -1.513540368147686882e-03 -4.895096853117147305e-05 -1.464589399614214848e-03
4.492560542545562363e+00 -1.562328107138846386e-03 -3.519548813327101795e-05 -1.527132619014130374e-03
4.493671900625136217e+00 -1.613289732008195768e-03 -2.306848662349193953e-05 -1.590221245391381429e-03
4.494783258704709183e+00 -1.661581939715931020e-03 -1.467230766548991821e-05 -1.646909632057260700e-03
4.495894616784282150e+00 -1.702199179978901734e-03 -1.150255712487367266e-05 -1.690696622853293026e-03
4.497005974863855116e+00 -1.730842639837094779e-03 -1.419972626758789620e-05 -1.716642913571651266e-03
4.498117332943428970e+00 -1.744670200942489242e-03 -2.244085044104523818e-05 -1.722229350503384814e-03
4.499228691023001936e+00 -1.742800630531081852e-03 -3.498940959220985328e-05 -1.707811220941768187e-03
4.500340049102574902e+00 -1.726486396696789733e-03 -4.989565051265667660e-05 -1.676590746187461151e-03
4.501451407182148756e+00 -1.698924696891370876e-03 -6.481468852793389286e-05 -1.634110008372855393e-03
4.502562765261721722e+00 -1.664736478990812285e-03 -7.739022690387065465e-05 -1.587346252082310651e-03
4.503674123341294688e+00 -1.629198558232646194e-03 -8.564075537836838962e-05 -1.543557802857185770e-03
4.504785481420867654e+00 -1.597355352005560940e-03 -8.828449818118050939e-05 -1.509070853823496223e-03
4.505896839500441509e+00 -1.573157516959780913e-03 -8.494931310112491783e-05 -1.488208203855107036e-03
4.507008197580014475e+00 -1.558771484113779908e-03 -7.623259651329169486e-05 -1.482538887609967338e-03
4.508119555659588329e+00 -1.554177070318627559e-03 -6.360094441568278417e-05 -1.490576125907026091e-03
4.509230913739161295e+00 -1.557124315177792944e-03 -4.914579815942825758e-05 -1.507978517025122030e-03
4.510342271818734261e+00 -1.563462872320863168e-03 -3.523519512314143035e-05 -1.528227677202781106e-03
4.511453629898307227e+00 -1.567796989438302330e-03 -2.411908692606294326e-05 -1.543677902508069607e-03
4.512564987977881081e+00 -1.564366039643161560e-03 -1.755358389719249786e-05 -1.546812455749128380e-03
4.513676346057454047e+00 -1.548013256901024318e-03 -1.650658639719752402e-05 -1.531506670508375571e-03
4.514787704137027013e+00 -1.515089770328467960e-03 -2.099400275875588302e-05 -1.494095767572407082e-03
4.515899062216600868e+00 -1.464149741841154137e-03 -3.007427859940080262e-05 -1.434075463241084964e-03
4.517010420296173834e+00 -1.396324014745903720e-03 -4.200279200507241466e-05 -1.354321222748771161e-03
4.518121778375746800e+00 -1.315309164435805866e-03 -5.452111786300301689e-05 -1.260788046574886408e-03
4.519233136455319766e+00 -1.226968362412640418e-03 -6.523363228926538275e-05 -1.161734730122727455e-03
4.520344494534893620e+00 -1.138600598021096214e-03 -7.200917235781504006e-05 -1.066591425661752354e-03
4.521455852614466586e+00 -1.057986074502666532e-03 -7.334097683841356947e-05 -9.846450976638005791e-04
4.522567210694040440e+00 -9.923499605083571044e-04 -6.860471262371895516e-05 -9.237452478837171466e-04
4.523678568773613407e+00 -9.473988109532556229e-04 -5.817101079029305267e-05 -8.892278001615958657e-04
4.524789926853186373e+00 -9.265720840441919260e-04 -4.335289657464089908e-05 -8.832191874729407918e-04
4.525901284932759339e+00 -9.306172854557507364e-04 -2.619586556528899463e-05 -9.044214198892571322e-04
4.527012643012333193e+00 -9.575468455086682705e-04 -9.144610395649016327e-06 -9.484022351111163303e-04
4.528124001091906159e+00 -1.002975912267928650e-03 5.358829835048480950e-06 -1.008334742106893568e-03
4.529235359171479125e+00 -1.060782140210328288e-03 1.527892873162702258e-05 -1.076061068941094271e-03
4.530346717251052979e+00 -1.123980373427246274e-03 1.932516940133778099e-05 -1.143305542829113099e-03
4.531458075330625945e+00 -1.185674312855705377e-03 1.716821216115608421e-05 -1.202842525020112211e-03
4.532569433410198911e+00 -1.239938461146051140e-03 9.496731148684502545e-06 -1.249435192299670023e-03
4.533680791489771877e+00 -1.282497966895257283e-03 -2.095802304513707913e-06 -1.280402164592474561e-03
4.534792149569345732e+00 -1.311108889842296701e-03 -1.537683504185256264e-05 -1.295732054801455001e-03
4.535903507648918698e+00 -1.325591096562793881e-03 -2.784980213342192379e-05 -1.297741294429763381e-03
4.537014865728492552e+00 -1.327522414400476424e-03 -3.717678050607436079e-05 -1.290345633894750309e-03
4.538126223808065518e+00 -1.319656779677973223e-03 -4.157844569681508080e-05 -1.278078333982471003e-03
4.539237581887638484e+00 -1.305172342177444425e-03 -4.014416219512873408e-05 -1.265028179987071110e-03
4.540348939967211450e+00 -1.286881085997918341e-03 -3.299935623773552520e-05 -1.253881729766494289e-03
4.541460298046785304e+00 -1.266535620164354172e-03 -2.130056991492930500e-05 -1.245235050252325223e-03
4.542571656126358270e+00 -1.244350982191065862e-03 -7.056999011553323698e-06 -1.237293983176414400e-03
4.543683014205931237e+00 -1.218822658417192343e-03 7.193792927525409370e-06 -1.226016451347047538e-03
4.544794372285505091e+00 -1.186872625427055905e-03 1.880370636915093172e-05 -1.205676331801895564e-03
4.545905730365078057e+00 -1.144301077996103628e-03 2.545704699042036461e-05 -1.169758124990719289e-03
4.547017088444651023e+00 -1.086471350803357378e-03 2.556517344193477131e-05 -1.112036524239428618e-03
4.548128446524223989e+00 -1.009117356296873212e-03 1.854661149958542588e-05 -1.027663967805942215e-03
4.549239804603797843e+00 -9.091426718882190429e-04 4.944623310654859083e-06 -9.140872952008132889e-04
4.550351162683370809e+00 -7.852813131446563424e-04 -1.363939062833887894e-05 -7.716419225184174445e-04
4.551462520762944663e+00 -6.385119384524529269e-04 -3.478801623519680068e-05 -6.037239222225893303e-04
4.552573878842517630e+00 -4.721561498473459545e-04 -5.564767027350013236e-05 -4.165084795749381423e-04
4.553685236922090596e+00 -2.916413687728716501e-04 -7.338512652981589749e-05 -2.182562422488597308e-04
4.554796595001663562e+00 -1.039614957546226457e-04 -8.564629724593743115e-05 -1.831519851184268237e-05
4.555907953081237416e+00 8.308419886389814676e-05 -9.094161636637076627e-05 1.740258152322012052e-04
4.557019311160810382e+00 2.617591997110871034e-04 -8.889363819284923872e-05 3.506528379009514387e-04
4.558130669240383348e+00 4.252341196466671684e-04 -8.030449720056742906e-05 5.055386168494649911e-04
4.559242027319957202e+00 5.682812256786308556e-04 -6.703014629078646465e-05 6.353113719720629091e-04
4.560353385399530168e+00 6.877175039474024872e-04 -5.168004351523336124e-05 7.393975474621660229e-04
4.561464743479103134e+00 7.825349162547251807e-04 -3.718997342324575596e-05 8.197248896755006701e-04
4.562576101558676100e+00 8.537060792635920835e-04 -2.633714807531516806e-05 8.800432273406730375e-04
4.563687459638249955e+00 9.037045966627730827e-04 -2.127701059544245799e-05 9.249816072500883883e-04
4.564798817717822921e+00 9.358236382302884040e-04 -2.317844412283920005e-05 9.590020823523681204e-04
4.565910175797396775e+00 9.534071586380214215e-04 -3.201868001371356256e-05 9.854258386434602921e-04
4.567021533876969741e+00 9.591206432947121420e-04 -4.657350661762047058e-05 1.005694149912831617e-03
4.568132891956542707e+00 9.543806492187550429e-04 -6.460653137776013700e-05 1.018987180591483452e-03
4.569244250036115673e+00 9.390360431489673358e-04 -8.322843126980044009e-05 1.022264474419656496e-03
4.570355608115688639e+00 9.113530285710642973e-04 -9.936874215529045782e-05 1.010721770723818549e-03
4.571466966195262493e+00 8.683073216006545469e-04 -1.102835163351406059e-04 9.785908379338484949e-04
4.572578324274835460e+00 8.061378889661195311e-04 -1.140153900961161611e-04 9.201532790659478107e-04
4.573689682354409314e+00 7.210751515686440868e-04 -1.097295062894360811e-04 8.308046578585852977e-04
4.574801040433982280e+00 6.101288921503903850e-04 -9.786834549098630287e-05 7.079972376365843787e-04
4.575912398513555246e+00 4.718114655254630535e-04 -8.009774338594483122e-05 5.519092089075834564e-04
4.577023756593128212e+00 3.066815966578726859e-04 -5.905050353444241226e-05 3.657321001905401237e-04
4.578135114672702066e+00 1.176213579235683515e-04 -3.790748479677081726e-05 1.555288427195529325e-04
4.579246472752275032e+00 -9.020059886391467254e-05 -1.988332895832722500e-05 -7.031726990899697877e-05
4.580357830831848887e+00 -3.096792355395377853e-04 -7.700530029952244379e-06 -3.019787055101610354e-04
4.581469188911421853e+00 -5.323897967794053408e-04 -3.138483710069892170e-06 -5.292513130761209144e-04
4.582580546990994819e+00 -7.493851506536149988e-04 -6.732850821476371920e-06 -7.426522998321321081e-04
4.583691905070567785e+00 -9.520627433547442344e-04 -1.767671559245607759e-05 -9.343860277627722734e-04
4.584803263150140751e+00 -1.132982075093374704e-03 -3.394239599618090924e-05 -1.099039679096883984e-03
4.585914621229714605e+00 -1.286523652132520647e-03 -5.260663319450303290e-05 -1.233917018937365521e-03
4.587025979309287571e+00 -1.409306545183075261e-03 -7.032815295024656547e-05 -1.338978392238930138e-03
4.588137337388861425e+00 -1.500319565199115766e-03 -8.390083173137261041e-05 -1.416418733468008135e-03
4.589248695468434391e+00 -1.560764502606505968e-03 -9.079224763842880003e-05 -1.469972254966883489e-03
4.590360053548007357e+00 -1.593652003390041375e-03 -8.957861378709638641e-05 -1.504073389607447301e-03
4.591471411627580324e+00 -1.603224973342324156e-03 -8.020296022880689748e-05 -1.523022013121276596e-03
4.592582769707154178e+00 -1.594305807401392560e-03 -6.401152417049747398e-05 -1.530294283235876778e-03
4.593694127786727144e+00 -1.571669292628559769e-03 -4.355916477947743761e-05 -1.528110127855556496e-03
4.594805485866300110e+00 -1.539532369518419692e-03 -2.221244734487065663e-05 -1.517319922174102317e-03
4.595916843945873964e+00 -1.501227283356643648e-03 -3.612656782289441618e-06 -1.497614626576425703e-03
4.597028202025446930e+00 -1.459090411579613399e-03 8.915167523191098076e-06 -1.468005579101399520e-03
4.598139560105019896e+00 -1.414561033087286326e-03 1.291106868847749858e-05 -1.427472101777525152e-03
4.599250918184592862e+00 -1.368448796320127650e-03 7.196394991071958388e-06 -1.375645191312538287e-03
4.600362276264166717e+00 -1.321301375729420653e-03 -7.912543658214680315e-06 -1.313388832073339018e-03
4.601473634343739683e+00 -1.273789046307115692e-03 -3.063106463397606701e-05 -1.243157981671617202e-03
4.602584992423313537e+00 -1.227022802034121330e-03 -5.797175329157856034e-05 -1.169051048749734012e-03
4.603696350502886503e+00 -1.182736914598690823e-03 -8.620877328781019434e-05 -1.096528141314150528e-03
4.604807708582459469e+00 -1.143292847906215472e-03 -1.114673765145340911e-04 -1.031825471391934704e-03
4.605919066662032435e+00 -1.111494715743456020e-03 -1.303436556248912864e-04 -9.811510601213692395e-04
4.607030424741606289e+00 -1.090241362783045615e-03 -1.404533691578326851e-04 -9.497879936268718674e-04
4.608141782821179255e+00 -1.082070844297768498e-03 -1.408189527995770489e-04 -9.412518914991555756e-04
4.609253140900752221e+00 -1.088674491308168606e-03 -1.320291514274280571e-04 -9.566453398884321776e-04
4.610364498980326076e+00 -1.110466351107054946e-03 -1.161421287352369213e-04 -9.943242223727885749e-04
4.611475857059899042e+00 -1.146288161398639109e-03 -9.634463126848531798e-05 -1.049943530128227571e-03
4.612587215139472008e+00 -1.193311028905998973e-03 -7.642005440316781951e-05 -1.116890974503418872e-03
4.613698573219044974e+00 -1.247165669314662670e-03 -6.011047600276055581e-05 -1.187055193312330998e-03
4.614809931298618828e+00 -1.302298083093991017e-03 -5.047650815689913714e-05 -1.251821574937824096e-03
4.615921289378191794e+00 -1.352512430568549289e-03 -4.936090217778576713e-05 -1.303151528393173622e-03
4.617032647457765648e+00 -1.391633159865723716e-03 -5.704663479769828230e-05 -1.334586525068123331e-03
4.618144005537338614e+00 -1.414198778770734723e-03 -7.216991823259670850e-05 -1.342028860542001257e-03
4.619255363616911580e+00 -1.416093084597446448e-03 -9.190791101596881211e-05 -1.324185173583354797e-03
4.620366721696484547e+00 -1.395027155497045868e-03 -1.124163116468780655e-04 -1.282610843850599857e-03
4.621478079776058401e+00 -1.350805754222651625e-03 -1.294506751614363368e-04 -1.221355079064227311e-03
4.622589437855631367e+00 -1.285341824631759319e-03 -1.390739620563004840e-04 -1.146267862574752369e-03
4.623700795935204333e+00 -1.202417865298453011e-03 -1.383367443098283418e-04 -1.064081120994713955e-03
4.624812154014778187e+00 -1.107227828950205044e-03 -1.258184991973368221e-04 -9.814093297585055851e-04
4.625923512094351153e+00 -1.005762651487535683e-03 -1.019384819506769299e-04 -9.038241695381707321e-04
4.627034870173924119e+00 -9.041223238325573827e-04 -6.897983489233547392e-05 -8.351424889429186855e-04
4.628146228253497085e+00 -8.078449098508481453e-04 -3.081544179517347899e-05 -7.770294680610299745e-04
4.629257586333070940e+00 -7.213373532609197118e-04 7.628481118842887787e-06 -7.289658343828315287e-04
4.630368944412643906e+00 -6.474755604561172832e-04 4.109252158145836791e-05 -6.885680820403605870e-04
4.631480302492217760e+00 -5.874151042827591715e-04 6.477866930965240158e-05 -6.521937735975312164e-04
4.632591660571790726e+00 -5.406231745795262410e-04 7.509626649584205042e-05 -6.157194410770061143e-04
4.633703018651363692e+00 -5.051118568205621284e-04 7.024167865952332082e-05 -5.753535354846874266e-04
4.634814376730936658e+00 -4.778269542129369527e-04 5.051822900912888699e-05 -5.283451832234352819e-04
4.635925734810509624e+00 -4.551289685149185029e-04 1.834220239910606910e-05 -4.734711709164833257e-04
4.637037092890083478e+00 -4.332956563531935746e-04 -2.207097608905441517e-05 -4.112246802700635518e-04
4.638148450969657333e+00 -4.089791959914365832e-04 -6.529649764066520015e-05 -3.436826983531216352e-04
4.639259809049230299e+00 -3.795641463997233853e-04 -1.054785563045632421e-04 -2.740855900927549626e-04
4.640371167128803265e+00 -3.433923384229307734e-04 -1.371799310792236174e-04 -2.062124073458437932e-04
4.641482525208376231e+00 -2.998439813331419128e-04 -1.561733473950923312e-04 -1.436706339373317043e-04
4.642593883287949197e+00 -2.492866832548340430e-04 -1.600533911622162590e-04 -8.923329209361248525e-05
4.643705241367523051e+00 -1.929222182613400118e-04 -1.485749494067343591e-04 -4.434726885303998350e-05
4.644816599447096017e+00 -1.325721292237714037e-04 -1.236661871683005030e-04 -8.905942055443009583e-06
4.645927957526669871e+00 -7.044633107873771779e-05 -8.911439334057151356e-05 1.866806225818830149e-05
4.647039315606242837e+00 -8.933961448714049887e-06 -4.997374830279534264e-05 4.103978685407406925e-05
4.648150673685815804e+00 4.955563362987866396e-05 -1.178719826947161858e-05 6.134283189542424756e-05
4.649262031765388770e+00 1.026891181253224497e-04 2.025664656283875434e-05 8.243247155702014312e-05
4.650373389844961736e+00 1.482458920052862322e-04 4.210089287628392921e-05 1.061449991253685587e-04
4.651484747924535590e+00 1.841122575074395542e-04 5.141206035439991923e-05 1.327001971508702549e-04
4.652596106004109444e+00 2.082587464306386092e-04 4.789569163100823080e-05 1.603630547980292151e-04
4.653707464083682410e+00 2.187287944824146274e-04 3.328919520390680994e-05 1.854395992762285195e-04
4.654818822163255376e+00 2.136628497396556080e-04 1.103620053660729947e-05 2.026266491994071985e-04
4.655930180242828342e+00 1.913723720292816318e-04 -1.430316542890424501e-05 2.056755374535880617e-04
4.657041538322401308e+00 1.504650717883171699e-04 -3.781030828391933313e-05 1.882753800686962780e-04
4.658152896401975163e+00 9.000887248187037061e-05 -5.501267617685862642e-05 1.450215486576504327e-04
4.659264254481548129e+00 9.710293593065535750e-06 -6.260628018220102471e-05 7.231657377207423559e-05
4.660375612561121983e+00 -8.992431080759793549e-05 -5.898153464063258416e-05 -3.094277617466425741e-05
4.661486970640694949e+00 -2.074773740110951174e-04 -4.446968812532832910e-05 -1.630076858897324408e-04
4.662598328720267915e+00 -3.405859145534793539e-04 -2.127212551879041180e-05 -3.193137890424279095e-04
4.663709686799840881e+00 -4.860006829549290419e-04 6.914323109260906363e-06 -4.929150060623273093e-04
4.664821044879413847e+00 -6.397398611629618584e-04 3.551435185582915331e-05 -6.752542130236748952e-04
4.665932402958987701e+00 -7.973224093978743734e-04 5.983314891811231952e-05 -8.571555583195269654e-04
4.667043761038561556e+00 -9.540518878604272454e-04 7.583466712901463472e-05 -1.029886554988620855e-03
4.668155119118134522e+00 -1.105311885439134653e-03 8.081374403252734808e-05 -1.186125629474698608e-03
4.669266477197707488e+00 -1.246831040403887595e-03 7.385391955221161007e-05 -1.320684959961485223e-03
4.670377835277280454e+00 -1.374879886845650377e-03 5.599732254355375472e-05 -1.430877209393698665e-03
4.671489193356853420e+00 -1.486372930172281774e-03 3.009917453431431265e-05 -1.516472104713375603e-03
4.672600551436427274e+00 -1.578865704475735385e-03 3.898749625875163292e-07 -1.579255579438391260e-03
4.673711909516000240e+00 -1.650455347151632418e-03 -2.818577871301516417e-05 -1.622269568440482803e-03
4.674823267595574094e+00 -1.699611163418356715e-03 -5.074734296938949519e-05 -1.648863820449610355e-03
4.675934625675147061e+00 -1.724975479998153106e-03 -6.325206088457175442e-05 -1.661723419114393731e-03
4.677045983754720027e+00 -1.725182145728949975e-03 -6.314059968867181700e-05 -1.662041546050243169e-03
4.678157341834292993e+00 -1.698738761171688380e-03 -4.975365095627036927e-05 -1.648985110222567999e-03
4.679268699913865959e+00 -1.644008943407865037e-03 -2.445450154487340862e-05 -1.619554441864429206e-03
4.680380057993439813e+00 -1.559313986484221022e-03 9.560594475136621295e-06 -1.568874580962270095e-03
4.681491416073013667e+00 -1.443151796805997641e-03 4.773313845492733120e-05 -1.490884935256655587e-03
4.682602774152586633e+00 -1.294508513211883784e-03 8.481915054457111482e-05 -1.379327663757873171e-03
4.683714132232159599e+00 -1.113218637994307578e-03 1.156652607876345679e-04 -1.228883898790326078e-03
4.684825490311732565e+00 -9.003163585203707983e-04 1.359629851851804484e-04 -1.036279343706420723e-03
4.685936848391305531e+00 -6.583166367656183597e-04 1.428649764274974297e-04 -8.011816131966811340e-04
4.687048206470879386e+00 -3.913707603293064478e-04 1.353703376078789901e-04 -5.267410979394388437e-04
4.688159564550452352e+00 -1.052568744745844837e-04 1.144238135885672429e-04 -2.196806880656787986e-04
4.689270922630026206e+00 1.928106356710025627e-04 8.271960940541308704e-05 1.100910262603473446e-04
4.690382280709599172e+00 4.945417267350656065e-04 4.424725440276601620e-05 4.502944723264986683e-04
4.691493638789172138e+00 7.910631618311477105e-04 3.656828876230378147e-06 7.874063329529660225e-04
4.692604996868745104e+00 1.073482822611776825e-03 -3.445232301638085661e-05 1.107935145625816090e-03
4.693716354948318070e+00 1.333452717720579311e-03 -6.620567351051669287e-05 1.399658391233652268e-03
4.694827713027891924e+00 1.563655854226864974e-03 -8.898554819372731265e-05 1.652641402419054509e-03
4.695939071107465779e+00 1.758152695316653018e-03 -1.017418941060426493e-04 1.859894589416287653e-03
4.697050429187038745e+00 1.912544524147180482e-03 -1.050404322244501842e-04 2.017584956370506877e-03
4.698161787266611711e+00 2.023940563481496386e-03 -1.008505913264543126e-04 2.124791154803595730e-03
4.699273145346184677e+00 2.090748595419971486e-03 -9.211795567726864379e-05 2.182866551094965989e-03
4.700384503425757643e+00 2.112339713497045270e-03 -8.219994962360292800e-05 2.194539663121006148e-03
4.701495861505331497e+00 2.088661405813676836e-03 -7.426366957945969836e-05 2.162925075394297580e-03
4.702607219584904463e+00 2.019885030695348083e-03 -7.074806438033970368e-05 2.090633095073349094e-03
4.703718577664478318e+00 1.906171201052375610e-03 -7.297881673462801300e-05 1.979150017777061774e-03
4.704829935744051284e+00 1.747619161277141116e-03 -8.099591102509957668e-05 1.828615072304259166e-03
4.705941293823624250e+00 1.544435848843176123e-03 -9.361599957896040607e-05 1.638051848419833046e-03
4.707052651903197216e+00 1.297321140644081168e-03 -1.087108452293830739e-04 1.406031985872496348e-03
4.708164009982770182e+00 1.008023636527889677e-03 -1.236462850600027175e-04 1.131669921584596474e-03
4.709275368062344036e+00 6.799829306852629967e-04 -1.357995338636336987e-04 8.157824645452836729e-04
4.710386726141917890e+00 3.189462000835031701e-04 -1.430606332679248093e-04 4.620068333495868686e-04
4.711498084221490856e+00 -6.656554883654344323e-05 -1.442283313399225016e-04 7.766278250508561968e-05
4.712609442301063822e+00 -4.650598314265801786e-04 -1.392306949253760667e-04 -3.258291364968311180e-04
4.713720800380636788e+00 -8.622360460536640861e-04 -1.291327090131257538e-04 -7.331033370412616849e-04
4.714832158460209754e+00 -1.241559356758418099e-03 -1.159313771356280367e-04 -1.125627979623248327e-03
4.715943516539783609e+00 -1.585239781685161050e-03 -1.021767241411877201e-04 -1.483063057553280027e-03
4.717054874619356575e+00 -1.875551657614094730e-03 -9.048803131570684155e-05 -1.785063626294465435e-03
4.718166232698930429e+00 -2.096372827075551268e-03 -8.305324066661750010e-05 -2.013319586410713350e-03
4.719277590778503395e+00 -2.234779118445413305e-03 -8.120252967973195959e-05 -2.153576588768593269e-03
4.720388948858076361e+00 -2.282505035776612786e-03 -8.513405585237193707e-05 -2.197370979936140185e-03
4.721500306937649327e+00 -2.237080791346517626e-03 -9.384306573267031312e-05 -2.143237725616828869e-03
4.722611665017222293e+00 -2.102480500050518241e-03 -1.052696221616112633e-04 -1.997210877890489601e-03
4.723723023096796148e+00 -1.889164619605692742e-03 -1.166413941996569223e-04 -1.772523225408067235e-03
4.724834381176369114e+00 -1.613466310167388767e-03 -1.249530684059929684e-04 -1.488513241757213760e-03
4.725945739255942968e+00 -1.296348289677268836e-03 -1.274991188367048743e-04 -1.168849170842966743e-03
4.727057097335515934e+00 -9.616342502037238983e-04 -1.223663380871428089e-04 -8.392679121183643310e-04
4.728168455415088900e+00 -6.338867998883924559e-04 -1.087986067076789667e-04 -5.250881931883813599e-04
4.729279813494661866e+00 -3.361530231034556230e-04 -8.736793533225743855e-05 -2.487850877764327803e-04
4.730391171574235720e+00 -8.782212897772399569e-05 -5.991921053036129214e-05 -2.790291845012227590e-05
4.731502529653808686e+00 9.716640550861115749e-05 -2.929556207805190132e-05 1.264619675866755170e-04
4.732613887733382541e+00 2.115612033133892119e-04 1.110031160084184825e-06 2.104511721569136788e-04
4.733725245812955507e+00 2.553416710084868051e-04 2.790018665443464585e-05 2.274414843469289849e-04
4.734836603892528473e+00 2.355016502449147099e-04 4.822099003697583139e-05 1.872806602117320276e-04
4.735947961972101439e+00 1.650978366502506886e-04 6.021626557146786662e-05 1.048815710786288585e-04
4.737059320051674405e+00 6.167132251171409817e-05 6.330780848071040738e-05 -1.636485968971128618e-06
4.738170678131248259e+00 -5.477797076518161343e-05 5.825122806761792748e-05 -1.130291988363609553e-04
4.739282036210821225e+00 -1.640347804430957509e-04 4.695653904781115770e-05 -2.109913194884406942e-04
4.740393394290395079e+00 -2.478792176114954495e-04 3.210469015479779569e-05 -2.799839077686335160e-04
4.741504752369968045e+00 -2.920227080459574399e-04 1.662841197466593342e-05 -3.086511200283694693e-04
4.742616110449541011e+00 -2.875643950022506619e-04 3.151385134556757808e-06 -2.907157801359365207e-04
4.743727468529113978e+00 -2.318237323865384933e-04 -6.511040016318667665e-06 -2.253126923740424040e-04
4.744838826608687832e+00 -1.284805771513184260e-04 -1.169552864205457223e-05 -1.167850485125003328e-04
4.745950184688260798e+00 1.296510829439318294e-05 -1.301123199663960608e-05 2.597634028995629823e-05
4.747061542767834652e+00 1.783260415446755501e-04 -1.220882077828296797e-05 1.905348623205752588e-04
4.748172900847407618e+00 3.503033877046741887e-04 -1.181554935647524530e-05 3.621189370608952191e-04
4.749284258926980584e+00 5.103155258521501359e-04 -1.459781346827568674e-05 5.249133393211557076e-04
4.750395617006553550e+00 6.403743265736955813e-04 -2.294702570445483289e-05 6.633213522727535302e-04
4.751506975086126516e+00 7.248132523452086810e-04 -3.830287188066869622e-05 7.631161242201444685e-04
4.752618333165700371e+00 7.517036610513890254e-04 -6.072626739661916400e-05 8.124299284476251340e-04
4.753729691245273337e+00 7.138441883412112703e-04 -8.871213944551141267e-05 8.025563277893328455e-04
4.754841049324847191e+00 6.092653447096149123e-04 -1.192926443245520687e-04 7.285579890289925042e-04
4.755952407404420157e+00 4.412492008561373896e-04 -1.484308901249307001e-04 5.896800909779567005e-04
4.757063765483993123e+00 2.179145666300295056e-04 -1.716521684905856625e-04 3.895667351199711250e-04
4.758175123563566089e+00 -4.854457401214887658e-05 -1.848133984599972910e-04 1.362688244419692739e-04
4.759286481643139943e+00 -3.428589122375024726e-04 -1.848804589286630350e-04 -1.579784533154414156e-04
4.760397839722712909e+00 -6.478100632383535385e-04 -1.705735497150645465e-04 -4.772365135280087680e-04
4.761509197802286764e+00 -9.453830318499241176e-04 -1.427554264206171034e-04 -8.026276054272677655e-04
4.762620555881859730e+00 -1.217867144388349882e-03 -1.044749671251876222e-04 -1.113392177268188350e-03
4.763731913961432696e+00 -1.448855111619276517e-03 -6.063368146258505168e-05 -1.388221430159963018e-03
4.764843272041005662e+00 -1.624116238789034003e-03 -1.730680687199517571e-05 -1.606809431918037852e-03
4.765954630120578628e+00 -1.732339825537290929e-03 1.918705988175541544e-05 -1.751526885421643767e-03
4.767065988200152482e+00 -1.765754973344078101e-03 4.332411944032249441e-05 -1.809079092788612193e-03
4.768177346279725448e+00 -1.720632126714279411e-03 5.134972354082543793e-05 -1.771981850258205152e-03
4.769288704359299302e+00 -1.597661039083457177e-03 4.201722268624826721e-05 -1.639678261772569215e-03
4.770400062438872268e+00 -1.402183064329986205e-03 1.694886876608623901e-05 -1.419131933091199700e-03
4.771511420518445235e+00 -1.144237912809005454e-03 -1.946834777839739981e-05 -1.124769565035346492e-03
4.772622778598018201e+00 -8.383720968653963351e-04 -6.066556450833537027e-05 -7.777065323644756067e-04
4.773734136677591167e+00 -5.031535342667184298e-04 -9.888696989565324039e-05 -4.042665643688052920e-04
4.774845494757165021e+00 -1.603479225336235776e-04 -1.264561452322587789e-04 -3.389177729773638057e-05
4.775956852836738875e+00 1.662611607095040942e-04 -1.371182358495966181e-04 3.033793965631491232e-04
4.777068210916311841e+00 4.523865416508112683e-04 -1.272366995169074786e-04 5.796232411665001036e-04
4.778179568995884807e+00 6.750152158350398914e-04 -9.663295197525259409e-05 7.716481678060468311e-04
4.779290927075457773e+00 8.143275182507059111e-04 -4.890248170547626186e-05 8.632299999605567119e-04
4.780402285155030739e+00 8.555906312200606354e-04 8.883458682572050044e-06 8.467071725391486954e-04
4.781513643234604594e+00 7.908290922614103716e-04 6.708630090565557752e-05 7.237427913570984323e-04
4.782625001314177560e+00 6.200666842704463579e-04 1.149140577986706665e-04 5.051526264756296507e-04
4.783736359393751414e+00 3.519525481953695179e-04 1.421463549251838110e-04 2.098061932671303710e-04
4.784847717473324380e+00 3.630707302349845192e-06 1.409125595050646023e-04 -1.372818522044093651e-04
4.785959075552897346e+00 -4.002164958363843257e-04 1.072388685889493875e-04 -5.074553644264612022e-04
4.787070433632470312e+00 -8.291312590807367773e-04 4.209803489418000266e-05 -8.712292939743850398e-04
4.788181791712043278e+00 -1.249332751634194254e-03 -4.824325999846767332e-05 -1.201089491631280627e-03
4.789293149791617132e+00 -1.626650254980915172e-03 -1.526868759883517022e-04 -1.473963378993342361e-03
4.790404507871190987e+00 -1.929653731470751948e-03 -2.565627957313272394e-04 -1.673090935743820227e-03
4.791515865950763953e+00 -2.132653359033368119e-03 -3.435478273002373585e-04 -1.789105531737311336e-03
4.792627224030336919e+00 -2.218232042338215936e-03 -3.979944851229844116e-04 -1.820237557215990303e-03
4.793738582109909885e+00 -2.179008884550946018e-03 -4.073424724119671745e-04 -1.771666412140655237e-03
4.794849940189482851e+00 -2.018405528928576310e-03 -3.642526917504820588e-04 -1.654152837179064667e-03
4.795961298269056705e+00 -1.750294080413261231e-03 -2.681246345130919805e-04 -1.482169445891400820e-03
4.797072656348629671e+00 -1.397533022477646112e-03 -1.257316902024206273e-04 -1.271801332272856720e-03
4.798184014428203525e+00 -9.895306901739253560e-04 4.917343860572943870e-05 -1.038704128779987211e-03
4.799295372507776491e+00 -5.590974029107272873e-04 2.372853616857423394e-04 -7.963827645959134852e-04
4.800406730587349458e+00 -1.389409628718747832e-04 4.160539894347064713e-04 -5.549949523063991627e-04
4.801518088666922424e+00 2.417874934202173713e-04 5.625860133062393674e-04 -3.207985198885402725e-04
4.802629446746495390e+00 5.604877830226296211e-04 6.567517270247438073e-04 -9.626394399963580841e-05
4.803740804826069244e+00 8.032849871975049783e-04 6.840621438819680100e-04 1.192228433123281093e-04
4.804852162905643098e+00 9.661202594044720777e-04 6.378968539142316346e-04 3.282234054977317922e-04
4.805963520985216064e+00 1.054627217796740100e-03 5.207408368716644198e-04 5.338863809266514594e-04
4.807074879064789030e+00 1.082815255604957332e-03 3.442190400327884911e-04 7.385962155647121316e-04
4.808186237144361996e+00 1.070733452518667648e-03 1.278832653152135875e-04 9.428501871977487984e-04
4.809297595223934962e+00 1.041421090739655213e-03 -1.031166755624781848e-04 1.144537766301894927e-03
4.810408953303508817e+00 1.017545067659788704e-03 -3.211823567012811313e-04 1.338727424360777480e-03
4.811520311383081783e+00 1.018167387602170789e-03 -4.998169196880696647e-04 1.517984307290765316e-03
4.812631669462655637e+00 1.056070656951041626e-03 -6.170896428154596346e-04 1.673160299769561312e-03
4.813743027542228603e+00 1.135997047148372581e-03 -6.585309653418592365e-04 1.794528012492107921e-03
4.814854385621801569e+00 1.254035266884740568e-03 -6.190467277875509773e-04 1.873081994664556847e-03
4.815965743701374535e+00 1.398236224560411248e-03 -5.035740268759200146e-04 1.901810251438050808e-03
4.817077101780947501e+00 1.550371608825093245e-03 -3.263771450965864207e-04 1.876748753916300180e-03
4.818188459860521355e+00 1.688593051028424276e-03 -1.090753336385499829e-04 1.797668384673952943e-03
4.819299817940095210e+00 1.790624437440296000e-03 1.223233651840002008e-04 1.668301072256659062e-03
4.820411176019668176e+00 1.837043963594425181e-03 3.409635822951923240e-04 1.496080381297518625e-03
4.821522534099241142e+00 1.814196886159334622e-03 5.227559169306834723e-04 1.291440969226933340e-03
4.822633892178814108e+00 1.716327703239757356e-03 6.495467476989879880e-04 1.066780955537132520e-03
4.823745250258387074e+00 1.546626005155803032e-03 7.113928532346405287e-04 8.352331519260499781e-04
4.824856608337960928e+00 1.317029681510076397e-03 7.076195457595245300e-04 6.094101357516602466e-04
4.825967966417533894e+00 1.046802338556375098e-03 6.465195044588336682e-04 4.002828340950589318e-04
4.827079324497107748e+00 7.600747905374028064e-04 5.437499410583220352e-04 2.163248494791658269e-04
4.828190682576680715e+00 4.826890151838282204e-04 4.196784674347166276e-04 6.301054774871797312e-05
4.829302040656253681e+00 2.387856720797964767e-04 2.960842479163920118e-04 -5.729857584274122666e-05
4.830413398735826647e+00 4.761788160852789510e-05 1.927170817931448939e-04 -1.450992001855595228e-04
4.831524756815399613e+00 -7.895251524386035294e-05 1.242381473808199356e-04 -2.031906626270135188e-04
4.832636114894973467e+00 -1.379120151442839561e-04 9.800854134152755430e-05 -2.359205564871317434e-04
4.833747472974547321e+00 -1.352873195643928455e-04 1.130635514688431908e-04 -2.483508710331147683e-04
4.834858831054120287e+00 -8.503311359012237199e-05 1.604305857594779034e-04 -2.454636993481205563e-04
4.835970189133693253e+00 -6.765402399196856782e-06 2.247435919724208027e-04 -2.315089943708215840e-04
4.837081547213266219e+00 7.733931112990899935e-05 2.869074018446351321e-04 -2.095680907129254898e-04
4.838192905292839185e+00 1.460308656506383116e-04 3.274019023519776487e-04 -1.813710367104491561e-04
4.839304263372413040e+00 1.823444454228356337e-04 3.297133163013397537e-04 -1.473688708783867823e-04
4.840415621451986006e+00 1.763252840571145983e-04 2.833542524944301336e-04 -1.070289684342214933e-04
4.841526979531559860e+00 1.266938563864033486e-04 1.859901861794294306e-04 -5.929632979933486463e-05
4.842638337611132826e+00 4.117169984975819932e-05 4.432001763338224473e-05 -3.148317779830516871e-06
4.843749695690705792e+00 -6.462174415879204555e-05 -1.264565227359090260e-04 6.183477857971050049e-05
4.844861053770278758e+00 -1.695818707079155187e-04 -3.045389295640171540e-04 1.349570588511585408e-04
4.845972411849851724e+00 -2.505236137640047892e-04 -4.645387807168321285e-04 2.140151669541838931e-04
4.847083769929425578e+00 -2.861018973583089476e-04 -5.811772002697675622e-04 2.950753029090683825e-04
4.848195128008999433e+00 -2.606766832805490529e-04 -6.331270421112289307e-04 3.724503588285271944e-04
4.849306486088572399e+00 -1.675358320714422523e-04 -6.064274758687678794e-04 4.388916437982386337e-04
4.850417844168145365e+00 -1.095751667438000761e-05 -4.969511626150956846e-04 4.859936459406473180e-04
4.851529202247718331e+00 1.932603634142024884e-04 -3.115347000486408304e-04 5.047950634585335068e-04
4.852640560327291297e+00 4.189715453343218323e-04 -6.757285904036424307e-05 4.865444043692850138e-04
4.853751918406865151e+00 6.324845167796052173e-04 2.089012796577670750e-04 4.235832371179566172e-04
4.854863276486438117e+00 7.966919008869279700e-04 4.864073514758798745e-04 3.102845494114492503e-04
4.855974634566011972e+00 8.760178747578872046e-04 7.320494703555662603e-04 1.439684043998501559e-04
4.857085992645584938e+00 8.415359390225314162e-04 9.158319573508331372e-04 -7.429601833139622374e-05
4.858197350725157904e+00 6.755548993927868937e-04 1.014655949526738210e-03 -3.391010501343036821e-04
4.859308708804730870e+00 3.750118966226960839e-04 1.015434641543482355e-03 -6.404227449199658556e-04
4.860420066884303836e+00 -4.685478344663876298e-05 9.168871963187866583e-04 -9.637419797582125495e-04
4.861531424963877690e+00 -5.608690715047766817e-04 7.297573792096737934e-04 -1.290626450708234419e-03
4.862642783043451544e+00 -1.124370501144561583e-03 4.754256294801053793e-04 -1.599796130619061474e-03
4.863754141123024510e+00 -1.685532986328430391e-03 1.831101283228414752e-04 -1.868643114655978415e-03
4.864865499202597476e+00 -2.189067040017105351e-03 -1.139495501948462557e-04 -2.075117489826090733e-03
4.865976857282170442e+00 -2.582622969909043834e-03 -3.827920782709367869e-04 -2.199830891634136591e-03
4.867088215361743408e+00 -2.823097606606195503e-03 -5.949202267738542280e-04 -2.228177379832180487e-03
4.868199573441317263e+00 -2.882035402184597930e-03 -7.297990978512083069e-04 -2.152236304339962165e-03
4.869310931520890229e+00 -2.749410344111030344e-03 -7.771982303373945519e-04 -1.972212113775650890e-03
4.870422289600464083e+00 -2.435267609212801374e-03 -7.380803394115529074e-04 -1.697187269802557640e-03
4.871533647680037049e+00 -1.968969421370556170e-03 -6.239509736045795131e-04 -1.345018447764122780e-03
4.872645005759610015e+00 -1.396094019732640502e-03 -4.548037885574115775e-04 -9.412902311714081965e-04
4.873756363839182981e+00 -7.733399681127729481e-04 -2.559931238815936635e-04 -5.173468442325951985e-04
4.874867721918755947e+00 -1.620497252204634820e-04 -5.451064667340867447e-05 -1.075390785474935164e-04
4.875979079998329802e+00 3.788490411198847368e-04 1.247844494660031158e-04 2.540645916530584946e-04
4.877090438077903656e+00 7.996040393110702242e-04 2.624412771807507674e-04 5.371627621274002425e-04
4.878201796157476622e+00 1.065253324291058363e-03 3.467467617960778696e-04 7.185065624967718664e-04
4.879313154237049588e+00 1.159391383501675579e-03 3.748089740173427670e-04 7.845824094822283212e-04
4.880424512316622554e+00 1.085620358641068046e-03 3.522875092281340086e-04 7.333328494049933411e-04
4.881535870396195520e+00 8.665197062711635714e-04 2.918681895641731471e-04 5.746515167048831148e-04
4.882647228475769374e+00 5.402892461114932763e-04 2.107636872181749862e-04 3.295255588943156477e-04
4.883758586555342340e+00 1.555216933765188434e-04 1.276590190058560985e-04 2.786267437548522194e-05
4.884869944634916195e+00 -2.351988772930274424e-04 5.959154558678707173e-05 -2.947904228784382821e-04
4.885981302714489161e+00 -5.820288286805148925e-04 1.924983021720858413e-05 -6.012786588981346332e-04
4.887092660794062127e+00 -8.440485432500423020e-04 1.309683491922509715e-05 -8.571453781698323837e-04
4.888204018873635093e+00 -9.941017774859517604e-04 4.058394575466107626e-05 -1.034685723242751093e-03
4.889315376953208059e+00 -1.021682922862781522e-03 9.454562481005239396e-05 -1.116228547671226437e-03
4.890426735032781913e+00 -9.335323354902864230e-04 1.626778570163014189e-04 -1.096210192509888479e-03
4.891538093112354879e+00 -7.519111769465030952e-04 2.298358257271293427e-04 -9.817470026719295629e-04
4.892649451191928733e+00 -5.108392794514620989e-04 2.807628823439690946e-04 -7.916021618019751125e-04
4.893760809271501699e+00 -2.508500102935185862e-04 3.028021346590834906e-04 -5.536521449460440631e-04
4.894872167351074665e+00 -1.300837778161329211e-05 2.881522240876923735e-04 -3.011606018732810555e-04
4.895983525430647632e+00 1.669729720306007987e-04 2.353074029872226412e-04 -6.833443095669142122e-05
4.897094883510221486e+00 2.637119609394408901e-04 1.494556835596817291e-04 1.142562773762997972e-04
4.898206241589794452e+00 2.655588360928346631e-04 4.177611303842648002e-05 2.237827230548478270e-04
4.899317599669368306e+00 1.759787490628278526e-04 -7.224926401933756681e-05 2.482280130850305321e-04
4.900428957748941272e+00 1.275875179444004460e-05 -1.752386414446931292e-04 1.879973932401176294e-04
4.901540315828514238e+00 -1.948125937267170329e-04 -2.506479203911708307e-04 5.583532666435806271e-05
4.902651673908087204e+00 -4.103643164891978895e-04 -2.854110091014129915e-04 -1.249533073877436441e-04
4.903763031987660170e+00 -5.958145502026176901e-04 -2.720686971468439267e-04 -3.237458530540027191e-04
4.904874390067234025e+00 -7.169231102235419434e-04 -2.100532172859170452e-04 -5.068698929377214463e-04
4.905985748146806991e+00 -7.482378814011321055e-04 -1.059279508867764271e-04 -6.423099305096181214e-04
4.907097106226380845e+00 -6.767422246215555473e-04 2.745593236566759620e-05 -7.041981569875948622e-04
4.908208464305953811e+00 -5.037012101461401346e-04 1.727571678023627163e-04 -6.764583779472992239e-04
4.909319822385526777e+00 -2.444636480175513965e-04 3.106219591341994376e-04 -5.550856071563375514e-04
4.910431180465099743e+00 7.373235243510515256e-05 4.224646912429094823e-04 -3.487323388124954557e-04
4.911542538544673597e+00 4.156213077648923172e-04 4.931315929932896230e-04 -7.751028522495176550e-05
4.912653896624246563e+00 7.428784758074652439e-04 5.130485167618057622e-04 2.298299590491157014e-04
4.913765254703820418e+00 1.019481735661950227e-03 4.795362071253018521e-04 5.399455285379754386e-04
4.914876612783393384e+00 1.216705411641413014e-03 3.971061339208330166e-04 8.195992777206312797e-04
4.915987970862966350e+00 1.317042618759077868e-03 2.767066541823702108e-04 1.040335964577570899e-03
4.917099328942539316e+00 1.316509728374457532e-03 1.340485175763503236e-04 1.182461210788052046e-03
4.918210687022112282e+00 1.225019218981177310e-03 -1.272397880292559910e-05 1.237743197786551810e-03
4.919322045101686136e+00 1.064782044713413756e-03 -1.456553697755285704e-04 1.210437414490956719e-03
4.920433403181259102e+00 8.669786328197133171e-04 -2.494963371412313121e-04 1.116474969961984325e-03
4.921544761260832956e+00 6.671795497031388598e-04 -3.137413090408293077e-04 9.809208587434176639e-04
4.922656119340405922e+00 5.001690283844882970e-04 -3.338927558363913805e-04 8.340617842186389026e-04
4.923767477419978889e+00 3.949033857474067242e-04 -3.117833845792975455e-04 7.066867703226653455e-04
4.924878835499551855e+00 3.703117006571151303e-04 -2.549359662759210100e-04 6.252476669356504769e-04
4.925990193579124821e+00 4.325225191838619893e-04 -1.750894111250286508e-04 6.076119303093693424e-04
4.927101551658698675e+00 5.738962057872678234e-04 -8.614580871249475334e-05 6.600420144979370378e-04
4.928212909738272529e+00 7.739874454691898168e-04 -1.877203153508652923e-06 7.758646486161935481e-04
4.929324267817845495e+00 1.002292701981689037e-03 6.623958322982814858e-05 9.360531187505446125e-04
4.930435625897418461e+00 1.222391154527217166e-03 1.107205224800620198e-04 1.111670632044979221e-03
4.931546983976991427e+00 1.396898973428722110e-03 1.290464911224068053e-04 1.267852482304717733e-03
4.932658342056564393e+00 1.492551383896879511e-03 1.237731164244844286e-04 1.368778267473219970e-03
4.933769700136138248e+00 1.484718355048499170e-03 1.017823973744105804e-04 1.382935957670026030e-03
4.934881058215711214e+00 1.360747646791298079e-03 7.281830809009162599e-05 1.287929338697192845e-03
4.935992416295285068e+00 1.121699487389586462e-03 4.756230205506409650e-05 1.074137185336240027e-03
4.937103774374858034e+00 7.822650472805161778e-04 3.557616879092860779e-05 7.466888784863543165e-04
4.938215132454431000e+00 3.689132046294052274e-04 4.345813381386260863e-05 3.254550708132777611e-04
4.939326490534003966e+00 -8.344892582167493054e-05 7.352097127297083827e-05 -1.569698971003709526e-04
4.940437848613576932e+00 -5.358200998125109069e-04 1.232145117766237274e-04 -6.590346115912496146e-04
4.941549206693150786e+00 -9.498473277773918999e-04 1.853932754945970297e-04 -1.135240603267857794e-03
4.942660564772724641e+00 -1.292322681640491926e-03 2.493924953918541390e-04 -1.541715177038168773e-03
4.943771922852297607e+00 -1.538843648268584021e-03 3.027443391746149621e-04 -1.841587987449452932e-03
4.944883280931870573e+00 -1.676179943215159052e-03 3.332614526460154570e-04 -2.009441395861372159e-03
4.945994639011443539e+00 -1.703083396464766816e-03 3.311534947787943706e-04 -2.034236891241136477e-03
4.947105997091016505e+00 -1.629502201505529614e-03 2.908337357725774663e-04 -1.920335937278088052e-03
4.948217355170590359e+00 -1.474383854163745493e-03 2.121183591201176403e-04 -1.686502213282657691e-03
4.949328713250163325e+00 -1.262440906365637147e-03 1.006136983841817508e-04 -1.363054604746345060e-03
4.950440071329737179e+00 -1.020384170589327434e-03 -3.278820772506930818e-05 -9.875959628614012532e-04
4.951551429409310146e+00 -7.731823410797783241e-04 -1.732471237182860667e-04 -5.999352173625178584e-04
4.952662787488883112e+00 -5.408796063763087261e-04 -3.039567141770825728e-04 -2.369228921968156466e-04
4.953774145568456078e+00 -3.364000700736510287e-04 -4.084813803162651693e-04 7.208131024446037425e-05
4.954885503648029044e+00 -1.646066932885756123e-04 -4.731007462479570446e-04 3.084940529614801767e-04
4.955996861727602898e+00 -2.268801605456467058e-05 -4.888103984981373787e-04 4.661223824455605928e-04
4.957108219807176752e+00 9.825276764984444146e-05 -4.526767467551738111e-04 5.509295144073759858e-04
4.958219577886749718e+00 2.107057561742225180e-04 -3.683391268954607986e-04 5.790448830696314376e-04
4.959330935966322684e+00 3.277833094522333173e-04 -2.455789209066544672e-04 5.733622303525101821e-04
4.960442294045895650e+00 4.602525835421481665e-04 -9.901420761553546539e-05 5.592667911624694087e-04
4.961553652125468616e+00 6.140399152462256305e-04 5.389177273093800978e-05 5.601481425150438244e-04
4.962665010205042471e+00 7.885923530356609952e-04 1.952188273520447982e-04 5.933735256802921687e-04
4.963776368284615437e+00 9.763438687457086851e-04 3.090276019761223456e-04 6.673162667693473271e-04
4.964887726364189291e+00 1.163362818577088524e-03 3.834943257229692787e-04 7.798684928550243377e-04
4.965999084443762257e+00 1.331078879007601594e-03 4.124368407362596564e-04 9.186420382687090613e-04
4.967110442523335223e+00 1.458828175260541010e-03 3.960182285490842146e-04 1.062809946708051425e-03
4.968221800602908189e+00 1.526837413250117358e-03 3.405371587349697443e-04 1.186300254516988372e-03
4.969333158682481155e+00 1.519207616917372505e-03 2.573490491842835774e-04 1.261858567734611527e-03
4.970444516762055009e+00 1.426462831606383451e-03 1.610889439748102250e-04 1.265373887627720215e-03
4.971555874841628864e+00 1.247296519512432157e-03 6.746685916847775747e-05 1.179829660343964916e-03
4.972667232921201830e+00 9.892669679955425933e-04 -9.035310733984452600e-06 9.983022787290296140e-04
4.973778591000774796e+00 6.683444077968746884e-04 -5.722749368522857477e-05 7.255719014757266907e-04
4.974889949080347762e+00 3.073740576791659292e-04 -7.073932433699408532e-05 3.781133820149961506e-04
4.976001307159920728e+00 -6.633240781171611980e-05 -4.880036287906218753e-05 -1.753204493574851632e-05
4.977112665239494582e+00 -4.239501423284625786e-04 3.824791073165506334e-06 -4.277749334037127889e-04
4.978224023319067548e+00 -7.382470779429692797e-04 7.771725942398049515e-05 -8.159643373663845803e-04
4.979335381398641402e+00 -9.864417762695250162e-04 1.603514566309785364e-04 -1.146793232895125612e-03
4.980446739478214369e+00 -1.152459422538157450e-03 2.380651236514096732e-04 -1.390524546189497463e-03
4.981558097557787335e+00 -1.228326022387197201e-03 2.981504468523246297e-04 -1.526476469244020077e-03
4.982669455637360301e+00 -1.214566270615171154e-03 3.307538047111158131e-04 -1.545320075326766943e-03
4.983780813716933267e+00 -1.119608441229415653e-03 3.303072203348472713e-04 -1.449915661561510406e-03
4.984892171796507121e+00 -9.583299625701833429e-04 2.962904203852482566e-04 -1.254620382957840913e-03
4.986003529876080975e+00 -7.499820947638911276e-04 2.332262951538521031e-04 -9.832083899156325059e-04
4.987114887955653941e+00 -5.157979088610132722e-04 1.499283829821968644e-04 -6.657262918423236930e-04
4.988226246035226907e+00 -2.766075002671234653e-04 5.812922167187826669e-05 -3.347367219375955625e-04
4.989337604114799873e+00 -5.075805611555331623e-05 -2.929325860919059984e-05 -2.146479751209646536e-05
4.990448962194372839e+00 1.474292778076979893e-04 -1.002202796780438256e-04 2.476495574828939004e-04
4.991560320273946694e+00 3.085267562924881557e-04 -1.450444279313654894e-04 4.535711842241287343e-04
4.992671678353519660e+00 4.281576063219470502e-04 -1.580163190433242027e-04 5.861739253734197640e-04
4.993783036433093514e+00 5.065106294436419031e-04 -1.379992048358312171e-04 6.445098342758773637e-04
4.994894394512666480e+00 5.473609415142973974e-04 -8.853739777480691762e-05 6.358983392905425769e-04
4.996005752592239446e+00 5.567990329155761550e-04 -1.724795096475865297e-05 5.740469838850546314e-04
4.997117110671812412e+00 5.418886967078747957e-04 6.535597552840671223e-05 4.765327211841307491e-04
4.998228468751385378e+00 5.094582012499296580e-04 1.474217920891587592e-04 3.620364091608383361e-04
4.999339826830959232e+00 4.651838322424426938e-04 2.174565069014177180e-04 2.477273253378969712e-04
5.000451184910533087e+00 4.130601547370729059e-04 2.659177458865014977e-04 1.471424088507475910e-04
5.001562542990106053e+00 3.552789083231095400e-04 2.864711338677387821e-04 6.880777446127239565e-05
5.002673901069679019e+00 2.924704968816949384e-04 2.767455261225786707e-04 1.572497075879816276e-05
5.003785259149251985e+00 2.242090223638148550e-04 2.384974175645148699e-04 -1.428839519784661167e-05
5.004896617228824951e+00 1.496509337825148586e-04 1.771856751500931455e-04 -2.753474136989121548e-05
5.006007975308398805e+00 6.817159080858966810e-05 1.010437725367936386e-04 -3.287218173011392818e-05
5.007119333387971771e+00 -2.011807604458389163e-05 1.980627985347862706e-05 -3.992435589745532481e-05
5.008230691467545626e+00 -1.140564181023190089e-04 -5.671023050748303941e-05 -5.734618759047324156e-05
5.009342049547118592e+00 -2.113525569853073958e-04 -1.199598388412340041e-04 -9.139271814236483819e-05
5.010453407626691558e+00 -3.087320772947598239e-04 -1.637615598619633552e-04 -1.449705174293966546e-04
5.011564765706264524e+00 -4.022545466322067316e-04 -1.849909267097984468e-04 -2.172636199220567593e-04
5.012676123785837490e+00 -4.877248165183651089e-04 -1.837912847935820439e-04 -3.039335317265688544e-04
5.013787481865411344e+00 -5.611122378175601366e-04 -1.633021387964591242e-04 -3.978100990196888932e-04
5.014898839944985198e+00 -6.189019348947552958e-04 -1.289733692196845028e-04 -4.899285656761881175e-04
5.016010198024558164e+00 -6.583267421266000667e-04 -8.759154679270889814e-05 -5.707351953339911185e-04
5.017121556104131130e+00 -6.774612996929673531e-04 -4.617996947735628337e-05 -6.312813302132573752e-04
5.018232914183704096e+00 -6.751937656336260904e-04 -1.094321705228514191e-05 -6.642505485843662114e-04
5.019344272263277063e+00 -6.511183383092241771e-04 1.359003087548231643e-05 -6.647083691884941945e-04
5.020455630342850917e+00 -6.054074977619886087e-04 2.511141353588042247e-05 -6.305189112966973338e-04
5.021566988422423883e+00 -5.387233432448216295e-04 2.370426529110541047e-05 -5.624276085399045576e-04
5.022678346501997737e+00 -4.522126230231951678e-04 1.164172302120038453e-05 -4.638543460468084849e-04
5.023789704581570703e+00 -3.476031725129398453e-04 -7.132324341496936847e-06 -3.404708481692959171e-04
5.024901062661143669e+00 -2.273862752021552753e-04 -2.773915001929568179e-05 -1.996471251843921031e-04
5.026012420740716635e+00 -9.503717264317207512e-05 -4.519171503914672951e-05 -4.984545760620465974e-05
5.027123778820289601e+00 4.479806473869506374e-05 -5.518069304903018969e-05 9.997875778968085599e-05
5.028235136899863456e+00 1.862308372185273722e-04 -5.470451719879819663e-05 2.409353544165382822e-04
5.029346494979437310e+00 3.222470313587702962e-04 -4.246030996286491487e-05 3.647073413242976321e-04
5.030457853059010276e+00 4.450604887273802322e-04 -1.895539835063238460e-05 4.640158870788617233e-04
5.031569211138583242e+00 5.467104390845049225e-04 1.365501581331996352e-05 5.330554232745552149e-04
5.032680569218156208e+00 6.198622624966013822e-04 5.195704811257928664e-05 5.679052143852877932e-04
5.033791927297729174e+00 6.587233853117446976e-04 9.181651826508342652e-05 5.669068670467646226e-04
5.034903285377303028e+00 6.599482363435517623e-04 1.289730202622334058e-04 5.309752160825455649e-04
5.036014643456875994e+00 6.233860498697453480e-04 1.595965763041004646e-04 4.637894735622984663e-04
5.037126001536449849e+00 5.525283945684459968e-04 1.807290787737711945e-04 3.717993157948087284e-04
5.038237359616022815e+00 4.545414533216246881e-04 1.905591778199993151e-04 2.639822755029406186e-04
5.039348717695595781e+00 3.398188561814695580e-04 1.885115228445366389e-04 1.513073333329577460e-04
5.040460075775168747e+00 2.210577870758149857e-04 1.751633561704518725e-04 4.589443089977180128e-05
5.041571433854741713e+00 1.119344382212646713e-04 1.520278776230856138e-04 -4.009343940226386613e-05
5.042682791934315567e+00 2.552320880695236639e-05 1.212604166722143381e-04 -9.573720786963375948e-05
5.043794150013888533e+00 -2.734408110120138506e-05 8.534815166747498959e-05 -1.126922327710179125e-04
5.044905508093462387e+00 -3.955674270689766344e-05 4.683707497621970330e-05 -8.639381768584859398e-05
5.046016866173035353e+00 -8.825175042364782896e-06 8.133425017148968885e-06 -1.695860005899952824e-05
5.047128224252608319e+00 6.177531534770066765e-05 -2.860518746678213011e-05 9.038050281594164599e-05
5.048239582332181286e+00 1.639265877441322013e-04 -6.149649388676917778e-05 2.254230816276649543e-04
5.049350940411755140e+00 2.848773769093386498e-04 -8.890452587142374618e-05 3.737819027808096401e-04
5.050462298491328106e+00 4.088664457080795189e-04 -1.093924811658259183e-04 5.182589268752456737e-04
5.051573656570901960e+00 5.189952066399360249e-04 -1.216967275178429202e-04 6.406919341579074773e-04
5.052685014650474926e+00 5.993159285337642042e-04 -1.247529392300547612e-04 7.240688677663175907e-04
5.053796372730047892e+00 6.368628110433540877e-04 -1.177891920221859056e-04 7.546520030693472641e-04
5.054907730809620858e+00 6.233523107843836654e-04 -1.004802078591260161e-04 7.238325186453985378e-04
5.056019088889193824e+00 5.563174836989395917e-04 -7.313624672733360407e-05 6.294537304260562063e-04
5.057130446968767679e+00 4.395141968514539813e-04 -3.688388992997279148e-05 4.763980867818170314e-04
5.058241805048340645e+00 2.825349567087933798e-04 6.212106229694272074e-06 2.763228504792433066e-04
5.059353163127914499e+00 9.967492803083578042e-05 5.313432555924486932e-05 4.654060246956498448e-05
5.060464521207487465e+00 -9.180130965579308346e-05 1.000408702181761623e-04 -1.918421798719745577e-04
5.061575879287060431e+00 -2.737599471075144778e-04 1.425493347759814117e-04 -4.163092818823260896e-04
5.062687237366633397e+00 -4.293817053683979148e-04 1.761620829584573220e-04 -6.055437883265528528e-04
5.063798595446207251e+00 -5.451352789418416073e-04 1.967900186290359407e-04 -7.419252975699364063e-04
5.064909953525780217e+00 -6.122783361952176696e-04 2.013082178520694777e-04 -8.135865540491127269e-04
5.066021311605354072e+00 -6.276934507276096635e-04 1.880621310067231728e-04 -8.157555817338398496e-04
5.067132669684927038e+00 -5.939632835895226112e-04 1.572408985513080722e-04 -7.512041821431886604e-04
5.068244027764500004e+00 -5.186992895802169717e-04 1.110459905624830635e-04 -6.297452801433649086e-04
5.069355385844072970e+00 -4.132447128833480047e-04 5.360791813837124269e-05 -4.668526310251018769e-04
5.070466743923645936e+00 -2.909597449026002456e-04 -9.362015723573108284e-06 -2.815977291788093685e-04
5.071578102003219790e+00 -1.653514720713585625e-04 -7.115902808214701449e-05 -9.419244399057311620e-05
5.072689460082792756e+00 -4.832565542321336531e-05 -1.248476845860039663e-04 7.652202916262997642e-05
5.073800818162366610e+00 5.119030708595562543e-05 -1.641063938128753939e-04 2.152967008970781354e-04
5.074912176241939576e+00 1.280689542647469009e-04 -1.840419015183384103e-04 3.121108557811527479e-04
5.076023534321512543e+00 1.811565296665381666e-04 -1.818601581643042688e-04 3.630166878350836175e-04
5.077134892401085509e+00 2.128108053614063792e-04 -1.572948168375701197e-04 3.701056222016247169e-04
5.078246250480659363e+00 2.279148052652757255e-04 -1.127247360264572573e-04 3.406395412944331069e-04
5.079357608560232329e+00 2.325583507314994041e-04 -5.295318805353433928e-05 2.855115387834357378e-04
5.080468966639806183e+00 2.326270301363901356e-04 1.533185555572851646e-05 2.172951745802320514e-04
5.081580324719379149e+00 2.325462105451742915e-04 8.435180437443593414e-05 1.481944061692988621e-04
5.082691682798952115e+00 2.343951345115932510e-04 1.461843870748535826e-04 8.821074743851298953e-05
5.083803040878525081e+00 2.375385824339987099e-04 1.937388536755391068e-04 4.379972875268527783e-05
5.084914398958098047e+00 2.388322264707248973e-04 2.216292551914877213e-04 1.720297127665756085e-05
5.086025757037671902e+00 2.333577122837574567e-04 2.268285576350911425e-04 6.529154648363469371e-06
5.087137115117244868e+00 2.155511441939186835e-04 2.090161079988651330e-04 6.535036200993365649e-06
5.088248473196818722e+00 1.805192687764621030e-04 1.705733037795508389e-04 9.945965000627651656e-06
5.089359831276391688e+00 1.253028044394335102e-04 1.162310895133488874e-04 9.071714927403805534e-06
5.090471189355964654e+00 4.985202844234718801e-05 5.242101066655630032e-05 -2.568982219983359798e-06
5.091582547435537620e+00 -4.247471361611634033e-05 -1.357800082368016870e-05 -2.889671279231017717e-05
5.092693905515110586e+00 -1.450006176940879911e-04 -7.457799144643569294e-05 -7.042262624172855633e-05
5.093805263594684440e+00 -2.484207654770677017e-04 -1.243767419407909667e-04 -1.240440235352786727e-04
5.094916621674258295e+00 -3.420032862264313486e-04 -1.584890209550820096e-04 -1.835142652687252445e-04
5.096027979753831261e+00 -4.151217212754128348e-04 -1.746202668652510669e-04 -2.405014544096695944e-04
5.097139337833404227e+00 -4.588771528304310407e-04 -1.728273616090970943e-04 -2.860497912237048527e-04
5.098250695912977193e+00 -4.675454469842533589e-04 -1.553568992219452180e-04 -3.121885477587846465e-04
5.099362053992550159e+00 -4.396049399439505415e-04 -1.261972478830205181e-04 -3.134076920592581295e-04
5.100473412072124013e+00 -3.781606828395811006e-04 -9.042001313479926998e-05 -2.877406697015374775e-04
5.101584770151696979e+00 -2.906738736875930031e-04 -5.341360676083750853e-05 -2.372602669243799669e-04
5.102696128231270833e+00 -1.880149287259404102e-04 -2.012283584257339901e-05 -1.678920928789991130e-04
5.103807486310843800e+00 -8.296828897000964624e-05 5.597456642638165883e-06 -8.856574561643232822e-05
5.104918844390416766e+00 1.159130065925013248e-05 2.142825038475586246e-05 -9.836949724199991422e-06
5.106030202469989732e+00 8.457289620109954050e-05 2.677881131976792624e-05 5.779408488450348837e-05
5.107141560549562698e+00 1.283007179640410040e-04 2.271295746073255338e-05 1.055877605076364434e-04
5.108252918629136552e+00 1.396414549641581716e-04 1.163667556081431564e-05 1.280047794062823014e-04
5.109364276708710406e+00 1.204406973698066553e-04 -3.190885638167987822e-06 1.236315830019922731e-04
5.110475634788283372e+00 7.718781320960145585e-05 -1.823746990903722063e-05 9.542528312244196961e-05
5.111586992867856338e+00 1.994997413444515475e-05 -3.027383923358796798e-05 5.022381336981356905e-05
5.112698350947429304e+00 -3.926649225339344236e-05 -3.685668228279907283e-05 -2.409809966211868496e-06
5.113809709027002270e+00 -8.847462617397389888e-05 -3.664836724945983191e-05 -5.182625892323949922e-05
5.114921067106576125e+00 -1.176763496420004003e-04 -2.953310183397040453e-05 -8.814324780527521422e-05
5.116032425186149091e+00 -1.205263544078019654e-04 -1.652372377049411700e-05 -1.040026306350424080e-04
5.117143783265722945e+00 -9.541667672425250451e-05 5.124892815909216741e-07 -9.592916600322995684e-05
5.118255141345295911e+00 -4.579610167681333788e-05 1.925234514533793995e-05 -6.504844682166642262e-05
5.119366499424868877e+00 2.034180587227440301e-05 3.736493312076625330e-05 -1.702312724109210948e-05
5.120477857504441843e+00 9.173520427556829137e-05 5.292963132851455967e-05 3.880557295251894413e-05
5.121589215584014809e+00 1.557027582750535001e-04 6.475217610743556603e-05 9.095058216428359224e-05
5.122700573663588663e+00 2.002749224656695114e-04 7.252680276962477160e-05 1.277481196939319686e-04
5.123811931743162518e+00 2.162646090007012154e-04 7.682039139007479562e-05 1.394442176104043480e-04
5.124923289822735484e+00 1.989346293016160290e-04 7.888592156561226158e-05 1.200487077301072526e-04
5.126034647902308450e+00 1.489749439207285677e-04 8.034217209749654296e-05 6.863277182289243905e-05
5.127146005981881416e+00 7.260613385022497354e-05 8.277967720995273529e-05 -1.017354335753047696e-05
5.128257364061454382e+00 -1.923858395232065633e-05 8.736577588354041413e-05 -1.066043598352311083e-04
5.129368722141028236e+00 -1.125527592328626713e-04 9.452216109750660538e-05 -2.070749203289466950e-04
5.130480080220601202e+00 -1.924811251931569369e-04 1.037366293528211301e-04 -2.962177545446491333e-04
5.131591438300175056e+00 -2.457895702170632924e-04 1.135486840789816842e-04 -3.593382542989196032e-04
5.132702796379748023e+00 -2.631887781272698409e-04 1.217198245381835304e-04 -3.849086026624308054e-04
5.133814154459320989e+00 -2.411276603698548249e-04 1.255683702765302500e-04 -3.666960306493355142e-04
5.134925512538893955e+00 -1.827417666616350462e-04 1.224204643180557754e-04 -3.051622309779795168e-04
5.136036870618466921e+00 -9.776303558638578615e-05 1.101079483545872647e-04 -2.078709839396831213e-04
5.137148228698040775e+00 -1.353228515226976257e-06 8.743345213588287976e-05 -8.878668065191667861e-05
5.138259586777614629e+00 8.800903594550883464e-05 5.452498537604452857e-05 3.348405057036193738e-05
5.139370944857187595e+00 1.513042163759165332e-04 1.301637476441516467e-05 1.382878416157441227e-04
5.140482302936760561e+00 1.720120583524232952e-04 -3.398597845938540788e-05 2.059980368191164290e-04
5.141593661016333527e+00 1.389593309275615265e-04 -8.215887895335153028e-05 2.211182098782325973e-04
5.142705019095906493e+00 4.852817457554157044e-05 -1.264168297676484891e-04 1.749450043456327129e-04
5.143816377175480348e+00 -9.414355471950246581e-05 -1.615115092386736691e-04 6.736795452193098570e-05
5.144927735255053314e+00 -2.752016623362599852e-04 -1.826997624186273161e-04 -9.250189991589488278e-05
5.146039093334627168e+00 -4.734099429531097398e-04 -1.863913715252605598e-04 -2.870185714313050473e-04
5.147150451414200134e+00 -6.626441198784539452e-04 -1.706878722703881221e-04 -4.919562476045553391e-04
5.148261809493773100e+00 -8.152336290232316740e-04 -1.357359863565558945e-04 -6.794976426660052004e-04
5.149373167573346066e+00 -9.057039594916928022e-04 -8.384214594135246936e-05 -8.218618135514907256e-04
5.150484525652919032e+00 -9.143988530317670449e-04 -1.932493716253327941e-05 -8.950739158658431536e-04
5.151595883732492887e+00 -8.304627406370406481e-04 5.188405315565055578e-05 -8.823467937947328515e-04
5.152707241812066741e+00 -6.537408470353711903e-04 1.228480661217165549e-04 -7.765889131568868425e-04
5.153818599891639707e+00 -3.952976503863969942e-04 1.863718145412544141e-04 -5.816694649256880538e-04
5.154929957971212673e+00 -7.644407308416930648e-05 2.357990993229644005e-04 -3.122431724045967552e-04
5.156041316050785639e+00 2.736270805653824101e-04 2.657667266311423710e-04 7.860353935519235041e-06
5.157152674130358605e+00 6.212995766085081892e-04 2.728250643332318613e-04 3.484745122815893119e-04
5.158264032209932459e+00 9.326297509917113411e-04 2.558515694254564674e-04 6.767781815679085530e-04
5.159375390289505425e+00 1.177528665563438298e-03 2.162083674947427132e-04 9.613202980722898236e-04
5.160486748369079280e+00 1.333461895197876309e-03 1.576252216679849619e-04 1.175836673528211484e-03
5.161598106448652246e+00 1.388162393258529116e-03 8.582118107017459147e-05 1.302341212185900623e-03
5.162709464528225212e+00 1.340988262541704078e-03 7.907982032594590416e-06 1.333080280510185985e-03
5.163820822607798178e+00 1.202746684129261685e-03 -6.835755003073009186e-05 1.271104234157264656e-03
5.164932180687371144e+00 9.940204637293799557e-04 -1.353889011882095453e-04 1.129409364916720161e-03
5.166043538766944998e+00 7.422435094832082955e-04 -1.865636829420418358e-04 9.288071924252733333e-04
5.167154896846518852e+00 4.779455886511755117e-04 -2.169103679017114370e-04 6.948559565583383715e-04
5.168266254926091818e+00 2.306996865522130923e-04 -2.236156187383494078e-04 4.543153052965715009e-04
5.169377613005664784e+00 2.534089621080104450e-05 -2.063005041975445823e-04 2.316414004077347059e-04
5.170488971085237750e+00 -1.210209159584820253e-04 -1.670394589709954709e-04 4.601854301086825017e-05
5.171600329164810717e+00 -2.007942079847918398e-04 -1.101234438949017007e-04 -9.067076408943836562e-05
5.172711687244384571e+00 -2.162828122280504835e-04 -4.159544487574483518e-05 -1.746873673539749605e-04
5.173823045323957537e+00 -1.786340726145500043e-04 3.139048484047699352e-05 -2.100245574546596430e-04
5.174934403403531391e+00 -1.055535064228832129e-04 1.013181769513254267e-04 -2.068716833711301017e-04
5.176045761483104357e+00 -1.815838080809639861e-05 1.610878990642459281e-04 -1.792462798715797260e-04
5.177157119562677323e+00 6.253769691465032535e-05 2.047442433663263623e-04 -1.422065464533614834e-04
5.178268477642250289e+00 1.189718672372647992e-04 2.280792547888452237e-04 -1.091073875451031567e-04
5.179379835721823255e+00 1.397088092250412493e-04 2.290501152608067151e-04 -8.934130604048846729e-05
5.180491193801397110e+00 1.210551472781873253e-04 2.079699582002628286e-04 -8.691481092135643332e-05
5.181602551880970964e+00 6.738672283609057918e-05 1.674535852659567083e-04 -1.000668624293426763e-04
5.182713909960543930e+00 -9.836825415746378292e-06 1.121247653592553418e-04 -1.219615907735834752e-04
5.183825268040116896e+00 -9.419488407245733071e-05 4.811603815837009782e-05 -1.423109222278730725e-04
5.184936626119689862e+00 -1.672185469705832032e-04 -1.758680979630963318e-05 -1.496317371751915268e-04
5.186047984199262828e+00 -2.116277253125475833e-04 -7.788727234358853947e-05 -1.337404529693098781e-04
5.187159342278836682e+00 -2.143811193659072743e-04 -1.263299344451601690e-04 -8.805118491721420542e-05
5.188270700358409648e+00 -1.690595894542325445e-04 -1.577822927211144119e-04 -1.127729673187851007e-05
5.189382058437983503e+00 -7.720842206838799456e-05 -1.689739599234407264e-04 9.176553785639033917e-05
5.190493416517556469e+00 5.157455919414018902e-05 -1.588350336701884564e-04 2.104095928621068441e-04
5.191604774597129435e+00 2.008249394156144175e-04 -1.285963141416783279e-04 3.294212535567924674e-04
5.192716132676702401e+00 3.494962500095144227e-04 -8.163945003938825158e-05 4.311357000506246448e-04
5.193827490756275367e+00 4.749996849199015396e-04 -2.311237780283704107e-05 4.981120627233397505e-04
5.194938848835849221e+00 5.565403885586686465e-04 4.064835299700667373e-05 5.158920355596598173e-04
5.196050206915423075e+00 5.782464853192631092e-04 1.028245953558754017e-04 4.754218899629263388e-04
5.197161564994996041e+00 5.316182893197179005e-04 1.568737433642522071e-04 3.747445459577221621e-04
5.198272923074569007e+00 4.169278016359662543e-04 1.972501029539316453e-04 2.196776986861574232e-04
5.199384281154141974e+00 2.433567897801251073e-04 2.200078027979253956e-04 2.334898698297510600e-05
5.200495639233714940e+00 2.785124650617487607e-05 2.232155791167913562e-04 -1.953643326080979734e-04
5.201606997313288794e+00 -2.071379764526824698e-04 2.071353680332768698e-04 -4.142733444839403383e-04
5.202718355392861760e+00 -4.366930949306385874e-04 1.741444356290491554e-04 -6.108375305588861380e-04
5.203829713472435614e+00 -6.367965233962007490e-04 1.284115092828641048e-04 -7.652080326778902021e-04
5.204941071552008580e+00 -7.875320554031681316e-04 7.536727955765142712e-05 -8.628993349603485000e-04
5.206052429631581546e+00 -8.756538906601520761e-04 2.103492091395810345e-05 -8.966888115725710597e-04
5.207163787711154512e+00 -8.961561118722842804e-04 -2.869639748333237202e-05 -8.674597143870949479e-04
5.208275145790727478e+00 -8.526284098348108596e-04 -6.876506486763201418e-05 -7.838633449623566259e-04
5.209386503870301333e+00 -7.563678420581020426e-04 -9.551216654284382275e-05 -6.608556755152801207e-04
5.210497861949874299e+00 -6.244030859498094898e-04 -1.070682307859890188e-04 -5.173348551694842076e-04
5.211609220029448153e+00 -4.767487012238203663e-04 -1.035062531290636842e-04 -3.732424480957212561e-04
5.212720578109021119e+00 -3.333181347567207384e-04 -8.674627211931017082e-05 -2.465718626333335880e-04
5.213831936188594085e+00 -2.109691470160272603e-04 -6.022928711406281253e-05 -1.507398598997180758e-04
5.214943294268167051e+00 -1.211277430087201500e-04 -2.840835304669447206e-05 -9.271938996370293531e-05
5.216054652347740905e+00 -6.834142981813228672e-05 3.871845858172886249e-06 -7.221327567843576238e-05
5.217166010427313871e+00 -4.996479504611775176e-05 3.202199150375530307e-05 -8.198678654661731768e-05
5.218277368506887726e+00 -5.700306084169978423e-05 5.229480924217168401e-05 -1.092978700808307148e-04
5.219388726586460692e+00 -7.595977620374476142e-05 6.223457898819252806e-05 -1.381943551890931561e-04
5.220500084666033658e+00 -9.138069013545438175e-05 6.093320630672755499e-05 -1.523138964402854232e-04
5.221611442745606624e+00 -8.868054166892398661e-05 4.906473624305923806e-05 -1.377452779104795040e-04
5.222722800825179590e+00 -5.679884998379953857e-05 2.870187792337208386e-05 -8.550072789745765886e-05
5.223834158904753444e+00 9.739375934451302997e-06 2.948749601396606309e-06 6.790626330012682890e-06
5.224945516984326410e+00 1.096867433513191450e-04 -2.455077049658541854e-05 1.342375138509465163e-04
5.226056875063900264e+00 2.350432741374967936e-04 -5.015360984137288167e-05 2.851968839763356373e-04
5.227168233143473230e+00 3.721420439932760383e-04 -7.072676669866645514e-05 4.428688106957073042e-04
5.228279591223046197e+00 5.036850404815103148e-04 -8.405224731060289222e-05 5.877372877902979544e-04
5.229390949302619163e+00 6.114146606670829015e-04 -8.907255607661784813e-05 7.004872167375192794e-04
5.230502307382193017e+00 6.790059420529649279e-04 -8.594742634600977503e-05 7.649533684066380608e-04
5.231613665461765983e+00 6.947282265661743842e-04 -7.592217920392442770e-05 7.706504057738050757e-04
5.232725023541339837e+00 6.534579746870926211e-04 -6.103710850002831668e-05 7.144950831864508873e-04
5.233836381620912803e+00 5.577217639182413360e-04 -4.373115588985569663e-05 6.014529198052734381e-04
5.234947739700485769e+00 4.175952116297894194e-04 -2.640821596507247389e-05 4.440034275952515217e-04
5.236059097780058735e+00 2.494572752306228728e-04 -1.103843321622203556e-05 2.604957084531773267e-04
5.237170455859631701e+00 7.377367795210017969e-05 1.140712150633127659e-06 7.263296580192367055e-05
5.238281813939205556e+00 -8.776837091929674600e-05 9.776595036551379394e-06 -9.754496595481973930e-05
5.239393172018778522e+00 -2.153519024660002779e-04 1.538522701629079176e-05 -2.307371294825912716e-04
5.240504530098352376e+00 -2.938894408312572176e-04 1.917349632492514982e-05 -3.130629371510747520e-04
5.241615888177925342e+00 -3.152231006396536209e-04 2.273398239488517465e-05 -3.379570830348163852e-04
5.242727246257498308e+00 -2.793350681132128997e-04 2.766799401223553014e-05 -3.070030621250939432e-04
5.243838604337071274e+00 -1.943836789706463201e-04 3.520478896348536038e-05 -2.295884679327559906e-04
5.244949962416645128e+00 -7.555354239572757485e-05 4.588597554021600329e-05 -1.214395179364072372e-04
5.246061320496218094e+00 5.711696485134728281e-05 5.937363300412597250e-05 -2.256668148952709627e-06
5.247172678575791949e+00 1.816170446760984524e-04 7.442033459595652793e-05 1.071967100773407798e-04
5.248284036655364915e+00 2.771360710267561835e-04 8.901224089750495454e-05 1.881238301290982752e-04
5.249395394734937881e+00 3.270678673730586898e-04 1.006670915428145108e-04 2.264007758294769705e-04
5.250506752814510847e+00 3.214128374539769115e-04 1.068420238068425426e-04 2.145708136456922445e-04
5.251618110894083813e+00 2.582333115553224132e-04 1.053861185634698299e-04 1.528471929925774944e-04
5.252729468973657667e+00 1.439565256477200010e-04 9.496280072637900424e-05 4.899372492261379591e-05
5.253840827053230633e+00 -7.512317237064083768e-06 7.536948300337689417e-05 -8.288180024177885631e-05
5.254952185132804487e+00 -1.767323910095061059e-04 4.769601016785205300e-05 -2.244284011752374392e-04
5.256063543212377454e+00 -3.414396704634351182e-04 1.428749398943505487e-05 -3.557271644465914533e-04
5.257174901291950420e+00 -4.796364054005589615e-04 -2.149262910694578786e-05 -4.581437762954070742e-04
5.258286259371523386e+00 -5.726152349351065849e-04 -5.567174338353739459e-05 -5.169434915516318233e-04
5.259397617451096352e+00 -6.074909120811582391e-04 -8.419361178814611544e-05 -5.232973002888347469e-04
5.260508975530670206e+00 -5.788895526741909920e-04 -1.034844163040820957e-04 -4.754051363715859862e-04
5.261620333610244060e+00 -4.895716314994940331e-04 -1.109746315962669843e-04 -3.785969999050239378e-04
5.262731691689817026e+00 -3.499213691279675579e-04 -1.054963796302307014e-04 -2.444249894964661309e-04
5.263843049769389992e+00 -1.763983379878978426e-04 -8.749279377766799393e-05 -8.890554420416747804e-05
5.264954407848962958e+00 1.080684579195936921e-05 -5.900297093311748369e-05 6.980981672617237821e-05
5.266065765928535924e+00 1.905629183734298439e-04 -2.341926700286873554e-05 2.139821853771425495e-04
5.267177124008109779e+00 3.436296613746911508e-04 1.495205863558857391e-05 3.286776027420675581e-04
5.268288482087682745e+00 4.551309435676005057e-04 5.146580327291024732e-05 4.036651402910771411e-04
5.269399840167256599e+00 5.163316960627852914e-04 8.176619456578956217e-05 4.345655014998905355e-04
5.270511198246829565e+00 5.254910709508254021e-04 1.023775909025316977e-04 4.231134800509753972e-04
5.271622556326402531e+00 4.877036166759130551e-04 1.111712571212209583e-04 3.765323595590670423e-04
5.272733914405975497e+00 4.137886060168654363e-04 1.076398987847395359e-04 3.061487072337726410e-04
5.273845272485548463e+00 3.184227508641917950e-04 9.294000795908246388e-05 2.254827429120960383e-04
5.274956630565122317e+00 2.178140533370346438e-04 6.969658635384392881e-05 1.481174669883706264e-04
5.276067988644696172e+00 1.272704089937322662e-04 4.160020766890757771e-05 8.567020132879270581e-05
5.277179346724269138e+00 5.901905040607189311e-05 1.285724580914958767e-05 4.616180459660068364e-05
5.278290704803842104e+00 2.058330600481633743e-05 -1.242429691207456560e-05 3.300760292037914056e-05
5.279402062883415070e+00 1.393042557977503112e-05 -3.082187927519342837e-05 4.475230485798611262e-05
5.280513420962988036e+00 3.548346674040001730e-05 -4.007181924446523848e-05 7.555528598520916471e-05
5.281624779042561890e+00 7.696018118570734231e-05 -3.936039542340987938e-05 1.163205766159911448e-04
5.282736137122134856e+00 1.268819851689128859e-04 -2.939236169493161360e-05 1.562743468623857936e-04
5.283847495201708711e+00 1.725037745872795829e-04 -1.223080391766327040e-05 1.847345785048101199e-04
5.284958853281281677e+00 2.018631911037322736e-04 9.062914491963080935e-06 1.928002766141990727e-04
5.286070211360854643e+00 2.056421769150494714e-04 3.093032788753902315e-05 1.747118490274950661e-04
5.287181569440427609e+00 1.785733604930526855e-04 4.987870877680355085e-05 1.286946517193619062e-04
5.288292927520000575e+00 1.202013392744068915e-04 6.301794631153481252e-05 5.718339296173960266e-05
5.289404285599574429e+00 3.491126042588565482e-05 6.848930940735970603e-05 -3.357804897961296398e-05
5.290515643679148283e+00 -6.875195281773300400e-05 6.572207253652560593e-05 -1.344740253596866681e-04
5.291627001758721249e+00 -1.793476558477131088e-04 5.548181544781594034e-05 -2.348294712962302163e-04
5.292738359838294215e+00 -2.841811518486219964e-04 3.970729336160031605e-05 -3.238884452149784227e-04
5.293849717917867181e+00 -3.710716411138650114e-04 2.116587770038988765e-05 -3.922375188155825419e-04
5.294961075997440147e+00 -4.299886085475965549e-04 2.985500553364842753e-06 -4.329741091000566581e-04
5.296072434077014002e+00 -4.543305495202667153e-04 -1.186052712220943410e-05 -4.424700223909852083e-04
5.297183792156586968e+00 -4.416832945425433563e-04 -2.103330031683254249e-05 -4.206499942255028605e-04
5.298295150236160822e+00 -3.939790713977209366e-04 -2.319713512747900502e-05 -3.707819362674533636e-04
5.299406508315733788e+00 -3.170681756777216044e-04 -1.822063590376480044e-05 -2.988475397688788787e-04
5.300517866395306754e+00 -2.197986981297134885e-04 -7.180751317784284999e-06 -2.126179468121194708e-04
5.301629224474879720e+00 -1.127640016473225573e-04 7.827680549740694834e-06 -1.205916821907740562e-04
5.302740582554452686e+00 -6.913996998198374813e-06 2.404348684700763738e-05 -3.095748384190750665e-05
5.303851940634026541e+00 8.776903361248014211e-05 3.849325228296060047e-05 4.927578133154730464e-05
5.304963298713600395e+00 1.633549258069759446e-04 4.847393212449385095e-05 1.148809936827222987e-04
5.306074656793173361e+00 2.146852097382515013e-04 5.198655219114652011e-05 1.626986575507026825e-04
5.307186014872746327e+00 2.396673042683649464e-04 4.805257352964927584e-05 1.916147307336740356e-04
5.308297372952319293e+00 2.391512338253976846e-04 3.686433148543587994e-05 2.022869023429674977e-04
5.309408731031892259e+00 2.164576676859184402e-04 1.974828455546401171e-05 1.967093831269263059e-04
5.310520089111466113e+00 1.766703191900814577e-04 -1.049867462647867359e-06 1.777201866537618633e-04
5.311631447191039079e+00 1.258274671969254743e-04 -2.272074147281738223e-05 1.485482086774198279e-04
5.312742805270612934e+00 7.014481973476358696e-05 -4.232814480681508349e-05 1.124729645432154430e-04
5.313854163350185900e+00 1.537756720187044481e-05 -5.725594558154177094e-05 7.263351278124943571e-05
5.314965521429758866e+00 -3.361073254904423644e-05 -6.559341458550245084e-05 3.198268203207722447e-05
5.316076879509331832e+00 -7.305246086586434252e-05 -6.639893439606576737e-05 -6.653526470738171852e-06
5.317188237588904798e+00 -1.002794022612706732e-04 -5.980299898259316168e-05 -4.047640327875813549e-05
5.318299595668478652e+00 -1.135871701225638856e-04 -4.693849237112135609e-05 -6.664867775236176352e-05
5.319410953748052506e+00 -1.120420084839132203e-04 -2.971481559041391080e-05 -8.232719289698445025e-05
5.320522311827625472e+00 -9.531190213877291460e-05 -1.047779913125020527e-05 -8.483410300661180670e-05
5.321633669907198438e+00 -6.358615655393338854e-05 8.384662456730289495e-06 -7.197081901098398185e-05
5.322745027986771404e+00 -1.761579469115238830e-05 2.482359055320484788e-05 -4.243938523986121578e-05
5.323856386066344371e+00 4.113189642075352744e-05 3.743258036987852898e-05 3.699316052077812351e-06
5.324967744145918225e+00 1.102493922560465810e-04 4.562465040211144992e-05 6.462474185417379103e-05
5.326079102225491191e+00 1.861693506698997198e-04 4.965546001941145720e-05 1.365138906417793748e-04
5.327190460305065045e+00 2.640370638000231595e-04 5.049307618908891154e-05 2.135439876090834471e-04
5.328301818384638011e+00 3.377575582525771392e-04 4.956123129600109177e-05 2.881963269580191476e-04
5.329413176464210977e+00 4.002760713461580135e-04 4.840499527667288477e-05 3.518710760689285197e-04
5.330524534543783943e+00 4.441113644947472278e-04 4.834125527005661538e-05 3.957701092293806813e-04
5.331635892623356909e+00 4.621132120722554800e-04 5.015905015969950595e-05 4.119541619158766143e-04
5.332747250702930764e+00 4.483668534685463338e-04 5.392615649401090428e-05 3.944406969766879774e-04
5.333858608782504618e+00 3.991271392323841286e-04 5.893978041112798625e-05 3.401873588219360726e-04
5.334969966862077584e+00 3.136414186630879499e-04 6.383386790864483827e-05 2.498075507593691571e-04
5.336081324941650550e+00 1.947183241241619463e-04 6.682766463396392904e-05 1.278906594917836629e-04
5.337192683021223516e+00 4.892148702929550205e-05 6.607446594909219435e-05 -1.715297892402234316e-05
5.338304041100796482e+00 -1.136890738754169349e-04 6.005041163706096772e-05 -1.737394855144412979e-04
5.339415399180370336e+00 -2.802852796029944751e-04 4.791405579327150804e-05 -3.281993353955195642e-04
5.340526757259943302e+00 -4.364189645876965498e-04 2.977001500036937306e-05 -4.661889795864380915e-04
5.341638115339517157e+00 -5.674745886358635713e-04 6.784069213567160559e-06 -5.742586578493560608e-04
5.342749473419090123e+00 -6.602597855832231018e-04 -1.887946056894942011e-05 -6.413803250151916147e-04
5.343860831498663089e+00 -7.045363181750160294e-04 -4.429812373508325708e-05 -6.602381944461443563e-04
5.344972189578236055e+00 -6.942905545040879050e-04 -6.617955977727301483e-05 -6.281109947291240239e-04
5.346083547657809021e+00 -6.285678384077193499e-04 -8.134152863069480700e-05 -5.472263097793955439e-04
5.347194905737382875e+00 -5.117464047555898192e-04 -8.721016406866392845e-05 -4.245362406889170281e-04
5.348306263816956729e+00 -3.531971055997191545e-04 -8.225679882575235181e-05 -2.709403067760055364e-04
5.349417621896529695e+00 -1.663554161178501132e-04 -6.630044765531060557e-05 -1.000549684597557915e-04
5.350528979976102661e+00 3.268938739364664640e-05 -4.062178887170160796e-05 7.331117626377384373e-05
5.351640338055675628e+00 2.269176371882813958e-04 -7.862507507256221454e-06 2.347801447008663863e-04
5.352751696135248594e+00 4.002022847936584924e-04 2.828314350111377985e-05 3.719191412927659677e-04
5.353863054214822448e+00 5.390046860369400840e-04 6.354492002622871751e-05 4.754597660117338234e-04
5.354974412294395414e+00 6.337335353754551624e-04 9.365431003531410749e-05 5.400792253416947979e-04
5.356085770373969268e+00 6.796031842484680230e-04 1.149389593994347235e-04 5.646642248531280736e-04
5.357197128453542234e+00 6.768955636271631196e-04 1.248447476584918796e-04 5.520508159675820235e-04
5.358308486533115200e+00 6.306103047921046223e-04 1.223056514640359172e-04 5.083046533239838922e-04
5.359419844612688166e+00 5.495689595422321907e-04 1.079033047045125439e-04 4.416656548375174295e-04
5.360531202692261132e+00 4.451099472035142555e-04 8.378929425147943130e-05 3.613206529515987581e-04
5.361642560771834987e+00 3.295611631744704340e-04 5.337898019550184190e-05 2.761821829746914213e-04
5.362753918851408841e+00 2.147003174178789965e-04 2.086047862180524781e-05 1.938398387968575049e-04
5.363865276930981807e+00 1.104063249532434717e-04 -9.409044945211239770e-06 1.198153699038972302e-04
5.364976635010554773e+00 2.367012261488780217e-05 -3.352994966332361660e-05 5.720007227931407949e-05
5.366087993090127739e+00 -4.192411901543527061e-05 -4.861574246049683195e-05 6.691623448885298457e-06
5.367199351169700705e+00 -8.620740252148265375e-05 -5.319433537917325766e-05 -3.301306714611346171e-05
5.368310709249274559e+00 -1.119578508088828856e-04 -4.739480686301458741e-05 -6.456304394800350564e-05
5.369422067328847525e+00 -1.240561674606066264e-04 -3.289216182331312780e-05 -9.116400563113810336e-05
5.370533425408421380e+00 -1.284134192696025621e-04 -1.261953701427393962e-05 -1.157938822601848521e-04
5.371644783487994346e+00 -1.308450580429117160e-04 9.707134140567581061e-06 -1.405521921832715267e-04
5.372756141567567312e+00 -1.360636404984580513e-04 3.017831433007036267e-05 -1.662419548272522267e-04
5.373867499647140278e+00 -1.469358791341618192e-04 4.530291552367272972e-05 -1.922387946586185965e-04
5.374978857726713244e+00 -1.641024004361261882e-04 5.254895232058072344e-05 -2.166513527557629374e-04
5.376090215806287098e+00 -1.859987024218874639e-04 5.072983624308279103e-05 -2.367285386653843388e-04
5.377201573885860064e+00 -2.092527317767466967e-04 4.017746219675096328e-05 -2.494301939773244667e-04
5.378312931965433918e+00 -2.293778216147382225e-04 2.267640901980694039e-05 -2.520542306323385676e-04
5.379424290045006884e+00 -2.416377290289222228e-04 1.170648245257998457e-06 -2.428083772689970860e-04
5.380535648124579851e+00 -2.419389552195341407e-04 -2.071063295008191386e-05 -2.212283222655430986e-04
5.381647006204152817e+00 -2.276069019752554874e-04 -3.923360152987322304e-05 -1.883733004435857346e-04
5.382758364283726671e+00 -1.979256106154325115e-04 -5.115599970265124157e-05 -1.467696109137471517e-04
5.383869722363299637e+00 -1.543614951943632384e-04 -5.424615786386466912e-05 -1.001153373299319314e-04
5.384981080442873491e+00 -1.004427449907168335e-04 -4.764423648593508922e-05 -5.279850850620188647e-05
5.386092438522446457e+00 -4.131974091756588177e-05 -3.200988341867236006e-05 -9.309857497104561015e-06
5.387203796602019423e+00 1.692037632896014861e-05 -9.433801051166590943e-06 2.635417738156565202e-05
5.388315154681592389e+00 6.807695796662202028e-05 1.687262775564621925e-05 5.120433020960570491e-05
5.389426512761165355e+00 1.066717034193506220e-04 4.306121548439742209e-05 6.361048793608435484e-05
5.390537870840739210e+00 1.286743087417389973e-04 6.522929641557109260e-05 6.344501232725605067e-05
5.391649228920312176e+00 1.320158970023413035e-04 8.001061125060408873e-05 5.200528575175530736e-05
5.392760586999886030e+00 1.168234657837320624e-04 8.508402135666016106e-05 3.173944442563239252e-05
5.393871945079458996e+00 8.535227297733861485e-05 7.952253340176577881e-05 5.829739576510874211e-06
5.394983303159031962e+00 4.163817818362858811e-05 6.393022196412254403e-05 -2.229204378343829665e-05
5.396094661238604928e+00 -9.068463444835366373e-06 4.034765586091875497e-05 -4.941611929941433046e-05
5.397206019318178782e+00 -6.099742983036102726e-05 1.194217437535011905e-05 -7.293960420401806297e-05
5.398317377397751748e+00 -1.085785180364638806e-04 -1.746774988520172182e-05 -9.111076814762588359e-05
5.399428735477325603e+00 -1.470862688634104790e-04 -4.397986564525529265e-05 -1.031064032222157336e-04
5.400540093556898569e+00 -1.731267925929786712e-04 -6.417979175748978122e-05 -1.089470008355452143e-04
5.401651451636471535e+00 -1.849128566886600554e-04 -7.562997646066313092e-05 -1.092828802278192509e-04
5.402762809716044501e+00 -1.823083577541014118e-04 -7.720287492975895667e-05 -1.051054828275155761e-04
5.403874167795617467e+00 -1.666585014013087940e-04 -6.921028364843012540e-05 -9.744821775207928639e-05
5.404985525875191321e+00 -1.404519428718877579e-04 -5.331291248219120001e-05 -8.713903038632634258e-05
5.406096883954764287e+00 -1.068814583363769579e-04 -3.222843500243415622e-05 -7.465302333223519681e-05
5.407208242034338141e+00 -6.937790396146825732e-05 -9.287082984747877247e-06 -6.009082097268913852e-05
5.408319600113911108e+00 -3.118787256974075734e-05 1.209342464939182989e-05 -4.328129722310963053e-05
5.409430958193484074e+00 4.949738278171422062e-06 2.893064513816933595e-05 -2.398090686126197165e-05
5.410542316273057040e+00 3.699571777116911426e-05 3.911684084073563069e-05 -2.121123068144775020e-06
5.411653674352630006e+00 6.366434606355421573e-05 4.170863187236778459e-05 2.195571418804362720e-05
5.412765032432203860e+00 8.435649884362496679e-05 3.702518288642828355e-05 4.733131596459282586e-05
5.413876390511777714e+00 9.900817408684529268e-05 2.654411823326140629e-05 7.246405585123230609e-05
5.414987748591350680e+00 1.079007328758534628e-04 1.261642723739088415e-05 9.528430564274488251e-05
5.416099106670923646e+00 1.114796965999090842e-04 -1.950195863220273784e-06 1.134298924642356389e-04
5.417210464750496612e+00 1.102204512258852137e-04 -1.437022224774032373e-05 1.245906734753371285e-04
5.418321822830069578e+00 1.045639019939415551e-04 -2.234339922438174586e-05 1.269073012181304587e-04
5.419433180909643433e+00 9.492632879687616513e-05 -2.442801059606528215e-05 1.193543393959999748e-04
5.420544538989216399e+00 8.176925869942879108e-05 -2.026577614486851865e-05 1.020350348396480611e-04
5.421655897068790253e+00 6.570071545443912611e-05 -1.062452728324397223e-05 7.632524272987791674e-05
5.422767255148363219e+00 4.757149408513843968e-05 2.745523343378224656e-06 4.482597073806463060e-05
5.423878613227936185e+00 2.853053035994905929e-05 1.741616511445271336e-05 1.111436524602493514e-05
5.424989971307509151e+00 1.001183093804099958e-05 3.069503849851187697e-05 -2.068320756010044617e-05
5.426101329387082117e+00 -6.359911100527594705e-06 4.008081143477074386e-05 -4.644072253424510392e-05
5.427212687466655971e+00 -1.893985680072940095e-05 4.368565988497749103e-05 -6.262551667977225389e-05
5.428324045546229826e+00 -2.628670263127458960e-05 4.055700750770704639e-05 -6.684371013974587316e-05
5.429435403625802792e+00 -2.740234871553168342e-05 3.084722452254971999e-05 -5.824957324337041943e-05
5.430546761705375758e+00 -2.194288028474346248e-05 1.580470854514174126e-05 -3.774758882595553329e-05
5.431658119784948724e+00 -1.035698294773727715e-05 -2.411548622720367742e-06 -7.945434328355459276e-06
5.432769477864521690e+00 6.082774793428796832e-06 -2.106375989059760102e-05 2.714653468437957671e-05
5.433880835944095544e+00 2.537391012756744289e-05 -3.726038725938546727e-05 6.263429738273602779e-05
5.434992194023668510e+00 4.500048890009258629e-05 -4.840698687488918518e-05 9.340747577344250254e-05
5.436103552103242365e+00 6.224762667658145245e-05 -5.261189143043954386e-05 1.148595181071518595e-04
5.437214910182815331e+00 7.457090489796896061e-05 -4.898347421190407392e-05 1.235543791083264947e-04
5.438326268262388297e+00 7.996537338652274802e-05 -3.777331142959454804e-05 1.177386848160360622e-04
5.439437626341961263e+00 7.727548890281191966e-05 -2.034409487888794973e-05 9.761958378146811440e-05
5.440548984421534229e+00 6.639381804969483728e-05 1.031315294811591793e-06 6.536250275406536403e-05
5.441660342501108083e+00 4.831189131404889278e-05 2.350714421776790270e-05 2.480474709297751754e-05
5.442771700580681937e+00 2.500891283799382825e-05 4.408501218511109027e-05 -1.907609934717139082e-05
5.443883058660254903e+00 -8.104208425631844880e-07 6.005198722809190325e-05 -6.086240807444677991e-05
5.444994416739827869e+00 -2.609313148182069303e-05 6.936938873021253566e-05 -9.546252021276917157e-05
5.446105774819400835e+00 -4.787480098750139241e-05 7.095414244266756373e-05 -1.188289434327767741e-04
5.447217132898973802e+00 -6.370955089983544356e-05 6.481218034695137784e-05 -1.285217312461083006e-04
5.448328490978547656e+00 -7.202607697947055920e-05 5.200702826434449710e-05 -1.240331052423213239e-04
5.449439849058120622e+00 -7.235291589581839002e-05 3.447249997826062060e-05 -1.068254158783515397e-04
5.450551207137694476e+00 -6.537581374337266959e-05 1.470222765793891006e-05 -8.007804140546526659e-05
5.451662565217267442e+00 -5.281616941958905236e-05 -4.633094612974609759e-06 -4.818307480923363279e-05
5.452773923296840408e+00 -3.714792055141591289e-05 -2.108012142753676213e-05 -1.606779912273873271e-05
5.453885281376413374e+00 -2.119635038055808210e-05 -3.274826422291271310e-05 1.155191383853069738e-05
5.454996639455986340e+00 -7.681832692977446676e-06 -3.855491890502085842e-05 3.087308621525227748e-05
5.456107997535560195e+00 1.218777156457339153e-06 -3.833658321857625744e-05 3.955536037727759016e-05
5.457219355615134049e+00 4.222298580602694158e-06 -3.281402609520738998e-05 3.703632468030957736e-05
5.458330713694707015e+00 1.143485648629478219e-06 -2.342297825362589194e-05 2.456646390127948656e-05
5.459442071774279981e+00 -7.081206841159443576e-06 -1.204260035121155814e-05 4.961393506586929880e-06
5.460553429853852947e+00 -1.855616575588552876e-05 -6.690099801693803977e-07 -1.788715577677525465e-05
5.461664787933425913e+00 -3.075112855140826494e-05 8.911828715198304851e-06 -3.966295726469473172e-05
5.462776146012999767e+00 -4.093662702222855440e-05 1.539943104817869036e-05 -5.633605807239602391e-05
5.463887504092572733e+00 -4.666046478935551240e-05 1.816014746085110187e-05 -6.482061224934466677e-05
5.464998862172146588e+00 -4.618743246494049642e-05 1.728907109050944218e-05 -6.347650356123418769e-05
5.466110220251719554e+00 -3.882898077404632289e-05 1.354732244357394452e-05 -5.237630321856457023e-05
5.467221578331292520e+00 -2.510595744180862672e-05 8.190048307240622942e-06 -3.329600574667742697e-05
5.468332936410865486e+00 -6.713340638809956606e-06 2.717859055457728213e-06 -9.431199694225302679e-06
5.469444294490438452e+00 1.371282026356692905e-05 -1.404052091343729137e-06 1.511687235211707915e-05
5.470555652570012306e+00 3.299420231590907134e-05 -3.010931755662244600e-06 3.600513406823156498e-05
5.471667010649586160e+00 4.791532938293682374e-05 -1.443549124968267639e-06 4.935887851102266051e-05
5.472778368729159126e+00 5.575712413925432479e-05 3.339504375009753003e-06 5.241761976155980430e-05
5.473889726808732092e+00 5.477445719759510513e-05 1.075878793772475187e-05 4.401566925524471989e-05
5.475001084888305058e+00 4.453985491658259664e-05 1.971809759735008614e-05 2.482175732202069902e-05
5.476112442967878025e+00 2.609443579804281247e-05 2.879569266398156934e-05 -2.701256870691817876e-06
5.477223801047451879e+00 1.875588354312756950e-06 3.648862945841339851e-05 -3.461304111020992429e-05
5.478335159127024845e+00 -2.457538979993806967e-05 4.146809755183768464e-05 -6.604348735030505439e-05
5.479446517206598699e+00 -4.908863528597614320e-05 4.280276498841587625e-05 -9.189140027543544207e-05
5.480557875286171665e+00 -6.745821965047519371e-05 4.011341507043738512e-05 -1.075716347214308139e-04
5.481669233365744631e+00 -7.606673617769257726e-05 3.363439507355797155e-05 -1.097011312579362951e-04
5.482780591445317597e+00 -7.245019954255234838e-05 2.417343197148367245e-05 -9.662363151714670867e-05
5.483891949524890563e+00 -5.571845895209133514e-05 1.297845380546703401e-05 -6.869691275306469334e-05
5.485003307604464418e+00 -2.676602259274113503e-05 1.535323256095608862e-06 -2.830134584803945549e-05
5.486114665684038272e+00 1.176225654828783572e-05 -8.668660618202964110e-06 2.043091716442668726e-05
5.487226023763611238e+00 5.575114751062446521e-05 -1.637573837233611754e-05 7.212688588250889057e-05
5.488337381843184204e+00 1.001058328489787789e-04 -2.074523177224501410e-05 1.208510646210839818e-04
5.489448739922757170e+00 1.393882708856182182e-04 -2.146787125432561558e-05 1.608561421371984340e-04
5.490560098002330136e+00 1.685128308547092536e-04 -1.879006009677980816e-05 1.873028909501105665e-04
5.491671456081903990e+00 1.834062788029415612e-04 -1.344668868417985344e-05 1.968529674856326424e-04
5.492782814161476956e+00 1.815421775438667384e-04 -6.516459623745170415e-06 1.880586371665922277e-04
5.493894172241050811e+00 1.622775101198617757e-04 7.736614339032937929e-07 1.615038486877612780e-04
5.495005530320623777e+00 1.269471408086702820e-04 7.260371091524320418e-06 1.196867697130809031e-04
5.496116888400196743e+00 7.870544595954542810e-05 1.203595534959930987e-05 6.666949061265826861e-05
5.497228246479769709e+00 2.213913497995290049e-05 1.458817663806105720e-05 7.550958341570414615e-06
5.498339604559342675e+00 -3.729404724756737555e-05 1.486576787179081967e-05 -5.215981512431879793e-05
5.499450962638916529e+00 -9.392367726721365367e-05 1.326048200815893672e-05 -1.071841592736003400e-04
5.500562320718490383e+00 -1.425339361742915159e-04 1.051123007539221457e-05 -1.530451662519138293e-04
5.501673678798063349e+00 -1.789531575572255459e-04 7.549196751943354399e-06 -1.865023543143128721e-04
5.502785036877636315e+00 -2.004923879287485631e-04 5.312684783020853464e-06 -2.058050727172679292e-04
5.503896394957209282e+00 -2.061827543600649050e-04 4.565169772922616207e-06 -2.107479241340219720e-04
5.505007753036782248e+00 -1.967904683610038614e-04 5.748904967236390001e-06 -2.025393733230671281e-04
5.506119111116356102e+00 -1.746189655758333473e-04 8.899675345395458855e-06 -1.835186409186486387e-04
5.507230469195929068e+00 -1.431355609422076320e-04 1.363719166264661150e-05 -1.567727526034025137e-04
5.508341827275502922e+00 -1.064812624035054177e-04 1.923210505074799231e-05 -1.257133674535351091e-04
5.509453185355075888e+00 -6.893435912271270193e-05 2.473707296375403397e-05 -9.367143208947249669e-05
5.510564543434648854e+00 -3.439988574674441712e-05 2.915806661089088319e-05 -6.355795235732719715e-05
5.511675901514221820e+00 -5.988468152851734842e-06 3.163511314807592844e-05 -3.762358130211130035e-05
5.512787259593794786e+00 1.426875763652177032e-05 3.160010427580186958e-05 -1.733134663733020909e-05
5.513898617673368641e+00 2.554453795672736668e-05 2.888342449487153296e-05 -3.338886540474943448e-06
5.515009975752942495e+00 2.817837735360276534e-05 2.375022314959243354e-05 4.428154203177034343e-06
5.516121333832515461e+00 2.349898790698023120e-05 1.685958790388315738e-05 6.639400002015920959e-06
5.517232691912088427e+00 1.354441663361971213e-05 9.153507989274512979e-06 4.390908642864987054e-06
5.518344049991661393e+00 7.279621226992139286e-07 1.694971944334130517e-06 -9.670098202964376661e-07
5.519455408071234359e+00 -1.249987031560261265e-05 -4.516344366805166295e-06 -7.983525952339705952e-06
5.520566766150808213e+00 -2.394847171498551522e-05 -8.718175447611759593e-06 -1.523029626614265253e-05
5.521678124230381179e+00 -3.190969019212095336e-05 -1.051844975863512672e-05 -2.139124043527070463e-05
5.522789482309955034e+00 -3.528720806966355908e-05 -9.962646536427447082e-06 -2.532456153355483355e-05
5.523900840389528000e+00 -3.363001557329985342e-05 -7.522891079120294709e-06 -2.610712449454946816e-05
5.525012198469100966e+00 -2.708155784745549887e-05 -4.009603680058804752e-06 -2.307195416883898201e-05
5.526123556548673932e+00 -1.626671002946237951e-05 -4.201984107571210021e-07 -1.584651162269416536e-05
5.527234914628246898e+00 -2.144317277584269611e-06 2.249325867653656730e-06 -4.393643143624731764e-06
5.528346272707820752e+00 1.414670630245179022e-05 3.197036092847420152e-06 1.094967021143309049e-05
5.529457630787394606e+00 3.142417786148673798e-05 1.977657337004843616e-06 2.944652051845569201e-05
5.530568988866967572e+00 4.856660313916004413e-05 -1.394710152623488189e-06 4.996131329162133567e-05
5.531680346946540539e+00 6.457787915910780693e-05 -6.423845726058943621e-06 7.100172488560223391e-05
5.532791705026113505e+00 7.861527274884402340e-05 -1.219535149028326238e-05 9.081062423532107377e-05
5.533903063105686471e+00 8.999010737690926840e-05 -1.751918107648082194e-05 1.075092884508245902e-04
5.535014421185260325e+00 9.815433078679286375e-05 -2.112888594898158805e-05 1.192832167345029198e-04
5.536125779264833291e+00 1.026863155904294666e-04 -2.190535020991079553e-05 1.245916657990085231e-04
5.537237137344407145e+00 1.032861956163195973e-04 -1.908763848117485401e-05 1.223738341007774087e-04
5.538348495423980111e+00 9.978573112362978535e-05 -1.243461078449378090e-05 1.122203419071095238e-04
5.539459853503553077e+00 9.217150189836715484e-05 -2.308104893531482512e-06 9.447960679072008841e-05
5.540571211583126043e+00 8.061462891149034752e-05 1.033932953311174284e-05 7.027529937032798003e-05
5.541682569662699009e+00 6.549653222136064921e-05 2.407387261828405632e-05 4.142265960579470468e-05
5.542793927742272864e+00 4.741928751220924568e-05 3.717286196923409014e-05 1.024642554478301523e-05
5.543905285821845830e+00 2.719119943475175114e-05 4.787208298627721121e-05 -2.068088355317346770e-05
5.545016643901419684e+00 5.782846216636401975e-06 5.463016941922370324e-05 -4.884732320598702724e-05
5.546128001980992650e+00 -1.574489603712617375e-05 5.636868096693069795e-05 -7.211357700352244134e-05
5.547239360060565616e+00 -3.633282371191629294e-05 5.264938119757744072e-05 -8.898220490596182310e-05
5.548350718140138582e+00 -5.502199342725797764e-05 4.375944552272879520e-05 -9.878143895280174793e-05
5.549462076219712436e+00 -7.104261117086841911e-05 3.068937558654929218e-05 -1.017319867561088760e-04
5.550573434299285402e+00 -8.387717417505131804e-05 1.500507258724602104e-05 -9.888224675768777562e-05
5.551684792378859257e+00 -9.328545101643120506e-05 -1.367829527261097818e-06 -9.191762149146172269e-05
5.552796150458432223e+00 -9.928537371753242042e-05 -1.641532388846504356e-05 -8.287004983137024260e-05
5.553907508538005189e+00 -1.020921365106017839e-04 -2.832104997094657899e-05 -7.377108653993633179e-05
5.555018866617578155e+00 -1.020262142258091182e-04 -3.572338363553395439e-05 -6.630283058568157539e-05
5.556130224697151121e+00 -9.940796690178203441e-05 -3.790432938295948742e-05 -6.150363751718170187e-05
5.557241582776724975e+00 -9.446050120664910082e-05 -3.488148122965156663e-05 -5.957901997331044042e-05
5.558352940856297941e+00 -8.724251136947596850e-05 -2.738940717810480960e-05 -5.985310418825901077e-05
5.559464298935871795e+00 -7.762860392367517065e-05 -1.675405786710148384e-05 -6.087454605384522090e-05
5.560575657015444762e+00 -6.534660253998506333e-05 -4.680456318790824326e-06 -6.066614622658258489e-05
5.561687015095017728e+00 -5.007074448798492567e-05 7.012660457325836449e-06 -5.708340495020013106e-05
5.562798373174590694e+00 -3.155830038392250030e-05 1.666953806208061766e-05 -4.822783844586295434e-05
5.563909731254164548e+00 -9.807030179888152769e-06 2.304233235350807446e-05 -3.284936253293436049e-05
5.565021089333737514e+00 1.479601909456029567e-05 2.546660431450517174e-05 -1.067058522021100027e-05
5.566132447413311368e+00 4.136603308170328050e-05 2.394110195525596467e-05 1.742493112791246600e-05
5.567243805492884334e+00 6.848057218129726472e-05 1.910102112029391124e-05 4.937955106047413068e-05
5.568355163572457300e+00 9.422790591769480051e-05 1.209099554465904063e-05 8.213691037038647121e-05
5.569466521652030266e+00 1.163500743486977804e-04 4.359965423293038894e-06 1.119901089256593351e-04
5.570577879731603232e+00 1.324717713005168357e-04 -2.587732429020247920e-06 1.350595037274995814e-04
5.571689237811177087e+00 1.403907346579582769e-04 -7.444155266419310911e-06 1.478348899286423420e-04
5.572800595890750053e+00 1.383925228928284683e-04 -9.311625768622440688e-06 1.477041486601989452e-04
5.573911953970323907e+00 1.255446648266183749e-04 -7.844564361495566822e-06 1.333892291892149219e-04
5.575023312049896873e+00 1.019238230200337093e-04 -3.297292649306446020e-06 1.052211156726201244e-04
5.576134670129469839e+00 6.873546717886156680e-05 3.528611989855311588e-06 6.520685519159730528e-05
5.577246028209042805e+00 2.829814339449499401e-05 1.142737469269713453e-05 1.687076870522696733e-05
5.578357386288615771e+00 -1.611782440802045553e-05 1.899779731300550945e-05 -3.511562172525952374e-05
5.579468744368189626e+00 -6.058692718960506055e-05 2.488255645064928781e-05 -8.546948364404375015e-05
5.580580102447763480e+00 -1.009299599045266694e-04 2.799818090776576285e-05 -1.289281408153271683e-04
5.581691460527336446e+00 -1.331732970243123930e-04 2.771776836601570971e-05 -1.608910653936817094e-04
5.582802818606909412e+00 -1.540082129729125463e-04 2.397660116944625043e-05 -1.779848141451455419e-04
5.583914176686482378e+00 -1.611898139999404819e-04 1.728374738510279131e-05 -1.784735613887583801e-04
5.585025534766055344e+00 -1.538210689680536835e-04 8.638336024651418492e-06 -1.624594049932630714e-04
5.586136892845629198e+00 -1.324813743137670150e-04 -6.350993352773387957e-07 -1.318462749798584069e-04
5.587248250925202164e+00 -9.917921693194802510e-05 -9.104581260976857087e-06 -9.007463567134586151e-05
5.588359609004776019e+00 -5.713200192996197621e-05 -1.546571996636488211e-05 -4.166628196698031310e-05
5.589470967084348985e+00 -1.039962038358730412e-05 -1.875498614036910151e-05 8.355365752779033079e-06
5.590582325163921951e+00 3.658159803272676124e-05 -1.850620018954908963e-05 5.508779822251455831e-05
5.591693683243494917e+00 7.950422426712215596e-05 -1.482475563043914435e-05 9.432897990478594417e-05
5.592805041323067883e+00 1.146688031817528846e-04 -8.367774538258592723e-06 1.230365777206891375e-04
5.593916399402641737e+00 1.393751059041140234e-04 -2.339388003938361516e-07 1.396090447052199517e-04
5.595027757482215591e+00 1.521766790875239673e-04 8.218414175465313547e-06 1.439582649148785467e-04
5.596139115561788557e+00 1.529692816529150260e-04 1.559463732862708521e-05 1.373746443214539142e-04
5.597250473641361523e+00 1.429072080758850868e-04 2.069161195359367340e-05 1.222155961191977408e-04
5.598361831720934489e+00 1.241653785396863870e-04 2.269259343289712404e-05 1.014727851052982715e-04
5.599473189800507456e+00 9.958595028773033100e-05 2.129722372888940120e-05 7.828872655709842717e-05
5.600584547880081310e+00 7.226303900083826700e-05 1.676573227432333134e-05 5.549730672276159037e-05
5.601695905959654276e+00 4.512587103929513411e-05 9.870613476073620039e-06 3.525525756434023114e-05
5.602807264039228130e+00 2.057847554253063141e-05 1.764371321362298057e-06 1.881410422331142497e-05
5.603918622118801096e+00 2.433999444682134273e-07 -6.214269953567920881e-06 6.457669898634363186e-06
5.605029980198374062e+00 -1.516031883038228571e-05 -1.276324867025447219e-05 -2.397070164394609856e-06
5.606141338277947028e+00 -2.579581596524971950e-05 -1.683207004730380408e-05 -8.963745919665771773e-06
5.607252696357519994e+00 -3.255629035570336617e-05 -1.779318261071816999e-05 -1.476310775076807984e-05
5.608364054437093849e+00 -3.681370937829331769e-05 -1.554167885046864209e-05 -2.127203053233108062e-05
5.609475412516667703e+00 -4.011338055300586953e-05 -1.050720743114709778e-05 -2.960617312202204921e-05
5.610586770596240669e+00 -4.386550301888717820e-05 -3.576645135222976046e-06 -4.028885788473176351e-05
5.611698128675813635e+00 -4.908277843561730512e-05 4.059073416800551108e-06 -5.314185185116045021e-05
5.612809486755386601e+00 -5.620360810469638964e-05 1.110799335252161117e-05 -6.731160145613076964e-05
5.613920844834959567e+00 -6.502508151102828217e-05 1.639584618039115560e-05 -8.142092769321347050e-05
5.615032202914533421e+00 -7.475144931842837349e-05 1.906371311700857636e-05 -9.381516243723707783e-05
5.616143560994106387e+00 -8.414509653370896586e-05 1.871153600211192128e-05 -1.028566325382604911e-04
5.617254919073680242e+00 -9.175113131452409707e-05 1.546348125611725057e-05 -1.072146125699198450e-04
5.618366277153253208e+00 -9.615601073424510925e-05 9.944269503808238664e-06 -1.061002802361217604e-04
5.619477635232826174e+00 -9.623664538298254802e-05 3.170503433375166596e-06 -9.940714881955900364e-05
5.620588993312399140e+00 -9.135956715031055180e-05 -3.624720670779189013e-06 -8.773484648625184501e-05
5.621700351391972106e+00 -8.149924884830601597e-05 -9.204416486084025881e-06 -7.229483236441148217e-05
5.622811709471545960e+00 -6.725877894185074406e-05 -1.254171425907358077e-05 -5.471706468767613928e-05
5.623923067551119814e+00 -4.979237979245589420e-05 -1.299910947183363535e-05 -3.679327032404191043e-05
5.625034425630692780e+00 -3.064500141651942404e-05 -1.044247589709309791e-05 -2.020252552000479881e-05
5.626145783710265746e+00 -1.153689138520267636e-05 -5.270152239336705789e-06 -6.266739146817371531e-06
5.627257141789838712e+00 5.871307235259448838e-06 1.648473750052529848e-06 4.222833480284479343e-06
5.628368499869411679e+00 2.019580202552245741e-05 9.115348033015475992e-06 1.108045398835348421e-05
5.629479857948985533e+00 3.049663446297384503e-05 1.580395746752032873e-05 1.469267699367140980e-05
5.630591216028558499e+00 3.637141266307421141e-05 2.048437800516844231e-05 1.588703465449542473e-05
5.631702574108132353e+00 3.796573230545129780e-05 2.223575156967031537e-05 1.572998073499293009e-05
5.632813932187705319e+00 3.590415924822017483e-05 2.061052132991152269e-05 1.529363791471810997e-05
5.633925290267278285e+00 3.115821751505240615e-05 1.572241224981059897e-05 1.543580526779603164e-05
5.635036648346851251e+00 2.487697429365504174e-05 8.242484985407878893e-06 1.663448930837081610e-05
5.636148006426424217e+00 1.821013847441786926e-05 -6.973904292588678744e-07 1.890752890225346936e-05
5.637259364505998072e+00 1.215256869386559753e-05 -9.679054090467493907e-06 2.183162278336173100e-05
5.638370722585571926e+00 7.433152611252636451e-06 -1.722302074628315102e-05 2.465617335697601050e-05
5.639482080665144892e+00 4.461428675361602718e-06 -2.202779721916159399e-05 2.648922589632200330e-05
5.640593438744717858e+00 3.333956017090528110e-06 -2.318475693552409368e-05 2.651871295117785740e-05
5.641704796824290824e+00 3.891417565021331468e-06 -2.033338517485705992e-05 2.422480273899353334e-05
5.642816154903863790e+00 5.808764449140567951e-06 -1.373107400362182335e-05 1.953983845172290400e-05
5.643927512983437644e+00 8.695902294782344296e-06 -4.225268427435340148e-06 1.292117071904338782e-05
5.645038871063010610e+00 1.218624287681777346e-05 6.868553146157765659e-06 5.317689725297170314e-06
5.646150229142584465e+00 1.599480181473634751e-05 1.796438084586771683e-05 -1.969579034221606399e-06
5.647261587222157431e+00 1.993545601349758396e-05 2.744772485572801536e-05 -7.512268848759896681e-06
5.648372945301730397e+00 2.389686549658843638e-05 3.392398054821187440e-05 -1.002711505400297718e-05
5.649484303381303363e+00 2.778642621035251441e-05 3.643371084943197887e-05 -8.647284638496976843e-06
5.650595661460876329e+00 3.145946943926968161e-05 3.460063311468726391e-05 -3.141163681997049639e-06
5.651707019540450183e+00 3.465514329138527383e-05 2.868879771415094767e-05 5.966345576320668991e-06
5.652818377620024037e+00 3.696006591316480371e-05 1.955993854753408041e-05 1.740012737026225541e-05
5.653929735699597003e+00 3.781585132823824110e-05 8.537922528833980602e-06 2.927792879766753464e-05
5.655041093779169969e+00 3.657779663535522236e-05 -2.797949882557200540e-06 3.937574651389368524e-05
5.656152451858742936e+00 3.262096118241191795e-05 -1.285773152143515475e-05 4.547869270232035002e-05
5.657263809938315902e+00 2.547864939786701258e-05 -2.028467053418287356e-05 4.576331992762057129e-05
5.658375168017889756e+00 1.498912327250768859e-05 -2.415940071726710108e-05 3.914852399171209294e-05
5.659486526097462722e+00 1.421152064771004765e-06 -2.413233072548960932e-05 2.555348279283778975e-05
5.660597884177036576e+00 -1.445095340338663990e-05 -2.046379844867377229e-05 6.012845046926933970e-06
5.661709242256609542e+00 -3.134648509461072176e-05 -1.396652281294247596e-05 -1.737996228066861817e-05
5.662820600336182508e+00 -4.756460193265279058e-05 -5.860669634364205769e-06 -4.170393229485259566e-05
5.663931958415755474e+00 -6.115646292098101647e-05 2.434108803464711473e-06 -6.359057172488291002e-05
5.665043316495328440e+00 -7.016660079248366634e-05 9.535270927973536569e-06 -7.970187171818022588e-05
5.666154674574902295e+00 -7.291297127281881456e-05 1.432382880469860637e-05 -8.723680007872351792e-05
5.667266032654476149e+00 -6.826515459288120516e-05 1.612376985898247969e-05 -8.438892445158526173e-05
5.668377390734049115e+00 -5.587621970046186877e-05 1.480550744648451732e-05 -7.068172714851099654e-05
5.669488748813622081e+00 -3.632688134720572445e-05 1.079701361906311040e-05 -4.712389496653640917e-05
5.670600106893195047e+00 -1.115075972410661947e-05 5.001510604065043049e-06 -1.615227032726152900e-05
5.671711464972768013e+00 1.727441648992669823e-05 -1.364048196082937981e-06 1.863846468384805811e-05
5.672822823052341867e+00 4.596519667499471523e-05 -6.982497020276559909e-06 5.294769369173411383e-05
5.673934181131914833e+00 7.167564906636071089e-05 -1.066627463432188009e-05 8.234192369998904549e-05
5.675045539211488688e+00 9.130301732825276816e-05 -1.156521472787184126e-05 1.028682320529111934e-04
5.676156897291061654e+00 1.023011841727977623e-04 -9.317652022598997541e-06 1.116188361942314932e-04
5.677268255370634620e+00 1.030428863528434096e-04 -4.119537734683543717e-06 1.071624240861221780e-04
5.678379613450207586e+00 9.307598341568005152e-05 3.300236814478590662e-06 8.977574659587878882e-05
5.679490971529780552e+00 7.323196790458562670e-05 1.179465818204431173e-05 6.143730971946372748e-05
5.680602329609354406e+00 4.556468383534611636e-05 1.998502619224649783e-05 2.557965763998875112e-05
5.681713687688928260e+00 1.312113609320036733e-05 2.648861543134550106e-05 -1.336747933747803091e-05
5.682825045768501226e+00 -2.042919219078480212e-05 3.015025118629387950e-05 -5.057944337420770071e-05
5.683936403848074193e+00 -5.125865424631844672e-05 3.023964942244631695e-05 -8.149830366820993337e-05
5.685047761927647159e+00 -7.587653199044383382e-05 2.658175935156944564e-05 -1.024582913464723794e-04
5.686159120007220125e+00 -9.158594940437914057e-05 1.959809719870901976e-05 -1.111840466034055266e-04
5.687270478086793979e+00 -9.683761026844049918e-05 1.025143312071393155e-05 -1.070890433922791539e-04
5.688381836166366945e+00 -9.142900120087470812e-05 -9.813765191862105477e-08 -9.133086354712460363e-05
5.689493194245940799e+00 -7.651919488903260948e-05 -9.903282397353378865e-06 -6.661591249457402670e-05
5.690604552325513765e+00 -5.445564373754361025e-05 -1.767237685592271194e-05 -3.678326688751817886e-05
5.691715910405086731e+00 -2.843652942641626438e-05 -2.220650940170014009e-05 -6.230020026768939129e-06
5.692827268484659697e+00 -2.056264624110298628e-06 -2.279248494672978423e-05 2.073622032674243203e-05
5.693938626564232663e+00 2.120099508722662158e-05 -1.932064313217364716e-05 4.052163821793984164e-05
5.695049984643806518e+00 3.844713283900918111e-05 -1.230821050090623264e-05 5.075534334307799252e-05
5.696161342723379484e+00 4.778528877805954755e-05 -2.823933209701580293e-06 5.060922199016266445e-05
5.697272700802953338e+00 4.855781905202246967e-05 7.674527039018770567e-06 4.088329201385894319e-05
5.698384058882526304e+00 4.141187462552039210e-05 1.756503079160417585e-05 2.384684383593522431e-05
5.699495416962099270e+00 2.817427006299638497e-05 2.531195553597486401e-05 2.862314526023736476e-06
5.700606775041672236e+00 1.155532695661660027e-05 2.970422151135756133e-05 -1.814889455250541072e-05
5.701718133121246090e+00 -5.273570427877735542e-06 3.004287189644970385e-05 -3.531644232763588232e-05
5.702829491200819056e+00 -1.916562686093665704e-05 2.624874001121247431e-05 -4.541436687416654699e-05
5.703940849280392911e+00 -2.747550908596430594e-05 1.887341440422139806e-05 -4.634892348667750699e-05
5.705052207359965877e+00 -2.845728504781211139e-05 9.012024921416028224e-06 -3.746930996978709157e-05
5.706163565439538843e+00 -2.152551794717024852e-05 -1.868130041733601660e-06 -1.965738790603602601e-05
5.707274923519111809e+00 -7.342359721638976348e-06 -1.215588191881759156e-05 4.813522195879984958e-06
5.708386281598684775e+00 1.228041350909435435e-05 -2.034534697187900598e-05 3.262576048149098555e-05
5.709497639678258629e+00 3.464800728317131027e-05 -2.526679384005658493e-05 5.991480112451703531e-05
5.710608997757831595e+00 5.657671455258411666e-05 -2.626322136598235733e-05 8.283993591823528410e-05
5.711720355837405450e+00 7.485610047095267320e-05 -2.328546428975986524e-05 9.814156475996760006e-05
5.712831713916978416e+00 8.671066263801153399e-05 -1.689170050766875266e-05 1.036023631508968610e-04
5.713943071996551382e+00 9.019354797039271648e-05 -8.152418461059334680e-06 9.834596643058671553e-05
5.715054430076124348e+00 8.445611757095121733e-05 1.523214729902337046e-06 8.293290284251632252e-05
5.716165788155698202e+00 6.985654466637558993e-05 1.061142809505023383e-05 5.924511656939490363e-05
5.717277146235271168e+00 4.789513817731766594e-05 1.771257687558555187e-05 3.018256129902765984e-05
5.718388504314845022e+00 2.098991449642740822e-05 2.176686144983116817e-05 -7.769469539655325294e-07
5.719499862394417988e+00 -7.870832876927918163e-06 2.221348163368906615e-05 -3.008431451005289426e-05
5.720611220473990954e+00 -3.554505758117038126e-05 1.906905639370820487e-05 -5.461411397629307356e-05
5.721722578553563920e+00 -5.916003349016795093e-05 1.291423738060593224e-05 -7.207427086627934509e-05
5.722833936633136886e+00 -7.648042976414796100e-05 4.792125175748861602e-06 -8.127255493827823581e-05
5.723945294712710741e+00 -8.617007798660226644e-05 -3.964001852646968868e-06 -8.220607613445590929e-05
5.725056652792283707e+00 -8.791378965525138115e-05 -1.194522341319957336e-05 -7.596856623953384649e-05
5.726168010871857561e+00 -8.238777589399383871e-05 -1.788913341460171086e-05 -6.449864247702384405e-05
5.727279368951430527e+00 -7.109040688091560953e-05 -2.087436981394499407e-05 -5.021603706336062202e-05
5.728390727031003493e+00 -5.606562756183765988e-05 -2.045730368596016555e-05 -3.560832387666648181e-05
5.729502085110576459e+00 -3.956622539448848084e-05 -1.673044786431484546e-05 -2.283577752830712713e-05
5.730613443190150313e+00 -2.371119809980473897e-05 -1.029502111390301033e-05 -1.341617698261658590e-05
5.731724801269723280e+00 -1.018985251933396971e-05 -2.153961698164155638e-06 -8.035890821694012271e-06
5.732836159349297134e+00 -5.551990582772507905e-08 6.455722082644864112e-06 -6.511241989270614506e-06
5.733947517428870100e+00 6.364300463827058936e-06 1.426305681424078363e-05 -7.898756350110890090e-06
5.735058875508443066e+00 9.434212474103379907e-06 2.016286080357987273e-05 -1.072864832914722740e-05
5.736170233588016032e+00 1.006645448827064838e-05 2.338314066705323775e-05 -1.331668618106047103e-05
5.737281591667588998e+00 9.495698628150830403e-06 2.359407351791604362e-05 -1.409837488958971477e-05
5.738392949747162852e+00 9.014800916310369817e-06 2.094258819066589894e-05 -1.192778727906179664e-05
5.739504307826735818e+00 9.717693489942038422e-06 1.600902603637046972e-05 -6.291332550238277072e-06
5.740615665906309673e+00 1.229245648971616516e-05 9.695153044108872819e-06 2.597303447010373620e-06
5.741727023985882639e+00 1.689756821726646981e-05 3.063813095088553021e-06 1.383375511889442321e-05
5.742838382065455605e+00 2.313924323645716996e-05 -2.842018470097469288e-06 2.598126170596229471e-05
5.743949740145028571e+00 3.015025671728035562e-05 -7.170268807011794738e-06 3.732052552258898902e-05
5.745061098224601537e+00 3.675364768414376998e-05 -9.392716132791346830e-06 4.614636381558093474e-05
5.746172456304175391e+00 4.168096103157849572e-05 -9.378643839417170265e-06 5.105960486802469962e-05
5.747283814383749245e+00 4.380638215641214045e-05 -7.398355689703768185e-06 5.120473784600190054e-05
5.748395172463322211e+00 4.235645236481482250e-05 -4.057703512018810225e-06 4.641415588093356781e-05
5.749506530542895177e+00 3.706010304251895602e-05 -1.763888019601966001e-07 3.723649184685567720e-05
5.750617888622468143e+00 2.821450701511402033e-05 3.367904923253475185e-06 2.484660209545576040e-05
5.751729246702041110e+00 1.665677080131971490e-05 5.802034031864403885e-06 1.085473677050013378e-05
5.752840604781614964e+00 3.647299599641456069e-06 6.598303406977679168e-06 -2.951003808668786342e-06
5.753951962861187930e+00 -9.314901630761858431e-06 5.569524093134772938e-06 -1.488442572448992374e-05
5.755063320940761784e+00 -2.071400668557203673e-05 2.902073573849927560e-06 -2.361608026469572694e-05
5.756174679020334750e+00 -2.923990856868580440e-05 -8.784268835906573896e-07 -2.836148168355536901e-05
5.757286037099907716e+00 -3.397598738082818054e-05 -5.002599992542436663e-06 -2.897338738758308685e-05
5.758397395179480682e+00 -3.452317155585178090e-05 -8.597256881196080940e-06 -2.592591467449624940e-05
5.759508753259053648e+00 -3.104251565066259609e-05 -1.084546984787842839e-05 -2.019704580690026839e-05
5.760620111338627503e+00 -2.421224700701914885e-05 -1.113896552669952564e-05 -1.307328148052966537e-05
5.761731469418201357e+00 -1.510917895243677931e-05 -9.196264176255960660e-06 -5.912914775075960732e-06
5.762842827497774323e+00 -5.036221685826038335e-06 -5.125721789463637096e-06 8.950010529857531328e-08
5.763954185577347289e+00 4.674459361031922298e-06 5.781054125282166940e-07 4.096353943972068324e-06
5.765065543656920255e+00 1.285046271661354736e-05 7.105111719107448468e-06 5.745350995777303801e-06
5.766176901736493221e+00 1.863099970213840263e-05 1.345630213205906776e-05 5.174697571539717917e-06
5.767288259816067075e+00 2.155983498529489705e-05 1.860590623388358165e-05 2.953928751017428130e-06
5.768399617895640041e+00 2.160851151907426345e-05 2.167222831773974682e-05 -6.371680139760508080e-08
5.769510975975213896e+00 1.913131060679099647e-05 2.206877572163781990e-05 -2.937465118414976824e-06
5.770622334054786862e+00 1.476483118680288042e-05 1.961018798396833062e-05 -4.845356796250542813e-06
5.771733692134359828e+00 9.293721034474782634e-06 1.455471120348102730e-05 -5.260990167841735304e-06
5.772845050213932794e+00 3.508556847858982481e-06 7.575244096065290773e-06 -4.066687251343654801e-06
5.773956408293505760e+00 -1.918492774305048513e-06 -3.373609875693869606e-07 -1.581131788110623878e-06
5.775067766373079614e+00 -6.519537752819897132e-06 -8.023940134306110567e-06 1.504402383818178148e-06
5.776179124452653468e+00 -1.006617994356476351e-05 -1.433604570124870170e-05 4.269865757823590211e-06
5.777290482532226434e+00 -1.255225549156444972e-05 -1.831584875375628625e-05 5.763593263239492624e-06
5.778401840611799400e+00 -1.413259072409668609e-05 -1.934806877958955253e-05 5.215478048609930922e-06
5.779513198691372367e+00 -1.503456204721132888e-05 -1.725942626923591792e-05 2.224864227571536764e-06
5.780624556770945333e+00 -1.546404451649153978e-05 -1.234943382287488080e-05 -3.114610692843575396e-06
5.781735914850519187e+00 -1.552776414243865841e-05 -5.347289672964019468e-06 -1.018047446942247866e-05
5.782847272930092153e+00 -1.519009515624561695e-05 2.698560547453744556e-06 -1.788865569748635366e-05
5.783958631009666007e+00 -1.427475536829438205e-05 1.058088190710876274e-05 -2.485563727692319963e-05
5.785069989089238973e+00 -1.251210387551745899e-05 1.711885943156995875e-05 -2.963096330477560055e-05
5.786181347168811939e+00 -9.622718716969182640e-06 2.133889822870377244e-05 -3.096161694419335454e-05
5.787292705248384905e+00 -5.419569686280893174e-06 2.262264090038934691e-05 -2.804221058991792704e-05
5.788404063327957871e+00 9.393426348728656705e-08 2.079914726991298875e-05 -2.070521300865371054e-05
5.789515421407531726e+00 6.653383969141081261e-06 1.616715376191193797e-05 -9.513769796780290554e-06
5.790626779487105580e+00 1.370962867655546922e-05 9.444492358649364652e-06 4.265136316847055882e-06
5.791738137566678546e+00 2.046310011358137937e-05 1.653293950682978109e-06 1.880980615850274496e-05
5.792849495646251512e+00 2.595665314356557913e-05 -6.040328567845743314e-06 3.199698170077454866e-05
5.793960853725824478e+00 2.921581255851728122e-05 -1.250643060650537340e-05 4.172224316422516971e-05
5.795072211805397444e+00 2.941509962429248061e-05 -1.682271405740609846e-05 4.623781368684481584e-05
5.796183569884971298e+00 2.604221901301442214e-05 -1.841059227547536632e-05 4.445281128558859558e-05
5.797294927964544264e+00 1.902975663002550322e-05 -1.711511427424746888e-05 3.614487090556321334e-05
5.798406286044118119e+00 8.827314050171883417e-06 -1.321726567290864067e-05 2.204457972242675526e-05
5.799517644123691085e+00 -3.604610822790738978e-06 -7.378111732634082432e-06 3.773500912571207131e-06
5.800629002203264051e+00 -1.688541368696437584e-05 -5.251112385003353335e-07 -1.636030244871539754e-05
5.801740360282837017e+00 -2.938205685277805741e-05 6.300042968428723865e-06 -3.568209981585852885e-05
5.802851718362409983e+00 -3.943209198808441779e-05 1.210694268976126602e-05 -5.153903468099022586e-05
5.803963076441983837e+00 -4.558961714680226287e-05 1.610862156830112415e-05 -6.169823871228370920e-05
5.805074434521557691e+00 -4.685575745895405049e-05 1.783637129629309212e-05 -6.469212875492667955e-05
5.806185792601130657e+00 -4.285541838403776442e-05 1.719981175856751942e-05 -6.005523014199253343e-05
5.807297150680703623e+00 -3.392864233503833991e-05 1.448408481236176641e-05 -4.841272715188778514e-05
5.808408508760276590e+00 -2.111709753898775898e-05 1.028645847680633750e-05 -3.140355601588867618e-05
5.809519866839849556e+00 -6.042249009088943273e-06 5.404464828274948998e-06 -1.144671383775795910e-05
5.810631224919423410e+00 9.310896763031539574e-06 6.953479709768128846e-07 8.615548791085001867e-06
5.811742582998996376e+00 2.287473623931195925e-05 -3.069152994156887163e-06 2.594388923067025718e-05
5.812853941078570230e+00 3.280329855888856709e-05 -5.328460241230762245e-06 3.813175880040860634e-05
5.813965299158143196e+00 3.775294310429532939e-05 -5.818840118354901017e-06 4.357178321971477166e-05
5.815076657237716162e+00 3.709466686316071488e-05 -4.605830579289094972e-06 4.170049744270947796e-05
5.816188015317289128e+00 3.102244373706330408e-05 -2.059342576562923476e-06 3.308178630731948493e-05
5.817299373396862094e+00 2.053735492241995537e-05 1.222907736889287903e-06 1.931444718645244430e-05
5.818410731476435949e+00 7.306371488898657867e-06 4.529366247105095881e-06 2.777005240555660602e-06
5.819522089556009803e+00 -6.585452404065807283e-06 7.165663644276315383e-06 -1.375111604824604287e-05
5.820633447635582769e+00 -1.895312894062902722e-05 8.579797936236452347e-06 -2.753292687353612678e-05
5.821744805715155735e+00 -2.785178865782653277e-05 8.459934879228347472e-06 -3.631172353840856086e-05
5.822856163794728701e+00 -3.188541461884634683e-05 6.788269926010209546e-06 -3.867368454293974877e-05
5.823967521874301667e+00 -3.043465161172090051e-05 3.842132097553087836e-06 -3.427678370962373587e-05
5.825078879953875521e+00 -2.376571808324618568e-05 1.426648024185125574e-07 -2.390838288485581481e-05
5.826190238033448487e+00 -1.300045829624863530e-05 -3.639568659347445905e-06 -9.360889634442541584e-06
5.827301596113022342e+00 5.078677194971534335e-08 -6.805359709719137275e-06 6.856146477592921606e-06
5.828412954192595308e+00 1.316990501689866414e-05 -8.752863393682884912e-06 2.192276840665344901e-05
5.829524312272168274e+00 2.408310134594443324e-05 -9.086877645062589267e-06 3.316997898800796345e-05
5.830635670351741240e+00 3.082975272083764487e-05 -7.692362295393804624e-06 3.852211500610517908e-05
5.831747028431314206e+00 3.208951100304444147e-05 -4.759338265786551095e-06 3.684884926893111016e-05
5.832858386510888060e+00 2.741443650398911469e-05 -7.546584809129209943e-07 2.816909498417228207e-05
5.833969744590461914e+00 1.732684339811682442e-05 3.654747671472417117e-06 1.367209572532209231e-05
5.835081102670034880e+00 3.263995023452615288e-06 7.714229636598955752e-06 -4.450234615142573504e-06
5.836192460749607847e+00 -1.262530791839147680e-05 1.071031270209278345e-05 -2.333562062462056947e-05
5.837303818829180813e+00 -2.780359356464589822e-05 1.209417687852752402e-05 -3.989777044342786077e-05
5.838415176908753779e+00 -3.973880303657929532e-05 1.157857584527270218e-05 -5.131737888103629630e-05
5.839526534988327633e+00 -4.630900515909109727e-05 9.191456191743278199e-06 -5.550046135533762782e-05
5.840637893067900599e+00 -4.615411161709108407e-05 5.276784193493367651e-06 -5.143089581190771962e-05
5.841749251147474453e+00 -3.891789157582756405e-05 4.419624229277132783e-07 -3.935985399860180935e-05
5.842860609227047419e+00 -2.533957821498295589e-05 -4.539769218617701392e-06 -2.079980899404515671e-05
5.843971967306620385e+00 -7.177048773453946831e-06 -8.855918830509550567e-06 1.678870055194563930e-06
5.845083325386193351e+00 1.303049737116870091e-05 -1.178931308171859930e-05 2.481981044916984540e-05
5.846194683465766317e+00 3.232726259235311225e-05 -1.283818334140898286e-05 4.516544592945647248e-05
5.847306041545340172e+00 4.777942781630820183e-05 -1.180158778476882762e-05 5.958101559973589677e-05
5.848417399624914026e+00 5.692157906590872784e-05 -8.815665838426379547e-06 6.573724490468986850e-05
5.849528757704486992e+00 5.814257891452104384e-05 -4.334343977777706602e-06 6.247692289246792156e-05
5.850640115784059958e+00 5.095064884958700672e-05 9.426677325420233063e-07 5.000798111856356653e-05
5.851751473863632924e+00 3.607503268576703922e-05 6.182965385544851440e-06 2.989206730116399864e-05
5.852862831943205890e+00 1.538602958004765819e-05 1.055712194386287562e-05 4.828907639130732672e-06
5.853974190022779744e+00 -8.357290100124317007e-06 1.337460288390613912e-05 -2.173189298874024392e-05
5.855085548102352710e+00 -3.189596855129333175e-05 1.419745648762984463e-05 -4.609342504245231883e-05
5.856196906181926565e+00 -5.193974639015883142e-05 1.291290222857320466e-05 -6.485264861614184321e-05
5.857308264261499531e+00 -6.564579344655659826e-05 9.752674533999552742e-06 -7.539846798048415659e-05
5.858419622341072497e+00 -7.103591766847593050e-05 5.255743308373134431e-06 -7.629166098143559248e-05
5.859530980420645463e+00 -6.728941204993013181e-05 1.803785709393917046e-07 -6.746979062193577282e-05
5.860642338500218429e+00 -5.486715733892151559e-05 -4.620092580231792057e-06 -5.024706476037549697e-05
5.861753696579792283e+00 -3.544790061281320921e-05 -8.337461613070806649e-06 -2.711043900175763455e-05
5.862865054659365249e+00 -1.168590252164376488e-05 -1.034169980392031892e-05 -1.344202718233996762e-06
5.863976412738939104e+00 1.317393848668408100e-05 -1.028498755622359718e-05 2.345892604904201953e-05
5.865087770818512070e+00 3.576594892885933915e-05 -8.159543237410968113e-06 4.392549216470873765e-05
5.866199128898085036e+00 5.308833991985695516e-05 -4.299670705997158979e-06 5.738801062630980940e-05
5.867310486977658002e+00 6.293052195547829165e-05 6.723793897379717346e-07 6.225814256578799093e-05
5.868421845057231856e+00 6.417994938610195696e-05 5.947889230629636380e-06 5.823206015433728881e-05
5.869533203136804822e+00 5.696394435137719717e-05 1.066385116766618472e-05 4.630009318660732980e-05
5.870644561216378676e+00 4.260718077659637708e-05 1.404414148511915759e-05 2.856303928740354836e-05
5.871755919295951642e+00 2.341348983088666828e-05 1.552650611915564250e-05 7.886983704272944730e-06
5.872867277375524608e+00 2.307071043925228908e-06 1.485451050433213668e-05 -1.254743946046113821e-05
5.873978635455097574e+00 -1.761099591108430913e-05 1.211937654572133104e-05 -2.973037245994142390e-05
5.875089993534670540e+00 -3.352299033722720462e-05 7.744882135509603238e-06 -4.126787247332392366e-05
5.876201351614244395e+00 -4.330206240715672619e-05 2.417870660456335662e-06 -4.571993306743341718e-05
5.877312709693817361e+00 -4.580666926651462569e-05 -3.024136592562274604e-06 -4.278253267724441367e-05
5.878424067773391215e+00 -4.101982602910805782e-05 -7.729688692676759776e-06 -3.329013733708198876e-05
5.879535425852964181e+00 -3.001549941006684551e-05 -1.097199630045922724e-05 -1.904350311241269323e-05
5.880646783932537147e+00 -1.476123260687151148e-05 -1.226658368280446223e-05 -2.494648925868552804e-06
5.881758142012110113e+00 2.208998739366236849e-06 -1.144871177792652870e-05 1.365771051655409522e-05
5.882869500091683967e+00 1.819847764409082154e-05 -8.697952061909210294e-06 2.689642970876519461e-05
5.883980858171256934e+00 3.076413222493345481e-05 -4.506033254398458977e-06 3.527016547752791318e-05
5.885092216250830788e+00 3.808124110622218984e-05 4.065477459504261530e-07 3.767469336315374924e-05
5.886203574330403754e+00 3.920158267736700814e-05 5.211211038538575512e-06 3.399037163494886672e-05
5.887314932409976720e+00 3.416801279535494704e-05 9.109203123951295465e-06 2.505880966827265697e-05
5.888426290489549686e+00 2.397173214149089115e-05 1.146385357526818280e-05 1.250787856394637338e-05
5.889537648569122652e+00 1.036343814799861813e-05 1.190528471858733181e-05 -1.541846567715178128e-06
5.890649006648696506e+00 -4.447812938720239876e-06 1.039028470902975265e-05 -1.483809764419365015e-05
5.891760364728269472e+00 -1.815740576696740560e-05 7.207516327204364128e-06 -2.536492209818085459e-05
5.892871722807843327e+00 -2.873058030363237453e-05 2.927316380893687133e-06 -3.165789668337146005e-05
5.893983080887416293e+00 -3.471254653647664105e-05 -1.695460557702160745e-06 -3.301708598361958330e-05
5.895094438966989259e+00 -3.543570654951243477e-05 -5.849308301028565752e-06 -2.958639824838340583e-05
5.896205797046562225e+00 -3.109406925980396443e-05 -8.803304138469831002e-06 -2.229076512177561377e-05
5.897317155126136079e+00 -2.267701069392536617e-05 -1.003081741646047446e-05 -1.264619328195325831e-05
5.898428513205709045e+00 -1.177735168666501188e-05 -9.299040292029729453e-06 -2.478311392814541063e-06
5.899539871285282899e+00 -3.086209380505342318e-07 -6.709361464842776240e-06 6.400740521483210595e-06
5.900651229364855865e+00 9.819823187061615640e-06 -2.681765836581214151e-06 1.250158902652730901e-05
5.901762587444428831e+00 1.701553279810622443e-05 2.114255411515323368e-06 1.490127738480590534e-05
5.902873945524001797e+00 2.025264587076887682e-05 6.870898868507900714e-06 1.338174699867962763e-05
5.903985303603574764e+00 1.921917410952579458e-05 1.077693614173228690e-05 8.442237964534224847e-06
5.905096661683148618e+00 1.434038635458772165e-05 1.315389948986111880e-05 1.186486857580826228e-06
5.906208019762721584e+00 6.677763288340387454e-06 1.357089282896247907e-05 -6.893129539802207771e-06
5.907319377842295438e+00 -2.276325954194858702e-06 1.191883474917376868e-05 -1.419516070611778123e-05
5.908430735921868404e+00 -1.087111321670653608e-05 8.431608502166480527e-06 -1.930272171720763294e-05
5.909542094001441370e+00 -1.758946868099313829e-05 3.650353828976955132e-06 -2.123982251248522944e-05
5.910653452081014336e+00 -2.130946378721358856e-05 -1.663457388492027300e-06 -1.964600640144181012e-05
5.911764810160587302e+00 -2.149142270417150888e-05 -6.652019080569858967e-06 -1.483940361894485081e-05
5.912876168240161157e+00 -1.825970492133406918e-05 -1.050193254858180078e-05 -7.757772369647433558e-06
5.913987526319735011e+00 -1.236673302775078985e-05 -1.257851477350400414e-05 2.117817446280597710e-07
5.915098884399307977e+00 -5.046960915158534830e-06 -1.253146815300327907e-05 7.484507242344994710e-06
5.916210242478880943e+00 2.212842869760862365e-06 -1.035434550162525760e-05 1.256718837013519968e-05
5.917321600558453909e+00 7.946529681483043039e-06 -6.387794641014079806e-06 1.433432432441281745e-05
5.918432958638026875e+00 1.097710124443064528e-05 -1.265791577297174797e-06 1.224289282290568376e-05
5.919544316717600729e+00 1.063414233981875806e-05 4.186545634026362003e-06 6.447596705991043070e-06
5.920655674797173695e+00 6.882287066396904854e-06 9.086973359434044262e-06 -2.204686290610828776e-06
5.921767032876747550e+00 3.380640753180994213e-07 1.264008911569562148e-05 -1.230202504379317564e-05
5.922878390956320516e+00 -7.828491505420592182e-06 1.426765996442475804e-05 -2.209615147257826815e-05
5.923989749035893482e+00 -1.609140130734108278e-05 1.370388738990690810e-05 -2.979528869860062457e-05
5.925101107115466448e+00 -2.283241701963907718e-05 1.103987197821815054e-05 -3.387228900255976152e-05
5.926212465195039414e+00 -2.662624937158411791e-05 6.709828141241698334e-06 -3.333607751843817524e-05
5.927323823274613268e+00 -2.649874795580377463e-05 1.421129119471884703e-06 -2.791987707402446631e-05
5.928435181354187122e+00 -2.211352920097443364e-05 -3.960525980911241682e-06 -1.815300322197668852e-05
5.929546539433760088e+00 -1.385413048267612317e-05 -8.552150478477262593e-06 -5.301980000967048722e-06
5.930657897513333054e+00 -2.785946715459899957e-06 -1.159770465929871125e-05 8.811757942422729757e-06
5.931769255592906021e+00 9.497855142614916547e-06 -1.259194199246294200e-05 2.208979713151838385e-05
5.932880613672478987e+00 2.112283907724310332e-05 -1.136356849158337031e-05 3.248640756910952494e-05
5.933991971752052841e+00 3.023294814394170040e-05 -8.104032069621510434e-06 3.833698021232429302e-05
5.935103329831625807e+00 3.529471404334161646e-05 -3.337124982818575162e-06 3.863183902638366517e-05
5.936214687911199661e+00 3.535605685889139308e-05 2.165748982667956511e-06 3.319030787297442783e-05
5.937326045990772627e+00 3.021652296895078831e-05 7.510901453783837969e-06 2.270562150445143976e-05
5.938437404070345593e+00 2.047975413314750861e-05 1.182788465353296329e-05 8.651869476763613689e-06
5.939548762149918559e+00 7.477832303995129645e-06 1.441148966545316357e-05 -6.933657363400695520e-06
5.940660120229491525e+00 -6.922175808236857408e-06 1.483703685486549028e-05 -2.175921266241748767e-05
5.941771478309065380e+00 -2.059997405725425170e-05 1.303010937279513491e-05 -3.363008343293685077e-05
5.942882836388639234e+00 -3.150806858115992002e-05 9.279295305778125598e-06 -4.078736388846416182e-05
5.943994194468212200e+00 -3.799054892047735760e-05 4.189791808043467222e-06 -4.218034073008506936e-05
5.945105552547785166e+00 -3.904385645751119261e-05 -1.414630656264229181e-06 -3.762922579742141154e-05
5.946216910627358132e+00 -3.447772352779661050e-05 -6.625378917427809860e-06 -2.785234460881128493e-05
5.947328268706931098e+00 -2.495016815480662428e-05 -1.059674479679527922e-05 -1.435342336119077979e-05
5.948439626786504952e+00 -1.187037651791877848e-05 -1.268352610648355356e-05 8.131495887631739192e-07
5.949550984866077918e+00 2.815700797117743747e-06 -1.254615111728133677e-05 1.536185191089612664e-05
5.950662342945651773e+00 1.692355894028584713e-05 -1.020618384486049490e-05 2.712974278314098136e-05
5.951773701025224739e+00 2.836534203481204364e-05 -6.043164687492572025e-06 3.440850672117890549e-05
5.952885059104797705e+00 3.546937466337094083e-05 -7.332902256133558728e-07 3.620266488637651604e-05
5.953996417184370671e+00 3.723389920537267903e-05 4.860100408166219265e-06 3.237379879429341605e-05
5.955107775263943637e+00 3.347543231286683406e-05 9.826429608884037586e-06 2.364900270142230058e-05
5.956219133343517491e+00 2.484896767486613001e-05 1.335544111024577287e-05 1.149352656135931418e-05
5.957330491423091345e+00 1.273763721037854825e-05 1.486845373347224778e-05 -2.130816528295411869e-06
5.958441849502664311e+00 -9.698734986406305249e-07 1.411202069034283747e-05 -1.508189419281355786e-05
5.959553207582237278e+00 -1.417819978697661365e-05 1.119883968296989761e-05 -2.537703947521564233e-05
5.960664565661810244e+00 -2.491267305441142700e-05 6.589348905303586360e-06 -3.150202196247416813e-05
5.961775923741383210e+00 -3.162327999346564689e-05 1.017087572081787163e-06 -3.264036756646117424e-05
5.962887281820957064e+00 -3.341747123501777219e-05 -4.629975419405157475e-06 -2.878749581850285292e-05
5.963998639900530030e+00 -3.018586351849327230e-05 -9.452819204864654768e-06 -2.073304431804706834e-05
5.965109997980103884e+00 -2.260231080519668160e-05 -1.268616596170594633e-05 -9.916144844626965590e-06
5.966221356059676850e+00 -1.200005826921559426e-05 -1.382123683851688568e-05 1.821178568869352053e-06
5.967332714139249816e+00 -1.454773210454000389e-07 -1.268665901669705179e-05 1.254118170153572197e-05
5.968444072218822782e+00 1.105298609134195179e-05 -9.474570846793420217e-06 2.052755693704689063e-05
5.969555430298395748e+00 1.985308282061626524e-05 -4.707913064822170220e-06 2.456099588191528577e-05
5.970666788377969603e+00 2.495451279083085348e-05 8.455425863627387860e-07 2.410897020645153509e-05
5.971778146457543457e+00 2.569827835458843985e-05 6.298250023261932218e-06 1.940002832747525041e-05
5.972889504537116423e+00 2.215864440042107197e-05 1.078656652285224526e-05 1.137207787546872710e-05
5.974000862616689389e+00 1.511445629789302943e-05 1.360965544907881977e-05 1.504800847667327050e-06
5.975112220696262355e+00 5.906272033898236277e-06 1.434110658555833730e-05 -8.434834554326575982e-06
5.976223578775835321e+00 -3.795797606437880604e-06 1.289531626714192190e-05 -1.669111387706317129e-05
5.977334936855409175e+00 -1.227444672737174873e-05 9.538123726959407204e-06 -2.181257045739890937e-05
5.978446294934982141e+00 -1.805094627805283516e-05 4.840331334533185648e-06 -2.289127761304861599e-05
5.979557653014555996e+00 -2.012755273335659469e-05 -4.179521874508840546e-07 -1.970960055108491265e-05
5.980669011094128962e+00 -1.814740566528605891e-05 -5.376235472929771348e-06 -1.277117019407814037e-05
5.981780369173701928e+00 -1.244670265397920648e-05 -9.234590156630150093e-06 -3.212112495726901897e-06
5.982891727253274894e+00 -3.991854409760298421e-06 -1.138353448813653758e-05 7.391680078633688049e-06
5.984003085332847860e+00 5.786756105941168513e-06 -1.150171290178053539e-05 1.728846900104001155e-05
5.985114443412421714e+00 1.523595197582046181e-05 -9.605617892469439303e-06 2.484156986737875793e-05
5.986225801491995568e+00 2.275541427788232190e-05 -6.043538513844569859e-06 2.879895279167498219e-05
5.987337159571568534e+00 2.706209092353567449e-05 -1.435096981545396878e-06 2.849718790355294516e-05
5.988448517651141501e+00 2.739994664767517879e-05 3.433356729132210488e-06 2.396658992180405404e-05
5.989559875730714467e+00 2.366104915472124382e-05 7.740040592929796833e-06 1.592100855673113494e-05
5.990671233810287433e+00 1.639890739624810014e-05 1.076398877887899355e-05 5.634918618540875031e-06
5.991782591889861287e+00 6.732904005339718201e-06 1.200381436552391240e-05 -5.270910365024137072e-06
5.992893949969434253e+00 -3.839374521246414844e-06 1.125953350432684538e-05 -1.509890803139285768e-05
5.994005308049008107e+00 -1.369006844479324879e-05 8.664163330665680392e-06 -2.235423177809114844e-05
5.995116666128581073e+00 -2.132773876978229536e-05 4.660126832308747317e-06 -2.598786560890873633e-05
5.996228024208154039e+00 -2.563860218652136544e-05 -7.540008294584636152e-08 -2.556320210544079405e-05
5.997339382287727005e+00 -2.606269278407790968e-05 -4.743678440360030225e-06 -2.131901434659333100e-05
5.998450740367299971e+00 -2.267646462049061466e-05 -8.557317391227587891e-06 -1.411914723632028167e-05
5.999562098446873826e+00 -1.616910827700365259e-05 -1.087091377906216849e-05 -5.298194499713644739e-06
6.000673456526447680e+00 -7.717611496033507571e-06 -1.128787801824185125e-05 3.570266521903137379e-06
6.001784814606020646e+00 1.217612954378848381e-06 -9.725896858296944085e-06 1.094350981848250825e-05
6.002896172685593612e+00 9.141656521790036320e-06 -6.430349933092290011e-06 1.557200645309673006e-05
6.004007530765166578e+00 1.477656036011502824e-05 -1.933599161078306744e-06 1.671015951179336228e-05
6.005118888844739544e+00 1.727311800687694352e-05 3.033011466923465279e-06 1.424010653901649972e-05
6.006230246924313398e+00 1.634779415186018319e-05 7.659840357229843750e-06 8.687953791995084419e-06
6.007341605003886364e+00 1.232228514229222579e-05 1.119236824055062199e-05 1.129916893922585058e-06
6.008452963083460219e+00 6.059716407082695500e-06 1.305535707700664118e-05 -6.995640672679232050e-06
6.009564321163033185e+00 -1.191114900514025931e-06 1.294732707207825616e-05 -1.413844197690095235e-05
6.010675679242606151e+00 -8.016600670524512163e-06 1.088986093845306023e-05 -1.890646161082629634e-05
6.011787037322179117e+00 -1.308652687140811799e-05 7.223709650466801589e-06 -2.031023652738468086e-05
6.012898395401752083e+00 -1.538731737071901678e-05 2.552440493567383054e-06 -1.793975786813243594e-05
6.014009753481325937e+00 -1.440056933010791893e-05 -2.357008021466766216e-06 -1.204356131137865012e-05
6.015121111560899791e+00 -1.019637743475131864e-05 -6.700435745069885943e-06 -3.495941692995335604e-06
6.016232469640472758e+00 -3.425312985583094132e-06 -9.768379161413473673e-06 6.343066177143141695e-06
6.017343827720045724e+00 4.789959533327821595e-06 -1.106229973370658444e-05 1.585225927148274525e-05
6.018455185799618690e+00 1.304546261932604067e-05 -1.037590879207035008e-05 2.342137140808252341e-05
6.019566543879191656e+00 1.989709127674023115e-05 -7.828345036688633097e-06 2.772543630807256670e-05
6.020677901958765510e+00 2.411150818577415574e-05 -3.843859504859044097e-06 2.795536769244138056e-05
6.021789260038338476e+00 2.488413252972131553e-05 9.185386823963742574e-07 2.396559384464830615e-05
6.022900618117912330e+00 2.198683700954406792e-05 5.673811577870453155e-06 1.631302543485239643e-05
6.024011976197485296e+00 1.581947984920744596e-05 9.640056709531702716e-06 6.179423140014776651e-06
6.025123334277058262e+00 7.355335365259752791e-06 1.216685183073319034e-05 -4.811516469620249971e-06
6.026234692356631228e+00 -2.011802322386864201e-06 1.284170949617003757e-05 -1.485351182271802566e-05
6.027346050436204195e+00 -1.069451462809206991e-05 1.155721479545583719e-05 -2.225172942496095796e-05
6.028457408515778049e+00 -1.717567974531021422e-05 8.527916678952715402e-06 -2.570359642418951050e-05
6.029568766595351015e+00 -2.026584676449585883e-05 4.254319770816919663e-06 -2.452016653811659222e-05
6.030680124674924869e+00 -1.931105979073623056e-05 -5.599841671861553860e-07 -1.875107562521135835e-05
6.031791482754497835e+00 -1.431583272347013931e-05 -5.124326316816828141e-06 -9.191506414823311555e-06
6.032902840834070801e+00 -5.959585548641442977e-06 -8.690985287443089692e-06 2.731399732978462915e-06
6.034014198913643767e+00 4.497824985318301272e-06 -1.067784438930190419e-05 1.517566937094823293e-05
6.035125556993217621e+00 1.540765085669335271e-05 -1.076356203768793220e-05 2.617121289169663939e-05
6.036236915072790588e+00 2.499094690019141099e-05 -8.939698080313925613e-06 3.393064498127538781e-05
6.037348273152364442e+00 3.162315691025906976e-05 -5.511344540838830560e-06 3.713450144641710477e-05
6.038459631231937408e+00 3.409865681378059432e-05 -1.046285082257167178e-06 3.514494189595470568e-05
6.039570989311510374e+00 3.183210781490454933e-05 3.718841776017671017e-06 2.811326603591244970e-05
6.040682347391083340e+00 2.496331813477511334e-05 7.999862572994705963e-06 1.696345556380900047e-05
6.041793705470656306e+00 1.434765485886012153e-05 1.109388562430877923e-05 3.253769229780002314e-06
6.042905063550230160e+00 1.432412530530591992e-06 1.249444798889047661e-05 -1.106203546260803945e-05
6.044016421629803126e+00 -1.196203121553813807e-05 1.197412436202900189e-05 -2.393615557940995670e-05
6.045127779709376981e+00 -2.392196356369235701e-05 9.621120151948603236e-06 -3.354308371448921227e-05
6.046239137788949947e+00 -3.273667037501924216e-05 5.823960865263586781e-06 -3.856063124221147299e-05
6.047350495868522913e+00 -3.716414752858146535e-05 1.206927136638366389e-06 -3.837107466495469560e-05
6.048461853948095879e+00 -3.662370418359992479e-05 -3.473035080972253450e-06 -3.315066910581135860e-05
6.049573212027669733e+00 -3.128457336193146064e-05 -7.450902233909898934e-06 -2.383367112479325826e-05
6.050684570107242699e+00 -2.203625980190862792e-05 -1.007914682968730045e-05 -1.195711297237089316e-05
6.051795928186816553e+00 -1.034531344605333654e-05 -1.093367749617717783e-05 5.883640491697653932e-07
6.052907286266389519e+00 1.978550325131768793e-06 -9.882804717751486484e-06 1.186135503885910508e-05
6.054018644345962485e+00 1.306949984388138642e-05 -7.108009457052542581e-06 2.017750929704348973e-05
6.055130002425535451e+00 2.129979388019891511e-05 -3.073236734455564091e-06 2.437303060917527802e-05
6.056241360505108418e+00 2.553402442100752016e-05 1.552101633048268413e-06 2.398192278575906673e-05
6.057352718584682272e+00 2.530276474609588586e-05 6.003642819943264360e-06 1.929912192780996343e-05
6.058464076664255238e+00 2.086804207568068858e-05 9.547864941279926896e-06 1.132017713440998418e-05
6.059575434743829092e+00 1.317054232177776771e-05 1.160245385679660377e-05 1.568088463386087402e-06
6.060686792823402058e+00 3.667565003382876299e-06 1.183149157744638252e-05 -8.163926575937236277e-06
6.061798150902975024e+00 -5.911630073226765546e-06 1.019990345300642738e-05 -1.611153352195838535e-05
6.062909508982547990e+00 -1.385314170271594470e-05 6.978337030722257824e-06 -2.083147873316879353e-05
6.064020867062120956e+00 -1.874165268684874327e-05 2.697813159905401789e-06 -2.143946584747851493e-05
6.065132225141694811e+00 -1.969356269569063646e-05 -1.938256210182904810e-06 -1.775530648334553690e-05
6.066243583221268665e+00 -1.650223822193915604e-05 -6.170105473745411296e-06 -1.033213274932817427e-05
6.067354941300841631e+00 -9.671905280921165463e-06 -9.306560849465240191e-06 -3.653444342051401087e-07
6.068466299380414597e+00 -3.348155511044331647e-07 -1.083833646045353677e-05 1.050352091183491830e-05
6.069577657459987563e+00 9.934737402494900896e-06 -1.052109574295465776e-05 2.045583314143559488e-05
6.070689015539560529e+00 1.937924884187612633e-05 -8.414714397053454247e-06 2.779396323708756852e-05
6.071800373619134383e+00 2.634758432975946177e-05 -4.872418550293122407e-06 3.122000287712622002e-05
6.072911731698707349e+00 2.956825607458403514e-05 -4.817297922391839456e-07 3.004998586924492016e-05
6.074023089778281204e+00 2.836200481722006561e-05 4.032932937253118335e-06 2.432907188330863540e-05
6.075134447857854170e+00 2.275914879248199424e-05 7.929866816314367801e-06 1.482928197513202193e-05
6.076245805937427136e+00 1.350258637970714031e-05 1.057217681056972000e-05 2.930409566687328386e-06
6.077357164017000102e+00 1.935831542093795796e-06 1.153225411455547223e-05 -9.596422574914666913e-06
6.078468522096573068e+00 -1.020597522309582886e-05 1.066150066440195545e-05 -2.086747589564063221e-05
6.079579880176146922e+00 -2.106851425704485834e-05 8.113921341976595695e-06 -2.918243560601889317e-05
6.080691238255720776e+00 -2.897045305080372967e-05 4.319824607407065110e-06 -3.329027765693288803e-05
6.081802596335293742e+00 -3.266850788094168175e-05 -8.590933142939950274e-08 -3.258259854881888752e-05
6.082913954414866708e+00 -3.155305597615342127e-05 -4.369069251781338524e-06 -2.718398673076486232e-05
6.084025312494439675e+00 -2.574324600857577519e-05 -7.817454381286180790e-06 -1.792579162533749517e-05
6.085136670574012641e+00 -1.606680993923794321e-05 -9.858301042965755931e-06 -6.208508900320618520e-06
6.086248028653586495e+00 -3.928353718823474826e-06 -1.015247079683511111e-05 6.224117074645330836e-06
6.087359386733159461e+00 8.912224346115881727e-06 -8.649946032363999791e-06 1.756217037329530466e-05
6.088470744812733315e+00 2.061524710281207375e-05 -5.597582295912040430e-06 2.621282939626703762e-05
6.089582102892306281e+00 2.954635758296232282e-05 -1.497944562142696845e-06 3.104430214541755492e-05
6.090693460971879247e+00 3.452565556221814317e-05 2.973892323936231253e-06 3.155176323479441300e-05
6.091804819051452213e+00 3.500149114671856354e-05 7.081795844000499184e-06 2.791969530145104622e-05
6.092916177131025179e+00 3.112201963333585523e-05 1.014987769871310709e-05 2.097214193003580046e-05
6.094027535210599034e+00 2.369436576197521898e-05 1.167366090064241496e-05 1.202070485832959788e-05
6.095138893290172888e+00 1.403949978229266456e-05 1.140283774310819461e-05 2.636662033890984974e-06
6.096250251369745854e+00 3.767717822252565749e-06 9.382057713041867727e-06 -5.614339891365443625e-06
6.097361609449318820e+00 -5.487779732841699138e-06 5.943119063873546050e-06 -1.143089879579570114e-05
6.098472967528891786e+00 -1.233532451485665362e-05 1.649947905348424989e-06 -1.398527242225238858e-05
6.099584325608464752e+00 -1.584416635341338435e-05 -2.794485827942242449e-06 -1.304968052638534202e-05
6.100695683688038606e+00 -1.568358977136172406e-05 -6.663922611654343772e-06 -9.019667161176170999e-06
6.101807041767611572e+00 -1.216008885713708082e-05 -9.328147233170497801e-06 -2.831941624417799161e-06
6.102918399847185427e+00 -6.147912227196518874e-06 -1.035626336461574545e-05 4.208351139653538557e-06
6.104029757926758393e+00 1.074084873274488744e-06 -9.586954129944631270e-06 1.066103899492371640e-05
6.105141116006331359e+00 8.050989612537396334e-06 -7.154242847983942418e-06 1.520523246341805675e-05
6.106252474085904325e+00 1.340690264553628502e-05 -3.464615774267815387e-06 1.687151842081019513e-05
6.107363832165477291e+00 1.608356019972253582e-05 8.706177485540173377e-07 1.521294244825960659e-05
6.108475190245051145e+00 1.552257312876695718e-05 5.136493041111850203e-06 1.038608008224863798e-05
6.109586548324624999e+00 1.176098664716976328e-05 8.632355863202307271e-06 3.128630784531962806e-06
6.110697906404197965e+00 5.424480315901859871e-06 1.078716610877339202e-05 -5.362685794856138818e-06
6.111809264483770932e+00 -2.380307812524012554e-06 1.125315802217459686e-05 -1.363346583572014640e-05
6.112920622563343898e+00 -1.025598429546990427e-05 9.962478301188227523e-06 -2.021846259755384203e-05
6.114031980642916864e+00 -1.675500618354856455e-05 7.137551376662609179e-06 -2.389255756326992151e-05
6.115143338722490718e+00 -2.063015120612497007e-05 3.253560817161868126e-06 -2.388371202492877853e-05
6.116254696802063684e+00 -2.105264570878520551e-05 -1.040673206997466472e-06 -2.001197250214522844e-05
6.117366054881637538e+00 -1.776109987719146964e-05 -5.030297644383789214e-06 -1.273080223108761231e-05
6.118477412961210504e+00 -1.111587388891318949e-05 -8.052718988477097927e-06 -3.063154902099740509e-06
6.119588771040783470e+00 -2.049214739470417538e-06 -9.607060320157676821e-06 7.557845575149124093e-06
6.120700129120356436e+00 8.081158970766312241e-06 -9.436745909387286534e-06 1.751790487881525453e-05
6.121811487199929402e+00 1.771123844996572933e-05 -7.571631958810786449e-06 2.528287040948605326e-05
6.122922845279503257e+00 2.532667864242109940e-05 -4.322788230194103751e-06 2.964946687682068531e-05
6.124034203359077111e+00 2.971325089200978231e-05 -2.308478595727709266e-07 2.994409874641433512e-05
6.125145561438650077e+00 3.016020811804520329e-05 4.023506353758966257e-06 2.613670176473371776e-05
6.126256919518223043e+00 2.658254560790121592e-05 7.732120828695884796e-06 1.885042477720516108e-05
6.127368277597796009e+00 1.954135281371629642e-05 1.027643162432385874e-05 9.264921185959718074e-06
6.128479635677368975e+00 1.015815069334477562e-05 1.122970227697285252e-05 -1.071551586210914135e-06
6.129590993756942829e+00 -6.344634892104932282e-08 1.042759406297467549e-05 -1.049104040884454273e-05
6.130702351836515795e+00 -9.480079962954657833e-06 7.995453920061320596e-06 -1.747553388276525837e-05
6.131813709916089650e+00 -1.657566595612467407e-05 4.327842556914083322e-06 -2.090350851214692741e-05
6.132925067995662616e+00 -2.020947125474335392e-05 2.369295370919997484e-08 -2.023316421244839540e-05
6.134036426075235582e+00 -1.980451039106680800e-05 -4.212207913140534091e-06 -1.559230248173560130e-05
6.135147784154808548e+00 -1.544507778979648747e-05 -7.685184646142931004e-06 -7.759893146464902862e-06
6.136259142234381514e+00 -7.866931965772855549e-06 -9.824995197675629266e-06 1.958063230120894222e-06
6.137370500313955368e+00 1.658893193880364212e-06 -1.027969907055206413e-05 1.193859226664159700e-05
6.138481858393529222e+00 1.153031118532267781e-05 -8.973637160331955658e-06 2.050394834709924478e-05
6.139593216473102189e+00 2.007365610188193968e-05 -6.119998888499411524e-06 2.619365498942923535e-05
6.140704574552675155e+00 2.581647656868857658e-05 -2.185923943320974491e-06 2.800240050902180836e-05
6.141815932632248121e+00 2.772936608450298109e-05 2.184111111676936179e-06 2.554525497173948205e-05
6.142927290711821087e+00 2.539739750452322197e-05 6.274019729957641346e-06 1.912337777013630558e-05
6.144038648791394941e+00 1.909300461084175295e-05 9.413569493290720495e-06 9.679435121610068546e-06
6.145150006870967907e+00 9.738040195426543762e-06 1.108829159506116118e-05 -1.350251399842579251e-06
6.146261364950541761e+00 -1.239336792788447690e-06 1.102379911293990881e-05 -1.226313590422705837e-05
6.147372723030114727e+00 -1.213024533996857345e-05 9.230693924368307680e-06 -2.136093926627638837e-05
6.148484081109687693e+00 -2.121702790532469505e-05 6.002723753295930669e-06 -2.721975165466314464e-05
6.149595439189260659e+00 -2.704786546963842381e-05 1.868530560541170922e-06 -2.891639603470072626e-05
6.150706797268833625e+00 -2.866984577071840691e-05 -2.495053400336743444e-06 -2.617479237534279981e-05
6.151818155348407480e+00 -2.578289879911970658e-05 -6.373905365942321565e-06 -1.940899343820219961e-05
6.152929513427981334e+00 -1.878972587310362094e-05 -9.133498804542003032e-06 -9.656227067609310621e-06
6.154040871507554300e+00 -8.733592144479987310e-06 -1.032260936482901629e-05 1.589017213416213381e-06
6.155152229587127266e+00 2.866090755111663503e-06 -9.746860354049367392e-06 1.261295111246496761e-05
6.156263587666700232e+00 1.425400549029586314e-05 -7.500099329053679853e-06 2.175410481652155324e-05
6.157374945746273198e+00 2.371642254571862401e-05 -3.948531870424856653e-06 2.766495442139036781e-05
6.158486303825847052e+00 2.985141605389435570e-05 3.297051097793027088e-07 2.952171094254959973e-05
6.159597661905420019e+00 3.178851203932129058e-05 4.639544385818731641e-06 2.714896765346105348e-05
6.160709019984993873e+00 2.932269930599795725e-05 8.282924616809519836e-06 2.103977468772929611e-05
6.161820378064566839e+00 2.294159807147365507e-05 1.067294557106303211e-05 1.226865249981606512e-05
6.162931736144139805e+00 1.374183649524961660e-05 1.142952607878299593e-05 2.312310415123822725e-06
6.164043094223712771e+00 3.248539337814196207e-06 1.044091986522121686e-05 -7.192380528585985483e-06
6.165154452303285737e+00 -6.832611670338672365e-06 7.881078077816420130e-06 -1.471368974829779722e-05
6.166265810382859591e+00 -1.489052904798006795e-05 4.180113687231220726e-06 -1.907064273987786000e-05
6.167377168462433445e+00 -1.966664485468590966e-05 -4.717377199960474287e-08 -1.961947107899862078e-05
6.168488526542006412e+00 -2.045414131873353448e-05 -4.102880130088031980e-06 -1.635126119152798018e-05
6.169599884621579378e+00 -1.720668457944991850e-05 -7.320933727082277945e-06 -9.885750850166362012e-06
6.170711242701152344e+00 -1.053962670330346803e-05 -9.176478135610526238e-06 -1.363148570644895656e-06
6.171822600780725310e+00 -1.624110529091315038e-06 -9.371742361990865306e-06 7.747631829954552236e-06
6.172933958860299164e+00 8.008165449208663354e-06 -7.884339881566634743e-06 1.589250533070309362e-05
6.174045316939872130e+00 1.671738870055047518e-05 -4.970139469126685623e-06 2.168752817190848275e-05
6.175156675019445984e+00 2.302403736374132771e-05 -1.120331759850410705e-06 2.414436912404220240e-05
6.176268033099018950e+00 2.584962586637145384e-05 3.020155251870926785e-06 2.282947061474672481e-05
6.177379391178591916e+00 2.469086749477221985e-05 6.759398136243716835e-06 1.793146935947954738e-05
6.178490749258164882e+00 1.969933089787337415e-05 9.472771630326427827e-06 1.022655926983890906e-05
6.179602107337737849e+00 1.165414305943272242e-05 1.070597639890676466e-05 9.481666577301425553e-07
6.180713465417311703e+00 1.832727156221587294e-06 1.024986616459883067e-05 -8.417139005900625768e-06
6.181824823496884669e+00 -8.198896288618653016e-06 8.174802395553502538e-06 -1.637369868917334131e-05
6.182936181576458523e+00 -1.684174459471968983e-05 4.818937318681871465e-06 -2.166068191621437221e-05
6.184047539656031489e+00 -2.272364180367695522e-05 7.324087755171961289e-07 -2.345605057845997940e-05
6.185158897735604455e+00 -2.492084426583193995e-05 -3.413323925986591649e-06 -2.150752033938359634e-05
6.186270255815177421e+00 -2.310565735465358990e-05 -6.936055328805024472e-06 -1.616960202938811029e-05
6.187381613894751275e+00 -1.759638854011936148e-05 -9.255118122435242802e-06 -8.341270417901064144e-06
6.188492971974324242e+00 -9.301999192796618897e-06 -9.986915053562171019e-06 6.849158593501837838e-07
6.189604330053898096e+00 4.289995037985843969e-07 -9.008011456770141024e-06 9.437010961980925856e-06
6.190715688133471062e+00 1.003030429676752264e-05 -6.475449166178866807e-06 1.650575346415807516e-05
6.191827046213044028e+00 1.797373264254931526e-05 -2.800981715023993696e-06 2.077471435653555215e-05
6.192938404292616994e+00 2.301739220485385680e-05 1.416497262812838577e-06 2.160089493980907116e-05
6.194049762372189960e+00 2.440566637936513142e-05 5.489199848765745925e-06 1.891646653093623101e-05
6.195161120451763814e+00 2.198862347827178459e-05 8.753207598734312486e-06 1.323541587816521605e-05
6.196272478531336780e+00 1.624175408946917481e-05 1.067723250780400483e-05 5.564521582933327376e-06
6.197383836610910635e+00 8.183309023272431501e-06 1.094953354102003440e-05 -2.766224524317229406e-06
6.198495194690483601e+00 -7.967518897033549910e-07 9.528754011077923935e-06 -1.032550590567940957e-05
6.199606552770056567e+00 -9.167796446770997071e-06 6.650383324011612780e-06 -1.581817978009505694e-05
6.200717910849629533e+00 -1.551144758470600712e-05 2.787838170115919834e-06 -1.829928575760723556e-05
6.201829268929203387e+00 -1.875487051133321436e-05 -1.425395789125782503e-06 -1.732947472062785856e-05
6.202940627008776353e+00 -1.834626381593608378e-05 -5.299742352270123628e-06 -1.304652146333822531e-05
6.204051985088350207e+00 -1.434399100520151305e-05 -8.202548500258930340e-06 -6.141442502688787279e-06
6.205163343167923173e+00 -7.405030965614025859e-06 -9.661592451972312294e-06 2.256561489193871528e-06
6.206274701247496139e+00 1.325037646876377976e-06 -9.442132811766952227e-06 1.076717046010598500e-05
6.207386059327069106e+00 1.040217818697467613e-05 -7.584911627674665066e-06 1.798708981507924514e-05
6.208497417406642072e+00 1.832274324771449156e-05 -4.398947622631875239e-06 2.272169087499007162e-05
6.209608775486215926e+00 2.377170255926665639e-05 -4.103793948032950492e-07 2.418208195159438203e-05
6.210720133565788892e+00 2.583948010449114394e-05 3.724177541358280974e-06 2.211530255961997762e-05
6.211831491645362746e+00 2.417185710558039408e-05 7.325492840435438321e-06 1.684636426284428807e-05
6.212942849724935712e+00 1.902843096881625209e-05 9.803082675863409635e-06 9.225348293277879489e-06
6.214054207804508678e+00 1.124014350323276901e-05 1.075181010115816331e-05 4.883334068523102799e-07
6.215165565884081644e+00 2.072939568560953975e-06 1.001791941748928675e-05 -7.944979851533428341e-06
6.216276923963655499e+00 -6.980017473104110773e-06 7.723742021859907975e-06 -1.470375949336457321e-05
6.217388282043228465e+00 -1.444347407299281054e-05 4.247108772272778931e-06 -1.869058284012079012e-05
6.218499640122802319e+00 -1.910237888423759053e-05 1.589380840702443932e-07 -1.926131697251384648e-05
6.219610998202375285e+00 -2.020165335683843795e-05 -3.870680980171284557e-06 -1.633097237758783670e-05
6.220722356281948251e+00 -1.757073463226930949e-05 -7.182447917371979718e-06 -1.038828671304996531e-05
6.221833714361521217e+00 -1.165249708857165603e-05 -9.235792977899393968e-06 -2.416704109417418324e-06
6.222945072441094183e+00 -3.431789873465159065e-06 -9.697113888478887294e-06 6.265324015279859205e-06
6.224056430520668037e+00 5.724780758132670444e-06 -8.493889873174950535e-06 1.421867062466155822e-05
6.225167788600241003e+00 1.429171877395208972e-05 -5.825884460628478487e-06 2.011760323141434126e-05
6.226279146679814858e+00 2.083384123387152520e-05 -2.131706201462791067e-06 2.296554743314062883e-05
6.227390504759387824e+00 2.424121901555709456e-05 1.983678156913852961e-06 2.225754085735227953e-05
6.228501862838960790e+00 2.391159716129753819e-05 5.848492663608290947e-06 1.806310449212711900e-05
6.229613220918533756e+00 1.985059020337231447e-05 8.834368515302815862e-06 1.101622168338891483e-05
6.230724578998106722e+00 1.267333226688466599e-05 1.045912379687607334e-05 2.214208471751339226e-06
6.231835937077680576e+00 3.507273131896818487e-06 1.046526832517008736e-05 -6.957995194962389787e-06
6.232947295157254430e+00 -6.188141672982883968e-06 8.861421155232218486e-06 -1.504956283547466270e-05
6.234058653236827396e+00 -1.485571013159335963e-05 5.919947353967567424e-06 -2.077565748664661238e-05
6.235170011316400362e+00 -2.109073108290621877e-05 2.131323523720184811e-06 -2.322205460145859712e-05
6.236281369395973329e+00 -2.386684596349629428e-05 -1.877156504520746306e-06 -2.198968945908639621e-05
6.237392727475546295e+00 -2.270104883485369053e-05 -5.444889312668702376e-06 -1.725615952262942549e-05
6.238504085555120149e+00 -1.773136358467743769e-05 -7.986623084014736885e-06 -9.744740501349054989e-06
6.239615443634693115e+00 -9.694860572756724667e-06 -9.088409468095579331e-06 -6.064511064127264611e-07
6.240726801714266969e+00 1.901868804870915331e-07 -8.575115687694412974e-06 8.765302568311742599e-06
6.241838159793839935e+00 1.041874899906718947e-05 -6.538477630794443756e-06 1.695722663034760652e-05
6.242949517873412901e+00 1.943854828229292508e-05 -3.321184959690961866e-06 2.275973324509473149e-05
6.244060875952985867e+00 2.589595397221771734e-05 5.402747192434931983e-07 2.535567925379988475e-05
6.245172234032558833e+00 2.884874125226845413e-05 4.404514054491234514e-06 2.444422719444466589e-05
6.246283592112132688e+00 2.791174029440446987e-05 7.631192333943219384e-06 2.028054796318397860e-05
6.247394950191706542e+00 2.331241471994670788e-05 9.686546343862166463e-06 1.362586837956964662e-05
6.248506308271279508e+00 1.584807688644340073e-05 1.023114835150750818e-05 5.616928536430776950e-06
6.249617666350852474e+00 6.752371284496622562e-06 9.175492619331448313e-06 -2.423121333698846148e-06
6.250729024430425440e+00 -2.506747743560157435e-06 6.694330869562947910e-06 -9.201078613124799411e-06
6.251840382509998406e+00 -1.046442107638523983e-05 3.197477648271150182e-06 -1.366189872541745759e-05
6.252951740589572260e+00 -1.589308017110644631e-05 -7.380319885125152414e-07 -1.515504817918913327e-05
6.254063098669145226e+00 -1.799567560694702111e-05 -4.463204921123897474e-06 -1.353247068476324147e-05
6.255174456748719081e+00 -1.652712416832228769e-05 -7.364057409549209722e-06 -9.163066754060460243e-06
6.256285814828292047e+00 -1.182505701928756570e-05 -8.962676006144858901e-06 -2.862381010088206037e-06
6.257397172907865013e+00 -4.745834206018810210e-06 -8.995761867251575743e-06 4.249927665388746241e-06
6.258508530987437979e+00 3.482793764484203594e-06 -7.457777758792379822e-06 1.094057152482270738e-05
6.259619889067010945e+00 1.146753760075132068e-05 -4.601656253499727356e-06 1.606919385295426601e-05
6.260731247146584799e+00 1.787979870103429525e-05 -8.970136488132016124e-07 1.877681235010584149e-05
6.261842605226158653e+00 2.167247287772967166e-05 3.047203091237416253e-06 1.862526978961202937e-05
6.262953963305731619e+00 2.224805188375201587e-05 6.582876519794568740e-06 1.566517536285377167e-05
6.264065321385304586e+00 1.955102267305212902e-05 9.129199847378544698e-06 1.042182282511151697e-05
6.265176679464877552e+00 1.407017455159319675e-05 1.026798114435062673e-05 3.802193407699844144e-06
6.266288037544450518e+00 6.751308055549578853e-06 9.812136557811132289e-06 -3.060828500624403073e-06
6.267399395624024372e+00 -1.164477996389659553e-06 7.836166710041175311e-06 -9.000644706074125573e-06
6.268510753703597338e+00 -8.349654879647818616e-06 4.663670956584711096e-06 -1.301332583836387128e-05
6.269622111783171192e+00 -1.361148302297817108e-05 8.140154502516984788e-07 -1.442549847787833725e-05
6.270733469862744158e+00 -1.608901122098005531e-05 -3.083027913800070786e-06 -1.300598330985890325e-05
6.271844827942317124e+00 -1.539352987158080935e-05 -6.390613394584171040e-06 -9.002916476344055327e-06
6.272956186021890090e+00 -1.166968784146382983e-05 -8.569142247625434179e-06 -3.100545594061219530e-06
6.274067544101463056e+00 -5.567704726062461544e-06 -9.264460141650844154e-06 3.696755413575090327e-06
6.275178902181036911e+00 1.868168451016956089e-06 -8.365497372895402752e-06 1.023366582586470033e-05
6.276290260260610765e+00 9.375996929461547272e-06 -6.021960404140308515e-06 1.539795733793897280e-05
6.277401618340183731e+00 1.568777722947702720e-05 -2.619256719388704981e-06 1.830703395035776970e-05
6.278512976419756697e+00 1.974109714582512941e-05 1.285142707669851659e-06 1.845595444031485982e-05
6.279624334499329663e+00 2.085577508907230022e-05 5.053381529503039307e-06 1.580239355585467585e-05
6.280735692578902629e+00 1.884634041226852547e-05 8.071837984827790147e-06 1.077450242619373003e-05
6.281847050658476483e+00 1.405193150154383233e-05 9.851499091349888792e-06 4.200432409754955155e-06
6.282958408738049449e+00 7.278897171631481589e-06 1.010763827842882202e-05 -2.828741105779813308e-06
6.284069766817623304e+00 -3.341735657339699791e-07 8.805780974346469775e-06 -9.139954539237584374e-06
6.285181124897196270e+00 -7.506478046814768853e-06 6.166506463258265852e-06 -1.367298450744909604e-05
6.286292482976769236e+00 -1.302852564194818903e-05 2.628408339529719131e-06 -1.565693397735442726e-05
6.287403841056342202e+00 -1.596378993815362560e-05 -1.224594835554033767e-06 -1.473919509928616199e-05
6.288515199135915168e+00 -1.580513827021530710e-05 -4.759570730528903939e-06 -1.104556753885961599e-05
6.289626557215489022e+00 -1.256020107006545225e-05 -7.398630940713450544e-06 -5.161570129318015357e-06
6.290737915295062876e+00 -6.751595706590457523e-06 -8.713628596837123366e-06 1.962032893625197360e-06
6.291849273374635843e+00 6.680297667319135251e-07 -8.495970345941377121e-06 9.164000117286425200e-06
6.292960631454208809e+00 8.472139179938556220e-06 -6.790144319436207512e-06 1.526228350488633936e-05
6.294071989533781775e+00 1.536193192051701027e-05 -3.885555030067842512e-06 1.924748694568411328e-05
6.295183347613354741e+00 2.018028270741068370e-05 -2.681195526009730632e-07 2.044840226062134261e-05
6.296294705692928595e+00 2.210282226907159774e-05 3.460312859745513390e-06 1.864250940958846805e-05
6.297406063772501561e+00 2.077476212837799986e-05 6.681388237874934734e-06 1.409337389500761513e-05
6.298517421852075415e+00 1.637098315818968089e-05 8.862128590193588514e-06 7.508854570761865017e-06
6.299628779931648381e+00 9.569506625334457125e-06 9.642508829818427114e-06 -7.300220544306708923e-08
6.300740138011221347e+00 1.442662178182936659e-06 8.894364591582102120e-06 -7.451702412223797133e-06
6.301851496090794313e+00 -6.716261701603673875e-06 6.742012620336932375e-06 -1.345827431976550357e-05
6.302962854170367279e+00 -1.360256097949996375e-05 3.541282306227257098e-06 -1.714384328027094504e-05
6.304074212249941134e+00 -1.811164589088553120e-05 -1.794980218492573157e-07 -1.793214786665310603e-05
6.305185570329514988e+00 -1.951806729839294463e-05 -3.806769588239642484e-06 -1.571129771267575610e-05
6.306296928409087954e+00 -1.759291142168737949e-05 -6.742852670181551244e-06 -1.085005875213119437e-05
6.307408286488660920e+00 -1.264053792270947274e-05 -8.504240003485591482e-06 -4.136297919262439893e-06
6.308519644568233886e+00 -5.448829969282041651e-06 -8.800917037433793268e-06 3.352087071912469483e-06
6.309631002647806852e+00 2.838766991564212926e-06 -7.583707243728057888e-06 1.042247423621651590e-05
6.310742360727380706e+00 1.090841903192134202e-05 -5.051926573487994750e-06 1.596034560387163485e-05
6.311853718806953673e+00 1.748803488621573487e-05 -1.620174057326857290e-06 1.910820894773065297e-05
6.312965076886527527e+00 2.155180675727668999e-05 2.150192956098497691e-06 1.940161380230008320e-05
6.314076434966100493e+00 2.248397240500461629e-05 5.643555844078099797e-06 1.684041656010983951e-05
6.315187793045673459e+00 2.017537597645532095e-05 8.291243987428960273e-06 1.188413198852092596e-05
6.316299151125246425e+00 1.503745766220897782e-05 9.664796945531484821e-06 5.372660723684493430e-06
6.317410509204819391e+00 7.931817114598208604e-06 9.545963303946895730e-06 -1.614146191838425277e-06
6.318521867284393245e+00 2.725517504430094917e-08 7.961978861915257680e-06 -7.934723682930002112e-06
6.319633225363967099e+00 -7.392040847721716287e-06 5.180401620961506843e-06 -1.257244246536474964e-05
6.320744583443540066e+00 -1.313566462571785129e-05 1.664444829952216216e-06 -1.480010945255032912e-05
6.321855941523113032e+00 -1.629933984009548480e-05 -2.003755800082505193e-06 -1.429558403854010959e-05
6.322967299602685998e+00 -1.640921413486803870e-05 -5.219246296294293290e-06 -1.118996783868802202e-05
6.324078657682258964e+00 -1.349487876488532541e-05 -7.453876304700418664e-06 -6.041002453990488731e-06
6.325190015761832818e+00 -8.079666181489409652e-06 -8.343039877382960661e-06 2.633736956310792158e-07
6.326301373841405784e+00 -1.090363854853769541e-06 -7.745290004721610172e-06 6.654926151071943705e-06
6.327412731920979638e+00 6.298355440324870859e-06 -5.765074440094606492e-06 1.206342988084757627e-05
6.328524090000552604e+00 1.285889487217060500e-05 -2.734928523456679172e-06 1.559382339777080819e-05
6.329635448080125570e+00 1.751289564768474869e-05 8.398602999676954149e-07 1.667303535219393475e-05
6.330746806159698536e+00 1.950741928938478227e-05 4.364931493871619898e-06 1.514248779670248048e-05
6.331858164239271503e+00 1.853641452262535516e-05 7.255042230784599078e-06 1.128137229127914698e-05
6.332969522318845357e+00 1.478787071077774582e-05 9.030575822236943227e-06 5.757294886641312574e-06
6.334080880398419211e+00 8.909359158440681659e-06 9.396480307253296288e-06 -4.871211476616832013e-07
6.335192238477992177e+00 1.898100439281682594e-06 8.290670086163162472e-06 -6.392569643332079792e-06
6.336303596557565143e+00 -5.065946255677533010e-06 5.893972428092033686e-06 -1.095991868391668107e-05
6.337414954637138109e+00 -1.081621080470564420e-05 2.600043680963271003e-06 -1.341625448077036781e-05
6.338526312716711075e+00 -1.439243842946566907e-05 -1.049728656909934526e-06 -1.334270977027599873e-05
6.339637670796284930e+00 -1.519868214963726884e-05 -4.455567089181013166e-06 -1.074311506334116095e-05
6.340749028875857896e+00 -1.310052580246884245e-05 -7.058144703278281959e-06 -6.042381096108555727e-06
6.341860386955431750e+00 -8.445816737500057476e-06 -8.430640976898296862e-06 -1.517575838792311553e-08
6.342971745035004716e+00 -2.005833988745713800e-06 -8.348870128513765157e-06 6.343036143937266108e-06
6.344083103114577682e+00 5.153080206586790793e-06 -6.827970444710604352e-06 1.198105065374032964e-05
6.345194461194150648e+00 1.184600935851886445e-05 -4.119662513685976821e-06 1.596567187441747090e-05
6.346305819273723614e+00 1.696483663555147582e-05 -6.705810471077107738e-07 1.763541768284782507e-05
6.347417177353297468e+00 1.966028768137542378e-05 2.951411210020428772e-06 1.670887647196828244e-05
6.348528535432870434e+00 1.948075935227158316e-05 6.150761356790401645e-06 1.332999800118155401e-05
6.349639893512444289e+00 1.644528574963457568e-05 8.402201437775136600e-06 8.043084310040181720e-06
6.350751251592017255e+00 1.103892097226559114e-05 9.337038196444097458e-06 1.701882781998129086e-06
6.351862609671590221e+00 4.131630296234677427e-06 8.803579784696866095e-06 -4.671949486658960555e-06
6.352973967751163187e+00 -3.165647054117498327e-06 6.891795692563018421e-06 -1.005744274321758517e-05
6.354085325830737041e+00 -9.683823996493086411e-06 3.918202602390413515e-06 -1.360202659466906971e-05
6.355196683910310007e+00 -1.438715106051684765e-05 3.735157395866738927e-07 -1.476066679694044482e-05
6.356308041989883861e+00 -1.654184130554199603e-05 -3.158275078257511060e-06 -1.338356622428098406e-05
6.357419400069456827e+00 -1.583422042680000328e-05 -6.096058754641098116e-06 -9.738161668875214229e-06
6.358530758149029793e+00 -1.241921908500308671e-05 -7.957154357481120797e-06 -4.462064728290223106e-06
6.359642116228602760e+00 -6.891581001511755514e-06 -8.436550896508204103e-06 1.544969897199886217e-06
6.360753474308175726e+00 -1.849232448122153992e-07 -7.456829923726837842e-06 7.271906685144747975e-06
6.361864832387749580e+00 6.584352210969350518e-06 -5.180604066137455799e-06 1.176495627889530791e-05
6.362976190467322546e+00 1.230228665520400060e-05 -1.983478755305145162e-06 1.428576540910500992e-05
6.364087548546896400e+00 1.604103631186427296e-05 1.607962944987176182e-06 1.443307336989311005e-05
6.365198906626469366e+00 1.721068805635198211e-05 5.002909302856252966e-06 1.220777875215973287e-05
6.366310264706042332e+00 1.565431254329787233e-05 7.643508773988673922e-06 8.010803770215189928e-06
6.367421622785615298e+00 1.167082960947950733e-05 9.096509809025762051e-06 2.574319802763717631e-06
6.368532980865189153e+00 5.962253306563734616e-06 9.124298396614068118e-06 -3.162045092208214309e-06
6.369644338944762119e+00 -4.856020324883414071e-07 7.723688722983863299e-06 -8.209290753325741903e-06
6.370755697024335973e+00 -6.568907475353324570e-06 5.126139700396411789e-06 -1.169504717377969612e-05
6.371867055103908939e+00 -1.125042878923116464e-05 1.759419167440345546e-06 -1.300984795059097237e-05
6.372978413183481905e+00 -1.373228032387383444e-05 -1.822926773254764190e-06 -1.190935355263088446e-05
6.374089771263054871e+00 -1.358820689360723633e-05 -5.032661047813445498e-06 -8.555545845245524192e-06
6.375201129342627837e+00 -1.083357586426692256e-05 -7.343501548633517306e-06 -3.490074317200107887e-06
6.376312487422201691e+00 -5.921645657943908216e-06 -8.377438280650734319e-06 2.455792619672488117e-06
6.377423845501774657e+00 3.330694615076330997e-07 -7.966557189077657372e-06 8.299626648204900886e-06
6.378535203581348512e+00 6.891432380024175094e-06 -6.180254114387713374e-06 1.307168649408980927e-05
6.379646561660921478e+00 1.266348398524090612e-05 -3.313426179840208933e-06 1.597691016571229944e-05
6.380757919740494444e+00 1.669046237276882724e-05 1.623524734696715028e-07 1.652810989083581937e-05
6.381869277820067410e+00 1.830477208130567419e-05 3.676584662998505025e-06 1.462818741653007921e-05
6.382980635899641264e+00 1.724133546385747770e-05 6.653707984377916965e-06 1.058762748057925430e-05
6.384091993979214230e+00 1.368185603496291955e-05 8.607606566963331277e-06 5.074249472099214182e-06
6.385203352058788084e+00 8.224666367740786929e-06 9.221246526032578065e-06 -9.965801534573912469e-07
6.386314710138361050e+00 1.785185251310752080e-06 8.398377007047920097e-06 -6.613191753269017346e-06
6.387426068217934017e+00 -4.556485186857306359e-06 6.278852822309750100e-06 -1.083533801150354094e-05
6.388537426297506983e+00 -9.735526688133951950e-06 3.215128577225871226e-06 -1.295065526655804784e-05
6.389648784377079949e+00 -1.288006542858439693e-05 -2.861396275650960887e-07 -1.259392580029721308e-05
6.390760142456653803e+00 -1.345703176192922435e-05 -3.647720703482080819e-06 -9.809311059014733111e-06
6.391871500536226769e+00 -1.136197348360207384e-05 -6.316869576767791528e-06 -5.045103904190915257e-06
6.392982858615800623e+00 -6.937844283031316189e-06 -7.856174036984158793e-06 9.183297534914637583e-07
6.394094216695373589e+00 -9.195359322805683885e-07 -8.015259518803369298e-06 7.095723590014050490e-06
6.395205574774946555e+00 5.686796012394840021e-06 -6.771597457892360308e-06 1.245839347291296181e-05
6.396316932854519521e+00 1.176976438396159884e-05 -4.333763257558519052e-06 1.610352763956519296e-05
6.397428290934092487e+00 1.629676840107557441e-05 -1.106675467767564715e-06 1.740344386407249329e-05
6.398539649013666342e+00 1.848561690213603031e-05 2.375400266800784592e-06 1.611021663481960721e-05
6.399651007093240196e+00 1.793537570742939776e-05 5.537008548841778565e-06 1.239836715894317398e-05
6.400762365172813162e+00 1.469474376847173006e-05 7.856288210561940152e-06 6.838455559907215573e-06
6.401873723252386128e+00 9.256530754979202890e-06 8.950783188229432771e-06 3.057475658887543520e-07
6.402985081331959094e+00 2.478966372767058522e-06 8.640182144325462573e-06 -6.161215764377770332e-06
6.404096439411532060e+00 -4.553376429936079235e-06 6.975705833952981799e-06 -1.152908226021412050e-05
6.405207797491105914e+00 -1.070631226862570697e-05 4.231362535068376725e-06 -1.493767480015693763e-05
6.406319155570678880e+00 -1.498146743596978769e-05 8.585699438165478572e-07 -1.584003737689750681e-05
6.407430513650252735e+00 -1.667998106164525634e-05 -2.588336475522457254e-06 -1.409164458941281566e-05
6.408541871729825701e+00 -1.551759528859425729e-05 -5.543413498707646677e-06 -9.974181790896455153e-06
6.409653229809398667e+00 -1.167220536071336161e-05 -7.522197334755863849e-06 -4.150008021238220661e-06
6.410764587888971633e+00 -5.756004120368338360e-06 -8.201258420848872794e-06 2.445254303499944310e-06
6.411875945968544599e+00 1.283286443057561090e-06 -7.471163417148574132e-06 8.754449863069157405e-06
6.412987304048118453e+00 8.315981094690451185e-06 -5.454176912302448693e-06 1.377015801079099392e-05
6.414098662127692307e+00 1.421370335562330397e-05 -2.483846292741015385e-06 1.669754965032477288e-05
6.415210020207265273e+00 1.803241367146250166e-05 9.501154958766824922e-07 1.708229817799470930e-05
6.416321378286838240e+00 1.916529685469278141e-05 4.282534782994127249e-06 1.488276207566476396e-05
6.417432736366411206e+00 1.744056731164957098e-05 6.965762947889069316e-06 1.047480436868891289e-05
6.418544094445984172e+00 1.314829029849868994e-05 8.559638788424112633e-06 4.588651506771252147e-06
6.419655452525558026e+00 6.991949512747983411e-06 8.803644804450244790e-06 -1.811695287469918957e-06
6.420766810605130992e+00 -2.718249573170693038e-08 7.659425796050134047e-06 -7.686608291535642381e-06
6.421878168684704846e+00 -6.773835682866213902e-06 5.316729654916696807e-06 -1.209056533271002869e-05
6.422989526764277812e+00 -1.216381106338173775e-05 2.161854614656118822e-06 -1.432566567865441355e-05
6.424100884843850778e+00 -1.534001518011942835e-05 -1.286147766234599865e-06 -1.405386741148283829e-05
6.425212242923423744e+00 -1.581070315207657568e-05 -4.460972781796233402e-06 -1.134973037190394011e-05
6.426323601002996710e+00 -1.352743295016040068e-05 -6.842174891868445070e-06 -6.685258058107349858e-06
6.427434959082570565e+00 -8.890177340173282178e-06 -8.040573829436791571e-06 -8.496035070349091929e-07
6.428546317162144419e+00 -2.679020979218205926e-06 -7.861929488847538083e-06 5.182908508245097362e-06
6.429657675241717385e+00 4.076083359822313260e-06 -6.338457720465378015e-06 1.041454107956618438e-05
6.430769033321290351e+00 1.026588795732734401e-05 -3.723064814536590746e-06 1.398895277398605892e-05
6.431880391400863317e+00 1.488457709744527929e-05 -4.473173665947717510e-07 1.533189446440992153e-05
6.432991749480436283e+00 1.719455967823462996e-05 2.949874416955637674e-06 1.424468525673738205e-05
6.434103107560010137e+00 1.684627084428477552e-05 5.911078242835776399e-06 1.093519260109268709e-05
6.435214465639583103e+00 1.393340953113575930e-05 7.952026317292359262e-06 5.981383214983284458e-06
6.436325823719156958e+00 8.974724765255507242e-06 8.741081775148787800e-06 2.336429913782293974e-07
6.437437181798729924e+00 2.825590613148225934e-06 8.153436147243524180e-06 -5.327845539602545533e-06
6.438548539878302890e+00 -3.465816622217609828e-06 6.291168398926113569e-06 -9.756985019284270932e-06
6.439659897957875856e+00 -8.833818186923870407e-06 3.465927500398155828e-06 -1.229974568655978383e-05
6.440771256037448822e+00 -1.237293619655898601e-05 1.471553605623675196e-07 -1.252009155925234570e-05
6.441882614117022676e+00 -1.348858011072757586e-05 -3.115567940610033165e-06 -1.037301217120051709e-05
6.442993972196596530e+00 -1.199579943725052181e-05 -5.783230558211611757e-06 -6.212568880982516936e-06
6.444105330276169497e+00 -8.149800038988859951e-06 -7.416193639032429228e-06 -7.336064012586591759e-07
6.445216688355742463e+00 -2.603214865146381634e-06 -7.746477637321860188e-06 5.143262772356071061e-06
6.446328046435315429e+00 3.702762580688706117e-06 -6.721654490934555414e-06 1.042441707090638960e-05
6.447439404514888395e+00 9.695342957488384825e-06 -4.513161251848229368e-06 1.420850421123349196e-05
6.448550762594462249e+00 1.434920184741619663e-05 -1.487717436442369627e-06 1.583691928218179212e-05
6.449662120674035215e+00 1.685798124448517914e-05 1.853396255320015381e-06 1.500458498863540733e-05
6.450773478753609069e+00 1.676980103259758119e-05 4.957156260849640848e-06 1.181264477233764129e-05
6.451884836833182035e+00 1.406427838204082095e-05 7.310045481854239947e-06 6.754232896994655081e-06
6.452996194912755001e+00 9.158193180150447530e-06 8.522696880892531595e-06 6.354962971247346082e-07
6.454107552992327967e+00 2.838706210190209615e-06 8.394000205176050099e-06 -5.555293991951016302e-06
6.455218911071900934e+00 -3.865002920211816527e-06 6.944137427880354865e-06 -1.080914034932120603e-05
6.456330269151474788e+00 -9.850633697047929275e-06 4.411138724626616626e-06 -1.426177241973372745e-05
6.457441627231048642e+00 -1.412442937133339022e-05 1.211560884308741770e-06 -1.533599025114556992e-05
6.458552985310621608e+00 -1.596568750663564029e-05 -2.128205734785978025e-06 -1.383748176731671039e-05
6.459664343390194574e+00 -1.504696141649394377e-05 -5.058668559093496696e-06 -9.988292854151812296e-06
6.460775701469767540e+00 -1.149004174045496797e-05 -7.097712189645743078e-06 -4.392329547674669361e-06
6.461887059549340506e+00 -5.848333086365471354e-06 -7.909932673351908843e-06 2.061599591700953417e-06
6.462998417628914360e+00 9.816743827560250695e-07 -7.361781333376053320e-06 8.343455716207210212e-06
6.464109775708487327e+00 7.905484340791028294e-06 -5.543464685968608497e-06 1.344894902568830359e-05
6.465221133788061181e+00 1.380855613456361967e-05 -2.754023875524340196e-06 1.656258001706762740e-05
6.466332491867634147e+00 1.773804411022882803e-05 5.479233789094857158e-07 1.719012073002719525e-05
6.467443849947207113e+00 1.905854375989698900e-05 3.819650285794620251e-06 1.523889347913256031e-05
6.468555208026780079e+00 1.755629228476929005e-05 6.523567256291734573e-06 1.103272503126192134e-05
6.469666566106353045e+00 1.347468060219236168e-05 8.215562106264331167e-06 5.259118494568776412e-06
6.470777924185926899e+00 7.475170978979759186e-06 8.617911994810822495e-06 -1.142741012665270892e-06
6.471889282265500754e+00 5.299195327090715224e-07 7.664795124631104310e-06 -7.134875591041975719e-06
6.473000640345073720e+00 -6.236409719158475117e-06 5.512946036865235582e-06 -1.174935575639654919e-05
6.474111998424646686e+00 -1.172982238128971713e-05 2.515735178319642102e-06 -1.424555755874147572e-05
6.475223356504219652e+00 -1.506524056122663494e-05 -8.350330674440784517e-07 -1.423020749290181163e-05
6.476334714583792618e+00 -1.571068769594479678e-05 -3.990008452641919342e-06 -1.172067924130397286e-05
6.477446072663366472e+00 -1.357383848018148294e-05 -6.432555163671259343e-06 -7.141283318506901333e-06
6.478557430742939438e+00 -9.016780006629213667e-06 -7.763544293974483377e-06 -1.253235711265237115e-06
6.479668788822513292e+00 -2.796566243330331081e-06 -7.766752887202311065e-06 4.970186646112839527e-06
6.480780146902086258e+00 4.058720139729655454e-06 -6.444145939934661625e-06 1.050286608013192670e-05
6.481891504981659224e+00 1.041814362616704496e-05 -4.015278452374498348e-06 1.443342208312557381e-05
6.483002863061232190e+00 1.523284244860095030e-05 -8.809566333366827163e-07 1.611379908583093144e-05
6.484114221140805157e+00 1.770749228853587566e-05 2.442830191449251951e-06 1.526466209955372618e-05
6.485225579220379011e+00 1.743029859550585220e-05 5.409817715907905243e-06 1.202048088431217828e-05
6.486336937299952865e+00 1.444029849271446348e-05 7.533242862982957154e-06 6.907055630226513227e-06
6.487448295379525831e+00 9.221008901726658017e-06 8.465732829236361661e-06 7.552760709585456904e-07
6.488559653459098797e+00 2.621493139415323980e-06 8.056193882922681973e-06 -5.434700743392070033e-06
6.489671011538671763e+00 -4.282222504393318641e-06 6.374381543696897178e-06 -1.065660404950732396e-05
6.490782369618244729e+00 -1.036271616942278676e-05 3.699154925850250778e-06 -1.406187108688538949e-05
6.491893727697818584e+00 -1.462503655581722108e-05 4.723894319820851616e-07 -1.509742598443533586e-05
6.493005085777391550e+00 -1.636885124956210776e-05 -2.773838396368530873e-06 -1.359501285347111994e-05
6.494116443856965404e+00 -1.530243870692543244e-05 -5.504798360521403187e-06 -9.797640343124956343e-06
6.495227801936538370e+00 -1.158998064333127223e-05 -7.270985488819202209e-06 -4.318995152378172952e-06
6.496339160016111336e+00 -5.824521369727335971e-06 -7.781893001536312784e-06 1.957371631720836259e-06
6.497450518095684302e+00 1.068889698895591388e-06 -6.953577557717251001e-06 8.022467259246870909e-06
6.498561876175257268e+00 7.983966414941342924e-06 -4.922235716864767733e-06 1.290620213239489935e-05
6.499673234254831122e+00 1.381318304043980454e-05 -2.021604034525430915e-06 1.583478708014347651e-05
6.500784592334404977e+00 1.762758835542416002e-05 1.272059175994895143e-06 1.635552918448860961e-05
6.501895950413977943e+00 1.882711120261144460e-05 4.418331866285937026e-06 1.440877933773383792e-05
6.503007308493550909e+00 1.723690593752719407e-05 6.901425432638144073e-06 1.033548050734106469e-05
6.504118666573123875e+00 1.313415183284033391e-05 8.314822631003743918e-06 4.819329203720079560e-06
6.505230024652696841e+00 7.201111444519642832e-06 8.427860475530972879e-06 -1.226749029180102413e-06
6.506341382732270695e+00 4.123094778560773793e-07 7.223346793852626501e-06 -6.811037310834461831e-06
6.507452740811843661e+00 -6.125559387230621251e-06 4.900071941390819801e-06 -1.102563132297233438e-05
6.508564098891417515e+00 -1.135470779234716598e-05 1.839851968941412104e-06 -1.319455975869850549e-05
6.509675456970990481e+00 -1.443866543917442189e-05 -1.455433866538679813e-06 -1.298323157272707299e-05
6.510786815050563447e+00 -1.489786277085476928e-05 -4.446427100723488905e-06 -1.045143566974437606e-05
6.511898173130136414e+00 -1.268632536906448547e-05 -6.644902813213046194e-06 -6.041422552165284023e-06
6.513009531209709380e+00 -8.197107752797383267e-06 -7.693847110551902034e-06 -5.032606391432857442e-07
6.514120889289283234e+00 -2.195791412904952197e-06 -7.425857865521021257e-06 5.230066454128186348e-06
6.515232247368856200e+00 4.306852683318527369e-06 -5.890306636599785825e-06 1.019715932615524294e-05
6.516343605448430054e+00 1.022200120519489101e-05 -3.344844862419636680e-06 1.356684606672412538e-05
6.517454963528003020e+00 1.456221219328917850e-05 -2.127009920500468266e-07 1.477491318485583548e-05
6.518566321607575986e+00 1.660370700306842506e-05 2.987167033728819882e-06 1.361653997457826129e-05
6.519677679687148952e+00 1.600492926805905909e-05 5.725550180545924578e-06 1.027937908756773426e-05
6.520789037766722807e+00 1.286203752963503916e-05 7.550032071664164151e-06 5.312005457747046553e-06
6.521900395846295773e+00 7.692368102792198519e-06 8.159294938630023126e-06 -4.669268342360869978e-07
6.523011753925869627e+00 1.348730466675429661e-06 7.452496905308518522e-06 -6.103766438326730596e-06
6.524123112005442593e+00 -5.121270082880045307e-06 5.545641613650369652e-06 -1.066691169945685619e-05
6.525234470085015559e+00 -1.064770347898945883e-05 2.752294376554387963e-06 -1.339999785427744276e-05
6.526345828164588525e+00 -1.431423611190581144e-05 -4.681407991558056706e-07 -1.384609531877584961e-05
6.527457186244161491e+00 -1.550864764373132250e-05 -3.586045071210412057e-06 -1.192260256935754986e-05
6.528568544323735345e+00 -1.402330415271431038e-05 -6.088657346167687009e-06 -7.934646805292145554e-06
6.529679902403308311e+00 -1.008920062837449026e-05 -7.564280270028479308e-06 -2.524920355779541783e-06
6.530791260482882166e+00 -4.338098345880241985e-06 -7.769795051613155788e-06 3.431696705925324113e-06
6.531902618562455132e+00 2.300922253639981255e-06 -6.670421045267684132e-06 8.971343301363469706e-06
6.533013976642028098e+00 8.753443677459034109e-06 -4.445229593237386391e-06 1.319867327481399250e-05
6.534125334721601064e+00 1.397525653799702813e-05 -1.457554312143841967e-06 1.543281085176882337e-05
6.535236692801174918e+00 1.712268975986395772e-05 1.804794800497275518e-06 1.531789496194477902e-05
6.536348050880747884e+00 1.768985874180070445e-05 4.809655540873258739e-06 1.288020320256218372e-05
6.537459408960321738e+00 1.559043942994309118e-05 7.067793943036233592e-06 8.522645485314657573e-06
6.538570767039894704e+00 1.117071017705326949e-05 8.213004732435689803e-06 2.957705446058992593e-06
6.539682125119467671e+00 5.151889805069072081e-06 8.061897257197834236e-06 -2.910007450991508615e-06
6.540793483199040637e+00 -1.488622856223595028e-06 6.643589109671935565e-06 -8.132211959772629267e-06
6.541904841278613603e+00 -7.677511375423564803e-06 4.194486406731970569e-06 -1.187199778150709099e-05
6.543016199358187457e+00 -1.242096917628759750e-05 1.119070091572034424e-06 -1.354003926484041855e-05
6.544127557437760423e+00 -1.496653230005637390e-05 -2.076812725852288851e-06 -1.288971957279599315e-05
6.545238915517334277e+00 -1.492486329196464936e-05 -4.869150408844809909e-06 -1.005571288122334454e-05
6.546350273596907243e+00 -1.233166098747471799e-05 -6.801771135029340209e-06 -5.529889849143366370e-06
6.547461631676480209e+00 -7.639741531787094228e-06 -7.561024380828695569e-06 -7.871715278887497509e-08
6.548572989756053175e+00 -1.642803264931064282e-06 -7.026899610041133268e-06 5.384096346087064740e-06
6.549684347835626141e+00 4.656407437591461704e-06 -5.292234835876855460e-06 9.948642276974532122e-06
6.550795705915199996e+00 1.021173539870803555e-05 -2.646924665749580982e-06 1.285866006787582985e-05
6.551907063994773850e+00 1.410577475596980245e-05 4.702074502036981766e-07 1.363556730759116339e-05
6.553018422074346816e+00 1.570026737082310200e-05 3.543900922593243903e-06 1.215636645214773700e-05
6.554129780153919782e+00 1.474010663159723333e-05 6.067354008923189419e-06 8.672752622996071441e-06
6.555241138233492748e+00 1.139399407132347751e-05 7.625548697638405370e-06 3.768445378496603838e-06
6.556352496313065714e+00 6.225239036312339019e-06 7.963313403512678628e-06 -1.738074360789873985e-06
6.557463854392639568e+00 9.768475391747728429e-08 7.026965904045574397e-06 -6.929281149889326996e-06
6.558575212472212534e+00 -5.967614915694056515e-06 4.972741640623960162e-06 -1.094035655597768223e-05
6.559686570551786389e+00 -1.096128321700634426e-05 2.140684130671266333e-06 -1.310196734510484204e-05
6.560797928631359355e+00 -1.405224118821083224e-05 -1.001646142442153058e-06 -1.305059504612223793e-05
6.561909286710932321e+00 -1.472466060299188304e-05 -3.936334301134129072e-06 -1.078832629693929283e-05
6.563020644790505287e+00 -1.286277639824900233e-05 -6.180420171543562802e-06 -6.682356227826236907e-06
6.564132002870078253e+00 -8.769701602388040788e-06 -7.365311583528714372e-06 -1.404390020298137238e-06
6.565243360949652107e+00 -3.117255774472295061e-06 -7.297252800113568786e-06 4.179997025596433495e-06
6.566354719029225961e+00 3.164836351158605232e-06 -5.988935693172385755e-06 9.153772050067104883e-06
6.567466077108798927e+00 9.042073437329546952e-06 -3.657102425760042564e-06 1.269917586078649931e-05
6.568577435188371894e+00 1.354540246196519942e-05 -6.865886066189397675e-07 1.423199107005687262e-05
6.569688793267944860e+00 1.593054398375895610e-05 2.433226698277189756e-06 1.349731728560891870e-05
6.570800151347517826e+00 1.580025267529430044e-05 5.189070055875541864e-06 1.061118262416692882e-05
6.571911509427091680e+00 1.316948052185962985e-05 7.128232565781221947e-06 6.041247956937668615e-06
6.573022867506664646e+00 8.462814647567985544e-06 7.932943360225652596e-06 5.298712946789105142e-07
6.574134225586238500e+00 2.444701414149061614e-06 7.472442032937621242e-06 -5.027740614760184434e-06
6.575245583665811466e+00 -3.905996425402377507e-06 5.824219734932863515e-06 -9.730216158077941417e-06
6.576356941745384432e+00 -9.556444633425833227e-06 3.260981026796328481e-06 -1.281742566161905668e-05
6.577468299824957398e+00 -1.358890430499011881e-05 2.055201683863129641e-07 -1.379442446950225512e-05
6.578579657904530364e+00 -1.535067313088703576e-05 -2.839021886584829907e-06 -1.251165124318417911e-05
6.579691015984104219e+00 -1.456033846112882337e-05 -5.372016290482872300e-06 -9.188322166464171428e-06
6.580802374063678073e+00 -1.135299550336811699e-05 -6.977677330111092447e-06 -4.375318172601443069e-06
6.581913732143251039e+00 -6.257132118103835678e-06 -7.393328331894733155e-06 1.136196214136280243e-06
6.583025090222824005e+00 -1.071139009966234359e-07 -6.552396778795197180e-06 6.445282879596615474e-06
6.584136448302396971e+00 6.094235950170845905e-06 -4.595103660394829580e-06 1.068933961405510479e-05
6.585247806381969937e+00 1.134030102858221191e-05 -1.845133403994413360e-06 1.318543443190587131e-05
6.586359164461543791e+00 1.478549276886514946e-05 1.243833695387129842e-06 1.354165907946947879e-05
6.587470522541116758e+00 1.588317163664330358e-05 4.162895069481990752e-06 1.172027656839071678e-05
6.588581880620690612e+00 1.447408377324551287e-05 6.431683256728257762e-06 8.042400521387393008e-06
6.589693238700263578e+00 1.081090552935860257e-05 7.677324589310237997e-06 3.133580934380860350e-06
6.590804596779836544e+00 5.515019277549487292e-06 7.695624181071212606e-06 -2.180604897111678125e-06
6.591915954859409510e+00 -5.272139735450525526e-07 6.484441558658956371e-06 -7.011655537972071207e-06
6.593027312938982476e+00 -6.311481829016556627e-06 4.243806218550577590e-06 -1.055528804758774676e-05
6.594138671018556330e+00 -1.088155715027251667e-05 1.342797105564693216e-06 -1.222435425534627129e-05
6.595250029098130184e+00 -1.348697368289220843e-05 -1.741326696821147007e-06 -1.174564697748883572e-05
6.596361387177703151e+00 -1.370638810871126820e-05 -4.501702922399950153e-06 -9.204685178112354218e-06
6.597472745257276117e+00 -1.151636797098995794e-05 -6.485212338689520228e-06 -5.031155625624888041e-06
6.598584103336849083e+00 -7.294357493034996711e-06 -7.366889148599386512e-06 7.253165696965473076e-08
6.599695461416422049e+00 -1.755424500337021384e-06 -7.003177442639001912e-06 5.247752947898685506e-06
6.600806819495995903e+00 4.166704469982027414e-06 -5.455308572210111035e-06 9.622013044790483165e-06
6.601918177575568869e+00 9.474649101676360907e-06 -2.978996527944760626e-06 1.245364562532570057e-05
6.603029535655142723e+00 1.327283216898057956e-05 1.781112442680949913e-08 1.325502105073606237e-05
6.604140893734715689e+00 1.491609601051611744e-05 3.042141917734705335e-06 1.187395410029168182e-05
6.605252251814288655e+00 1.411697360067466477e-05 5.597089808837417891e-06 8.519883789818883405e-06
6.606363609893861621e+00 1.099392721275774628e-05 7.263446074167117741e-06 3.730481141644721027e-06
6.607474967973434588e+00 6.052588414494211518e-06 7.768456461435367061e-06 -1.715868046938494166e-06
6.608586326053008442e+00 1.030606475745568366e-07 7.030425342954012659e-06 -6.927364697416078782e-06
6.609697684132582296e+00 -5.873134732237959436e-06 5.171872155396440520e-06 -1.104500689104749974e-05
6.610809042212155262e+00 -1.088460374638514056e-05 2.499122970602125257e-06 -1.338372671323953932e-05
6.611920400291728228e+00 -1.409356303973849193e-05 -5.482618803147181663e-07 -1.354530115386637747e-05
6.613031758371301194e+00 -1.495437975913207560e-05 -3.469871959364238614e-06 -1.148450779489984546e-05
6.614143116450874160e+00 -1.330437871549265810e-05 -5.786718784515787546e-06 -7.517659927141872981e-06
6.615254474530448014e+00 -9.391953095748782875e-06 -7.119864828025145980e-06 -2.272088265316862232e-06
6.616365832610020981e+00 -3.837301068804238030e-06 -7.252497081434217376e-06 3.415196015440892063e-06
6.617477190689594835e+00 2.467840024746389163e-06 -6.165272255550517964e-06 8.633112279946621734e-06
6.618588548769167801e+00 8.505090539211013467e-06 -4.039167704274824882e-06 1.254425824943722313e-05
6.619699906848740767e+00 1.329526590508192999e-05 -1.225419979387697039e-06 1.452068588181354685e-05
6.620811264928313733e+00 1.605803660470216706e-05 1.812458520701858590e-06 1.424557808797077287e-05
6.621922623007886699e+00 1.633930277708524434e-05 4.575014059404307986e-06 1.176428872414194359e-05
6.623033981087460553e+00 1.408546445491698187e-05 6.608965829735207853e-06 7.476498625513838033e-06
6.624145339167034408e+00 9.652461431236206016e-06 7.581598330438212546e-06 2.070863105177523961e-06
6.625256697246607374e+00 3.748125924389271961e-06 7.335220123757871642e-06 -3.587094199217414465e-06
6.626368055326180340e+00 -2.682707408989821037e-06 5.912771959942384278e-06 -8.595479368312001014e-06
6.627479413405753306e+00 -8.611547223299547630e-06 3.550422329191103262e-06 -1.216196954885492544e-05
6.628590771485327160e+00 -1.309299954130774377e-05 6.384202349828591508e-07 -1.373141977096132212e-05
6.629702129564900126e+00 -1.541772470153485422e-05 -2.343310337350824307e-06 -1.307441436669559060e-05
6.630813487644473092e+00 -1.522669148814777240e-05 -4.904208758516386219e-06 -1.032248273156912820e-05
6.631924845724046058e+00 -1.256818030124926127e-05 -6.623735138377715692e-06 -5.944445161959287707e-06
6.633036203803619912e+00 -7.888377745897407471e-06 -7.220387147797251555e-06 -6.679905944861441562e-07
6.634147561883192878e+00 -1.957264467192237353e-06 -6.597750602108345594e-06 4.640486137873964234e-06
6.635258919962765845e+00 4.257935618117855909e-06 -4.860050522768874829e-06 9.117986141230256808e-06
6.636370278042339699e+00 9.750942213936348148e-06 -2.294694219279492624e-06 1.204563643480575973e-05
6.637481636121912665e+00 1.364032777755200962e-05 6.752725738186523149e-07 1.296505521000892319e-05
6.638592994201485631e+00 1.531236936528093020e-05 3.560934386194979446e-06 1.175143498503748799e-05
6.639704352281059485e+00 1.451958700115544117e-05 5.887996061521348145e-06 8.631590937590452399e-06
6.640815710360632451e+00 1.141902514004399785e-05 7.274745772941297985e-06 4.144279374772562871e-06
6.641927068440205417e+00 6.544243126079378752e-06 7.494677959659181145e-06 -9.504348309459381976e-07
6.643038426519779271e+00 7.158423024571516447e-07 6.513504120153493483e-06 -5.797661810138462514e-06
6.644149784599352238e+00 -5.094592840746948136e-06 4.494505033959571291e-06 -9.589097874119401928e-06
6.645261142678925204e+00 -9.924685707599264757e-06 1.771391372663612339e-06 -1.169607707754603416e-05
6.646372500758498170e+00 -1.297925398972616837e-05 -1.206817758933421278e-06 -1.177243623275522587e-05
6.647483858838072024e+00 -1.376020281620213005e-05 -3.949795330971717539e-06 -9.810407479776411409e-06
6.648595216917644990e+00 -1.214712346489317985e-05 -6.006592569164677449e-06 -6.140530890203785904e-06
6.649706574997217956e+00 -8.415548234193573704e-06 -7.039735992414514026e-06 -1.375812238114941684e-06
6.650817933076791810e+00 -3.190079697084274380e-06 -6.880562792322078721e-06 3.690483102878431161e-06
6.651929291156364776e+00 2.659694208707133895e-06 -5.556723785565252908e-06 8.216417994058227228e-06
6.653040649235937742e+00 8.163219064286895727e-06 -3.287371527437699844e-06 1.145059059911883236e-05
6.654152007315511597e+00 1.240914288913895274e-05 -4.468698534481335010e-07 1.285601274463785127e-05
6.655263365395084563e+00 1.469526842752699898e-05 2.496965246264286467e-06 1.219830318208159348e-05
6.656374723474657529e+00 1.464367309724969198e-05 5.059905176267866303e-06 9.583767926521477901e-06
6.657486081554230495e+00 1.226217259853444900e-05 6.820942755358917055e-06 5.441229841663108033e-06
6.658597439633804349e+00 7.942167982099441732e-06 7.491425959570362983e-06 4.507420219363242461e-07
6.659708797713377315e+00 2.393397792419544169e-06 6.962340890447087831e-06 -4.568943097376697098e-06
6.660820155792950281e+00 -3.473516134630257889e-06 5.322001068957171046e-06 -8.795517202351409660e-06
6.661931513872524135e+00 -8.697289474238997412e-06 2.841275490006673813e-06 -1.153856496340910422e-05
6.663042871952097101e+00 -1.242417848493857505e-05 -7.117235206199003017e-08 -1.235300612842159236e-05
6.664154230031670068e+00 -1.404813510385109551e-05 -2.936236164774471282e-06 -1.111189894554277464e-05
6.665265588111243922e+00 -1.330990478789379841e-05 -5.283207982839197922e-06 -8.026696803477769039e-06
6.666376946190816888e+00 -1.033886331853325080e-05 -6.727134196968791704e-06 -3.611729116895639753e-06
6.667488304270389854e+00 -5.630839528930046170e-06 -7.031973988449903088e-06 1.401134464243763053e-06
6.668599662349963708e+00 3.429059021547479981e-08 -6.149198826644337230e-06 6.183489417247829353e-06
6.669711020429536674e+00 5.721554408084211367e-06 -4.225522549178080190e-06 9.947076956633090920e-06
6.670822378509109640e+00 1.049507024775853819e-05 -1.578533951247710153e-06 1.207360420420375157e-05
6.671933736588682606e+00 1.357205631724605786e-05 1.355719087919777926e-06 1.221633722967729483e-05
6.673045094668256461e+00 1.445132555270442094e-05 4.094540726762610089e-06 1.035678482052040104e-05
6.674156452747829427e+00 1.299517610484000706e-05 6.187964843761925971e-06 6.807211260017547556e-06
6.675267810827402393e+00 9.451292492536431805e-06 7.292643711040663638e-06 2.158648776946308468e-06
6.676379168906976247e+00 4.411165347982344749e-06 7.228112691002907723e-06 -2.816947341275800464e-06
6.677490526986549213e+00 -1.288014960397065590e-06 6.006209691235007476e-06 -7.294224649107254198e-06
6.678601885066122179e+00 -6.701749218541911519e-06 3.828853208187318346e-06 -1.053060242731282371e-05
6.679713243145696033e+00 -1.093406417916662052e-05 1.054589775463077889e-06 -1.198865395283615188e-05
6.680824601225268999e+00 -1.328511923075751571e-05 -1.860546351689797287e-06 -1.142457287858015652e-05
6.681935959304841965e+00 -1.336630615822646859e-05 -4.438104849944623878e-06 -8.928201302781681159e-06
6.683047317384415820e+00 -1.116395146543102434e-05 -6.255861824410628982e-06 -4.908089637748840717e-06
6.684158675463988786e+00 -7.041210234994363409e-06 -7.017103910266131092e-06 -2.410633152175673183e-08
6.685270033543561752e+00 -1.677924064033319422e-06 -6.599181748791368196e-06 4.921257684409125410e-06
6.686381391623134718e+00 4.041579250479370133e-06 -5.073384425012265178e-06 9.114963672498513949e-06
6.687492749702708572e+00 9.174223299825916522e-06 -2.692911683528277728e-06 1.186713498491393935e-05
6.688604107782281538e+00 1.287344037275507712e-05 1.490312675452463267e-07 1.272440910831903506e-05
6.689715465861854504e+00 1.452840468437380765e-05 2.984083970145352996e-06 1.154432071704841495e-05
6.690826823941428358e+00 1.386436153350317557e-05 5.345832634371922140e-06 8.518528898867941380e-06
6.691938182021001325e+00 1.098760101376039484e-05 6.846472611077395383e-06 4.141128407395468106e-06
6.693049540100574291e+00 6.367748294868158895e-06 7.240431321517937531e-06 -8.726830225599935525e-07
6.694160898180148145e+00 7.603533991754997184e-07 6.464513544494045208e-06 -5.704160147653261365e-06
6.695272256259721111e+00 -4.917423693359738280e-06 4.648005424928617035e-06 -9.565429120789894330e-06
6.696383614339294077e+00 -9.737546527207213324e-06 2.091121290440847742e-06 -1.182866781151441004e-05
6.697494972418867931e+00 -1.291345192046592337e-05 -7.846165960778679846e-07 -1.212883532238057089e-05
6.698606330498440897e+00 -1.392898130942326133e-05 -3.505866853043834490e-06 -1.042311445988865131e-05
6.699717688578013863e+00 -1.262274127778378837e-05 -5.625373868059193238e-06 -6.997367404151645198e-06
6.700829046657586829e+00 -9.214093502062399165e-06 -6.795469502935716558e-06 -2.418623989504997343e-06
6.701940404737160684e+00 -4.266584522551322223e-06 -6.825094793464930615e-06 2.558510271164116692e-06
6.703051762816733650e+00 1.405089874429124477e-06 -5.710991361794368186e-06 7.116081231935082589e-06
6.704163120896306616e+00 6.869220475176887657e-06 -3.637971867343664409e-06 1.050719234738796252e-05
6.705274478975880470e+00 1.123022694377337038e-05 -9.482691409177959434e-07 1.217849608694136017e-05
6.706385837055453436e+00 1.377562194603028362e-05 1.914953266917555184e-06 1.186066868240638725e-05
6.707497195135026402e+00 1.409266355287776807e-05 4.480606077612592705e-06 9.612057478774590417e-06
6.708608553214600256e+00 1.213558366278361616e-05 6.327169953638965146e-06 5.808413715721318050e-06
6.709719911294173222e+00 8.232423877920629367e-06 7.151935753107226400e-06 1.080488133877275530e-06
6.710831269373746188e+00 3.030456382509044352e-06 6.820618125198713049e-06 -3.790161741661665466e-06
6.711942627453320043e+00 -2.610743096589196010e-06 5.389213420658824747e-06 -7.999956515115864340e-06
6.713053985532893009e+00 -7.760916718917170207e-06 3.094546693541684400e-06 -1.085546341002427228e-05
6.714165343612465975e+00 -1.157210837636984637e-05 3.151043158570866377e-07 -1.188721268938735585e-05
6.715276701692038941e+00 -1.341785588130158210e-05 -2.491369109003838381e-06 -1.092648676808267950e-05
6.716388059771612795e+00 -1.299573935271682658e-05 -4.863220557755932234e-06 -8.132518790188955513e-06
6.717499417851185761e+00 -1.037649572125808980e-05 -6.410782331014137041e-06 -3.965713389323570151e-06
6.718610775930758727e+00 -5.991718681389123608e-06 -6.880334729162241634e-06 8.886160524169727713e-07
6.719722134010332582e+00 -5.622764504976992118e-07 -6.195640943092900452e-06 5.633364492775847957e-06
6.720833492089905548e+00 5.020686567144231217e-06 -4.470258304990137202e-06 9.490944873104585367e-06
6.721944850169478514e+00 9.842512291450049788e-06 -1.988642459818057933e-06 1.183115475401905008e-05
6.723056208249052368e+00 1.311537797813765237e-05 8.408072689210184816e-07 1.227457071614296925e-05
6.724167566328625334e+00 1.430749963885949151e-05 3.553006183742972191e-06 1.075449346139651307e-05
6.725278924408198300e+00 1.322997784909414853e-05 5.702665326093168809e-06 7.527312523488273541e-06
6.726390282487772154e+00 1.006707456070761447e-05 6.937414751281339978e-06 3.129659815273642780e-06
6.727501640567345120e+00 5.345038655700524836e-06 7.055558317909947312e-06 -1.710519660112191768e-06
6.728612998646918086e+00 -1.552850525315508745e-07 6.038992398387136267e-06 -6.194277448983921588e-06
6.729724356726491052e+00 -5.527583019784851142e-06 4.055916177961163140e-06 -9.583499188128629404e-06
6.730835714806064907e+00 -9.889611950868943657e-06 1.432933319820988514e-06 -1.132254526286858960e-05
6.731947072885637873e+00 -1.252849342431983314e-05 -1.398824794291618622e-06 -1.112966862128342392e-05
6.733058430965210839e+00 -1.301784200580318112e-05 -3.974662117650879539e-06 -9.043179890117360420e-06
6.734169789044784693e+00 -1.128747297631064610e-05 -5.872681094435369786e-06 -5.414791887579296128e-06
6.735281147124357659e+00 -7.634270031718700820e-06 -6.782990500231117128e-06 -8.512795265683898767e-07
6.736392505203930625e+00 -2.672495284223977191e-06 -6.558398155176391165e-06 3.885902873754490443e-06
6.737503863283504479e+00 2.768197579922081580e-06 -5.238289397345146305e-06 8.006486978343579756e-06
6.738615221363077445e+00 7.780180729970882227e-06 -3.041812143030989908e-06 1.082199287481862186e-05
6.739726579442650412e+00 1.152801256360036291e-05 -3.315398883135347315e-07 1.185955245805352152e-05
6.740837937522223378e+00 1.338656926740322949e-05 2.446365992913987806e-06 1.094020327854254675e-05
6.741949295601797232e+00 1.304437782653326635e-05 4.835620700977617519e-06 8.208757125371783387e-06
6.743060653681370198e+00 1.055512591224378110e-05 6.444809850395299744e-06 4.110316071077750653e-06
6.744172011760943164e+00 6.328868317794278712e-06 7.011584039680869796e-06 -6.827157162629902693e-07
6.745283369840517018e+00 1.064391299758425907e-06 6.445521158771021316e-06 -5.381129853042172719e-06
6.746394727920089984e+00 -4.366113949908657238e-06 4.842647802047136103e-06 -9.208761750650917063e-06
6.747506085999662950e+00 -9.061063033118824746e-06 2.469281986592970388e-06 -1.153034502166950512e-05
6.748617444079236805e+00 -1.223844481776373896e-05 -2.820929762726922542e-07 -1.195635184118399387e-05
6.749728802158809771e+00 -1.336519938301718158e-05 -2.957619608885462241e-06 -1.040757976791941877e-05
6.750840160238382737e+00 -1.224568203910046328e-05 -5.116832886247828228e-06 -7.128849148388426678e-06
6.751951518317956591e+00 -9.054621400491260694e-06 -6.405090226119579667e-06 -2.649531171484678494e-06
6.753062876397529557e+00 -4.309110539010157798e-06 -6.611757251675102193e-06 2.302646710425709461e-06
6.754174234477102523e+00 1.215806344643207603e-06 -5.704603798850742099e-06 6.920410143973540604e-06
6.755285592556675489e+00 6.614105392070204623e-06 -3.834792623653074401e-06 1.044889801768612457e-05
6.756396950636249343e+00 1.099747103934385200e-05 -1.311689034134781475e-06 1.230916007964426295e-05
6.757508308715822309e+00 1.364127733848250206e-05 1.448315298046842594e-06 1.219296204126642811e-05
6.758619666795395275e+00 1.410388018179859089e-05 3.990503359250704984e-06 1.011337682474730521e-05
6.759731024874969130e+00 1.229961278330216740e-05 5.896728176166652405e-06 6.402884612805869488e-06
6.760842382954542096e+00 8.513472448199849694e-06 6.854170668135328190e-06 1.659301782457092272e-06
6.761953741034115062e+00 3.355057437742439566e-06 6.706656623580715176e-06 -3.351599179906627546e-06
6.763065099113688916e+00 -2.340722199507720914e-06 5.480115877084725475e-06 -7.820838078815855359e-06
6.764176457193261882e+00 -7.649899860323185565e-06 3.378033480514759708e-06 -1.102793334095129353e-05
6.765287815272834848e+00 -1.171035672444289730e-05 7.476859571428153055e-07 -1.245804267660457506e-05
6.766399173352408702e+00 -1.386265236013096595e-05 -1.977238652493101417e-06 -1.188541370512714453e-05
6.767510531431981669e+00 -1.375772062656091673e-05 -4.348160446994930852e-06 -9.409560181006205318e-06
6.768621889511554635e+00 -1.141380157522199737e-05 -5.975477340207204768e-06 -5.438324229618655709e-06
6.769733247591127601e+00 -7.213309731908662932e-06 -6.592624686640386733e-06 -6.206850433644798648e-07
6.770844605670701455e+00 -1.840180811548580605e-06 -6.099795637389460431e-06 4.259614825914459884e-06
6.771955963750274421e+00 3.832010442884343354e-06 -4.580153973735662945e-06 8.412164419624830269e-06
6.773067321829847387e+00 8.882811315755833296e-06 -2.285907067979558783e-06 1.116871838381370451e-05
6.774178679909421241e+00 1.249514210192847533e-05 4.034302867399029583e-07 1.209171181614828103e-05
6.775290037988994207e+00 1.408844069746900067e-05 3.043677283427956665e-06 1.104476341496397364e-05
6.776401396068567173e+00 1.341293501247534927e-05 5.199198402023871978e-06 8.213736612448233802e-06
6.777512754148141028e+00 1.058966782766764396e-05 6.514622677463489918e-06 4.075045153807329705e-06
6.778624112227713994e+00 6.089801923456813343e-06 6.773269164242043443e-06 -6.834672372284811563e-07
6.779735470307286960e+00 6.566918103031036866e-07 5.932678413939740184e-06 -5.275986595326596999e-06
6.780846828386860814e+00 -4.816425153265467150e-06 4.131428354963789764e-06 -8.947853505820758539e-06
6.781958186466433780e+00 -9.433011230782399690e-06 1.666144826615425127e-06 -1.109915605385294196e-05
6.783069544546006746e+00 -1.244003036534762258e-05 -1.057477304292143653e-06 -1.138255306018562437e-05
6.784180902625579712e+00 -1.335091943357811017e-05 -3.591554331069976023e-06 -9.759365100270131650e-06
6.785292260705153566e+00 -1.202462172720712388e-05 -5.519770457563931617e-06 -6.504851271777763568e-06
6.786403618784726532e+00 -8.687814170471906206e-06 -6.525866841206507432e-06 -2.161947328137083126e-06
6.787514976864299499e+00 -3.896790007882358848e-06 -6.445598388573227259e-06 2.548808385263110756e-06
6.788626334943873353e+00 1.554634403181750271e-06 -5.293625648111170842e-06 6.848260054501275240e-06
6.789737693023446319e+00 6.765983554574093046e-06 -3.260941878777962981e-06 1.002692543225834040e-05
6.790849051103019285e+00 1.087821594942087503e-05 -6.832874511589069716e-07 1.156150340033347583e-05
6.791960409182593139e+00 1.321471678839147851e-05 2.014223665599573860e-06 1.120049312207961601e-05
6.793071767262166105e+00 1.339206504199195753e-05 4.387132496259011696e-06 9.004932551230298925e-06
6.794183125341739071e+00 1.138244936343677432e-05 6.044784129472600812e-06 5.337665236148061618e-06
6.795294483421312925e+00 7.517572152108466401e-06 6.714560716771853966e-06 8.030114359413516073e-07
6.796405841500885892e+00 2.433501618108102811e-06 6.286640227517999188e-06 -3.853138610063550008e-06
6.797517199580458858e+00 -3.034374858769899771e-06 4.831936238273788802e-06 -7.866311092436102084e-06
6.798628557660031824e+00 -7.988963487841120955e-06 2.590292247567917315e-06 -1.057925572968829845e-05
6.799739915739605678e+00 -1.161899137609163468e-05 -6.910092454884798831e-08 -1.154989044961468390e-05
6.800851273819178644e+00 -1.333220342474911567e-05 -2.708529650716764543e-06 -1.062367377380028866e-05
6.801962631898751610e+00 -1.285237143394399789e-05 -4.893801793499339998e-06 -7.958569633966668496e-06
6.803073989978325464e+00 -1.026423317447301472e-05 -6.265653076829733604e-06 -3.998580098081195460e-06
6.804185348057898430e+00 -5.999051566138154188e-06 -6.598774002909518316e-06 5.997224377028733647e-07
6.805296706137471396e+00 -7.632480591744224095e-07 -5.838762528878145657e-06 5.075514468847517780e-06
6.806408064217045251e+00 4.578092348707830741e-06 -4.110946553996251874e-06 8.689038903562021959e-06
6.807519422296618217e+00 9.143648532281399040e-06 -1.699651151228352402e-06 1.084329968915673502e-05
6.808630780376191183e+00 1.218079318629141657e-05 9.986539683968084195e-07 1.118213922085022501e-05
6.809742138455765037e+00 1.318921300659840149e-05 3.540600457953011059e-06 9.648612547354192042e-06
6.810853496535338003e+00 1.200293506041933002e-05 5.508818281752688958e-06 6.494116781817769649e-06
6.811964854614910969e+00 8.817331124135601594e-06 6.580493975324044092e-06 2.236837149104307335e-06
6.813076212694483935e+00 4.156720937733108265e-06 6.580325786840734055e-06 -2.423604846866514678e-06
6.814187570774057789e+00 -1.212042677531896155e-06 5.509187414815929894e-06 -6.721230091003262889e-06
6.815298928853630755e+00 -6.405760598569441768e-06 3.543813723683672664e-06 -9.949574314774545767e-06
6.816410286933203722e+00 -1.057008593016041303e-05 1.007589646231344839e-06 -1.157767557419570086e-05
6.817521645012777576e+00 -1.301987228746916267e-05 -1.682727133883580364e-06 -1.133714515445255483e-05
6.818633003092350542e+00 -1.335163512837391819e-05 -4.085568799174447607e-06 -9.266066334926481414e-06
6.819744361171923508e+00 -1.150968827896356365e-05 -5.807121673255351644e-06 -5.702566604873568609e-06
6.820855719251497362e+00 -7.795144677359574259e-06 -6.565963097668113938e-06 -1.229181580596819110e-06
6.821967077331070328e+00 -2.816356557392723126e-06 -6.239157842389819470e-06 3.422801290783395248e-06
6.823078435410643294e+00 2.611013276932056795e-06 -4.882259816213489320e-06 7.493273096239223840e-06
6.824189793490216260e+00 7.597846471402674415e-06 -2.719961887642006638e-06 1.031780836369166135e-05
6.825301151569790115e+00 1.132735467890173548e-05 -1.089640944433477573e-07 1.143631877343892348e-05
6.826412509649363081e+00 1.318886990858338267e-05 2.520805542303219644e-06 1.066806437317651470e-05
6.827523867728936047e+00 1.287771139392777350e-05 4.736932828608666429e-06 8.140778560596817926e-06
6.828635225808509901e+00 1.044479061252054385e-05 6.175582324067634357e-06 4.269208293365522715e-06
6.829746583888082867e+00 6.287883105272071629e-06 6.601206335128447684e-06 -3.133232258609343476e-07
6.830857941967655833e+00 1.086074010633196116e-06 5.945098856856550346e-06 -4.859024845235751083e-06
6.831969300047229687e+00 -4.311796617604482377e-06 4.316483577977189005e-06 -8.628280194658856091e-06
6.833080658126802653e+00 -9.026333892014783264e-06 1.984346353654983589e-06 -1.101068024581413303e-05
6.834192016206375619e+00 -1.229156872994977354e-05 -6.669673939535449206e-07 -1.162460133877853851e-05
6.835303374285949474e+00 -1.358010750409496670e-05 -3.201061894512563975e-06 -1.037904560574180542e-05
6.836414732365522440e+00 -1.268896128398520205e-05 -5.201280001281163536e-06 -7.487681282837149743e-06
6.837526090445095406e+00 -9.772049090412880895e-06 -6.339163903173432793e-06 -3.432885188293944830e-06
6.838637448524668372e+00 -5.314139471614647134e-06 -6.428340671542275338e-06 1.114201208189297040e-06
6.839748806604242226e+00 -5.060918507304532500e-08 -5.454994524433055241e-06 5.404385337136647532e-06
6.840860164683815192e+00 5.153717883594322426e-06 -3.579946034690396794e-06 8.733663926274576453e-06
6.841971522763388158e+00 9.446700502800074321e-06 -1.112030578623269572e-06 1.055873107985766913e-05
6.843082880842962012e+00 1.212861755870784909e-05 1.542814759603873651e-06 1.058580280649229529e-05
6.844194238922534979e+00 1.276658900370653888e-05 3.948360039862078538e-06 8.818228967021926568e-06
6.845305597002107945e+00 1.126494828382666545e-05 5.709789392580267976e-06 5.555158891850865601e-06
6.846416955081681799e+00 7.880100662946039472e-06 6.538516953548232055e-06 1.341583708563949220e-06
6.847528313161254765e+00 3.177531303279285623e-06 6.299469756735646820e-06 -3.121938451967882057e-06
6.848639671240827731e+00 -2.061866763601972270e-06 5.033089935038661709e-06 -7.094956696795105041e-06
6.849751029320401585e+00 -6.970668089424364981e-06 2.948472586867961962e-06 -9.919140673941182439e-06
6.850862387399974551e+00 -1.073776347138921680e-05 3.888033561816189899e-07 -1.112656682419224625e-05
6.851973745479547517e+00 -1.274168804884375595e-05 -2.225189930959253795e-06 -1.051649811937866997e-05
6.853085103559120483e+00 -1.265254386044670215e-05 -4.464451687290502618e-06 -8.188092173514758745e-06
6.854196461638694338e+00 -1.048582144328031498e-05 -5.962089908981748750e-06 -4.523731536717355204e-06
6.855307819718267304e+00 -6.599356701529952336e-06 -6.473560278990415570e-06 -1.257964207309215238e-07
6.856419177797840270e+00 -1.634011690560876201e-06 -5.916667792200770193e-06 4.282656103746226915e-06
6.857530535877414124e+00 3.592084256876244938e-06 -4.384840151216960283e-06 7.976924401528664305e-06
6.858641893956987090e+00 8.218285901548751294e-06 -2.131528028646629898e-06 1.034981393118750961e-05
6.859753252036560056e+00 1.148298848582968450e-05 4.716652517868333818e-07 1.101132323864951730e-05
6.860864610116133910e+00 1.284871850273480351e-05 2.996208579390046490e-06 9.852509926262849479e-06
6.861975968195706876e+00 1.209022754060124372e-05 5.027135301661197892e-06 7.063092244197642015e-06
6.863087326275279842e+00 9.331163314531443112e-06 6.231206565941633548e-06 3.099956750524432815e-06
6.864198684354853697e+00 5.023365769440386690e-06 6.411548081428645863e-06 -1.388182308345782025e-06
6.865310042434426663e+00 -1.277336836335009828e-07 5.539801044195086792e-06 -5.667534729861171234e-06
6.866421400513999629e+00 -5.279277479296185977e-06 3.760535665044491597e-06 -9.039813145467790012e-06
6.867532758593572595e+00 -9.589571056659205601e-06 1.367241504684108710e-06 -1.095681256712730759e-05
6.868644116673146449e+00 -1.235629454761826500e-05 -1.246119029059994194e-06 -1.111017552140440443e-05
6.869755474752719415e+00 -1.313163250720808810e-05 -3.649997113168928654e-06 -9.481635386712810649e-06
6.870866832832292381e+00 -1.179543693573049605e-05 -5.449896348911027131e-06 -6.345540586619999435e-06
6.871978190911866236e+00 -8.574464144590511749e-06 -6.351146179777289916e-06 -2.223317965729304906e-06
6.873089548991439202e+00 -4.004598298411594616e-06 -6.207172657284574130e-06 2.202574357619565569e-06
6.874200907071012168e+00 1.157650615372328632e-06 -5.043356922639880111e-06 6.201007541263217756e-06
6.875312265150586022e+00 6.059764215045123441e-06 -3.052595737060947302e-06 9.112359955772488006e-06
6.876423623230158988e+00 9.893421725871236850e-06 -5.633353861411478817e-07 1.045675711007380880e-05
6.877534981309731954e+00 1.202723744940314578e-05 2.014625983754896166e-06 1.001261146567584425e-05
6.878646339389305808e+00 1.211022888427887444e-05 4.257625618119104772e-06 7.852603268440558348e-06
6.879757697468878774e+00 1.012905698963770895e-05 5.797799119279860191e-06 4.331257870880169932e-06
6.880869055548451740e+00 6.409698151555912361e-06 6.383463479343305982e-06 2.623467456176840212e-08
6.881980413628024706e+00 1.563351477906653258e-06 5.920306538890195722e-06 -4.356955063790995898e-06
6.883091771707598561e+00 -3.614448148196391605e-06 4.486638904017066067e-06 -8.101087048356233955e-06
6.884203129787171527e+00 -8.274863970005810353e-06 2.320238427460796499e-06 -1.059510239920435296e-05
6.885314487866744493e+00 -1.165535824657375956e-05 -2.210084022901649717e-07 -1.143434984623977949e-05
6.886425845946318347e+00 -1.320489825721018817e-05 -2.718158463113215554e-06 -1.048673979586983205e-05
6.887537204025891313e+00 -1.267420544594678027e-05 -4.760218535457440750e-06 -7.913986904272783454e-06
6.888648562105464279e+00 -1.015625413796523855e-05 -6.011744132967434417e-06 -4.144510003400167855e-06
6.889759920185038133e+00 -6.070427667054188115e-06 -6.267915481679180972e-06 1.974878138328510328e-07
6.890871278264611099e+00 -1.093007131022688717e-06 -5.488049996739418579e-06 4.395042863697211886e-06
6.891982636344184066e+00 3.954506233200537650e-06 -3.802068951212581670e-06 7.756575182691557042e-06
6.893093994423757920e+00 8.240820477494040014e-06 -1.488891235394494921e-06 9.729711714140097689e-06
6.894205352503330886e+00 1.106172756647051214e-05 1.069654728832771451e-06 9.992072838684453817e-06
6.895316710582903852e+00 1.195590963631666578e-05 3.451788159375073031e-06 8.504121479372498955e-06
6.896428068662476818e+00 1.078064448547951898e-05 5.265224955871108167e-06 5.515419532512886788e-06
6.897539426742050672e+00 7.734996295784598425e-06 6.211686956547627844e-06 1.523309342711194798e-06
6.898650784821623638e+00 3.326722479367017437e-06 6.135866746216457847e-06 -2.809144265946045044e-06
6.899762142901196604e+00 -1.711612944299456849e-06 5.050813267915531596e-06 -6.762426216853518741e-06
6.900873500980770459e+00 -6.543480659108473946e-06 3.135591616722637021e-06 -9.679072278894776621e-06
6.901984859060343425e+00 -1.036627721701426913e-05 7.056356488960335915e-07 -1.107191286152439110e-05
6.903096217139916391e+00 -1.254357293188204317e-05 -1.839297145361578492e-06 -1.070427578522716395e-05
6.904207575219490245e+00 -1.270996585718709813e-05 -4.080981134222579020e-06 -8.628984723140791752e-06
6.905318933299063211e+00 -1.083131237867415836e-05 -5.651539801136201073e-06 -5.179772576557123626e-06
6.906430291378636177e+00 -7.210447891086529295e-06 -6.293901893367016817e-06 -9.165459934525941699e-07
6.907541649458209143e+00 -2.437479298210367442e-06 -5.903962006224858619e-06 3.466482714599673440e-06
6.908653007537782997e+00 2.707158621118162608e-06 -4.547531806212711623e-06 7.254690428432174611e-06
6.909764365617355963e+00 7.380932125171987807e-06 -2.449322278129338248e-06 9.830254407835021201e-06
6.910875723696928929e+00 1.081764138934565518e-05 4.419936760008416296e-08 1.077344202642128437e-05
6.911987081776502784e+00 1.245330797391800909e-05 2.521939765717616991e-06 9.931368209827791415e-06
6.913098439856075750e+00 1.201884305813574904e-05 4.575877703042364143e-06 7.442965352149503251e-06
6.914209797935648716e+00 9.584287003878140494e-06 5.868184283119328142e-06 3.716102723004737152e-06
6.915321156015222570e+00 5.547374014684440313e-06 6.186725922221097836e-06 -6.393519104170582818e-07
6.916432514094795536e+00 5.683194529024466568e-07 5.479833829610685590e-06 -4.911514377828089334e-06
6.917543872174368502e+00 -4.538441080761612613e-06 3.864643352861242717e-06 -8.403084429143527418e-06
6.918655230253942356e+00 -8.937777084462057839e-06 1.607659409550172368e-06 -1.054543649846344721e-05
6.919766588333515323e+00 -1.191072973006808896e-05 -9.192267701770649741e-07 -1.099150295766957209e-05
6.920877946413088289e+00 -1.297226342713573351e-05 -3.300010670496078520e-06 -9.672252758030237875e-06
6.921989304492661255e+00 -1.195060142340884264e-05 -5.143042697145258438e-06 -6.807558727337705836e-06
6.923100662572235109e+00 -9.015159262900492926e-06 -6.145424360714533193e-06 -2.869734900437124689e-06
6.924212020651808075e+00 -4.648536226964832739e-06 -6.142746594456277912e-06 1.494210370417676343e-06
6.925323378731381041e+00 4.327966210278036803e-07 -5.136005721072708818e-06 5.568802345358018254e-06
6.926434736810954895e+00 5.396058692450456747e-06 -3.291293840120778679e-06 8.687352536677604990e-06
6.927546094890527861e+00 9.428660925321143713e-06 -9.123417418904953110e-07 1.034100267269365150e-05
6.928657452970100827e+00 1.187124408760195952e-05 1.609543831382249742e-06 1.026170025909348420e-05
6.929768811049674682e+00 1.232544771402924958e-05 3.859894469226318986e-06 8.465553244719358937e-06
6.930880169129247648e+00 1.071877015547922755e-05 5.469240617074896703e-06 5.249529540408304923e-06
6.931991527208820614e+00 7.315939054171682692e-06 6.173807962662681260e-06 1.142131096775521955e-06
6.933102885288394468e+00 2.674997669607502750e-06 5.858778011085960809e-06 -3.183780336572268740e-06
6.934214243367967434e+00 -2.444615564996699842e-06 4.577017996186127048e-06 -7.021633556401512250e-06
6.935325601447540400e+00 -7.206853032457726722e-06 2.540225539522708949e-06 -9.747078568229411674e-06
6.936436959527113366e+00 -1.083619645713626883e-05 8.397165342958752042e-08 -1.092016810859237334e-05
6.937548317606687220e+00 -1.274463517585835707e-05 -2.387584803814292002e-06 -1.035705037460723547e-05
6.938659675686260186e+00 -1.262766969559613258e-05 -4.468202198437813947e-06 -8.159467497770114434e-06
6.939771033765833153e+00 -1.051363680633136471e-05 -5.816336745430476014e-06 -4.697300052467524585e-06
6.940882391845407007e+00 -6.758336374787994084e-06 -6.211220773689312659e-06 -5.471155970627295206e-07
6.941993749924979973e+00 -1.985923963391977745e-06 -5.589031477298965279e-06 3.603107512101524101e-06
6.943105108004552939e+00 3.014143993518013476e-06 -4.053225291638858457e-06 7.067369289677029375e-06
6.944216466084126793e+00 7.417129792915222664e-06 -1.857365856115085537e-06 9.274495652172211747e-06
6.945327824163699759e+00 1.049861041909166712e-05 6.367034457420426642e-07 9.861906978500503383e-06
6.946439182243272725e+00 1.175337611903298544e-05 3.018441778480350173e-06 8.734934337312068479e-06
6.947550540322846579e+00 1.097812914960729779e-05 4.896136425796554769e-06 6.081992732665327293e-06
6.948661898402419546e+00 8.304450396743044319e-06 5.961264983504674646e-06 2.343185416147355253e-06
6.949773256481992512e+00 4.176684064333856310e-06 6.039119367087184223e-06 -1.862435299807179611e-06
6.950884614561565478e+00 -7.215565712265746556e-07 5.117386190549474934e-06 -5.838942750189621430e-06
6.951995972641139332e+00 -5.580127134501654111e-06 3.348010020836898509e-06 -8.928137156247473183e-06
6.953107330720712298e+00 -9.595766892704930742e-06 1.022062058275688613e-06 -1.061782895202628110e-05
6.954218688800285264e+00 -1.210425273524653366e-05 -1.478226412070740145e-06 -1.062602632216993765e-05
6.955330046879859118e+00 -1.268958126034805750e-05 -3.742358297287060920e-06 -8.947222957384460442e-06
6.956441404959432084e+00 -1.125227101634342922e-05 -5.399040745112680998e-06 -5.853230273116675553e-06
6.957552763039005050e+00 -8.025600402219707061e-06 -6.177138789896356209e-06 -1.848461613064523315e-06
6.958664121118578905e+00 -3.537166174567640082e-06 -5.950103836685695136e-06 2.412937667135339520e-06
6.959775479198151871e+00 1.477880650967269881e-06 -4.756595429935753460e-06 6.234476082874046139e-06
6.960886837277724837e+00 6.197629442016190648e-06 -2.793935313895796774e-06 8.991564758106531204e-06
6.961998195357298691e+00 9.848379551712655041e-06 -3.855012730500530990e-07 1.023388082967132209e-05
6.963109553436871657e+00 1.183161474807917224e-05 2.072550684120485043e-06 9.759064061491679173e-06
6.964220911516444623e+00 1.182215263537382560e-05 4.176456668796667198e-06 7.645695970677341660e-06
6.965332269596017589e+00 9.821388153006209822e-06 5.581184963421009901e-06 4.240203190994201959e-06
6.966443627675591443e+00 6.156935065771340296e-06 6.057043756599465227e-06 9.989131148567431304e-08
6.967554985755164410e+00 1.428775828001659093e-06 5.527267156386033017e-06 -4.098491326042737789e-06
6.968666343834737376e+00 -3.589196972770284039e-06 4.080427354083435975e-06 -7.669624325907382619e-06
6.969777701914311230e+00 -8.076055850334643444e-06 1.955665263849442819e-06 -1.003172111396668890e-05
6.970889059993884196e+00 -1.129829572214023926e-05 -4.967988097495496947e-07 -1.080149690855994050e-05
6.972000418073457162e+00 -1.272982201300947384e-05 -2.873353763060714027e-06 -9.856468254454064533e-06
6.973111776153031016e+00 -1.213781715006005445e-05 -4.783382441596427195e-06 -7.354434704749951903e-06
6.974223134232603982e+00 -9.620456486543372019e-06 -5.913422560464321111e-06 -3.707033924468892944e-06
6.975334492312176948e+00 -5.590358320631262613e-06 -6.078563436262744167e-06 4.882051217012247870e-07
6.976445850391749914e+00 -7.065600396889941002e-07 -5.252649563800005484e-06 4.546089528111131253e-06
6.977557208471323769e+00 4.233750188967971633e-06 -3.572356083698091441e-06 7.806106270271651705e-06
6.978668566550896735e+00 8.425935058295029188e-06 -1.314501763775210497e-06 9.740436823773433630e-06
6.979779924630469701e+00 1.118958248120082290e-05 1.149635591976405805e-06 1.003994689299703535e-05
6.980891282710043555e+00 1.207956571789287054e-05 3.415461663734377257e-06 8.664104054183262640e-06
6.982002640789616521e+00 1.095832065846347181e-05 5.111595818526555678e-06 5.846724840056775527e-06
6.983113998869189487e+00 8.017564372080425824e-06 5.960846701629206210e-06 2.056717672931420175e-06
6.984225356948763341e+00 3.745990936762449457e-06 5.825618646157990969e-06 -2.079627707961663810e-06
6.985336715028336307e+00 -1.151649766104907165e-06 4.730306964397124312e-06 -5.881956725845658432e-06
6.986448073107909273e+00 -5.870716628813754862e-06 2.857032783798029489e-06 -8.727749411238333132e-06
6.987559431187483128e+00 -9.638957030155171924e-06 5.154556585952916421e-07 -1.015441269300548275e-05
6.988670789267056094e+00 -1.184315963386748706e-05 -1.908337394829171481e-06 -9.934822235231036310e-06
6.989782147346629060e+00 -1.212940438042684073e-05 -4.015434616399586013e-06 -8.113969759098495362e-06
6.990893505426202026e+00 -1.046050589912739752e-05 -5.459719648287918062e-06 -5.000786251783050448e-06
6.992004863505775880e+00 -7.121301746343316948e-06 -6.004716955342995898e-06 -1.116584790689665788e-06
6.993116221585348846e+00 -2.671020344116591149e-06 -5.562327226032943191e-06 2.891306885101071409e-06
6.994227579664921812e+00 2.149348112865230543e-06 -4.207107343303870510e-06 6.356455461141334378e-06
6.995338937744495666e+00 6.539376855089980333e-06 -2.163778839598458782e-06 8.703155696083028040e-06
6.996450295824068633e+00 9.771073236804308007e-06 2.299461787714519032e-07 9.541127060289443355e-06
6.997561653903641599e+00 1.130860870123994637e-05 2.579076622453374079e-06 8.729532081989380046e-06
6.998673011983215453e+00 1.089625553074935693e-05 4.496405875780800138e-06 6.399849651692218110e-06
6.999784370062788419e+00 8.600128282015946174e-06 5.666215070140841133e-06 2.933913211777638654e-06
7.000895728142361385e+00 4.796943154291454956e-06 5.896140902658175627e-06 -1.099197749326141337e-06
7.002007086221935239e+00 1.117210869136865713e-07 5.148691763915556448e-06 -5.036970676220114371e-06
7.003118444301508205e+00 -4.685253440547170937e-06 3.547252942926900618e-06 -8.232506377890582409e-06
7.004229802381081171e+00 -8.805227673164204010e-06 1.355623035003953960e-06 -1.016085071142520972e-05
7.005341160460654137e+00 -1.157066470329085374e-05 -1.065522412751960476e-06 -1.050514228897168707e-05
7.006452518540227992e+00 -1.252650326555947514e-05 -3.318053686987548480e-06 -9.208449574424360380e-06
7.007563876619800958e+00 -1.151474014039586971e-05 -5.031905569951729851e-06 -6.482834573263307763e-06
7.008675234699373924e+00 -8.700131262306425224e-06 -5.925910087355488022e-06 -2.774221174951526736e-06
7.009786592778947778e+00 -4.542856874906028156e-06 -5.853944333336017721e-06 1.311087459612658471e-06
7.010897950858520744e+00 2.772907537192670222e-07 -4.828820522843169575e-06 5.106111275964759138e-06
7.012009308938093710e+00 4.972679776489769866e-06 -3.020013979573840982e-06 7.992693755883297863e-06
7.013120667017667564e+00 8.777165748026819029e-06 -7.256312243457623031e-07 9.502796977682103176e-06
7.014232025097240530e+00 1.107171564180455054e-05 1.676744151607355804e-06 9.394971487595301803e-06
7.015343383176813497e+00 1.148570435032683857e-05 3.792222033301816125e-06 7.693482318423463672e-06
7.016454741256387351e+00 9.957291628297211219e-06 5.273555428049749097e-06 4.683736203278422987e-06
7.017566099335960317e+00 6.743026745795236454e-06 5.878186139167326819e-06 8.648406079524243719e-07
7.018677457415533283e+00 2.375185956194700711e-06 5.508014638821136168e-06 -3.132828681782275646e-06
7.019788815495106249e+00 -2.426068785894413540e-06 4.225373146220878261e-06 -6.651441931550468209e-06
7.020900173574680103e+00 -6.871212975554796961e-06 2.242600800313010723e-06 -9.113813773522274351e-06
7.022011531654253069e+00 -1.023105084271126410e-05 -1.130368778253305458e-07 -1.011801396753204670e-05
7.023122889733826035e+00 -1.195625833235723046e-05 -2.453289946836730945e-06 -9.502968381681027913e-06
7.024234247813399890e+00 -1.176716384814240139e-05 -4.392838095402483287e-06 -7.374325749469883034e-06
7.025345605892972856e+00 -9.699074968665047770e-06 -5.612657322729937889e-06 -4.086417644737066481e-06
7.026456963972545822e+00 -6.095781946458096262e-06 -5.912421022298190062e-06 -1.833609244992801153e-07
7.027568322052119676e+00 -1.552402942859001982e-06 -5.243331136144668700e-06 3.690928191001340833e-06
7.028679680131692642e+00 3.182953167354151997e-06 -3.716001785387328360e-06 6.898954961460952712e-06
7.029791038211265608e+00 7.332468846187856193e-06 -1.582124975717060112e-06 8.914593823419042756e-06
7.030902396290839462e+00 1.021654228709477125e-05 8.070402369761266065e-07 9.409502052620658842e-06
7.032013754370412428e+00 1.136531937668434358e-05 3.058506709907689515e-06 8.306812663396467866e-06
7.033125112449985394e+00 1.059552598879364728e-05 4.802200835116525594e-06 5.793325158132614093e-06
7.034236470529558360e+00 8.040029419971590188e-06 5.751773147153210294e-06 2.288256271201100924e-06
7.035347828609132215e+00 4.125345539259486256e-06 5.751585408542914793e-06 -1.626239863864191362e-06
7.036459186688705181e+00 -4.991223468693264031e-07 4.802164816245955295e-06 -5.301287164789552432e-06
7.037570544768278147e+00 -5.068400279362267834e-06 3.059964047933148301e-06 -8.128364327920036865e-06
7.038681902847852001e+00 -8.828104782891738501e-06 8.114940926386079339e-07 -9.639598873675036595e-06
7.039793260927424967e+00 -1.115866945972782731e-05 -1.573890518477446208e-06 -9.584778941760554972e-06
7.040904619006997933e+00 -1.167719922080833954e-05 -3.704770034272277912e-06 -7.972429178251249312e-06
7.042015977086571787e+00 -1.030022746055535986e-05 -5.231996228520258992e-06 -5.068231232117386727e-06
7.043127335166144753e+00 -7.257099210459670209e-06 -5.906008631723743431e-06 -1.351090576249209992e-06
7.044238693245717720e+00 -3.051840879316293010e-06 -5.617717082753056697e-06 2.565876208641761666e-06
7.045350051325291574e+00 1.620149139650624230e-06 -4.416249367960981109e-06 6.036398511002891479e-06
7.046461409404864540e+00 5.986830002317729889e-06 -2.500673183465641398e-06 8.487503196998543212e-06
7.047572767484437506e+00 9.326756603505167509e-06 -1.870830872716595926e-07 9.513839690382498113e-06
7.048684125564010472e+00 1.108787892864971405e-05 2.143508846999486176e-06 8.944370081124895501e-06
7.049795483643584326e+00 1.097836382342099438e-05 4.107890531246495634e-06 6.870473295761103910e-06
7.050906841723157292e+00 9.014523688292199475e-06 5.383653216437126946e-06 3.630870468670723315e-06
7.052018199802730258e+00 5.518003821419804493e-06 5.762123104748359770e-06 -2.441192823107469351e-07
7.053129557882304113e+00 1.062734066106854603e-06 5.182531010219565740e-06 -4.119796942811424585e-06
7.054240915961877079e+00 -3.619590795557956484e-06 3.741824002730992759e-06 -7.361414795136646673e-06
7.055352274041450045e+00 -7.759924415912407129e-06 1.678533588584573835e-06 -9.438458001270216998e-06
7.056463632121023899e+00 -1.067835621123067310e-05 -6.666182277357855957e-07 -1.001173797905094567e-05
7.057574990200596865e+00 -1.189587003201810324e-05 -2.906872390947724488e-06 -8.988997640989516329e-06
7.058686348280169831e+00 -1.121301217852027979e-05 -4.673095094126950315e-06 -6.539917086604231155e-06
7.059797706359742797e+00 -8.742560345971570073e-06 -5.674473999169798624e-06 -3.068086344932202870e-06
7.060909064439316651e+00 -4.890857636938608329e-06 -5.746272514681965255e-06 8.554148748443544768e-07
7.062020422518889617e+00 -2.909177702021926119e-07 -4.876804728231187312e-06 4.585886959352702215e-06
7.063131780598462583e+00 4.301672693796236997e-06 -3.209218147371944861e-06 7.510890839776696037e-06
7.064243138678036438e+00 8.132918287676421497e-06 -1.017817548682438290e-06 9.150735838151413166e-06
7.065354496757609404e+00 1.057423511022212762e-05 1.337151147096707456e-06 9.237083966421848354e-06
7.066465854837182370e+00 1.122558320051963076e-05 3.468801381459169751e-06 7.756781818505048380e-06
7.067577212916756224e+00 9.980990358594079041e-06 5.027227849070848831e-06 4.953762510133248939e-06
7.068688570996329190e+00 7.045735105930355489e-06 5.756986881271525998e-06 1.288748220550999218e-06
7.069799929075902156e+00 2.902411801115563540e-06 5.538993082452943172e-06 -2.636581288044391490e-06
7.070911287155476010e+00 -1.768506343093773238e-06 4.409961737571103208e-06 -6.178468079900730755e-06
7.072022645235048977e+00 -6.200515480509633049e-06 2.556224692047855644e-06 -8.756740172066377720e-06
7.073134003314621943e+00 -9.666946852206697061e-06 2.829631271303950592e-07 -9.949909979978656898e-06
7.074245361394194909e+00 -1.160016766019896075e-05 -2.036059854453283470e-06 -9.564107806169387305e-06
7.075356719473768763e+00 -1.168455430891945401e-05 -4.019984253227495260e-06 -7.664570053722630021e-06
7.076468077553341729e+00 -9.908002508999258360e-06 -5.343438512169834656e-06 -4.564564002807916076e-06
7.077579435632914695e+00 -6.563561656113224552e-06 -5.789938155520828550e-06 -7.736235017069541416e-07
7.078690793712488549e+00 -2.200986091814646032e-06 -5.287331915763148750e-06 3.086345826620618074e-06
7.079802151792061515e+00 2.463787069087179619e-06 -3.919489957870025031e-06 6.383277025243539260e-06
7.080913509871634481e+00 6.666318663663826140e-06 -1.912339972851264765e-06 8.578658639171258326e-06
7.082024867951208336e+00 9.719154189234925219e-06 4.034248827474450302e-07 9.315729307737397369e-06
7.083136226030781302e+00 1.112450391429441719e-05 2.646810817785913135e-06 8.477693096170424406e-06
7.084247584110354268e+00 1.065563466490221508e-05 4.449190224233225238e-06 6.206444444277016469e-06
7.085358942189928122e+00 8.393650125830881743e-06 5.514862000616590573e-06 2.878788129338452238e-06
7.086470300269501088e+00 4.713683211040605543e-06 5.669554971636057503e-06 -9.558717632924946498e-07
7.087581658349074054e+00 2.228371580592534648e-07 4.888917173249780952e-06 -4.666080011417575077e-06
7.088693016428647020e+00 -4.339865150391580524e-06 3.302332475846364515e-06 -7.642197623837893277e-06
7.089804374508220874e+00 -8.225040473424108324e-06 1.171466609765479373e-06 -9.396507088263113033e-06
7.090915732587793840e+00 -1.079601685516545973e-05 -1.152901204466339211e-06 -9.643115656708903141e-06
7.092027090667366807e+00 -1.163320187652829475e-05 -3.288640015370426295e-06 -8.344561862523780236e-06
7.093138448746940661e+00 -1.060263177935034311e-05 -4.885111068914412674e-06 -5.717520711129477621e-06
7.094249806826513627e+00 -7.877492434297083936e-06 -5.680758610140128355e-06 -2.196733828424332133e-06
7.095361164906086593e+00 -3.909143949994451039e-06 -5.545987931907369941e-06 1.636843985192630474e-06
7.096472522985660447e+00 6.475171342107069071e-07 -4.504300540430507950e-06 5.151817667775669771e-06
7.097583881065233413e+00 5.042030113723530076e-06 -2.728238528193387347e-06 7.770268641561200854e-06
7.098695239144806379e+00 8.551887293960649483e-06 -5.108350026137104844e-07 9.062722298979252947e-06
7.099806597224380234e+00 1.060127692648746745e-05 1.782707220648121905e-06 8.818569702279820024e-06
7.100917955303953200e+00 1.085554406368930010e-05 3.775142001349007929e-06 7.080402061462966786e-06
7.102029313383526166e+00 9.275877025921872097e-06 5.139213549417195684e-06 4.136663476685256214e-06
7.103140671463099132e+00 6.125284569353148223e-06 5.651397687542099798e-06 4.738868835640288495e-07
7.104252029542672986e+00 1.924944616815713950e-06 5.228526050608199566e-06 -3.303581432487883777e-06
7.105363387622245952e+00 -2.631836827449487157e-06 3.941292606243247885e-06 -6.573129440755199194e-06
7.106474745701818918e+00 -6.793861233799029640e-06 2.002449034808175182e-06 -8.796310271349874212e-06
7.107586103781392772e+00 -9.875653498607962804e-06 -2.683412021951505664e-07 -9.607312299518559653e-06
7.108697461860965738e+00 -1.137012964536236372e-05 -2.497185546071393309e-06 -8.872944100083903364e-06
7.109808819940538704e+00 -1.103180670331543195e-05 -4.317501103877121291e-06 -6.714305599104233239e-06
7.110920178020112559e+00 -8.916914285515320615e-06 -5.430282878236835767e-06 -3.486631407410033300e-06
7.112031536099685525e+00 -5.373861053511483791e-06 -5.653195252348646034e-06 2.793341968938526683e-07
7.113142894179258491e+00 -9.856825577592937611e-07 -4.950428960952168462e-06 3.964746400630875321e-06
7.114254252258832345e+00 3.526018489548030571e-06 -3.438436727256536537e-06 6.964455216806218822e-06
7.115365610338405311e+00 7.419806850928915365e-06 -1.366631301791962157e-06 8.786438154288621794e-06
7.116476968417978277e+00 1.005628484768033470e-05 9.237536678759566980e-07 9.132531181327388129e-06
7.117588326497551243e+00 1.100306573153293793e-05 3.055853565249738187e-06 7.947212164865093793e-06
7.118699684577125097e+00 1.010561765684369305e-05 4.679160799013562499e-06 5.426456859637210123e-06
7.119811042656698064e+00 7.512373580886473070e-06 5.527115452459798841e-06 1.985258123186814914e-06
7.120922400736271030e+00 3.650033113528189355e-06 5.460837377442636379e-06 -1.810804266253494626e-06
7.122033758815844884e+00 -8.468282056405007120e-07 4.491827021039639026e-06 -5.338655227979656839e-06
7.123145116895417850e+00 -5.240222586109131525e-06 2.779927091867648003e-06 -8.020149680159720229e-06
7.124256474974990816e+00 -8.810080117196106254e-06 6.069074752027176147e-07 -9.416987592104215222e-06
7.125367833054564670e+00 -1.097248843924061461e-05 -1.669958135135619680e-06 -9.302530304794709291e-06
7.126479191134137636e+00 -1.137541324417620884e-05 -3.676672017134851369e-06 -7.698741228067788607e-06
7.127590549213710602e+00 -9.956198148676317819e-06 -5.083974747691886081e-06 -4.872223400513112112e-06
7.128701907293284457e+00 -6.951439164977263660e-06 -5.661386602512558287e-06 -1.290052562814895899e-06
7.129813265372857423e+00 -2.857669305407561455e-06 -5.314955982239312779e-06 2.457286677679491543e-06
7.130924623452430389e+00 1.650625100483521046e-06 -4.102530967121805347e-06 5.753156067213986160e-06
7.132035981532003355e+00 5.832130313567914187e-06 -2.224071442360126618e-06 8.056201757753430264e-06
7.133147339611577209e+00 9.000669640131250349e-06 1.137587465102311919e-08 8.989293771685378419e-06
7.134258697691150175e+00 1.063794639271219036e-05 2.236583793027137535e-06 8.401362595828233568e-06
7.135370055770723141e+00 1.047853947671799444e-05 4.086544672680363139e-06 6.391994798792810913e-06
7.136481413850296995e+00 8.553210525920180670e-06 5.258426469170116092e-06 3.294784053586615055e-06
7.137592771929869961e+00 5.183448859685843948e-06 5.561232501681952428e-06 -3.777836472111819168e-07
7.138704130009442927e+00 9.282043579353135691e-07 4.947017186761140954e-06 -4.018812825813746037e-06
7.139815488089016782e+00 -3.508380774199747391e-06 3.518551593906656575e-06 -7.026932369580123133e-06
7.140926846168589748e+00 -7.393030072130783598e-06 1.512209834360635705e-06 -8.905239909483387854e-06
7.142038204248162714e+00 -1.008407036484217797e-05 -7.410784067675645320e-07 -9.342991959753288745e-06
7.143149562327735680e+00 -1.113698926713282618e-05 -2.870362302109146463e-06 -8.266626963493481662e-06
7.144260920407309534e+00 -1.037746814522198883e-05 -4.525706968568999892e-06 -5.851761181062620438e-06
7.145372278486882500e+00 -7.929907304444406326e-06 -5.435691500459785981e-06 -2.494215802668971503e-06
7.146483636566455466e+00 -4.196789912632410078e-06 -5.451920737456269965e-06 1.255130822204903471e-06
7.147594994646029321e+00 2.076843794794908663e-07 -4.573250324762200602e-06 4.780934703628016098e-06
7.148706352725602287e+00 4.558749795072073583e-06 -2.945768767861772718e-06 7.504518559317823685e-06
7.149817710805175253e+00 8.140352620404616303e-06 -8.385705640216567848e-07 8.978923179848539852e-06
7.150929068884749107e+00 1.036293695747630319e-05 1.400665652624654941e-06 8.962271304165975074e-06
7.152040426964322073e+00 1.086037635318341430e-05 3.402964952275670463e-06 7.457411397222723612e-06
7.153151785043895039e+00 9.550132345073563292e-06 4.838774796498244047e-06 4.711357549666295988e-06
7.154263143123468893e+00 6.646777675157850574e-06 5.472126955832899498e-06 1.174650711250181754e-06
7.155374501203041859e+00 2.626689527647534244e-06 5.199345243900520784e-06 -2.572655715788834508e-06
7.156485859282614825e+00 -1.850254383047566094e-06 4.065953217802729450e-06 -5.916207603268417060e-06
7.157597217362187791e+00 -6.049086281020135588e-06 2.259027768985258801e-06 -8.308114052966160363e-06
7.158708575441761646e+00 -9.280439327783078729e-06 7.628474541626465328e-08 -9.356724077428345954e-06
7.159819933521334612e+00 -1.101368992929070456e-05 -2.122993347780293473e-06 -8.890696579493352476e-06
7.160931291600907578e+00 -1.096397764325012108e-05 -3.977098307127180625e-06 -6.986879339264392531e-06
7.162042649680481432e+00 -9.138835744904391187e-06 -5.181370797376505199e-06 -3.957464947611782907e-06
7.163154007760054398e+00 -5.836809370010968723e-06 -5.538230150440230203e-06 -2.985792207150258208e-07
7.164265365839627364e+00 -1.598328574692087865e-06 -4.989545302499253553e-06 3.391216722259379404e-06
7.165376723919201218e+00 2.883057484249734021e-06 -3.626045601390106342e-06 6.509103081773688919e-06
7.166488081998774184e+00 6.874480616009408826e-06 -1.672251120424073181e-06 8.546731734038442562e-06
7.167599440078347151e+00 9.723886815469916418e-06 5.505715829907158946e-07 9.173315233298450790e-06
7.168710798157921005e+00 1.096678595327821130e-05 2.677312740378471073e-06 8.289473216459420756e-06
7.169822156237493971e+00 1.040211582453154506e-05 4.359066366123503838e-06 6.043049462571526646e-06
7.170933514317066937e+00 8.124813485415685881e-06 5.320441681828117667e-06 2.804371806505511167e-06
7.172044872396639903e+00 4.509805524900444864e-06 5.404721340424091625e-06 -8.949158195298601861e-07
7.173156230476213757e+00 1.501116084811954157e-07 4.599458126821725831e-06 -4.449346526569220023e-06
7.174267588555786723e+00 -4.240715969512596090e-06 3.038326664660016482e-06 -7.279042629963706281e-06
7.175378946635359689e+00 -7.945753125947201703e-06 9.789553683519834345e-07 -8.924708501489306896e-06
7.176490304714933544e+00 -1.036220640135116663e-05 -1.239586969902787211e-06 -9.122619429552261013e-06
7.177601662794506510e+00 -1.109997024592714954e-05 -3.252635299452292970e-06 -7.847334946696654689e-06
7.178713020874079476e+00 -1.004509133717172237e-05 -4.729905543558968595e-06 -5.315185792379706738e-06
7.179824378953653330e+00 -7.377781066583969543e-06 -5.429739222841686532e-06 -1.948041847366681088e-06
7.180935737033226296e+00 -3.542094984640684660e-06 -5.238704527769337509e-06 1.696609543937753120e-06
7.182047095112799262e+00 8.276555398178097862e-07 -4.190061555580255159e-06 5.017717089056663847e-06
7.183158453192373116e+00 5.011594480442225629e-06 -2.458082629597741628e-06 7.469677100770850140e-06
7.184269811271946082e+00 8.322820265056543994e-06 -3.291923538960408548e-07 8.652012620099766885e-06
7.185381169351519048e+00 1.022028656033928048e-05 1.845297662026120725e-06 8.374988900676510220e-06
7.186492527431092014e+00 1.039747894861736785e-05 3.707063884631719194e-06 6.690415060078258569e-06
7.187603885510665869e+00 8.832347956655672128e-06 4.949725114066985546e-06 3.882622847164863395e-06
7.188715243590238835e+00 5.790348798462881111e-06 5.369179392620611701e-06 4.211694069256872303e-07
7.189826601669811801e+00 1.780159210777245446e-06 4.897055821843803025e-06 -3.116896615748652473e-06
7.190937959749385655e+00 -2.530568414621433291e-06 3.611800127773640103e-06 -6.142368549947802757e-06
7.192049317828958621e+00 -6.425506993012663137e-06 1.725597519034614471e-06 -8.151104514530009527e-06
7.193160675908531587e+00 -9.257820933032804872e-06 -4.506879083252703422e-07 -8.807133030652376825e-06
7.194272033988105441e+00 -1.055674590240774974e-05 -2.558765167170639367e-06 -7.997980743998550667e-06
7.195383392067678407e+00 -1.010505495013932536e-05 -4.251911658985948515e-06 -5.853143288430071056e-06
7.196494750147251374e+00 -7.974694839073504334e-06 -5.251999825132098566e-06 -2.722695012043500548e-06
7.197606108226825228e+00 -4.514769937671145772e-06 -5.395178078580557994e-06 8.804081321412896818e-07
7.198717466306398194e+00 -2.938966121640768960e-07 -4.658705398945591438e-06 4.364808784327265376e-06
7.199828824385971160e+00 3.993546022320064361e-06 -3.164546843702683002e-06 7.158092868021291957e-06
7.200940182465544126e+00 7.641813416525559174e-06 -1.159164035503757953e-06 8.800977443795048537e-06
7.202051540545117980e+00 1.004999904565790928e-05 1.027149758504279958e-06 9.022849283960218127e-06
7.203162898624690946e+00 1.082092880841284928e-05 3.034679815885326120e-06 7.786248987070168231e-06
7.204274256704263912e+00 9.826485773886533290e-06 4.533482104698629569e-06 5.293003664900124686e-06
7.205385614783837767e+00 7.228643716311241723e-06 5.277617244961907940e-06 1.951026457964307392e-06
7.206496972863410733e+00 3.452778798031046046e-06 5.145512022076502215e-06 -1.692733225893449972e-06
7.207608330942983699e+00 -8.823215816368411323e-07 4.159825100354917353e-06 -5.042146681356695533e-06
7.208719689022557553e+00 -5.066216994701954315e-06 2.483571262540794084e-06 -7.549788256314770019e-06
7.209831047102130519e+00 -8.413588480582923773e-06 3.931663196507612329e-07 -8.806754803029618792e-06
7.210942405181703485e+00 -1.037682111130402505e-05 -1.767150398233984017e-06 -8.609670716027510774e-06
7.212053763261277339e+00 -1.063589192798083465e-05 -3.642001195557892131e-06 -6.993890732908434276e-06
7.213165121340850305e+00 -9.150802077979197543e-06 -4.923329214923846377e-06 -4.227472864100623705e-06
7.214276479420423271e+00 -6.167960437140371590e-06 -5.401016017493561456e-06 -7.669444244997227752e-07
7.215387837499996238e+00 -2.179501656358449229e-06 -4.997341329614750987e-06 2.817839672906736342e-06
7.216499195579570092e+00 2.157744869617856038e-06 -3.779634420152759126e-06 5.937379291184478324e-06
7.217610553659143058e+00 6.130288964357838999e-06 -1.949058626675795658e-06 8.079347587607627366e-06
7.218721911738716024e+00 9.085247810451863555e-06 1.926025606762463687e-07 8.892645247013128708e-06
7.219833269818289878e+00 1.053757002712089906e-05 2.292673914073132095e-06 8.244896105294469512e-06
7.220944627897862844e+00 1.024960737860705450e-05 4.005637313056058719e-06 6.243970063347392978e-06
7.222055985977435810e+00 8.269981643336075594e-06 5.049947054465012128e-06 3.220034584334514243e-06
7.223167344057009664e+00 4.925390970327020316e-06 5.254270151567832746e-06 -3.288791790985458286e-07
7.224278702136582631e+00 7.667391429824571108e-07 4.585558447000616977e-06 -3.818819310909298052e-06
7.225390060216155597e+00 -3.521525695283022304e-06 3.154354443573151034e-06 -6.675880139459052003e-06
7.226501418295728563e+00 -7.233940637883146433e-06 1.196480870757465311e-06 -8.430421505949981518e-06
7.227612776375302417e+00 -9.759922710775738970e-06 -9.658519552536578143e-07 -8.794070754680857583e-06
7.228724134454875383e+00 -1.068398734345594687e-05 -2.977105700126528273e-06 -7.706881647308248717e-06
7.229835492534448349e+00 -9.853843076043000877e-06 -4.506902250235856648e-06 -5.346940830959106087e-06
7.230946850614022203e+00 -7.405203842318759690e-06 -5.304318534525128957e-06 -2.100885315247867953e-06
7.232058208693595169e+00 -3.739280496576511279e-06 -5.239064979284052994e-06 1.499784478272855827e-06
7.233169566773168135e+00 5.433081330125658559e-07 -4.322790145920304336e-06 4.866098275148114378e-06
7.234280924852741990e+00 4.741312799035504424e-06 -2.707028513194520342e-06 7.448341312568638892e-06
7.235392282932314956e+00 8.168065503610294541e-06 -6.581520502186564985e-07 8.826217552237871857e-06
7.236503641011887922e+00 1.026418761428083640e-05 1.486533248247773218e-06 8.777654359422442406e-06
7.237614999091461776e+00 1.068928651286721909e-05 3.374308889090403388e-06 7.314977624705156189e-06
7.238726357171034742e+00 9.377600727270904429e-06 4.695043700804685179e-06 4.682557018342424509e-06
7.239837715250607708e+00 6.548489690161974448e-06 5.232133978770713232e-06 1.316355715928164499e-06
7.240949073330180674e+00 2.670090592851261156e-06 4.898016355268778464e-06 -2.227925764588131562e-06
7.242060431409754528e+00 -1.617840945508380467e-06 3.748430625178256813e-06 -5.366271580673879517e-06
7.243171789489327494e+00 -5.609192908497051338e-06 1.973109337433403566e-06 -7.582302244664164789e-06
7.244283147568900461e+00 -8.647541579017909618e-06 -1.355511593226409790e-07 -8.511990426612482522e-06
7.245394505648474315e+00 -1.023390888037827855e-05 -2.230665178071607511e-06 -8.003243706405007771e-06
7.246505863728047281e+00 -1.010854040430479835e-05 -3.967940508576899460e-06 -6.140599897748798372e-06
7.247617221807620247e+00 -8.293298074381149867e-06 -5.062276044604067192e-06 -3.231022035984226510e-06
7.248728579887194101e+00 -5.087746077755376118e-06 -5.334570106640444480e-06 2.468240257944873892e-07
7.249839937966767067e+00 -1.019621472025120787e-06 -4.741054309570347491e-06 3.721432831864049672e-06
7.250951296046340033e+00 3.242127711632871774e-06 -3.380348568750032062e-06 6.622476278403682606e-06
7.252062654125913888e+00 6.997409919338820166e-06 -1.477100396518826281e-06 8.474510308789034530e-06
7.253174012205486854e+00 9.630058821144984028e-06 6.550776489856042600e-07 8.974981173302960645e-06
7.254285370285059820e+00 1.070899353258804174e-05 2.665257993359153091e-06 8.043735538119219585e-06
7.255396728364632786e+00 1.005886551796582816e-05 4.222929389942934477e-06 5.835936124076667136e-06
7.256508086444206640e+00 7.788617498267976668e-06 5.072312507617205239e-06 2.716304989395632079e-06
7.257619444523779606e+00 4.273304372047329237e-06 5.074334118118316261e-06 -8.010297510226340606e-07
7.258730802603352572e+00 9.221069425435275040e-08 4.229372394949137821e-06 -4.137161704631308012e-06
7.259842160682926426e+00 -4.066525715422188484e-06 2.677054155348081828e-06 -6.743579867992313529e-06
7.260953518762499392e+00 -7.519080195968962473e-06 6.731612425066150441e-07 -8.192241440382991530e-06
7.262064876842072358e+00 -9.698289945135122312e-06 -1.452533706310616029e-06 -8.245756238464880235e-06
7.263176234921646213e+00 -1.024672663620223095e-05 -3.350550869187154601e-06 -6.896175766318310437e-06
7.264287593001219179e+00 -9.075223086085456355e-06 -4.709169988136236492e-06 -4.366053102590387820e-06
7.265398951080792145e+00 -6.377272108647842938e-06 -5.305630212723753633e-06 -1.071641899146329692e-06
7.266510309160365999e+00 -2.596975417147138890e-06 -5.042653240448406339e-06 2.445677818464363730e-06
7.267621667239938965e+00 1.644144924329122247e-06 -3.964301584859339619e-06 5.608446507502051455e-06
7.268733025319511931e+00 5.649411370753368913e-06 -2.248587301801359604e-06 7.897998670067607696e-06
7.269844383399084897e+00 8.761501980157697074e-06 -1.780712053025416227e-07 8.939573187126438478e-06
7.270955741478658751e+00 1.047038421265723368e-05 1.906690630616602708e-06 8.563693575789519351e-06
7.272067099558231718e+00 1.049694899071779126e-05 3.663181804714255016e-06 6.833767187763943449e-06
7.273178457637804684e+00 8.838629949744954964e-06 4.803220406330488258e-06 4.035409535891216630e-06
7.274289815717378538e+00 5.769550360959292050e-06 5.140259501616392746e-06 6.292908607486233244e-07
7.275401173796951504e+00 1.795221243989507555e-06 4.619927780704181679e-06 -2.824706545409742613e-06
7.276512531876524470e+00 -2.430723883112444260e-06 3.328808605670542604e-06 -5.759532484496005734e-06
7.277623889956098324e+00 -6.214041173177740007e-06 1.480038685661107791e-06 -7.694079856321079207e-06
7.278735248035671290e+00 -8.933950101776828818e-06 -6.218800619022932877e-07 -8.312070043984509221e-06
7.279846606115244256e+00 -1.014502395378067578e-05 -2.631247216101532641e-06 -7.513776746166395481e-06
7.280957964194818111e+00 -9.650172287286963227e-06 -4.218044809789290199e-06 -5.432127478941654986e-06
7.282069322274391077e+00 -7.532754271267228663e-06 -5.122173534931040598e-06 -2.410580739268188376e-06
7.283180680353964043e+00 -4.142591351515070164e-06 -5.196130312940457242e-06 1.053538952564875267e-06
7.284292038433537009e+00 -3.822119017897118915e-08 -4.429123560409103779e-06 4.390902370456594472e-06
7.285403396513110863e+00 4.105075990847070457e-06 -2.948682025820894938e-06 7.053758015081758981e-06
7.286514754592683829e+00 7.606336606026526041e-06 -9.995177994183180232e-07 8.605854400676102357e-06
7.287626112672256795e+00 9.890794882678001688e-06 1.096855854423096542e-06 8.793939023300310012e-06
7.288737470751830649e+00 1.058420786721294332e-05 2.995090678284538469e-06 7.589117183612773356e-06
7.289848828831403615e+00 9.574145900861715002e-06 4.382830588062072468e-06 5.191315307578620386e-06
7.290960186910976581e+00 7.028213896352118701e-06 5.032051307715356740e-06 1.996162589438951290e-06
7.292071544990550436e+00 3.366252300719637964e-06 4.836476213094234309e-06 -1.470223917321951466e-06
7.293182903070123402e+00 -8.088703587179140418e-07 3.828930503599818858e-06 -4.637800869659953400e-06
7.294294261149696368e+00 -4.810465314649089080e-06 2.175800980390056286e-06 -6.986266301751982270e-06
7.295405619229270222e+00 -7.980907534367861025e-06 1.495361566774606370e-07 -8.130443699924812094e-06
7.296516977308843188e+00 -9.799638613420615750e-06 -1.916268755965756503e-06 -7.883369858569873090e-06
7.297628335388416154e+00 -9.968557216087270189e-06 -3.681798499395205888e-06 -6.286758715313961178e-06
7.298739693467989120e+00 -8.460790838039721997e-06 -4.856913982082329205e-06 -3.603876856511378598e-06
7.299851051547562975e+00 -5.524875270069611396e-06 -5.248825640305474264e-06 -2.760496341394214472e-07
7.300962409627135941e+00 -1.643698151983923422e-06 -4.793712838767674146e-06 3.150014681009790551e-06
7.302073767706708907e+00 2.545006853423068780e-06 -3.567105662341697019e-06 6.112112506435145965e-06
7.303185125786282761e+00 6.353522528182057672e-06 -1.771342536954591327e-06 8.124865062235994836e-06
7.304296483865855727e+00 9.157121160397884048e-06 2.978120510946391168e-07 8.859309106683118339e-06
7.305407841945428693e+00 1.049658939595286990e-05 2.299881073337967892e-06 8.196708323677592085e-06
7.306519200025002547e+00 1.015348382083624474e-05 3.905695750205450146e-06 6.247788070160110248e-06
7.307630558104575513e+00 8.185783778154791739e-06 4.851506168933089357e-06 3.334277612635301911e-06
7.308741916184148479e+00 4.918132445418896156e-06 4.982287248574617031e-06 -6.415480498175196071e-08
7.309853274263721445e+00 8.883148916737024236e-07 4.277130639388009660e-06 -3.388815750901966656e-06
7.310964632343295300e+00 -3.241195689437187074e-06 2.852565180099631315e-06 -6.093760867782709717e-06
7.312075990422868266e+00 -6.792063225691028595e-06 9.432810664753159950e-07 -7.735344294013217346e-06
7.313187348502441232e+00 -9.181399744469804082e-06 -1.136551879486978812e-06 -8.044847871680687690e-06
7.314298706582015086e+00 -1.001728995988122883e-05 -3.044994431045690530e-06 -6.972295529694264962e-06
7.315410064661588052e+00 -9.162867468510406085e-06 -4.468563869805479197e-06 -4.694303606433380860e-06
7.316521422741161018e+00 -6.758465327600321761e-06 -5.173728914023814091e-06 -1.584736418285306972e-06
7.317632780820734872e+00 -3.198258396655840463e-06 -5.045213920791032300e-06 1.846955522661583208e-06
7.318744138900307838e+00 9.347109789865167586e-07 -4.104829422759926056e-06 5.039540404788626866e-06
7.319855496979880805e+00 4.964402203578512394e-06 -2.507753407012022379e-06 7.472155601042263125e-06
7.320966855059454659e+00 8.232764704853593271e-06 -5.168974469902151083e-07 8.749662151446490423e-06
7.322078213139027625e+00 1.020760659782561869e-05 1.540406616348805806e-06 8.667199977260330517e-06
7.323189571218600591e+00 1.056964280665111512e-05 3.326262118465761224e-06 7.243380686826159939e-06
7.324300929298173557e+00 9.264465076076013511e-06 4.547742433615420863e-06 4.716722637757647191e-06
7.325412287377747411e+00 6.510957436176139840e-06 5.004975798730247457e-06 1.505981628856799574e-06
7.326523645457320377e+00 2.764842969752011624e-06 4.623884856190241075e-06 -1.859041886768878079e-06
7.327635003536893343e+00 -1.356580511262829231e-06 3.468216365534878502e-06 -4.824796884136968699e-06
7.328746361616467198e+00 -5.176094333082516220e-06 1.728906350832846875e-06 -6.905000684704743592e-06
7.329857719696040164e+00 -8.067865411215595584e-06 -3.074465458940174188e-07 -7.760418867351446883e-06
7.330969077775613130e+00 -9.560107072606599668e-06 -2.305794662148883325e-06 -7.254312413082378373e-06
7.332080435855186984e+00 -9.412245151408653009e-06 -3.937764152155683171e-06 -5.474481001001507574e-06
7.333191793934759950e+00 -7.653953546210540788e-06 -4.935617801438692238e-06 -2.718335746914948633e-06
7.334303152014332916e+00 -4.579707008787375965e-06 -5.136189179342148665e-06 5.564821756180256447e-07
7.335414510093906770e+00 -6.998187056304585240e-07 -4.507577738596971220e-06 3.807759027550562008e-06
7.336525868173479736e+00 3.343920432339455098e-06 -3.154236166093354382e-06 6.498156598424729632e-06
7.337637226253052702e+00 6.884078952126924250e-06 -1.299638041340129095e-06 8.183716987929205299e-06
7.338748584332625668e+00 9.337464760523410488e-06 7.505998369826949073e-07 8.586864919566240904e-06
7.339859942412199523e+00 1.030097550076507212e-05 2.659056306174927321e-06 7.641919188246029389e-06
7.340971300491772489e+00 9.617678811887172728e-06 4.112015614887291440e-06 5.505663193995490999e-06
7.342082658571345455e+00 7.402295558473306371e-06 4.871017021215251663e-06 2.531278532463742347e-06
7.343194016650919309e+00 4.021949931125070715e-06 4.811974230078967777e-06 -7.900242989616033679e-07
7.344305374730492275e+00 3.541044256379877425e-08 3.945447499842789301e-06 -3.910037063458100112e-06
7.345416732810065241e+00 -3.899132905257154019e-06 2.414756741991444271e-06 -6.313889647616145368e-06
7.346528090889639095e+00 -7.132549200814769955e-06 4.722704641152626772e-07 -7.604819662928461591e-06
7.347639448969212062e+00 -9.131640527278187750e-06 -1.562207132246504888e-06 -7.569433398829992474e-06
7.348750807048785028e+00 -9.566832654252246950e-06 -3.354089832977723102e-06 -6.212742825448083455e-06
7.349862165128358882e+00 -8.366277247034318383e-06 -4.609035232535060707e-06 -3.757242016523751124e-06
7.350973523207931848e+00 -5.727499296487829775e-06 -5.121293587587838453e-06 -6.062057130364885779e-07
7.352084881287504814e+00 -2.084715425031783293e-06 -4.807438185352853432e-06 2.722722754150382602e-06
7.353196239367077780e+00 1.962762205297357784e-06 -3.719947738804085738e-06 5.682709939731306627e-06
7.354307597446651634e+00 5.749226713524505425e-06 -2.038429776344169237e-06 7.787656486488742999e-06
7.355418955526224600e+00 8.652128231775220807e-06 -3.995235832332964259e-08 8.692080582252656630e-06
7.356530313605797566e+00 1.019445266509064026e-05 1.946615397033696216e-06 8.247837263137676954e-06
7.357641671685371421e+00 1.012310047897561334e-05 3.594729703622053727e-06 6.528370767701491070e-06
7.358753029764944387e+00 8.450397951346347005e-06 4.633857235095178332e-06 3.816540716099298206e-06
7.359864387844517353e+00 5.451946931512984690e-06 4.893892937091410059e-06 5.580539932900368692e-07
7.360975745924091207e+00 1.621199576177509289e-06 4.333017602755262818e-06 -2.711818032490993872e-06
7.362087104003664173e+00 -2.411740408164918340e-06 3.044432772266610716e-06 -5.456173178626424342e-06
7.363198462083237139e+00 -5.983717895845495791e-06 1.240888224557550020e-06 -7.224606125825058713e-06
7.364309820162810993e+00 -8.507485571304656294e-06 -7.804303621556084200e-07 -7.727055213322706160e-06
7.365421178242383959e+00 -9.568113547554739706e-06 -2.686859689612765071e-06 -6.881253863432781860e-06
7.366532536321956925e+00 -8.991021590798297790e-06 -4.164998823906221497e-06 -4.826022767443789510e-06
7.367643894401529892e+00 -6.870481150627624447e-06 -4.972224589822372173e-06 -1.898256564751953164e-06
7.368755252481103746e+00 -3.553940675637041018e-06 -4.976515682559948543e-06 1.422575002528321024e-06
7.369866610560676712e+00 4.152089845075152924e-07 -4.178049870784783985e-06 4.593258847195127629e-06
7.370977968640249678e+00 4.386989535460070536e-06 -2.709042220249870984e-06 7.096031753198734894e-06
7.372089326719823532e+00 7.711602119085041000e-06 -8.118733638791645597e-07 8.523475479483063201e-06
7.373200684799396498e+00 9.846051764293257621e-06 1.200873868059017955e-06 8.645177890666396278e-06
7.374312042878969464e+00 1.044312087704715627e-05 2.997880421851040412e-06 7.445240446902765875e-06
7.375423400958543318e+00 9.408096159205200416e-06 4.283586295543865348e-06 5.124509863517136179e-06
7.376534759038116285e+00 6.913971644178140610e-06 4.846752498627646512e-06 2.067219139623892657e-06
7.377646117117689251e+00 3.372677700577023319e-06 4.595111836011846186e-06 -1.222434144668013082e-06
7.378757475197263105e+00 -6.328826342043549695e-07 3.570425929525649674e-06 -4.203308563914430398e-06
7.379868833276836071e+00 -4.444782797093279876e-06 1.941493094630183305e-06 -6.386275899277551608e-06
7.380980191356409037e+00 -7.438207553401629112e-06 -2.372091671070081475e-08 -7.414486639976187088e-06
7.382091549435982003e+00 -9.123998906756986850e-06 -2.002226218947591106e-06 -7.121772689381948834e-06
7.383202907515555857e+00 -9.228772379102731882e-06 -3.669152440612267826e-06 -5.559619940328227819e-06
7.384314265595128823e+00 -7.739471048641085549e-06 -4.751146909142827478e-06 -2.988324136130741371e-06
7.385425623674701789e+00 -4.905084452918878900e-06 -5.071248844707456721e-06 1.661643938939510562e-07
7.386536981754275644e+00 -1.195304493883731823e-06 -4.577871538640000013e-06 3.382567051188440727e-06
7.387648339833848610e+00 2.777029610637019063e-06 -3.353144797303919132e-06 6.130174402576917827e-06
7.388759697913421576e+00 6.356906920986661857e-06 -1.599268048093333515e-06 7.956174964876235652e-06
7.389871055992995430e+00 8.954912879453015497e-06 3.948591361791845452e-07 8.560053738209228260e-06
7.390982414072568396e+00 1.014407128412565947e-05 2.301222350411234559e-06 7.842848932022922139e-06
7.392093772152141362e+00 9.729850569492217149e-06 3.806655614002542415e-06 5.923194950016515440e-06
7.393205130231714328e+00 7.781864649021644198e-06 4.664304366288200762e-06 3.117560277636409970e-06
7.394316488311288182e+00 4.622098427039102940e-06 4.734130547314136647e-06 -1.120321272519509206e-07
7.395427846390861149e+00 7.716473571480944984e-07 4.005812482932056426e-06 -3.234165138289368319e-06
7.396539204470434115e+00 -3.135225854357422538e-06 2.600293691529537888e-06 -5.735519552730514419e-06
7.397650562550007969e+00 -6.455549708323414721e-06 7.497488130826565809e-07 -7.205298524271386404e-06
7.398761920629580935e+00 -8.643424019493761872e-06 -1.240716586846813631e-06 -7.402707429601809315e-06
7.399873278709153901e+00 -9.339727269066876899e-06 -3.043316141680442048e-06 -6.296411123267826930e-06
7.400984636788727755e+00 -8.431018830255955732e-06 -4.361508571560006881e-06 -4.069510262888855113e-06
7.402095994868300721e+00 -6.067984736887781027e-06 -4.978729599291169887e-06 -1.089255139029182717e-06
7.403207352947873687e+00 -2.640431923164225316e-06 -4.793923431331792057e-06 2.153491511545420632e-06
7.404318711027447542e+00 1.287011099388985744e-06 -3.838045913887433386e-06 5.125057012655592260e-06
7.405430069107020508e+00 5.067881735039224113e-06 -2.268845969500305496e-06 7.336727697480641629e-06
7.406541427186593474e+00 8.080242526184628244e-06 -3.448058249603992223e-07 8.425048347198553793e-06
7.407652785266166440e+00 9.828914716810276429e-06 1.617454023108483695e-06 8.211460687963125882e-06
7.408764143345740294e+00 1.002678538214259629e-05 3.295285230331770547e-06 6.731500150999890803e-06
7.409875501425313260e+00 8.641842331339689358e-06 4.413060545784414836e-06 4.228781783540384734e-06
7.410986859504886226e+00 5.902235899561598828e-06 4.787439124312785701e-06 1.114796769285545324e-06
7.412098217584460080e+00 2.258576894505037573e-06 4.357414774824040668e-06 -2.098837889310771132e-06
7.413209575664033046e+00 -1.690294256099073272e-06 3.194223216580264358e-06 -4.884517473492565492e-06
7.414320933743606012e+00 -5.295832658972103994e-06 1.489500688861813088e-06 -6.785333354409963671e-06
7.415432291823179867e+00 -7.966393851386215162e-06 -4.763366324706042007e-07 -7.490057216928863420e-06
7.416543649902752833e+00 -9.264389584191831036e-06 -2.380273447703936289e-06 -6.884116147497546410e-06
7.417655007982325799e+00 -8.978041200774345459e-06 -3.909829274966714810e-06 -5.068211923309132482e-06
7.418766366061899653e+00 -7.155959573752113974e-06 -4.814403525201814063e-06 -2.341556043684254871e-06
7.419877724141472619e+00 -4.098909404895448996e-06 -4.946393068590791540e-06 8.474836645967465359e-07
7.420989082221045585e+00 -3.101520223670005665e-07 -4.285334092124697517e-06 3.975182058832549953e-06
7.422100440300618551e+00 3.587432309759130351e-06 -2.941118027443351396e-06 6.528550337347556468e-06
7.423211798380192405e+00 6.953790242389205065e-06 -1.135775733500596634e-06 8.089565974034652161e-06
7.424323156459765372e+00 9.236855160738672446e-06 8.331520186314894598e-07 8.403703140658247580e-06
7.425434514539338338e+00 1.006314241980030138e-05 2.641615764405641801e-06 7.421526650393133311e-06
7.426545872618912192e+00 9.298905053538376297e-06 3.992360993502775410e-06 5.306544055236232587e-06
7.427657230698485158e+00 7.071837517841430916e-06 4.663766338216038932e-06 2.408071177372702779e-06
7.428768588778058124e+00 3.749801760394924565e-06 4.546192155647683117e-06 -7.963903913938441569e-07
7.429879946857631978e+00 -1.198804791448040172e-07 3.659877427924766706e-06 -3.779757913714297708e-06
7.430991304937204944e+00 -3.900549984190962961e-06 2.151462989025292787e-06 -6.052012977131944645e-06
7.432102663016777910e+00 -6.970904469364753189e-06 2.697362886363505084e-07 -7.240640763087365022e-06
7.433214021096351765e+00 -8.827045734435239862e-06 -1.675391545915810979e-06 -7.151654186394533656e-06
7.434325379175924731e+00 -9.165112624660124731e-06 -3.363913144262482302e-06 -5.801199487559241623e-06
7.435436737255497697e+00 -7.930943607438353162e-06 -4.518356064841307519e-06 -3.412587541457321308e-06
7.436548095335070663e+00 -5.328646294822278102e-06 -4.949362377735053282e-06 -3.792839212982804568e-07
7.437659453414644517e+00 -1.786713129492970486e-06 -4.586730093576988955e-06 2.800016963644639609e-06
7.438770811494217483e+00 2.112696340941259404e-06 -3.490828287072063351e-06 5.603524625148181295e-06
7.439882169573790449e+00 5.729639775594053141e-06 -1.842530210681169751e-06 7.572169986680992755e-06
7.440993527653364303e+00 8.471653066724017854e-06 8.665718741504251421e-08 8.384995874909260478e-06
7.442104885732937269e+00 9.891071229291352836e-06 1.979334579848296314e-06 7.911736647669827353e-06
7.443216243812510236e+00 9.758422133714597820e-06 3.524449722932019821e-06 6.233972410495383431e-06
7.444327601892084090e+00 8.099850266247625799e-06 4.468437372150634544e-06 3.631412886132337063e-06
7.445438959971657056e+00 5.192461525520729521e-06 4.656851796693140921e-06 5.356097231946975283e-07
7.446550318051230022e+00 1.518397850519626947e-06 4.059656229061528264e-06 -2.541258376739438923e-06
7.447661676130803876e+00 -2.314758939739339986e-06 2.776028001568696238e-06 -5.090786941584477709e-06
7.448773034210376842e+00 -5.674131493462196462e-06 1.017910720584594352e-06 -6.692042216971058350e-06
7.449884392289949808e+00 -8.005747133497171964e-06 -9.249597681819918026e-07 -7.080787368793533453e-06
7.450995750369522774e+00 -8.925653589261793358e-06 -2.732785383079320330e-06 -6.192868205000762541e-06
7.452107108449096629e+00 -8.282976956581083224e-06 -4.108330019919778531e-06 -4.174646930245633206e-06
7.453218466528669595e+00 -6.184575635994854454e-06 -4.825779538798745845e-06 -1.358796098934790270e-06
7.454329824608242561e+00 -2.977268657203189204e-06 -4.767806902493039410e-06 1.790538235035677816e-06
7.455441182687816415e+00 8.094033084216411069e-07 -3.944759479217505339e-06 4.754162788608306297e-06
7.456552540767389381e+00 4.550440499997916765e-06 -2.492831405345585608e-06 7.043271902127747717e-06
7.457663898846962347e+00 7.628294585901979584e-06 -6.515425669765543040e-07 8.279837146928092917e-06
7.458775256926536201e+00 9.534495515582972836e-06 1.275751863422690094e-06 8.258743643473769497e-06
7.459886615006109167e+00 9.953281702548258983e-06 2.971810874955958341e-06 6.981470831565070664e-06
7.460997973085682133e+00 8.813497222033242511e-06 4.157692264812972815e-06 4.655804955764694398e-06
7.462109331165255099e+00 6.300244202933064690e-06 4.638589354457751924e-06 1.661654849395636087e-06
7.463220689244828954e+00 2.824402249265921353e-06 4.335788910029410531e-06 -1.511386661331692432e-06
7.464332047324401920e+00 -1.044949412681724337e-06 3.299508910992374325e-06 -4.344458332298920168e-06
7.465443405403974886e+00 -4.674072539165151390e-06 1.700523773506142431e-06 -6.374596314583073653e-06
7.466554763483548740e+00 -7.468686736901503429e-06 -1.980253944194971447e-07 -7.270661344657710994e-06
7.467666121563121706e+00 -8.971544154596415663e-06 -2.083981308290815035e-06 -6.887562851591882854e-06
7.468777479642694672e+00 -8.937436139647833761e-06 -3.647539362002816462e-06 -5.289896781005735290e-06
7.469888837722268526e+00 -7.373324709564621092e-06 -4.632181011016318228e-06 -2.741143702299943924e-06
7.471000195801841492e+00 -4.537032573683053542e-06 -4.876797726757886174e-06 3.397651466862746690e-07
7.472111553881414459e+00 -8.947394521396092947e-07 -4.342088154425404847e-06 3.447348701119942792e-06
7.473222911960988313e+00 2.955699026433706271e-06 -3.116903559517783681e-06 6.072602582313682920e-06
7.474334270040561279e+00 6.382987447945368827e-06 -1.403517663248951457e-06 7.786505111718364746e-06
7.475445628120134245e+00 8.826027137843662118e-06 5.157369984946957761e-07 8.310290140780060694e-06
7.476556986199707211e+00 9.885926800683156101e-06 2.324962921070859219e-06 7.560963873258632018e-06
7.477668344279281065e+00 9.391289358904355818e-06 3.726665070404869428e-06 5.664624284944769054e-06
7.478779702358854031e+00 7.426076660111926480e-06 4.490642980103342565e-06 2.935433683893377707e-06
7.479891060438426997e+00 4.315516229910816982e-06 4.491772531857417905e-06 -1.762562995055697062e-07
7.481002418518000852e+00 5.724077147344313991e-07 3.730476968473370712e-06 -3.158069251524268334e-06
7.482113776597573818e+00 -3.187308628912999367e-06 2.332538712201615799e-06 -5.519847351262653480e-06
7.483225134677146784e+00 -6.345821510530269492e-06 5.283032652382936327e-07 -6.874124784332871326e-06
7.484336492756720638e+00 -8.384902646343605305e-06 -1.385285702385132446e-06 -6.999616945522665732e-06
7.485447850836293604e+00 -8.970882106857634459e-06 -3.093561890553104410e-06 -5.877320223167399781e-06
7.486559208915866570e+00 -8.009205509669382064e-06 -4.315876990635555301e-06 -3.693328517563413989e-06
7.487670566995440424e+00 -5.659647747570050288e-06 -4.851697948885142053e-06 -8.079498001434312068e-07
7.488781925075013390e+00 -2.309729948522656486e-06 -4.613488806124489502e-06 2.303758854925566350e-06
7.489893283154586356e+00 1.489241530991876168e-06 -3.640985266758011559e-06 5.130226793323216464e-06
7.491004641234159322e+00 5.112960570940986598e-06 -2.094534576273669230e-06 7.207495143145714955e-06
7.492115999313733177e+00 7.966784088664992424e-06 -2.286172076966260196e-07 8.195401287735053108e-06
7.493227357393306143e+00 9.583386118834143913e-06 1.650076384918328744e-06 7.933309733969826013e-06
7.494338715472879109e+00 9.699366109447574359e-06 3.233106148319599799e-06 6.466259951358887352e-06
7.495450073552452963e+00 8.298245504578437442e-06 4.260975967333998760e-06 4.037269528010389575e-06
7.496561431632025929e+00 5.612829784740232586e-06 4.565726741074724067e-06 1.047103038331534527e-06
7.497672789711598895e+00 2.086597032692915187e-06 4.098435860091957783e-06 -2.011838832739033063e-06
7.498784147791172749e+00 -1.699491145229700887e-06 2.937118710376903944e-06 -4.636609858903660249e-06
7.499895505870745716e+00 -5.122684337188160249e-06 1.273754481643942541e-06 -6.396438818715771072e-06
7.501006863950318682e+00 -7.620885021109007147e-06 -6.174080767389120269e-07 -7.003476948009180748e-06
7.502118222029892536e+00 -8.784990317087948368e-06 -2.425033965613757043e-06 -6.359956347656951374e-06
7.503229580109465502e+00 -8.425962915257107248e-06 -3.851931228548534841e-06 -4.574031685611906992e-06
7.504340938189038468e+00 -6.605632612675597763e-06 -4.663897083619293786e-06 -1.941735529512554886e-06
7.505452296268611434e+00 -3.626206710046790200e-06 -4.728152536224941124e-06 1.101945823256068522e-06
7.506563654348185288e+00 1.974360221121653955e-08 -4.035057512905151004e-06 4.054801120286528752e-06
7.507675012427758254e+00 3.730550725669501823e-06 -2.699554162184582786e-06 6.430104885864585480e-06
7.508786370507331220e+00 6.894578116854798382e-06 -9.421228747115648682e-07 7.836700992099102081e-06
7.509897728586905075e+00 8.990885509715446826e-06 9.475956961796270936e-07 8.043289809354571714e-06
7.511009086666478041e+00 9.674876102327304784e-06 2.658512490705740473e-06 7.016363614484959189e-06
7.512120444746051007e+00 8.834854501920543461e-06 3.909278348390222797e-06 4.925576151706094604e-06
7.513231802825624861e+00 6.610218775011317066e-06 4.494527903661678437e-06 2.115690872039816320e-06
7.514343160905197827e+00 3.368330121795394327e-06 4.318579905905106256e-06 -9.502497840657907294e-07
7.515454518984770793e+00 -3.561020877292931633e-07 3.411065179443147567e-06 -3.767167274075463636e-06
7.516565877064344647e+00 -3.949120203888931998e-06 1.921930752203721939e-06 -5.871050963602534868e-06
7.517677235143917613e+00 -6.818593425581831593e-06 9.666249472853532847e-08 -6.915255912973454142e-06
7.518788593223490579e+00 -8.491637034599130567e-06 -1.764179522357093234e-06 -6.727457522288220147e-06
7.519899951303063546e+00 -8.692358086676685080e-06 -3.354443375257952793e-06 -5.337914712203821715e-06
7.521011309382637400e+00 -7.387159751214092214e-06 -4.412739597071887342e-06 -2.974420153563874493e-06
7.522122667462210366e+00 -4.790175563573597029e-06 -4.765386490740672771e-06 -2.478906949526207999e-08
7.523234025541783332e+00 -1.327969651800684102e-06 -4.354891905605198453e-06 3.026922251797042030e-06
7.524345383621357186e+00 2.430668601259447251e-06 -3.249302185078195697e-06 5.679970779658924531e-06
7.525456741700930152e+00 5.868270971646276867e-06 -1.630899547704254609e-06 7.499170519080981028e-06
7.526568099780503118e+00 8.420186773144961703e-06 2.338736391896603990e-07 8.186313138142923987e-06
7.527679457860076973e+00 9.667343971871169271e-06 2.038300276970758815e-06 7.629043690965102583e-06
7.528790815939649939e+00 9.405035643849544790e-06 3.485854431929520750e-06 5.919181202806766067e-06
7.529902174019222905e+00 7.676446450036498266e-06 4.338943557500393614e-06 3.337502893509155773e-06
7.531013532098796759e+00 4.765435227506286130e-06 4.457914420297931477e-06 3.075208006410388561e-07
7.532124890178369725e+00 1.149789090145346204e-06 3.823918776984189034e-06 -2.674129683401978695e-06
7.533236248257942691e+00 -2.577342213209143026e-06 2.541894913452963402e-06 -5.119237130372070079e-06
7.534347606337515657e+00 -5.804899429257798335e-06 8.231941371153104332e-07 -6.628093567066122962e-06
7.535458964417089511e+00 -8.004233224594533891e-06 -1.049271436457453900e-06 -6.954961793282909966e-06
7.536570322496662477e+00 -8.815807767819168375e-06 -2.767612467989434850e-06 -6.048195296243226196e-06
7.537681680576235443e+00 -8.108061506807443734e-06 -4.049606748973184600e-06 -4.058454764065269816e-06
7.538793038655809298e+00 -5.998780972599377525e-06 -4.685073580551836592e-06 -1.313707397329787470e-06
7.539904396735382264e+00 -2.835513782769606955e-06 -4.570357590638512921e-06 1.734843815886673359e-06
7.541015754814955230e+00 8.617245419043827138e-07 -3.725263878547410903e-06 4.586988422683727551e-06
7.542127112894529084e+00 4.486000200962941570e-06 -2.289677147583557076e-06 6.775677349548281972e-06
7.543238470974102050e+00 7.443190669127455674e-06 -5.004405161331945733e-07 7.943631178270736161e-06
7.544349829053675016e+00 9.249496552352735337e-06 1.347685293616986361e-06 7.901811260960784461e-06
7.545461187133247982e+00 9.610724176637768987e-06 2.950547927379170340e-06 6.660176253868708870e-06
7.546572545212821836e+00 8.470334590427614776e-06 4.044626853628142793e-06 4.425707735857639956e-06
7.547683903292394803e+00 6.018401880654011810e-06 4.450328136786558159e-06 1.568073747261904306e-06
7.548795261371967769e+00 2.660052325210474045e-06 4.101438647729139017e-06 -1.441386330288349119e-06
7.549906619451541623e+00 -1.051385053459563332e-06 3.055910257368022771e-06 -4.107295313774680965e-06
7.551017977531114589e+00 -4.505493871076301363e-06 1.486218805884537643e-06 -5.991712687348043002e-06
7.552129335610687555e+00 -7.135155590635141665e-06 -3.490975309321448388e-07 -6.786058057133720163e-06
7.553240693690261409e+00 -8.509698160023714510e-06 -2.148023167497664772e-06 -6.361674992537196267e-06
7.554352051769834375e+00 -8.405512260186202654e-06 -3.614758544706640693e-06 -4.790753718745862460e-06
7.555463409849407341e+00 -6.842555142125360501e-06 -4.508345428087881930e-06 -2.334209725251049604e-06
7.556574767928981196e+00 -4.080780422238197827e-06 -4.682230951664947944e-06 6.014505257494175627e-07
7.557686126008554162e+00 -5.771245052239252354e-07 -4.108274737764392454e-06 3.531150237278639082e-06
7.558797484088127128e+00 3.089842101995716648e-06 -2.881267363994592156e-06 5.971109468540829193e-06
7.559908842167700094e+00 6.315179560726559113e-06 -1.203236175438362223e-06 7.518415738498390803e-06
7.561020200247273948e+00 8.567086649039513935e-06 6.498618581904094468e-07 7.917224794324055460e-06
7.562131558326846914e+00 9.474292274028766722e-06 2.373567631527663860e-06 7.100724643460491341e-06
7.563242916406419880e+00 8.886983489394699914e-06 3.684987961144487019e-06 5.201995527325612906e-06
7.564354274485993734e+00 6.901281287614327464e-06 4.369269024500346711e-06 2.532012258214488923e-06
7.565465632565566700e+00 3.843281135940748648e-06 4.314839074500611546e-06 -4.715579427826863633e-07
7.566576990645139666e+00 2.153166633090021357e-07 3.531638317783369283e-06 -3.316321659420358545e-06
7.567688348724713521e+00 -3.386685141745971226e-06 2.149356408841784272e-06 -5.536041550599416600e-06
7.568799706804286487e+00 -6.371151627577024311e-06 3.959877113876555297e-07 -6.767139347848608090e-06
7.569911064883859453e+00 -8.248009059837606733e-06 -1.439750188531167484e-06 -6.808258882003145272e-06
7.571022422963433307e+00 -8.709065293261178761e-06 -3.055940049599364906e-06 -5.653125245506591898e-06
7.572133781043006273e+00 -7.678446687923227469e-06 -4.187107802106536665e-06 -3.491338888074279248e-06
7.573245139122579239e+00 -5.324832967616081029e-06 -4.647821501653637283e-06 -6.770114628375460805e-07
7.574356497202152205e+00 -2.033528439101337778e-06 -4.363085182821148072e-06 2.329556743966796630e-06
7.575467855281726060e+00 1.657003017739806848e-06 -3.380544798834468645e-06 5.037547812464538972e-06
7.576579213361299026e+00 5.143665990688217724e-06 -1.862518564345586435e-06 7.006184558648813723e-06
7.577690571440871992e+00 7.857760310072055173e-06 -5.918316637968942848e-08 7.916943473718178063e-06
7.578801929520445846e+00 9.358221258442646145e-06 1.732656134130334082e-06 7.625565127641845690e-06
7.579913287600018812e+00 9.403769139920025626e-06 3.218417846856915821e-06 6.185351289491964266e-06
7.581024645679591778e+00 7.992143071537965196e-06 4.154179216425966901e-06 3.837963851943053221e-06
7.582136003759165632e+00 5.360016965176716435e-06 4.386730888493877058e-06 9.732860749613872139e-07
7.583247361838738598e+00 1.943670169874955618e-06 3.878674294796985954e-06 -1.935004124263914536e-06
7.584358719918311564e+00 -1.693074314710202118e-06 2.714450754228190139e-06 -4.407525071528411911e-06
7.585470077997885419e+00 -4.951750613461699938e-06 1.086330501030030155e-06 -6.038081114554094800e-06
7.586581436077458385e+00 -7.297693396136503382e-06 -7.373142161390809272e-07 -6.560379182681210137e-06
7.587692794157031351e+00 -8.347831743913329783e-06 -2.456217453308513943e-06 -5.891614294639380305e-06
7.588804152236604317e+00 -7.933415402060341675e-06 -3.787627909364793666e-06 -4.145787490764411145e-06
7.589915510316178171e+00 -6.127393592769691670e-06 -4.512788292220076633e-06 -1.614605300452813571e-06
7.591026868395751137e+00 -3.231989834477585027e-06 -4.512846476717440131e-06 1.280856640973478168e-06
7.592138226475324103e+00 2.714297918627384457e-07 -3.788304444071652458e-06 4.059734228151865736e-06
7.593249584554897957e+00 3.801902982676817430e-06 -2.458823574536089520e-06 6.260726553006561239e-06
7.594360942634470923e+00 6.774709216085510611e-06 -7.434377332976968503e-07 7.518146946299761470e-06
7.595472300714043890e+00 8.697713498756809761e-06 1.075553206654392246e-06 7.622160296942710847e-06
7.596583658793617744e+00 9.252364284036555570e-06 2.699056863371661996e-06 6.553307418233962378e-06
7.597695016873190710e+00 8.346032140570547336e-06 3.860377817284707915e-06 4.485654316077792328e-06
7.598806374952763676e+00 6.127107120529969622e-06 4.369033069983478530e-06 1.758074041584660588e-06
7.599917733032337530e+00 2.960404657548946719e-06 4.141995147121725176e-06 -1.181590496389721640e-06
7.601029091111910496e+00 -6.330382263037605001e-07 3.217238710684095897e-06 -3.850276940753589121e-06
7.602140449191483462e+00 -4.061840878868706048e-06 1.747381140726036170e-06 -5.809222016855967910e-06
7.603251807271056428e+00 -6.761679878105662333e-06 -2.551752805344953824e-08 -6.736162359970053812e-06
7.604363165350630283e+00 -8.288180116949573045e-06 -1.809833446422844360e-06 -6.478346663597175860e-06
7.605474523430203249e+00 -8.390017412449707776e-06 -3.312365600272557819e-06 -5.077651812233096483e-06
7.606585881509776215e+00 -7.050219454455823489e-06 -4.286532983054068083e-06 -2.763686473496107049e-06
7.607697239589350069e+00 -4.488893768186283476e-06 -4.572858380491045421e-06 8.396461044437266070e-08
7.608808597668923035e+00 -1.126959425016759453e-06 -4.125091054033774228e-06 2.998131629636504179e-06
7.609919955748496001e+00 2.483129182946600160e-06 -3.017688470367235184e-06 5.500817644771108272e-06
7.611031313828069855e+00 5.748252017571260609e-06 -1.433446283399822187e-06 7.181698295811708764e-06
7.612142671907642821e+00 8.132132050450045161e-06 3.666691683298144993e-07 7.765462878575893292e-06
7.613254029987215787e+00 9.243446578007794890e-06 2.086507664265175639e-06 7.156938907218781656e-06
7.614365388066789642e+00 8.900061162852017805e-06 3.443460508447467642e-06 5.456600648522181630e-06
7.615476746146362608e+00 7.158843884770004108e-06 4.214907674641945698e-06 2.943936205842971246e-06
7.616588104225935574e+00 4.306181107236997836e-06 4.274752688815023184e-06 3.142841615065919154e-08
7.617699462305508540e+00 8.107827716763848239e-07 3.614048836726078924e-06 -2.803266074615824591e-06
7.618810820385082394e+00 -2.753441948342085998e-06 2.342342154226483297e-06 -5.095784109048736836e-06
7.619922178464655360e+00 -5.801737199689574413e-06 6.695305712324596631e-07 -6.471267770260003501e-06
7.621033536544228326e+00 -7.834566540574622583e-06 -1.128757643498021575e-06 -6.705808902124432236e-06
7.622144894623802180e+00 -8.519600308683404375e-06 -2.756556419544418557e-06 -5.763043889285513624e-06
7.623256252703375146e+00 -7.746163671169055583e-06 -3.946250575051888164e-06 -3.799913100425701302e-06
7.624367610782948113e+00 -5.643220085807278661e-06 -4.502551600510337849e-06 -1.140668490167371789e-06
7.625478968862521967e+00 -2.557964026729232326e-06 -4.334534683054565323e-06 1.776570647480371016e-06
