#    Energy_eV   Re_FT_dcf   Re_FT_dcf1   Re_FT_dcf2
2.267160227550355067e+00 1.155013665731154104e-03 1.728305730379169763e-03 -5.732920646506836637e-04
2.268271585629928477e+00 1.077968242428149065e-03 1.641741194274320970e-03 -5.637729518422947977e-04
2.269382943709501443e+00 8.395732212988227250e-04 1.297157349235293633e-03 -4.575841279339243339e-04
2.270494301789074854e+00 4.789620708166714147e-04 7.509973316342302696e-04 -2.720352608155274937e-04
2.271605659868647820e+00 5.543533007535197954e-05 9.295450637950009032e-05 -3.751917630521149627e-05
2.272717017948221230e+00 -3.612762604304660397e-04 -5.687513881950240213e-04 2.074751277650731945e-04
2.273828376027794640e+00 -7.024772098984145841e-04 -1.125165353674240087e-03 4.226881437767292943e-04
2.274939734107367606e+00 -9.118161210433933794e-04 -1.484530715369095089e-03 5.727145943276723550e-04
2.276051092186941016e+00 -9.545762594012525970e-04 -1.587413427142553290e-03 6.328371677423710179e-04
2.277162450266514426e+00 -8.234161654464260821e-04 -1.416524216113396878e-03 5.931080506668242117e-04
2.278273808346087392e+00 -5.396111264464962393e-04 -9.996154383726599257e-04 4.600043119244402387e-04
2.279385166425660803e+00 -1.495857591536052522e-04 -4.049674822916137645e-04 2.553817231389999068e-04
2.280496524505233769e+00 2.826971999822271153e-04 2.698012514701112960e-04 1.289594851200176126e-05
2.281607882584807179e+00 6.862440431887103370e-04 9.137669293854729785e-04 -2.275228861950574083e-04
2.282719240664380589e+00 9.947071494144574255e-04 1.420942259503475691e-03 -4.262351100867874110e-04
2.283830598743953555e+00 1.157311282352017912e-03 1.707727856523816312e-03 -5.504165741700211764e-04
2.284941956823526965e+00 1.147229734483223851e-03 1.726699520658236953e-03 -5.794697861733408284e-04
2.286053314903099931e+00 9.660285277428674877e-04 1.474457609715595918e-03 -5.084290819750217350e-04
2.287164672982673341e+00 6.434424350823253480e-04 9.922393405513568743e-04 -3.487969054704782856e-04
2.288276031062246751e+00 2.325141016106153924e-04 3.591845299672768999e-04 -1.266704283558080235e-04
2.289387389141819718e+00 -1.991091681516725387e-04 -3.206455834878010891e-04 1.215364153376516376e-04
2.290498747221393128e+00 -5.802929728790755248e-04 -9.353672081997624344e-04 3.550742353215351893e-04
2.291610105300966094e+00 -8.481206191949773598e-04 -1.383680982171266172e-03 5.355603629775239349e-04
2.292721463380539504e+00 -9.582592012322560526e-04 -1.591558781075658874e-03 6.332995798429968959e-04
2.293832821460112914e+00 -8.922790365618691460e-04 -1.524461559088322038e-03 6.321825225286369088e-04
2.294944179539685880e+00 -6.607179774519283261e-04 -1.193071717353066247e-03 5.323537399004717868e-04
2.296055537619259290e+00 -3.013810828177542617e-04 -6.515885987449414676e-04 3.502075159287332783e-04
2.297166895698832700e+00 1.268501921248346709e-04 1.114130321526116130e-05 1.157088889100653037e-04
2.298278253778405666e+00 5.536856368310322934e-04 6.862080606149546791e-04 -1.325224237825959727e-04
2.299389611857979077e+00 9.089835722933727741e-04 1.262542291375692849e-03 -3.535587190777195882e-04
2.300500969937552043e+00 1.134297631087091696e-03 1.645196303758263146e-03 -5.108986726743876272e-04
2.301612328017125453e+00 1.192512307625591406e-03 1.770993646449472297e-03 -5.784813388224150504e-04
2.302723686096698863e+00 1.073978854627212487e-03 1.618967820930350410e-03 -5.449889663046558058e-04
2.303835044176271829e+00 7.981372411994223925e-04 1.213865503408025071e-03 -4.157282622089548269e-04
2.304946402255845239e+00 4.103516858001456102e-04 6.221291445815055332e-04 -2.117774587808620573e-04
2.306057760335418205e+00 -2.552517481212504546e-05 -5.898896365975209166e-05 3.346378884856726632e-05
2.307169118414991615e+00 -4.376406925446704732e-04 -7.173976677437438054e-04 2.797569751999805926e-04
2.308280476494565026e+00 -7.579604409896113781e-04 -1.244600284534651269e-03 4.866398435471128853e-04
2.309391834574137992e+00 -9.334725192410783801e-04 -1.553559060410464321e-03 6.200865411678767314e-04
2.310503192653711402e+00 -9.349328532674283654e-04 -1.593049456955819565e-03 6.581166036887485526e-04
2.311614550733284812e+00 -7.617089283479677730e-04 -1.356137141356805048e-03 5.944282130083654303e-04
2.312725908812857778e+00 -4.419198410413023928e-04 -8.813750808091477817e-04 4.394552397680171266e-04
2.313837266892431188e+00 -2.784382503418793807e-05 -2.465147124378948978e-04 2.186708874052727646e-04
2.314948624972004154e+00 4.126566313989703944e-04 4.442428832805876346e-04 -3.158625188295904884e-05
2.316059983051577564e+00 8.072855199548045063e-04 1.077365287313426789e-03 -2.700797673585312100e-04
2.317171341131150974e+00 1.091207620274634027e-03 1.548664207916432278e-03 -4.574565876424825997e-04
2.318282699210723941e+00 1.217729462365556292e-03 1.780456024378401780e-03 -5.627265620129877355e-04
2.319394057290297351e+00 1.166007343914192418e-03 1.734380906600892225e-03 -5.683735626881639136e-04
2.320505415369870317e+00 9.445100016262954201e-04 1.417765141662273576e-03 -4.732551400369166411e-04
2.321616773449443727e+00 5.896607675769452439e-04 8.824714910410091928e-04 -2.928107234660658198e-04
2.322728131529017137e+00 1.598768033997111093e-04 2.164175827859410317e-04 -5.654077938645543644e-05
2.323839489608590103e+00 -2.740190815267301572e-04 -4.708505938080323472e-04 1.968315122829397690e-04
2.324950847688163513e+00 -6.404402498477075600e-04 -1.066162790223881829e-03 4.257225403776921518e-04
2.326062205767736479e+00 -8.788179632911348460e-04 -1.471347125507817266e-03 5.925291622166824201e-04
2.327173563847309889e+00 -9.495839165076513932e-04 -1.619406728944745161e-03 6.698228124384728727e-04
2.328284921926883300e+00 -8.407082620494835817e-04 -1.485584751672954645e-03 6.448764896231397314e-04
2.329396280006456266e+00 -5.697127693007342231e-04 -1.091490208461423986e-03 5.217774391599420969e-04
2.330507638086029676e+00 -1.808222483001926603e-04 -5.015970756815767845e-04 3.207748273806108712e-04
2.331618996165603086e+00 2.622827994442980537e-04 1.873164130058863064e-04 7.496638643806176686e-05
2.332730354245176052e+00 6.869247237876220658e-04 8.620585782846378053e-04 -1.751338544964593270e-04
2.333841712324749462e+00 1.023380869414029434e-03 1.411636066879457668e-03 -3.882551974664760069e-04
2.334953070404322428e+00 1.216363782598720022e-03 1.745526370627869389e-03 -5.291625880289169137e-04
2.336064428483895838e+00 1.234139230572924018e-03 1.808602980303351815e-03 -5.744637497316924107e-04
2.337175786563469249e+00 1.073778303767952691e-03 1.590252369182164338e-03 -5.164740654112938423e-04
2.338287144643042215e+00 7.616743830138605897e-04 1.126175033720699936e-03 -3.645006507072678231e-04
2.339398502722615625e+00 3.492341171245985643e-04 4.925652034320493478e-04 -1.433310863048261469e-04
2.340509860802188591e+00 -9.555417315023490010e-05 -2.063820406265279295e-04 1.108278674758975124e-04
2.341621218881762001e+00 -4.992917930522582093e-04 -8.555879981549038837e-04 3.562962051033308902e-04
2.342732576961335411e+00 -7.952451434503834959e-04 -1.348019992805642164e-03 5.527748493536367019e-04
2.343843935040908377e+00 -9.343387554008597551e-04 -1.602319702081120290e-03 6.679809466794174588e-04
2.344955293120481787e+00 -8.932550304533021235e-04 -1.576226832344911760e-03 6.829718018928655765e-04
2.346066651200055198e+00 -6.783038663385632799e-04 -1.273583340214556187e-03 5.952794738753380485e-04
2.347178009279628164e+00 -3.244200193582014169e-04 -7.437573627854000835e-04 4.193373434297886088e-04
2.348289367359201574e+00 1.105527213298390481e-04 -7.357235673624042127e-05 1.841250780648924848e-04
2.349400725438774540e+00 5.553554468378258530e-04 6.269392498757433291e-04 -7.158380303840645130e-05
2.350512083518347950e+00 9.370279746929582876e-04 1.242620429853520669e-03 -3.055924551607289152e-04
2.351623441597921360e+00 1.192917135503183262e-03 1.672139831981358377e-03 -4.792226964780051113e-04
2.352734799677494326e+00 1.281003168397295416e-03 1.844689625846426817e-03 -5.636864574486092488e-04
2.353846157757067736e+00 1.186842311757640989e-03 1.731679490285971401e-03 -5.448371785284553126e-04
2.354957515836640702e+00 9.259785794207657517e-04 1.351495581249043121e-03 -4.255170018276389909e-04
2.356068873916214113e+00 5.414221107748820594e-04 7.665324809806514650e-04 -2.251103702029591536e-04
2.357180231995787523e+00 9.660307437902443395e-05 7.297707844758360984e-05 2.362599593059080960e-05
2.358291590075360489e+00 -3.350446214204355622e-04 -6.149829805465883981e-04 2.799383591253791492e-04
2.359402948154933899e+00 -6.821593587553326232e-04 -1.183933787472363219e-03 5.017744287156011840e-04
2.360514306234507309e+00 -8.872017957542444044e-04 -1.539905871511794422e-03 6.527040757551283434e-04
2.361625664314080275e+00 -9.159442232827483266e-04 -1.623867599537073825e-03 7.079233762539161035e-04
2.362737022393653685e+00 -7.631344219907569559e-04 -1.421486935505620469e-03 6.583525135167335451e-04
2.363848380473226651e+00 -4.533969111696085214e-04 -9.655474943212182665e-04 5.121505831540851955e-04
2.364959738552800061e+00 -3.721728163196512396e-05 -3.306119633753159051e-04 2.933946817420926730e-04
2.366071096632373472e+00 4.173355225818107389e-04 3.791984092027869679e-04 3.813711337816052920e-05
2.367182454711946438e+00 8.357917217245436348e-04 1.047305328833507410e-03 -2.115136071093367404e-04
2.368293812791519848e+00 1.149530917751072356e-03 1.563847085744911325e-03 -4.143161679938875408e-04
2.369405170871092814e+00 1.307084866248794941e-03 1.843770811446578117e-03 -5.366859451975966935e-04
2.370516528950666224e+00 1.282631096673543525e-03 1.840863913198723112e-03 -5.582328165220466765e-04
2.371627887030239634e+00 1.080275754768784263e-03 1.555409934277524053e-03 -4.751341795090312237e-04
2.372739245109812600e+00 7.334154123951296123e-04 1.034200635214185815e-03 -3.007852228155902252e-04
2.373850603189386010e+00 2.992767367139582968e-04 3.628927029373230084e-04 -6.361596622055966377e-05
2.374961961268959421e+00 -1.504732109928533235e-04 -3.480424110186286502e-04 1.975692000251300096e-04
2.376073319348532387e+00 -5.415053633914292119e-04 -9.814708579670636257e-04 4.399654945741980627e-04
2.377184677428105797e+00 -8.090599219036966050e-04 -1.432868170000149710e-03 6.238082480949855291e-04
2.378296035507678763e+00 -9.086177541185319617e-04 -1.627539655420465192e-03 7.189219013018464943e-04
2.379407393587252173e+00 -8.232534027180701819e-04 -1.532952312068364825e-03 7.096989093507283242e-04
2.380518751666825583e+00 -5.664552265357628014e-04 -1.164142268287364501e-03 5.976870417525193685e-04
2.381630109746398549e+00 -1.799428164915403867e-04 -5.812990075514000085e-04 4.013561910619408563e-04
2.382741467825971959e+00 2.731652772804521977e-04 1.200857574094682870e-04 1.530795198681850428e-04
2.383852825905544925e+00 7.187146630800202163e-04 8.248923201917435916e-04 -1.061776571127238770e-04
2.384964183985118336e+00 1.083707631731828033e-03 1.417297558182643857e-03 -3.335899264531498945e-04
2.386075542064691746e+00 1.308320394096670197e-03 1.799838842384417215e-03 -4.915184482885189693e-04
2.387186900144264712e+00 1.355766694382989912e-03 1.909479444427937544e-03 -5.537127500451141660e-04
2.388298258223838122e+00 1.218381497265320218e-03 1.728027248795255266e-03 -5.096457515297806579e-04
2.389409616303411088e+00 9.189186255456685548e-04 1.285184744385201028e-03 -3.662661188395689021e-04
2.390520974382984498e+00 5.068427916982906623e-04 6.537190487060501320e-04 -1.468762570059518879e-04
2.391632332462557908e+00 5.022016170621798614e-05 -6.246282408335634972e-05 1.126829857904087379e-04
2.392743690542130874e+00 -3.754631358473328739e-04 -7.453794129973698168e-04 3.699162771511818604e-04
2.393855048621704285e+00 -6.997177909400728590e-04 -1.282378288609213601e-03 5.826604976671076463e-04
2.394966406701277251e+00 -8.686609819126729637e-04 -1.584686499480920246e-03 7.160255175656105031e-04
2.396077764780850661e+00 -8.539068362703218507e-04 -1.602053338715214714e-03 7.481465024427071120e-04
2.397189122860424071e+00 -6.572708016968110967e-04 -1.331070184822175095e-03 6.737993831255062460e-04
2.398300480939997037e+00 -3.105082874315656660e-04 -8.157899494187492717e-04 5.052816619850655083e-04
2.399411839019570447e+00 1.298756252252420210e-04 -1.405344897800822612e-04 2.704101150050137667e-04
2.400523197099143857e+00 5.918971944754158887e-04 5.839358549100583801e-04 7.961339567455223004e-06
2.401634555178716823e+00 9.999247399431476779e-04 1.238622302755450905e-03 -2.386975628119632209e-04
2.402745913258290233e+00 1.287124784643680492e-03 1.715866798147825528e-03 -4.287420135034953825e-04
2.403857271337863200e+00 1.406475570888333915e-03 1.937089067800372433e-03 -5.306134969120628042e-04
2.404968629417436610e+00 1.338533148060309930e-03 1.865759478565043317e-03 -5.272263305019109919e-04
2.406079987497010020e+00 1.094667505378406347e-03 1.513466149965225771e-03 -4.187986445857386913e-04
2.407191345576582986e+00 7.152302934107408749e-04 9.380688270650763827e-04 -2.228385336540267270e-04
2.408302703656156396e+00 2.629493225628706798e-04 2.342333486585468361e-04 2.871597390620428403e-05
2.409414061735729362e+00 -1.873688613045314255e-04 -4.821048356534671231e-04 2.947359743483909944e-04
2.410525419815302772e+00 -5.611379143603198449e-04 -1.092798330020072761e-03 5.316604156610331422e-04
2.411636777894876182e+00 -7.962701108615230505e-04 -1.496933991332216607e-03 7.006638804710526441e-04
2.412748135974449148e+00 -8.534130143078300090e-04 -1.627467069372907221e-03 7.740540550643035256e-04
2.413859494054022559e+00 -7.224567075515223730e-04 -1.462301509694032692e-03 7.398448021446145384e-04
2.414970852133595969e+00 -4.242356503947955493e-04 -1.027985363267733959e-03 6.037497128731023413e-04
2.416082210213168935e+00 -7.138893741000761073e-06 -3.954035502570342822e-04 3.882646565162763824e-04
2.417193568292742345e+00 4.608198396382351403e-04 3.318332442462127926e-04 1.289865953920711367e-04
2.418304926372315311e+00 9.031726270409979468e-04 1.034401568785044134e-03 -1.312289417418292109e-04
2.419416284451888721e+00 1.247573700615140641e-03 1.596886484776096488e-03 -3.493127841588741789e-04
2.420527642531462131e+00 1.437713246229332248e-03 1.926784582063408718e-03 -4.890713358309227432e-04
2.421639000611035097e+00 1.442606637735485003e-03 1.969759832820598688e-03 -5.271531950848812320e-04
2.422750358690608508e+00 1.261726630246134268e-03 1.718636200601288133e-03 -4.569095703538250675e-04
2.423861716770181474e+00 9.251283842043878103e-04 1.214638697347711349e-03 -2.895103131417119807e-04
2.424973074849754884e+00 4.885403557392323237e-04 5.406686686550560283e-04 -5.212831291908845421e-05
2.426084432929328294e+00 2.422273942190994456e-05 -1.922899345824166661e-04 2.165126740030342417e-04
2.427195791008901260e+00 -3.909071019230075938e-04 -8.634044105045174389e-04 4.724973085815133145e-04
2.428307149088474670e+00 -6.879309747393619334e-04 -1.361871720441082401e-03 6.739407457020066966e-04
2.429418507168048080e+00 -8.172855228516483217e-04 -1.605171333258256783e-03 7.878858104093475895e-04
2.430529865247621046e+00 -7.569462271750978383e-04 -1.552685753387645501e-03 7.957395262130333852e-04
2.431641223327194457e+00 -5.160884411839171404e-04 -1.212440653649065822e-03 6.963522124662389554e-04
2.432752581406767423e+00 -1.336169764986900980e-04 -6.398462350774205415e-04 5.062292585794364759e-04
2.433863939486340833e+00 3.282003130128559321e-04 7.136330635307969184e-05 2.568370066603473979e-04
2.434975297565914243e+00 7.939532401591712155e-04 8.045107841647483604e-04 -1.055754400501813031e-05
2.436086655645487209e+00 1.187486756556834291e-03 1.439153731366403510e-03 -2.516669748087669092e-04
2.437198013725060619e+00 1.444437162944182257e-03 1.870906803766343718e-03 -4.264696408233046437e-04
2.438309371804633585e+00 1.522843557138053860e-03 2.028646660024658460e-03 -5.058031028877564561e-04
2.439420729884206995e+00 1.410085195156215998e-03 1.886263758249566436e-03 -4.761785630913815265e-04
2.440532087963780405e+00 1.124997982616959130e-03 1.467019478570176505e-03 -3.420214959534359500e-04
2.441643446043353372e+00 7.148154150844986121e-04 8.397817215044026118e-04 -1.249663064197374662e-04
2.442754804122926782e+00 2.474307986047238894e-04 1.077480943479439124e-04 1.396827042569118160e-04
2.443866162202500192e+00 -1.997515874695016125e-04 -6.084967740623073440e-04 4.087451865943739215e-04
2.444977520282073158e+00 -5.525455629247361111e-04 -1.190808173528193348e-03 6.382626106031380475e-04
2.446088878361646568e+00 -7.521990214811313802e-04 -1.542932488594835061e-03 7.907334671162953577e-04
2.447200236441219534e+00 -7.650852091500778829e-04 -1.606380199351185867e-03 8.412949902000897012e-04
2.448311594520792944e+00 -5.882706866456813982e-04 -1.370103134675625806e-03 7.818324480324320008e-04
2.449422952600366354e+00 -2.500380233371500907e-04 -8.723748852791802372e-04 6.223368619411081409e-04
2.450534310679939320e+00 1.947294129305060170e-04 -1.945546493561899071e-04 3.892840622881144942e-04
2.451645668759512731e+00 6.735475629346251644e-04 5.522495537251866787e-04 1.212980092069604332e-04
2.452757026839085697e+00 1.108240877839956895e-03 1.245432190698673308e-03 -1.371913128554529647e-04
2.453868384918659107e+00 1.427804011496738856e-03 1.771058086456323705e-03 -3.432540749615919234e-04
2.454979742998232517e+00 1.580100050035285891e-03 2.042629496480409534e-03 -4.625294464438278047e-04
2.456091101077805483e+00 1.540468078022848297e-03 2.015361259384652881e-03 -4.748931813628592957e-04
2.457202459157378893e+00 1.315819118623468009e-03 1.693608281454178632e-03 -3.777891628303133714e-04
2.458313817236952303e+00 9.435402935426308313e-04 1.130213721120071346e-03 -1.866734275790989106e-04
2.459425175316525269e+00 4.853807837109681833e-04 4.178745646375228717e-04 6.750621907388419662e-05
2.460536533396098680e+00 1.731945343616189681e-05 -3.260645645947399252e-04 3.433840180307179413e-04
2.461647891475671646e+00 -3.829232255866642232e-04 -9.788948880001605013e-04 5.959716624150523251e-04
2.462759249555245056e+00 -6.486763599084059695e-04 -1.432735331826681668e-03 7.840589719223401560e-04
2.463870607634818466e+00 -7.353077529929641365e-04 -1.612310163173910627e-03 8.770024101793037069e-04
2.464981965714391432e+00 -6.275996541063710160e-04 -1.487382835549857368e-03 8.597831814407454892e-04
2.466093323793964842e+00 -3.422922618297758596e-04 -1.077792275800874486e-03 7.355000139707083134e-04
2.467204681873537808e+00 7.463005992550553885e-05 -4.502528488930053127e-04 5.248829088191934653e-04
2.468316039953111218e+00 5.554700479865563173e-04 2.925660845457126250e-04 2.629039634394654545e-04
2.469427398032684629e+00 1.021932898582534471e-03 1.028893571012670649e-03 -6.960672429932998270e-06
2.470538756112257595e+00 1.398000728422983327e-03 1.637877003047467916e-03 -2.398762746245470395e-04
2.471650114191831005e+00 1.622449184137449846e-03 2.019477285999170951e-03 -3.970281018638209883e-04
2.472761472271403971e+00 1.658945362929046402e-03 2.110964121078265365e-03 -4.520187581481642514e-04
2.473872830350977381e+00 1.502061635400325085e-03 1.897291627652529511e-03 -3.952299922490368211e-04
2.474984188430550791e+00 1.178210044051213046e-03 1.413638285523113880e-03 -2.354282414691096642e-04
2.476095546510123757e+00 7.413367606927054321e-04 7.396827358283966647e-04 1.654024862950478902e-06
2.477206904589697167e+00 2.640784091792053312e-04 -1.345324414336879215e-05 2.775316533207630720e-04
2.478318262669270133e+00 -1.741699995422459069e-04 -7.214550033710284693e-04 5.472850038290722613e-04
2.479429620748843544e+00 -5.003154905087806026e-04 -1.267261255136854781e-03 7.669457646266863993e-04
2.480540978828416954e+00 -6.596075563536155095e-04 -1.560343594186719418e-03 9.007360378340302509e-04
2.481652336907989920e+00 -6.246753123427505050e-04 -1.551644202181894083e-03 9.269688898401323707e-04
2.482763694987563330e+00 -4.000698338439273583e-04 -1.241707143712834915e-03 8.416373098704757472e-04
2.483875053067136740e+00 -2.155804210258755599e-05 -6.806557744580103708e-04 6.590977323547011699e-04
2.484986411146709706e+00 4.497225648955858763e-04 3.999082151952314604e-05 4.097317433739348751e-04
2.486097769226283116e+00 9.372929670107329331e-04 8.023261198570434682e-04 1.349668471526052627e-04
2.487209127305856082e+00 1.361900165291092535e-03 1.481427776469385754e-03 -1.195276111776808620e-04
2.488320485385429492e+00 1.654557909721493525e-03 1.965909716633670867e-03 -3.113518069120732590e-04
2.489431843465002903e+00 1.767914706966456501e-03 2.176273322606274430e-03 -4.083586156394571065e-04
2.490543201544575869e+00 1.684075724093674065e-03 2.078034172570797367e-03 -3.939584484765994155e-04
2.491654559624149279e+00 1.417586450944655074e-03 1.687456770124579064e-03 -2.698703191818460634e-04
2.492765917703722245e+00 1.013080682296940704e-03 1.068943605721781043e-03 -5.586292342554637080e-05
2.493877275783295655e+00 5.379730032666132922e-04 3.244973698498382353e-04 2.134756334140376632e-04
2.494988633862869065e+00 7.139214989990497195e-05 -4.230195209635329023e-04 4.944116708655108688e-04
2.496099991942442031e+00 -3.088280546300684049e-04 -1.050080672483390265e-03 7.412526178544806554e-04
2.497211350022015441e+00 -5.389613878969967686e-04 -1.452826966057259306e-03 9.138655781589025140e-04
2.498322708101588852e+00 -5.798962787016553877e-04 -1.564186894011151963e-03 9.842906153078780779e-04
2.499434066181161818e+00 -4.236047297596738648e-04 -1.364963702984469535e-03 9.413589732256933892e-04
2.500545424260735228e+00 -9.450307120698053787e-05 -8.870564812837478802e-04 7.925534100772903615e-04
2.501656782340308194e+00 3.545260546936380465e-04 -2.082747271416503232e-04 5.628007818361435884e-04
2.502768140419881604e+00 8.508025741554535448e-04 5.604109939684256969e-04 2.903915801901251967e-04
2.503879498499455014e+00 1.313787831553926699e-03 1.293093516358648914e-03 2.069431519379459627e-05
2.504990856579027980e+00 1.668332393647546652e-03 1.869635884866431563e-03 -2.013034912182239816e-04
2.506102214658601390e+00 1.857053782688324745e-03 2.195455199611586611e-03 -3.384014169222661350e-04
2.507213572738174356e+00 1.849805495103398756e-03 2.217125646906140113e-03 -3.673201518042089331e-04
2.508324930817747767e+00 1.648674818686156340e-03 1.931226807660835210e-03 -2.825519889748714236e-04
2.509436288897321177e+00 1.287680937383121893e-03 1.384971861281884820e-03 -9.729092389735086166e-05
2.510547646976894143e+00 8.272161371722375200e-04 6.685015128724269839e-04 1.587146243018037334e-04
2.511659005056467553e+00 3.441383373928366685e-04 -9.989875186749985758e-05 4.440370892626350346e-04
2.512770363136040963e+00 -8.085978237821339620e-05 -7.932339023574569437e-04 7.123741199806625513e-04
2.513881721215613929e+00 -3.765293502194198838e-04 -1.296693848641852775e-03 9.201644984231822921e-04
2.514993079295187339e+00 -4.928065143662771486e-04 -1.526569507658344371e-03 1.033762993291918036e-03
2.516104437374760305e+00 -4.090814570248263449e-04 -1.444073916979232708e-03 1.034992459953329100e-03
2.517215795454333715e+00 -1.376294104277076685e-04 -1.061786452399380437e-03 9.241570419726849797e-04
2.518327153533907126e+00 2.783675003662578265e-04 -4.416495397614444290e-04 7.200170401323955499e-04
2.519438511613480092e+00 7.718890620509750305e-04 3.151635628468674524e-04 4.567254992052581335e-04
2.520549869693053502e+00 1.263079461032131159e-03 1.084852750877270816e-03 1.782267101537119564e-04
2.521661227772626468e+00 1.672377394434321207e-03 1.741342087291406632e-03 -6.896469285826243439e-05
2.522772585852199878e+00 1.933615102126490931e-03 2.177032645640859104e-03 -2.434175435158105957e-04
2.523883943931773288e+00 2.004929863343787866e-03 2.320541361561442861e-03 -3.156114982163834431e-04
2.524995302011346254e+00 1.875688745887969799e-03 2.148501660694246418e-03 -2.728129148072723498e-04
2.526106660090919664e+00 1.568281299313550869e-03 1.689475253954145217e-03 -1.211939546419370239e-04
2.527218018170493075e+00 1.134478195396394773e-03 1.019320517216884547e-03 1.151576781790678711e-04
2.528329376250066041e+00 6.469479748289486132e-04 2.487683979036370285e-04 3.981795769238682947e-04
2.529440734329639451e+00 1.873219284666063911e-04 -4.947594161728088857e-04 6.820813446394100726e-04
2.530552092409212417e+00 -1.672327427609462958e-04 -1.088104757259393540e-03 9.208720145004803403e-04
2.531663450488785827e+00 -3.567231411463339663e-04 -1.432653937560125768e-03 1.075930796415261112e-03
2.532774808568359237e+00 -3.482309056748074394e-04 -1.470605855949672081e-03 1.122374950275083216e-03
2.533886166647932203e+00 -1.413688652857850864e-04 -1.194543762409610438e-03 1.053174897123518305e-03
2.534997524727505613e+00 2.316102000112984713e-04 -6.487258812397853069e-04 8.803360812497159488e-04
2.536108882807078579e+00 7.110778642897648202e-04 7.812884536440630606e-05 6.329490189277754177e-04
2.537220240886651990e+00 1.219808137902535922e-03 8.673839049081165375e-04 3.524242329942066636e-04
2.538331598966225400e+00 1.675665832045137443e-03 1.589973224507615357e-03 8.569260753609744471e-05
2.539442957045798366e+00 2.005120462363903233e-03 2.127632783502551861e-03 -1.225123211419550107e-04
2.540554315125371776e+00 2.155362230675333945e-03 2.392383202309542045e-03 -2.370209716344717776e-04
2.541665673204945186e+00 2.103023731304897587e-03 2.341053848608609655e-03 -2.380301173025168443e-04
2.542777031284518152e+00 1.858067070977773710e-03 1.982450871502276779e-03 -1.243838005225497700e-04
2.543888389364091562e+00 1.462189978245334587e-03 1.375979215414616097e-03 8.621076282997255924e-05
2.544999747443664528e+00 9.820058447468291152e-04 6.219338197188395423e-04 3.600720250303834913e-04
2.546111105523237939e+00 4.981132568453103260e-04 -1.549531566451683995e-04 6.530664134883398114e-04
2.547222463602810905e+00 9.184871591657109424e-05 -8.260099695648545626e-04 9.178586854800864503e-04
2.548333821682384315e+00 -1.680999648340612829e-04 -1.279799188808633525e-03 1.111699223971944137e-03
2.549445179761957725e+00 -2.370162356011007443e-04 -1.440483392229845172e-03 1.203467156626423368e-03
2.550556537841530691e+00 -1.015468035099262312e-04 -1.280355733349787528e-03 1.178808929838674746e-03
2.551667895921104101e+00 2.180589995300265954e-04 -8.244648924353656372e-04 1.042523891965656778e-03
2.552779254000677511e+00 6.712379814707339874e-04 -1.465624679732055805e-04 8.178004494455767132e-04
2.553890612080250477e+00 1.185396004711292139e-03 6.429717608914279833e-04 5.424242438185459831e-04
2.555001970159823887e+00 1.677828260647603459e-03 1.415249865017873671e-03 2.625783956290463073e-04
2.556113328239397298e+00 2.069319547476338589e-03 2.044066473175280840e-03 2.525307429867510584e-05
2.557224686318970264e+00 2.297188027870860488e-03 2.426676070915526062e-03 -1.294880430419489969e-04
2.558336044398543674e+00 2.325624569025415422e-03 2.500736173872343537e-03 -1.751116048444422563e-04
2.559447402478116640e+00 2.151622083850529554e-03 2.254622203833239746e-03 -1.030001199819087498e-04
2.560558760557690050e+00 1.805512969891717723e-03 1.729407247394676439e-03 7.610572249616524843e-05
2.561670118637263016e+00 1.346019025732642094e-03 1.012169659538507405e-03 3.338493661950575619e-04
2.562781476716836426e+00 8.506214398450104297e-04 2.217185887921080401e-04 6.289028510521495197e-04
2.563892834796409836e+00 4.028299292461075265e-04 -5.109229021814792882e-04 9.137528314247800321e-04
2.565004192875982802e+00 7.844268095337850188e-05 -1.064071306603103784e-03 1.142513987555878602e-03
2.566115550955556213e+00 -6.694231365021729996e-05 -1.345427340854826737e-03 1.278485027203268495e-03
2.567226909035129623e+00 -7.106914119592300239e-06 -1.307310007610043567e-03 1.300203093490399225e-03
2.568338267114702589e+00 2.504321687526213369e-04 -9.545657105460014780e-04 1.204997879296756252e-03
2.569449625194275999e+00 6.656164583581664768e-04 -3.438405105792106259e-04 1.009456968936437750e-03
2.570560983273848965e+00 1.172397937579294953e-03 4.256763552261903089e-04 7.467215823527091276e-04
2.571672341353422375e+00 1.689578958917468607e-03 1.228525406824136287e-03 4.610535520916615639e-04
2.572783699432995785e+00 2.134161064232526286e-03 1.933596896073062205e-03 2.005641681589701193e-04
2.573895057512568751e+00 2.435008486447041293e-03 2.425709151459010116e-03 9.299334986925290869e-06
2.575006415592142162e+00 2.544577308799610138e-03 2.624594219759128488e-03 -8.001691095980631441e-05
2.576117773671715128e+00 2.446776631637531674e-03 2.498161693140793504e-03 -5.138506150543717399e-05
2.577229131751288538e+00 2.159662227637512699e-03 2.067849265761353972e-03 9.181296187666353192e-05
2.578340489830861948e+00 1.732512100659923393e-03 1.405168270158352328e-03 3.273438305031808881e-04
2.579451847910434914e+00 1.237757637274600198e-03 6.200007333671056498e-04 6.177569039080600677e-04
2.580563205990008324e+00 7.590916072695297334e-04 -1.574368376053292273e-04 9.165284448729455608e-04
2.581674564069581734e+00 3.777054878860951204e-04 -7.980024802811888640e-04 1.175707968166010697e-03
2.582785922149154700e+00 1.589192545579723448e-04 -1.194890806373513636e-03 1.353810060929223902e-03
2.583897280228728111e+00 1.414053048089461417e-04 -1.281247558482585813e-03 1.422652863292512074e-03
2.585008638308301077e+00 3.307841794904561178e-04 -1.041231814510702042e-03 1.372015994000727948e-03
2.586119996387874487e+00 6.986525059782030395e-04 -5.126955961184502530e-04 1.211348102096162366e-03
2.587231354467447897e+00 1.187210786338359185e-03 2.189719429749933249e-04 9.682388433628450093e-04
2.588342712547020863e+00 1.718737020177749791e-03 1.034834699615527071e-03 6.839023205621120238e-04
2.589454070626594273e+00 2.208353361613249466e-03 1.801942018996211675e-03 4.064113426170278161e-04
2.590565428706167239e+00 2.577988742855787108e-03 2.395195597440606672e-03 1.827931454156262597e-04
2.591676786785740649e+00 2.769240585601337457e-03 2.717954390836614664e-03 5.128619476357440532e-05
2.592788144865314059e+00 2.753016755613853228e-03 2.717983766870143980e-03 3.503298874449334299e-05
2.593899502944887026e+00 2.534365997675987192e-03 2.396116830747849202e-03 1.382491669287885111e-04
2.595010861024460436e+00 2.151694940873215278e-03 1.806191898880704638e-03 3.455030419927396235e-04
2.596122219104033846e+00 1.670492726745999301e-03 1.046264204952483678e-03 6.242285217894841254e-04
2.597233577183606812e+00 1.172588632148897914e-03 2.425263479838499214e-04 9.300622841648953365e-04
2.598344935263180222e+00 7.427048414863288150e-04 -4.714257249733080912e-04 1.214130566459664662e-03
2.599456293342753188e+00 4.545142471995729239e-04 -9.765745116765006673e-04 1.431088758877870765e-03
2.600567651422326598e+00 3.584977191770713500e-04 -1.188093663689181179e-03 1.546591382865936809e-03
2.601679009501900008e+00 4.736022559187376413e-04 -1.069359688092970384e-03 1.542961944010504127e-03
2.602790367581472974e+00 7.840785250977297394e-04 -6.380482252249207453e-04 1.422126750323148350e-03
2.603901725661046385e+00 1.242025602879329692e-03 3.669973288756862156e-05 1.205325869994207030e-03
2.605013083740619351e+00 1.775231949953488646e-03 8.455876925556327084e-04 9.296442573984054110e-04
2.606124441820192761e+00 2.299029236759071726e-03 1.657099642661214595e-03 6.419295940947573973e-04
2.607235799899766171e+00 2.730213256593588822e-03 2.339118872479131750e-03 3.910943841150902461e-04
2.608347157979339137e+00 3.000743176984333599e-03 2.780675945835267560e-03 2.200672311472333040e-04
2.609458516058912547e+00 3.068963680508612207e-03 2.910245919047878271e-03 1.587177614610409820e-04
2.610569874138485957e+00 2.926499182654414971e-03 2.707577933386988434e-03 2.189212492664967258e-04
2.611681232218058923e+00 2.599679186919910678e-03 2.207100769987015154e-03 3.925784169334541052e-04
2.612792590297632334e+00 2.145252523508070497e-03 1.492331960927288648e-03 6.529205625793454981e-04
2.613903948377205300e+00 1.641088029730432274e-03 6.821982139299312409e-04 9.588898157988356985e-04
2.615015306456778710e+00 1.173385527569403841e-03 -8.849227837135625885e-05 1.261877805945315484e-03
2.616126664536352120e+00 8.224975453020796912e-04 -6.912192360369606714e-04 1.513716781341774287e-03
2.617238022615925086e+00 6.496938559853067396e-04 -1.024915623513950047e-03 1.674609479498852596e-03
2.618349380695498496e+00 6.870489539262114587e-04 -1.032643318627297913e-03 1.719692272554125198e-03
2.619460738775071462e+00 9.321215372891655804e-04 -7.110277152159692748e-04 1.643149252506840088e-03
2.620572096854644872e+00 1.348308541329818096e-03 -1.108880043468839227e-04 1.459196545677017738e-03
2.621683454934218283e+00 1.870823360635800710e-03 6.710529638907529112e-04 1.199770396745581010e-03
2.622794813013791249e+00 2.417321980491608097e-03 1.508027036944414867e-03 9.092949435467495740e-04
2.623906171093364659e+00 2.901434241298092229e-03 2.264047371105772782e-03 6.373868701950932691e-04
2.625017529172938069e+00 3.246976783054075083e-03 2.816281816188058451e-03 4.306949668649775326e-04
2.626128887252511035e+00 3.400508894731122528e-03 3.075292162206040569e-03 3.252167325254583935e-04
2.627240245332084445e+00 3.340162013751667158e-03 2.999804483480847384e-03 3.403575302702403771e-04
2.628351603411657411e+00 3.079284160299892992e-03 2.603571416411425143e-03 4.757127438875137504e-04
2.629462961491230821e+00 2.664292116460437176e-03 1.953185597240850169e-03 7.111065192224978737e-04
2.630574319570803787e+00 2.167076833543821190e-03 1.157191497014327386e-03 1.009885336533865308e-03
2.631685677650377198e+00 1.673204686771213867e-03 3.482758381939191072e-04 1.324928848578254062e-03
2.632797035729950608e+00 1.267851026134254877e-03 -3.385413142433721378e-04 1.606392340379535211e-03
2.633908393809523574e+00 1.021778499042343136e-03 -7.881302036699538993e-04 1.809908702713433279e-03
2.635019751889096984e+00 9.796684923869120043e-04 -9.242318605907698381e-04 1.903900352979734020e-03
2.636131109968670394e+00 1.152729901071344182e-03 -7.220662331346890117e-04 1.874796134206258708e-03
2.637242468048243360e+00 1.516807994382394359e-03 -2.124833882595489332e-04 1.729291382641948496e-03
2.638353826127816770e+00 2.016312424092491732e-03 5.230375436092692121e-04 1.493274880483456274e-03
2.639465184207390180e+00 2.573325906413464689e-03 1.365731336445016181e-03 1.207594569970472280e-03
2.640576542286963146e+00 3.100401351898622246e-03 2.179046795306258805e-03 9.213545565951225189e-04
2.641687900366536557e+00 3.514945908901768307e-03 2.831102585069619759e-03 6.838433238302351475e-04
2.642799258446109523e+00 3.752826181140485329e-03 3.216406191961361516e-03 5.364199891806555737e-04
2.643910616525682933e+00 3.778953749987847693e-03 3.273259504531972341e-03 5.056942454600577702e-04
2.645021974605255899e+00 3.593104078897457754e-03 2.993979496686061115e-03 5.991245822129891152e-04
2.646133332684829309e+00 3.230004103269248916e-03 2.426241201644259438e-03 8.037629016249495800e-04
2.647244690764402719e+00 2.753665948931859064e-03 1.665309218088731336e-03 1.088356730843937845e-03
2.648356048843975685e+00 2.246891413570525908e-03 8.384236060066246887e-04 1.408467807561609650e-03
2.649467406923549095e+00 1.797668155852250038e-03 8.389938633310278782e-05 1.713768769519185414e-03
2.650578765003122506e+00 1.484692675873172663e-03 -4.716272339332222563e-04 1.956319909807290036e-03
2.651690123082695472e+00 1.364402088517402412e-03 -7.340628057073625423e-04 2.098464894227079075e-03
2.652801481162268882e+00 1.461651692578204431e-03 -6.573934064635460206e-04 2.119045099042947411e-03
2.653912839241841848e+00 1.765578191739138741e-03 -2.513289464413405450e-04 2.016907138180541736e-03
2.655024197321415258e+00 2.231336938953912448e-03 4.202146773403473562e-04 1.811122261616873209e-03
2.656135555400988668e+00 2.787435561241115214e-03 1.249558805309256351e-03 1.537876755934191849e-03
2.657246913480561634e+00 3.347464643846512211e-03 2.102924208111887905e-03 1.244540435733381811e-03
2.658358271560135044e+00 3.824300604351120458e-03 2.842415018748045696e-03 9.818855856037469673e-04
2.659469629639708010e+00 4.144446182315731503e-03 3.348711594323233731e-03 7.957345879914274472e-04
2.660580987719281421e+00 4.260148011220477732e-03 3.540737644885827429e-03 7.194103663373269814e-04
2.661692345798854831e+00 4.157293336977736786e-03 3.389059738869708294e-03 7.682335981087622806e-04
2.662803703878427797e+00 3.857779968097461987e-03 2.920804458693047889e-03 9.369755094056110567e-04
2.663915061958001207e+00 3.415961527253839891e-03 2.215271699841245279e-03 1.200689827411569391e-03
2.665026420037574617e+00 2.909744857085748426e-03 1.390953057514160429e-03 1.518791799573020879e-03
2.666137778117147583e+00 2.427797634507067315e-03 5.860801719391878217e-04 1.841717462567593264e-03
2.667249136196720993e+00 2.054966671260646111e-03 -6.410394271740699201e-05 2.119070613978637704e-03
2.668360494276293959e+00 1.858304919745132344e-03 -4.496135307178669716e-04 2.307918450463951679e-03
2.669471852355867370e+00 1.876008393085899090e-03 -5.038620293359268032e-04 2.379870422422615192e-03
2.670583210435440780e+00 2.111088420886348890e-03 -2.146847653845956883e-04 2.325773186271363514e-03
2.671694568515013746e+00 2.530827679856688557e-03 3.735823910493187017e-04 2.157245288809082027e-03
2.672805926594587156e+00 3.072117747110026265e-03 1.167323399271311818e-03 1.904794347841799219e-03
2.673917284674160122e+00 3.651807785307107507e-03 2.038986060464372668e-03 1.612821724839516059e-03
2.675028642753733532e+00 4.180367730945124677e-03 2.848035200891281538e-03 1.332332530054139777e-03
2.676140000833306942e+00 4.576621258938755321e-03 3.464073502493881379e-03 1.112547756446227026e-03
2.677251358912879908e+00 4.781124458138538702e-03 3.788326628750192382e-03 9.927978293897739975e-04
2.678362716992453318e+00 4.765985631634939157e-03 3.769953078038054683e-03 9.960325535975349948e-04
2.679474075072026729e+00 4.539504377525378775e-03 3.414486079705139621e-03 1.125018297820501098e-03
2.680585433151599695e+00 4.144858690206310037e-03 2.783006245460718786e-03 1.361852444745830643e-03
2.681696791231173105e+00 3.653047611786773563e-03 1.982167658521508113e-03 1.670879953264391149e-03
2.682808149310746071e+00 3.151243002004276705e-03 1.146706071588475540e-03 2.004536930415351872e-03
2.683919507390319481e+00 2.728461488581489236e-03 4.172979404968857331e-04 2.311163548087028646e-03
2.685030865469892891e+00 2.460911633595158632e-03 -8.259138433757556852e-05 2.543503017933429824e-03
2.686142223549465857e+00 2.399428256441845514e-03 -2.670602376648525955e-04 2.666488494105398802e-03
2.687253581629039267e+00 2.561065757208970395e-03 -1.019691649817369705e-04 2.663034922193014548e-03
2.688364939708612233e+00 2.926240604703228554e-03 3.893612253774506038e-04 2.536879379327271547e-03
2.689476297788185644e+00 3.441901610633690996e-03 1.129903698249572555e-03 2.311997912386904407e-03
2.690587655867759054e+00 4.030214941754010557e-03 2.001525180004612870e-03 2.028689761750622402e-03
2.691699013947332020e+00 4.601342161998756009e-03 2.864373552210813453e-03 1.736968609787398286e-03
2.692810372026905430e+00 5.068213662822999843e-03 3.579868900289981393e-03 1.488344762535600586e-03
2.693921730106478840e+00 5.360868246008669569e-03 4.033519578272123929e-03 1.327348667736191756e-03
2.695033088186051806e+00 5.437997468009415913e-03 4.153806707000280707e-03 1.284190761010453596e-03
2.696144446265625216e+00 5.293790048478165533e-03 3.924022403071318610e-03 1.369767645407599793e-03
2.697255804345198182e+00 4.958942582056979909e-03 3.385102422818954404e-03 1.573840159236519765e-03
2.698367162424771593e+00 4.495661506793841022e-03 2.628973540680409893e-03 1.866687966111411912e-03
2.699478520504345003e+00 3.987470230459456977e-03 1.783496771217078780e-03 2.203973459243715668e-03
2.700589878583917969e+00 3.525491727212955173e-03 9.914726579368302040e-04 2.534019069275295771e-03
2.701701236663491379e+00 3.193459617140851498e-03 3.871560188128814195e-04 2.806303598328870400e-03
2.702812594743064345e+00 3.053923392556400634e-03 7.414263119225050769e-05 2.979780761363693894e-03
2.703923952822637755e+00 3.137920515782002817e-03 1.082702033759867788e-04 3.029650312404963061e-03
2.705035310902211165e+00 3.439820739301224090e-03 4.883559051376031024e-04 2.951464834164865651e-03
2.706146668981784131e+00 3.918199050307175774e-03 1.156306842282277952e-03 2.761892208026930917e-03
2.707258027061357541e+00 4.502602457837533156e-03 2.006599154097832988e-03 2.496003303739354525e-03
2.708369385140930952e+00 5.105105383625147680e-03 2.903579142391267062e-03 2.201526241235707282e-03
2.709480743220503918e+00 5.634758480058043792e-03 3.703749897771842214e-03 1.931008582285845092e-03
2.710592101300077328e+00 6.012556584484015504e-03 4.279381991187009709e-03 1.733174593297133297e-03
2.711703459379650294e+00 6.184462561103439698e-03 4.539563430606595451e-03 1.644899130496611794e-03
2.712814817459223704e+00 6.130340196360987981e-03 4.445219900401406465e-03 1.685120295958394965e-03
2.713926175538796670e+00 5.867319609440389827e-03 4.015623794508864364e-03 1.851695814930883616e-03
2.715037533618370080e+00 5.447032989852058915e-03 3.325308006149343965e-03 2.121724983704770598e-03
2.716148891697943490e+00 4.947166717360076960e-03 2.491878402720228147e-03 2.455288314640185349e-03
2.717260249777516457e+00 4.458712213355288390e-03 1.656717894871886920e-03 2.801994318481430823e-03
2.718371607857089867e+00 4.071007976675158901e-03 9.617481237425770657e-04 3.109259852932380608e-03
2.719482965936663277e+00 3.857031941503011319e-03 5.260684437464260843e-04 3.330963497759454467e-03
2.720594324016236243e+00 3.861365689907293036e-03 4.263176969039328412e-04 3.435047993004182454e-03
2.721705682095809653e+00 4.092815752893354947e-03 6.839970821842927817e-04 3.408818670708895632e-03
2.722817040175383063e+00 4.522913482631070459e-03 1.261851245181033060e-03 3.261062237450908230e-03
2.723928398254956029e+00 5.090549021905751287e-03 2.069916620888385614e-03 3.020632401018516662e-03
2.725039756334529439e+00 5.711985458545086602e-03 2.980255518497985229e-03 2.731729940047456992e-03
2.726151114414102405e+00 6.294612443916417291e-03 3.847963125292373082e-03 2.446649318626868339e-03
2.727262472493675816e+00 6.752180547087115181e-03 4.534998391205889018e-03 2.217182155879258987e-03
2.728373830573248782e+00 7.019010542981138356e-03 4.932919800966446833e-03 2.086090742013928245e-03
2.729485188652822192e+00 7.060836913066727283e-03 4.980781549039248191e-03 2.080055364026053150e-03
2.730596546732395602e+00 6.880495503714390004e-03 4.675236831835453966e-03 2.205258671878618584e-03
2.731707904811968568e+00 6.517511450168621268e-03 4.071173517846707335e-03 2.446337932323905395e-03
2.732819262891541978e+00 6.041646272509602900e-03 3.272763597827708926e-03 2.768882674681439476e-03
2.733930620971115388e+00 5.541457626311672297e-03 2.416385784095691214e-03 3.125071842214294932e-03
2.735041979050688354e+00 5.109747799314504763e-03 1.648220679654893717e-03 3.461527119658603172e-03
2.736153337130261765e+00 4.828292011352167123e-03 1.100199121637397692e-03 3.728092889717392333e-03
2.737264695209834731e+00 4.754359664395167023e-03 8.682608671731414929e-04 3.886098797222655235e-03
2.738376053289408141e+00 4.911250224827971161e-03 9.965063128973689066e-04 3.914743911930865933e-03
2.739487411368981551e+00 5.284407771148184885e-03 1.469859098312924217e-03 3.814548672836467168e-03
2.740598769448554517e+00 5.823762134859092332e-03 2.216460202540010763e-03 3.607301932317527257e-03
2.741710127528127927e+00 6.451920430078369496e-03 3.119413876472072571e-03 3.332506553603600732e-03
2.742821485607700893e+00 7.076869054336486220e-03 4.035965608108441072e-03 3.040903446227808359e-03
2.743932843687274303e+00 7.607101689472064304e-03 4.820965930104916669e-03 2.786135759364949741e-03
2.745044201766847713e+00 7.966686339008367118e-03 5.350763611425370103e-03 2.615922727583618046e-03
2.746155559846420680e+00 8.107790777337444549e-03 5.543595328554341839e-03 2.564195448786766446e-03
2.747266917925994090e+00 8.018600521720160856e-03 5.373109818679069893e-03 2.645490703041276578e-03
2.748378276005567500e+00 7.725318896649777112e-03 4.872789753184433859e-03 2.852529143466325107e-03
2.749489634085140466e+00 7.287911082944534269e-03 4.130529725661254148e-03 3.157381357285122397e-03
2.750600992164713876e+00 6.790283481686962275e-03 3.274248234445296946e-03 3.516035247241700024e-03
2.751712350244286842e+00 6.326506877161262865e-03 2.450888920725820264e-03 3.875617956437822642e-03
2.752823708323860252e+00 5.985345606802465468e-03 1.802258183215131593e-03 4.183087423587882048e-03
2.753935066403433662e+00 5.835637213880418006e-03 1.441672289502378412e-03 4.393964924377479278e-03
2.755046424483006628e+00 5.914930851035216791e-03 1.435259804542690643e-03 4.479671046493067382e-03
2.756157782562580039e+00 6.223259814604018003e-03 1.791004532444538666e-03 4.432255282161042323e-03
2.757269140642153005e+00 6.723081159268300480e-03 2.457344489278253524e-03 4.265736669988862140e-03
2.758380498721726415e+00 7.345401591871374494e-03 3.331571945985416922e-03 4.013829645888986400e-03
2.759491856801299825e+00 8.001090414182444183e-03 4.276666402049883117e-03 3.724424012131840721e-03
2.760603214880872791e+00 8.595524829507632941e-03 5.143801973877846351e-03 3.451722855629597506e-03
2.761714572960446201e+00 9.044161527288478719e-03 5.796832342682502193e-03 3.247329184604866303e-03
2.762825931040019611e+00 9.286472350981220258e-03 6.134725267426220652e-03 3.151747083554128775e-03
2.763937289119592577e+00 9.295947321418640552e-03 6.108250146187842178e-03 3.187697175230730720e-03
2.765048647199165988e+00 9.084512274397271714e-03 5.728162653844882934e-03 3.356349620554864230e-03
2.766160005278738954e+00 8.700625414027260418e-03 5.063526155215686275e-03 3.637099258811508223e-03
2.767271363358312364e+00 8.221356627293736896e-03 4.230431321985576865e-03 3.990925305307337773e-03
2.768382721437885330e+00 7.739744492822706046e-03 3.372956525573490849e-03 4.366787967248861313e-03
2.769494079517458740e+00 7.349505309196757707e-03 2.639491769215726591e-03 4.710013539981277447e-03
2.770605437597032150e+00 7.129607536932258682e-03 2.158316953520637849e-03 4.971290583413452702e-03
2.771716795676605116e+00 7.131250994146458300e-03 2.016453921015487483e-03 5.114797073132504313e-03
2.772828153756178526e+00 7.369398074284140565e-03 2.245278849433349905e-03 5.124119224852143745e-03
2.773939511835751937e+00 7.820258082146650663e-03 2.815273885442341056e-03 5.004984196706269844e-03
2.775050869915324903e+00 8.425147820895765444e-03 3.640795914723685307e-03 4.784351906172493868e-03
2.776162227994898313e+00 9.100102456438993043e-03 4.594092558307224378e-03 4.506009898130493643e-03
2.777273586074471723e+00 9.749663054976327736e-03 5.526271934033669120e-03 4.223391120946021378e-03
2.778384944154044689e+00 1.028257718716476046e-02 6.291784425471756703e-03 3.990792761691552663e-03
2.779496302233618099e+00 1.062683061353412312e-02 6.772391282385423206e-03 3.854439331150188303e-03
2.780607660313191065e+00 1.074153428476638458e-02 6.896673240837557228e-03 3.844861043929798800e-03
2.781719018392764475e+00 1.062370486639820782e-02 6.651860606852813551e-03 3.971844259547642475e-03
2.782830376472337441e+00 1.030881472796776888e-02 6.086025485989514372e-03 4.222789241977628269e-03
2.783941734551910852e+00 9.865011400904427630e-03 5.300260571021814249e-03 4.564750829881666222e-03
2.785053092631484262e+00 9.381948589352977208e-03 4.432116874218738900e-03 4.949831715133010124e-03
2.786164450711057228e+00 8.956059385053616317e-03 3.633013807852268628e-03 5.323045577201517692e-03
2.787275808790630638e+00 8.674690866793559330e-03 3.043331517194831914e-03 5.631359349600833369e-03
2.788387166870204048e+00 8.601710409409050323e-03 2.769282621566157565e-03 5.832427787841709677e-03
2.789498524949777014e+00 8.766955711133166129e-03 2.865373832954092037e-03 5.901581878179247564e-03
2.790609883029350424e+00 9.161271354087886093e-03 3.325353467683186959e-03 5.835917886404844851e-03
2.791721241108923834e+00 9.737957626073136252e-03 4.083148226811687473e-03 5.654809399263912087e-03
2.792832599188496800e+00 1.042040290101595851e-02 5.023650338678140384e-03 5.396752562335854417e-03
2.793943957268070211e+00 1.111465248383900449e-02 6.001594225560851967e-03 5.113058258280891652e-03
2.795055315347643177e+00 1.172485218966421577e-02 6.865427324254835123e-03 4.859424865409885455e-03
2.796166673427216587e+00 1.216902847709394608e-02 7.482252713705249414e-03 4.686775763390485169e-03
2.797278031506789553e+00 1.239260765009637250e-02 7.759738709136480839e-03 4.632868940959536039e-03
2.798389389586362963e+00 1.237744488169587043e-02 7.661383603267471476e-03 4.716061278426292996e-03
2.799500747665936373e+00 1.214486963198932457e-02 7.212612152881638095e-03 4.932257479108723836e-03
2.800612105745509339e+00 1.175223685178308775e-02 6.496685942578468709e-03 5.255550909205552318e-03
2.801723463825082749e+00 1.128354175789946651e-02 5.641085195203107694e-03 5.642456562697736183e-03
2.802834821904656160e+00 1.083563417025070613e-02 4.796589360654211764e-03 6.039044809597101521e-03
2.803946179984229126e+00 1.050229523703426204e-02 4.112489314065541357e-03 6.389805922968084043e-03
2.805057538063802536e+00 1.035879478508797830e-02 3.712006186240880690e-03 6.646788598847746393e-03
2.806168896143375946e+00 1.044947244079178286e-02 3.671964147210757257e-03 6.777508293582586857e-03
2.807280254222948912e+00 1.078039176886834427e-02 4.010070383717704440e-03 6.770321385154100605e-03
2.808391612302522322e+00 1.131828464149211427e-02 4.681908293700139112e-03 6.636376347789791144e-03
2.809502970382095288e+00 1.199596933919429981e-02 5.588154042512934704e-03 6.407815296681438830e-03
2.810614328461668698e+00 1.272336036823812355e-02 6.590844278102104929e-03 6.132516090137287573e-03
2.811725686541241664e+00 1.340226603417749192e-02 7.536030832367632271e-03 5.866235201812278720e-03
2.812837044620815075e+00 1.394254343605254992e-02 8.279102559466920697e-03 5.663440876587998857e-03
2.813948402700388485e+00 1.427695332554389240e-02 8.708609567665594187e-03 5.568343757878124745e-03
2.815059760779961451e+00 1.437226722793272238e-02 8.764665176013999859e-03 5.607602051919752945e-03
2.816171118859534861e+00 1.423479245990685177e-02 8.448887517828296279e-03 5.785904942078383753e-03
2.817282476939108271e+00 1.390939686411801768e-02 7.824230861849176821e-03 6.085166002269607605e-03
2.818393835018681237e+00 1.347218383868310082e-02 7.004718666161743879e-03 6.467465172522349204e-03
2.819505193098254647e+00 1.301801385888683854e-02 6.136752941629769476e-03 6.881260917257745607e-03
2.820616551177828057e+00 1.264491897641835394e-02 5.375063953014187768e-03 7.269855023404166172e-03
2.821727909257401024e+00 1.243797146003319809e-02 4.857251461335185261e-03 7.580719998697950379e-03
2.822839267336974434e+00 1.245526154344929470e-02 4.681106748640667670e-03 7.774154794809112756e-03
2.823950625416547400e+00 1.271829609152738683e-02 4.888453379915766450e-03 7.829842711613438366e-03
2.825061983496120810e+00 1.320840569690341811e-02 5.458177256709502434e-03 7.750228440196437960e-03
2.826173341575693776e+00 1.386976093273936325e-02 6.309607771086744865e-03 7.560153161652965331e-03
2.827284699655267186e+00 1.461851128105118823e-02 7.315709496642452091e-03 7.302801784410748419e-03
2.828396057734840596e+00 1.535655145667560312e-02 8.323927805083978712e-03 7.032623651591416239e-03
2.829507415814413562e+00 1.598765567787638342e-02 9.181268289495739254e-03 6.806387388381459486e-03
2.830618773893986972e+00 1.643332708125512173e-02 9.759487471475897236e-03 6.673839609779623483e-03
2.831730131973560383e+00 1.664575228042498162e-02 9.976247494809388494e-03 6.669504785612671849e-03
2.832841490053133349e+00 1.661572365923934258e-02 9.808745511559753549e-03 6.806978147682376731e-03
2.833952848132706759e+00 1.637421722338735369e-02 9.297561975677839929e-03 7.076655247710332552e-03
2.835064206212280169e+00 1.598735639875694531e-02 8.540078910322254635e-03 7.447277488434770470e-03
2.836175564291853135e+00 1.554558074036185844e-02 7.674535431423185061e-03 7.871045308937778262e-03
2.837286922371426101e+00 1.514879394938410673e-02 6.857331012498323053e-03 8.291462936888194940e-03
2.838398280450999511e+00 1.488993037290727017e-02 6.237302816614491430e-03 8.652627556294308769e-03
2.839509638530572921e+00 1.483964337045019441e-02 5.931207508391551919e-03 8.908435862061619276e-03
2.840620996610145887e+00 1.503463845133883731e-02 6.004446340290951756e-03 9.030192111047385950e-03
2.841732354689719298e+00 1.547157792381682190e-02 6.460215416312867914e-03 9.011362507505090227e-03
2.842843712769292708e+00 1.610756946649588225e-02 7.238880913681650792e-03 8.868688552813582676e-03
2.843955070848865674e+00 1.686716856580459251e-02 8.227698400320383049e-03 8.639470165484372521e-03
2.845066428928439084e+00 1.765475212634753238e-02 9.279292458482480896e-03 8.375459667868779406e-03
2.846177787008012494e+00 1.837023437416243285e-02 1.023586795051254980e-02 8.134366423649182221e-03
2.847289145087585460e+00 1.892554264152069426e-02 1.095517574043813891e-02 7.970366901081922181e-03
2.848400503167158870e+00 1.925914141239321031e-02 1.133396047606216595e-02 7.925180936333819925e-03
2.849511861246731836e+00 1.934621005938232108e-02 1.132502577724575632e-02 8.021184282136002708e-03
2.850623219326305247e+00 1.920279153412446371e-02 1.094509687302380047e-02 8.257694661102678996e-03
2.851734577405878213e+00 1.888321929804422789e-02 1.027217138423137943e-02 8.611047913813264787e-03
2.852845935485451623e+00 1.847123544108199983e-02 9.432777595152569416e-03 9.038457845933035167e-03
2.853957293565025033e+00 1.806625236757122832e-02 8.581221929876141352e-03 9.485030437694913497e-03
2.855068651644597999e+00 1.776701238527372828e-02 7.874229646126357229e-03 9.892782739144088955e-03
2.856180009724171409e+00 1.765533159122189416e-02 7.445146721425099923e-03 1.021018486980013532e-02
2.857291367803744819e+00 1.778260487703584719e-02 7.381949857536242166e-03 1.040065501950000401e-02
2.858402725883317785e+00 1.816129854565028123e-02 7.712691368661768465e-03 1.044860717698909564e-02
2.859514083962891196e+00 1.876283937670636393e-02 8.400787421730317173e-03 1.036205195497961334e-02
2.860625442042464606e+00 1.952225803985047081e-02 9.350941292210876790e-03 1.017131674764067475e-02
2.861736800122037572e+00 2.034883319033327018e-02 1.042474353250758684e-02 9.924089657827359079e-03
2.862848158201610982e+00 2.114099331571994700e-02 1.146339610440100243e-02 9.677597211319634990e-03
2.863959516281183948e+00 2.180302951268168685e-02 1.231383043117731391e-02 9.489199081503838645e-03
2.865070874360757358e+00 2.226087021840406077e-02 1.285392446200718519e-02 9.406945756399623382e-03
2.866182232440330324e+00 2.247431889965571111e-02 1.301266520158977924e-02 9.461653698067794965e-03
2.867293590519903734e+00 2.244373385830099321e-02 1.278192862393291718e-02 9.661805234370227091e-03
2.868404948599477144e+00 2.221004114021891962e-02 1.221792365110185158e-02 9.992117489117768869e-03
2.869516306679050111e+00 2.184806745368152864e-02 1.143204549658673880e-02 1.041602195709474127e-02
2.870627664758623521e+00 2.145427986703777462e-02 1.057262700040390024e-02 1.088165286663470704e-02
2.871739022838196931e+00 2.113094177801886492e-02 9.800577660390760726e-03 1.133036411762891951e-02
2.872850380917769897e+00 2.096928802328914404e-02 9.262911365500496597e-03 1.170637665778971777e-02
2.873961738997343307e+00 2.103448777633312380e-02 9.068518033199787776e-03 1.196596974313303939e-02
2.875073097076916717e+00 2.135487408868747689e-02 9.270172080265155767e-03 1.208470200842143294e-02
2.876184455156489683e+00 2.191722051252488132e-02 9.855750356880195462e-03 1.206147015564924471e-02
2.877295813236063093e+00 2.266885254132172331e-02 1.075012077964556875e-02 1.191873176167778520e-02
2.878407171315636059e+00 2.352625756734189055e-02 1.182740842261088311e-02 1.169884914473288094e-02
2.879518529395209470e+00 2.438878654280397101e-02 1.293163674489538305e-02 1.145714979791223609e-02
2.880629887474782436e+00 2.515519987889067860e-02 1.390235939769592435e-02 1.125284048119491037e-02
2.881741245554355846e+00 2.574033811628848728e-02 1.460107078403341530e-02 1.113926733225329910e-02
2.882852603633929256e+00 2.608917286446165579e-02 1.493404835032358796e-02 1.115512451413818579e-02
2.883963961713502222e+00 2.618592029468342491e-02 1.486785987463283554e-02 1.131806042005071601e-02
2.885075319793075632e+00 2.605670855802285496e-02 1.443497042034923294e-02 1.162173813767693881e-02
2.886186677872649042e+00 2.576534930026166265e-02 1.372850936873780403e-02 1.203683993152592294e-02
2.887298035952222008e+00 2.540289805543567009e-02 1.288704107558465844e-02 1.251585697985246187e-02
2.888409394031795419e+00 2.507271203198977588e-02 1.207182989074542107e-02 1.300088214124171110e-02
2.889520752111368829e+00 2.487345793427894747e-02 1.144033012698793955e-02 1.343312780728938421e-02
2.890632110190941795e+00 2.488286401284948296e-02 1.112025926123702546e-02 1.376260475161372732e-02
2.891743468270515205e+00 2.514489261367923098e-02 1.118852384664519029e-02 1.395636876703697932e-02
2.892854826350088171e+00 2.566245075765586151e-02 1.165847574089404551e-02 1.400397501676227049e-02
2.893966184429661581e+00 2.639684799303877033e-02 1.247761052871021806e-02 1.391923746432776297e-02
2.895077542509234547e+00 2.727410189279155794e-02 1.353610433861627410e-02 1.373799755417650162e-02
2.896188900588807957e+00 2.819706434275251472e-02 1.468480150475396165e-02 1.351226283799934584e-02
2.897300258668381367e+00 2.906138175014028047e-02 1.575970727521040782e-02 1.330167447493035143e-02
2.898411616747954334e+00 2.977266781868510501e-02 1.660896392789452947e-02 1.316370389079427571e-02
2.899522974827527744e+00 3.026206358782047162e-02 1.711787315028293066e-02 1.314419043753720269e-02
2.900634332907101154e+00 3.049762030403979640e-02 1.722784186863716982e-02 1.326977843540307934e-02
2.901745690986674120e+00 3.048962419854419487e-02 1.694612233095459802e-02 1.354350186759225791e-02
2.902857049066247530e+00 3.028897655004542111e-02 1.634472769296028277e-02 1.394424885708624509e-02
2.903968407145820940e+00 2.997888432733523956e-02 1.554868380811638001e-02 1.443020051921886301e-02
2.905079765225393906e+00 2.966121846770478077e-02 1.471553385617929005e-02 1.494568461152960895e-02
2.906191123304967316e+00 2.943977700064127900e-02 1.400945573489550955e-02 1.543032126574610252e-02
2.907302481384540283e+00 2.940320349217669105e-02 1.357424463948976590e-02 1.582895885268763639e-02
2.908413839464113693e+00 2.961037256005084883e-02 1.350960711895121680e-02 1.610076544110152288e-02
2.909525197543686659e+00 3.008065265823372733e-02 1.385467504940253447e-02 1.622597760883293105e-02
2.910636555623260069e+00 3.079065729834741874e-02 1.458146573819425057e-02 1.620919156015416390e-02
2.911747913702833479e+00 3.167803026602411531e-02 1.559938134613005414e-02 1.607864891989370382e-02
2.912859271782406445e+00 3.265165320118912362e-02 1.677002509622336004e-02 1.588162810496862934e-02
2.913970629861979855e+00 3.360660551379766880e-02 1.792991196453277286e-02 1.567669354926325836e-02
2.915081987941553265e+00 3.444142142032567688e-02 1.891734776611031857e-02 1.552407365421562373e-02
2.916193346021126231e+00 3.507480663367155971e-02 1.959905806707896991e-02 1.547574856659478769e-02
2.917304704100699642e+00 3.545906152498346647e-02 1.989218220353332345e-02 1.556687932145225245e-02
2.918416062180273052e+00 3.558799528966707926e-02 1.977800350147154718e-02 1.580999178819471329e-02
2.919527420259846018e+00 3.549801901623058503e-02 1.930514133723358616e-02 1.619287767899480271e-02
2.920638778339418984e+00 3.526222644281958724e-02 1.858166193421174894e-02 1.668056450860788686e-02
2.921750136418992394e+00 3.497842541355742491e-02 1.775738835747455585e-02 1.722103705608337559e-02
2.922861494498565804e+00 3.475308062570735962e-02 1.699930595091593555e-02 1.775377467479300961e-02
2.923972852578138770e+00 3.468380469378588155e-02 1.646410110155843709e-02 1.821970359222734731e-02
2.925084210657712180e+00 3.484327793787701799e-02 1.627234994769335280e-02 1.857092799018501481e-02
2.926195568737285591e+00 3.526724683967710078e-02 1.648860954360522463e-02 1.877863729607211901e-02
2.927306926816858557e+00 3.594858396543179624e-02 1.711069930168407707e-02 1.883788466374867673e-02
2.928418284896431967e+00 3.683839743374747039e-02 1.806995289203885274e-02 1.876844454170796539e-02
2.929529642976005377e+00 3.785401894961123309e-02 1.924241751835629316e-02 1.861160143125526259e-02
2.930641001055578343e+00 3.889256658645241088e-02 2.046917499369639917e-02 1.842339159275761112e-02
2.931752359135151753e+00 3.984785844210345096e-02 2.158245409146893404e-02 1.826540435063728554e-02
2.932863717214724719e+00 4.062789785231658846e-02 2.243324451182794610e-02 1.819465334048933972e-02
2.933975075294298129e+00 4.117005209478030725e-02 2.291586834121409066e-02 1.825418375356850642e-02
2.935086433373871095e+00 4.145142145842806158e-02 2.298545814512784752e-02 1.846596331329930160e-02
2.936197791453444506e+00 4.149268327164099684e-02 2.266545190267846982e-02 1.882723136896367194e-02
2.937309149533017916e+00 4.135476695840499539e-02 2.204385380747664325e-02 1.931091315092883787e-02
2.938420507612590882e+00 4.112889549262086636e-02 2.125885751874230511e-02 1.987003797387857165e-02
2.939531865692164292e+00 4.092162176471574736e-02 2.047618091929623296e-02 2.044544084542088483e-02
2.940643223771737702e+00 4.083731522303992584e-02 1.986183011226031608e-02 2.097548511077976241e-02
2.941754581851310668e+00 4.096097812853546211e-02 1.955476928601669606e-02 2.140620884251921013e-02
2.942865939930884078e+00 4.134422137528967478e-02 1.964399620714048222e-02 2.170022516814801988e-02
2.943977298010457488e+00 4.199671441080981421e-02 2.015380540513888458e-02 2.184290900567152638e-02
2.945088656090030454e+00 4.288452641889885231e-02 2.103967950074288676e-02 2.184484691815587187e-02
2.946200014169603865e+00 4.393564369714790530e-02 2.219550341745479827e-02 2.174014027969432827e-02
2.947311372249176831e+00 4.505176710127056783e-02 2.347093314762003016e-02 2.158083395365184565e-02
2.948422730328750241e+00 4.612445789981799160e-02 2.469607684661609057e-02 2.142838105320308412e-02
2.949534088408323207e+00 4.705298113603676585e-02 2.570943722815250895e-02 2.134354390788325770e-02
2.950645446487896617e+00 4.776091158011279425e-02 2.638452033901179938e-02 2.137639124109920810e-02
2.951756804567470027e+00 4.820876607412706571e-02 2.665072748252646923e-02 2.155803859160094343e-02
2.952868162647042993e+00 4.840057562684273174e-02 2.650508077610831681e-02 2.189549485073539678e-02
2.953979520726616403e+00 4.838330482673269817e-02 2.601283607295945544e-02 2.237046875377169189e-02
2.955090878806189814e+00 4.823920190318839452e-02 2.529686322587795105e-02 2.294233867730991611e-02
2.956202236885762780e+00 4.807232680823755877e-02 2.451752280213381763e-02 2.355480400610579159e-02
2.957313594965336190e+00 4.799146534580360501e-02 2.384633597073108208e-02 2.414512937507537482e-02
2.958424953044909600e+00 4.809223612913077900e-02 2.343777180018786349e-02 2.465446432894483064e-02
2.959536311124482566e+00 4.844133481405606817e-02 2.340379354219720986e-02 2.503754127186152978e-02
2.960647669204055976e+00 4.906551318142965412e-02 2.379535916860919809e-02 2.527015401282228790e-02
2.961759027283628942e+00 4.994711551808297262e-02 2.459393365703105988e-02 2.535318186105221458e-02
2.962870385363202352e+00 5.102691826412909804e-02 2.571442742805009687e-02 2.531249083608045139e-02
2.963981743442775318e+00 5.221381777120152889e-02 2.701909657451771057e-02 2.519472119668508814e-02
2.965093101522348729e+00 5.339978280265070265e-02 2.834013501969501539e-02 2.505964778295554155e-02
2.966204459601922139e+00 5.447761896330850784e-02 2.950725386221089014e-02 2.497036510110049040e-02
2.967315817681495105e+00 5.535862517026579610e-02 3.037571580270109761e-02 2.498290936756220396e-02
2.968427175761068515e+00 5.598723513430151760e-02 3.085020993392657146e-02 2.513702520037436675e-02
2.969538533840641925e+00 5.635022831596538107e-02 3.090062919503894917e-02 2.544959912092871479e-02
2.970649891920214891e+00 5.647898483708235079e-02 3.056713926803760611e-02 2.591184556904648287e-02
2.971761249999788301e+00 5.644440150492555097e-02 2.995368634036983668e-02 2.649071516455884026e-02
2.972872608079361711e+00 5.634529373527571300e-02 2.921099316121845979e-02 2.713430057405777016e-02
2.973983966158934678e+00 5.629218202892455336e-02 2.851182527760325047e-02 2.778035675132405416e-02
2.975095324238508088e+00 5.638912472259836883e-02 2.802258671083133340e-02 2.836653801176791667e-02
2.976206682318081054e+00 5.671658485058063415e-02 2.787591554750610406e-02 2.884066930307578602e-02
2.977318040397654464e+00 5.731815367896850311e-02 2.814879319169897448e-02 2.916936048727165193e-02
2.978429398477227430e+00 5.819332319678804932e-02 2.884978085479205506e-02 2.934354234199675060e-02
2.979540756556800840e+00 5.929750755630332215e-02 2.991750018796825866e-02 2.938000736833715210e-02
2.980652114636374250e+00 6.054932191413728293e-02 3.123062718884444394e-02 2.931869472529774479e-02
2.981763472715947216e+00 6.184393219220114812e-02 3.262777328162010104e-02 2.921615891058242792e-02
2.982874830795520626e+00 6.307028768690974008e-02 3.393399673576032172e-02 2.913629095115175677e-02
2.983986188875094037e+00 6.412940545943070225e-02 3.498959032371130873e-02 2.913981513572088192e-02
2.985097546954667003e+00 6.495069750768452110e-02 3.567640888952290645e-02 2.927428861816211078e-02
2.986208905034240413e+00 6.550364895131416398e-02 3.593739748861472794e-02 2.956625146270106669e-02
2.987320263113813823e+00 6.580291645281574620e-02 3.578609292830084443e-02 3.001682352451435706e-02
2.988431621193386789e+00 6.590599631079412102e-02 3.530451700656142555e-02 3.060147930423435386e-02
2.989542979272960199e+00 6.590383376830516449e-02 3.462978849403157422e-02 3.127404527427461722e-02
2.990654337352533165e+00 6.590590809456653432e-02 3.393163910344158818e-02 3.197426899112640331e-02
2.991765695432106575e+00 6.602224031238225488e-02 3.338452028356073825e-02 3.263772002882146805e-02
2.992877053511679541e+00 6.634528140506079641e-02 3.313888479633465139e-02 3.320639660873032917e-02
2.993988411591252952e+00 6.693466361387601093e-02 3.329637091138291233e-02 3.363829270249340392e-02
2.995099769670826362e+00 6.780733111087622333e-02 3.389298267840405027e-02 3.391434843247575354e-02
2.996211127750399328e+00 6.893468483790490819e-02 3.489305020712750449e-02 3.404163463077818086e-02
2.997322485829972738e+00 7.024722406867443814e-02 3.619498364046015715e-02 3.405224042821421160e-02
2.998433843909546148e+00 7.164593353980057422e-02 3.764789422720550560e-02 3.399803931259577638e-02
2.999545201989119114e+00 7.301855281084498883e-02 3.907636476919094243e-02 3.394218804165165249e-02
3.000656560068692524e+00 7.425805720711348146e-02 4.030930492709493274e-02 3.394875228001791034e-02
3.001767918148265935e+00 7.528031073820191932e-02 4.120814696048218789e-02 3.407216377772014082e-02
3.002879276227838901e+00 7.603798229739189285e-02 4.168973758682997799e-02 3.434824471056063810e-02
3.003990634307411867e+00 7.652842655763120172e-02 4.174014667003808632e-02 3.478827988759222722e-02
3.005101992386985277e+00 7.679422067234660532e-02 4.141710231544556975e-02 3.537711835690254131e-02
3.006213350466558687e+00 7.691625487198741618e-02 4.084063061149750817e-02 3.607562426049186477e-02
3.007324708546131653e+00 7.700050096848298775e-02 4.017341971605464801e-02 3.682708125242964425e-02
3.008436066625705063e+00 7.716062580862310949e-02 3.959412268478164354e-02 3.756650312384154922e-02
3.009547424705278473e+00 7.749930479569477892e-02 3.926798191537941157e-02 3.823132288031598491e-02
3.010658782784851439e+00 7.809130979582930288e-02 3.931960699281505933e-02 3.877170280301409089e-02
3.011770140864424850e+00 7.897115914385878510e-02 3.981239188190621725e-02 3.915876726195396951e-02
3.012881498943998260e+00 8.012737134430378272e-02 4.073797233071640295e-02 3.938939901358640139e-02
3.013992857023571226e+00 8.150428048050537000e-02 4.201747739306792989e-02 3.948680308743922340e-02
3.015104215103144636e+00 8.301112808949892563e-02 4.351439028424480826e-02 3.949673780525628924e-02
3.016215573182717602e+00 8.453694776930351096e-02 4.505692206475970379e-02 3.948002570454562515e-02
3.017326931262291012e+00 8.596880245561630551e-02 4.646623169373748086e-02 3.950257076187729810e-02
3.018438289341863978e+00 8.721037802661446570e-02 4.758585691396917394e-02 3.962452111264690158e-02
3.019549647421437388e+00 8.819787295902958846e-02 4.830751284509247900e-02 3.989036011393826825e-02
3.020661005501010798e+00 8.891056355914711551e-02 4.858900460171882568e-02 4.032155895742955271e-02
3.021772363580583765e+00 8.937429631028620536e-02 4.846129109556741171e-02 4.091300521471923080e-02
3.022883721660157175e+00 8.965732028607620308e-02 4.802351812089411531e-02 4.163380216518419719e-02
3.023995079739730585e+00 8.985913267053299847e-02 4.742681751193089656e-02 4.243231515860249048e-02
3.025106437819303551e+00 9.009416190560808058e-02 4.684952016772307715e-02 4.324464173788285237e-02
3.026217795898876961e+00 9.047296606684304687e-02 4.646784905534011301e-02 4.400511701150311428e-02
3.027329153978450371e+00 9.108403777812171254e-02 4.642690965133484254e-02 4.465712812678802879e-02
3.028440512058023337e+00 9.197921242651170559e-02 4.681675476191320129e-02 4.516245766459810879e-02
3.029551870137596747e+00 9.316508830812145203e-02 4.765747354154759724e-02 4.550761476657574911e-02
3.030663228217169713e+00 9.460188160395746615e-02 4.889577560568124370e-02 4.570610599827668041e-02
3.031774586296743124e+00 9.620991735500208919e-02 5.041365274837100036e-02 4.579626460663573095e-02
3.032885944376316090e+00 9.788270063224288609e-02 5.204771313844006736e-02 4.583498749380434528e-02
3.033997302455889500e+00 9.950442678446580480e-02 5.361602307124502254e-02 4.588840371322133738e-02
3.035108660535462910e+00 1.009690549985243074e-01 5.494804956323751793e-02 4.602100543529087651e-02
3.036220018615035876e+00 1.021978070017156570e-01 5.591277868075793245e-02 4.628502832095929970e-02
3.037331376694609286e+00 1.031522066103549573e-01 5.644037614311682438e-02 4.671183046723777210e-02
3.038442734774182696e+00 1.038405050838092925e-01 5.653381185333246350e-02 4.730669323047700242e-02
3.039554092853755662e+00 1.043164226317673943e-01 5.626851621690613647e-02 4.804790641486372110e-02
3.040665450933329073e+00 1.046703998518189876e-01 5.578010340953329371e-02 4.889029644228773397e-02
3.041776809012902483e+00 1.050147866115801326e-01 5.524216178177766834e-02 4.977262482980129160e-02
3.042888167092475449e+00 1.054653967342497889e-01 5.483775078276703629e-02 5.062764595148549346e-02
3.043999525172048859e+00 1.061224595776164570e-01 5.472928664514131042e-02 5.139317293247423757e-02
3.045110883251621825e+00 1.070541042663700482e-01 5.503177281531512754e-02 5.202233145105636392e-02
3.046222241331195235e+00 1.082851008183649127e-01 5.579378926527461119e-02 5.249131155308967706e-02
3.047333599410768201e+00 1.097927215606669393e-01 5.698938515738309618e-02 5.280333640328369049e-02
3.048444957490341611e+00 1.115104169964629965e-01 5.852222957635106609e-02 5.298818742011041083e-02
3.049556315569915022e+00 1.133387146679492308e-01 6.024135898639997738e-02 5.309735568154865665e-02
3.050667673649487988e+00 1.151615590419920454e-01 6.196594925726370273e-02 5.319560978472826634e-02
3.051779031729061398e+00 1.168654112499200592e-01 6.351504937457030930e-02 5.335036187535156099e-02
3.052890389808634808e+00 1.183579682236316627e-01 6.473738953002500240e-02 5.362057869360824236e-02
3.054001747888207774e+00 1.195834178159993488e-01 6.553635514523248329e-02 5.404706267076896109e-02
3.055113105967781184e+00 1.205317114026500797e-01 6.588600545858476487e-02 5.464570594406650134e-02
3.056224464047354594e+00 1.212403161244342970e-01 6.583548246674897353e-02 5.540483365768855695e-02
3.057335822126927560e+00 1.217881446065918194e-01 6.550106291437547690e-02 5.628708169221514207e-02
3.058447180206500970e+00 1.222826476597674017e-01 6.504713947126621043e-02 5.723550818850056676e-02
3.059558538286073937e+00 1.228421831786559448e-01 6.465924262130867683e-02 5.818294055734850312e-02
3.060669896365647347e+00 1.235765562142993462e-01 6.451353115689242856e-02 5.906302505740539111e-02
3.061781254445220313e+00 1.245689316438459426e-01 6.474776883416452633e-02 5.982116280968258204e-02
3.062892612524793723e+00 1.258621006713526724e-01 6.543856927130520251e-02 6.042353140004979445e-02
3.064003970604367133e+00 1.274513708665385991e-01 6.658866782179485855e-02 6.086270304474289405e-02
3.065115328683940099e+00 1.292852628623337163e-01 6.812633499116410585e-02 6.115892787116823659e-02
3.066226686763513509e+00 1.312739134329325152e-01 6.991705057924449407e-02 6.135686285368809056e-02
3.067338044843086919e+00 1.333038154445158607e-01 7.178553904300857824e-02 6.151827640150840659e-02
3.068449402922659885e+00 1.352564791430130031e-01 7.354455694724135184e-02 6.171192219577237986e-02
3.069560761002233296e+00 1.370279490758229690e-01 7.502570488389970205e-02 6.200224419192369718e-02
3.070672119081806706e+00 1.385459644247232502e-01 7.610719415755629047e-02 6.243877026716834755e-02
3.071783477161379672e+00 1.397819327027807756e-01 7.673399061431410151e-02 6.304794208846747905e-02
3.072894835240953082e+00 1.407557356712191288e-01 7.692700474368158181e-02 6.382873092754069722e-02
3.074006193320526048e+00 1.415325630259875733e-01 7.677979470568457865e-02 6.475276832030696372e-02
3.075117551400099458e+00 1.422122807199558692e-01 7.644330225991383121e-02 6.576897846004088610e-02
3.076228909479672424e+00 1.429130710307436325e-01 7.610111305878314303e-02 6.681195797196208541e-02
3.077340267559245834e+00 1.437520279254095035e-01 7.593929763775239539e-02 6.781273028765910649e-02
3.078451625638819245e+00 1.448258975312241015e-01 7.611578925087580938e-02 6.871010828034672391e-02
3.079562983718392211e+00 1.461951354299720895e-01 7.673434007479640329e-02 6.946079535517751813e-02
3.080674341797965621e+00 1.478739120617809377e-01 7.782735266140781982e-02 7.004655940037361750e-02
3.081785699877539031e+00 1.498277227967860226e-01 7.935042995092897455e-02 7.047729284585735332e-02
3.082897057957111997e+00 1.519790099216128398e-01 8.118956269677682358e-02 7.078944722483605789e-02
3.084008416036685407e+00 1.542198851206831312e-01 8.317979382580384384e-02 7.104009129488075835e-02
3.085119774116258817e+00 1.564298700393197128e-01 8.513230717551385773e-02 7.129756286380749264e-02
3.086231132195831783e+00 1.584957423032059831e-01 8.686549512468723366e-02 7.163024717851855516e-02
3.087342490275404749e+00 1.603302222868719651e-01 8.823489616825733184e-02 7.209532611861385609e-02
3.088453848354978160e+00 1.618864208375310754e-01 8.915707009278439621e-02 7.272935074474756734e-02
3.089565206434551570e+00 1.631656606111398233e-01 8.962346756865044450e-02 7.354219304249207112e-02
3.090676564514124536e+00 1.642173705760019975e-01 8.970199132621205218e-02 7.451537924979494132e-02
3.091787922593697946e+00 1.651310563221874417e-01 8.952596871848270133e-02 7.560508760370565629e-02
3.092899280673271356e+00 1.660216538936275243e-01 8.927232804554746659e-02 7.674932584808177860e-02
3.094010638752844322e+00 1.670106670083825462e-01 8.913255231730149442e-02 7.787811469108213425e-02
3.095121996832417732e+00 1.682061864999295775e-01 8.928118029241588482e-02 7.892500620751809193e-02
3.096233354911991142e+00 1.696850807419681140e-01 8.984703756258205498e-02 7.983804317938533734e-02
3.097344712991564109e+00 1.714802944900394865e-01 9.089194069549601240e-02 8.058835379454394598e-02
3.098456071071137519e+00 1.735753578107210038e-01 9.240039579515860191e-02 8.117496201556340107e-02
3.099567429150710485e+00 1.759070233056888310e-01 9.428200899194741358e-02 8.162501431374377669e-02
3.100678787230283895e+00 1.783756129104206722e-01 9.638623627274889305e-02 8.198937663767380535e-02
3.101790145309856861e+00 1.808613850363833819e-01 9.852706734606647698e-02 8.233431769031912539e-02
3.102901503389430271e+00 1.832442380884151678e-01 1.005135977445439782e-01 8.273064034387464516e-02
3.104012861469003681e+00 1.854235117705335667e-01 1.021814659934037472e-01 8.324204577713209541e-02
3.105124219548576647e+00 1.873346252623876718e-01 1.034199806169096569e-01 8.391464464547873647e-02
3.106235577628150057e+00 1.889598060048242600e-01 1.041904616355981000e-01 8.476934436922620164e-02
3.107346935707723468e+00 1.903311307394856822e-01 1.045327593883649681e-01 8.579837135112292068e-02
3.108458293787296434e+00 1.915253630857927936e-01 1.045588545892625759e-01 8.696650849653013438e-02
3.109569651866869844e+00 1.926514219312388254e-01 1.044345688069302364e-01 8.821685312430718739e-02
3.110681009946443254e+00 1.938325301165772785e-01 1.043523744272336073e-01 8.948015568934686303e-02
3.111792368026016220e+00 1.951859729377151131e-01 1.044997645732143043e-01 9.068620836450390355e-02
3.112903726105589630e+00 1.968037952868741947e-01 1.050283831712751220e-01 9.177541211560094614e-02
3.114015084185162596e+00 1.987376181486648075e-01 1.060290001741472504e-01 9.270861797451948605e-02
3.115126442264736006e+00 2.009900829730932315e-01 1.075164641859089748e-01 9.347361878718307704e-02
3.116237800344308972e+00 2.035143458624700530e-01 1.094271296842028729e-01 9.408721617826919237e-02
3.117349158423882383e+00 2.062217206577933726e-01 1.116292066191517940e-01 9.459251403864274432e-02
3.118460516503455793e+00 2.089962282780670200e-01 1.139443530724574827e-01 9.505187520561220182e-02
3.119571874583028759e+00 2.117136699623906049e-01 1.161769769983667933e-01 9.553669296402259037e-02
3.120683232662602169e+00 2.142620924488707335e-01 1.181464367610777499e-01 9.611565568779284474e-02
3.121794590742175579e+00 2.165602777991970374e-01 1.197168435236029005e-01 9.684343427559580220e-02
3.122905948821748545e+00 2.185712092739569290e-01 1.208195531717340121e-01 9.775165610222238954e-02
3.124017306901321955e+00 2.203082859812112715e-01 1.214646297277767323e-01 9.884365625343369266e-02
3.125128664980895365e+00 2.218332486821871230e-01 1.217393710216728847e-01 1.000938776605154179e-01
3.126240023060468332e+00 2.232461419579593320e-01 1.217941140742829498e-01 1.014520278836767986e-01
3.127351381140041742e+00 2.246689498473153079e-01 1.218176326327518738e-01 1.028513172145640864e-01
3.128462739219614708e+00 2.262255869419677601e-01 1.220061575535070081e-01 1.042194293884621398e-01
3.129574097299188118e+00 2.280215321992196953e-01 1.225311085831566060e-01 1.054904236160628811e-01
3.130685455378761084e+00 2.301264579072286043e-01 1.235108480975478512e-01 1.066156098096811833e-01
3.131796813458334494e+00 2.325627195358651311e-01 1.249911153430952604e-01 1.075716041927714806e-01
3.132908171537907904e+00 2.353016127217829878e-01 1.269373793818360241e-01 1.083642333399488650e-01
3.134019529617480870e+00 2.382680284451991759e-01 1.292403926624011989e-01 1.090276357828018766e-01
3.135130887697054280e+00 2.413527559379293475e-01 1.317340560375167557e-01 1.096186999004098855e-01
3.136242245776627691e+00 2.444304222851240438e-01 1.342226772018962067e-01 1.102077450832279759e-01
3.137353603856200657e+00 2.473801258494700561e-01 1.365131522943723863e-01 1.108669735550969759e-01
3.138464961935774067e+00 2.501053716140972383e-01 1.384467813020817117e-01 1.116585903120152212e-01
3.139576320015347477e+00 2.525500251550335529e-01 1.399254781971112638e-01 1.126245469579230385e-01
3.140687678094920443e+00 2.547076514019096516e-01 1.409280498290230998e-01 1.137796015728869820e-01
3.141799036174493853e+00 2.566226886803707474e-01 1.415138447447316650e-01 1.151088439356386245e-01
3.142910394254066819e+00 2.583832500508940755e-01 1.418131477759212444e-01 1.165701022749767723e-01
3.144021752333640229e+00 2.601067222226804421e-01 1.420058776053353400e-01 1.181008446173464482e-01
3.145133110413213195e+00 2.619205204525013597e-01 1.422920736061619729e-01 1.196284468463406220e-01
3.146244468492786606e+00 2.639411598243223134e-01 1.428590168832760132e-01 1.210821429410477990e-01
3.147355826572360016e+00 2.662550863554009051e-01 1.438503938091103551e-01 1.224046925462905916e-01
3.148467184651932982e+00 2.689044278931493337e-01 1.453425841351421166e-01 1.235618437580074808e-01
3.149578542731506392e+00 2.718800203743237387e-01 1.473319919968114344e-01 1.245480283775154545e-01
3.150689900811079802e+00 2.751228711896980816e-01 1.497355268481473656e-01 1.253873443415505773e-01
3.151801258890652768e+00 2.785338340040278138e-01 1.524041796159276985e-01 1.261296543881003374e-01
3.152912616970226178e+00 2.819899165325390200e-01 1.551474824776949424e-01 1.268424340548468532e-01
3.154023975049799589e+00 2.853645473339709304e-01 1.577648438726239055e-01 1.275997034613472469e-01
3.155135333129372555e+00 2.885484705461923705e-01 1.600786102602522742e-01 1.284698602859396244e-01
3.156246691208945521e+00 2.914678277201764311e-01 1.619634117881736390e-01 1.295044159320044852e-01
3.157358049288518931e+00 2.940964426357360884e-01 1.633669505467796879e-01 1.307294920889598977e-01
3.158469407368092341e+00 2.964602740702867445e-01 1.643187901551572128e-01 1.321414839151313081e-01
3.159580765447665307e+00 2.986332875925714614e-01 1.649256750299994967e-01 1.337076125625719092e-01
3.160692123527238717e+00 3.007254093946538087e-01 1.653541235607561277e-01 1.353712858338996239e-01
3.161803481606812127e+00 3.028645306714685681e-01 1.658031370962377016e-01 1.370613935752303669e-01
3.162914839686385093e+00 3.051755148914997995e-01 1.664715004221412609e-01 1.387040144693584276e-01
3.164026197765958504e+00 3.077596598115933668e-01 1.675250492725547935e-01 1.402346105390379627e-01
3.165137555845531914e+00 3.106779980670727470e-01 1.690692967088053278e-01 1.416087013582677245e-01
3.166248913925104880e+00 3.139411947015217086e-01 1.711319384665046517e-01 1.428092562350187500e-01
3.167360272004678290e+00 3.175077190047977949e-01 1.736581394065641881e-01 1.438495795982355774e-01
3.168471630084251256e+00 3.212906086412364859e-01 1.765194039882588273e-01 1.447712046529764374e-01
3.169582988163824666e+00 3.251717295983881373e-01 1.795345979681514104e-01 1.456371316302374486e-01
3.170694346243397632e+00 3.290211988094782769e-01 1.824996842567551680e-01 1.465215145527238583e-01
3.171805704322971042e+00 3.327187814125925347e-01 1.852212935866590915e-01 1.474974878259323607e-01
3.172917062402544452e+00 3.361737430513264124e-01 1.875486090348922330e-01 1.486251340164355395e-01
3.174028420482117419e+00 3.393398850236281072e-01 1.893983097787860781e-01 1.499415752448473305e-01
3.175139778561690829e+00 3.422232768486846433e-01 1.907684517325970441e-01 1.514548251160883763e-01
3.176251136641264239e+00 3.448813984378331088e-01 1.917389761919778557e-01 1.531424222458567797e-01
3.177362494720837205e+00 3.474138161052938156e-01 1.924587350323969659e-01 1.549550810728994032e-01
3.178473852800410615e+00 3.499459110208056334e-01 1.931211412642988012e-01 1.568247697565103849e-01
3.179585210879984025e+00 3.526083257276595995e-01 1.939324312459294042e-01 1.586758944817308059e-01
3.180696568959556991e+00 3.555155046502452287e-01 1.950777497124318582e-01 1.604377549378125101e-01
3.181807927039130401e+00 3.587468602670542683e-01 1.966906379568884589e-01 1.620562223101644495e-01
3.182919285118703367e+00 3.623336711005734623e-01 1.988309564754364156e-01 1.635027146251409325e-01
3.184030643198276778e+00 3.662538798155414721e-01 2.014748947092460662e-01 1.647789851062973487e-01
3.185142001277849744e+00 3.704356629778971510e-01 2.045187375508946970e-01 1.659169254270055349e-01
3.186253359357423154e+00 3.747692012641943293e-01 2.077957963596165081e-01 1.669734049045779878e-01
3.187364717436996564e+00 3.791247274399865974e-01 2.111037432721644125e-01 1.680209841678222960e-01
3.188476075516569530e+00 3.833738919979993165e-01 2.142378689765006838e-01 1.691360230214990490e-01
3.189587433596142940e+00 3.874109344150549195e-01 2.170247997516587812e-01 1.703861346633943064e-01
3.190698791675716350e+00 3.911701733912579249e-01 2.193511230521355548e-01 1.718190503391242574e-01
3.191810149755289316e+00 3.946369291029821480e-01 2.211821982789720087e-01 1.734547308240114716e-01
3.192921507834862727e+00 3.978500667772644772e-01 2.225680362130806611e-01 1.752820305641872856e-01
3.194032865914436137e+00 4.008957274369809864e-01 2.236352538364257958e-01 1.772604736005563009e-01
3.195144223994009103e+00 4.038932623366398023e-01 2.245664023119316732e-01 1.793268600247087952e-01
3.196255582073582513e+00 4.069756736122545071e-01 2.255700477607204546e-01 1.814056258515362452e-01
3.197366940153155479e+00 4.102677728804573487e-01 2.268465139119901219e-01 1.834212589684670047e-01
3.198478298232728889e+00 4.138656514486200311e-01 2.285549197112925479e-01 1.853107317373297036e-01
3.199589656312301855e+00 4.178208465101256874e-01 2.307869427181200583e-01 1.870339037920051295e-01
3.200701014391875265e+00 4.221318205261625489e-01 2.335516420664915938e-01 1.885801784596716768e-01
3.201812372471448676e+00 4.267441712150658040e-01 2.367738617820085989e-01 1.899703094330560393e-01
3.202923730551021642e+00 4.315595539740910147e-01 2.403065035087626478e-01 1.912530504653318919e-01
3.204035088630595052e+00 4.364518631717616559e-01 2.439546739267167974e-01 1.924971892450486333e-01
3.205146446710168462e+00 4.412880200124620900e-01 2.475077523518947331e-01 1.937802676605683561e-01
3.206257804789741428e+00 4.459499505439969425e-01 2.507741116626463485e-01 1.951758388813531753e-01
3.207369162869314838e+00 4.503541345783207972e-01 2.536127782155464527e-01 1.967413563627765094e-01
3.208480520948888248e+00 4.544654993606474513e-01 2.559568092661065886e-01 1.985086900945428612e-01
3.209591879028461214e+00 4.583033571806736095e-01 2.578245203057203394e-01 2.004788368749537697e-01
3.210703237108034624e+00 4.619383923918836121e-01 2.593166884080669865e-01 2.026217039838160427e-01
3.211814595187607591e+00 4.654811760553783651e-01 2.606001640608157643e-01 2.048810119945628783e-01
3.212925953267181001e+00 4.690640833538416987e-01 2.618805637717834811e-01 2.071835195820586339e-01
3.214037311346753967e+00 4.728195797364940223e-01 2.633685199152012713e-01 2.094510598212939168e-01
3.215148669426327377e+00 4.768584461195918278e-01 2.652450347415447052e-01 2.116134113780477610e-01
3.216260027505900787e+00 4.812515308201513742e-01 2.676316443847073789e-01 2.136198864354447724e-01
3.217371385585473753e+00 4.860180421772707371e-01 2.705703180013031561e-01 2.154477241759714112e-01
3.218482743665047163e+00 4.911223243337222155e-01 2.740164235432626105e-01 2.171059007904584115e-01
3.219594101744620573e+00 4.964796649088366598e-01 2.778459459135991794e-01 2.186337189952405891e-01
3.220705459824193539e+00 5.019701962609871559e-01 2.818757977164098594e-01 2.200943985445807105e-01
3.221816817903766950e+00 5.074586165234139523e-01 2.858939034530502132e-01 2.215647130703674861e-01
3.222928175983340360e+00 5.128164929495092617e-01 2.896941209349198076e-01 2.231223720145923406e-01
3.224039534062913326e+00 5.179434778827878283e-01 2.931102564183270531e-01 2.248332214644635230e-01
3.225150892142486736e+00 5.227839391926024648e-01 2.960435672023383202e-01 2.267403719902655879e-01
3.226262250222059702e+00 5.273362553041127665e-01 2.984792065596788557e-01 2.288570487444357704e-01
3.227373608301633112e+00 5.316532279268166850e-01 3.004888780506083101e-01 2.311643498762085969e-01
3.228484966381206078e+00 5.358335260021124258e-01 3.022192325619623143e-01 2.336142934401480853e-01
3.229596324460779488e+00 5.400055521650075629e-01 3.038678894423219035e-01 2.361376627226837721e-01
3.230707682540352899e+00 5.443063746914470480e-01 3.056510062301546204e-01 2.386553684612945370e-01
3.231819040619925865e+00 5.488591867595531415e-01 3.077677224579006277e-01 2.410914643016530134e-01
3.232930398699499275e+00 5.537530050163653739e-01 3.103673296493969502e-01 2.433856753669676465e-01
3.234041756779072685e+00 5.590279584759800802e-01 3.135245832788990938e-01 2.455033751970816247e-01
3.235153114858645651e+00 5.646686048077136366e-01 3.172272428837740743e-01 2.474413619239402562e-01
3.236264472938219061e+00 5.706063935035534662e-01 3.213779208154795008e-01 2.492284726880742152e-01
3.237375831017792471e+00 5.767308904500858535e-01 3.258099671996130819e-01 2.509209232504723830e-01
3.238487189097365437e+00 5.829079336413693913e-01 3.303148054153959845e-01 2.525931282259711308e-01
3.239598547176938403e+00 5.890017433577739991e-01 3.346762399730083826e-01 2.543255033847667268e-01
3.240709905256511814e+00 5.948973516660008842e-01 3.387060997539483309e-01 2.561912519120527754e-01
3.241821263336085224e+00 6.005196551693973150e-01 3.422753467494171198e-01 2.582443084199815275e-01
3.242932621415658190e+00 6.058459429423415088e-01 3.453355141103074955e-01 2.605104288320350125e-01
3.244043979495231600e+00 6.109098196042885842e-01 3.479269188234751509e-01 2.629829007808129337e-01
3.245155337574805010e+00 6.157958567383042814e-01 3.501722650397622316e-01 2.656235916985427159e-01
3.246266695654377976e+00 6.206258322609852218e-01 3.522566577433581259e-01 2.683691745176256527e-01
3.247378053733951386e+00 6.255388056674096031e-01 3.543972876448557852e-01 2.711415180225555388e-01
3.248489411813524796e+00 6.306682982336601073e-01 3.568077573400659785e-01 2.738605408935942398e-01
3.249600769893097763e+00 6.361203321593578153e-01 3.596629131473935148e-01 2.764574190119665209e-01
3.250712127972671173e+00 6.419559501242384503e-01 3.630699774277070802e-01 2.788859726965343677e-01
3.251823486052244139e+00 6.481811072011460784e-01 3.670507518607813435e-01 2.811303553403648459e-01
3.252934844131817549e+00 6.547456192965525057e-01 3.715378496288146981e-01 2.832077696677391399e-01
3.254046202211390515e+00 6.615513641345234230e-01 3.763856104894329202e-01 2.851657536450921127e-01
3.255157560290963925e+00 6.684684067541162289e-01 3.813939356542047077e-01 2.870744710999106331e-01
3.256268918370537335e+00 6.753564125519675443e-01 3.863411470976220174e-01 2.890152654543466926e-01
3.257380276450110301e+00 6.820878332046216297e-01 3.910204802543118530e-01 2.910673529503094437e-01
3.258491634529683711e+00 6.885690499669820941e-01 3.952742078441417450e-01 2.932948421228415148e-01
3.259602992609257122e+00 6.947559857978142794e-01 3.990197685092805591e-01 2.957362172885327767e-01
3.260714350688830088e+00 7.006616001566936536e-01 4.022635774250109542e-01 2.983980227316859191e-01
3.261825708768403498e+00 7.063540108866398493e-01 4.051002145273524535e-01 3.012537963592892831e-01
3.262937066847976908e+00 7.119455282147143516e-01 4.076970887188722248e-01 3.042484394958430705e-01
3.264048424927549874e+00 7.175743833231087443e-01 4.102670685552043950e-01 3.073073147679042938e-01
3.265159783007123284e+00 7.233821414424638219e-01 4.130335575047474062e-01 3.103485839377161937e-01
3.266271141086696250e+00 7.294905074428206238e-01 4.161937466580772904e-01 3.132967607847456093e-01
3.267382499166269660e+00 7.359813410299504977e-01 4.198860914082106488e-01 3.160952496217407370e-01
3.268493857245842626e+00 7.428831794824320989e-01 4.241673773088221466e-01 3.187158021736101188e-01
3.269605215325416037e+00 7.501665023982529990e-01 4.290031739472432992e-01 3.211633284510113096e-01
3.270716573404989447e+00 7.577485389983728004e-01 4.342732801393080488e-01 3.234752588590661948e-01
3.271827931484562413e+00 7.655068494141865632e-01 4.397912991579378539e-01 3.257155502562524285e-01
3.272939289564135823e+00 7.732994651278435327e-01 4.453351542641112992e-01 3.279643108637332327e-01
3.274050647643709233e+00 7.809882887719888922e-01 4.506835462435013206e-01 3.303047425284886263e-01
3.275162005723282199e+00 7.884619093138179879e-01 4.556523649503572138e-01 3.328095443634634387e-01
3.276273363802855609e+00 7.956540761091862590e-01 4.601250608640062856e-01 3.355290152451815833e-01
3.277384721882429020e+00 8.025547814599447438e-01 4.640719635816490940e-01 3.384828178782957608e-01
3.278496079962001986e+00 8.092121113025729784e-01 4.675553427416569985e-01 3.416567685609158134e-01
3.279607438041574952e+00 8.157245394111586334e-01 4.707193471599474544e-01 3.450051922512112346e-01
3.280718796121148806e+00 8.222249131418749579e-01 4.737664458317790706e-01 3.484584673100928343e-01
3.281830154200721772e+00 8.288587494595366367e-01 4.769242205786579092e-01 3.519345288808785055e-01
3.282941512280294738e+00 8.357604026220990523e-01 4.804079573729777008e-01 3.553524452491199637e-01
3.284052870359868148e+00 8.430310232714085528e-01 4.843851873274669928e-01 3.586458359439416155e-01
3.285164228439441558e+00 8.507219424559112619e-01 4.889480210673460836e-01 3.617739213885673988e-01
3.286275586519014524e+00 8.588262289657720983e-01 4.940978500337754320e-01 3.647283789319987757e-01
3.287386944598587935e+00 8.672798286702974035e-01 4.997449621544473586e-01 3.675348665158517103e-01
3.288498302678161345e+00 8.759721198867553849e-01 5.057231691979069410e-01 3.702489506888480553e-01
3.289609660757734311e+00 8.847641679014500715e-01 5.118170714448750935e-01 3.729470964565758662e-01
3.290721018837307721e+00 8.935116900350567049e-01 5.177974990035275615e-01 3.757141910315307531e-01
3.291832376916881131e+00 9.020889601174666428e-01 5.234593125513036238e-01 3.786296475661637961e-01
3.292943734996454097e+00 9.104097178482515318e-01 5.286553444822422732e-01 3.817543733660104799e-01
3.294055093076027063e+00 9.184416325742965626e-01 5.333208826907088751e-01 3.851207498835909071e-01
3.295166451155600917e+00 9.262119242669709651e-01 5.374846435201692252e-01 3.887272807468026281e-01
3.296277809235173883e+00 9.338031947950750089e-01 5.412643955529825579e-01 3.925387992420910632e-01
3.297389167314746850e+00 9.413401320726970667e-01 5.448479186936008301e-01 3.964922133790966807e-01
3.298500525394320260e+00 9.489692536832433634e-01 5.484623987290269120e-01 4.005068549542187828e-01
3.299611883473893670e+00 9.568350072923541560e-01 5.523372682724846383e-01 4.044977390198714051e-01
3.300723241553466636e+00 9.650561523303040623e-01 5.566665950040040611e-01 4.083895573262991130e-01
3.301834599633040046e+00 9.737063098984916065e-01 5.615772061615300625e-01 4.121291037369635979e-01
3.302945957712613456e+00 9.828018903950825891e-01 5.671078076097914034e-01 4.156940827852903531e-01
3.304057315792186422e+00 9.922994011084798061e-01 5.732025575260810690e-01 4.190968435823980709e-01
3.305168673871759832e+00 1.002102596592819639e+00 5.797201829708237275e-01 4.223824136219992975e-01
3.306280031951333243e+00 1.012078315751147928e+00 5.864571716128177403e-01 4.256211441383323524e-01
3.307391390030906209e+00 1.022078417559429520e+00 5.931812510751535150e-01 4.288971664842757270e-01
3.308502748110479175e+00 1.031964218428921276e+00 5.996696672092020064e-01 4.322945512197184370e-01
3.309614106190053029e+00 1.041629415328753527e+00 6.057459714970200304e-01 4.358834438317342186e-01
3.310725464269625995e+00 1.051017720178423875e+00 6.113092605333113605e-01 4.397084596451143468e-01
3.311836822349198961e+00 1.060132294311792345e+00 6.163510410165388143e-01 4.437812532952546407e-01
3.312948180428772371e+00 1.069035416155600382e+00 6.209569213696267687e-01 4.480784947859760003e-01
3.314059538508345781e+00 1.077838420294448873e+00 6.252928238045027953e-01 4.525455964899479100e-01
3.315170896587918747e+00 1.086683548051821768e+00 6.295779588428813689e-01 4.571055892089408434e-01
3.316282254667492158e+00 1.095720684786307908e+00 6.340489884918300012e-01 4.616716962944769631e-01
3.317393612747065568e+00 1.105082806864367884e+00 6.389212639830685880e-01 4.661615428813006279e-01
3.318504970826638534e+00 1.114864181087579009e+00 6.443535172949642620e-01 4.705106637926170232e-01
3.319616328906211944e+00 1.125104913701832077e+00 6.504218292923609201e-01 4.746830844094722113e-01
3.320727686985785354e+00 1.135784407007852881e+00 6.571071806678833171e-01 4.786772263399687311e-01
3.321839045065358320e+00 1.146824818925301859e+00 6.642986627085006868e-01 4.825261562167996177e-01
3.322950403144931286e+00 1.158103974673620584e+00 6.718118489067670396e-01 4.862921257668556541e-01
3.324061761224504696e+00 1.169475620799934612e+00 6.794193291648100708e-01 4.900562916351270393e-01
3.325173119304078106e+00 1.180793697111155227e+00 6.868883976750383979e-01 4.939052994361162185e-01
3.326284477383651073e+00 1.191936632503535431e+00 6.940196957881356044e-01 4.979169367153979398e-01
3.327395835463224483e+00 1.202827657736277756e+00 7.006804401039952168e-01 5.021472176322798742e-01
3.328507193542797893e+00 1.213447775451580224e+00 7.068267440779918420e-01 5.066210313735860504e-01
3.329618551622370859e+00 1.223839230054134974e+00 7.125113263162640154e-01 5.113279037378699599e-01
3.330729909701944269e+00 1.234098880598491599e+00 7.178752984202283471e-01 5.162235821782635847e-01
3.331841267781517679e+00 1.244362542331881372e+00 7.231253458025510561e-01 5.212371965293320919e-01
3.332952625861090645e+00 1.254782853348020311e+00 7.285000251041944264e-01 5.262828282438268834e-01
3.334063983940664055e+00 1.265504295955228953e+00 7.342307041709522641e-01 5.312735917842760225e-01
3.335175342020237466e+00 1.276639480098106683e+00 7.405035666718711163e-01 5.361359134262358994e-01
3.336286700099810432e+00 1.288250598438790417e+00 7.474289436590260127e-01 5.408216547797637386e-01
3.337398058179383398e+00 1.300339120508009039e+00 7.550230425521040623e-01 5.453160779559050875e-01
3.338509416258956808e+00 1.312845443915557242e+00 7.632051141175691944e-01 5.496403297979880476e-01
3.339620774338530218e+00 1.325658585058557382e+00 7.718105624366361495e-01 5.538480226219222313e-01
3.340732132418103184e+00 1.338634338810507973e+00 7.806178781144251788e-01 5.580164606960860141e-01
3.341843490497676594e+00 1.351618938516240709e+00 7.893849932120913238e-01 5.622339453041471646e-01
3.342954848577250004e+00 1.364474335113609715e+00 7.978890942319658564e-01 5.665852408816429708e-01
3.344066206656822970e+00 1.377100938736520508e+00 8.059633459276015488e-01 5.711375928089168497e-01
3.345177564736396381e+00 1.389454074536298878e+00 8.135244721370172849e-01 5.759296023992787061e-01
3.346288922815969791e+00 1.401551430971024192e+00 8.205866314671755868e-01 5.809647995038506041e-01
3.347400280895542757e+00 1.413470255783065177e+00 8.272592721114415681e-01 5.862109836716240530e-01
3.348511638975115723e+00 1.425334740080382190e+00 8.337292830993431325e-01 5.916054569810414998e-01
3.349622997054689577e+00 1.437295647286914058e+00 8.402303460766114007e-01 5.970653012103024349e-01
3.350734355134262543e+00 1.449505524885382091e+00 8.470045061336769487e-01 6.025010187517071403e-01
3.351845713213835509e+00 1.462093571121422020e+00 8.542622729195855635e-01 6.078312982018354571e-01
3.352957071293408919e+00 1.475144294055491079e+00 8.621478195084170126e-01 6.129964745470740661e-01
3.354068429372982330e+00 1.488683484365601384e+00 8.707150216902832529e-01 6.179684626753186860e-01
3.355179787452555296e+00 1.502673826096994958e+00 8.799183079255579187e-01 6.227555181714333754e-01
3.356291145532128706e+00 1.517020887102698667e+00 8.896198599670311902e-01 6.274010271356663671e-01
3.357402503611702116e+00 1.531588523026963244e+00 8.996120148877769784e-01 6.319765081391852668e-01
3.358513861691275082e+00 1.546221176442845957e+00 9.096512133655194621e-01 6.365699630773282713e-01
3.359625219770848492e+00 1.560769412182094751e+00 9.194979297146305131e-01 6.412714824674635716e-01
3.360736577850421902e+00 1.575114489767097670e+00 9.289560221714555643e-01 6.461584675956414392e-01
3.361847935929994868e+00 1.589187924421905151e+00 9.379050235752904863e-01 6.512829008466153313e-01
3.362959294009567834e+00 1.602982806055227805e+00 9.463200417839662260e-01 6.566627642712613566e-01
3.364070652089141689e+00 1.616554997519565218e+00 9.542759689676187929e-01 6.622790285519453146e-01
3.365182010168714655e+00 1.630013997711245777e+00 9.619352768699913625e-01 6.680787208412550804e-01
3.366293368248287621e+00 1.643504958103736424e+00 9.695213777170842429e-01 6.739835803866514041e-01
3.367404726327861031e+00 1.657184802495945686e+00 9.772819126609350038e-01 6.799028898350111261e-01
3.368516084407434441e+00 1.671196377762779850e+00 9.854479982558806972e-01 6.857483795068985977e-01
3.369627442487007407e+00 1.685644895944089949e+00 9.941961399240683006e-01 6.914487560200215377e-01
3.370738800566580817e+00 1.700580558851471080e+00 1.003619095651179016e+00 6.969614632002912868e-01
3.371850158646154227e+00 1.715990244792380937e+00 1.013710510930329933e+00 7.022797338620513363e-01
3.372961516725727193e+00 1.731799648317695617e+00 1.024365885865563097e+00 7.074337624521338519e-01
3.374072874805300604e+00 1.747885542432415784e+00 1.035399748026897493e+00 7.124857944055171810e-01
3.375184232884874014e+00 1.764096161761421699e+00 1.046576232063058942e+00 7.175199296983629793e-01
3.376295590964446980e+00 1.780276360360660393e+00 1.057648049776709787e+00 7.226283105839512722e-01
3.377406949044019946e+00 1.796293401745391538e+00 1.068397438931064425e+00 7.278959628143275573e-01
3.378518307123593800e+00 1.812059123876790023e+00 1.078672337461660469e+00 7.333867864151276672e-01
3.379629665203166766e+00 1.827544808938839083e+00 1.088411800882628899e+00 7.391330080562088511e-01
3.380741023282739732e+00 1.842786281697161410e+00 1.097656440090006402e+00 7.451298416071556741e-01
3.381852381362313142e+00 1.857878365730211145e+00 1.106542116874167148e+00 7.513362488560419994e-01
3.382963739441886553e+00 1.872959580184841766e+00 1.115277891439757862e+00 7.576816887450805726e-01
3.384075097521459519e+00 1.888189572206121269e+00 1.124111816337975522e+00 7.640777558681485226e-01
3.385186455601032929e+00 1.903722985576017379e+00 1.133290185390985139e+00 7.704328001850296870e-01
3.386297813680606339e+00 1.919684064536570700e+00 1.143016940876307563e+00 7.766671236602633588e-01
3.387409171760179305e+00 1.936146182978848662e+00 1.153419934586237261e+00 7.827262483926117342e-01
3.388520529839752715e+00 1.953119689163985928e+00 1.164529626747848212e+00 7.885900624161386041e-01
3.389631887919326125e+00 1.970550094932101981e+00 1.176273771532129864e+00 7.942763233999705630e-01
3.390743245998899091e+00 1.988326938793900878e+00 1.188489012013163038e+00 7.998379267807348425e-01
3.391854604078472057e+00 2.006301893646621703e+00 1.200947522255048083e+00 8.053543713915732871e-01
3.392965962158045912e+00 2.024313161828669383e+00 1.213394348354886576e+00 8.109188134737822518e-01
3.394077320237618878e+00 2.042212155343207769e+00 1.225589324323002494e+00 8.166228310202042762e-01
3.395188678317191844e+00 2.059888070906184421e+00 1.237346667294624503e+00 8.225414036115576977e-01
3.396300036396765254e+00 2.077286303827738490e+00 1.248565719642839023e+00 8.287205841848984678e-01
3.397411394476338664e+00 2.094417648530586540e+00 1.259247746378081123e+00 8.351699021525061939e-01
3.398522752555911630e+00 2.111356743204562125e+00 1.269495980308681160e+00 8.418607628958801881e-01
3.399634110635485040e+00 2.128229984322626667e+00 1.279498860712167785e+00 8.487311236104588819e-01
3.400745468715058450e+00 2.145194872846599932e+00 1.289499181305911124e+00 8.556956915406883635e-01
3.401856826794631417e+00 2.162414171768292093e+00 1.299754193681959880e+00 8.626599780863350997e-01
3.402968184874204827e+00 2.180029119640653157e+00 1.310493217835056790e+00 8.695359018055976996e-01
3.404079542953778237e+00 2.198136112871156289e+00 1.321879741581756917e+00 8.762563712893973733e-01
3.405190901033351203e+00 2.216770711096553548e+00 1.333984271613900319e+00 8.827864394826541172e-01
3.406302259112924169e+00 2.235901624886365902e+00 1.346772445879844460e+00 8.891291790065207756e-01
3.407413617192497579e+00 2.255435708391353433e+00 1.360110415804728135e+00 8.953252925866238554e-01
3.408524975272070989e+00 2.275233169724020676e+00 1.373786667481880830e+00 9.014465022421419560e-01
3.409636333351643955e+00 2.295130526446226948e+00 1.387546740145992663e+00 9.075837863002355066e-01
3.410747691431217365e+00 2.314967550505383720e+00 1.401135164868021477e+00 9.138323856373609111e-01
3.411859049510790776e+00 2.334613778745089352e+00 1.414337739818421369e+00 9.202760389266679830e-01
3.412970407590363742e+00 2.353990223500086465e+00 1.427017181982436655e+00 9.269730415176474780e-01
3.414081765669937152e+00 2.373082695168921230e+00 1.439136264624666373e+00 9.339464305442529701e-01
3.415193123749510562e+00 2.391944519028612159e+00 1.450764592193212854e+00 9.411799268353977510e-01
3.416304481829083528e+00 2.410688167899633694e+00 1.462067846117994563e+00 9.486203217816395750e-01
3.417415839908656494e+00 2.429467155202722495e+00 1.473281216282315231e+00 9.561859389204077075e-01
3.418527197988230348e+00 2.448451139559373324e+00 1.484671339991501027e+00 9.637797995678731855e-01
3.419638556067803314e+00 2.467798317282606124e+00 1.496492973067768073e+00 9.713053442148396055e-01
3.420749914147376280e+00 2.487629636347656881e+00 1.508947501127659852e+00 9.786821352199955859e-01
3.421861272226949691e+00 2.508009077681895516e+00 1.522150115018523486e+00 9.858589626633739167e-01
3.422972630306523101e+00 2.528933262283448613e+00 1.536111066515708723e+00 9.928221957677387799e-01
3.424083988386096067e+00 2.550332116487596945e+00 1.550734117569399162e+00 9.995979989181965619e-01
3.425195346465669477e+00 2.572080512494779203e+00 1.565832475425590342e+00 1.006248037069185752e+00
3.426306704545242887e+00 2.594018995141484929e+00 1.581159629910334319e+00 1.012859365231148390e+00
3.427418062624815853e+00 2.615980206160638311e+00 1.596450051347677590e+00 1.019530154812959388e+00
3.428529420704389263e+00 2.637816671509660260e+00 1.611463073650903910e+00 1.026353597858756350e+00
3.429640778783962674e+00 2.659425382764553980e+00 1.626022748055314882e+00 1.033402634709239098e+00
3.430752136863535640e+00 2.680765120468700857e+00 1.640047100178573469e+00 1.040718020290128498e+00
3.431863494943108606e+00 2.701863652404778104e+00 1.653561952880512109e+00 1.048301699524265107e+00
3.432974853022682460e+00 2.722813599544101404e+00 1.666697007530631991e+00 1.056116592013467193e+00
3.434086211102255426e+00 2.743757624801076211e+00 1.679664792082312674e+00 1.064092832718762205e+00
3.435197569181828392e+00 2.764865358535123718e+00 1.692725906565972105e+00 1.072139451969150281e+00
3.436308927261401802e+00 2.786305840177761173e+00 1.706146260282740412e+00 1.080159579895022981e+00
3.437420285340975212e+00 2.808220001678806810e+00 1.720153325999170146e+00 1.088066675679635997e+00
3.438531643420548178e+00 2.830697721328857330e+00 1.734898613399684653e+00 1.095799107929169791e+00
3.439643001500121589e+00 2.853763233753170425e+00 1.750432555112281463e+00 1.103330678640889406e+00
3.440754359579694999e+00 2.877371314086744736e+00 1.766695967193011363e+00 1.110675346893733373e+00
3.441865717659267965e+00 2.901414885382238573e+00 1.783529524296271429e+00 1.117885361085969365e+00
3.442977075738841375e+00 2.925742818623951358e+00 1.800699724646174893e+00 1.125043093977776021e+00
3.444088433818414785e+00 2.950185013704229142e+00 1.817937099335575013e+00 1.132247914368652575e+00
3.445199791897987751e+00 2.974580644752033542e+00 1.834980393301848922e+00 1.139600251450183288e+00
3.446311149977560717e+00 2.998804923919776932e+00 1.851619447325171475e+00 1.147185476594603903e+00
3.447422508057134571e+00 3.022789972890905563e+00 1.867729708538431233e+00 1.155060264352469002e+00
3.448533866136707537e+00 3.046536354012189474e+00 1.883292661554112346e+00 1.163243692458077572e+00
3.449645224216280504e+00 3.070113346120791231e+00 1.898398781374195599e+00 1.171714564746595633e+00
3.450756582295853914e+00 3.093647902483767975e+00 1.913232484533125000e+00 1.180415417950644308e+00
3.451867940375427324e+00 3.117304095201091307e+00 1.928041523879256758e+00 1.189262571321831663e+00
3.452979298455000290e+00 3.141256424191770869e+00 1.943095845811828815e+00 1.198160578379940944e+00
3.454090656534573700e+00 3.165661389254585956e+00 1.958642681311916878e+00 1.207018707942669966e+00
3.455202014614147110e+00 3.190632020993447338e+00 1.974865282560809732e+00 1.215766738432640270e+00
3.456313372693720076e+00 3.216219589686513114e+00 1.991852136641762749e+00 1.224367453044748810e+00
3.457424730773293486e+00 3.242405536975054847e+00 2.009581778994810275e+00 1.232823757980244794e+00
3.458536088852866897e+00 3.269104995263337976e+00 2.027925770429468422e+00 1.241179224833868888e+00
3.459647446932439863e+00 3.296181349561845497e+00 2.046669411966468122e+00 1.249511937595378930e+00
3.460758805012012829e+00 3.323469470502172118e+00 2.065546843128941212e+00 1.257922627373228464e+00
3.461870163091586683e+00 3.350803806740837665e+00 2.084284784457039130e+00 1.266519022283800977e+00
3.462981521171159649e+00 3.378046708632040485e+00 2.102647738703895097e+00 1.275398969928143389e+00
3.464092879250732615e+00 3.405112299369535744e+00 2.120477198593918366e+00 1.284635100775615379e+00
3.465204237330306025e+00 3.431981926314109810e+00 2.137718369735104762e+00 1.294263556579007934e+00
3.466315595409879435e+00 3.458708598265026524e+00 2.154429950774352065e+00 1.304278647490676235e+00
3.467426953489452401e+00 3.485409619805409864e+00 2.170775287472693105e+00 1.314634332332715871e+00
3.468538311569025812e+00 3.512248575492132208e+00 2.186996278352833389e+00 1.325252297139297930e+00
3.469649669648599222e+00 3.539409575168573241e+00 2.203374253708267005e+00 1.336035321460303793e+00
3.470761027728172188e+00 3.567067956904071746e+00 2.220184208128051839e+00 1.346883748776018130e+00
3.471872385807745598e+00 3.595362242934048158e+00 2.237649881904814730e+00 1.357712361029231873e+00
3.472983743887319008e+00 3.624371955850842042e+00 2.255907072159865745e+00 1.368464883690975187e+00
3.474095101966891974e+00 3.654104955808522792e+00 2.274981225565789522e+00 1.379123730242731938e+00
3.475206460046464940e+00 3.684496408242637688e+00 2.294783036504194129e+00 1.389713371738445113e+00
3.476317818126038350e+00 3.715419589124191457e+00 2.315122827743212319e+00 1.400296761380976474e+00
3.477429176205611761e+00 3.746706793127736468e+00 2.335741408505314087e+00 1.410965384622419494e+00
3.478540534285184727e+00 3.778176948631828402e+00 2.356352393945514212e+00 1.421824554686316189e+00
3.479651892364758137e+00 3.809665436215496470e+00 2.376689077547279982e+00 1.432976358668213823e+00
3.480763250444331547e+00 3.841051237774505189e+00 2.396548187170239430e+00 1.444503050604269534e+00
3.481874608523904513e+00 3.872276974070444133e+00 2.415823354292791603e+00 1.456453619777653419e+00
3.482985966603477923e+00 3.903358550361371471e+00 2.434522805144630375e+00 1.468835745216740207e+00
3.484097324683051333e+00 3.934382833137440194e+00 2.452768368150383349e+00 1.481614464987055069e+00
3.485208682762624299e+00 3.965493746637958061e+00 2.470775960641983904e+00 1.494717785995971049e+00
3.486320040842197709e+00 3.996869082683937258e+00 2.488820764900074423e+00 1.508048317783862391e+00
3.487431398921771120e+00 4.028691847569770168e+00 2.507192827289104198e+00 1.521499020280664194e+00
3.488542757001344086e+00 4.061120872477429700e+00 2.526150397666692804e+00 1.534970474810737118e+00
3.489654115080917052e+00 4.094265539036955559e+00 2.545878706395112268e+00 1.548386832641841293e+00
3.490765473160490462e+00 4.128168796966586562e+00 2.566460987851611364e+00 1.561707809114974088e+00
3.491876831240063872e+00 4.162801285670393980e+00 2.587866545947057340e+00 1.574934739723339083e+00
3.492988189319636838e+00 4.198067539779430923e+00 2.609957848223126042e+00 1.588109691556300662e+00
3.494099547399210248e+00 4.233823260967469970e+00 2.632515492031749282e+00 1.601307768935722686e+00
3.495210905478783658e+00 4.269900804100251079e+00 2.655276926788487923e+00 1.614623877311762490e+00
3.496322263558356624e+00 4.306138657965074223e+00 2.677982529130364497e+00 1.628156128834708838e+00
3.497433621637930035e+00 4.342410026445867821e+00 2.700421392240633711e+00 1.641988634205232556e+00
3.498544979717503445e+00 4.378645748282430361e+00 2.722469213470447791e+00 1.656176534811980350e+00
3.499656337797076411e+00 4.414847713013395847e+00 2.744111945590190338e+00 1.670735767423206397e+00
3.500767695876649377e+00 4.451090487990220446e+00 2.765451208876353206e+00 1.685639279113867017e+00
3.501879053956223231e+00 4.487510811501570274e+00 2.786690462241604660e+00 1.700820349259964503e+00
3.502990412035796197e+00 4.524286611183913287e+00 2.808104108669394527e+00 1.716182502514519204e+00
3.504101770115369163e+00 4.561608944638917862e+00 2.829994539720404934e+00 1.731614404918510042e+00
3.505213128194942573e+00 4.599651443040515097e+00 2.852644137892498044e+00 1.747007305148013279e+00
3.506324486274515984e+00 4.638542271430994290e+00 2.876270119190940999e+00 1.762272152240053513e+00
3.507435844354088950e+00 4.678343227479046185e+00 2.900989665067326584e+00 1.777353562411718046e+00
3.508547202433662360e+00 4.719039445507482000e+00 2.926801129863296325e+00 1.792238315644185676e+00
3.509658560513235770e+00 4.760541442358384501e+00 2.953584486971082335e+00 1.806956955387302388e+00
3.510769918592808736e+00 4.802699219265665675e+00 2.981121023061742648e+00 1.821578196203922806e+00
3.511881276672382146e+00 4.845326151512201918e+00 3.009129122826493141e+00 1.836197028685707222e+00
3.512992634751955556e+00 4.888228781848169113e+00 3.037310328422900607e+00 1.850918453425269172e+00
3.514103992831528522e+00 4.931237651666660504e+00 3.065398147817870012e+00 1.865839503848785830e+00
3.515215350911101488e+00 4.974234119421293343e+00 3.093201609267536956e+00 1.881032510153754167e+00
3.516326708990675343e+00 5.017168761546272115e+00 3.120636397871471068e+00 1.896532363674801713e+00
3.517438067070248309e+00 5.060068323401408996e+00 3.147738430668490572e+00 1.912329892732916869e+00
3.518549425149821275e+00 5.103030062752299756e+00 3.174657600184215056e+00 1.928372462568081369e+00
3.519660783229394685e+00 5.146204398867032737e+00 3.201632672364138621e+00 1.944571726502893227e+00
3.520772141308968095e+00 5.189768706167093626e+00 3.228951428544568181e+00 1.960817277622525001e+00
3.521883499388541061e+00 5.233896555129124550e+00 3.256902581159188959e+00 1.976993973969934038e+00
3.522994857468114471e+00 5.278727462553735705e+00 3.285727365537616684e+00 1.993000097016124572e+00
3.524106215547687881e+00 5.324342141474583734e+00 3.315578786263882360e+00 2.008763355210699597e+00
3.525217573627260848e+00 5.370747347454961407e+00 3.346495259720727145e+00 2.024252087734233818e+00
3.526328931706834258e+00 5.417872847723860019e+00 3.378393044367947518e+00 2.039479803355912502e+00
3.527440289786407668e+00 5.465581049277778547e+00 3.411078770550591166e+00 2.054502278727186049e+00
3.528551647865980634e+00 5.513687738343575617e+00 3.444280077028158082e+00 2.069407661315415314e+00
3.529663005945553600e+00 5.561990549329877354e+00 3.477689375230843982e+00 2.084301174099032039e+00
3.530774364025127454e+00 5.610300499340399760e+00 3.511013586922178575e+00 2.099286912418217632e+00
3.531885722104700420e+00 5.658471407075380100e+00 3.544021696790046416e+00 2.114449710285333239e+00
3.532997080184273386e+00 5.706422349750329914e+00 3.576582297060200588e+00 2.129840052690130214e+00
3.534108438263846796e+00 5.754149445630746484e+00 3.608684924963255103e+00 2.145464520667490493e+00
3.535219796343420207e+00 5.801724998291556190e+00 3.640441642042776760e+00 2.161283356248782539e+00
3.536331154422993173e+00 5.849284115391034433e+00 3.672068543726817236e+00 2.177215571664216753e+00
3.537442512502566583e+00 5.897000978410783745e+00 3.703850186638704134e+00 2.193150791772078279e+00
3.538553870582139993e+00 5.945058650486448215e+00 3.736092736896833522e+00 2.208965913589614249e+00
3.539665228661712959e+00 5.993617384373749246e+00 3.769073510354169265e+00 2.224543874019576428e+00
3.540776586741286369e+00 6.042786652974603712e+00 3.802995185462149319e+00 2.239791467512453504e+00
3.541887944820859779e+00 6.092605525566337832e+00 3.837952217628020968e+00 2.254653307938316420e+00
3.542999302900432745e+00 6.143034650329792790e+00 3.873914990967235461e+00 2.269119659362554664e+00
3.544110660980005711e+00 6.193961200328809369e+00 3.910734334334943885e+00 2.283226865993862376e+00
3.545222019059579566e+00 6.245216007857966822e+00 3.948165680313159065e+00 2.297050327544806869e+00
3.546333377139152532e+00 6.296600101682502171e+00 3.985908908874197021e+00 2.310691192808301597e+00
3.547444735218725498e+00 6.347916304667073462e+00 4.023657325293048537e+00 2.324258979374020040e+00
3.548556093298298908e+00 6.399000703368816545e+00 4.061147703273519483e+00 2.337853000095295730e+00
3.549667451377872318e+00 6.449748807638223447e+00 4.098203132146795546e+00 2.351545675491428344e+00
3.550778809457445284e+00 6.500132078362049093e+00 4.134761576439829334e+00 2.365370501922216651e+00
3.551890167537018694e+00 6.550202075788345901e+00 4.170885397837448494e+00 2.379316677950898296e+00
3.553001525616592104e+00 6.600081511919956512e+00 4.206750220574493326e+00 2.393331291345464074e+00
3.554112883696165071e+00 6.649943644816544541e+00 4.242614927439432471e+00 2.407328717377110738e+00
3.555224241775738481e+00 6.699983375631424209e+00 4.278777693889867173e+00 2.421205681741554372e+00
3.556335599855311891e+00 6.750384783313912784e+00 4.315525286858509446e+00 2.434859496455403782e+00
3.557446957934884857e+00 6.801290429194083664e+00 4.353083987868073379e+00 2.448206441326012062e+00
3.558558316014457823e+00 6.852777483605582809e+00 4.391580256722947162e+00 2.461197226882631650e+00
3.559669674094031233e+00 6.904844613097254502e+00 4.431017668350188288e+00 2.473826944747066658e+00
3.560781032173604643e+00 6.957411800973221538e+00 4.471273988511914155e+00 2.486137812461305163e+00
3.561892390253177609e+00 7.010333145273127009e+00 4.512118940727554595e+00 2.498214204545571970e+00
3.563003748332751019e+00 7.063420536902161651e+00 4.553249801439002376e+00 2.510170735463158387e+00
3.564115106412324430e+00 7.116474319649318758e+00 4.594339006419391858e+00 2.522135313229922016e+00
3.565226464491897396e+00 7.169315871422495157e+00 4.635085947629810299e+00 2.534229923792684858e+00
3.566337822571470806e+00 7.221816715937453779e+00 4.675264420077247962e+00 2.546552295860205373e+00
3.567449180651044216e+00 7.273919333443192414e+00 4.714757866015273358e+00 2.559161467427915948e+00
3.568560538730617182e+00 7.325646198483801719e+00 4.753576550724689653e+00 2.572069647759116950e+00
3.569671896810190592e+00 7.377095510585013116e+00 4.791853767213194892e+00 2.585241743371817336e+00
3.570783254889764002e+00 7.428424282386592914e+00 4.829821621504805762e+00 2.598602660881787152e+00
3.571894612969336968e+00 7.479821547306190865e+00 4.867770328064666252e+00 2.612051219241525057e+00
3.573005971048909934e+00 7.531476098867403657e+00 4.905997689124257377e+00 2.625478409743146280e+00
3.574117329128483345e+00 7.583544102448033897e+00 4.944757087406383533e+00 2.638787015041648143e+00
3.575228687208056755e+00 7.636121971355464666e+00 4.984212611743297217e+00 2.651909359612163453e+00
3.576340045287629721e+00 7.689229060757931222e+00 5.024408805955622448e+00 2.664820254802306998e+00
3.577451403367203131e+00 7.742803139495593179e+00 5.065260163166000140e+00 2.677542976329593927e+00
3.578562761446776541e+00 7.796709510386966357e+00 5.106562265092497555e+00 2.690147245294465694e+00
3.579674119526349507e+00 7.850762406134275118e+00 5.148022915422393986e+00 2.702739490711882464e+00
3.580785477605922917e+00 7.904755258729149858e+00 5.189308320543084108e+00 2.715446938186064862e+00
3.581896835685496328e+00 7.958494959841644345e+00 5.230096872297614219e+00 2.728398087544029238e+00
3.583008193765069294e+00 8.011834543489726457e+00 5.270131799471783118e+00 2.741702744017946003e+00
3.584119551844642260e+00 8.064698946067158758e+00 5.309264093229149495e+00 2.755434852838007043e+00
3.585230909924216114e+00 8.117099599179766756e+00 5.347478658854234013e+00 2.769620940325531411e+00
3.586342268003789080e+00 8.169135410252994944e+00 5.384899352680982965e+00 2.784236057572006207e+00
3.587453626083362046e+00 8.220979891744894630e+00 5.421771988581868484e+00 2.799207903163023481e+00
3.588564984162935456e+00 8.272856451734394767e+00 5.458427983246811444e+00 2.814428468487589541e+00
3.589676342242508866e+00 8.325005787851754491e+00 5.495234466458456701e+00 2.829771321393296013e+00
3.590787700322081832e+00 8.377650616262110717e+00 5.532538893309459027e+00 2.845111722952645916e+00
3.591899058401655243e+00 8.430963405215491591e+00 5.570617095649799566e+00 2.860346309565693801e+00
3.593010416481228653e+00 8.485042295439960469e+00 5.609633150278227731e+00 2.875409145161731406e+00
3.594121774560801619e+00 8.539899055950399998e+00 5.649617511266900927e+00 2.890281544683501291e+00
3.595233132640375029e+00 8.595460961312914705e+00 5.690466868342491935e+00 2.904994092970420549e+00
3.596344490719948439e+00 8.651586206230833298e+00 5.731965641332267936e+00 2.919620564898564918e+00
3.597455848799521405e+00 8.708090267597905054e+00 5.773825484989091095e+00 2.934264782608811295e+00
3.598567206879094371e+00 8.764778844833486460e+00 5.815736239842109079e+00 2.949042604991374272e+00
3.599678564958668225e+00 8.821481948555838670e+00 5.857419906369415230e+00 2.964062042186422996e+00
3.600789923038241191e+00 8.878083539759472842e+00 5.898678747863060678e+00 2.979404791896412608e+00
3.601901281117814158e+00 8.934541874167397424e+00 5.939429620025650003e+00 2.995112254141744312e+00
3.603012639197387568e+00 8.990897255361742779e+00 5.979718919587187820e+00 3.011178335774554515e+00
3.604123997276960978e+00 9.047265990392267199e+00 6.019715762284479688e+00 3.027550228107788843e+00
3.605235355356533944e+00 9.103821628167448665e+00 6.059684611804836862e+00 3.044137016362615356e+00
3.606346713436107354e+00 9.160766666650600243e+00 6.099941989509034102e+00 3.060824677141565697e+00
3.607458071515680764e+00 9.218299491816472013e+00 6.140804536313871687e+00 3.077494955502596330e+00
3.608569429595253730e+00 9.276582098484974281e+00 6.182537135122137428e+00 3.094044963362835965e+00
3.609680787674827140e+00 9.335714009703703908e+00 6.225309795009581926e+00 3.110404214694130420e+00
3.610792145754400551e+00 9.395716778447226858e+00 6.269170545666321814e+00 3.126546232780908152e+00
3.611903503833973517e+00 9.456531692974127878e+00 6.314038930101978586e+00 3.142492762872144407e+00
3.613014861913546483e+00 9.518031106161830124e+00 6.359721253501571248e+00 3.158309852660259764e+00
3.614126219993120337e+00 9.580041533667369436e+00 6.405945113079965836e+00 3.174096420587402712e+00
3.615237578072693303e+00 9.642374693136948949e+00 6.452407499775254962e+00 3.189967193361690878e+00
3.616348936152266269e+00 9.704861315036637848e+00 6.498828465466641724e+00 3.206032849569992571e+00
3.617460294231839679e+00 9.767382069559156221e+00 6.545001373687090229e+00 3.222380695872066880e+00
3.618571652311413089e+00 9.829890407034238109e+00 6.590831264791152222e+00 3.239059142243085887e+00
3.619683010390986055e+00 9.892423429645658572e+00 6.636354789797312748e+00 3.256068639848342716e+00
3.620794368470559466e+00 9.955098884448277730e+00 6.681738188552703406e+00 3.273360695895568107e+00
3.621905726550132876e+00 1.001809866739588095e+01 6.727253412447976366e+00 3.290845254947902365e+00
3.623017084629705842e+00 1.008164147554519197e+01 6.773236122713250040e+00 3.308405352831942370e+00
3.624128442709279252e+00 1.014594906710569866e+01 6.820032331729256825e+00 3.325916735376440947e+00
3.625239800788852662e+00 1.021121168259257495e+01 6.867942391604236363e+00 3.343269290988335474e+00
3.626351158868425628e+00 1.027755836025067282e+01 6.917171545512994513e+00 3.360386814737681416e+00
3.627462516947998594e+00 1.034503711056840558e+01 6.967795250690399733e+00 3.377241859878005847e+00
3.628573875027572448e+00 1.041360832002379411e+01 7.019745115158479543e+00 3.393863204865311456e+00
3.629685233107145415e+00 1.048315259212815498e+01 7.072817945815069507e+00 3.410334646313078366e+00
3.630796591186718381e+00 1.055349185810644741e+01 7.126706628807331967e+00 3.426785229299116331e+00
3.631907949266291791e+00 1.062442039082946010e+01 7.181047973220536562e+00 3.443372417608928426e+00
3.633019307345865201e+00 1.069574069713543452e+01 7.235479837060147190e+00 3.460260860075281997e+00
3.634130665425438167e+00 1.076729842136727200e+01 7.289698285998955640e+00 3.477600135368316359e+00
3.635242023505011577e+00 1.083901050959117462e+01 7.343505473630463243e+00 3.495505035960710494e+00
3.636353381584584987e+00 1.091088194518883014e+01 7.396840393776179745e+00 3.514041551412652176e+00
3.637464739664157953e+00 1.098300820261985855e+01 7.449787407427367114e+00 3.533220795192488328e+00
3.638576097743731363e+00 1.105556287943933746e+01 7.502561043295090215e+00 3.553001836144244585e+00
3.639687455823304774e+00 1.112877237998698732e+01 7.555469425889923762e+00 3.573302954097063999e+00
3.640798813902877740e+00 1.120288164271175368e+01 7.608862168651201685e+00 3.594019474060553776e+00
3.641910171982450706e+00 1.127811637916465237e+01 7.663071111214394548e+00 3.615045267950258268e+00
3.643021530062024116e+00 1.135464788304575556e+01 7.718353461939741145e+00 3.636294421106015307e+00
3.644132888141597526e+00 1.143256607370075706e+01 7.774846533815835237e+00 3.657719539884922710e+00
3.645244246221170492e+00 1.151186512273608109e+01 7.832541392960185256e+00 3.679323729775894947e+00
3.646355604300743902e+00 1.159244398875654447e+01 7.891279678636985651e+00 3.701164310119558820e+00
3.647466962380317312e+00 1.167412178384432941e+01 7.950774102240135477e+00 3.723347681604190829e+00
3.648578320459890278e+00 1.175666550873029514e+01 8.010649303981661973e+00 3.746016204748630507e+00
3.649689678539463689e+00 1.183982571199982736e+01 8.070496467043033917e+00 3.769329244956792557e+00
3.650801036619037099e+00 1.192337437602297001e+01 8.129932896357749073e+00 3.793441479665217386e+00
3.651912394698610065e+00 1.200713901280343876e+01 8.188657021116124923e+00 3.818481991687312060e+00
3.653023752778183475e+00 1.209102761726497377e+01 8.246490096778860135e+00 3.844537520486112303e+00
3.654135110857756885e+00 1.217504066236909033e+01 8.303398126370966637e+00 3.871642535998120582e+00
3.655246468937329851e+00 1.225926847483751381e+01 8.359490819233361236e+00 3.899777655604153015e+00
3.656357827016902817e+00 1.234387474535544449e+01 8.414998211442716425e+00 3.928876533912728064e+00
3.657469185096476227e+00 1.242906920322506359e+01 8.470229255148090886e+00 3.958839948076972259e+00
3.658580543176049638e+00 1.251507424594447038e+01 8.525519633952205467e+00 3.989554611992264910e+00
3.659691901255622604e+00 1.260209126794950940e+01 8.581177789405176171e+00 4.020913478544332342e+00
3.660803259335196014e+00 1.269027242240252029e+01 8.637438363478214143e+00 4.052834058924310590e+00
3.661914617414769424e+00 1.277970257809911381e+01 8.694430937647426916e+00 4.085271640451686892e+00
3.663025975494342390e+00 1.287039446283159627e+01 8.752169301813943036e+00 4.118225161017655900e+00
3.664137333573915800e+00 1.296229771064919944e+01 8.810562957256991012e+00 4.151734753392203991e+00
3.665248691653489210e+00 1.305532013358175369e+01 8.869448736610218376e+00 4.185871396971536207e+00
3.666360049733062176e+00 1.314935742024484178e+01 8.928636950348797896e+00 4.220720469896045657e+00
3.667471407812635142e+00 1.324432598080627166e+01 8.987963927559061261e+00 4.256362053247206845e+00
3.668582765892208997e+00 1.334019306196847410e+01 9.047341639876016472e+00 4.292851422092456737e+00
3.669694123971781963e+00 1.343699865189644704e+01 9.106795487052572469e+00 4.330203164843876351e+00
3.670805482051354929e+00 1.353486502340385123e+01 9.166483225757673381e+00 4.368381797646184062e+00
3.671916840130928339e+00 1.363399180842452019e+01 9.226691132235210091e+00 4.407300676189304767e+00
3.673028198210501749e+00 1.373463692136265202e+01 9.287807293841455092e+00 4.446829627521197814e+00
3.674139556290074715e+00 1.383708605136745895e+01 9.350275794409117935e+00 4.486810256958343679e+00
3.675250914369648125e+00 1.394161542285560706e+01 9.414538848687575623e+00 4.527076574168031442e+00
3.676362272449221535e+00 1.404845374605687525e+01 9.480976098159356269e+00 4.567477647897520754e+00
3.677473630528794502e+00 1.415774953447258788e+01 9.549850934631683330e+00 4.607898599840902776e+00
3.678584988608367912e+00 1.426954920213155376e+01 9.621272745743960186e+00 4.648276456387592681e+00
3.679696346687941322e+00 1.438378968692221704e+01 9.695181522846123556e+00 4.688608164076097040e+00
3.680807704767514288e+00 1.450030704363346601e+01 9.771357727584478070e+00 4.728949316048991491e+00
3.681919062847087254e+00 1.461885988514559997e+01 9.849456253025071106e+00 4.769403632120528869e+00
3.683030420926661108e+00 1.473916414189958068e+01 9.929059401742131641e+00 4.810104740157446379e+00
3.684141779006234074e+00 1.486093375477893197e+01 1.000974068104781445e+01 4.851193073731117522e+00
3.685253137085807040e+00 1.498392092286781185e+01 1.009112940276743586e+01 4.892791520100375990e+00
3.686364495165380450e+00 1.510794956355504581e+01 1.017296587817315690e+01 4.934983685381884477e+00
3.687475853244953861e+00 1.523293670840236480e+01 1.025513846088295900e+01 4.977798247519412911e+00
3.688587211324526827e+00 1.535889848538123736e+01 1.033769658271848790e+01 5.021201902662745020e+00
3.689698569404100237e+00 1.548593981574993350e+01 1.042083778487909740e+01 5.065102030870837879e+00
3.690809927483673647e+00 1.561422957964417613e+01 1.050487094394932974e+01 5.109358635694838391e+00
3.691921285563246613e+00 1.574396535014794729e+01 1.059016174518244924e+01 5.153803604965493612e+00
3.693032643642820023e+00 1.587533347730618516e+01 1.067706933358861754e+01 5.198264143717562291e+00
3.694144001722393433e+00 1.600847104494322792e+01 1.076588450322081769e+01 5.242586541722409343e+00
3.695255359801966399e+00 1.614343590123732852e+01 1.085677952876584662e+01 5.286656372471482790e+00
3.696366717881539365e+00 1.628018962979879092e+01 1.094977783868174193e+01 5.330411791117044551e+00
3.697478075961113220e+00 1.641859619863289410e+01 1.104474848342514903e+01 5.373847715207737075e+00
3.698589434040686186e+00 1.655843644788921409e+01 1.114142629412746288e+01 5.417010153761751212e+00
3.699700792120259152e+00 1.669943597580829575e+01 1.123945441925810584e+01 5.459981556550192572e+00
3.700812150199832562e+00 1.684130178269035127e+01 1.133844225823596652e+01 5.502859524454383866e+00
3.701923508279405972e+00 1.698376159662129581e+01 1.143802928348910974e+01 5.545732313132183400e+00
3.703034866358978938e+00 1.712659936868683985e+01 1.153794427185603411e+01 5.588655096830803082e+00
3.704146224438552348e+00 1.726968106192631325e+01 1.163805021333859813e+01 5.631630848587714233e+00
3.705257582518125758e+00 1.741296646334545883e+01 1.173836750905286408e+01 5.674598954292592090e+00
3.706368940597698725e+00 1.755650505833755304e+01 1.183907162720527317e+01 5.717433431132278088e+00
3.707480298677272135e+00 1.770041664173744778e+01 1.194046557247173901e+01 5.759951069265706991e+00
3.708591656756845545e+00 1.784485986531439750e+01 1.204293165238311936e+01 5.801928212931271922e+00
3.709703014836418511e+00 1.798999392104769157e+01 1.214687041506272180e+01 5.843123505984964439e+00
3.710814372915991477e+00 1.813593970245955234e+01 1.225263672737773391e+01 5.883302975081814878e+00
3.711925730995565331e+00 1.828274688293960537e+01 1.236048341563421005e+01 5.922263467305396212e+00
3.713037089075138297e+00 1.843037238315097781e+01 1.247052162698647848e+01 5.959850756164496666e+00
3.714148447154711263e+00 1.857867382762594843e+01 1.258270429654780465e+01 5.995969531078141124e+00
3.715259805234284674e+00 1.872741912168700296e+01 1.269683527998612327e+01 6.030583841700878800e+00
3.716371163313858084e+00 1.887631062113022296e+01 1.281260246570833417e+01 6.063708155421889678e+00
3.717482521393431050e+00 1.902501995792331968e+01 1.292962921645965935e+01 6.095390741463662110e+00
3.718593879473004460e+00 1.917322782416284355e+01 1.304753546361752825e+01 6.125692360545305526e+00
3.719705237552577870e+00 1.932066219571887089e+01 1.316599819074664524e+01 6.154664004972230096e+00
3.720816595632150836e+00 1.946712873321661519e+01 1.328480116057830074e+01 6.182327572638305568e+00
3.721927953711724246e+00 1.961252838992512793e+01 1.340386554393068153e+01 6.208662845994448176e+00
3.723039311791297656e+00 1.975685937073104981e+01 1.352325630288904712e+01 6.233603067842002687e+00
3.724150669870870622e+00 1.990020317385209125e+01 1.364316323519343754e+01 6.257039938658653710e+00
3.725262027950443589e+00 2.004269707840690273e+01 1.376385982935285313e+01 6.278837249054049607e+00
3.726373386030016999e+00 2.018449767939425143e+01 1.388564680450748767e+01 6.298850874886755769e+00
3.727484744109590409e+00 2.032574154445367398e+01 1.400878979343088027e+01 6.316951751022796380e+00
3.728596102189163375e+00 2.046650952788780131e+01 1.413346163674797396e+01 6.333047891139823804e+00
3.729707460268736785e+00 2.060680064850637550e+01 1.425969901728463363e+01 6.347101631221739204e+00
3.730818818348310195e+00 2.074651982196965605e+01 1.438738079172015283e+01 6.359139030249500557e+00
3.731930176427883161e+00 2.088548140339233328e+01 1.451623176102127744e+01 6.369249642371049625e+00
3.733041534507456571e+00 2.102342783088128186e+01 1.464585135924313697e+01 6.377576471638144895e+00
3.734152892587029982e+00 2.116006011097476858e+01 1.477576254079102469e+01 6.384297570183744774e+00
3.735264250666602948e+00 2.129507488091037715e+01 1.490547271146835229e+01 6.389602169442027524e+00
3.736375608746176358e+00 2.142820165986476866e+01 1.503453645794917115e+01 6.393665201915598395e+00
3.737486966825749768e+00 2.155923385559508176e+01 1.516260944316937653e+01 6.396624412425698125e+00
3.738598324905322734e+00 2.168804813916557706e+01 1.528948423004470492e+01 6.398563909120877469e+00
3.739709682984895700e+00 2.181460877106051655e+01 1.541510175567892382e+01 6.399507015381596275e+00
3.740821041064469110e+00 2.193895603350993184e+01 1.553953622384307032e+01 6.399419809666864190e+00
3.741932399144042520e+00 2.206118066977982650e+01 1.566295565191303396e+01 6.398225017866795206e+00
3.743043757223615486e+00 2.218138869208679509e+01 1.578556446091524990e+01 6.395824231171547858e+00
3.744155115303188897e+00 2.229966267947030900e+01 1.590753764114245428e+01 6.392125038327848507e+00
3.745266473382762307e+00 2.241602644187609172e+01 1.602895762913146882e+01 6.387068812744616686e+00
3.746377831462335273e+00 2.253041953726253865e+01 1.614976481258680607e+01 6.380654724675732581e+00
3.747489189541908683e+00 2.264268664355103411e+01 1.626973055409574798e+01 6.372956089455285245e+00
3.748600547621482093e+00 2.275258443745213555e+01 1.638845810574511574e+01 6.364126331707019801e+00
3.749711905701055059e+00 2.285980579363572573e+01 1.650541233638680083e+01 6.354393457248927568e+00
3.750823263780628025e+00 2.296401825086504545e+01 1.661997452988234159e+01 6.344043720982696755e+00
3.751934621860201879e+00 2.306491126636180766e+01 1.673151439489575054e+01 6.333396871466057121e+00
3.753045979939774845e+00 2.316224519765610879e+01 1.683946852926727189e+01 6.322776668388832455e+00
3.754157338019347812e+00 2.325589447996952330e+01 1.694341338412958464e+01 6.312481095839944878e+00
3.755268696098921222e+00 2.334587819507733997e+01 1.704312147953774925e+01 6.302756715539590715e+00
3.756380054178494632e+00 2.343237304820810252e+01 1.713859213002982429e+01 6.293780918178274675e+00
3.757491412258067598e+00 2.351570639808056029e+01 1.723005184739394835e+01 6.285654550686607500e+00
3.758602770337641008e+00 2.359633000428209826e+01 1.731792427210330132e+01 6.278405732178799603e+00
3.759714128417214418e+00 2.367477808349828905e+01 1.740277419032723927e+01 6.272003893171050670e+00
3.760825486496787384e+00 2.375161563293303857e+01 1.748523416216645643e+01 6.266381470766577699e+00
3.761936844576360794e+00 2.382738440717211859e+01 1.756592488093976456e+01 6.261459526232350470e+00
3.763048202655934205e+00 2.390255419757720645e+01 1.764538118988422610e+01 6.257173007692983902e+00
3.764159560735507171e+00 2.397748612428077308e+01 1.772399458096121450e+01 6.253491543319554147e+00
3.765270918815080137e+00 2.405241266870100247e+01 1.780198018232269774e+01 6.250432486378303842e+00
3.766382276894653991e+00 2.412743647731117491e+01 1.787937217864289963e+01 6.248064298668278838e+00
3.767493634974226957e+00 2.420254699872387860e+01 1.795604697679872075e+01 6.246500021925154300e+00
3.768604993053799923e+00 2.427765126179422595e+01 1.803176899398468436e+01 6.245882267809544253e+00
3.769716351133373333e+00 2.435261301042092796e+01 1.810625043623145913e+01 6.246362574189466166e+00
3.770827709212946743e+00 2.442729331722696173e+01 1.817921442561601353e+01 6.248078891610951757e+00
3.771939067292519709e+00 2.450158587217661932e+01 1.825045064545410511e+01 6.251135226722506211e+00
3.773050425372093120e+00 2.457544135714929467e+01 1.831985432042529993e+01 6.255587036724001848e+00
3.774161783451666530e+00 2.464887745657661355e+01 1.838744254074635975e+01 6.261434915830256465e+00
3.775273141531239496e+00 2.472197374616596832e+01 1.845334612457851975e+01 6.268627621587439691e+00
3.776384499610812906e+00 2.479485348286445756e+01 1.851777967168727557e+01 6.277073811177178442e+00
3.777495857690386316e+00 2.486765671130939026e+01 1.858099642764508985e+01 6.286660283664303073e+00
3.778607215769959282e+00 2.494051069246486563e+01 1.864323736665440023e+01 6.297273325810464506e+00
3.779718573849532248e+00 2.501350417178532126e+01 1.870468502466048477e+01 6.308819147124834714e+00
3.780829931929106102e+00 2.508667134257643738e+01 1.876543186549139719e+01 6.321239477085037528e+00
3.781941290008679069e+00 2.515998963052904003e+01 1.882547045140297115e+01 6.334519179126064437e+00
3.783052648088252035e+00 2.523339291633491044e+01 1.888470882707164122e+01 6.348684089263258556e+00
3.784164006167825445e+00 2.530679894972107391e+01 1.894300995910660035e+01 6.363788990614465568e+00
3.785275364247398855e+00 2.538014698082582044e+01 1.900024957631352862e+01 6.379897404512291814e+00
3.786386722326971821e+00 2.545343951808795069e+01 1.905638310369257482e+01 6.397056414395381196e+00
3.787498080406545231e+00 2.552678099396761269e+01 1.911151021954342255e+01 6.415270774424189248e+00
3.788609438486118641e+00 2.560040619814750329e+01 1.916592529423909141e+01 6.434480903908409211e+00
3.789720796565691607e+00 2.567469264015576158e+01 1.922014368471494095e+01 6.454548955440825964e+00
3.790832154645265017e+00 2.575015334215580154e+01 1.927489732346418805e+01 6.475256018691607274e+00
3.791943512724838428e+00 2.582740957377995983e+01 1.933109772219742339e+01 6.496311851582529329e+00
3.793054870804411394e+00 2.590714624141668665e+01 1.938976966418686132e+01 6.517376577229833323e+00
3.794166228883984360e+00 2.599005551111987344e+01 1.945196365027894103e+01 6.538091860840935077e+00
3.795277586963558214e+00 2.607677629980492995e+01 1.951865880143034104e+01 6.558117498374590681e+00
3.796388945043131180e+00 2.616783816120373274e+01 1.959066979098529870e+01 6.577168370218421600e+00
3.797500303122704146e+00 2.626361765337087917e+01 1.966857114703628895e+01 6.595046506334585779e+00
3.798611661202277556e+00 2.636431355003977473e+01 1.975264993031820993e+01 6.611663619721572793e+00
3.799723019281850966e+00 2.646994450483093075e+01 1.984289369785453516e+01 6.627050806976390263e+00
3.800834377361423932e+00 2.658036942101209732e+01 1.993901543690087053e+01 6.641353984111225017e+00
3.801945735440997343e+00 2.669532734815737030e+01 2.004051161607304010e+01 6.654815732084330193e+00
3.803057093520570753e+00 2.681449076571699308e+01 2.014674452648508307e+01 6.667746239231901129e+00
3.804168451600143719e+00 2.693752409606605625e+01 2.025703646655584578e+01 6.680487629510215797e+00
3.805279809679717129e+00 2.706413854122115126e+01 2.037076163805872397e+01 6.693376903162421065e+00
3.806391167759290539e+00 2.719413498108824001e+01 2.048742213854548666e+01 6.706712842542760455e+00
3.807502525838863505e+00 2.732742860662797213e+01 2.060669707426461983e+01 6.720731532363344307e+00
3.808613883918436471e+00 2.746405188073278580e+01 2.072845815552456017e+01 6.735593725208215865e+00
3.809725241998009881e+00 2.760413585651525992e+01 2.085275047785863833e+01 6.751385378656611813e+00
3.810836600077583292e+00 2.774787328762633365e+01 2.097974268182207069e+01 6.768130605804266509e+00
3.811947958157156258e+00 2.789546979469520949e+01 2.110965544474588995e+01 6.785814349949315094e+00
3.813059316236729668e+00 2.804709115690256738e+01 2.124268053319972793e+01 6.804410623702844774e+00
3.814170674316303078e+00 2.820281529632615403e+01 2.137890392291339126e+01 6.823911373412763659e+00
3.815282032395876044e+00 2.836259664637238131e+01 2.151824558783415853e+01 6.844351058538216570e+00
3.816393390475449454e+00 2.852624849955966368e+01 2.166042564234660617e+01 6.865822857213056629e+00
3.817504748555022864e+00 2.869344596735019692e+01 2.180496208811020153e+01 6.888483879239994501e+00
3.818616106634595830e+00 2.886374884825816522e+01 2.195120021140667177e+01 6.912548636851489015e+00
3.819727464714169241e+00 2.903664054072126888e+01 2.209836856164294261e+01 6.938271979078325380e+00
3.820838822793742651e+00 2.921157667175653927e+01 2.224565225840573390e+01 6.965924413350805366e+00
3.821950180873315617e+00 2.938803574013972764e+01 2.239227180400822803e+01 6.995763936131513816e+00
3.823061538952888583e+00 2.956556400807630425e+01 2.253755502814413347e+01 7.028008979932176992e+00
3.824172897032461993e+00 2.974380811254987833e+01 2.268099132788218952e+01 7.062816784667700354e+00
3.825284255112035403e+00 2.992253118258602740e+01 2.282226070558649056e+01 7.100270476999527958e+00
3.826395613191608369e+00 3.010161123656800797e+01 2.296123466242633882e+01 7.140376574141670929e+00
3.827506971271181779e+00 3.028102377669705447e+01 2.309795098496704924e+01 7.183072791730004347e+00
3.828618329350755189e+00 3.046081325225924630e+01 2.323256900525245428e+01 7.228244247006784029e+00
3.829729687430328156e+00 3.064105995227732038e+01 2.336531523409957956e+01 7.275744718177740822e+00
3.830841045509901566e+00 3.082184958135681185e+01 2.349643078483500958e+01 7.325418796521796949e+00
3.831952403589474976e+00 3.100325214416476527e+01 2.362613145001264670e+01 7.377120694152115910e+00
3.833063761669047942e+00 3.118531491501492425e+01 2.375458875210910392e+01 7.430726162905819443e+00
3.834175119748620908e+00 3.136807151226006596e+01 2.388193619028759684e+01 7.486135321972462897e+00
3.835286477828194762e+00 3.155156590615481704e+01 2.400829995288564334e+01 7.543265953269167490e+00
3.836397835907767728e+00 3.173588711929902573e+01 2.413384842080273884e+01 7.602038698496281555e+00
3.837509193987340694e+00 3.192120797534851206e+01 2.425885072498086359e+01 7.662357250367645811e+00
3.838620552066914104e+00 3.210781995533993438e+01 2.438373218078703886e+01 7.724087774552897301e+00
3.839731910146487515e+00 3.229615629269520838e+01 2.450911407943088705e+01 7.787042213264319557e+00
3.840843268226060481e+00 3.248679691139848558e+01 2.463582719943579136e+01 7.850969711962703990e+00
3.841954626305633891e+00 3.268045148349695950e+01 2.476489226131594990e+01 7.915559222181019372e+00
3.843065984385207301e+00 3.287792034084051096e+01 2.489746579596896225e+01 7.980454544871546929e+00
3.844177342464780267e+00 3.308003666771315920e+01 2.503475569232929843e+01 8.045280975383859001e+00
3.845288700544353677e+00 3.328759671786879437e+01 2.517791607856963410e+01 8.109680639299160276e+00
3.846400058623927087e+00 3.350128717963577429e+01 2.532793526159843012e+01 8.173351918037344177e+00
3.847511416703500053e+00 3.372161983401147012e+01 2.548553248371162283e+01 8.236087350299852616e+00
3.848622774783073019e+00 3.394888310257969266e+01 2.565107885123794418e+01 8.297804251341743154e+00
3.849734132862646874e+00 3.418311800444297432e+01 2.582455493467341157e+01 8.358563069769541443e+00
3.850845490942219840e+00 3.442412272226435732e+01 2.600555261811841135e+01 8.418570104145940647e+00
3.851956849021792806e+00 3.467148591080447062e+01 2.619332251547520585e+01 8.478163395329271879e+00
3.853068207101366216e+00 3.492464469011867578e+01 2.638686163001609586e+01 8.537783060102574595e+00
3.854179565180939626e+00 3.518295960363030161e+01 2.658502994994446667e+01 8.597929653685822515e+00
3.855290923260512592e+00 3.544579626835245278e+01 2.678668029576035181e+01 8.659115972592090316e+00
3.856402281340086002e+00 3.571260241254564249e+01 2.699078367488390384e+01 8.721818737661736876e+00
3.857513639419659413e+00 3.598296966141732156e+01 2.719653300638666593e+01 8.786436655030669840e+00
3.858624997499232379e+00 3.625667170459855981e+01 2.740341128702353402e+01 8.853260417575041785e+00
3.859736355578805789e+00 3.653367401689156679e+01 2.761121560072115955e+01 8.922458416170400142e+00
3.860847713658379199e+00 3.681411456239579394e+01 2.782003501043608651e+01 8.994079551959716312e+00
3.861959071737952165e+00 3.709825923280334337e+01 2.803018728652849845e+01 9.068071946274844919e+00
3.863070429817525131e+00 3.738643948400631700e+01 2.824212554431315780e+01 9.144313939693157423e+00
3.864181787897098985e+00 3.767898216766128172e+01 2.845633023342033141e+01 9.222651934240955640e+00
3.865293145976671951e+00 3.797614251964097321e+01 2.867320386661570808e+01 9.302938653025270455e+00
3.866404504056244917e+00 3.827805052757689452e+01 2.889298510317793500e+01 9.385065424398957745e+00
3.867515862135818328e+00 3.858467858714301002e+01 2.911569544984128655e+01 9.468983137301716368e+00
3.868627220215391738e+00 3.889583485161438858e+01 2.934112645711682532e+01 9.554708394497556156e+00
3.869738578294964704e+00 3.921118254800884273e+01 2.956886873724860720e+01 9.642313810760233750e+00
3.870849936374538114e+00 3.953028143681729745e+01 2.979837745966971951e+01 9.731903977147556617e+00
3.871961294454111524e+00 3.985264417989524333e+01 3.002906325023119649e+01 9.823580929664045058e+00
3.873072652533684490e+00 4.017779818518255297e+01 3.026039353319123393e+01 9.917404651991310160e+00
3.874184010613257900e+00 4.050534284897724291e+01 3.049198790899206202e+01 1.001335493998519510e+01
3.875295368692831310e+00 4.083499309488796314e+01 3.072369235781810204e+01 1.011130073706986288e+01
3.876406726772404276e+00 4.116660252822306632e+01 3.095562067282489238e+01 1.021098185539817571e+01
3.877518084851977243e+00 4.150016296940599858e+01 3.118815694356080925e+01 1.031200602584518755e+01
3.878629442931551097e+00 4.183578102309299140e+01 3.142191922952526539e+01 1.041386179356771713e+01
3.879740801011124063e+00 4.217363603900385272e+01 3.165769074885912104e+01 1.051594529014472457e+01
3.880852159090697029e+00 4.251392672491231650e+01 3.189632995384925707e+01 1.061759677106306832e+01
3.881963517170270439e+00 4.285681531971762581e+01 3.213867396635559714e+01 1.071814135336201801e+01
3.883074875249843849e+00 4.320237837695808025e+01 3.238545052368201738e+01 1.081692785327605932e+01
3.884186233329416815e+00 4.355057185104562478e+01 3.263721176432563453e+01 1.091336008671999735e+01
3.885297591408990225e+00 4.390121557372607697e+01 3.289429920254720230e+01 1.100691637117887467e+01
3.886408949488563636e+00 4.425399881514282185e+01 3.315684379428556383e+01 1.109715502085727579e+01
3.887520307568136602e+00 4.460850502656600725e+01 3.342479901479129722e+01 1.118370601177471002e+01
3.888631665647710012e+00 4.496425067117380081e+01 3.369799936091464332e+01 1.126625131025914861e+01
3.889743023727283422e+00 4.532073079972775531e+01 3.397623257972948352e+01 1.134449821999826113e+01
3.890854381806856388e+00 4.567746308786528431e+01 3.425931188861873977e+01 1.141815119924655519e+01
3.891965739886429354e+00 4.603402256199463949e+01 3.454713481289015675e+01 1.148688774910448274e+01
3.893077097966002764e+00 4.639006109243733533e+01 3.483971793944695605e+01 1.155034315299037040e+01
3.894188456045576174e+00 4.674530858649180942e+01 3.513720138995985565e+01 1.160810719653193779e+01
3.895299814125149140e+00 4.709955616045487403e+01 3.543982236408020015e+01 1.165973379637469343e+01
3.896411172204722551e+00 4.745262481554408396e+01 3.574786272539393650e+01 1.170476209015015456e+01
3.897522530284295961e+00 4.780432571487066440e+01 3.606158032045497208e+01 1.174274539441569942e+01
3.898633888363868927e+00 4.815441960277719602e+01 3.638113670928625965e+01 1.177328289349093815e+01
3.899745246443442337e+00 4.850258296766841681e+01 3.670653471497193721e+01 1.179604825269649027e+01
3.900856604523015747e+00 4.884838721219032465e+01 3.703757752888076027e+01 1.181080968330956438e+01
3.901967962602588713e+00 4.919129459491212231e+01 3.737385730952921392e+01 1.181743728538292437e+01
3.903079320682162123e+00 4.953067148879864590e+01 3.771477593087608682e+01 1.181589555792255553e+01
3.904190678761735533e+00 4.986581614041971733e+01 3.805959467790812312e+01 1.180622146251158355e+01
3.905302036841308500e+00 5.019599522107637313e+01 3.840750427342664608e+01 1.178849094764973948e+01
3.906413394920881466e+00 5.052048157595260136e+01 3.875770260855516369e+01 1.176277896739743234e+01
3.907524753000454876e+00 5.083858507178689479e+01 3.910946567374862326e+01 1.172911939803827863e+01
3.908636111080028286e+00 5.114966945368021811e+01 3.946219782655467867e+01 1.168747162712555010e+01
3.909747469159601252e+00 5.145315051947264351e+01 3.981545064316792093e+01 1.163769987630472436e+01
3.910858827239174662e+00 5.174847432930916113e+01 4.016890471627576886e+01 1.157956961303338517e+01
3.911970185318748072e+00 5.203507802279423089e+01 4.052231506424866581e+01 1.151276295854555798e+01
3.913081543398321038e+00 5.231233945370350114e+01 4.087542726970732332e+01 1.143691218399617249e+01
3.914192901477894448e+00 5.257952462365464186e+01 4.122787698349835495e+01 1.135164764015626737e+01
3.915304259557467859e+00 5.283574327740696219e+01 4.157908905988181658e+01 1.125665421752514028e+01
3.916415617637040825e+00 5.307992270676651714e+01 4.192819367047675172e+01 1.115172903628975476e+01
3.917526975716613791e+00 5.331080776571585034e+01 4.227397502646524430e+01 1.103683273925059716e+01
3.918638333796187645e+00 5.352699158270934277e+01 4.261486402523934203e+01 1.091212755747000251e+01
3.919749691875760611e+00 5.372697697655334537e+01 4.294897986300283321e+01 1.077799711355051038e+01
3.920861049955333577e+00 5.390926382474981438e+01 4.327421838383381925e+01 1.063504544091599691e+01
3.921972408034906987e+00 5.407245334914956914e+01 4.358837781014243973e+01 1.048407553900713296e+01
3.923083766114480397e+00 5.421535716983049724e+01 4.388930665291734101e+01 1.032605051691314202e+01
3.924195124194053363e+00 5.433709756079510100e+01 4.417505497228930267e+01 1.016204258850579834e+01
3.925306482273626774e+00 5.443718588778653356e+01 4.444400934026674577e+01 9.993176547519810882e+00
3.926417840353200184e+00 5.451556867954928265e+01 4.469499399046236476e+01 9.820574689086912556e+00
3.927529198432773150e+00 5.457263483391280801e+01 4.492732539273500691e+01 9.645309441177802867e+00
3.928640556512346560e+00 5.460918248998125790e+01 4.514081411087983042e+01 9.468368379101425703e+00
3.929751914591919970e+00 5.462634934828427902e+01 4.533571523655206903e+01 9.290634111732202882e+00
3.930863272671492936e+00 5.462551489396058457e+01 4.551263576344260287e+01 9.112879130517979931e+00
3.931974630751065902e+00 5.460818636589125674e+01 4.567241286085278773e+01 8.935773505038463682e+00
3.933085988830639756e+00 5.457588191446883030e+01 4.581598026525011136e+01 8.759901649218727826e+00
3.934197346910212723e+00 5.453002398754497904e+01 4.594424046623752389e+01 8.585783521307471133e+00
3.935308704989785689e+00 5.447185368691209817e+01 4.605795802515165605e+01 8.413895661760433242e+00
3.936420063069359099e+00 5.440237306164254960e+01 4.615768470542845137e+01 8.244688356214075142e+00
3.937531421148932509e+00 5.432231770296549911e+01 4.624372097784697644e+01 8.078596725118513788e+00
3.938642779228505475e+00 5.423215736101579409e+01 4.631611199594861006e+01 7.916045365067176931e+00
3.939754137308078885e+00 5.413211839836615269e+01 4.637467047419961830e+01 7.757447924166537057e+00
3.940865495387652295e+00 5.402221937721918010e+01 4.641901505213642309e+01 7.603204325082746351e+00
3.941976853467225261e+00 5.390231035098541668e+01 4.644861137469929702e+01 7.453698976286118771e+00
3.943088211546798671e+00 5.377210758627605713e+01 4.646280449629809084e+01 7.309303089977960965e+00
3.944199569626372082e+00 5.363121823423339407e+01 4.646083506128841378e+01 7.170383172944980288e+00
3.945310927705945048e+00 5.347915336102325767e+01 4.644183730421313783e+01 7.037316056810112741e+00
3.946422285785518014e+00 5.331533198965707498e+01 4.640482318465648603e+01 6.910508805000596944e+00
3.947533643865091868e+00 5.313908257116890610e+01 4.634866269584090048e+01 6.790419875328001176e+00
3.948645001944664834e+00 5.294965082551703262e+01 4.627207438386551530e+01 6.677576441651495998e+00
3.949756360024237800e+00 5.274622360070159743e+01 4.617364146498167088e+01 6.572582135719919449e+00
3.950867718103811210e+00 5.252797702366448362e+01 4.605186714126600123e+01 6.476109882398471740e+00
3.951979076183384620e+00 5.229415384928540078e+01 4.590527783497268643e+01 6.388876014312704577e+00
3.953090434262957586e+00 5.204417000320870557e+01 4.573257568489773917e+01 6.311594318310949525e+00
3.954201792342530997e+00 5.177774460629592568e+01 4.553283284675158171e+01 6.244911759544349295e+00
3.955313150422104407e+00 5.149504219328621701e+01 4.530571130434970684e+01 6.189330888936511066e+00
3.956424508501677373e+00 5.119681136288891565e+01 4.505168452109934663e+01 6.145126841789563699e+00
3.957535866581250783e+00 5.088450156707672534e+01 4.477223269279044615e+01 6.112268874286290732e+00
3.958647224660824193e+00 5.056033974510536666e+01 4.446998258569151119e+01 6.090357159413867016e+00
3.959758582740397159e+00 5.022735124389105721e+01 4.414876639647422252e+01 6.078584847416841797e+00
3.960869940819970125e+00 4.988931473257263605e+01 4.381358155168293678e+01 6.075733180889702822e+00
3.961981298899543980e+00 4.955064800393384417e+01 4.347044403910076227e+01 6.080203964833094332e+00
3.963092656979116946e+00 4.921622972494350279e+01 4.312614036742697721e+01 6.090089357516514923e+00
3.964204015058689912e+00 4.889117023025160336e+01 4.278789588349771833e+01 6.103274346753896573e+00
3.965315373138263322e+00 4.858055120100848256e+01 4.246298815052696085e+01 6.117563050481538589e+00
3.966426731217836732e+00 4.828915854325003920e+01 4.215834180244167584e+01 6.130816740808337606e+00
3.967538089297409698e+00 4.802123428686270046e+01 4.188014456475718106e+01 6.141089722105523840e+00
3.968649447376983108e+00 4.778027159391788103e+01 4.163352241439009305e+01 6.146749179527787987e+00
3.969760805456556518e+00 4.756887218164368392e+01 4.142230529231773772e+01 6.146566889325954186e+00
3.970872163536129484e+00 4.738867825722714855e+01 4.124890423415508423e+01 6.139774023072064324e+00
3.971983521615702895e+00 4.724038240443586290e+01 4.111430767133017383e+01 6.126074733105709491e+00
3.973094879695276305e+00 4.712380993637936655e+01 4.101819077443693828e+01 6.105619161942430928e+00
3.974206237774849271e+00 4.703806024525479756e+01 4.095911895747533293e+01 6.078941287779456637e+00
3.975317595854422237e+00 4.698168769969653624e+01 4.093481675427658928e+01 6.046870945419946075e+00
3.976428953933995647e+00 4.695289941882420948e+01 4.094246750006821856e+01 6.010431918755981151e+00
3.977540312013569057e+00 4.694974713071281514e+01 4.097900826508465144e+01 5.970738865628169911e+00
3.978651670093142023e+00 4.697029318537114762e+01 4.104138824585552214e+01 5.928904939515617478e+00
3.979763028172715433e+00 4.701273609099144579e+01 4.112676658442909172e+01 5.885969506562342524e+00
3.980874386252288843e+00 4.707548779190732091e+01 4.123263605198332016e+01 5.842851739923975884e+00
3.981985744331861810e+00 4.715720222788780802e+01 4.135687054260816353e+01 5.800331685279641825e+00
3.983097102411435220e+00 4.725676140500965516e+01 4.149770512638271924e+01 5.759056278626937697e+00
3.984208460491008630e+00 4.737323031504166693e+01 4.165366594103488040e+01 5.719564374006785634e+00
3.985319818570581596e+00 4.750579490276457051e+01 4.182347231227307560e+01 5.682322590491491354e+00
3.986431176650154562e+00 4.765369762587406655e+01 4.200593462638217801e+01 5.647762999491892089e+00
3.987542534729728416e+00 4.781618312412309280e+01 4.219986873515325243e+01 5.616314388969851912e+00
3.988653892809301382e+00 4.799246263575593474e+01 4.240404177341880398e+01 5.588420862337141415e+00
3.989765250888874348e+00 4.818170087172983074e+01 4.261715641701082546e+01 5.564544454719004385e+00
3.990876608968447758e+00 4.838302401911535355e+01 4.283787227650388729e+01 5.545151742611474255e+00
3.991987967048021169e+00 4.859554330475875616e+01 4.306485579735753078e+01 5.530687507401224501e+00
3.993099325127594135e+00 4.881838583697833656e+01 4.329684497099963636e+01 5.521540865978693979e+00
3.994210683207167545e+00 4.905072368159851948e+01 4.353271316070438957e+01 5.518010520894149451e+00
3.995322041286740955e+00 4.929179337284444529e+01 4.377151764387132005e+01 5.520275728973118134e+00
3.996433399366313921e+00 4.954090098970796419e+01 4.401252269815049090e+01 5.528378291557449309e+00
3.997544757445887331e+00 4.979741191302332481e+01 4.425519331305985560e+01 5.542218599963467440e+00
3.998656115525460741e+00 5.006072859109095674e+01 4.449916262722673110e+01 5.561565963864226525e+00
3.999767473605033707e+00 5.033026321081332810e+01 4.474418257336590443e+01 5.586080637447417452e+00
4.000878831684606673e+00 5.060541433929400057e+01 4.499007167260625550e+01 5.615342666687750395e+00
4.001990189764180528e+00 5.088555686343752882e+01 4.523667551794840591e+01 5.648881345489120243e+00
4.003101547843753494e+00 5.117005275778571871e+01 4.548385380501809294e+01 5.686198952767624881e+00
4.004212905923326460e+00 5.145828658490943752e+01 4.573150299273121533e+01 5.726783592178236404e+00
4.005324264002899426e+00 5.174972476385796938e+01 4.597961657651627121e+01 5.770108187341705275e+00
4.006435622082473280e+00 5.204399237631775321e+01 4.622837676244459004e+01 5.815615613873174716e+00
4.007546980162046246e+00 5.234095658119550620e+01 4.647826352690170637e+01 5.862693054293804273e+00
4.008658338241620100e+00 5.264080249194329042e+01 4.673016111828704311e+01 5.910641373656252640e+00
4.009769696321193067e+00 5.294408634151826476e+01 4.698543922865118105e+01 5.958647112867061502e+00
4.010881054400766033e+00 5.325175227941113576e+01 4.724598707419877996e+01 6.005765205212360236e+00
4.011992412480338999e+00 5.356510315616345252e+01 4.751418358365594230e+01 6.050919572507509336e+00
4.013103770559912853e+00 5.388572166811587039e+01 4.779279523811867136e+01 6.092926429997208793e+00
4.014215128639485819e+00 5.421534540963555315e+01 4.808480366580993604e+01 6.130541743825606460e+00
4.015326486719058785e+00 5.455570662516409186e+01 4.839317626885196688e+01 6.162530356312120539e+00
4.016437844798632639e+00 5.490835361496355915e+01 4.872060316338999542e+01 6.187750451573573507e+00
4.017549202878205605e+00 5.527447479122812268e+01 4.906923087167550790e+01 6.205243919552625442e+00
4.018660560957778571e+00 5.565474756126732103e+01 4.944042622162669431e+01 6.214321339640613395e+00
4.019771919037351537e+00 5.604923220891200231e+01 4.983460210014558811e+01 6.214630108766423078e+00
4.020883277116925392e+00 5.645732591768260278e+01 5.025113012329128281e+01 6.206195794391318188e+00
4.021994635196498358e+00 5.687778466798418009e+01 5.068835473366559086e+01 6.189429934318580351e+00
4.023105993276072212e+00 5.730881197125996351e+01 5.114371016305271667e+01 6.165101808207240630e+00
4.024217351355645178e+00 5.774820453803339149e+01 5.161392798943393956e+01 6.134276548599431500e+00
4.025328709435218144e+00 5.819353731970131349e+01 5.209531070195749436e+01 6.098226617743820910e+00
4.026440067514791110e+00 5.864236506337085331e+01 5.258403762715931862e+01 6.058327436211516037e+00
4.027551425594364964e+00 5.909241538462134713e+01 5.307646516521677427e+01 6.015950219404585297e+00
4.028662783673937930e+00 5.954174973692231987e+01 5.356938425007761850e+01 5.972365486844695148e+00
4.029774141753510897e+00 5.998887335581256508e+01 5.406020418947902328e+01 5.928669166333535578e+00
4.030885499833084751e+00 6.043278259752255366e+01 5.454704266724912287e+01 5.885739930273415688e+00
4.031996857912657717e+00 6.087294699431595291e+01 5.502871513921141400e+01 5.844231855104528250e+00
4.033108215992230683e+00 6.130923249863953828e+01 5.550463113258711445e+01 5.804601366052430933e+00
4.034219574071803649e+00 6.174178044085444128e+01 5.597461794945029823e+01 5.767162491404138613e+00
4.035330932151377503e+00 6.217086251255682328e+01 5.643870206220851315e+01 5.732160450348290581e+00
4.036442290230950469e+00 6.259673479542476571e+01 5.689688365568887463e+01 5.699851139735910621e+00
4.037553648310524324e+00 6.301951314710442631e+01 5.734893961389077077e+01 5.670573533213655537e+00
4.038665006390097290e+00 6.343908831686518823e+01 5.779428488678011888e+01 5.644803430085068463e+00
4.039776364469670256e+00 6.385509266756437086e+01 5.823191251488953668e+01 5.623180152674835952e+00
4.040887722549243222e+00 6.426692237393405094e+01 5.866042019196454760e+01 5.606502181969518439e+00
4.041999080628817076e+00 6.467381070116488218e+01 5.907811805628141855e+01 5.595692644883475175e+00
4.043110438708390042e+00 6.507494069614209309e+01 5.948320044883191571e+01 5.591740247310187151e+00
4.044221796787963008e+00 6.546958040604553730e+01 5.987395545136525499e+01 5.595624954680276097e+00
4.045333154867536862e+00 6.585722127732414322e+01 6.024898139098353766e+01 5.608239886340618874e+00
4.046444512947109828e+00 6.623770092463590231e+01 6.060737973190145311e+01 5.630321192734437652e+00
4.047555871026682794e+00 6.661129475146009327e+01 6.094889864500322574e+01 5.662396106456855982e+00
4.048667229106255760e+00 6.697876627850615705e+01 6.127401009592836090e+01 5.704756182577822798e+00
4.049778587185829615e+00 6.734137251345646291e+01 6.158391400656356041e+01 5.757458506892905170e+00
4.050889945265402581e+00 6.770082716320844440e+01 6.188047410798554893e+01 5.820353055222895478e+00
4.052001303344976435e+00 6.805922989265646095e+01 6.216609970733295398e+01 5.893130185323469661e+00
4.053112661424549401e+00 6.841897335218153842e+01 6.244359423630552897e+01 5.975379115875981029e+00
4.054224019504122367e+00 6.878264087800639004e+01 6.271599418604006360e+01 6.066646691966325555e+00
4.055335377583695333e+00 6.915290659942452578e+01 6.298642061181580232e+01 6.166485987608737673e+00
4.056446735663269187e+00 6.953244657408103535e+01 6.325796028704598939e+01 6.274486287035027310e+00
4.057558093742842154e+00 6.992386526651783640e+01 6.353358590301508002e+01 6.390279363502766152e+00
4.058669451822415120e+00 7.032963713098278902e+01 6.381611597585894913e+01 6.513521155123852324e+00
4.059780809901988974e+00 7.075205921829024192e+01 6.410820700929319571e+01 6.643852208997019559e+00
4.060892167981561940e+00 7.119320839480661789e+01 6.441236449102770223e+01 6.780843903778912107e+00
4.062003526061134906e+00 7.165489641995142733e+01 6.473095656746023963e+01 6.923939852491189484e+00
4.063114884140707872e+00 7.213861784765333596e+01 6.506621521729448432e+01 7.072402630358847198e+00
4.064226242220281726e+00 7.264548913923781015e+01 6.542021419338766464e+01 7.225274945850136632e+00
4.065337600299854692e+00 7.317618177447887717e+01 6.579482001694516669e+01 7.381361757533708712e+00
4.066448958379428547e+00 7.373085656134954036e+01 6.619162047338436139e+01 7.539236087965194066e+00
4.067560316459001513e+00 7.430910975254245443e+01 6.661184270352261194e+01 7.697267049019839824e+00
4.068671674538574479e+00 7.490994309539165386e+01 6.705627848531914026e+01 7.853664610072501162e+00
4.069783032618147445e+00 7.553176900459399690e+01 6.752523638995205602e+01 8.006532614641926671e+00
4.070894390697721299e+00 7.617245853109891129e+01 6.801853850025950976e+01 8.153920030839405086e+00
4.072005748777294265e+00 7.682943407809563041e+01 6.853557337365162994e+01 8.293860704443986265e+00
4.073117106856867231e+00 7.749980171820176622e+01 6.907540775316395809e+01 8.424393965037820564e+00
4.074228464936441085e+00 7.818051066498901491e+01 6.963694866289115737e+01 8.543562002097861097e+00
4.075339823016014051e+00 7.886852126625478832e+01 7.021913686028310053e+01 8.649384405971677126e+00
4.076451181095587017e+00 7.956095905750420627e+01 7.082114414096851363e+01 8.739814916535692646e+00
4.077562539175159984e+00 8.025523187912281742e+01 7.144254242830261603e+01 8.812689450820196058e+00
4.078673897254733838e+00 8.094909026536278418e+01 7.208341308167149464e+01 8.865677183691305530e+00
4.079785255334306804e+00 8.164061809820169913e+01 7.274437077023495135e+01 8.896247327966738894e+00
4.080896613413880658e+00 8.232815010418973145e+01 7.342648701854093929e+01 8.901663085648777951e+00
4.082007971493453624e+00 8.301012384471617622e+01 7.413111271205795560e+01 8.879011132658243710e+00
4.083119329573026590e+00 8.368488474802309440e+01 7.485961436428844706e+01 8.825270383734640234e+00
4.084230687652599556e+00 8.435047169669716993e+01 7.561305335570510522e+01 8.737418340992066490e+00
4.085342045732173410e+00 8.500441614591827033e+01 7.639184826399363715e+01 8.612567881924613644e+00
4.086453403811746377e+00 8.564358858806097885e+01 7.719546586209698091e+01 8.448122725963994384e+00
4.087564761891319343e+00 8.626412194289068225e+01 7.802218519633652249e+01 8.241936746554175741e+00
4.088676119970893197e+00 8.686143245616942465e+01 7.886897121204046357e+01 7.992461244128975295e+00
4.089787478050466163e+00 8.743034601295808272e+01 7.973148058756849821e+01 7.698865425389567640e+00
4.090898836130039129e+00 8.796532312615882176e+01 8.060420466040254439e+01 7.361118465756260498e+00
4.092010194209612095e+00 8.846076134835593052e+01 8.148073517518099607e+01 6.980026173174953996e+00
4.093121552289185949e+00 8.891134165728776395e+01 8.235412095689487444e+01 6.557220700392896617e+00
4.094232910368758915e+00 8.931237740467109631e+01 8.321727026902199498e+01 6.095107135649134200e+00
4.095344268448332770e+00 8.966012204718217049e+01 8.406334671657123181e+01 5.596775330610936017e+00
4.096455626527905736e+00 8.995199564731628072e+01 8.488610729680577549e+01 5.065888350510509675e+00
4.097566984607478702e+00 9.018669967437223534e+01 8.568013960351426306e+01 4.506560070857967837e+00
4.098678342687051668e+00 9.036420369526315710e+01 8.644097005501964759e+01 3.923233640243513953e+00
4.099789700766625522e+00 9.048560414210565739e+01 8.716503408873175829e+01 3.320570053373899100e+00
4.100901058846198488e+00 9.055287206352126361e+01 8.784951957700039316e+01 2.703352486520892661e+00
4.102012416925771454e+00 9.056852112312022030e+01 8.849211305107715475e+01 2.076408072043077979e+00
4.103123775005345308e+00 9.053523693095013414e+01 8.909069172128083380e+01 1.444545209669304553e+00
4.104235133084918274e+00 9.045551257481787388e+01 8.964301056045303540e+01 8.125020143648394866e-01
4.105346491164491241e+00 9.033133236834927970e+01 9.014643182216344997e+01 1.849005461858339028e-01
4.106457849244064207e+00 9.016393679371238079e+01 9.059773458648703581e+01 -4.337977927746464735e-01
4.107569207323638061e+00 8.995368781821700566e+01 9.099302588981855422e+01 -1.039338071601554336e+00
4.108680565403211027e+00 8.970003741788183049e+01 9.132775542910798094e+01 -1.627718011226158890e+00
4.109791923482784881e+00 8.940158590879529754e+01 9.159681614519386983e+01 -2.195230236398567847e+00
4.110903281562357847e+00 8.905620326286611999e+01 9.179469672780153644e+01 -2.738493464935427557e+00
4.112014639641930813e+00 8.866117826126944124e+01 9.191564233078337054e+01 -3.254464069513929303e+00
4.113125997721503779e+00 8.821335862440862741e+01 9.195377862598078877e+01 -3.740420001572159592e+00
4.114237355801077634e+00 8.770925060296546860e+01 9.190316244647482335e+01 -4.193911843509318338e+00
4.115348713880650600e+00 8.714505820405689462e+01 9.175773878048785548e+01 -4.612680576430943091e+00
4.116460071960223566e+00 8.651665844571581943e+01 9.151120636298225008e+01 -4.994547917266437764e+00
4.117571430039797420e+00 8.581952711892554930e+01 9.115681895762824638e+01 -5.337291838702697078e+00
4.118682788119370386e+00 8.504864637025812613e+01 9.068717233612285611e+01 -5.638525965864735312e+00
4.119794146198943352e+00 8.419843790616795332e+01 9.009404364106387675e+01 -5.895605734895921657e+00
4.120905504278516318e+00 8.326277119113369451e+01 8.936835664627581366e+01 -6.105585455142147566e+00
4.122016862358090172e+00 8.223509305449805140e+01 8.850034110337135473e+01 -6.265248048873311326e+00
4.123128220437663138e+00 8.110871328896378429e+01 8.747993635347071972e+01 -6.371223064506929212e+00
4.124239578517236993e+00 7.987726116032327184e+01 8.629746012761948748e+01 -6.420198967296209425e+00
4.125350936596809959e+00 7.853530260088200521e+01 8.494452627630306552e+01 -6.409223675421071853e+00
4.126462294676382925e+00 7.707908059322178929e+01 8.341515486795955781e+01 -6.336074274737767631e+00
4.127573652755955891e+00 7.550731579588365605e+01 8.170698034990545011e+01 -6.199664554021811824e+00
4.128685010835528857e+00 7.382198475415529515e+01 7.982243401113116477e+01 -6.000449256975867840e+00
4.129796368915102711e+00 7.202898243971920067e+01 7.776976079019202359e+01 -5.740778350472859337e+00
4.130907726994675677e+00 7.013857664177079698e+01 7.556373095900885062e+01 -5.425154317238049195e+00
4.132019085074249531e+00 6.816557468679346243e+01 7.322592569753757630e+01 -5.060351010744145839e+00
4.133130443153822497e+00 6.612914724222437712e+01 7.078451096400624465e+01 -4.655363721781850650e+00
4.134241801233395464e+00 6.405228711016071941e+01 6.827346290725735400e+01 -4.221175797096653248e+00
4.135353159312968430e+00 6.196091917554218043e+01 6.573126492763107365e+01 -3.770345752088917202e+00
4.136464517392542284e+00 5.988271643249552056e+01 6.319915462609185397e+01 -3.316438193596340955e+00
4.137575875472115250e+00 5.784571143211461219e+01 6.071905110899076874e+01 -2.873339676876128124e+00
4.138687233551689104e+00 5.587681814853366546e+01 5.833133277899681701e+01 -2.454514630463177305e+00
4.139798591631262070e+00 5.400039274134056200e+01 5.607265760888525108e+01 -2.072264867544696632e+00
4.140909949710835036e+00 5.223696108474189970e+01 5.397401888008163695e+01 -1.737057795339769672e+00
4.142021307790408002e+00 5.060222608487271145e+01 5.205920897873185282e+01 -1.456982893859144257e+00
4.143132665869980968e+00 4.910644035915352390e+01 5.034382426539604438e+01 -1.237383906242536025e+00
4.144244023949554823e+00 4.775419303489123735e+01 4.883488986806683130e+01 -1.080696833175606164e+00
4.145355382029127789e+00 4.654461762736310959e+01 4.753112090200474427e+01 -9.865032746416588783e-01
4.146466740108701643e+00 4.547198615045962811e+01 4.642377347726845471e+01 -9.517873268088383742e-01
4.147578098188274609e+00 4.452661769328290120e+01 4.549798230630896967e+01 -9.713646130260552569e-01
4.148689456267847575e+00 4.369600185487834665e+01 4.473443821092807582e+01 -1.038436356049735387e+00
4.149800814347420541e+00 4.296602162263826585e+01 4.411123302742431207e+01 -1.145211404786057319e+00
4.150912172426994395e+00 4.232215787672067364e+01 4.360569366887283849e+01 -1.283535792152182164e+00
4.152023530506567361e+00 4.175056835663139054e+01 4.319604120534193470e+01 -1.445472848710550373e+00
4.153134888586140328e+00 4.123895568001823619e+01 4.286274209197889462e+01 -1.623786411960661979e+00
4.154246246665714182e+00 4.077716861064573095e+01 4.258946242120063630e+01 -1.812293810554912010e+00
4.155357604745287148e+00 4.035751417731142965e+01 4.236358628886485889e+01 -2.006072111553425241e+00
4.156468962824860114e+00 3.997479115792685889e+01 4.217630956456866897e+01 -2.201518406641828740e+00
4.157580320904433080e+00 3.962608391709412103e+01 4.202236446869890329e+01 -2.396280551604757836e+00
4.158691678984006934e+00 3.931037652362922330e+01 4.189946349741763498e+01 -2.589086973788426338e+00
4.159803037063579900e+00 3.902805858881628609e+01 4.180757028442801726e+01 -2.779511695611720956e+00
4.160914395143153754e+00 3.878039585204882655e+01 4.174810890319507450e+01 -2.967713051146261272e+00
4.162025753222726721e+00 3.856903104643208025e+01 4.172321292894528000e+01 -3.154181882513213075e+00
4.163137111302299687e+00 3.839556598584054115e+01 4.173509411526451629e+01 -3.339528129423980030e+00
4.164248469381872653e+00 3.826125687873424397e+01 4.178558187568805948e+01 -3.524324996953815070e+00
4.165359827461446507e+00 3.816683466250018597e+01 4.187585356806772552e+01 -3.709018905567525337e+00
4.166471185541019473e+00 3.811244358809199184e+01 4.200634641283319581e+01 -3.893902824741200863e+00
4.167582543620592439e+00 3.809767673518374664e+01 4.217681853009177217e+01 -4.079141794908024643e+00
4.168693901700166293e+00 3.812167811834803643e+01 4.238651160621866865e+01 -4.264833487870641093e+00
4.169805259779739259e+00 3.818327807445902522e+01 4.263436214401024671e+01 -4.451084069551222377e+00
4.170916617859312225e+00 3.828113124301881953e+01 4.291921163599207034e+01 -4.638080392973259691e+00
4.172027975938885191e+00 3.841383339776130157e+01 4.323997654827384451e+01 -4.826143150512542945e+00
4.173139334018459046e+00 3.858000286517865618e+01 4.359575402963464086e+01 -5.015751164455979350e+00
4.174250692098032012e+00 3.877832229294359223e+01 4.398585569161063091e+01 -5.207533398667029800e+00
4.175362050177605866e+00 3.900754528566535839e+01 4.440977670293992929e+01 -5.402231417274572678e+00
4.176473408257178832e+00 3.926647853129748000e+01 4.486711847234514039e+01 -5.600639941047671932e+00
4.177584766336751798e+00 3.955395276178459341e+01 4.535748895720623608e+01 -5.803536195421637345e+00
4.178696124416324764e+00 3.986879519553416884e+01 4.588040481311067254e+01 -6.011609617576507247e+00
4.179807482495898618e+00 4.020981261347200331e+01 4.643521490678589458e+01 -6.225402293313849533e+00
4.180918840575471584e+00 4.057578901954205719e+01 4.702105668394263205e+01 -6.445267664400563312e+00
4.182030198655044551e+00 4.096549626145117884e+01 4.763684751563595654e+01 -6.671351254184785695e+00
4.183141556734618405e+00 4.137771133564660886e+01 4.828130450924520289e+01 -6.903593173598591370e+00
4.184252914814191371e+00 4.181123138826673369e+01 4.895298010733306882e+01 -7.141748719066342233e+00
4.185364272893764337e+00 4.226487720366634449e+01 4.965029822395199943e+01 -7.385421020285673599e+00
4.186475630973337303e+00 4.273747824531680806e+01 5.037157699441742409e+01 -7.634098749100623138e+00
4.187586989052911157e+00 4.322783655015213355e+01 5.111502893265088687e+01 -7.887192382498757759e+00
4.188698347132484123e+00 4.373467203487069810e+01 5.187873620972612088e+01 -8.144064174855428107e+00
4.189809705212057978e+00 4.425655689298398698e+01 5.266060627730964683e+01 -8.404049384325661620e+00
4.190921063291630944e+00 4.479185060223373682e+01 5.345831946019490033e+01 -8.666468857961184824e+00
4.192032421371203910e+00 4.533864872386890710e+01 5.426928398390140984e+01 -8.930635260032506295e+00
4.193143779450776876e+00 4.589475767977884857e+01 5.509061427219751295e+01 -9.195856592418657272e+00
4.194255137530350730e+00 4.645770408187291167e+01 5.591914504449356826e+01 -9.461440962620665474e+00
4.195366495609923696e+00 4.702478152149942758e+01 5.675148731616945952e+01 -9.726705794670037264e+00
4.196477853689496662e+00 4.759313098902742212e+01 5.758412405680866186e+01 -9.990993067781245074e+00
4.197589211769070516e+00 4.815984451454222892e+01 5.841353461404815306e+01 -1.025369009950594013e+01
4.198700569848643482e+00 4.872207645093748596e+01 5.923632980002719250e+01 -1.051425334908969411e+01
4.199811927928216448e+00 4.927714410142215939e+01 6.004937528088849064e+01 -1.077223117946632236e+01
4.200923286007789414e+00 4.982259975929676443e+01 6.084988061357677225e+01 -1.102728085428001314e+01
4.202034644087363269e+00 5.035625978197715824e+01 6.163543523149827763e+01 -1.127917544952110696e+01
4.203146002166936235e+00 5.087618260363354494e+01 6.240398039954516918e+01 -1.152779779591161002e+01
4.204257360246510089e+00 5.138059564725797657e+01 6.315371643469455876e+01 -1.177312078743657509e+01
4.205368718326083055e+00 5.186777963671420366e+01 6.388295560678591301e+01 -1.201517597007170579e+01
4.206480076405656021e+00 5.233592642446347298e+01 6.458994117205052987e+01 -1.225401474758705156e+01
4.207591434485228987e+00 5.278299185835120966e+01 6.527266015968797319e+01 -1.248966830133676353e+01
4.208702792564802841e+00 5.320656747644882500e+01 6.592868049706265765e+01 -1.272211302061384686e+01
4.209814150644375808e+00 5.360379351930117053e+01 6.655504119289845733e+01 -1.295124767359728502e+01
4.210925508723948774e+00 5.397133104772262158e+01 6.714821779770593935e+01 -1.317688674998331422e+01
4.212036866803522628e+00 5.430540357494307813e+01 6.770417522683317202e+01 -1.339877165189010810e+01
4.213148224883095594e+00 5.460190972274404686e+01 6.821850789909834134e+01 -1.361659817635429626e+01
4.214259582962668560e+00 5.485659938437312633e+01 6.868665499905019090e+01 -1.383005561467704858e+01
4.215370941042241526e+00 5.506529810704909522e+01 6.910416850119844412e+01 -1.403887039414935423e+01
4.216482299121815380e+00 5.522415903162830375e+01 6.946700503592525422e+01 -1.424284600429694869e+01
4.217593657201388346e+00 5.532991944396239603e+01 6.977181072033782527e+01 -1.444189127637542036e+01
4.218705015280962201e+00 5.538013994565235265e+01 7.001617089118239790e+01 -1.463603094553006834e+01
4.219816373360535167e+00 5.537340801990950467e+01 7.019880357629304513e+01 -1.482539555638354045e+01
4.220927731440108133e+00 5.530949345653154836e+01 7.031968511509600717e+01 -1.501019165856448190e+01
4.222039089519681099e+00 5.518944952068672904e+01 7.038010671335575807e+01 -1.519065719266902015e+01
4.223150447599254953e+00 5.501565965674578962e+01 7.038266990830678083e+01 -1.536701025156096989e+01
4.224261805678827919e+00 5.479183385182982136e+01 7.033123521248057841e+01 -1.553940136065075350e+01
4.225373163758400885e+00 5.452296088369460136e+01 7.023084048826335390e+01 -1.570787960456877386e+01
4.226484521837974739e+00 5.421522241711639367e+01 7.008760360465599604e+01 -1.587238118753958815e+01
4.227595879917547705e+00 5.387587272905068403e+01 6.990861827514274296e+01 -1.603274554609207669e+01
4.228707237997120671e+00 5.351308465320367702e+01 6.970184411206685127e+01 -1.618875945886319911e+01
4.229818596076693638e+00 5.313575935252538329e+01 6.947598384685234407e+01 -1.634022449432695367e+01
4.230929954156267492e+00 5.275329600662279006e+01 6.924033451135089479e+01 -1.648703850472813315e+01
4.232041312235840458e+00 5.237531845327543323e+01 6.900459703929438149e+01 -1.662927858601896247e+01
4.233152670315414312e+00 5.201135977111220399e+01 6.877863143599159912e+01 -1.676727166487941645e+01
4.234264028394987278e+00 5.167051259389668161e+01 6.857215260368059262e+01 -1.690164000978391812e+01
4.235375386474560244e+00 5.136106175056416845e+01 6.839437420379391597e+01 -1.703331245322976173e+01
4.236486744554133210e+00 5.109012514448864550e+01 6.825362263803759788e+01 -1.716349749354898790e+01
4.237598102633707065e+00 5.086333672432382258e+01 6.815695761159933852e+01 -1.729362088727552305e+01
4.238709460713280031e+00 5.068460997126511103e+01 6.810984674490576651e+01 -1.742523677364066259e+01
4.239820818792852997e+00 5.055601983183754555e+01 6.811594648006011710e+01 -1.755992664822253957e+01
4.240932176872426851e+00 5.047783440606290384e+01 6.817703801158887700e+01 -1.769920360552598027e+01
4.242043534951999817e+00 5.044871483323629491e+01 6.829315432701334032e+01 -1.784443949377705252e+01
4.243154893031572783e+00 5.046608365495065129e+01 6.846291337149075673e+01 -1.799682971654008767e+01
4.244266251111145749e+00 5.052664048156616872e+01 6.868404513005860679e+01 -1.815740464849243097e+01
4.245377609190719603e+00 5.062698188554917067e+01 6.895407067948879387e+01 -1.832708879393962675e+01
4.246488967270292569e+00 5.076426339271633736e+01 6.927106349812518715e+01 -1.850680010540882847e+01
4.247600325349866424e+00 5.093682850342995749e+01 6.963440223245127925e+01 -1.869757372902131465e+01
4.248711683429439390e+00 5.114472553956165513e+01 7.004541383189560122e+01 -1.890068829233396386e+01
4.249823041509012356e+00 5.139003940241155277e+01 7.050780930351209008e+01 -1.911776990110054086e+01
4.250934399588585322e+00 5.167698223432199001e+01 7.102783224595133049e+01 -1.935085001162933693e+01
4.252045757668159176e+00 5.201171310037518225e+01 7.161407153451824570e+01 -1.960235843414303858e+01
4.253157115747732142e+00 5.240188922635216784e+01 7.227693059448657209e+01 -1.987504136813439004e+01
4.254268473827305108e+00 5.285598593112224108e+01 7.302779134790999649e+01 -2.017180541678775896e+01
4.255379831906878962e+00 5.338245440491742499e+01 7.387795474986705813e+01 -2.049550034494963313e+01
4.256491189986451928e+00 5.398881116117479451e+01 7.483747523187808781e+01 -2.084866407070327909e+01
4.257602548066024895e+00 5.468076632702571516e+01 7.591402753491628630e+01 -2.123326120789058535e+01
4.258713906145597861e+00 5.546149733854034025e+01 7.711194729285986682e+01 -2.165044995431954433e+01
4.259825264225171715e+00 5.633115936179131467e+01 7.843156976968418803e+01 -2.210041040789289113e+01
4.260936622304744681e+00 5.728669527110046289e+01 7.986895570459567750e+01 -2.258226043349522882e+01
4.262047980384318535e+00 5.832196970732177732e+01 8.141604348451778606e+01 -2.309407377719601229e+01
4.263159338463891501e+00 5.942820866008285918e+01 8.306120942945383945e+01 -2.363300076937096250e+01
4.264270696543464467e+00 6.059468416801699675e+01 8.479016093404899834e+01 -2.419547676603200870e+01
4.265382054623037433e+00 6.180954920806961184e+01 8.658703899531259651e+01 -2.477748978724297757e+01
4.266493412702611288e+00 6.306070593437392091e+01 8.843557478396101601e+01 -2.537486884958711286e+01
4.267604770782184254e+00 6.433658476859690722e+01 9.032013477724612471e+01 -2.598355000864924946e+01
4.268716128861758108e+00 6.562672380915765302e+01 9.222650291128346112e+01 -2.659977910212580454e+01
4.269827486941331074e+00 6.692206641410722057e+01 9.414228503059518971e+01 -2.722021861648795138e+01
4.270938845020904040e+00 6.821493591738344264e+01 9.605687588762921791e+01 -2.784193997024578948e+01
4.272050203100477006e+00 6.949869451017266897e+01 9.796099439431894496e+01 -2.846229988414628309e+01
4.273161561180049972e+00 7.076714135024457164e+01 9.984585916376495618e+01 -2.907871781352039520e+01
4.274272919259623826e+00 7.201374570092816896e+01 1.017021335008281540e+02 -2.968838779989999921e+01
4.275384277339196792e+00 7.323083794794065682e+01 1.035188078241409926e+02 -3.028796987620035708e+01
4.276495635418770647e+00 7.440889015979810495e+01 1.052822014140879361e+02 -3.087331125428983469e+01
4.277606993498343613e+00 7.553600654101515488e+01 1.069752513629567545e+02 -3.143924482194160674e+01
4.278718351577916579e+00 7.659771380344426461e+01 1.085772158583378513e+02 -3.197950205489361863e+01
4.279829709657489545e+00 7.757709625894567296e+01 1.100638568837872810e+02 -3.248676062484160099e+01
4.280941067737062511e+00 7.845526690112070867e+01 1.114080930672959937e+02 -3.295282616617528504e+01
4.282052425816636365e+00 7.921211204592290755e+01 1.125810380786319342e+02 -3.336892603270902669e+01
4.283163783896209331e+00 7.982720176921991140e+01 1.135532756853724834e+02 -3.372607391615257200e+01
4.284275141975783185e+00 8.028072901903939851e+01 1.142961801845210772e+02 -3.401545116548169290e+01
4.285386500055356152e+00 8.055433235559260652e+01 1.147830783916512871e+02 -3.422874603605865929e+01
4.286497858134929118e+00 8.063167315878861530e+01 1.149900703647246445e+02 -3.435839720593603630e+01
4.287609216214502084e+00 8.049867660642254918e+01 1.148963791520574631e+02 -3.439770254563489260e+01
4.288720574294075938e+00 8.014340192570234933e+01 1.144841785263286766e+02 -3.434077660062634152e+01
4.289831932373648904e+00 7.955557345886235510e+01 1.137379409195497146e+02 -3.418236746068740217e+01
4.290943290453222758e+00 7.872587004611962413e+01 1.126434416379113088e+02 -3.391757159179168468e+01
4.292054648532795724e+00 7.764512557985570140e+01 1.111866349093690047e+02 -3.354150932951330333e+01
4.293166006612368690e+00 7.630362872206536906e+01 1.093526685854375984e+02 -3.304903986337223643e+01
4.294277364691941656e+00 7.469071753512686485e+01 1.071253169093599951e+02 -3.243459937423313733e+01
4.295388722771514622e+00 7.279484163014006981e+01 1.044870793176293091e+02 -3.169223768748924286e+01
4.296500080851088477e+00 7.060421124329889153e+01 1.014201186263130552e+02 -3.081590738301417787e+01
4.297611438930661443e+00 6.810807477439230695e+01 9.790810150762568753e+01 -2.980002673323339835e+01
4.298722797010235297e+00 6.529857311720716950e+01 9.393887101751627711e+01 -2.864029790030911471e+01
4.299834155089808263e+00 6.217302280164511075e+01 8.950774245936663931e+01 -2.733471965772151080e+01
4.300945513169381229e+00 5.873639405289983983e+01 8.462108941961720632e+01 -2.588469536671737359e+01
4.302056871248954195e+00 5.500368729163897541e+01 7.929979509962171846e+01 -2.429610780798272884e+01
4.303168229328528049e+00 5.100188287507845075e+01 7.358210048622221677e+01 -2.258021761114375892e+01
4.304279587408101015e+00 4.677115053582536319e+01 6.752539520237927206e+01 -2.075424466655390887e+01
4.305390945487674870e+00 4.236505843808539851e+01 6.120657153079054780e+01 -1.884151309270514574e+01
4.306502303567247836e+00 3.784961293120976222e+01 5.472069160874799820e+01 -1.687107867753824308e+01
4.307613661646820802e+00 3.330107960770205722e+01 4.817788905916866327e+01 -1.487680945146659894e+01
4.308725019726393768e+00 2.880267065120408887e+01 4.169862010178178480e+01 -1.289594945057771014e+01
4.309836377805966734e+00 2.444031662568342966e+01 3.540757239155441027e+01 -1.096725576587098239e+01
4.310947735885540588e+00 2.029785623416570672e+01 2.942670845067666363e+01 -9.128852216510958684e+00
4.312059093965113554e+00 1.645206023387335392e+01 2.386804279115100158e+01 -7.415982557277640552e+00
4.313170452044687408e+00 1.296794434410089103e+01 1.882681097862477415e+01 -5.858866634523891115e+00
4.314281810124260375e+00 9.894814530142619802e+00 1.437567569687681868e+01 -4.480861166734204204e+00
4.315393168203833341e+00 7.263426490011767100e+00 1.056052885174061373e+01 -3.297102361728850184e+00
4.316504526283406307e+00 5.084535716423443930e+00 7.398298439600591081e+00 -2.313762723177152481e+00
4.317615884362980161e+00 3.348976862377964103e+00 4.876970902436187139e+00 -1.527994040058228586e+00
4.318727242442553127e+00 2.029257089236982114e+00 2.957816657734472443e+00 -9.285595684974948805e-01
4.319838600522126981e+00 1.082495509476012252e+00 1.579584313979830235e+00 -4.970888045038170944e-01
4.320949958601699947e+00 4.544074934866684234e-01 6.642336186288370081e-01 -2.098261251421729978e-01
4.322061316681272913e+00 8.393384640004608599e-02 1.236309977032217233e-01 -3.969715130318274277e-02
4.323172674760845879e+00 -9.193827537116017190e-02 -1.334489305284709548e-01 4.151065515730723021e-02
4.324284032840418845e+00 -1.336179657677165622e-01 -1.946789740482866016e-01 6.106100828056837404e-02
4.325395390919992700e+00 -9.502396274836444334e-02 -1.384885634629440254e-01 4.346460071457358687e-02
4.326506748999565666e+00 -2.068498321686274011e-02 -2.979288585891071151e-02 9.107902642036425078e-03
4.327618107079139520e+00 5.597906058601864743e-02 8.256796706410396425e-02 -2.658890647807732321e-02
4.328729465158712486e+00 1.131388053247701642e-01 1.665898356926112100e-01 -5.345103036784171202e-02
4.329840823238285452e+00 1.398804198218184247e-01 2.061745631062987805e-01 -6.629414328447358340e-02
4.330952181317858418e+00 1.345730519785581780e-01 1.987933213925789921e-01 -6.422026941402370070e-02
4.332063539397431384e+00 1.025660799312317906e-01 1.521578080839698366e-01 -4.959172815273482637e-02
4.333174897477005238e+00 5.355186240899589833e-02 8.038696917554788435e-02 -2.683510676655259664e-02
4.334286255556579093e+00 -1.065265625454336895e-03 1.668429420322858903e-04 -1.232108567489342832e-03
4.335397613636152059e+00 -5.048917089300880567e-02 -7.264937621677930446e-02 2.216020532377099839e-02
4.336508971715725025e+00 -8.630686763599004774e-02 -1.256546767266542020e-01 3.934780909067298049e-02
4.337620329795297991e+00 -1.035768582773666235e-01 -1.515034689273786483e-01 4.792661065000597409e-02
4.338731687874870957e+00 -1.011919325353722865e-01 -1.484666873255688913e-01 4.727475479019871418e-02
4.339843045954444811e+00 -8.157546589162567585e-02 -1.200084804659999893e-01 3.843301457437087176e-02
4.340954404034017777e+00 -4.985136342328599923e-02 -7.358597480063355789e-02 2.373461137734134141e-02
4.342065762113591632e+00 -1.268264841931276976e-02 -1.895540941051310213e-02 6.272760991198333969e-03
4.343177120193164598e+00 2.300295305856447925e-02 3.369616594648228158e-02 -1.069321288793156910e-02
4.344288478272737564e+00 5.119087149664580672e-02 7.548568288834034412e-02 -2.429481139169642478e-02
4.345399836352310530e+00 6.768858083850359808e-02 1.001804825634591278e-01 -3.249190172496757567e-02
4.346511194431883496e+00 7.065115501767293971e-02 1.049857567349024023e-01 -3.433460171722146903e-02
4.347622552511457350e+00 6.067827216692245340e-02 9.070343218308762889e-02 -3.002516001616295505e-02
4.348733910591031204e+00 4.050694460194287361e-02 6.129510238954249957e-02 -2.078815778760581545e-02
4.349845268670604170e+00 1.438409126457323994e-02 2.297011467313081479e-02 -8.586023408555840120e-03
4.350956626750177136e+00 -1.275470655130840625e-02 -1.701706984432291292e-02 4.262363293009510667e-03
4.352067984829750102e+00 -3.615418169889356159e-02 -5.164595491230838942e-02 1.549177321340802771e-02
4.353179342909323069e+00 -5.201400482616003185e-02 -7.527597145673414758e-02 2.326196663057314429e-02
4.354290700988896923e+00 -5.805240395427158084e-02 -8.448620837939313510e-02 2.643380442512152650e-02
4.355402059068469889e+00 -5.378366710625148706e-02 -7.849625695550344062e-02 2.471258984925162050e-02
4.356513417148043743e+00 -4.048466915381121467e-02 -5.912921409038029985e-02 1.864454493656353407e-02
4.357624775227616709e+00 -2.087630066485579583e-02 -3.035273078120592771e-02 9.476430116345690990e-03
4.358736133307189675e+00 1.410906368321862558e-03 2.501564551579571472e-03 -1.090658183254933355e-03
4.359847491386762641e+00 2.248778943929274909e-02 3.369517198720628492e-02 -1.120738254791847632e-02
4.360958849466335607e+00 3.886250970208982025e-02 5.805191528277031665e-02 -1.918940558068238378e-02
4.362070207545909462e+00 4.799550290577403455e-02 7.178239440148104222e-02 -2.378689149570956118e-02
4.363181565625483316e+00 4.866957152526740771e-02 7.303872785387910405e-02 -2.436915632862057812e-02
4.364292923705056282e+00 4.112535248475768235e-02 6.212444508708436786e-02 -2.099909260232996067e-02
4.365404281784629248e+00 2.695251215264571343e-02 4.134343617078950484e-02 -1.439092401815092459e-02
4.366515639864202214e+00 8.766565550237220839e-03 1.453040232156793676e-02 -5.763836771337182974e-03
4.367626997943775180e+00 -1.026598898388708658e-02 -1.364589101736116139e-02 3.379902033469439626e-03
4.368738356023349034e+00 -2.697030853061829769e-02 -3.848329020032342784e-02 1.151298166970819714e-02
4.369849714102922000e+00 -3.868284488402057297e-02 -5.601674631915221081e-02 1.733390143512847370e-02
4.370961072182495855e+00 -4.366511336754175243e-02 -6.363551827053370857e-02 1.997040490299678561e-02
4.372072430262068821e+00 -4.134945617244478733e-02 -6.045409804254409103e-02 1.910464187010435522e-02
4.373183788341641787e+00 -3.238437566016894031e-02 -4.738748260944725121e-02 1.500310694927786681e-02
4.374295146421214753e+00 -1.848059459532058746e-02 -2.693102058096807916e-02 8.450425985637222137e-03
4.375406504500787719e+00 -2.090958249450269868e-03 -2.692527766512409215e-03 6.015695170643597933e-04
4.376517862580361573e+00 1.401737965476135273e-02 2.123776014361022924e-02 -7.220380488851096956e-03
4.377629220659935427e+00 2.722510205300920916e-02 4.097118155784129634e-02 -1.374607950483136554e-02
4.378740578739508393e+00 3.548121826984196314e-02 5.344594964350712907e-02 -1.796473137366039197e-02
4.379851936819081359e+00 3.761557716256619388e-02 5.689491177548289258e-02 -1.927933461291642114e-02
4.380963294898654325e+00 3.349699612756057432e-02 5.108602837858555734e-02 -1.758903225102198542e-02
4.382074652978227292e+00 2.401719209303007641e-02 3.730503269710089276e-02 -1.328784060406948409e-02
4.383186011057801146e+00 1.090947793769639351e-02 1.809239019990582786e-02 -7.182912262208879239e-03
4.384297369137374112e+00 -3.562529347630516430e-03 -3.214155788919148549e-03 -3.483735587129395406e-04
4.385408727216947966e+00 -1.699126553350657765e-02 -2.305062904950616609e-02 6.059363516004320771e-03
4.386520085296520932e+00 -2.722155923913666120e-02 -3.821511829284240935e-02 1.099355905369410469e-02
4.387631443376093898e+00 -3.269252544839940100e-02 -4.637749930891865713e-02 1.368497386052366926e-02
4.388742801455666864e+00 -3.267156765681172859e-02 -4.643066030461262539e-02 1.375909264779875962e-02
4.389854159535239830e+00 -2.734624998014972830e-02 -3.863154924968426052e-02 1.128529926953408813e-02
4.390965517614813685e+00 -1.776387261879275314e-02 -2.451599699367279506e-02 6.752124374885648539e-03
4.392076875694387539e+00 -5.633499163386068709e-03 -6.608338427976701013e-03 9.748392645919090604e-04
4.393188233773960505e+00 6.973084873864832112e-03 1.202064508806877097e-02 -5.047560214199497963e-03
4.394299591853533471e+00 1.796984460157935448e-02 2.827108628317642758e-02 -1.030124168159696207e-02
4.395410949933106437e+00 2.559640413420427585e-02 3.952049216616082550e-02 -1.392408803195532840e-02
4.396522308012679403e+00 2.869458655155426863e-02 4.403748165688814442e-02 -1.534289510533765055e-02
4.397633666092253257e+00 2.687871337400982164e-02 4.123843544959515661e-02 -1.435972207558366964e-02
4.398745024171826223e+00 2.057527889529045528e-02 3.175002603107945909e-02 -1.117474713578374412e-02
4.399856382251400078e+00 1.092948361954698688e-02 1.727311153787167153e-02 -6.343627918331373738e-03
4.400967740330973044e+00 -4.022620775471219545e-04 2.757839379726179097e-04 -6.780460155203921202e-04
4.402079098410546010e+00 -1.153684725018680468e-02 -1.642974480250761204e-02 4.892897552317983234e-03
4.403190456490118976e+00 -2.067756177449159294e-02 -3.015444255298160847e-02 9.476880778490640034e-03
4.404301814569691942e+00 -2.640412150830440119e-02 -3.876680037361224240e-02 1.236267886530978410e-02
4.405413172649265796e+00 -2.789315294182881377e-02 -4.102453858156063227e-02 1.313138563972765516e-02
4.406524530728839650e+00 -2.503525344173479494e-02 -3.675253753704654791e-02 1.171728409531108683e-02
4.407635888808412616e+00 -1.843246481336036080e-02 -2.684218614503319777e-02 8.409721331672198597e-03
4.408747246887985582e+00 -9.279856631160987579e-03 -1.307699715156129816e-02 3.797140520398478714e-03
4.409858604967558549e+00 8.463574914546745376e-04 2.182564596064695550e-03 -1.336207104608577723e-03
4.410969963047131515e+00 1.025715322170983601e-02 1.640006391634585281e-02 -6.142910694641401381e-03
4.412081321126705369e+00 1.743025412503074190e-02 2.728235877282103594e-02 -9.852104647793791248e-03
4.413192679206278335e+00 2.125503696706099177e-02 3.314834133247718251e-02 -1.189330436541694014e-02
4.414304037285852189e+00 2.120371771345724854e-02 3.318828067797041648e-02 -1.198456296451544389e-02
4.415415395365425155e+00 1.740274062446922620e-02 2.757414143526698558e-02 -1.017140081079789815e-02
4.416526753444998121e+00 1.059519820740220664e-02 1.740647934895186988e-02 -6.811281141550329377e-03
4.417638111524571087e+00 2.003094186306411673e-03 4.510484538803427590e-03 -2.507390352494729552e-03
4.418749469604144053e+00 -6.885619572240916919e-03 -8.881961209641464627e-03 1.996341637397942154e-03
4.419860827683717908e+00 -1.456862074517073502e-02 -2.050960720462424725e-02 5.940986459452464452e-03
4.420972185763291762e+00 -1.977734855119078761e-02 -2.845547863550018652e-02 8.678130084305110681e-03
4.422083543842864728e+00 -2.168115421855665303e-02 -3.145578538005716629e-02 9.774631161497529530e-03
4.423194901922437694e+00 -2.001502586485642832e-02 -2.909493328515522226e-02 9.079907420301958076e-03
4.424306260002010660e+00 -1.511164060169067902e-02 -2.185712082529023270e-02 6.745480223594613189e-03
4.425417618081583626e+00 -7.834540382205990028e-03 -1.102903759526197014e-02 3.194497213057145846e-03
4.426528976161157480e+00 5.745523273733565972e-04 1.527395714356671874e-03 -9.528433869859243011e-04
4.427640334240730446e+00 8.707509533755097841e-03 1.369247202438950151e-02 -4.984962490632516285e-03
4.428751692320304301e+00 1.522479188249992177e-02 2.344262183509526754e-02 -8.217829952599592369e-03
4.429863050399877267e+00 1.907472409007593406e-02 2.918220729303389049e-02 -1.010748320295729030e-02
4.430974408479450233e+00 1.966145778644290409e-02 2.999931791040427731e-02 -1.033786012395737641e-02
4.432085766559023199e+00 1.693510828374861221e-02 2.580512302993154261e-02 -8.870014746184790022e-03
4.433197124638596165e+00 1.139077581779351922e-02 1.733608993882029825e-02 -5.945314121023032028e-03
4.434308482718170019e+00 3.978295225039785166e-03 6.021126017237088401e-03 -2.042830792203222112e-03
4.435419840797743873e+00 -4.060899776112320003e-03 -6.262308258234594582e-03 2.201408482123707461e-03
4.436531198877316839e+00 -1.140181636121406772e-02 -1.750140258894949952e-02 6.099586227737277544e-03
4.437642556956889806e+00 -1.685404841282100996e-02 -2.587825185311021237e-02 9.024203440286454603e-03
4.438753915036462772e+00 -1.955421195262330158e-02 -3.006304511012580782e-02 1.050883315750089642e-02
4.439865273116035738e+00 -1.910169160281066647e-02 -2.942305813684437110e-02 1.032136653402904169e-02
4.440976631195609592e+00 -1.561651827559973338e-02 -2.411485000431556891e-02 8.498331728717223310e-03
4.442087989275182558e+00 -9.711272625005151760e-03 -1.504664048246673325e-02 5.335367857458028773e-03
4.443199347354756412e+00 -2.383071398439018385e-03 -3.719193821387523080e-03 1.336122422949975741e-03
4.444310705434329378e+00 5.155380072791038160e-03 8.026846358577643947e-03 -2.871466285787854789e-03
4.445422063513902344e+00 1.167707853798000128e-02 1.831449545226482289e-02 -6.637416914282323610e-03
4.446533421593475310e+00 1.614098269737679336e-02 2.553463007195988510e-02 -9.393647374585006871e-03
4.447644779673048276e+00 1.785860394258165229e-02 2.860140672074273915e-02 -1.074280277816452855e-02
4.448756137752622131e+00 1.660032914337256083e-02 2.711823952149206018e-02 -1.051791037812145613e-02
4.449867495832195097e+00 1.262514623990411422e-02 2.142892943034424569e-02 -8.803783190443545403e-03
4.450978853911768951e+00 6.630199641494229079e-03 1.254765649231767699e-02 -5.917456850826362247e-03
4.452090211991341917e+00 -3.702728891025706959e-04 1.981360062878103484e-03 -2.351632951978121534e-03
4.453201570070914883e+00 -7.215719540595771919e-03 -8.524694316187617082e-03 1.308974775592539053e-03
4.454312928150487849e+00 -1.279110907413247289e-02 -1.727539480123255200e-02 4.484285727101085250e-03
4.455424286230061703e+00 -1.620819703223452812e-02 -2.290073842185874620e-02 6.692541389619985348e-03
4.456535644309634669e+00 -1.694683629097668009e-02 -2.457270962695334848e-02 7.625873335975835721e-03
4.457647002389208524e+00 -1.493393175851753796e-02 -2.212975231004271626e-02 7.195820551523360309e-03
4.458758360468781490e+00 -1.054816230552124701e-02 -1.609014681859333162e-02 5.541984513071751550e-03
4.459869718548354456e+00 -4.550882480097939720e-03 -7.554028830981551756e-03 3.003146350876340076e-03
4.460981076627927422e+00 2.044356840744776527e-03 1.988049028289196052e-03 5.630781245399840707e-05
4.462092434707500388e+00 8.141419926281312502e-03 1.090716286592835482e-02 -2.765742939646181897e-03
4.463203792787074242e+00 1.274205021674579275e-02 1.770646914655998883e-02 -4.964418929814640169e-03
4.464315150866647208e+00 1.510757857033329099e-02 2.126554087618820477e-02 -6.157962305854539076e-03
4.465426508946221063e+00 1.487578368064490508e-02 2.101904445630436991e-02 -6.143260775661477102e-03
4.466537867025794029e+00 1.211452623606784629e-02 1.704156219568875308e-02 -4.927035959621434147e-03
4.467649225105366995e+00 7.304368480327214086e-03 1.002613644763719614e-02 -2.721767967310953495e-03
4.468760583184939961e+00 1.254088471791578452e-03 1.161665115463172970e-03 9.242335632748954755e-05
4.469871941264513815e+00 -5.036118734958530685e-03 -8.069274266816153784e-03 3.033155531856249199e-03
4.470983299344086781e+00 -1.054065310393875743e-02 -1.613791834144306936e-02 5.597265237501605761e-03
4.472094657423660635e+00 -1.437621729541138649e-02 -2.172098090015728289e-02 7.344763604741122442e-03
4.473206015503233601e+00 -1.594383648167266299e-02 -2.391526006288979822e-02 7.971423581214720500e-03
4.474317373582806567e+00 -1.502240298458212830e-02 -2.238061843533467599e-02 7.358215450750188458e-03
4.475428731662379533e+00 -1.179920193413264151e-02 -1.738896422708818834e-02 5.589762292953714962e-03
4.476540089741952499e+00 -6.833367897602971031e-03 -9.772534960154510841e-03 2.939167062551789611e-03
4.477651447821526354e+00 -9.592231460981426316e-04 -7.813263165307171576e-04 -1.778968295728933224e-04
4.478762805901099320e+00 4.853844736208423605e-03 8.125793960221727730e-03 -3.271949224014802926e-03
4.479874163980673174e+00 9.661458766009711763e-03 1.552126460411185072e-02 -5.859805838101264652e-03
4.480985522060246140e+00 1.269785895781760932e-02 2.024066161010218412e-02 -7.542802652286739740e-03
4.482096880139819106e+00 1.349805333728448797e-02 2.156845859005457333e-02 -8.070405252769391469e-03
4.483208238219392072e+00 1.196902204271250991e-02 1.934804187676400500e-02 -7.379019834055533522e-03
4.484319596298965038e+00 8.399081328039528782e-03 1.399908469606146733e-02 -5.600003368022035688e-03
4.485430954378538893e+00 3.404770612430177423e-03 6.440743930168288389e-03 -3.035973317739810995e-03
4.486542312458112747e+00 -2.175156389620770681e-03 -2.065460038832629686e-03 -1.096963507921152464e-04
4.487653670537685713e+00 -7.420542966928178608e-03 -1.012629864295566673e-02 2.705755676025736051e-03
4.488765028617258679e+00 -1.148190887220384981e-02 -1.644587340022213295e-02 4.963964528020378686e-03
4.489876386696831645e+00 -1.371874145127399691e-02 -2.003536969938016221e-02 6.316628248102584831e-03
4.490987744776404611e+00 -1.380153464966799026e-02 -2.036952984980922032e-02 6.567995200139092882e-03
4.492099102855978465e+00 -1.176134218899349548e-02 -1.746502391233206719e-02 5.703681723338224763e-03
4.493210460935551431e+00 -7.979413969693260889e-03 -1.186900315748906642e-02 3.889589187793862646e-03
4.494321819015125286e+00 -3.119389453266008250e-03 -4.560965884404633019e-03 1.441576431138125169e-03
4.495433177094698252e+00 1.986103213525269862e-03 3.214799086966202424e-03 -1.228695873439558661e-03
4.496544535174271218e+00 6.475272774878249038e-03 1.015779974016295384e-02 -3.682526965281235354e-03
4.497655893253844184e+00 9.600149126971935232e-03 1.512622939112923115e-02 -5.526080264155047717e-03
4.498767251333417150e+00 1.084921759446971778e-02 1.732285065535688062e-02 -6.473633060885275459e-03
4.499878609412991004e+00 1.002979855926627861e-02 1.642177510876763336e-02 -6.391976549501632299e-03
4.500989967492564858e+00 7.297083801579798412e-03 1.261610261370652020e-02 -5.319018812128248341e-03
4.502101325572137824e+00 3.125617958034274113e-03 6.579599295468710474e-03 -3.453981337438447041e-03
4.503212683651710790e+00 -1.771521845820279994e-03 -6.502404250204665836e-04 -1.121281420795972733e-03
4.504324041731283756e+00 -6.562094545690760894e-03 -7.847612481412608032e-03 1.285517935722360616e-03
4.505435399810856723e+00 -1.043269787752934552e-02 -1.380282835456461688e-02 3.370130477033099481e-03
4.506546757890430577e+00 -1.272264954932583736e-02 -1.752186983137518639e-02 4.799220282050181696e-03
4.507658115970003543e+00 -1.303189385396011368e-02 -1.838839003081910173e-02 5.356496176853894897e-03
4.508769474049577397e+00 -1.128553860713760182e-02 -1.626200547241091199e-02 4.976466865271630957e-03
4.509880832129150363e+00 -7.744873708420890734e-03 -1.149745571008453648e-02 3.752582001657636668e-03
4.510992190208723329e+00 -2.963545470837658513e-03 -4.882338146292908299e-03 1.918792675456568175e-03
4.512103548288296295e+00 2.303494788626958556e-03 2.495519083004160699e-03 -1.920242943770356092e-04
4.513214906367869261e+00 7.223041517996353633e-03 9.428590108373879897e-03 -2.205548590378775264e-03
4.514326264447443116e+00 1.101841081245491516e-02 1.478804333610506117e-02 -3.769632523649757427e-03
4.515437622527016970e+00 1.309397191626229806e-02 1.770735447202781421e-02 -4.613382555769582338e-03
4.516548980606589936e+00 1.312936001849848711e-02 1.772127775498200108e-02 -4.591917736486622603e-03
4.517660338686162902e+00 1.112843222675902188e-02 1.483793934508031986e-02 -3.709507118318702834e-03
4.518771696765735868e+00 7.415533257445060256e-03 9.532993445299897672e-03 -2.117460187859188103e-03
4.519883054845308834e+00 2.580262742330894504e-03 2.667641137800172424e-03 -8.737839547226337877e-05
4.520994412924882688e+00 -2.619733155708202366e-03 -4.655266864848170427e-03 2.035533709138602834e-03
4.522105771004455654e+00 -7.381737465065388304e-03 -1.127286478237396472e-02 3.891127317307667421e-03
4.523217129084029509e+00 -1.098652334280154907e-02 -1.615157095164260204e-02 5.165047608839769266e-03
4.524328487163602475e+00 -1.291166902540064054e-02 -1.855306659576472228e-02 5.641397570363609892e-03
4.525439845243175441e+00 -1.291153573784914466e-02 -1.815013177479180007e-02 5.238596036936493672e-03
4.526551203322748407e+00 -1.105145929137402172e-02 -1.507401654609052954e-02 4.022557254714620445e-03
4.527662561402321373e+00 -7.691295875150827577e-03 -9.886425471901438833e-03 2.195129596749653689e-03
4.528773919481895227e+00 -3.421741536376171622e-03 -3.481597136937131243e-03 5.985560056236127746e-05
4.529885277561469081e+00 1.035542181264975659e-03 3.064672144351465732e-03 -2.029129963083103894e-03
4.530996635641042047e+00 4.947246800687837842e-03 8.673727369748140958e-03 -3.726480569060636183e-03
4.532107993720615013e+00 7.687514280712293147e-03 1.244089919489965723e-02 -4.753384914189598409e-03
4.533219351800187980e+00 8.837471349396275322e-03 1.378155898788080425e-02 -4.944087638483585234e-03
4.534330709879760946e+00 8.249326417683403023e-03 1.252282139771712655e-02 -4.273494980033001878e-03
4.535442067959334800e+00 6.065159524986180051e-03 8.926500694014447013e-03 -2.861341169033804199e-03
4.536553426038907766e+00 2.688065532594405976e-03 3.640352722921930129e-03 -9.522871903256402426e-04
4.537664784118481620e+00 -1.288882736623517267e-03 -2.413578588154823013e-03 1.124695851531031660e-03
4.538776142198054586e+00 -5.183578948697670219e-03 -8.194476385746038427e-03 3.010897437047660441e-03
4.539887500277627552e+00 -8.338755603712305620e-03 -1.271610731404054784e-02 4.377351710326715661e-03
4.540998858357200518e+00 -1.022993709687364250e-02 -1.520935076974366806e-02 4.979413672870233731e-03
4.542110216436773484e+00 -1.054986651360442784e-02 -1.524731156061104320e-02 4.697445047006129637e-03
4.543221574516347339e+00 -9.255903728393521934e-03 -1.281284315001413043e-02 3.556939421616389652e-03
4.544332932595921193e+00 -6.573152677602417393e-03 -8.297967131304817556e-03 1.724814453702622208e-03
4.545444290675494159e+00 -2.953439305335592291e-03 -2.435959341515969712e-03 -5.174799638197752349e-04
4.546555648755067125e+00 1.002491370089869660e-03 3.822081596248139146e-03 -2.819590226158547042e-03
4.547667006834640091e+00 4.646246373364054660e-03 9.465369436258808111e-03 -4.819123062896057963e-03
4.548778364914213057e+00 7.389528169727543894e-03 1.358995927127182313e-02 -6.200431101547707047e-03
4.549889722993786911e+00 8.800508729498224270e-03 1.554623321826981153e-02 -6.745724488774931804e-03
4.551001081073359877e+00 8.673089020952651218e-03 1.504329019259914579e-02 -6.370201171648506855e-03
4.552112439152933732e+00 7.057958139091199956e-03 1.219348538813996852e-02 -5.135527249048345289e-03
4.553223797232506698e+00 4.250793756030560311e-03 7.490343827863468751e-03 -3.239550071835094192e-03
4.554335155312079664e+00 7.400649652442997661e-04 1.724070695895529859e-03 -9.840057306567734016e-04
4.555446513391652630e+00 -2.876467819074524090e-03 -4.150913353014443197e-03 1.274445533936297004e-03
4.556557871471225596e+00 -5.992398517552399717e-03 -9.174236899206225648e-03 3.181838381652091208e-03
4.557669229550799450e+00 -8.093632804752198817e-03 -1.253742706010055330e-02 4.443794255348548772e-03
4.558780587630373304e+00 -8.842948385856003179e-03 -1.371542312667789476e-02 4.872474740818602545e-03
4.559891945709946270e+00 -8.134325915541418262e-03 -1.255037817540802236e-02 4.416052259868810670e-03
4.561003303789519236e+00 -6.108345820024008166e-03 -9.274382856689855625e-03 3.166037036664681725e-03
4.562114661869092203e+00 -3.126458729543257764e-03 -4.467879675530750383e-03 1.341420945987936708e-03
4.563226019948665169e+00 2.912502246218973134e-04 1.038885401649314311e-03 -7.476351770255434959e-04
4.564337378028239023e+00 3.554194108625702286e-03 6.304741612182140909e-03 -2.750547503555356155e-03
4.565448736107811989e+00 6.100517307793373867e-03 1.043368783130171895e-02 -4.333170523507290373e-03
4.566560094187385843e+00 7.490919280826985327e-03 1.272244807835257174e-02 -5.231528797529000352e-03
4.567671452266958809e+00 7.481580255892295028e-03 1.277533549719742090e-02 -5.293755241310801885e-03
4.568782810346531775e+00 6.064264172330913194e-03 1.056781895087632872e-02 -4.503554778545137971e-03
4.569894168426104741e+00 3.467173582487770300e-03 6.448736741167082620e-03 -2.981563158678326997e-03
4.571005526505677707e+00 1.166459301463369791e-04 1.081231140032251625e-03 -9.645852098864784313e-04
4.572116884585251562e+00 -3.433768427863956307e-03 -4.667485925383477174e-03 1.233717497519801892e-03
4.573228242664825416e+00 -6.594978451648636497e-03 -9.869123803557436347e-03 3.274145351910395796e-03
4.574339600744398382e+00 -8.839568965856553495e-03 -1.368642593984609190e-02 4.846856973984792205e-03
4.575450958823971348e+00 -9.788540177088578265e-03 -1.550945632308686761e-02 5.720916145996492175e-03
4.576562316903544314e+00 -9.273370504723377206e-03 -1.505388975177679445e-02 5.780519247052015586e-03
4.577673674983117280e+00 -7.363342966469260675e-03 -1.240551864451316932e-02 5.042175678039440001e-03
4.578785033062691134e+00 -4.353836900253982289e-03 -8.004102241391808370e-03 3.650265341139768971e-03
4.579896391142264100e+00 -7.177130436596401708e-04 -2.569649276703722673e-03 1.851936233040099578e-03
4.581007749221837955e+00 2.972047470412547687e-03 3.016395711508357280e-03 -4.434824109696144934e-05
4.582119107301410921e+00 6.135636409991596096e-03 7.855328032964653540e-03 -1.719691622976693424e-03
4.583230465380983887e+00 8.280308268766412017e-03 1.117700673518798316e-02 -2.896698466422611973e-03
4.584341823460556853e+00 9.079537153655850568e-03 1.246354163269450255e-02 -3.384004479043953295e-03
4.585453181540129819e+00 8.424625746027356032e-03 1.153087368568977977e-02 -3.106247939665233992e-03
4.586564539619703673e+00 6.440543444930696415e-03 8.555324277441600511e-03 -2.114780832513422915e-03
4.587675897699277527e+00 3.463673254295749834e-03 4.041285017699375315e-03 -5.776117634073082985e-04
4.588787255778850493e+00 -1.461588633355076494e-05 -1.264138089517391483e-03 1.249522203183570969e-03
4.589898613858423460e+00 -3.429105546893795875e-03 -6.495105007363652372e-03 3.065999460469332610e-03
4.591009971937996426e+00 -6.233148302048116540e-03 -1.080905141070614972e-02 4.575903108657033980e-03
4.592121330017569392e+00 -7.987213516276597813e-03 -1.352338014656470633e-02 5.536166630286928902e-03
4.593232688097143246e+00 -8.429156321361652715e-03 -1.422457585711137118e-02 5.795419535751175633e-03
4.594344046176716212e+00 -7.514911338241864192e-03 -1.283220298636861267e-02 5.317291648129607307e-03
4.595455404256290066e+00 -5.423236940222952995e-03 -9.607791802650450519e-03 4.184554862425027277e-03
4.596566762335863032e+00 -2.524060837399172419e-03 -5.107727656144256390e-03 2.583666818740532056e-03
4.597678120415435998e+00 6.840733796343589912e-04 -8.843050987394907025e-05 7.725038895060737376e-04
4.598789478495008964e+00 3.656959135876880485e-03 4.620157132786378851e-03 -9.631979969107751227e-04
4.599900836574581930e+00 5.894338222145495410e-03 8.251718671309499209e-03 -2.357380449165724645e-03
4.601012194654155785e+00 7.021462185422988611e-03 1.022875111653417934e-02 -3.207288931113952413e-03
4.602123552733729639e+00 6.849341177329465458e-03 1.025537037529083984e-02 -3.406029197962838484e-03
4.603234910813302605e+00 5.404020170702628079e-03 8.362816266928821407e-03 -2.958796096226824768e-03
4.604346268892875571e+00 2.920374385488422320e-03 4.900640824662870487e-03 -1.980266439174611232e-03
4.605457626972448537e+00 -1.982385977807102351e-04 4.755463472157564486e-04 -6.737849450001304197e-04
4.606568985052021503e+00 -3.447555369799723546e-03 -4.151578192652723154e-03 7.040228228495180179e-04
4.607680343131595357e+00 -6.305898879353510900e-03 -8.193096842836214422e-03 1.887197963482512703e-03
4.608791701211168323e+00 -8.319763887442682693e-03 -1.096534210650418339e-02 2.645578219061563152e-03
4.609903059290742178e+00 -9.177448065469967498e-03 -1.200104519965505823e-02 2.823597134182558033e-03
4.611014417370315144e+00 -8.758758266799143710e-03 -1.112510475942699029e-02 2.366346492624321618e-03
4.612125775449888110e+00 -7.152842347254190214e-03 -8.481496362041596182e-03 1.328654014787822302e-03
4.613237133529461076e+00 -4.641487505304797700e-03 -4.507260282368502624e-03 -1.342272229368640657e-04
4.614348491609034042e+00 -1.650910063898919367e-03 1.417544718503860324e-04 -1.792664535747071075e-03
4.615459849688607896e+00 1.319794919572153669e-03 4.700805578743139090e-03 -3.381010659172623001e-03
4.616571207768180862e+00 3.781610893477588276e-03 8.423468289808222487e-03 -4.641857396332979557e-03
4.617682565847754717e+00 5.336250039128520584e-03 1.070505824288603414e-02 -5.368808203758707043e-03
4.618793923927327683e+00 5.741262844908195939e-03 1.118194786688841980e-02 -5.440685021982458180e-03
4.619905282006900649e+00 4.949018598558424520e-03 9.790557714919448373e-03 -4.841539116361481820e-03
4.621016640086473615e+00 3.113329189357791349e-03 6.776541770476152138e-03 -3.663212581119072025e-03
4.622127998166047469e+00 5.628383132139057332e-04 2.652937104027152521e-03 -2.090098790810637763e-03
4.623239356245620435e+00 -2.254246312010925457e-03 -1.885551750503821483e-03 -3.686945615073780602e-04
4.624350714325194289e+00 -4.844832538607062034e-03 -6.077794661907401363e-03 1.232962123296410181e-03
4.625462072404767255e+00 -6.752668543472145624e-03 -9.221896232978199492e-03 2.469227689503881995e-03
4.626573430484340221e+00 -7.633670367281839009e-03 -1.079056506202552557e-02 3.156894694740210172e-03
4.627684788563913187e+00 -7.312541188001786541e-03 -1.051729011421026483e-02 3.204748926206937854e-03
4.628796146643486153e+00 -5.811508880063681604e-03 -8.439321281528383567e-03 2.627812401462946423e-03
4.629907504723060008e+00 -3.346624968052713811e-03 -4.890618196371154802e-03 1.543993228315623800e-03
4.631018862802632974e+00 -2.923984196288864634e-04 -4.461768246085129341e-04 1.537784049795570818e-04
4.632130220882206828e+00 2.879294338522381258e-03 4.172891424172903152e-03 -1.293597085652326006e-03
4.633241578961779794e+00 5.675919362962245085e-03 8.217772373608212000e-03 -2.541853010646952238e-03
4.634352937041352760e+00 7.664026912696325633e-03 1.103433716093252248e-02 -3.370310248238125861e-03
4.635464295120925726e+00 8.539023879747670298e-03 1.216944889761106818e-02 -3.630425017866659165e-03
4.636575653200499580e+00 8.173686630420881616e-03 1.144387945451361133e-02 -3.270192824092327255e-03
4.637687011280072547e+00 6.637663402320276296e-03 8.980094435444244128e-03 -2.342431033126805839e-03
4.638798369359646401e+00 4.184992316150201730e-03 5.180619832024932481e-03 -9.956275158777526391e-04
4.639909727439219367e+00 1.211886867401743006e-03 6.608155596314266300e-04 5.510713077702955598e-04
4.641021085518792333e+00 -1.808140175752190326e-03 -3.852683160959879949e-03 2.044542985206577665e-03
4.642132443598365299e+00 -4.401113669385683935e-03 -7.641048755381268931e-03 3.239935085997180941e-03
4.643243801677938265e+00 -6.168834432821068692e-03 -1.011029875050312166e-02 3.941464317679679863e-03
4.644355159757512119e+00 -6.852160858050293513e-03 -1.088717500690322693e-02 4.035014148852086868e-03
4.645466517837085085e+00 -6.371186588638166892e-03 -9.878332783509580217e-03 3.507146194868686340e-03
4.646577875916658940e+00 -4.836010497625636839e-03 -7.283406084222926458e-03 2.447395586595485506e-03
4.647689233996231906e+00 -2.526630715751848610e-03 -3.560117634123061148e-03 1.033486918366924301e-03
4.648800592075804872e+00 1.544745542881031941e-04 6.525462527307845928e-04 -4.980716984434030437e-04
4.649911950155377838e+00 2.749111782131913317e-03 4.640259861770745786e-03 -1.891148079638180213e-03
4.651023308234950804e+00 4.818447980723894464e-03 7.730873677004729272e-03 -2.912425696283547916e-03
4.652134666314524658e+00 6.014122034781160808e-03 9.404236245429936636e-03 -3.390114210649372573e-03
4.653246024394098512e+00 6.133885200142435989e-03 9.376425095116755482e-03 -3.242539894977886084e-03
4.654357382473671478e+00 5.152899845902149389e-03 7.644794540027921581e-03 -2.491894694127000376e-03
4.655468740553244444e+00 3.225879004269793793e-03 4.486746401638028181e-03 -1.260867397369601350e-03
4.656580098632817410e+00 6.600459170885714794e-04 4.127432210982162619e-04 2.473026959895398974e-04
4.657691456712390377e+00 -2.136357347925613853e-03 -3.918440557183308637e-03 1.782083209257116253e-03
4.658802814791964231e+00 -4.721354531818079681e-03 -7.808117542826481516e-03 3.086763011006944668e-03
4.659914172871537197e+00 -6.691180856824283096e-03 -1.063185875346064901e-02 3.940677896632893001e-03
4.661025530951111051e+00 -7.745126005986979756e-03 -1.194074392943417218e-02 4.195617923446762210e-03
4.662136889030684017e+00 -7.732806000072880992e-03 -1.153324458487992032e-02 3.800438584804888276e-03
4.663248247110256983e+00 -6.676385664094175443e-03 -9.486214449924285086e-03 2.809828785829068809e-03
4.664359605189829949e+00 -4.764451342036429837e-03 -6.140232443766741044e-03 1.375781101726571143e-03
4.665470963269402915e+00 -2.318903248362785829e-03 -2.042042432277374475e-03 -2.768608160900465354e-04
4.666582321348976770e+00 2.593711592016323397e-04 2.146170640062394774e-03 -1.886799480862400014e-03
4.667693679428550624e+00 2.556883182217611905e-03 5.755578318913545655e-03 -3.198695136696960706e-03
4.668805037508123590e+00 4.214970099685341753e-03 8.219648629266551598e-03 -4.004678529583069468e-03
4.669916395587696556e+00 4.987214317817734166e-03 9.165411875105528017e-03 -4.178197557289618780e-03
4.671027753667269522e+00 4.777586578796622074e-03 8.472266273804263115e-03 -3.694679695007391240e-03
4.672139111746842488e+00 3.653327063259437235e-03 6.288966723157471406e-03 -2.635639659897145992e-03
4.673250469826416342e+00 1.830804850731289346e-03 3.006361405623297900e-03 -1.175556554896145869e-03
4.674361827905989308e+00 -3.629372002687120125e-04 -8.092900817816550685e-04 4.463528815083477735e-04
4.675473185985563163e+00 -2.546275759504459946e-03 -4.511160273817121924e-03 1.964884514312153704e-03
4.676584544065136129e+00 -4.347238073327708285e-03 -7.479071546287269223e-03 3.131833472956892933e-03
4.677695902144709095e+00 -5.465144559017004466e-03 -9.221391261331035594e-03 3.756246702313781327e-03
4.678807260224282061e+00 -5.719494665276159129e-03 -9.454914349771637028e-03 3.735419684495214221e-03
4.679918618303855027e+00 -5.078158904624957559e-03 -8.149780424263702860e-03 3.071621519635928110e-03
4.681029976383428881e+00 -3.660459213271599621e-03 -5.532308105416494648e-03 1.871848892142549681e-03
4.682141334463002735e+00 -1.714933028773818480e-03 -2.045591717391825881e-03 3.306586886140105985e-04
4.683252692542575701e+00 4.242194587016356877e-04 1.725354937331169403e-03 -1.301135478633093367e-03
4.684364050622148667e+00 2.394505816364217443e-03 5.151344695058290846e-03 -2.756838878695641593e-03
4.685475408701721634e+00 3.866608165947083009e-03 7.663413186503931218e-03 -3.796805020560053978e-03
4.686586766781294600e+00 4.599636296499579058e-03 8.846639244755871712e-03 -4.247002948255598764e-03
4.687698124860868454e+00 4.480986007741105670e-03 8.508012853606056192e-03 -4.027026845864319082e-03
4.688809482940441420e+00 3.544266559788775139e-03 6.707336198373908820e-03 -3.163069638584720816e-03
4.689920841020015274e+00 1.962471441579512893e-03 3.746286809636192872e-03 -1.783815368056194256e-03
4.691032199099588240e+00 1.771874612547207073e-05 1.176768689180734961e-04 -9.995812279381052767e-05
4.692143557179161206e+00 -1.947211003628671055e-03 -3.576528537768360050e-03 1.629317534140565030e-03
4.693254915258734172e+00 -3.587306567377226973e-03 -6.724788152212057835e-03 3.137481584832763071e-03
4.694366273338307138e+00 -4.613878471013591054e-03 -8.806697668966412262e-03 4.192819197950482801e-03
4.695477631417880993e+00 -4.843416679895656829e-03 -9.478286486568177072e-03 4.634869806672881065e-03
4.696588989497454847e+00 -4.228604767525248609e-03 -8.627968545230291220e-03 4.399363777703613199e-03
4.697700347577027813e+00 -2.866356491462385137e-03 -6.394111516193179412e-03 3.527755024729226085e-03
4.698811705656600779e+00 -9.815953787852271795e-04 -3.141536545210210640e-03 2.159941166424227121e-03
4.699923063736173745e+00 1.110451409480794904e-03 5.989871899920451437e-04 5.114642194869872815e-04
4.701034421815746711e+00 3.057100272114865458e-03 4.218142618736181459e-03 -1.161042346623307464e-03
4.702145779895320565e+00 4.527349467841348951e-03 7.127896152650942119e-03 -2.600546684812750364e-03
4.703257137974893531e+00 5.267432535256674764e-03 8.857340945250202768e-03 -3.589908409993458616e-03
4.704368496054467386e+00 5.143528394423654837e-03 9.128880315960485881e-03 -3.985351921535353059e-03
4.705479854134040352e+00 4.164522377228252470e-03 7.902392066141031290e-03 -3.737869688914992328e-03
4.706591212213613318e+00 2.481038159770562745e-03 5.380333166719784843e-03 -2.899295006951255194e-03
4.707702570293186284e+00 3.609046900598100738e-04 1.973185316896740316e-03 -1.612280626837190450e-03
4.708813928372759250e+00 -1.854870156133014286e-03 -1.768857675152085696e-03 -8.601248098283331700e-05
4.709925286452333104e+00 -3.808322649847865893e-03 -5.246565931880539657e-03 1.438243282030966796e-03
4.711036644531906958e+00 -5.183645738914444134e-03 -7.909725679595497327e-03 2.726079940678534375e-03
4.712148002611479924e+00 -5.759415931303496494e-03 -9.346466452421320348e-03 3.587050521114194812e-03
4.713259360691052891e+00 -5.445307497211532288e-03 -9.349294626702558952e-03 3.903987129487175578e-03
4.714370718770625857e+00 -4.297236982625601831e-03 -7.947175763778790980e-03 3.649938781148304168e-03
4.715482076850198823e+00 -2.508445164972283870e-03 -5.398642280667276250e-03 2.890197115691488239e-03
4.716593434929772677e+00 -3.779914781772975019e-04 -2.147325411699263498e-03 1.769333933522784785e-03
4.717704793009345643e+00 1.738147405131534873e-03 1.252536867058035019e-03 4.856105380750125322e-04
4.718816151088919497e+00 3.485329155813815527e-03 4.228188743051586318e-03 -7.428595872388324417e-04
4.719927509168492463e+00 4.568277973982168283e-03 6.282808669003520086e-03 -1.714530695024960028e-03
4.721038867248065429e+00 4.799380953844786801e-03 7.076801398072582461e-03 -2.277420444224721729e-03
4.722150225327638395e+00 4.129349033143742131e-03 6.482666053468200129e-03 -2.353317020324298403e-03
4.723261583407211361e+00 2.655252956806290754e-03 4.604598464681364245e-03 -1.949345507875854117e-03
4.724372941486785216e+00 6.046657516103944724e-04 1.759832197105452856e-03 -1.155166445496043706e-03
4.725484299566359070e+00 -1.701438464345821772e-03 -1.574975032136147202e-03 -1.264634322106546888e-04
4.726595657645932036e+00 -3.900907919754212361e-03 -4.843281579200262033e-03 9.423736594479040912e-04
4.727707015725505002e+00 -5.649180876946865992e-03 -7.500896078444646564e-03 1.851715201495497676e-03
4.728818373805077968e+00 -6.674977495170514308e-03 -9.105666088505909306e-03 2.430688593332529235e-03
4.729929731884650934e+00 -6.823833991852767955e-03 -9.389889109489568675e-03 2.566055117635024363e-03
4.731041089964224788e+00 -6.082421432727247446e-03 -8.303637750147196961e-03 2.221216317419165420e-03
4.732152448043797754e+00 -4.579763969320804762e-03 -6.022037043953348823e-03 1.442273074629019103e-03
4.733263806123371609e+00 -2.565267350117028666e-03 -2.915493819579895174e-03 3.502264694613815843e-04
4.734375164202944575e+00 -3.672631577905094424e-04 5.120296070068863781e-04 -8.792927648002407670e-04
4.735486522282517541e+00 1.661054544428483548e-03 3.706383334408480668e-03 -2.045328789981232243e-03
4.736597880362090507e+00 3.199392781719351264e-03 6.154426496406018021e-03 -2.955033714689088431e-03
4.737709238441663473e+00 4.012353731272941260e-03 7.468028755359013005e-03 -3.455675024085391733e-03
4.738820596521237327e+00 3.987181170168274669e-03 7.447115791688135866e-03 -3.459934621520527331e-03
4.739931954600811181e+00 3.151157148369672367e-03 6.111513747481159275e-03 -2.960356599114533083e-03
4.741043312680384147e+00 1.665911204917470967e-03 3.696526625018320411e-03 -2.030615420103833169e-03
4.742154670759957114e+00 -2.002986233533930044e-04 6.131634581648878757e-04 -8.134620815198195798e-04
4.743266028839530080e+00 -2.117668760583016341e-03 -2.620268013244983485e-03 5.025992526608534516e-04
4.744377386919103046e+00 -3.749809699537406948e-03 -5.463818660402589011e-03 1.714008960863003250e-03
4.745488744998676900e+00 -4.809512754866476780e-03 -7.444652017765465701e-03 2.635139262896431939e-03
4.746600103078249866e+00 -5.106166489937002950e-03 -8.234307903674187301e-03 3.128141413735144316e-03
4.747711461157823720e+00 -4.577078730226294412e-03 -7.701852858292307369e-03 3.124774128065194168e-03
4.748822819237396686e+00 -3.297635763384751395e-03 -5.934320982230456565e-03 2.636685218841985923e-03
4.749934177316969652e+00 -1.468723513455644225e-03 -3.221264951214275474e-03 1.752541437756403864e-03
4.751045535396542618e+00 6.164304588630598047e-04 -6.146379981974980922e-06 6.225768388424673949e-04
4.752156893476115584e+00 2.620473548721580226e-03 3.187275496827873811e-03 -5.668019481054539788e-04
4.753268251555689439e+00 4.217242377010446686e-03 5.841336566290850074e-03 -1.624094189281062584e-03
4.754379609635263293e+00 5.145090088518405880e-03 7.529388471030545871e-03 -2.384298382514526971e-03
4.755490967714836259e+00 5.249512201785266896e-03 7.985311441828291112e-03 -2.735799240046042635e-03
4.756602325794409225e+00 4.508152085360671302e-03 7.146287989194560764e-03 -2.638135903837039720e-03
4.757713683873982191e+00 3.034186187038039051e-03 5.161957335352546083e-03 -2.127771148314111516e-03
4.758825041953555157e+00 1.057647237382853059e-03 2.368628018968289839e-03 -1.310980781586493227e-03
4.759936400033129011e+00 -1.112145866541524447e-03 -7.670283256663093518e-04 -3.451175408794382796e-04
4.761047758112701977e+00 -3.136811959131187433e-03 -3.725389825094696516e-03 5.885778659609399582e-04
4.762159116192275832e+00 -4.703514865288055402e-03 -6.019574181595724327e-03 1.316059316304366011e-03
4.763270474271848798e+00 -5.575019602334405078e-03 -7.275283027782825096e-03 1.700263425449655141e-03
4.764381832351421764e+00 -5.627066891189996811e-03 -7.291711780096521434e-03 1.664644888905372766e-03
4.765493190430994730e+00 -4.867066387452628762e-03 -6.073613833112473381e-03 1.206547445656472317e-03
4.766604548510567696e+00 -3.431209820680458655e-03 -3.829397550484281432e-03 3.981877298037950208e-04
4.767715906590141550e+00 -1.560661070606830791e-03 -9.357411501109968999e-04 -6.249199204966526811e-04
4.768827264669714516e+00 4.390953529017360690e-04 2.125290605882373951e-03 -1.686195252983413440e-03
4.769938622749288371e+00 2.248934444114128461e-03 4.846155492163106704e-03 -2.597221048046848002e-03
4.771049980828861337e+00 3.588392379441876501e-03 6.777550120394160160e-03 -3.189157740958785403e-03
4.772161338908434303e+00 4.260981081465373133e-03 7.602153511179723933e-03 -3.341172429716501857e-03
4.773272696988007269e+00 4.185122661048409909e-03 7.186322753777396599e-03 -3.001200092729354452e-03
4.774384055067581123e+00 3.405735188082528730e-03 5.601345449062544724e-03 -2.195610260982892165e-03
4.775495413147154089e+00 2.084728400139710530e-03 3.110894720246712430e-03 -1.026166320106464136e-03
4.776606771226727943e+00 4.721618376501736380e-04 1.269004856883394761e-04 3.452613519647007925e-04
4.777718129306300909e+00 -1.136998519766653504e-03 -2.858771374239538199e-03 1.721772854470083117e-03
4.778829487385873875e+00 -2.453238694189271984e-03 -5.355500690598438696e-03 2.902261996406009514e-03
4.779940845465446841e+00 -3.241549756537995264e-03 -6.954563814201217276e-03 3.713014057660692785e-03
4.781052203545019808e+00 -3.361018114052316541e-03 -7.396009922231772116e-03 4.034991808179899664e-03
4.782163561624593662e+00 -2.788405737073396118e-03 -6.610840919031912843e-03 3.822435181956004846e-03
4.783274919704166628e+00 -1.621858157855649019e-03 -4.731676929859124359e-03 3.109818772000838560e-03
4.784386277783740482e+00 -6.419045205008355737e-05 -2.070293322827793103e-03 2.006102870775614000e-03
4.785497635863313448e+00 1.611408258406721306e-03 9.341402913340124403e-04 6.772679670721398759e-04
4.786608993942886414e+00 3.107502797716391041e-03 3.787498302467828815e-03 -6.799955047509104178e-04
4.787720352022459380e+00 4.152675104202793732e-03 6.021840791466365195e-03 -1.869165687261677145e-03
4.788831710102033234e+00 4.547555200316605317e-03 7.271912609979058750e-03 -2.724357409661593010e-03
4.789943068181606201e+00 4.198967175733328561e-03 7.334477983418019598e-03 -3.135510807684500217e-03
4.791054426261180055e+00 3.136514544716764719e-03 6.200843672384631633e-03 -3.064329127667478336e-03
4.792165784340753021e+00 1.508839344572993069e-03 4.057367620643459460e-03 -2.548528276070013629e-03
4.793277142420325987e+00 -4.398499687854225126e-04 1.254026120373102210e-03 -1.693876089158309617e-03
4.794388500499898953e+00 -2.409130293976470549e-03 -1.753649031028418903e-03 -6.554812629489615086e-04
4.795499858579471919e+00 -4.091127536109080698e-03 -4.479610562646930971e-03 3.884830265363185126e-04
4.796611216659045773e+00 -5.220677388546146602e-03 -6.486923936543556590e-03 1.266246547997101207e-03
4.797722574738618739e+00 -5.618642759473685411e-03 -7.458904827827017581e-03 1.840262068348814950e-03
4.798833932818192594e+00 -5.221276835044433295e-03 -7.250146589618602921e-03 2.028869754572268369e-03
4.799945290897765560e+00 -4.090816603227881432e-03 -5.909177388333353154e-03 1.818360785103223520e-03
4.801056648977338526e+00 -2.405573956043710604e-03 -3.669184405411474170e-03 1.263610449367409683e-03
4.802168007056911492e+00 -4.311522901335185232e-04 -9.085012908162659606e-04 4.773490006817759923e-04
4.803279365136485346e+00 1.522496311221921417e-03 1.912491014480766083e-03 -3.899947032596703944e-04
4.804390723216058312e+00 3.151150297686630686e-03 4.327562586010108570e-03 -1.176412288325705269e-03
4.805502081295632166e+00 4.205358744865661524e-03 5.941348044105482229e-03 -1.735989299237829242e-03
4.806613439375205132e+00 4.530455256082033255e-03 6.493971567221923369e-03 -1.963516311141437487e-03
4.807724797454778098e+00 4.091053138956489421e-03 5.903029434157658351e-03 -1.811976295199517473e-03
4.808836155534351064e+00 2.976081123419072050e-03 4.276148847694283273e-03 -1.300067724277077785e-03
4.809947513613924031e+00 1.383606754954681134e-03 1.892209494036432155e-03 -5.086027390818967375e-04
4.811058871693497885e+00 -4.120053255648147006e-04 -8.455276566647004777e-04 4.335223310992768891e-04
4.812170229773070851e+00 -2.105181047560585050e-03 -3.476539887929543104e-03 1.371358840369332754e-03
4.813281587852644705e+00 -3.409075663311451898e-03 -5.559277124682709958e-03 2.150201461368746181e-03
4.814392945932217671e+00 -4.102208929185918729e-03 -6.743933389485382013e-03 2.641724460299820637e-03
4.815504304011790637e+00 -4.064217371265443912e-03 -6.829806350361899980e-03 2.765588979096081368e-03
4.816615662091363603e+00 -3.294954981733488886e-03 -5.797884777455769578e-03 2.502929795720774953e-03
4.817727020170936569e+00 -1.913918198677255766e-03 -3.813417967742233072e-03 1.899499769064089127e-03
4.818838378250510424e+00 -1.401963010061874071e-04 -1.198177898033087052e-03 1.057981597025123288e-03
4.819949736330084278e+00 1.743675274094969030e-03 1.622894106552169591e-03 1.207811675404263374e-04
4.821061094409657244e+00 3.437972933777844187e-03 4.191777363168225357e-03 -7.538044293906587257e-04
4.822172452489230210e+00 4.674552117683195007e-03 6.092610655866706471e-03 -1.418058538183164519e-03
4.823283810568803176e+00 5.260156348115246905e-03 7.019699205387600061e-03 -1.759542857273962979e-03
4.824395168648376142e+00 5.107240024321182958e-03 6.827153706809682698e-03 -1.719913682486019085e-03
4.825506526727949996e+00 4.247359756576751799e-03 5.552093503698465882e-03 -1.304733747118775461e-03
4.826617884807522962e+00 2.825068545818270813e-03 3.407725221582558195e-03 -5.826566757657757750e-04
4.827729242887096817e+00 1.073447384438562524e-03 7.475730469645638226e-04 3.258743374723125502e-04
4.828840600966669783e+00 -7.245959506236437919e-04 -1.993130984717723236e-03 1.268535034093174786e-03
4.829951959046242749e+00 -2.282830476311559220e-03 -4.369165194048625633e-03 2.086334717738190514e-03
4.831063317125815715e+00 -3.358344326461294715e-03 -5.998306340414066851e-03 2.639962013952258657e-03
4.832174675205388681e+00 -3.790692422593874844e-03 -6.623596625790886816e-03 2.832904203197181975e-03
4.833286033284962535e+00 -3.527197387813069129e-03 -6.154717095856687692e-03 2.627519708041078927e-03
4.834397391364536389e+00 -2.630366455874486031e-03 -4.681776279207239266e-03 2.051409823331323823e-03
4.835508749444109355e+00 -1.266349631077953730e-03 -2.459387505001964236e-03 1.193037873922039860e-03
4.836620107523682321e+00 3.235156070573036446e-04 1.361988888800291786e-04 1.873167181772675272e-04
4.837731465603255288e+00 1.863263492286520995e-03 2.669726892916168826e-03 -8.064634006282184187e-04
4.838842823682828254e+00 3.088197065677533715e-03 4.718933708665051796e-03 -1.630736642989939755e-03
4.839954181762402108e+00 3.788525517852719959e-03 5.944029576779252810e-03 -2.155504058926796529e-03
4.841065539841975074e+00 3.843567552218693506e-03 6.143242428652814779e-03 -2.299674876434773529e-03
4.842176897921548928e+00 3.240948376367319694e-03 5.285356668664364932e-03 -2.044408292297773821e-03
4.843288256001121894e+00 2.077728066159623826e-03 3.514001821116677360e-03 -1.436273754961248095e-03
4.844399614080694860e+00 5.433993254902041992e-04 1.123118510814598292e-03 -5.797191853239257175e-04
4.845510972160267826e+00 -1.112313632061576879e-03 -1.492225601222404996e-03 3.799119691613398603e-04
4.846622330239840792e+00 -2.621429439577493969e-03 -3.901459392521441916e-03 1.280029952944142235e-03
4.847733688319414647e+00 -3.742445945485783909e-03 -5.709691165400654356e-03 1.967245219916851501e-03
4.848845046398988501e+00 -4.300407176884291083e-03 -6.622702515465817008e-03 2.322295338578670570e-03
4.849956404478561467e+00 -4.215678582122600604e-03 -6.495073454946195812e-03 2.279394872821804974e-03
4.851067762558134433e+00 -3.516707724018630632e-03 -5.353580589300133141e-03 1.836872865281516387e-03
4.852179120637707399e+00 -2.334719452306732723e-03 -3.392113268145147131e-03 1.057393815834757611e-03
4.853290478717280365e+00 -8.812948006074461382e-04 -9.390571925641244544e-04 5.776239195925264580e-05
4.854401836796854219e+00 5.873849655796542502e-04 1.597375382282106848e-03 -1.009990416702841176e-03
4.855513194876427185e+00 1.813650399728222729e-03 3.796779442600900500e-03 -1.983129042871643877e-03
4.856624552956001040e+00 2.581631289258840001e-03 5.295965080454614893e-03 -2.714333791197391654e-03
4.857735911035574006e+00 2.753527209258546660e-03 5.848698491872264538e-03 -3.095171282613506242e-03
4.858847269115146972e+00 2.292846267165540852e-03 5.365967978008368000e-03 -3.073121710842053461e-03
4.859958627194719938e+00 1.270765472769021937e-03 3.930207788115508416e-03 -2.659442315341868646e-03
4.861069985274292904e+00 -1.454347440289979754e-04 1.781222700355879901e-03 -1.926657444384763385e-03
4.862181343353866758e+00 -1.719942832465501392e-03 -7.237775084587630414e-04 -9.961653240086179237e-04
4.863292701433440612e+00 -3.187431837977438426e-03 -3.169370945643221193e-03 -1.806089233527281152e-05
4.864404059513013578e+00 -4.297068113851859605e-03 -5.150538303985284505e-03 8.534701901326997853e-04
4.865515417592586545e+00 -4.854242278167060498e-03 -6.339374930569685596e-03 1.485132652404450027e-03
4.866626775672159511e+00 -4.753130989457565736e-03 -6.538924922944500118e-03 1.785793933483742491e-03
4.867738133751732477e+00 -3.994712275106171440e-03 -5.715315240431673161e-03 1.720602965328971168e-03
4.868849491831306331e+00 -2.687254751619766457e-03 -4.002965139072445222e-03 1.315710387452817542e-03
4.869960849910879297e+00 -1.029185985669256453e-03 -1.682091174706440428e-03 6.529051890400081049e-04
4.871072207990453151e+00 7.228578804061303043e-04 8.677130536309807241e-04 -1.448551732241704082e-04
4.872183566070026117e+00 2.295566529483539231e-03 3.230120220600901648e-03 -9.345536911145799208e-04
4.873294924149599083e+00 3.443269738531262725e-03 5.020589105692696563e-03 -1.577319367166415964e-03
4.874406282229172049e+00 3.987777202618059125e-03 5.949479209172256478e-03 -1.961702006553871225e-03
4.875517640308745015e+00 3.847230464339296274e-03 5.869400515847375543e-03 -2.022170051508068861e-03
4.876628998388318870e+00 3.049261412386365666e-03 4.799060592344507603e-03 -1.749799179957552131e-03
4.877740356467892724e+00 1.726327933575314000e-03 2.919756406076404187e-03 -1.193428472501372947e-03
4.878851714547465690e+00 9.401746200379465512e-05 5.451643968387952233e-04 -4.511469348359338494e-04
4.879963072627038656e+00 -1.584106213024759346e-03 -1.930532921361256815e-03 3.464267083384256138e-04
4.881074430706611622e+00 -3.039344589322381940e-03 -4.097602112470649649e-03 1.058257523149126397e-03
4.882185788786184588e+00 -4.041382974546522955e-03 -5.598091216966957773e-03 1.556708242422787103e-03
4.883297146865758442e+00 -4.435382024884262919e-03 -6.184476806046501629e-03 1.749094781161763396e-03
4.884408504945331408e+00 -4.166609261989126511e-03 -5.760022818452475990e-03 1.593413556461587000e-03
4.885519863024905263e+00 -3.288632966476856545e-03 -4.394280218505131064e-03 1.105647252029821892e-03
4.886631221104478229e+00 -1.953801517412312450e-03 -2.311257623296564256e-03 3.574561058866179697e-04
4.887742579184051195e+00 -3.876330686358592237e-04 1.477134746523944830e-04 -5.353465432884341180e-04
4.888853937263624161e+00 1.148632372581157024e-03 2.580248464488926752e-03 -1.431616091911544486e-03
4.889965295343197127e+00 2.401143246887504912e-03 4.589023419704241213e-03 -2.187880172818811031e-03
4.891076653422770981e+00 3.165127563860850590e-03 5.846856623669044462e-03 -2.681729059809623283e-03
4.892188011502344835e+00 3.318339097192236908e-03 6.150086375620311685e-03 -2.831747278430628290e-03
4.893299369581917801e+00 2.840805430596282655e-03 5.451529106944255632e-03 -2.610723676346217437e-03
4.894410727661490768e+00 1.817685757928955148e-03 3.867681079454371451e-03 -2.049995321525600184e-03
4.895522085741063734e+00 4.248231747123014379e-04 1.659070487904173996e-03 -1.234247313190660854e-03
4.896633443820636700e+00 -1.100587374293259674e-03 -8.129247280253722174e-04 -2.876626462671462957e-04
4.897744801900210554e+00 -2.499362726761253373e-03 -3.145628705703479300e-03 6.462659789391693443e-04
4.898856159979783520e+00 -3.533243821465685552e-03 -4.961164007565833922e-03 1.427920186100772870e-03
4.899967518059357374e+00 -4.024309385482441326e-03 -5.968228337894815327e-03 1.943918952411728684e-03
4.901078876138930340e+00 -3.884433916354360083e-03 -6.009434673360153356e-03 2.125000757006979824e-03
4.902190234218503306e+00 -3.129977638498995796e-03 -5.086502489761834944e-03 1.956524851263595488e-03
4.903301592298076272e+00 -1.879323059335857860e-03 -3.359249410446060735e-03 1.479926351111202076e-03
4.904412950377649238e+00 -3.336826557159000561e-04 -1.118645989304001276e-03 7.849633335887534757e-04
4.905524308457223093e+00 1.255665359044547125e-03 1.261548652282368232e-03 -5.883293235753317418e-06
4.906635666536796947e+00 2.628347408696496412e-03 3.386554012496295618e-03 -7.582066037960522031e-04
4.907747024616369913e+00 3.557378958504331390e-03 4.905551145548886494e-03 -1.348172187046622894e-03
4.908858382695942879e+00 3.886240376217695025e-03 5.569202882449969527e-03 -1.682962506231719391e-03
4.909969740775515845e+00 3.554520639937774895e-03 5.270295543039774100e-03 -1.715774903101131843e-03
4.911081098855088811e+00 2.607982669111205687e-03 4.060889657089672422e-03 -1.452906987975677300e-03
4.912192456934662665e+00 1.191449782474660393e-03 2.143245717743488127e-03 -9.517959352684131347e-04
4.913303815014235632e+00 -4.742909950067875080e-04 -1.638955753966234163e-04 -3.103954196122665765e-04
4.914415173093809486e+00 -2.127783158534443664e-03 -2.478060066514242710e-03 3.502769079821721476e-04
4.915526531173382452e+00 -3.508644332364772855e-03 -4.416092478789296338e-03 9.074481464275176157e-04
4.916637889252955418e+00 -4.398992558158239252e-03 -5.657131982880592158e-03 1.258139424722255761e-03
4.917749247332528384e+00 -4.657875027983690575e-03 -5.995177047401850645e-03 1.337302019420016225e-03
4.918860605412101350e+00 -4.243190436102523000e-03 -5.372649300216178481e-03 1.129458864113752625e-03
4.919971963491675204e+00 -3.217655536686264695e-03 -3.889512945637718655e-03 6.718574089547291184e-04
4.921083321571249058e+00 -1.737973207885476490e-03 -1.786534893798347179e-03 4.856168591313436700e-05
4.922194679650822025e+00 -2.908535968584868847e-05 5.944829396647977049e-04 -6.235682993497720927e-04
4.923306037730394991e+00 1.652205474870147017e-03 2.866901138004127048e-03 -1.214695663134764125e-03
4.924417395809967957e+00 3.058275992724096559e-03 4.662601408215324983e-03 -1.604325415489077367e-03
4.925528753889540923e+00 3.989711736510699602e-03 5.692096976767382910e-03 -1.702385240255434307e-03
4.926640111969114777e+00 4.326044470229536976e-03 5.791556248650853167e-03 -1.465511778420549444e-03
4.927751470048687743e+00 4.043324645481891078e-03 4.949083555537352186e-03 -9.057589100544272132e-04
4.928862828128261597e+00 3.215847323942115296e-03 3.306030644072692481e-03 -9.018332012668967002e-05
4.929974186207834563e+00 2.001958546502320690e-03 1.133222530929149305e-03 8.687360155745556950e-04
4.931085544287407529e+00 6.164655602370790188e-04 -1.213905335197051905e-03 1.830370895439787857e-03
4.932196902366980495e+00 -7.056661348585277493e-04 -3.353819830502410837e-03 2.648153695647690806e-03
4.933308260446553462e+00 -1.748273230418026514e-03 -4.941405797407483202e-03 3.193132566989474036e-03
4.934419618526127316e+00 -2.349189362883565002e-03 -5.724220418293624046e-03 3.375031055414402792e-03
4.935530976605700282e+00 -2.425940622825736859e-03 -5.583291294841960517e-03 3.157350672021601301e-03
4.936642334685274136e+00 -1.987833044581152619e-03 -4.551836627148669878e-03 2.564003582569557294e-03
4.937753692764847102e+00 -1.132608544189048216e-03 -2.808935454386943253e-03 1.676326910199067710e-03
4.938865050844420068e+00 -2.841030371625308248e-05 -6.492985420652325201e-04 6.208882383493263823e-04
4.939976408923993034e+00 1.115781939622029206e-03 1.565792276152333518e-03 -4.500103365298671609e-04
4.941087767003566888e+00 2.086209271062428039e-03 3.468238803036982620e-03 -1.382029531973388847e-03
4.942199125083139855e+00 2.700817016545481453e-03 4.743716137943748690e-03 -2.042899121395290452e-03
4.943310483162713709e+00 2.840079620233575131e-03 5.183142072119770183e-03 -2.343062451881448849e-03
4.944421841242286675e+00 2.467071325042986818e-03 4.716609796981824365e-03 -2.249538471937248540e-03
4.945533199321859641e+00 1.633512360284163772e-03 3.424282247466492457e-03 -1.790769887180018033e-03
4.946644557401432607e+00 4.708747372654843721e-04 1.522553194646149299e-03 -1.051678457380338799e-03
4.947755915481005573e+00 -8.318776761227202748e-04 -6.721495081353952294e-04 -1.597281679888602757e-04
4.948867273560579427e+00 -2.060126364049008618e-03 -2.795878762857834099e-03 7.357523988114674646e-04
4.949978631640152393e+00 -3.009652097241785618e-03 -4.497303240211157627e-03 1.487651142969496909e-03
4.951089989719726248e+00 -3.520871269106523593e-03 -5.495545524490844103e-03 1.974674255388240984e-03
4.952201347799299214e+00 -3.505551641212065195e-03 -5.626221081486207365e-03 2.120669440274537687e-03
4.953312705878872180e+00 -2.961580869943039596e-03 -4.868150179023700286e-03 1.906569309078648411e-03
4.954424063958445146e+00 -1.973366427818049051e-03 -3.346418947453119741e-03 1.373052519637152358e-03
4.955535422038019000e+00 -6.978439134600195048e-04 -1.311368630118103784e-03 6.135247166620255710e-04
4.956646780117591966e+00 6.615370198551906444e-04 9.029499335026919260e-04 -2.414129136492984551e-04
4.957758138197165820e+00 1.888490315058180546e-03 2.933956833716583334e-03 -1.045466518657112154e-03
4.958869496276738786e+00 2.789617219809331639e-03 4.450241729625201148e-03 -1.660624509813884986e-03
4.959980854356311752e+00 3.226236531691815956e-03 5.205952319901174796e-03 -1.979715788206728999e-03
4.961092212435884719e+00 3.137046549772509740e-03 5.080950298931602438e-03 -1.943903749157586958e-03
4.962203570515457685e+00 2.547881685688604958e-03 4.100181228770302666e-03 -1.552299543083029976e-03
4.963314928595031539e+00 1.566979795559728800e-03 2.429142169930974260e-03 -8.621623743677413187e-04
4.964426286674604505e+00 3.665859093154640730e-04 3.462685804438720566e-04 2.031732887247802641e-05
4.965537644754178359e+00 -8.460159704459235819e-04 -1.803148625763348334e-03 9.571326553190840150e-04
4.966649002833751325e+00 -1.863204100537890762e-03 -3.663885839759961627e-03 1.800681739225490005e-03
4.967760360913324291e+00 -2.511674065378104170e-03 -4.929163729459035137e-03 2.417489664083279782e-03
4.968871718992897257e+00 -2.681288889586699864e-03 -5.390884831564024537e-03 2.709595941976505884e-03
4.969983077072471112e+00 -2.343340812794247885e-03 -4.973506686671957944e-03 2.630165873877196581e-03
4.971094435152044078e+00 -1.555208022449114380e-03 -3.746040359064672920e-03 2.190832336616814480e-03
4.972205793231617932e+00 -4.506531917904399442e-04 -1.910274991325844329e-03 1.459621799535959497e-03
4.973317151311190898e+00 7.826048098498600281e-04 2.327602799754580065e-04 5.498445298757065336e-04
4.974428509390763864e+00 1.934304375909828844e-03 2.332518494885943428e-03 -3.982141189720483920e-04
4.975539867470336830e+00 2.806811063727834843e-03 4.046623460489076618e-03 -1.239812396760575641e-03
4.976651225549909796e+00 3.248196620272564283e-03 5.097026379130342733e-03 -1.848829758858736017e-03
4.977762583629483650e+00 3.177730844529554066e-03 5.315415522987268493e-03 -2.137684678456226034e-03
4.978873941709056616e+00 2.599551259311036477e-03 4.670459624833242507e-03 -2.070908365520686412e-03
4.979985299788630471e+00 1.602237227774597206e-03 3.272473557397369281e-03 -1.670236329621063373e-03
4.981096657868203437e+00 3.443518902957291850e-04 1.354816951763388594e-03 -1.010465061466171884e-03
4.982208015947776403e+00 -9.716597733245985191e-04 -7.648410007352716977e-04 -2.068187725879988906e-04
4.983319374027349369e+00 -2.132899786385297758e-03 -2.736962279074016402e-03 6.040624926918307380e-04
4.984430732106922335e+00 -2.951242065796520764e-03 -4.237629799953721021e-03 1.286387734159823160e-03
4.985542090186496189e+00 -3.294523507628030479e-03 -5.021630609638422227e-03 1.727107102012553214e-03
4.986653448266070043e+00 -3.108536093434116632e-03 -4.962433151167525147e-03 1.853897057734286286e-03
4.987764806345643009e+00 -2.426172869995191217e-03 -4.072541386403408237e-03 1.646368516409556226e-03
4.988876164425215975e+00 -1.362200924702600124e-03 -2.500953255049204182e-03 1.138752330348796749e-03
4.989987522504788942e+00 -9.450676614025654843e-05 -5.082217311258852011e-04 4.137149649865237699e-04
4.991098880584361908e+00 1.165107688831421018e-03 1.576707493196383147e-03 -4.115998043628388281e-04
4.992210238663935762e+00 2.205775196003248451e-03 3.410730228400174480e-03 -1.204955032395579884e-03
4.993321596743508728e+00 2.852322723154665507e-03 4.692945892781796857e-03 -1.840623169623922112e-03
4.994432954823082582e+00 2.994215852068840555e-03 5.213886107047441265e-03 -2.219670254978104579e-03
4.995544312902655548e+00 2.603918315018841079e-03 4.889553143853177242e-03 -2.285634828831172027e-03
4.996655670982228514e+00 1.741636957612511388e-03 3.774735323336067538e-03 -2.033098365722504908e-03
4.997767029061801480e+00 5.456607120143536216e-04 2.053489973700035887e-03 -1.507829261686514932e-03
4.998878387141374446e+00 -7.901298885905783803e-04 8.442421482433154489e-06 -7.985723100700486271e-04
4.999989745220948301e+00 -2.047898177879370341e-03 -2.025976876429601281e-03 -2.192130144904221034e-05
5.001101103300522155e+00 -3.021445831971614204e-03 -3.718615123541130218e-03 6.971692915734694490e-04
5.002212461380095121e+00 -3.549931736787893810e-03 -4.795919456668240599e-03 1.245987719882803157e-03
5.003323819459668087e+00 -3.544190690786069853e-03 -5.086576514429980156e-03 1.542385823649360804e-03
5.004435177539241053e+00 -3.001344293501739813e-03 -4.549170972911464883e-03 1.547826679414988221e-03
5.005546535618814019e+00 -2.005319238900710177e-03 -3.278382272425869881e-03 1.273063033527529336e-03
5.006657893698387873e+00 -7.132004314908402254e-04 -1.488782896736554062e-03 7.755824652507931072e-04
5.007769251777960839e+00 6.703323354065732209e-04 5.210126730731262645e-04 1.493196623354592356e-04
5.008880609857534694e+00 1.926286124229820151e-03 2.417878108566057227e-03 -4.915919843364174868e-04
5.009991967937107660e+00 2.856899273103688519e-03 3.889185729392646840e-03 -1.032286456289263632e-03
5.011103326016680626e+00 3.317631971499687693e-03 4.694225666730417190e-03 -1.376593695230313164e-03
5.012214684096253592e+00 3.240380422517487313e-03 4.703583762932200818e-03 -1.463203340410588332e-03
5.013326042175826558e+00 2.644141550027886978e-03 3.920037615977110812e-03 -1.275896065949529146e-03
5.014437400255400412e+00 1.631420821685349715e-03 2.477592304875882168e-03 -8.461714831870768838e-04
5.015548758334974266e+00 3.710171850580586822e-04 6.188854330947818339e-04 -2.478682480324774159e-04
5.016660116414547232e+00 -9.299486035676228501e-04 -1.345249762535770388e-03 4.153011589703619125e-04
5.017771474494120199e+00 -2.060139176374556347e-03 -3.087349449525336742e-03 1.027210273152218481e-03
5.018882832573693165e+00 -2.838622437137200416e-03 -4.317486674190879059e-03 1.478864237053789665e-03
5.019994190653266131e+00 -3.144324255142896818e-03 -4.831111375320565338e-03 1.686787120180065908e-03
5.021105548732839985e+00 -2.935491273424351011e-03 -4.542698931214492197e-03 1.607207657790959976e-03
5.022216906812412951e+00 -2.255998487465937785e-03 -3.499699664254091180e-03 1.243701176788396257e-03
5.023328264891986805e+00 -1.227508224385776003e-03 -1.874537607244181059e-03 6.470293828622561416e-04
5.024439622971559771e+00 -2.881776965062143869e-05 6.397569324322061046e-05 -9.279346288862400094e-05
5.025550981051132737e+00 1.134161227399094196e-03 1.995063213122399981e-03 -8.609019857196836822e-04
5.026662339130705703e+00 2.062813075201855306e-03 3.598897532364975227e-03 -1.536084457164597905e-03
5.027773697210278669e+00 2.598926180525686080e-03 4.609286370616944017e-03 -2.010360190089401783e-03
5.028885055289852524e+00 2.651031591817010202e-03 4.857463601113859442e-03 -2.206432009294816143e-03
5.029996413369426378e+00 2.209628546988043341e-03 4.299802483343648229e-03 -2.090173936355178147e-03
5.031107771448999344e+00 1.348791048715387852e-03 3.024926410601418147e-03 -1.676135361886843880e-03
5.032219129528572310e+00 2.138972333927966277e-04 1.239087917464135741e-03 -1.025190684068966879e-03
5.033330487608145276e+00 -1.002488697236536899e-03 -7.677407549847147655e-04 -2.347479422499525355e-04
5.034441845687718242e+00 -2.092600139913580737e-03 -2.669459945840738091e-03 5.768598059271590889e-04
5.035553203767292096e+00 -2.868039860108376193e-03 -4.157278414789147836e-03 1.289238554681951254e-03
5.036664561846865062e+00 -3.191235463405994732e-03 -4.990212715167974267e-03 1.798977251761917084e-03
5.037775919926438917e+00 -2.998585365786690660e-03 -5.034373361372371236e-03 2.035787995585781190e-03
5.038887278006011883e+00 -2.311466672003437139e-03 -4.284621789021378357e-03 1.973155117019839005e-03
5.039998636085584849e+00 -1.233269720339935649e-03 -2.865091091190957728e-03 1.631821370851979647e-03
5.041109994165157815e+00 6.708146978091911183e-05 -1.008540259169687925e-03 1.075621728949691103e-03
5.042221352244730781e+00 1.382444636050889075e-03 9.820161758212764269e-04 4.004284602285579364e-04
5.043332710324304635e+00 2.501152754574798021e-03 2.783063575752101060e-03 -2.819108211765952721e-04
5.044444068403878489e+00 3.241578846753745413e-03 4.103539089999594380e-03 -8.619602432447213969e-04
5.045555426483451456e+00 3.481918592609170582e-03 4.732291330102458837e-03 -1.250372737491588226e-03
5.046666784563024422e+00 3.180315842120445824e-03 4.572286237870412662e-03 -1.391970395752027689e-03
5.047778142642597388e+00 2.382031901185504424e-03 3.655995437098845391e-03 -1.273963535912039924e-03
5.048889500722170354e+00 1.212473856610584919e-03 2.139507480089272717e-03 -9.270336234772150186e-04
5.050000858801744208e+00 -1.427961434023756332e-04 2.764005497841171000e-04 -4.191966931863261997e-04
5.051112216881317174e+00 -1.467827076696147370e-03 -1.624268005371548584e-03 1.564409286764611301e-04
5.052223574960891028e+00 -2.550986861966232644e-03 -3.248908324313411200e-03 6.979214623490312408e-04
5.053334933040463994e+00 -3.218977956784052630e-03 -4.330890625539110528e-03 1.111912668757479572e-03
5.054446291120036960e+00 -3.364646410174448876e-03 -4.694131935824519264e-03 1.329485525653355954e-03
5.055557649199609926e+00 -2.964087763783318508e-03 -4.281651063776717447e-03 1.317563299994474468e-03
5.056669007279182892e+00 -2.080301159480560380e-03 -3.164457307694740207e-03 1.084156148217736010e-03
5.057780365358756747e+00 -8.528343579755487402e-04 -1.529382539177157052e-03 6.765481812015874952e-04
5.058891723438330601e+00 5.248614270741414067e-04 3.520717756035629531e-04 1.727896514695376196e-04
5.060003081517903567e+00 1.836658312455871633e-03 2.168690454934382728e-03 -3.320321424741777550e-04
5.061114439597476533e+00 2.878472012789720647e-03 3.620871613980308767e-03 -7.423996011886938029e-04
5.062225797677049499e+00 3.490840890430946253e-03 4.469871087326396375e-03 -9.790301968964632007e-04
5.063337155756622465e+00 3.584101742827146275e-03 4.576880222730485281e-03 -9.927784799019685746e-04
5.064448513836196319e+00 3.152127950519147126e-03 3.925549211814011175e-03 -7.734212612903711148e-04
5.065559871915769286e+00 2.272474744369036917e-03 2.624308158689157844e-03 -3.518334143187244745e-04
5.066671229995343140e+00 1.092997715595664388e-03 8.881686277887237274e-04 2.048290878083284389e-04
5.067782588074916106e+00 -1.927895829228129521e-04 -9.969393633889305634e-04 8.041497804657862791e-04
5.068893946154489072e+00 -1.377533939396970164e-03 -2.721380084200301919e-03 1.343846144804076818e-03
5.070005304234062038e+00 -2.273808316374900662e-03 -4.002780408927597566e-03 1.728972092556162882e-03
5.071116662313635004e+00 -2.744312771949912466e-03 -4.632366430779730204e-03 1.888053658831292253e-03
5.072228020393208858e+00 -2.723615484746672033e-03 -4.509067667612901009e-03 1.785452182866478776e-03
5.073339378472782712e+00 -2.227952473736527494e-03 -3.655821016052537842e-03 1.427868542318737333e-03
5.074450736552355679e+00 -1.351579117212994841e-03 -2.215448027864067027e-03 8.638689106534244710e-04
5.075562094631928645e+00 -2.503761325953896000e-04 -4.268431214682899544e-04 1.764669888727685154e-04
5.076673452711501611e+00 8.845056075365564929e-04 1.414556909742292756e-03 -5.300513022023292664e-04
5.077784810791074577e+00 1.858563411124947162e-03 3.005480920177577842e-03 -1.146917509051586376e-03
5.078896168870648431e+00 2.506142672823723216e-03 4.084679286195436188e-03 -1.578536613369017211e-03
5.080007526950221397e+00 2.717624338829494057e-03 4.475733020471620027e-03 -1.758108681640738191e-03
5.081118885029795251e+00 2.457162236012375156e-03 4.115803332881327881e-03 -1.658641096865726139e-03
5.082230243109368217e+00 1.768112730887349410e-03 3.065639246025084197e-03 -1.297526515134003397e-03
5.083341601188941183e+00 7.653402055727252795e-04 1.499253647355956037e-03 -7.339134417797283511e-04
5.084452959268514149e+00 -3.842537586936679850e-04 -3.249770574811402385e-04 -5.927670121034806644e-05
5.085564317348087116e+00 -1.489697988918813054e-03 -2.106987919954641381e-03 6.172899310381814789e-04
5.086675675427660970e+00 -2.367754204618419123e-03 -3.554424488674039206e-03 1.186670284057386032e-03
5.087787033507234824e+00 -2.873284021527415522e-03 -4.430631441473778520e-03 1.557347419949391826e-03
5.088898391586807790e+00 -2.923172246663031937e-03 -4.593351944254642216e-03 1.670179697593483781e-03
5.090009749666380756e+00 -2.509884033690720773e-03 -4.017808087209612244e-03 1.507924053520341701e-03
5.091121107745953722e+00 -1.702460730381882836e-03 -2.800417242566091702e-03 1.097956512185180311e-03
5.092232465825526688e+00 -6.348410401285087268e-04 -1.142591376589105479e-03 5.077503364632057758e-04
5.093343823905100543e+00 5.165137801899366554e-04 6.826600127493448467e-04 -1.661462325598730971e-04
5.094455181984673509e+00 1.561954105803745052e-03 2.375785580289946353e-03 -8.138314744854935334e-04
5.095566540064247363e+00 2.330063654398056849e-03 3.659969674687721386e-03 -1.329906020285934881e-03
5.096677898143820329e+00 2.695968944807156098e-03 4.326523304680626736e-03 -1.630554359870924064e-03
5.097789256223393295e+00 2.601867440717151037e-03 4.268942583141213665e-03 -1.667075142421967082e-03
5.098900614302966261e+00 2.066404352014813983e-03 3.500072593637298946e-03 -1.433668241618769185e-03
5.100011972382539227e+00 1.181378919005592401e-03 2.149606885968127074e-03 -9.682279669610410755e-04
5.101123330462113081e+00 9.635696713487535564e-05 4.423920325318797531e-04 -3.460350653942964941e-04
5.102234688541686047e+00 -1.006238545905664000e-03 -1.338840612456634882e-03 3.326020665515212228e-04
5.103346046621259902e+00 -1.941421845209588548e-03 -2.900145377197398122e-03 9.587235319896154212e-04
5.104457404700832868e+00 -2.552307268151754460e-03 -3.984737209153578485e-03 1.432429941003215274e-03
5.105568762780405834e+00 -2.736074841334826258e-03 -4.415115409375183764e-03 1.679040568040340159e-03
5.106680120859978800e+00 -2.460958309223035267e-03 -4.122030587401098733e-03 1.661072278182899875e-03
5.107791478939552654e+00 -1.771465151521822712e-03 -3.155571104478963051e-03 1.384105952959902019e-03
5.108902837019125620e+00 -7.809847145219123155e-04 -1.676597160171808265e-03 8.956124456496426800e-04
5.110014195098699474e+00 3.469777209737096024e-04 7.001460154311411888e-05 2.769631194334022661e-04
5.111125553178272440e+00 1.425829541234005515e-03 1.795867848744581163e-03 -3.700383075105999342e-04
5.112236911257845406e+00 2.276713400095539686e-03 3.216590615399306241e-03 -9.398772152978025762e-04
5.113348269337418373e+00 2.758036654295102641e-03 4.098592914111631735e-03 -1.340556259814218443e-03
5.114459627416991339e+00 2.788841128478505849e-03 4.297354953765930574e-03 -1.508513825286574711e-03
5.115570985496565193e+00 2.362168549343707236e-03 3.780975888399221163e-03 -1.418807339051444266e-03
5.116682343576138159e+00 1.546230253454992237e-03 2.635152344481989789e-03 -1.088922091026293254e-03
5.117793701655712013e+00 4.732011274998157435e-04 1.048818083567900836e-03 -5.756169560657718384e-04
5.118905059735284979e+00 -6.825045325901564486e-04 -7.171438175921293623e-04 3.463928500316943923e-05
5.120016417814857945e+00 -1.732888850561081773e-03 -2.372929788798383566e-03 6.400409382398900004e-04
5.121127775894430911e+00 -2.507235723378659076e-03 -3.647483827312877902e-03 1.140248103934466892e-03
5.122239133974004766e+00 -2.880106521605314829e-03 -4.332959922016627052e-03 1.452853400416117408e-03
5.123350492053577732e+00 -2.791866080638125136e-03 -4.318681926976125629e-03 1.526815846336494753e-03
5.124461850133151586e+00 -2.258373936691607242e-03 -3.609049457318228016e-03 1.350675520627488135e-03
5.125573208212724552e+00 -1.368262254619417861e-03 -2.322491331930326419e-03 9.542290773135106430e-04
5.126684566292297518e+00 -2.682651531054763838e-04 -6.716901222933169269e-04 4.034249691916777514e-04
5.127795924371870484e+00 8.609722323071056227e-04 1.071621770025829590e-03 -2.106495377178670136e-04
5.128907282451443450e+00 1.834615295298394622e-03 2.621467847304922993e-03 -7.868525520052273292e-04
5.130018640531017304e+00 2.493999446260226904e-03 3.724646399459866086e-03 -1.230646953198806515e-03
5.131129998610590270e+00 2.732637474667842792e-03 4.202230174786200645e-03 -1.469592700113601241e-03
5.132241356690164125e+00 2.513607589006507798e-03 3.978742284420702657e-03 -1.465134695410860721e-03
5.133352714769737091e+00 1.875477904842874632e-03 3.094247254218640553e-03 -1.218769349374293140e-03
5.134464072849310057e+00 9.258112103472208865e-04 1.697416495602855832e-03 -7.716052852546877866e-04
5.135575430928883023e+00 -1.766639800552943784e-04 2.075925485747233401e-05 -1.974232349121109870e-04
5.136686789008455989e+00 -1.248269559256623418e-03 -1.657862154474394611e-03 4.095925952198424536e-04
5.137798147088029843e+00 -2.110661071390167870e-03 -3.061070824050986239e-03 9.504097526633215748e-04
5.138909505167603697e+00 -2.620196210312834839e-03 -3.957613565668309519e-03 1.337417355356996032e-03
5.140020863247176663e+00 -2.691564184234454538e-03 -4.200297755965920476e-03 1.508733571730539597e-03
5.141132221326749629e+00 -2.311801057947801552e-03 -3.750010493804911693e-03 1.438209435857568108e-03
5.142243579406322596e+00 -1.542400447687615472e-03 -2.681907074624401144e-03 1.139506626938034672e-03
5.143354937485895562e+00 -5.091868041757069419e-04 -1.172796064210390732e-03 6.636092600360507521e-04
5.144466295565469416e+00 6.183720710221801697e-04 5.281591911247968119e-04 9.021287989574230948e-05
5.145577653645042382e+00 1.655005598174691395e-03 2.140566484414588300e-03 -4.855608862385923929e-04
5.146689011724616236e+00 2.430057359373280490e-03 3.398970578054327785e-03 -9.689132186790072598e-04
5.147800369804189202e+00 2.815485504336537326e-03 4.096460228096690526e-03 -1.280974723757849487e-03
5.148911727883762168e+00 2.746857348363489215e-03 4.118557061082953052e-03 -1.371699712717500130e-03
5.150023085963335134e+00 2.233904633887746211e-03 3.461841509245271176e-03 -1.227936875353906332e-03
5.151134444042908100e+00 1.358922825944477997e-03 2.234292461984976885e-03 -8.753696360381084396e-04
5.152245802122481955e+00 2.632931874341735978e-04 6.373290470123235685e-04 -3.740358595750361420e-04
5.153357160202055809e+00 -8.756475443610668707e-04 -1.067451026634785166e-03 1.918034822782376837e-04
5.154468518281628775e+00 -1.873587337680941711e-03 -2.601335686729350227e-03 7.277483490505248787e-04
5.155579876361201741e+00 -2.569314989272722394e-03 -3.714268033619329279e-03 1.144953044348247934e-03
5.156691234440774707e+00 -2.850967950936644790e-03 -4.225797540517953199e-03 1.374829589582338835e-03
5.157802592520347673e+00 -2.674164685578177270e-03 -4.054499902618191598e-03 1.380335217038793083e-03
5.158913950599921527e+00 -2.069072642131866702e-03 -3.231063808132469961e-03 1.161991166002351861e-03
5.160025308679494493e+00 -1.135281517204336788e-03 -1.892938059017260088e-03 7.576565418153553833e-04
5.161136666759068348e+00 -2.535114914406499942e-05 -2.614666939741577822e-04 2.361155448324971096e-04
5.162248024838641314e+00 1.080244030544075251e-03 1.394686242617237948e-03 -3.144422120730482051e-04
5.163359382918214280e+00 2.002649960170979626e-03 2.803778613951771193e-03 -8.011286537804654384e-04
5.164470740997787246e+00 2.593800453948552631e-03 3.735611716041864483e-03 -1.141811262093665735e-03
5.165582099077360212e+00 2.760443691321251558e-03 4.039201254564576959e-03 -1.278757563243086010e-03
5.166693457156934066e+00 2.479109655474577567e-03 3.667328802458798276e-03 -1.188219146983835600e-03
5.167804815236507920e+00 1.799596054864842365e-03 2.683976350615725065e-03 -8.843802957494290018e-04
5.168916173316080886e+00 8.364390907298156069e-04 1.253469186386871326e-03 -4.170300956568163270e-04
5.170027531395653853e+00 -2.501931749080230777e-04 -3.868394126206858158e-04 1.366462377143020518e-04
5.171138889475226819e+00 -1.281016613872896365e-03 -1.965808977124124113e-03 6.847923632508183533e-04
5.172250247554799785e+00 -2.087181386395908778e-03 -3.223197945171479839e-03 1.136016558778247740e-03
5.173361605634373639e+00 -2.537996549329832319e-03 -3.952437077241653662e-03 1.414440527912950649e-03
5.174472963713946605e+00 -2.562281487099228594e-03 -4.034465604345838230e-03 1.472184117246796986e-03
5.175584321793520459e+00 -2.159854907046322714e-03 -3.457092220410434846e-03 1.297237313365427053e-03
5.176695679873093425e+00 -1.401300247100764618e-03 -2.316735826282806388e-03 9.154355791853412139e-04
5.177807037952666391e+00 -4.160759536209757137e-04 -8.023044004493162795e-04 3.862284468288783301e-04
5.178918396032239357e+00 6.290470509498422014e-04 8.360938173440635168e-04 -2.070467663915082079e-04
5.180029754111812323e+00 1.557654192733994025e-03 2.328426905712041584e-03 -7.707727129759936457e-04
5.181141112191386178e+00 2.212900430559348874e-03 3.429195273978405401e-03 -1.216294843417640992e-03
5.182252470270960032e+00 2.483461196551225991e-03 3.957753085956833283e-03 -1.474291889403313988e-03
5.183363828350532998e+00 2.321959030032842708e-03 3.827878358191698360e-03 -1.505919328154525783e-03
5.184475186430105964e+00 1.752846559154433437e-03 3.061757687203563172e-03 -1.308911128046014172e-03
5.185586544509678930e+00 8.684620779733660118e-04 1.786124081955199616e-03 -9.176620039811483887e-04
5.186697902589251896e+00 -1.860832208136270136e-04 2.112241082527013813e-04 -3.973073290675678548e-04
5.187809260668825750e+00 -1.236696213412651069e-03 -1.403890014112688100e-03 1.671938007025705955e-04
5.188920618748398716e+00 -2.108861449942663058e-03 -2.794009497300499467e-03 6.851480473565266932e-04
5.190031976827972571e+00 -2.656283822445738851e-03 -3.731334610448569511e-03 1.075050788005819588e-03
5.191143334907545537e+00 -2.784921901567427582e-03 -4.062798565757030911e-03 1.277876664191726630e-03
5.192254692987118503e+00 -2.468481351883475283e-03 -3.735033972747450748e-03 1.266552620865359774e-03
5.193366051066691469e+00 -1.752841783348099702e-03 -2.802910793985563531e-03 1.050069010638594869e-03
5.194477409146264435e+00 -7.487050974738021503e-04 -1.420283030912780631e-03 6.715779334413446433e-04
5.195588767225838289e+00 3.863192309285917725e-04 1.854931718491131809e-04 2.008260590806790202e-04
5.196700125305412143e+00 1.473252255033564995e-03 1.751045816089813467e-03 -2.777935610541633349e-04
5.197811483384985110e+00 2.340727942859319177e-03 3.020292476865915621e-03 -6.795645340047264116e-04
5.198922841464558076e+00 2.852687782751314738e-03 3.786439382704814838e-03 -9.337515999550682899e-04
5.200034199544131042e+00 2.930277655799395919e-03 3.925781131087810460e-03 -9.955034752859893976e-04
5.201145557623704008e+00 2.564395750371126909e-03 3.417772050232768810e-03 -8.533762998588836912e-04
5.202256915703277862e+00 1.816876673703714598e-03 2.348108906547227703e-03 -5.312322328409856131e-04
5.203368273782850828e+00 8.101579055472211272e-04 8.943630679904314429e-04 -8.420516244233774983e-05
5.204479631862424682e+00 -2.928450934113965842e-04 -7.034326350298190228e-04 4.105875416208271990e-04
5.205590989941997648e+00 -1.315337072427705950e-03 -2.182372378855594597e-03 8.670353064298853135e-04
5.206702348021570614e+00 -2.095352573006602215e-03 -3.299912673185134704e-03 1.204560100182952564e-03
5.207813706101143580e+00 -2.511887910456873929e-03 -3.873644171879922493e-03 1.361756261422156916e-03
5.208925064180716547e+00 -2.504207259398316676e-03 -3.811077123970718628e-03 1.306869864573033391e-03
5.210036422260290401e+00 -2.081208162399990347e-03 -3.124575077231489528e-03 1.043366914832158376e-03
5.211147780339864255e+00 -1.319370250491197494e-03 -1.929023819548583707e-03 6.096535690609111713e-04
5.212259138419437221e+00 -3.496842163705216056e-04 -4.226649371520674325e-04 7.298072078367606741e-05
5.213370496499010187e+00 6.642414457895332025e-04 1.145712151075686802e-03 -4.814707052867191195e-04
5.214481854578583153e+00 1.553265253155564074e-03 2.517793201400081449e-03 -9.645279482450620778e-04
5.215593212658156119e+00 2.170525846692770988e-03 3.468215369422489314e-03 -1.297689522727584616e-03
5.216704570737729973e+00 2.415422195471958466e-03 3.841513841180477229e-03 -1.426091645706721589e-03
5.217815928817302940e+00 2.249849486161942247e-03 3.577482884269782282e-03 -1.327633398106330825e-03
5.218927286896876794e+00 1.704067399417773243e-03 2.720814773579716128e-03 -1.016747374160886438e-03
5.220038644976449760e+00 8.712901894749065096e-04 1.413474193564507805e-03 -5.421840040877130493e-04
5.221150003056022726e+00 -1.080571867658215029e-04 -1.288933508352338442e-04 2.083616406919029662e-05
5.222261361135595692e+00 -1.069780463525238368e-03 -1.652600296504026789e-03 5.828198329797191005e-04
5.223372719215168658e+00 -1.853165958918739920e-03 -2.907714470740951906e-03 1.054548511822416684e-03
5.224484077294742512e+00 -2.327540743873299234e-03 -3.689129702093632557e-03 1.361588958222238049e-03
5.225595435374316367e+00 -2.413776563661929053e-03 -3.870161051566498034e-03 1.456384487905356545e-03
5.226706793453889333e+00 -2.097219163619649940e-03 -3.423161782346695325e-03 1.325942618732187106e-03
5.227818151533462299e+00 -1.429947410582638190e-03 -2.423806067464132075e-03 9.938586568814626598e-04
5.228929509613035265e+00 -5.220282169617687651e-04 -1.038374518946477698e-03 5.163463019862354897e-04
5.230040867692608231e+00 4.767567066957939526e-04 5.038250007338845871e-04 -2.706829403809063450e-05
5.231152225772182085e+00 1.401675204139363196e-03 1.948330776974066536e-03 -5.466555728344327236e-04
5.232263583851755051e+00 2.100206450664075797e-03 3.057443404669374365e-03 -9.572369540066204274e-04
5.233374941931328905e+00 2.457126042028578983e-03 3.649283853958462664e-03 -1.192157811928697131e-03
5.234486300010901871e+00 2.413396139847048816e-03 3.627578907259718100e-03 -1.214182767410854763e-03
5.235597658090474837e+00 1.975773603669649103e-03 2.997298878427839819e-03 -1.021525274757956528e-03
5.236709016170047803e+00 1.215583869982848897e-03 1.863609553359030918e-03 -6.480256833738757064e-04
5.237820374249620770e+00 2.568930526541616383e-04 4.143489739330038363e-04 -1.574559212805075326e-04
5.238931732329194624e+00 -7.439486315623713292e-04 -1.111052684658157819e-03 3.671040530984354122e-04
5.240043090408768478e+00 -1.624008167693806459e-03 -2.461070169726777002e-03 8.370620020333790698e-04
5.241154448488341444e+00 -2.240481381676290296e-03 -3.413485335566672496e-03 1.173003953893150819e-03
5.242265806567914410e+00 -2.494028230171481397e-03 -3.811884162282966337e-03 1.317855932113660283e-03
5.243377164647487376e+00 -2.344913602566833788e-03 -3.591259747289646254e-03 1.246346144723051858e-03
5.244488522727060342e+00 -1.819329057886877321e-03 -2.788536178649964059e-03 9.692071207623581541e-04
5.245599880806634197e+00 -1.004891378774255828e-03 -1.536315662142628824e-03 5.314242833704962976e-04
5.246711238886207163e+00 -3.609358942927715086e-05 -4.091209830300868155e-05 4.818508875615440390e-06
5.247822596965781017e+00 9.278696701373115308e-04 1.451685772485250547e-03 -5.238161023469155297e-04
5.248933955045353983e+00 1.729237722842308367e-03 2.696303049313772404e-03 -9.670653264697327833e-04
5.250045313124926949e+00 2.237479051931619278e-03 3.488852709922385387e-03 -1.251373657989111182e-03
5.251156671204499915e+00 2.370516763968551210e-03 3.699778412270225691e-03 -1.329261648298583204e-03
5.252268029284072881e+00 2.107921241596318052e-03 3.295186341898743987e-03 -1.187265100301041626e-03
5.253379387363646735e+00 1.493939158899552921e-03 2.342221053477384213e-03 -8.482818945769327046e-04
5.254490745443219701e+00 6.299053399034439810e-04 9.978363521199844210e-04 -3.679310122156088936e-04
5.255602103522793556e+00 -3.426705168289405357e-04 -5.171579802208739474e-04 1.744874633917725161e-04
5.256713461602366522e+00 -1.265523572082420667e-03 -1.954478187339209194e-03 6.889546152558014697e-04
5.257824819681939488e+00 -1.989683731802117939e-03 -3.079178324704598402e-03 1.089494592901984332e-03
5.258936177761512454e+00 -2.399862963892537837e-03 -3.708178719557073122e-03 1.308315755664837127e-03
5.260047535841086308e+00 -2.433178300250540826e-03 -3.740188258085433426e-03 1.307009957836530178e-03
5.261158893920659274e+00 -2.089156783674030182e-03 -3.172125715433002369e-03 1.082968931757351955e-03
5.262270252000233128e+00 -1.429415408935354181e-03 -2.099374239110107787e-03 6.699588301799265511e-04
5.263381610079806094e+00 -5.671149264786790045e-04 -6.998648389866940489e-04 1.327499125109432576e-04
5.264492968159379060e+00 3.520303422198875487e-04 7.953589238232916525e-04 -4.433285816007881408e-04
5.265604326238952027e+00 1.174020726875071863e-03 2.140228278407305118e-03 -9.662075515274662352e-04
5.266715684318524993e+00 1.762093951859139418e-03 3.114111809630504268e-03 -1.352017857770317077e-03
5.267827042398098847e+00 2.019287006846691435e-03 3.558000759243021283e-03 -1.538713752395597795e-03
5.268938400477671813e+00 1.904324964935415199e-03 3.400482551475215998e-03 -1.496157586538270773e-03
5.270049758557245667e+00 1.438237827467776786e-03 2.669259271568486663e-03 -1.231021444097622070e-03
5.271161116636818633e+00 7.006444913267130883e-04 1.486352229708592237e-03 -7.857077383822260938e-04
5.272272474716391599e+00 -1.836489151146748072e-04 4.781806968415583392e-05 -2.314669847995878479e-04
5.273383832795964565e+00 -1.065492733875950809e-03 -1.408655534510076801e-03 3.431628006358815319e-04
5.274495190875538420e+00 -1.796214084429665486e-03 -2.642923037392531926e-03 8.467089529623425537e-04
5.275606548955111386e+00 -2.252301322500975533e-03 -3.451871598144147513e-03 1.199570275642646358e-03
5.276717907034685240e+00 -2.355873094474408846e-03 -3.702740040532642718e-03 1.346866946060149006e-03
5.277829265114258206e+00 -2.087558063472813585e-03 -3.354805598439022929e-03 1.267247534967243239e-03
5.278940623193831172e+00 -1.489671792873202560e-03 -2.465900955933339467e-03 9.762291630613581517e-04
5.280051981273404138e+00 -6.591833818548886725e-04 -1.182723921883344076e-03 5.235405400288682676e-04
5.281163339352977104e+00 2.683492427907954725e-04 2.834332930182897892e-04 -1.508405022546122076e-05
5.282274697432550958e+00 1.141208078912651913e-03 1.691516874676099458e-03 -5.503087957617162906e-04
5.283386055512123924e+00 1.816594938461216224e-03 2.810362038877162183e-03 -9.937671004122648755e-04
5.284497413591697779e+00 2.184218157423138684e-03 3.456638743762840971e-03 -1.272420586338054299e-03
5.285608771671270745e+00 2.184494472245210317e-03 3.524864307469434410e-03 -1.340369835221916911e-03
5.286720129750843711e+00 1.818368209351869935e-03 3.004571590370638812e-03 -1.186203381014388700e-03
5.287831487830416677e+00 1.147136430479834060e-03 1.981841847657553335e-03 -8.347054171755977081e-04
5.288942845909990531e+00 2.823185741187717729e-04 6.249852920153196878e-04 -3.426667178914994359e-04
5.290054203989563497e+00 -6.327497954326435220e-04 -8.432439632286084508e-04 2.104941677969819104e-04
5.291165562069137351e+00 -1.446557554898263848e-03 -2.182306269761090378e-03 7.357487148649194744e-04
5.292276920148710317e+00 -2.024392305974856421e-03 -3.173369474391896095e-03 1.148977168417119471e-03
5.293388278228283284e+00 -2.270532349163106867e-03 -3.655146701454767277e-03 1.384614352293103701e-03
5.294499636307856250e+00 -2.144002961144302055e-03 -3.550204541359375243e-03 1.406201580214538893e-03
5.295610994387429216e+00 -1.665307122217088431e-03 -2.877446083474760608e-03 1.212138961257176045e-03
5.296722352467003070e+00 -9.130293354971674713e-04 -1.748753649694220758e-03 8.357243141969075695e-04
5.297833710546576036e+00 -1.087906955025974565e-05 -3.503819291749282749e-04 3.395028596240891317e-04
5.298945068626149890e+00 8.926870114683502222e-04 1.087805249652420980e-03 -1.951182381805388610e-04
5.300056426705722856e+00 1.648906076876871518e-03 2.330172847744102493e-03 -6.812667708678901701e-04
5.301167784785295822e+00 2.133190439310372888e-03 3.173996573064843951e-03 -1.040806133755185769e-03
5.302279142864868788e+00 2.265623491191040562e-03 3.482635315332605064e-03 -1.217011824140686732e-03
5.303390500944441754e+00 2.024103767802196141e-03 3.207761427571606538e-03 -1.183657659769014880e-03
5.304501859024015609e+00 1.447982312711077954e-03 2.397027141783900084e-03 -9.490448290746800186e-04
5.305613217103589463e+00 6.316027803879142172e-04 1.185946696723881935e-03 -5.543439163338617637e-04
5.306724575183162429e+00 -2.911870219677627214e-04 -2.246304823134426254e-04 -6.655653965536179745e-05
5.307835933262735395e+00 -1.169001921956874801e-03 -1.601716851045802831e-03 4.327149290909073492e-04
5.308947291342308361e+00 -1.857753564469263180e-03 -2.718572070666364082e-03 8.608185061994462484e-04
5.310058649421881327e+00 -2.244274732246691328e-03 -3.391956257336736780e-03 1.147681525088806859e-03
5.311170007501455181e+00 -2.264860221563538834e-03 -3.512132945544976792e-03 1.247272723982166542e-03
5.312281365581028147e+00 -1.915689812133247738e-03 -3.060710387132403731e-03 1.145020575000404994e-03
5.313392723660602002e+00 -1.253434608459252919e-03 -2.113420625324491375e-03 8.599860168645064029e-04
5.314504081740174968e+00 -3.859602697038194696e-04 -8.274182459930973232e-04 4.414579762916925887e-04
5.315615439819747934e+00 5.453357159759739115e-04 5.847742317468401785e-04 -3.943851576704293649e-05
5.316726797899320900e+00 1.388646964201004086e-03 1.890358044057932618e-03 -5.017110798552562589e-04
5.317838155978893866e+00 2.006546110859069865e-03 2.874596000764492731e-03 -8.680498899051106165e-04
5.318949514058467720e+00 2.298377095281273208e-03 3.376086082595583515e-03 -1.077708987312679667e-03
5.320060872138041574e+00 2.216592124908212114e-03 3.313179412650579803e-03 -1.096587287740483779e-03
5.321172230217614540e+00 1.774373698261860754e-03 2.697220756853267731e-03 -9.228470585900486883e-04
5.322283588297187507e+00 1.043315878284637246e-03 1.630466120674772812e-03 -5.871502423904790408e-04
5.323394946376760473e+00 1.415704095096524673e-04 2.890559551945084266e-04 -1.474855456789665731e-04
5.324506304456333439e+00 -7.855758181947222057e-04 -1.106121684984594927e-03 3.205458667938955453e-04
5.325617662535907293e+00 -1.589490882147704537e-03 -2.325859409657536625e-03 7.363685275111921114e-04
5.326729020615480259e+00 -2.142447914621113669e-03 -3.170343905804076656e-03 1.027895991183455648e-03
5.327840378695054113e+00 -2.358363644087577149e-03 -3.501950557114247298e-03 1.143586913028682428e-03
5.328951736774627079e+00 -2.206641356607794147e-03 -3.267737912529891653e-03 1.061096555922336898e-03
5.330063094854200045e+00 -1.716875047208112071e-03 -2.507965993027022611e-03 7.910909458216860979e-04
5.331174452933773011e+00 -9.736769568185338342e-04 -1.349268246967461060e-03 3.755912901485698729e-04
5.332285811013345977e+00 -1.025127317488758183e-04 1.636703761402624746e-05 -1.188797693637937136e-04
5.333397169092919832e+00 7.510994397685460955e-04 1.363319572160209825e-03 -6.122201323908380011e-04
5.334508527172493686e+00 1.445588342517373226e-03 2.469525486358523092e-03 -1.023937143838551250e-03
5.335619885252066652e+00 1.866576986852663822e-03 3.153005184411708517e-03 -1.286428197560578190e-03
5.336731243331639618e+00 1.945563290732046924e-03 3.301725896246873737e-03 -1.356162605513768632e-03
5.337842601411212584e+00 1.670982381506959380e-03 2.891902370882951101e-03 -1.220919989372681869e-03
5.338953959490785550e+00 1.089860082871877550e-03 1.991749872402602539e-03 -9.018897895273943199e-04
5.340065317570359404e+00 2.998188309008735855e-04 7.501011624309796705e-04 -4.502823315291346398e-04
5.341176675649932371e+00 -5.672164722709989448e-04 -6.282115895132056593e-04 6.099511724371722496e-05
5.342288033729506225e+00 -1.366905003412993702e-03 -1.916137325635218491e-03 5.492323222230002105e-04
5.343399391809079191e+00 -1.966350092236609365e-03 -2.901778492273354715e-03 9.354284000370714780e-04
5.344510749888652157e+00 -2.266000213705557376e-03 -3.423205415110236460e-03 1.157205201405634917e-03
5.345622107968225123e+00 -2.215991914187698253e-03 -3.394995286392490930e-03 1.179003372206183925e-03
5.346733466047798089e+00 -1.824260116269453558e-03 -2.822149628083497896e-03 9.978895118156264066e-04
5.347844824127371943e+00 -1.155102931185258974e-03 -1.799126756583127595e-03 6.440238254013415375e-04
5.348956182206945797e+00 -3.184620751448402620e-04 -4.941762096853374864e-04 1.757141345431686985e-04
5.350067540286518764e+00 5.482930973642677341e-04 8.784231292152944182e-04 -3.301300318485009266e-04
5.351178898366091730e+00 1.303060954791955550e-03 2.093637024045649775e-03 -7.905760692507798892e-04
5.352290256445664696e+00 1.822435659007262676e-03 2.952652554631313153e-03 -1.130216895621500434e-03
5.353401614525237662e+00 2.022009556164904021e-03 3.315479683518834930e-03 -1.293470127351609850e-03
5.354512972604811516e+00 1.870214669581302114e-03 3.123830675945640789e-03 -1.253616006364076732e-03
5.355624330684384482e+00 1.393438552308272349e-03 2.410538000517520318e-03 -1.017099448209952267e-03
5.356735688763958336e+00 6.715902442297715103e-04 1.293990055502344111e-03 -6.223998112740471156e-04
5.357847046843531302e+00 -1.751351586683535036e-04 -4.147194829281011796e-05 -1.336632103758179056e-04
5.358958404923104268e+00 -1.006098656023649007e-03 -1.375948606490706716e-03 3.698499504677368530e-04
5.360069763002677234e+00 -1.683389497962733961e-03 -2.490155236602259459e-03 8.067657386393537605e-04
5.361181121082250201e+00 -2.094509739406988369e-03 -3.201421092714956673e-03 1.106911353305938678e-03
5.362292479161824055e+00 -2.170841591588056063e-03 -3.393603651682230993e-03 1.222762060095698017e-03
5.363403837241397909e+00 -1.898868979139864410e-03 -3.036018312855895407e-03 1.137149333715913035e-03
5.364515195320970875e+00 -1.322322129627122311e-03 -2.188298019210416223e-03 8.659758895825792058e-04
5.365626553400543841e+00 -5.349099188038108910e-04 -9.904144007368970160e-04 4.555044819339916506e-04
5.366737911480116807e+00 3.351474829101849795e-04 3.604695938375923614e-04 -2.532211092676900366e-05
5.367849269559689773e+00 1.146227891632517482e-03 1.642486712002233507e-03 -4.962588203672874121e-04
5.368960627639263627e+00 1.766578584326682078e-03 2.645537753271184900e-03 -8.789591689424107457e-04
5.370071985718836594e+00 2.095922110061709809e-03 3.205752127758240699e-03 -1.109830017694813514e-03
5.371183343798410448e+00 2.081850271446712003e-03 3.232282945087802672e-03 -1.150432673638887571e-03
5.372294701877983414e+00 1.728323904442732872e-03 2.722054133643285467e-03 -9.937302292017287375e-04
5.373406059957556380e+00 1.094898762546991228e-03 1.760065184232179752e-03 -6.651664216834876284e-04
5.374517418037129346e+00 2.868243248705052567e-04 5.052360198636585142e-04 -2.184116949943432778e-04
5.375628776116702312e+00 -5.623386337610253305e-04 -8.358510185777386081e-04 2.735123848181361846e-04
5.376740134196276166e+00 -1.312710589864252847e-03 -2.042972978229348757e-03 7.302623883657247475e-04
5.377851492275850021e+00 -1.841073976024201059e-03 -2.918447754277506134e-03 1.077373778255546338e-03
5.378962850355422987e+00 -2.061065959059450725e-03 -3.319529226418468926e-03 1.258463267360350468e-03
5.380074208434995953e+00 -1.937273752450653641e-03 -3.181705534732189034e-03 1.244431782280321086e-03
5.381185566514568919e+00 -1.490932043476930757e-03 -2.529096103297268083e-03 1.038164059819178531e-03
5.382296924594141885e+00 -7.963067508075793999e-04 -1.470270525766453895e-03 6.739637749607896300e-04
5.383408282673715739e+00 3.161889399351525132e-05 -1.802104445138980049e-04 2.118293385093596159e-04
5.384519640753288705e+00 8.561130276840203668e-04 1.128590389608538636e-03 -2.724773619245113299e-04
5.385630998832862559e+00 1.541187807737452731e-03 2.241115832859505441e-03 -6.999280251198322644e-04
5.386742356912435525e+00 1.973914314238031653e-03 2.975145844790423599e-03 -1.001231530551722343e-03
5.387853714992008491e+00 2.082896529942444841e-03 3.211102347525918166e-03 -1.128205817583296383e-03
5.388965073071581457e+00 1.849881429970785807e-03 2.911533602823188072e-03 -1.061652172849467113e-03
5.390076431151154424e+00 1.312617378134805016e-03 2.127061716063423369e-03 -8.144443379278082373e-04
5.391187789230728278e+00 5.585154021827271054e-04 9.878489119267801211e-04 -4.293335097458848837e-04
5.392299147310302132e+00 -2.898202738968822662e-04 -3.179808450776309622e-04 2.816057118036835796e-05
5.393410505389875098e+00 -1.094793424458003622e-03 -1.575388948151019985e-03 4.805955236940632688e-04
5.394521863469448064e+00 -1.726414797607885021e-03 -2.577815113998883911e-03 8.514003163947042596e-04
5.395633221549021030e+00 -2.083580325163481017e-03 -3.161091643890487357e-03 1.077511318727700229e-03
5.396744579628593996e+00 -2.110537543179774600e-03 -3.230311191351087352e-03 1.119773648173900960e-03
5.397855937708167851e+00 -1.805849859388052037e-03 -2.775251119380539588e-03 9.694012599938024721e-04
5.398967295787740817e+00 -1.222409006155264488e-03 -1.871848003239792724e-03 6.494389970832653569e-04
5.400078653867314671e+00 -4.585216496739152880e-04 -6.695136375505783555e-04 2.109919878768226620e-04
5.401190011946887637e+00 3.584365197009803383e-04 6.335894214858917017e-04 -2.751529017847587077e-04
5.402301370026460603e+00 1.093088072299748525e-03 1.823221557735357767e-03 -7.301334854331424651e-04
5.403412728106033569e+00 1.624362679774470075e-03 2.704301484197223215e-03 -1.079938804419977583e-03
5.404524086185606535e+00 1.865373419096025276e-03 3.132907705982276858e-03 -1.267534286886903838e-03
5.405635444265180389e+00 1.777597067651650459e-03 3.039795653417012855e-03 -1.262198585765492501e-03
5.406746802344754244e+00 1.377041349992684863e-03 2.441586747460380846e-03 -1.064545397465191043e-03
5.407858160424327210e+00 7.314073019039028095e-04 1.437820636097654828e-03 -7.064133341945222355e-04
5.408969518503900176e+00 -5.126006603811163187e-05 1.943892747167793797e-04 -2.456493407520634123e-04
5.410080876583473142e+00 -8.405395406854577339e-04 -1.083891745212983357e-03 2.433522045303506201e-04
5.411192234663046108e+00 -1.505241675023517162e-03 -2.187040540948318595e-03 6.817988659236834045e-04
5.412303592742619962e+00 -1.935086652297166726e-03 -2.934431519706605374e-03 9.993448674094611989e-04
5.413414950822192928e+00 -2.058878889400858614e-03 -3.204407166323190725e-03 1.145528276922918448e-03
5.414526308901766782e+00 -1.856190684732667018e-03 -2.954123571934398618e-03 1.097932887200694235e-03
5.415637666981339748e+00 -1.360643304582791202e-03 -2.226390962343005597e-03 8.657476577611650237e-04
5.416749025060912714e+00 -6.542624032549945734e-04 -1.142415829244347591e-03 4.881534259890234206e-04
5.417860383140485681e+00 1.461436666595691825e-04 1.183286038337338919e-04 2.781506282728898882e-05
5.418971741220058647e+00 9.083217114183861352e-04 1.347763680775881934e-03 -4.394419693557020945e-04
5.420083099299632501e+00 1.506429397478033227e-03 2.343499170896212735e-03 -8.370697734168611182e-04
5.421194457379205467e+00 1.841801653566746411e-03 2.942110103139550237e-03 -1.100308449571742175e-03
5.422305815458779321e+00 1.859206624893264270e-03 3.045927094459631446e-03 -1.186720469566488606e-03
5.423417173538352287e+00 1.555919074280591452e-03 2.638949597994807994e-03 -1.083030523714230420e-03
5.424528531617925253e+00 9.821268294913573782e-04 1.789289852779228640e-03 -8.071630232893960838e-04
5.425639889697498219e+00 2.326159003428153113e-04 6.377758877976272278e-04 -4.051599874558375718e-04
5.426751247777072074e+00 -5.688835971758565702e-04 -6.253812484961780022e-04 5.649765132209778884e-05
5.427862605856645040e+00 -1.290102073044998438e-03 -1.791992273358196386e-03 5.018902003145501653e-04
5.428973963936218894e+00 -1.812018706013787672e-03 -2.670183661135944186e-03 8.581649551226040729e-04
5.430085322015791860e+00 -2.048443597803734084e-03 -3.115934019017496670e-03 1.067490421215316898e-03
5.431196680095364826e+00 -1.960172664702303225e-03 -3.056671537321739573e-03 1.096498872619911663e-03
5.432308038174937792e+00 -1.561392255867093126e-03 -2.503067745016643308e-03 9.416754891521557369e-04
5.433419396254510758e+00 -9.172895767633817976e-04 -1.547112103373562975e-03 6.298225266112011944e-04
5.434530754334084612e+00 -1.332739217800443798e-04 -3.468122368602971628e-04 2.135383150782474426e-04
5.435642112413657578e+00 6.624062373224159916e-04 8.999364683689448086e-04 -2.375302310429344699e-04
5.436753470493231433e+00 1.339781059120345730e-03 1.987992002718472206e-03 -6.482109435957082721e-04
5.437864828572804399e+00 1.788532341617493637e-03 2.738735500984176841e-03 -9.502031593659754360e-04
5.438976186652377365e+00 1.936105035542454861e-03 3.029412508183310093e-03 -1.093307472637045780e-03
5.440087544731950331e+00 1.759582173858981885e-03 2.813227763227281464e-03 -1.053645589367891919e-03
5.441198902811524185e+00 1.289378363576867276e-03 2.126905536329354307e-03 -8.375271727511582331e-04
5.442310260891097151e+00 6.041555946743829703e-04 1.084495283970195872e-03 -4.803396892934849033e-04
5.443421618970671005e+00 -1.821902088897774802e-04 -1.415331849539212122e-04 -4.065702393605055698e-05
5.444532977050243971e+00 -9.393205025766820926e-04 -1.348772410207175337e-03 4.094519076314338986e-04
5.445644335129816938e+00 -1.541924717864844030e-03 -2.338235846069465496e-03 7.963111282078098874e-04
5.446755693209389904e+00 -1.890335368737085936e-03 -2.947096995309587963e-03 1.056761626574295732e-03
5.447867051288962870e+00 -1.926898631848396326e-03 -3.075425565511130666e-03 1.148526933664729272e-03
5.448978409368536724e+00 -1.645414173072456965e-03 -2.702533841254552149e-03 1.057119668182664174e-03
5.450089767448109690e+00 -1.092101421651149595e-03 -1.890262648830229320e-03 7.981612271811856785e-04
5.451201125527683544e+00 -3.579448749173458344e-04 -7.726884701149405732e-04 4.147435951968037049e-04
5.452312483607256510e+00 4.363114913120275107e-04 4.660332132679079198e-04 -2.972172195645286785e-05
5.453423841686829476e+00 1.160044065949786263e-03 1.622025665420398499e-03 -4.619815994671809534e-04
5.454535199766402442e+00 1.694229498984185789e-03 2.505245090545386855e-03 -8.110155915582728525e-04
5.455646557845976297e+00 1.950992277931579144e-03 2.970709696728190963e-03 -1.019717418794446884e-03
5.456757915925549263e+00 1.888010488144808291e-03 2.942273714922678807e-03 -1.054263226776794987e-03
5.457869274005123117e+00 1.515420104157415293e-03 2.425050604081095684e-03 -9.096304999223498583e-04
5.458980632084696083e+00 8.940944862326632991e-04 1.504461990853182829e-03 -6.103675046207138188e-04
5.460091990164269049e+00 1.255946897112756450e-04 3.320904453609357931e-04 -2.064957556477172579e-04
5.461203348243842015e+00 -6.645457383294191972e-04 -8.993174000277159852e-04 2.347716616997886502e-04
5.462314706323414981e+00 -1.347445385335967194e-03 -1.987571962557489053e-03 6.401265772244891031e-04
5.463426064402988835e+00 -1.812015224078318554e-03 -2.754262813828366185e-03 9.422475897523339972e-04
5.464537422482561801e+00 -1.983141723069722917e-03 -3.074020996323284516e-03 1.090879273255525306e-03
5.465648780562135656e+00 -1.833931859001276810e-03 -2.895020974270766378e-03 1.061089115267966482e-03
5.466760138641708622e+00 -1.390019842745143785e-03 -2.247369439537072466e-03 8.573495967922964422e-04
5.467871496721281588e+00 -7.252430819118804717e-04 -1.238024247155522506e-03 5.127811652433748868e-04
5.468982854800854554e+00 5.058591897363906575e-05 -3.310206855799968650e-05 8.368798752951545072e-05
5.470094212880427520e+00 8.097877930676664060e-04 1.169496475449657846e-03 -3.597086823791222077e-04
5.471205570960001374e+00 1.427818447355129472e-03 2.172630275574190251e-03 -7.448118282207816243e-04
5.472316929039575228e+00 1.803709033724322508e-03 2.812275241645699475e-03 -1.008566207921474112e-03
5.473428287119148195e+00 1.876586658265115559e-03 2.984381931733712245e-03 -1.107795273466879310e-03
5.474539645198721161e+00 1.635569227788749580e-03 2.661832905066240096e-03 -1.026263677275587524e-03
5.475651003278294127e+00 1.121421953522466763e-03 1.898734073257073163e-03 -7.773121197343904262e-04
5.476762361357867093e+00 4.197201592318067220e-04 8.213602003250761174e-04 -4.016400410945739075e-04
5.477873719437440947e+00 -3.533403509177520524e-04 -3.927317818916784692e-04 3.939143097641487762e-05
5.478985077517013913e+00 -1.070137640456731570e-03 -1.543967390478701712e-03 4.738297500211721691e-04
5.480096435596587767e+00 -1.612656628107778101e-03 -2.443573575375883322e-03 8.309169472669845902e-04
5.481207793676160733e+00 -1.891898208611814819e-03 -2.944554281379963001e-03 1.052656072767235718e-03
5.482319151755733699e+00 -1.862475327737735109e-03 -2.965738474527850055e-03 1.103263146792703153e-03
5.483430509835306665e+00 -1.530003971441228072e-03 -2.504964783639526682e-03 9.749608122015598899e-04
5.484541867914879631e+00 -9.500860441241792964e-04 -1.639259470831766485e-03 6.891734267069557496e-04
5.485653225994453486e+00 -2.190658798685227171e-04 -5.120055303850928885e-04 2.929396505186518396e-04
5.486764584074027340e+00 5.419053269527379646e-04 6.907621485127551919e-04 -1.488568215587682264e-04
5.487875942153600306e+00 1.206864843632193818e-03 1.771018533872265044e-03 -5.641536902413549215e-04
5.488987300233173272e+00 1.665797687039012598e-03 2.551315144548954583e-03 -8.855174575069200971e-04
5.490098658312746238e+00 1.842743564012677693e-03 2.903897072703623405e-03 -1.061153508689606506e-03
5.491210016392319204e+00 1.708276475672738937e-03 2.771593440766446925e-03 -1.063316965095033317e-03
5.492321374471893058e+00 1.284311735404095045e-03 2.177065800365009240e-03 -8.927540649641234338e-04
5.493432732551466025e+00 6.404596868078652611e-04 1.218918793444465770e-03 -5.784591066351355351e-04
5.494544090631039879e+00 -1.174636206707092151e-04 5.533908115008812079e-05 -1.728027018198445390e-04
5.495655448710612845e+00 -8.648699635690343390e-04 -1.122023581856756991e-03 2.571536182871905253e-04
5.496766806790185811e+00 -1.478903274802944451e-03 -2.119621424772070301e-03 6.407181499697191251e-04
5.497878164869758777e+00 -1.858640478459544498e-03 -2.773822057605693225e-03 9.151815791482043744e-04
5.498989522949331743e+00 -1.941668908284503725e-03 -2.977742074896316815e-03 1.036073166611452268e-03
5.500100881028905597e+00 -1.714320245993640468e-03 -2.698701594678235005e-03 9.843813486865686524e-04
5.501212239108479451e+00 -1.213886828532809159e-03 -1.983450478591053390e-03 7.695636500574601357e-04
5.502323597188052418e+00 -5.224656374075778431e-04 -9.503320626635530788e-04 4.278664252561001358e-04
5.503434955267625384e+00 2.465489313635271795e-04 2.303017039618077133e-04 1.624722740254866404e-05
5.504546313347198350e+00 9.670963827536280255e-04 1.364181962739456633e-03 -3.970855799828761079e-04
5.505657671426771316e+00 1.521139973111054755e-03 2.265088465796573358e-03 -7.439484926865594372e-04
5.506769029506345170e+00 1.818015871665371042e-03 2.785428714073973078e-03 -9.674128424064405707e-04
5.507880387585918136e+00 1.809267479170761916e-03 2.840408956222270631e-03 -1.031141477052629346e-03
5.508991745665491990e+00 1.496536699805130211e-03 2.421838436335206624e-03 -9.253017365289384344e-04
5.510103103745064956e+00 9.312274372796115751e-04 1.599319758265880728e-03 -6.680923209851667363e-04
5.511214461824637922e+00 2.060091424296818172e-04 5.086555014047677500e-04 -3.026463589722938954e-04
5.512325819904210888e+00 -5.604325644000488632e-04 -6.705977952200931069e-04 1.101652308190116496e-04
5.513437177983783855e+00 -1.242885224082453111e-03 -1.744717777910669704e-03 5.018325538289312993e-04
5.514548536063357709e+00 -1.730134329289485795e-03 -2.537670006685026347e-03 8.075356773945656375e-04
5.515659894142931563e+00 -1.943154801842886248e-03 -2.919988398919708128e-03 9.768335970753855291e-04
5.516771252222504529e+00 -1.847989387242697512e-03 -2.829942855619556330e-03 9.819534683777660783e-04
5.517882610302077495e+00 -1.461211593902750350e-03 -2.283531703667532331e-03 8.223201097646640201e-04
5.518993968381650461e+00 -8.470916764040103963e-04 -1.371680172072897719e-03 5.245884956711181768e-04
5.520105326461223427e+00 -1.069474035738787743e-04 -2.451319740315593965e-04 1.381845704584092061e-04
5.521216684540797281e+00 6.375570943587538508e-04 9.104573853574438047e-04 -2.729002910007508054e-04
5.522328042620370248e+00 1.264411504488249793e-03 1.905111796022276871e-03 -6.407002915338362581e-04
5.523439400699944102e+00 1.671269876527513298e-03 2.575770613441587253e-03 -9.045007369131025099e-04
5.524550758779517068e+00 1.792188032287020394e-03 2.813034309165726721e-03 -1.020846276874879527e-03
5.525662116859090034e+00 1.608348485953904616e-03 2.579032897057659257e-03 -9.706844111044572038e-04
5.526773474938663000e+00 1.151026246869146091e-03 1.913498321579738121e-03 -7.624720747098738538e-04
5.527884833018235966e+00 4.963262703772969991e-04 9.270667642764917477e-04 -4.307404938990195414e-04
5.528996191097809820e+00 -2.474249284648549069e-04 -2.170622073870975832e-04 -3.036272107940726252e-05
5.530107549177383675e+00 -9.575469923785717707e-04 -1.330071183663610740e-03 3.725241912838576225e-04
5.531218907256956641e+00 -1.517187416542303824e-03 -2.228628370022307792e-03 7.114409534815496067e-04
5.532330265336529607e+00 -1.834498477519402870e-03 -2.765027575619014022e-03 9.305290980985547050e-04
5.533441623416102573e+00 -1.857663010924368030e-03 -2.851411875011519714e-03 9.937488640868862716e-04
5.534552981495675539e+00 -1.583311309534346512e-03 -2.474110387940695044e-03 8.907990784070840551e-04
5.535664339575249393e+00 -1.056962174670182664e-03 -1.695750640014911936e-03 6.387884653433414939e-04
5.536775697654822359e+00 -3.654340205887715576e-04 -6.448229995769105827e-04 2.793889789869628826e-04
5.537887055734396213e+00 3.775091857160378650e-04 5.055630428962010203e-04 -1.280538571801700942e-04
5.538998413813969179e+00 1.049904110233840226e-03 1.566217723792048822e-03 -5.163136135575736863e-04
5.540109771893542145e+00 1.541637275226936943e-03 2.362999606417531817e-03 -8.213623311893805679e-04
5.541221129973115112e+00 1.772501162234058764e-03 2.765411974736696477e-03 -9.929108125005421670e-04
5.542332488052688078e+00 1.705295869132161107e-03 2.707971223986520293e-03 -1.002675354854109385e-03
5.543443846132261932e+00 1.351835557565631701e-03 2.200848671476809959e-03 -8.490131139096326190e-04
5.544555204211835786e+00 7.708893596651469199e-04 1.328057190799120102e-03 -5.571678311321794780e-04
5.545666562291408752e+00 5.841369099331573250e-05 2.335047912520645669e-04 -1.750911002590914423e-04
5.546777920370981718e+00 -6.683013852786107156e-04 -9.027689418759227147e-04 2.344675565961774899e-04
5.547889278450554684e+00 -1.289952791680044897e-03 -1.894248367845224185e-03 6.042955761641193718e-04
5.549000636530127650e+00 -1.704829330389553976e-03 -2.578603160056910926e-03 8.737738296674853189e-04
5.550111994609701505e+00 -1.845478548362769478e-03 -2.844313524424317563e-03 9.988349760606217431e-04
5.551223352689274471e+00 -1.689703340265989728e-03 -2.648890507569758024e-03 9.591871673031507339e-04
5.552334710768848325e+00 -1.264094058861853220e-03 -2.025712752019376284e-03 7.616186931560554874e-04
5.553446068848421291e+00 -6.395327441617304487e-04 -1.078378165153506818e-03 4.388454209926610783e-04
5.554557426927994257e+00 8.057313816380029525e-05 3.647642512379090096e-05 4.409671304050205576e-05
5.555668785007567223e+00 7.773766154602693157e-04 1.135040549828131295e-03 -3.576639343658774561e-04
5.556780143087140189e+00 1.336175719731790001e-03 2.036610873168503977e-03 -7.004351534355482412e-04
5.557891501166714043e+00 1.665270888871833721e-03 2.593300258062557206e-03 -9.280293691904840936e-04
5.559002859246287898e+00 1.710996032832319547e-03 2.714291405702312643e-03 -1.003295372869132673e-03
5.560114217325860864e+00 1.466459768510577910e-03 2.380657562543499195e-03 -9.141977940313687073e-04
5.561225575405433830e+00 9.725727403823679340e-04 1.648331227522645964e-03 -6.757584871409415619e-04
5.562336933485006796e+00 3.112083605390884855e-04 6.387550579216149521e-04 -3.275466973812241230e-04
5.563448291564579762e+00 -4.083617701474695494e-04 -4.812245926923246209e-04 7.286282254674635375e-05
5.564559649644153616e+00 -1.067512822839521841e-03 -1.526895112718064385e-03 4.593822898809832994e-04
5.565671007723726582e+00 -1.557814799038877845e-03 -2.326103830223899549e-03 7.682890311849731313e-04
5.566782365803300436e+00 -1.798865056007126206e-03 -2.747563952054735137e-03 9.486988960476991362e-04
5.567893723882873402e+00 -1.751475039209623996e-03 -2.722388824651027217e-03 9.709137854418872088e-04
5.569005081962446368e+00 -1.424050619848238330e-03 -2.255324838717404079e-03 8.312742188678196031e-04
5.570116440042019335e+00 -8.711289074943007193e-04 -1.423853385836081065e-03 5.527244783427136265e-04
5.571227798121592301e+00 -1.843263043111234567e-04 -3.653301798715452575e-04 1.810038755623091800e-04
5.572339156201166155e+00 5.227998369011430113e-04 7.457030076521153905e-04 -2.229031707494562309e-04
5.573450514280740009e+00 1.133475337713969744e-03 1.726286861590223265e-03 -5.928115238754624872e-04
5.574561872360312975e+00 1.546933247126444644e-03 2.415152551647564705e-03 -8.682193045199335102e-04
5.575673230439885941e+00 1.694975192412826598e-03 2.699216260244434451e-03 -1.004241067830901821e-03
5.576784588519458907e+00 1.553150781415060799e-03 2.532109579261115906e-03 -9.789587978459475537e-04
5.577895946599031873e+00 1.144725498021470500e-03 1.941711746568677149e-03 -7.969862485493195425e-04
5.579007304678605728e+00 5.367964534786209482e-04 1.025462858040298089e-03 -4.886664045600768586e-04
5.580118662758178694e+00 -1.707925140551295323e-04 -6.575201569864949636e-05 -1.050404983551477683e-04
5.581230020837752548e+00 -8.619021634957649974e-04 -1.152480320422684043e-03 2.905781569252858035e-04
5.582341378917325514e+00 -1.423202285525265037e-03 -2.056237727113215813e-03 6.330354415883801197e-04
5.583452736996898480e+00 -1.762784471354719024e-03 -2.628839688919477890e-03 8.660552175616571813e-04
5.584564095076471446e+00 -1.825224725896024136e-03 -2.776708022426556399e-03 9.514832965309763524e-04
5.585675453156044412e+00 -1.600626359981031921e-03 -2.476165565827241621e-03 8.755392058473910472e-04
5.586786811235618266e+00 -1.126167442203458713e-03 -1.777219755072417806e-03 6.510523128713356644e-04
5.587898169315191232e+00 -4.799117524086418674e-04 -7.952320056010958593e-04 3.153202531908684547e-04
5.589009527394765087e+00 2.320857403650400386e-04 3.081382430404067119e-04 -7.605250267399971120e-05
5.590120885474338053e+00 8.932475396982164639e-04 1.351565631599702111e-03 -4.583180919019366750e-04
5.591232243553911019e+00 1.395637108126519810e-03 2.163878169883906577e-03 -7.682410617581708623e-04
5.592343601633483985e+00 1.657664550680337801e-03 2.612158395327572602e-03 -9.544938446458262060e-04
5.593454959713057839e+00 1.637427294958030549e-03 2.623511771192577058e-03 -9.860844762330667895e-04
5.594566317792630805e+00 1.339501457810469975e-03 2.196936250565013210e-03 -8.574347927527183055e-04
5.595677675872204659e+00 8.140802479299456829e-04 1.403359719778753817e-03 -5.892794718484837407e-04
5.596789033951777625e+00 1.486158820927672639e-04 3.738597020558620532e-04 -2.252438199619576781e-04
5.597900392031350592e+00 -5.466463874534855522e-04 -7.219783808393668428e-04 1.753319933878482503e-04
5.599011750110923558e+00 -1.156851940621306946e-03 -1.703991050574032995e-03 5.471391099523582879e-04
5.600123108190496524e+00 -1.581441136209959381e-03 -2.411054387882756445e-03 8.296132516707396820e-04
5.601234466270070378e+00 -1.750664340130478336e-03 -2.727519890047311324e-03 9.768555499183248503e-04
5.602345824349643344e+00 -1.636996191161463332e-03 -2.602130518787978963e-03 9.651343276260888893e-04
5.603457182429217198e+00 -1.259581334678433473e-03 -2.056322313565554782e-03 7.967409788888109301e-04
5.604568540508790164e+00 -6.809931454419687613e-04 -1.180566692564617715e-03 4.995735471236169289e-04
5.605679898588363130e+00 3.147614694214151410e-06 -1.193761992499819957e-04 1.225238139439289997e-04
5.606791256667936096e+00 6.799739639481855447e-04 9.525417725176135719e-04 -2.725678085666802253e-04
5.607902614747509951e+00 1.237985041072094117e-03 1.859048601191480576e-03 -6.210635601183005228e-04
5.609013972827082917e+00 1.585403031349481157e-03 2.451519806922985989e-03 -8.661167755735065671e-04
5.610125330906656771e+00 1.665255190444608902e-03 2.633215305575059562e-03 -9.679601151275276510e-04
5.611236688986229737e+00 1.464705036908819924e-03 2.375078202325867083e-03 -9.103731654186188182e-04
5.612348047065802703e+00 1.017106595486805959e-03 1.720381672534142953e-03 -7.032750770487282421e-04
5.613459405145375669e+00 3.964548054895605453e-04 7.774808813251410031e-04 -3.810260758337555287e-04
5.614570763224948635e+00 -2.948437222425890139e-04 -2.981169149389459663e-04 3.273192696422438236e-06
5.615682121304522489e+00 -9.428582878813381030e-04 -1.329397670261214109e-03 3.865393823825414091e-04
5.616793479384095455e+00 -1.440895674338350113e-03 -2.146972275879632103e-03 7.060766015440818333e-04
5.617904837463669310e+00 -1.707047308377018097e-03 -2.616900476848670054e-03 9.098531684726580970e-04
5.619016195543242276e+00 -1.697637839510456048e-03 -2.662636464146619919e-03 9.649986246382628863e-04
5.620127553622815242e+00 -1.414369077930709151e-03 -2.277500114855848801e-03 8.631310369261301768e-04
5.621238911702388208e+00 -9.039930203530097130e-04 -1.525641604916035121e-03 6.216485845636082752e-04
5.622350269781961174e+00 -2.505776608491480650e-04 -5.313620672425037328e-04 2.807844063938760848e-04
5.623461627861535028e+00 4.383530545383762522e-04 5.414329410080714888e-04 -1.030798864694246197e-04
5.624572985941108882e+00 1.049518558065662410e-03 1.516251792821048106e-03 -4.667332347534289272e-04
5.625684344020681849e+00 1.482505836259417897e-03 2.233053982192007014e-03 -7.505481459321380888e-04
5.626795702100254815e+00 1.666256123510474058e-03 2.574529381050086330e-03 -9.082732575383875573e-04
5.627907060179827781e+00 1.570707429419844481e-03 2.485304728022594278e-03 -9.145972986059104637e-04
5.629018418259400747e+00 1.211686191563768333e-03 1.980932879524381629e-03 -7.692466879566060844e-04
5.630129776338974601e+00 6.482534576875724139e-04 1.145205467171155761e-03 -4.969520094795813400e-04
5.631241134418547567e+00 -2.704795305334076888e-05 1.162516363016653786e-04 -1.432995893523463828e-04
5.632352492498121421e+00 -7.034330659325856161e-04 -9.362719088096323888e-04 2.328388428776222673e-04
5.633463850577694387e+00 -1.270089787361875638e-03 -1.839133945215454258e-03 5.690441578553410984e-04
5.634575208657267353e+00 -1.634372908815476255e-03 -2.444020418344322598e-03 8.096475095307857639e-04
5.635686566736840319e+00 -1.736988604432714023e-03 -2.651879859169495313e-03 9.148912547404831896e-04
5.636797924816413285e+00 -1.561679896344515817e-03 -2.429127366343576677e-03 8.674474700000218974e-04
5.637909282895987140e+00 -1.137830734781658526e-03 -1.813057279837243518e-03 6.752265450556474424e-04
5.639020640975560994e+00 -5.355720098194141632e-04 -9.055932006307929050e-04 3.700211908117083393e-04
5.640131999055133960e+00 1.457949373567801743e-04 1.435772941370330735e-04 2.217643224694532122e-06
5.641243357134706926e+00 7.941454724934918219e-04 1.161692674967559902e-03 -3.675472024744011468e-04
5.642354715214279892e+00 1.302957258639200755e-03 1.981360141626871407e-03 -6.784028829845377417e-04
5.643466073293852858e+00 1.588785184456393412e-03 2.468068933306165336e-03 -8.792837488486512920e-04
5.644577431373426712e+00 1.604917803311383534e-03 2.542252938048834843e-03 -9.373351347363133301e-04
5.645688789452999679e+00 1.348979532954135835e-03 2.192284916378565984e-03 -8.433053834231429846e-04
5.646800147532573533e+00 8.632410771943757263e-04 1.476281397571502924e-03 -6.130403203761540173e-04
5.647911505612146499e+00 2.276002837252833963e-04 5.124401464712208601e-04 -2.848398627468017898e-04
5.649022863691719465e+00 -4.536005194711667868e-04 -5.404824883856670925e-04 8.688196891774770808e-05
5.650134221771292431e+00 -1.068744521958080868e-03 -1.509329006297271958e-03 4.405844843386151621e-04
5.651245579850865397e+00 -1.517270734813225275e-03 -2.235022502602407313e-03 7.177517677889877490e-04
5.652356937930439251e+00 -1.726152296450018941e-03 -2.598687473655048041e-03 8.725351772054714544e-04
5.653468296010013106e+00 -1.661820384740192447e-03 -2.541120371281194168e-03 8.792999865400111942e-04
5.654579654089586072e+00 -1.335584605448587869e-03 -2.072420887816846247e-03 7.368362823698786090e-04
5.655691012169159038e+00 -8.016727900129333451e-04 -1.270217538473519814e-03 4.685447484605205493e-04
5.656802370248732004e+00 -1.482272743016654903e-04 -2.667984040996967954e-04 1.185711297986905000e-04
5.657913728328304970e+00 5.172488095871799474e-04 7.727190895820690297e-04 -2.554702799936990620e-04
5.659025086407878824e+00 1.085592825606628009e-03 1.677576298064774318e-03 -5.919834724575114004e-04
5.660136444487451790e+00 1.463916702683358551e-03 2.299441846261199296e-03 -8.355251435783125902e-04
5.661247802567025644e+00 1.590826515670419605e-03 2.536745886644521664e-03 -9.459193709748982964e-04
5.662359160646598610e+00 1.446432228951140264e-03 2.351287169086176132e-03 -9.048549401343211618e-04
5.663470518726171576e+00 1.055513397140635592e-03 1.774396833479144342e-03 -7.188834363375355696e-04
5.664581876805744542e+00 4.833346985135267282e-04 9.016639437338051094e-04 -4.183292452181767637e-04
5.665693234885317509e+00 -1.751856875689909027e-04 -1.228905128849450828e-04 -5.229517468456992314e-05
5.666804592964891363e+00 -8.111605423971306877e-04 -1.130571693174521608e-03 3.194111507785367052e-04
5.667915951044465217e+00 -1.319682261475607632e-03 -1.955782324180713183e-03 6.361000627071282387e-04
5.669027309124038183e+00 -1.617079734314262607e-03 -2.463235863450194407e-03 8.461561291355900599e-04
5.670138667203611149e+00 -1.654646772472463667e-03 -2.570139381193173311e-03 9.154926087198266699e-04
5.671250025283184115e+00 -1.426590833414675963e-03 -2.259708649758399024e-03 8.331178163473763887e-04
5.672361383362757081e+00 -9.709052813486676592e-04 -1.583808890135207648e-03 6.129036087886112483e-04
5.673472741442330936e+00 -3.630344324631884501e-04 -6.543058433351039982e-04 2.912714108736641494e-04
5.674584099521903902e+00 2.966138976610022127e-04 3.754317225590358964e-04 -7.881782489854022300e-05
5.675695457601477756e+00 8.992436240156109761e-04 1.335820549666993928e-03 -4.365769256516154051e-04
5.676806815681050722e+00 1.345599868503861984e-03 2.068973842065606472e-03 -7.233739735610818233e-04
5.677918173760623688e+00 1.562300928976648184e-03 2.454641992360652447e-03 -8.923410633845697826e-04
5.679029531840196654e+00 1.513888454752063822e-03 2.429922042340007526e-03 -9.160335875881830958e-04
5.680140889919769620e+00 1.208619946298457315e-03 1.999506303983961120e-03 -7.908863576824368136e-04
5.681252247999343474e+00 6.970598276125469436e-04 1.234801137513029390e-03 -5.377413098999733049e-04
5.682363606078917329e+00 6.371102067492286081e-05 2.620792045973097117e-04 -1.983681839211022882e-04
5.683474964158490295e+00 -5.869270038957631608e-04 -7.583690842228908713e-04 1.714420803279564746e-04
5.684586322238063261e+00 -1.147573304958019597e-03 -1.658642915006270507e-03 5.110696100513066262e-04
5.685697680317636227e+00 -1.525818451480916854e-03 -2.290847142896852706e-03 7.650286914170955146e-04
5.686809038397209193e+00 -1.659312242887178712e-03 -2.551375506213815481e-03 8.920632633289248686e-04
5.687920396476783047e+00 -1.525992405299415877e-03 -2.397874706750340035e-03 8.718823014525114296e-04
5.689031754556356013e+00 -1.147679201499295087e-03 -1.856112710545927691e-03 7.084335090484766145e-04
5.690143112635929867e+00 -5.864536783822815735e-04 -1.015638641105882922e-03 4.291849627244756493e-04
5.691254470715502833e+00 6.557587044855872627e-05 -1.496579934364555831e-05 8.054166979408125537e-05
5.692365828795075799e+00 7.014289427489037165e-04 9.812697778835560714e-04 -2.798408351330147759e-04
5.693477186874648766e+00 1.216832791372426947e-03 1.809407866681080057e-03 -5.925750753088855627e-04
5.694588544954221732e+00 1.527335928697484690e-03 2.333658808287966679e-03 -8.063228795919634428e-04
5.695699903033795586e+00 1.582144688364428564e-03 2.468374368943232477e-03 -8.862296805786876869e-04
5.696811261113369440e+00 1.372414931003686223e-03 2.192041862179722189e-03 -8.196269311750176839e-04
5.697922619192942406e+00 9.326453302418834940e-04 1.550715066386518931e-03 -6.180697361446120183e-04
5.699033977272515372e+00 3.349539658276329615e-04 6.503354026210252103e-04 -3.153814367932213786e-04
5.700145335352088338e+00 -3.228107106061249218e-04 -3.607762756190884684e-04 3.796556501527159622e-05
5.701256693431661304e+00 -9.331622588700568682e-04 -1.316363489222191485e-03 3.832012303550472176e-04
5.702368051511235159e+00 -1.396622529653102768e-03 -2.059584622955044908e-03 6.629620933011511064e-04
5.703479409590808125e+00 -1.638021579375672360e-03 -2.468770112085696966e-03 8.307485327114453449e-04
5.704590767670381979e+00 -1.618777033924684305e-03 -2.477355688207241724e-03 8.585786542840059127e-04
5.705702125749954945e+00 -1.343143705598875970e-03 -2.084725292855575673e-03 7.415815872575011458e-04
5.706813483829527911e+00 -8.574181888720694422e-04 -1.356196787940439075e-03 4.987785990711729456e-04
5.707924841909100877e+00 -2.422421443033437316e-04 -4.121710277593740313e-04 1.699288834582576846e-04
5.709036199988673843e+00 4.007186558639963536e-04 5.917540418810401937e-04 -1.910353860147297189e-04
5.710147558068247697e+00 9.655208879812277045e-04 1.490420580539976447e-03 -5.248996925603585662e-04
5.711258916147821552e+00 1.359358482183152528e-03 2.136275824761564579e-03 -7.769173425765437541e-04
5.712370274227394518e+00 1.517783584761206450e-03 2.423597221049886286e-03 -9.058136362873163427e-04
5.713481632306967484e+00 1.415237282200238617e-03 2.305800742226721267e-03 -8.905634600268295953e-04
5.714592990386540450e+00 1.069168873651254320e-03 1.802998904466262403e-03 -7.338300308145544529e-04
5.715704348466113416e+00 5.370790705739054288e-04 9.985823373775612466e-04 -4.615032668028326915e-04
5.716815706545687270e+00 -9.301360909849069186e-05 2.540498264402488160e-05 -1.184185917416911461e-04
5.717927064625260236e+00 -7.171042384664198799e-04 -9.561391091377300505e-04 2.390348706734213291e-04
5.719038422704834090e+00 -1.232333323101054978e-03 -1.784530401901785607e-03 5.521970788028842878e-04
5.720149780784407056e+00 -1.553898808983877888e-03 -2.323680609796263674e-03 7.697818008134838658e-04
5.721261138863980023e+00 -1.628969276489405232e-03 -2.485266025979628035e-03 8.562967494927953976e-04
5.722372496943552989e+00 -1.445317205601676092e-03 -2.243173257986619262e-03 7.978560523876077060e-04
5.723483855023125955e+00 -1.033263047797536305e-03 -1.637695671219879801e-03 6.044326234210615351e-04
5.724595213102699809e+00 -4.606226951159447802e-04 -7.688073612367174459e-04 3.081846661185279335e-04
5.725706571182273663e+00 1.784986682215397580e-04 2.203621110702172481e-04 -4.186344284798707016e-05
5.726817929261846629e+00 7.792135565501887018e-04 1.167120128947284063e-03 -3.879065723951975742e-04
5.727929287341419595e+00 1.243103768094694361e-03 1.915981328239502179e-03 -6.728775601441000509e-04
5.729040645420992561e+00 1.494378209017710457e-03 2.344210543449784523e-03 -8.498323344300531129e-04
5.730152003500565527e+00 1.492283490939196045e-03 2.381942042742508925e-03 -8.896585517995780207e-04
5.731263361580139382e+00 1.237734489060990373e-03 2.023577003888957226e-03 -7.858425148276095007e-04
5.732374719659712348e+00 7.730856953680458749e-04 1.328600107481626991e-03 -5.555144121120441508e-04
5.733486077739286202e+00 1.750935012737970739e-04 4.116982676267404856e-04 -2.366047663516506090e-04
5.734597435818859168e+00 -4.577614133005145775e-04 -5.761769422292610521e-04 1.184155289293675056e-04
5.735708793898432134e+00 -1.021497547057301919e-03 -1.472675773957370093e-03 4.511782269025921971e-04
5.736820151978005100e+00 -1.423728840366622617e-03 -2.130748916372986190e-03 7.070200760090211700e-04
5.737931510057578066e+00 -1.598822065232638479e-03 -2.442787028359191814e-03 8.439649631267129304e-04
5.739042868137151920e+00 -1.518627474501488273e-03 -2.358237803082280371e-03 8.396103285794667692e-04
5.740154226216725775e+00 -1.197027020777258199e-03 -1.891815742960240021e-03 6.947887221847495048e-04
5.741265584296298741e+00 -6.875639375809941556e-04 -1.120970798216977538e-03 4.334068606393973178e-04
5.742376942375871707e+00 -7.455617938875030992e-05 -1.730497101145242467e-04 9.849353072481983884e-05
5.743488300455444673e+00 5.408332579559110842e-04 7.957226153381125044e-04 -2.548893573811120139e-04
5.744599658535017639e+00 1.057269621846310126e-03 1.625973317245690830e-03 -5.687036953988030413e-04
5.745711016614591493e+00 1.389916768295040156e-03 2.181386214491098929e-03 -7.914694461938001635e-04
5.746822374694164459e+00 1.484363386901027537e-03 2.371072653810875341e-03 -8.867092669109580272e-04
5.747933732773738313e+00 1.325519832967882866e-03 2.164437571155912454e-03 -8.389177381865203786e-04
5.749045090853311279e+00 9.400312205431037710e-04 1.596109356651925076e-03 -6.560781361063397835e-04
5.750156448932884246e+00 3.918210340601606043e-04 7.601393527610963291e-04 -3.683183187012471077e-04
5.751267807012457212e+00 -2.284902576774666336e-04 -2.055580527948828312e-04 -2.293220488002595259e-05
5.752379165092030178e+00 -8.185411772590276552e-04 -1.141951102087339007e-03 3.234099248275957780e-04
5.753490523171604032e+00 -1.281092940380562650e-03 -1.895071425244358732e-03 6.139784848653868227e-04
5.754601881251176998e+00 -1.540024340060692359e-03 -2.341320565704761714e-03 8.012962256435020997e-04
5.755713239330750852e+00 -1.552828616915198634e-03 -2.407743576926787976e-03 8.549149600118235298e-04
5.756824597410323818e+00 -1.317562509988927377e-03 -2.083944965221296020e-03 7.663824552309531080e-04
5.757935955489896784e+00 -8.731131654506618656e-04 -1.423701398998229728e-03 5.505882335508031217e-04
5.759047313569469750e+00 -2.927490987811448564e-04 -5.360223597324145772e-04 2.432732609560159243e-04
5.760158671649043605e+00 3.279742672483362820e-04 4.328551374910422078e-04 -1.048808702392850511e-04
5.761270029728616571e+00 8.869573910999170585e-04 1.323563715910844318e-03 -4.366063248112672657e-04
5.762381387808190425e+00 1.292353847808729028e-03 1.989823972531098994e-03 -6.974701247200489063e-04
5.763492745887763391e+00 1.477658730891735772e-03 2.322470831199061059e-03 -8.448121003056027062e-04
5.764604103967336357e+00 1.412610086558196282e-03 2.267341861763555455e-03 -8.547317752024517767e-04
5.765715462046909323e+00 1.108117341680796980e-03 1.834096658135532520e-03 -7.259793164516217118e-04
5.766826820126482289e+00 6.144153220456680109e-04 1.094531683331203403e-03 -4.801163612884705445e-04
5.767938178206056143e+00 1.275728940567776720e-05 1.706839081564558852e-04 -1.579266187505484840e-04
5.769049536285629109e+00 -5.979779928306158676e-04 -7.853054347162248539e-04 1.873274418878394069e-04
5.770160894365202964e+00 -1.117556264492804846e-03 -1.616244340898940340e-03 4.986880764065743793e-04
5.771272252444775930e+00 -1.460856443306630947e-03 -2.185735069195275659e-03 7.248786258922702841e-04
5.772383610524348896e+00 -1.571831073087129327e-03 -2.400561374233792233e-03 8.287303011490290694e-04
5.773494968603921862e+00 -1.432668125679922855e-03 -2.225943582950806743e-03 7.932754572767264367e-04
5.774606326683495716e+00 -1.066656033205437559e-03 -1.691165204560494961e-03 6.245091713573333592e-04
5.775717684763068682e+00 -5.342911034593861297e-04 -8.846612609249432380e-04 3.503701574650887329e-04
5.776829042842642536e+00 7.672215626271239319e-05 6.060792328809599949e-05 1.611423297948402777e-05
5.777940400922215503e+00 6.659246192840528877e-04 9.890783075467493579e-04 -3.231536882602678573e-04
5.779051759001788469e+00 1.136627505267096688e-03 1.748184638014536885e-03 -6.115571327469804946e-04
5.780163117081361435e+00 1.411789663416911783e-03 2.213430077796424422e-03 -8.016404143790841624e-04
5.781274475160934401e+00 1.446639020810679133e-03 2.308803391054461279e-03 -8.621643702434074463e-04
5.782385833240508255e+00 1.235969460186938859e-03 2.019195268192698622e-03 -7.832258080035150311e-04
5.783497191320081221e+00 8.149229654434040834e-04 1.392785689625867379e-03 -5.778627241780102605e-04
5.784608549399655075e+00 2.531396227973053623e-04 5.330257874132295765e-04 -2.798861646138681332e-04
5.785719907479228041e+00 -3.567516454008436491e-04 -4.184514907000797673e-04 6.169984530183430030e-05
5.786831265558801007e+00 -9.144001611298135934e-04 -1.305168777689463822e-03 3.907686165614309218e-04
5.787942623638373973e+00 -1.328242442090420139e-03 -1.981544149488017464e-03 6.533017074010129960e-04
5.789053981717946940e+00 -1.530537172455652406e-03 -2.336799086902770217e-03 8.062619144482488509e-04
5.790165339797520794e+00 -1.488457205898713331e-03 -2.313107990310175888e-03 8.246507844151939465e-04
5.791276697877094648e+00 -1.209421937162676042e-03 -1.915015408866162228e-03 7.055934717073702317e-04
5.792388055956667614e+00 -7.398032682820396277e-04 -1.208587129634966506e-03 4.687838613546650712e-04
5.793499414036240580e+00 -1.572292240103190242e-04 -3.104510933459175837e-04 1.532218693367434770e-04
5.794610772115813546e+00 4.422385319076058141e-04 6.314544083183132317e-04 -1.892158764075606292e-04
5.795722130195386512e+00 9.599363520808590344e-04 1.462247653024946470e-03 -5.023113009411973862e-04
5.796833488274960366e+00 1.310831246320514482e-03 2.045572250686036875e-03 -7.347410043622160103e-04
5.797944846354533333e+00 1.437484642145114150e-03 2.285979744120356094e-03 -8.484951019719303572e-04
5.799056204434107187e+00 1.319454795939232344e-03 2.144551989407494919e-03 -8.250971934655980389e-04
5.800167562513680153e+00 9.765990759867566873e-04 1.645206267438026337e-03 -6.686071914478730616e-04
5.801278920593253119e+00 4.657428391849210980e-04 8.706616310020266758e-04 -4.049187918151999840e-04
5.802390278672826085e+00 -1.287267949774085693e-04 -5.125399741376900076e-05 -7.747279756161579677e-05
5.803501636752399051e+00 -7.087858845237701710e-04 -9.686898119632397081e-04 2.599039274420117743e-04
5.804612994831972905e+00 -1.178920325450076578e-03 -1.730773405481045996e-03 5.518530800346296838e-04
5.805724352911546760e+00 -1.461835443671819640e-03 -2.212411475485065449e-03 7.505760318149146126e-04
5.806835710991119726e+00 -1.511145666777249930e-03 -2.334813555933595852e-03 8.236678891560909183e-04
5.807947069070692692e+00 -1.318961925147535408e-03 -2.078371834959250042e-03 7.594099098152673477e-04
5.809058427150265658e+00 -9.171365619566676508e-04 -1.485791902441677137e-03 5.686553404874155476e-04
5.810169785229838624e+00 -3.719703095240931012e-04 -6.549751032616860091e-04 2.830047937391090562e-04
5.811281143309412478e+00 2.267387583314850463e-04 2.771614297699606655e-04 -5.042267143300083188e-05
5.812392501388985444e+00 7.804953165775133095e-04 1.157253194636914673e-03 -3.767578780594499355e-04
5.813503859468559298e+00 1.198316677366279004e-03 1.840725371782862829e-03 -6.424086944134196897e-04
5.814615217548132264e+00 1.411684951280942762e-03 2.215545818784248056e-03 -8.038608675008922927e-04
5.815726575627705230e+00 1.385784599971306291e-03 2.220591729907461787e-03 -8.348071299318950145e-04
5.816837933707278196e+00 1.125182778440120268e-03 1.855619142995618143e-03 -7.304363645520822040e-04
5.817949291786851163e+00 6.730262075278024142e-04 1.181209466748291831e-03 -5.081832592173148727e-04
5.819060649866425017e+00 1.038956192796090458e-04 3.087172876561098886e-04 -2.048216683777177513e-04
5.820172007945998871e+00 -4.884985977733910870e-04 -6.181127354260469720e-04 1.296141376536507489e-04
5.821283366025571837e+00 -1.006749431756742696e-03 -1.446825227043986584e-03 4.400757952877972640e-04
5.822394724105144803e+00 -1.365773299336403568e-03 -2.041329114902457054e-03 6.755558155681394908e-04
5.823506082184717769e+00 -1.506782496836486795e-03 -2.304244309524632051e-03 7.974618126928619682e-04
5.824617440264290735e+00 -1.406915715837710190e-03 -2.192850846566965495e-03 7.859351307331306768e-04
5.825728798343864590e+00 -1.082949265438538922e-03 -1.726028534301510264e-03 6.430792688674902974e-04
5.826840156423437556e+00 -5.884869018872168622e-04 -9.810601006794011925e-04 3.925731987932008782e-04
5.827951514503011410e+00 -5.099028632327140542e-06 -8.083876414488599949e-05 7.573973551592422249e-05
5.829062872582584376e+00 5.711240039480841579e-04 8.264023890410879258e-04 -2.552783850914494557e-04
5.830174230662157342e+00 1.045387973031844386e-03 1.591495839678228053e-03 -5.461078666442152618e-04
5.831285588741730308e+00 1.339777297097517056e-03 2.088861934441799129e-03 -7.490846373459751628e-04
5.832396946821303274e+00 1.406043031402556820e-03 2.237117009813965884e-03 -8.310739784091435156e-04
5.833508304900877128e+00 1.233498232701187719e-03 2.012385820000187758e-03 -7.788875872982679860e-04
5.834619662980450983e+00 8.507296114188683811e-04 1.452141095514884739e-03 -6.014114840946502630e-04
5.835731021060023949e+00 3.208524753163604325e-04 6.489534338397235508e-04 -3.281009585207059556e-04
5.836842379139596915e+00 -2.689025283939619482e-04 -2.648059032134796043e-04 -4.096625177672850830e-06
5.837953737219169881e+00 -8.215519654025341817e-04 -1.138781240400198180e-03 3.172292749977195098e-04
5.839065095298742847e+00 -1.246305970012000913e-03 -1.829372065649807755e-03 5.830660956366671283e-04
5.840176453378316701e+00 -1.473476000617320036e-03 -2.223325189449690265e-03 7.498491888336851485e-04
5.841287811457889667e+00 -1.465895993433285333e-03 -2.256303539719110851e-03 7.904075462864430801e-04
5.842399169537463521e+00 -1.224985337608695823e-03 -1.923387220395499086e-03 6.984018827862672335e-04
5.843510527617036487e+00 -7.904652118878308098e-04 -1.279793144109836467e-03 4.893279322228973049e-04
5.844621885696609453e+00 -2.337840682390054936e-04 -4.317098791224369125e-04 1.979258108841600028e-04
5.845733243776182420e+00 3.536584456756003414e-04 4.812308194780262616e-04 -1.275723738025993925e-04
5.846844601855755386e+00 8.755468580902495135e-04 1.308952049776573867e-03 -4.334051916867979332e-04
5.847955959935329240e+00 1.246469740447724017e-03 1.915611102197581350e-03 -6.691413617474616798e-04
5.849067318014903094e+00 1.405924181518445476e-03 2.201901312957686707e-03 -7.959771314382437651e-04
5.850178676094476060e+00 1.328207286065249265e-03 2.121314689313702484e-03 -7.931074032465380841e-04
5.851290034174049026e+00 1.026576448094713642e-03 1.687701822903744930e-03 -6.611253748079375450e-04
5.852401392253621992e+00 5.510043181532449721e-04 9.729001227341063651e-04 -4.218958045795057066e-04
5.853512750333194958e+00 -2.009219194028591393e-05 9.483568127061688807e-05 -1.149278732087083768e-04
5.854624108412768813e+00 -5.927801127155740701e-04 -8.019307760955829423e-04 2.091506633799644198e-04
5.855735466492341779e+00 -1.073064165703241368e-03 -1.570004578122181915e-03 4.969404124203951126e-04
5.856846824571915633e+00 -1.382322985187863645e-03 -2.083385732735126145e-03 7.010627475523487084e-04
5.857958182651488599e+00 -1.470191880573897686e-03 -2.258142582001895771e-03 7.879507014275609345e-04
5.859069540731061565e+00 -1.322780040443380378e-03 -2.066138122197767879e-03 7.433580817555168058e-04
5.860180898810634531e+00 -9.648802886512222732e-04 -1.539563852158927493e-03 5.746835635096220890e-04
5.861292256890207497e+00 -4.558189394048561827e-04 -7.655504733023801855e-04 3.097315338976020654e-04
5.862403614969781351e+00 1.203609884020684362e-04 1.282430226763331405e-04 -7.882034271928031743e-06
5.863514973049355206e+00 6.687599041825045831e-04 9.946788670812806155e-04 -3.259189628932908367e-04
5.864626331128928172e+00 1.099240139562869534e-03 1.691358154433969530e-03 -5.921180148676392224e-04
5.865737689208501138e+00 1.341232765600868654e-03 2.104020815027425606e-03 -7.627880494253721361e-04
5.866849047288074104e+00 1.355300530957777999e-03 2.165282786766933865e-03 -8.099822558044946635e-04
5.867960405367647070e+00 1.139562077965408649e-03 1.865637735978951245e-03 -7.260756580105900970e-04
5.869071763447220924e+00 7.299305053659402298e-04 1.254927042499590084e-03 -5.249965371315230833e-04
5.870183121526793890e+00 1.941379274128284330e-04 4.340514140984755298e-04 -2.399134866808336729e-04
5.871294479606367744e+00 -3.794607779303406717e-04 -4.616980337525111722e-04 8.223725582393514796e-05
5.872405837685940710e+00 -8.964552616840017196e-04 -1.284935912556232906e-03 3.884806508747604137e-04
5.873517195765513677e+00 -1.271917185248386956e-03 -1.900431830804620581e-03 6.285146455619842337e-04
5.874628553845086643e+00 -1.444351559043949990e-03 -2.207323360437808690e-03 7.629718013979439745e-04
5.875739911924659609e+00 -1.385770634296321774e-03 -2.155644192841484064e-03 7.698735585478944793e-04
5.876851270004233463e+00 -1.106240341730901910e-03 -1.754459158627298676e-03 6.482188169025793201e-04
5.877962628083807317e+00 -6.521608037148157733e-04 -1.070281744522248724e-03 4.181209408099517688e-04
5.879073986163380283e+00 -9.857392264944753180e-05 -2.160492850889900174e-04 1.174753624429945853e-04
5.880185344242953249e+00 4.632273027074113037e-04 6.675171373588667523e-04 -2.042898346490060191e-04
5.881296702322526215e+00 9.407425597128607486e-04 1.435091907220360785e-03 -4.943493475070993154e-04
5.882408060402099181e+00 1.255482915267239208e-03 1.960645520350301485e-03 -7.051626050795199718e-04
5.883519418481673036e+00 1.355861343168913297e-03 2.158136171279301241e-03 -8.022748281098467105e-04
5.884630776561246002e+00 1.225638755775351404e-03 1.995595356089344824e-03 -7.699566003134677983e-04
5.885742134640819856e+00 8.865433270646254360e-04 1.500301741518952903e-03 -6.137584144516212981e-04
5.886853492720392822e+00 3.946411646304050572e-04 7.542061480896459016e-04 -3.595649834571661152e-04
5.887964850799965788e+00 -1.689354169913323545e-04 -1.196254827754827249e-04 -4.930993421409365571e-05
5.889076208879538754e+00 -7.113688273075666202e-04 -9.773087394823638807e-04 2.659399121764365742e-04
5.890187566959111720e+00 -1.143439688108333768e-03 -1.677829930227945493e-03 5.343902421214782872e-04
5.891298925038685574e+00 -1.394196637553440921e-03 -2.106227976977390060e-03 7.120313394277481833e-04
5.892410283118259429e+00 -1.422600813671862086e-03 -2.192458369132455065e-03 7.698575554611983979e-04
5.893521641197832395e+00 -1.224234396084579457e-03 -1.922844084042918400e-03 6.986096879603598958e-04
5.894632999277405361e+00 -8.319770238479004543e-04 -1.342241705405144980e-03 5.102646815604502950e-04
5.895744357356978327e+00 -3.105474125249391149e-04 -5.465802158761759455e-04 2.360328033525656288e-04
5.896855715436551293e+00 2.541835535693481862e-04 3.329867461187990818e-04 -7.880319254923925931e-05
5.897967073516125147e+00 7.693434960356071439e-04 1.151697374216713310e-03 -3.823538781794928731e-04
5.899078431595698113e+00 1.150341147109792267e-03 1.775004516250809627e-03 -6.246633691411023620e-04
5.900189789675271967e+00 1.334766193260325529e-03 2.100684844744647728e-03 -7.659186514820497116e-04
5.901301147754844934e+00 1.292622552015468274e-03 2.075601788832204253e-03 -7.829792368148312531e-04
5.902412505834417900e+00 1.031217347491513933e-03 1.704373822448132514e-03 -6.731564749532029102e-04
5.903523863913990866e+00 5.939089331594375049e-04 1.048534455184740866e-03 -4.546255220207731304e-04
5.904635221993563832e+00 5.292814554679319689e-05 2.163354995340840276e-04 -1.634073539850473995e-04
5.905746580073137686e+00 -5.025388050963058850e-04 -6.551167383283505730e-04 1.525779332348878997e-04
5.906857938152710652e+00 -9.810399283028663903e-04 -1.422444616327161321e-03 4.414046880265257849e-04
5.907969296232284506e+00 -1.303900463374755431e-03 -1.959582239399182413e-03 6.556817760276223428e-04
5.909080654311857472e+00 -1.418145394259624076e-03 -2.178479909543160065e-03 7.603345152833174136e-04
5.910192012391430438e+00 -1.305179527339873219e-03 -2.043530098876311651e-03 7.383505715376353917e-04
5.911303370471003404e+00 -9.838035315043527906e-04 -1.577352036269338842e-03 5.935485047681866161e-04
5.912414728550577259e+00 -5.070774495713123442e-04 -8.569959155951129004e-04 3.499184660261320245e-04
5.913526086630150225e+00 4.644466378764255943e-05 -1.203988851061765786e-06 4.764865264254673771e-05
5.914637444709724079e+00 5.856606395630778450e-04 8.491649294473033183e-04 -2.635042898843711900e-04
5.915748802789297045e+00 1.021912949569672713e-03 1.554320114451272772e-03 -5.324071648817128161e-04
5.916860160868870011e+00 1.283560994307705178e-03 1.998516539841899142e-03 -7.149555455325216913e-04
5.917971518948442977e+00 1.327737989474244568e-03 2.109048623786254073e-03 -7.813106343090535366e-04
5.919082877028015943e+00 1.147363499542542950e-03 1.868143461307172210e-03 -7.207799617633377579e-04
5.920194235107589797e+00 7.722650929907091608e-04 1.315808443121452634e-03 -5.435433501272020351e-04
5.921305593187162764e+00 2.642324183446537189e-04 5.431777867755680292e-04 -2.789453684286249090e-04
5.922416951266736618e+00 -2.931754554856965886e-04 -3.225351144829618349e-04 2.935965900066400333e-05
5.923528309346309584e+00 -8.083873257845597404e-04 -1.138994402390722249e-03 3.306070766089779650e-04
5.924639667425882550e+00 -1.196876060829899641e-03 -1.772154641597727814e-03 5.752785807699610163e-04
5.925751025505455516e+00 -1.395037604892627320e-03 -2.118278175715252593e-03 7.232405708227779284e-04
5.926862383585029370e+00 -1.370613524750801532e-03 -2.120940109700306109e-03 7.503265849544780292e-04
5.927973741664602336e+00 -1.127949024455121574e-03 -1.780233104189996030e-03 6.522840797346350639e-04
5.929085099744176190e+00 -7.072294741285803377e-04 -1.152670249514743672e-03 4.454407753872059034e-04
5.930196457823749157e+00 -1.778292614728824161e-04 -3.418153615575708626e-04 1.639861000826622894e-04
5.931307815903322123e+00 3.731258524136416010e-04 5.188059096253166969e-04 -1.456800572099611890e-04
5.932419173982895089e+00 8.550966657761005507e-04 1.287694242489589858e-03 -4.325975767114527415e-04
5.933530532062468055e+00 1.189008632348120126e-03 1.838642973258024227e-03 -6.496343409065370028e-04
5.934641890142041909e+00 1.320224630520231562e-03 2.081456655309031623e-03 -7.612320247883334196e-04
5.935753248221614875e+00 1.227483568464578928e-03 1.976720243521478543e-03 -7.492366750550399912e-04
5.936864606301188729e+00 9.263420402568275230e-04 1.542200136555902518e-03 -6.158580962962942329e-04
5.937975964380761695e+00 4.665617197125524612e-04 8.498372919539393111e-04 -3.832755722406929605e-04
5.939087322460334661e+00 -7.611908742868270933e-05 1.384051893509648939e-05 -8.995960636068553624e-05
5.940198680539907627e+00 -6.124691042522813211e-04 -8.281498293413267625e-04 2.156807250879664434e-04
5.941310038619481482e+00 -1.054445098675065723e-03 -1.537721402920633196e-03 4.832763042466213174e-04
5.942421396699054448e+00 -1.329654405294481562e-03 -1.998442397972470530e-03 6.687879926810507553e-04
5.943532754778628302e+00 -1.393222687637227925e-03 -2.134967034702187072e-03 7.417443470651187420e-04
5.944644112858201268e+00 -1.235120731788691417e-03 -1.925358876956856369e-03 6.902381451689473119e-04
5.945755470937774234e+00 -8.817533329863111446e-04 -1.404616319467727470e-03 5.228629864833401336e-04
5.946866829017347200e+00 -3.915581898758929702e-04 -6.588336844467190812e-04 2.672754945731801307e-04
5.947978187096920166e+00 1.546524195900483845e-04 1.890284891607474371e-04 -3.437606956974842420e-05
5.949089545176494020e+00 6.670114897185525082e-04 9.994125247302365622e-04 -3.324010350102546418e-04
5.950200903256066987e+00 1.061383633980877289e-03 1.639131286249977115e-03 -5.777476522677883752e-04
5.951312261335640841e+00 1.273185251167451015e-03 2.003254948575616812e-03 -7.300696974089412178e-04
5.952423619415213807e+00 1.267968406067063181e-03 2.032320532692470649e-03 -7.643521266265315695e-04
5.953534977494786773e+00 1.047033780778316298e-03 1.722041961401570009e-03 -6.750081806211590332e-04
5.954646335574359739e+00 6.471578243457485474e-04 1.123935274641269313e-03 -4.767774502951460658e-04
5.955757693653932705e+00 1.344881458773886096e-04 3.367693537784360175e-04 -2.022812078984915097e-04
5.956869051733506559e+00 -4.063802433884227197e-04 -5.097392146798905566e-04 1.033589712935544924e-04
5.957980409813080414e+00 -8.863445807796143522e-04 -1.276295602559311682e-03 3.899510217809463303e-04
5.959091767892653380e+00 -1.226453590655464387e-03 -1.836940354401944003e-03 6.104867637470980449e-04
5.960203125972226346e+00 -1.370875201150232453e-03 -2.099738207304933935e-03 7.288630061567189650e-04
5.961314484051799312e+00 -1.296043340800048099e-03 -2.021844293612212740e-03 7.258009528126434240e-04
5.962425842131372278e+00 -1.014485772584658441e-03 -1.616479053794660226e-03 6.019932812112143566e-04
5.963537200210946132e+00 -5.727115971628712887e-04 -9.506768080098371154e-04 3.779652108482772777e-04
5.964648558290519098e+00 -4.351458344827724423e-05 -1.341912311125376123e-04 9.067664766655887665e-05
5.965759916370092952e+00 4.860339887346118437e-04 6.986058967212646631e-04 -2.125719079896226660e-04
5.966871274449665918e+00 9.289225081032595477e-04 1.410847120492095264e-03 -4.819246123879041693e-04
5.967982632529238884e+00 1.212505608286694458e-03 1.885670615157687691e-03 -6.731650068686617638e-04
5.969093990608811851e+00 1.290428004948329654e-03 2.045400979829706256e-03 -7.549729748799333118e-04
5.970205348688384817e+00 1.150208620641964691e-03 1.864261248493197243e-03 -7.140526278492948659e-04
5.971316706767958671e+00 8.152443474853457439e-04 1.372535703587269423e-03 -5.572913561002557428e-04
5.972428064847532525e+00 3.409120402991538436e-04 6.515113918098437013e-04 -3.105993515090999836e-04
5.973539422927105491e+00 -1.945819058998049175e-04 -1.799569620922454941e-04 -1.462494380529691038e-05
5.974650781006678457e+00 -7.030924411383001477e-04 -9.850381766590074473e-04 2.819457355197271808e-04
5.975762139086251423e+00 -1.101042459981570187e-03 -1.631442697579869178e-03 5.304002376008915345e-04
5.976873497165824389e+00 -1.323157768564713760e-03 -2.013161747051607497e-03 6.900039784893535755e-04
5.977984855245398244e+00 -1.333173331071670076e-03 -2.067855067344734343e-03 7.346817362740981627e-04
5.979096213324971210e+00 -1.129754860495858770e-03 -1.787035190686556141e-03 6.572803301912524820e-04
5.980207571404545064e+00 -7.466689321225516984e-04 -1.217384375036517641e-03 4.707154429158220965e-04
5.981318929484118030e+00 -2.471817438191442617e-04 -4.530003814793154282e-04 2.058186376608980156e-04
5.982430287563690996e+00 2.863844751764127450e-04 3.801412602502315941e-04 -9.375678507504876802e-05
5.983541645643263962e+00 7.662136071214832589e-04 1.144943178406750139e-03 -3.787295712815823279e-04
5.984653003722836928e+00 1.113442246295674037e-03 1.715740790795450277e-03 -6.022985445002671662e-04
5.985764361802410782e+00 1.271114386122963735e-03 1.998945324916845401e-03 -7.278309387935069652e-04
5.986875719881984637e+00 1.213516413539068861e-03 1.948384412052077408e-03 -7.348679985141985671e-04
5.987987077961557603e+00 9.503626927151245796e-04 1.572825905578976308e-03 -6.224632128600353365e-04
5.989098436041130569e+00 5.251507248171813705e-04 9.344591212951964404e-04 -4.093083964781833381e-04
5.990209794120703535e+00 7.964353860626625925e-06 1.385959350252213493e-04 -1.306315811657613249e-04
5.991321152200276501e+00 -5.160841453856583605e-04 -6.837028274797457561e-04 1.676186820937916253e-04
5.992432510279850355e+00 -9.608669381186169672e-04 -1.397209664712819460e-03 4.363427265938859059e-04
5.993543868359423321e+00 -1.253401337212942807e-03 -1.884767457564433257e-03 6.313661203526848079e-04
5.994655226438997175e+00 -1.345830107429665107e-03 -2.066524783013140576e-03 7.206946755868581800e-04
5.995766584518570141e+00 -1.223254790896490668e-03 -1.913011539114300996e-03 6.897567482201071021e-04
5.996877942598143107e+00 -9.061399435741218644e-04 -1.449913954189280263e-03 5.437740106161142312e-04
5.997989300677716074e+00 -4.469004635056089692e-04 -7.537755881918614675e-04 3.068751246876610939e-04
5.999100658757289040e+00 7.875899374881062398e-05 6.065630623245527042e-05 1.810268751575166979e-05
6.000212016836862894e+00 5.843215631872768212e-04 8.593472789952330548e-04 -2.750257158082337894e-04
6.001323374916436748e+00 9.866962046495009186e-04 1.511036616059793780e-03 -5.243404114119946252e-04
6.002434732996009714e+00 1.219873151355896357e-03 1.908811723075790057e-03 -6.889385717171771228e-04
6.003546091075582680e+00 1.245752681021637664e-03 1.987650004327101705e-03 -7.418973233039426879e-04
6.004657449155155646e+00 1.060370876640863783e-03 1.735050116327390562e-03 -6.746792396855952334e-04
6.005768807234728612e+00 6.945051706886053861e-04 1.193014501465663318e-03 -4.985093307748617725e-04
6.006880165314302467e+00 2.085677696735620777e-04 4.510692734013468236e-04 -2.425015037244527757e-04
6.007991523393875433e+00 -3.173657983072467048e-04 -3.685186785781415647e-04 5.115288027190403528e-05
6.009102881473449287e+00 -7.967471978149835710e-04 -1.130886425428079267e-03 3.341392276149336357e-04
6.010214239553022253e+00 -1.150792113879153811e-03 -1.710762587085825487e-03 5.599704732084896663e-04
6.011325597632595219e+00 -1.321421612086842723e-03 -2.013047563459109679e-03 6.916259513724473673e-04
6.012436955712168185e+00 -1.280782406374105648e-03 -1.988405480033483830e-03 7.076230736593556309e-04
6.013548313791741151e+00 -1.035785686946424228e-03 -1.641311602809600312e-03 6.055259158636062955e-04
6.014659671871315005e+00 -6.269251675495718379e-04 -1.029242739720222233e-03 4.023175721735716692e-04
6.015771029950888860e+00 -1.215764211308575926e-04 -2.531559338581831908e-04 1.315795127285520477e-04
6.016882388030461826e+00 3.971135216759430486e-04 5.591673547510125908e-04 -1.620538330722887804e-04
6.017993746110034792e+00 8.439139786853774861e-04 1.274163745672608761e-03 -4.302497669845181671e-04
6.019105104189607758e+00 1.145522327725901485e-03 1.774451956772227224e-03 -6.289296290469936074e-04
6.020216462269180724e+00 1.252595975442784282e-03 1.978106486256198809e-03 -7.255105108128559466e-04
6.021327820348754578e+00 1.147829532280351256e-03 1.852076334043047806e-03 -7.042468017614197939e-04
6.022439178428327544e+00 8.487549452117302412e-04 1.417550974069177808e-03 -5.687960288569618439e-04
6.023550536507901398e+00 4.048115885890500414e-04 7.464025630903037278e-04 -3.415909745021392628e-04
6.024661894587474364e+00 -1.108241564181226303e-04 -5.069847521991382999e-05 -6.012568119788093760e-05
6.025773252667047331e+00 -6.132995681849828795e-04 -8.425294186074974712e-04 2.292298504250325428e-04
6.026884610746620297e+00 -1.020048624044513075e-03 -1.498914648584571963e-03 4.788660245413347769e-04
6.027995968826193263e+00 -1.264359591868335214e-03 -1.912123259144839216e-03 6.477636672756297009e-04
6.029107326905767117e+00 -1.306317548564320252e-03 -2.014547712500834586e-03 7.082301639348906330e-04
6.030218684985340971e+00 -1.139326806230901018e-03 -1.789762561219182535e-03 6.504357549918272918e-04
6.031330043064913937e+00 -7.911472931473803594e-04 -1.275154457246796547e-03 4.840071640996122110e-04
6.032441401144486903e+00 -3.192822254805688376e-04 -5.557027157589711219e-04 2.364204902808135500e-04
6.033552759224059869e+00 1.985168429100570009e-04 2.500550283590780021e-04 -5.153818544860466755e-05
6.034664117303632835e+00 6.770599526940007662e-04 1.009554301811217691e-03 -3.324943491154613850e-04
6.035775475383206690e+00 1.037733282364450282e-03 1.598014199009060998e-03 -5.602809166430165050e-04
6.036886833462779656e+00 1.221412856294717270e-03 1.918938311459519874e-03 -6.975254551621103138e-04
6.037998191542353510e+00 1.198156148452176467e-03 1.919937979802981837e-03 -7.217818313497055549e-04
6.039109549621926476e+00 9.720829302956972284e-04 1.601283233376271653e-03 -6.292003030786011766e-04
6.040220907701499442e+00 5.806497484953853858e-04 1.015785813616621944e-03 -4.351360651181340050e-04
6.041332265781072408e+00 8.844513233951340966e-05 2.600454576982115604e-04 -1.716003253592231215e-04
6.042443623860645374e+00 -4.234668229778949800e-04 -5.414896811691619072e-04 1.180228581918107630e-04
6.043554981940219228e+00 -8.708964824544734168e-04 -1.257018356311721818e-03 3.861218738564174691e-04
6.044666340019793083e+00 -1.180373936486022596e-03 -1.769061909518067355e-03 5.886879730317021511e-04
6.045777698099366049e+00 -1.301212762492905128e-03 -1.993755541304209622e-03 6.925427788134399382e-04
6.046889056178939015e+00 -1.213811554918932389e-03 -1.894587277340459286e-03 6.807757224241792887e-04
6.048000414258511981e+00 -9.328336999563334453e-04 -1.488333814455372606e-03 5.555001144998857054e-04
6.049111772338084947e+00 -5.047497161472722094e-04 -8.422282535507086276e-04 3.374785374057401310e-04
6.050223130417658801e+00 -1.539320499573115786e-07 -6.283740959465294873e-05 6.268347754404511585e-05
6.051334488497231767e+00 4.978742448574734192e-04 7.215114378584866484e-04 -2.236371930005916914e-04
6.052445846576805621e+00 9.074457255136211820e-04 1.381856633774283805e-03 -4.744109082596061761e-04
6.053557204656378588e+00 1.161322883268013639e-03 1.809803301086064520e-03 -6.484804178186111961e-04
6.054668562735951554e+00 1.217953829103356200e-03 1.935314221442649418e-03 -7.173603923397667975e-04
6.055779920815524520e+00 1.068269184987136883e-03 1.738170503967864655e-03 -6.699013189789644260e-04
6.056891278895097486e+00 7.371298011491084212e-04 1.251226724401675178e-03 -5.140969232504816189e-04
6.058002636974671340e+00 2.791947078110736113e-04 5.549366849888492936e-04 -2.757419771768224517e-04
6.059113995054245194e+00 -2.301038378492029426e-04 -2.359383173027931879e-04 5.834479453522591064e-06
6.060225353133818160e+00 -7.069879478781709858e-04 -9.912429561114849408e-04 2.842550082343868814e-04
6.061336711213391126e+00 -1.073116765487163934e-03 -1.586846167329056256e-03 5.137294018426573350e-04
6.062448069292964092e+00 -1.268456648502017114e-03 -1.925039836459231657e-03 6.565831879594037634e-04
6.063559427372537058e+00 -1.261124435647797970e-03 -1.950565882619992308e-03 6.894414469727633277e-04
6.064670785452110913e+00 -1.052589826430749831e-03 -1.659642948570329291e-03 6.070531221384831144e-04
6.065782143531683879e+00 -6.773880250770664135e-04 -1.100518298405364637e-03 4.231302733305811192e-04
6.066893501611257733e+00 -1.973973956674035524e-04 -3.654656984978729706e-04 1.680683028334184481e-04
6.068004859690830699e+00 3.083697436602333974e-04 4.244436161282283404e-04 -1.160738724659583776e-04
6.069116217770403665e+00 7.567787737266726267e-04 1.139283549695425946e-03 -3.825047759689823024e-04
6.070227575849976631e+00 1.074244072120002919e-03 1.661644517756181993e-03 -5.874004456345779251e-04
6.071338933929549597e+00 1.208811645475919849e-03 1.905918339159845543e-03 -6.971066936803712449e-04
6.072450292009123451e+00 1.138669020059740467e-03 1.832329156542564230e-03 -6.936601364797845282e-04
6.073561650088696418e+00 8.756883464508882775e-04 1.453410872158174272e-03 -5.777225257060786268e-04
6.074673008168270272e+00 4.634270745137031300e-04 8.318764213828752641e-04 -3.684493468694392815e-04
6.075784366247843238e+00 -3.007753708574988777e-05 7.024072642639826031e-05 -1.003182635120581593e-04
6.076895724327416204e+00 -5.235284165245931293e-04 -7.060856862619990099e-04 1.825572697377111919e-04
6.078007082406989170e+00 -9.357531931570677031e-04 -1.369444374374285955e-03 4.336911812159987417e-04
6.079118440486563024e+00 -1.199049921927576590e-03 -1.810918643345503509e-03 6.118687214196148055e-04
6.080229798566135990e+00 -1.270300084261419271e-03 -1.958214209011904794e-03 6.879141247528065828e-04
6.081341156645709844e+00 -1.138024943288455659e-03 -1.787495590589827099e-03 6.494706473061852975e-04
6.082452514725282811e+00 -8.242306910759590599e-04 -1.327240520086286901e-03 5.030098290096512992e-04
6.083563872804855777e+00 -3.807460672040144378e-04 -6.534893935583943603e-04 2.727433263563124044e-04
6.084675230884428743e+00 1.193380678427384545e-04 1.227178127699291021e-04 -3.379744925837563363e-06
6.085786588964001709e+00 5.937133421479029449e-04 8.736415161753469105e-04 -2.799281740251940293e-04
6.086897947043575563e+00 9.643979325349924525e-04 1.475863448218581175e-03 -5.114655156811948045e-04
6.088009305123148529e+00 1.170551513432812468e-03 1.830569325900539834e-03 -6.600178124664003027e-04
6.089120663202722383e+00 1.178455386375350245e-03 1.879760063498651934e-03 -7.013046771219225844e-04
6.090232021282295349e+00 9.870209290386462719e-04 1.615732070491298494e-03 -6.287111414532186096e-04
6.091343379361868315e+00 6.279267947068758321e-04 1.082277202946905353e-03 -4.543504082419238393e-04
6.092454737441441281e+00 1.603694780059746958e-04 3.674161832448816917e-04 -2.070467052390201866e-04
6.093566095521015136e+00 -3.387026241171674223e-04 -4.111286834099217233e-04 7.242605929336839304e-05
6.094677453600588102e+00 -7.872602393616586619e-04 -1.125323732436209895e-03 3.380634930745269467e-04
6.095788811680161956e+00 -1.111682532352949171e-03 -1.657883166239607770e-03 5.462006338866976299e-04
6.096900169759734922e+00 -1.258846203293102067e-03 -1.921533284540633685e-03 6.626870812477952954e-04
6.098011527839307888e+00 -1.204829035890496447e-03 -1.873317428343179714e-03 6.684883924538732869e-04
6.099122885918880854e+00 -9.588017897031730907e-04 -1.521596848186534956e-03 5.627950584856308835e-04
6.100234243998453820e+00 -5.614752182357060639e-04 -9.246065200070735512e-04 3.631313017739452864e-04
6.101345602078027675e+00 -7.836491558359595655e-05 -1.808147102394241923e-04 1.024497946582152152e-04
6.102456960157600641e+00 4.110117932889581494e-04 5.873179144650769734e-04 -1.763061211732773470e-04
6.103568318237174495e+00 8.262255058368965510e-04 1.253500973243608374e-03 -4.272754674061463032e-04
6.104679676316747461e+00 1.099156082284794000e-03 1.708379127639769735e-03 -6.092230453563062670e-04
6.105791034396320427e+00 1.185172113692678497e-03 1.877484693666213456e-03 -6.923125799715990070e-04
6.106902392475893393e+00 1.070433592188571592e-03 1.733430782852464491e-03 -6.629971906643369883e-04
6.108013750555467247e+00 7.741226772462420774e-04 1.300348408467094999e-03 -5.262257312201651036e-04
6.109125108635040213e+00 3.452428637372786935e-04 6.498486815450042059e-04 -3.046058178051550859e-04
6.110236466714614068e+00 -1.454797359903038656e-04 -1.108146367087719554e-04 -3.466509928117401506e-05
6.111347824794187034e+00 -6.172548300917221620e-04 -8.564256983355916786e-04 2.391708682459746035e-04
6.112459182873760000e+00 -9.925245728838981429e-04 -1.464415822883355367e-03 4.718912500024296727e-04
6.113570540953332966e+00 -1.209710160612057633e-03 -1.835009503497353478e-03 6.252993428833043821e-04
6.114681899032905932e+00 -1.233313597453215144e-03 -1.907595959171365374e-03 6.742823617212380383e-04
6.115793257112479786e+00 -1.059717504324386023e-03 -1.670639981759501624e-03 6.109224774376639105e-04
6.116904615192052752e+00 -7.177353541507405787e-04 -1.163511534350181176e-03 4.457761801990763051e-04
6.118015973271626606e+00 -2.638288591908753700e-04 -4.699442411108603612e-04 2.061153819212027671e-04
6.119127331351199572e+00 2.272139023055744222e-04 2.957905495192675316e-04 -6.857664721326983681e-05
6.120238689430772538e+00 6.746008144012625996e-04 1.007711383119239135e-03 -3.331105687183234798e-04
6.121350047510345505e+00 1.004828486732334270e-03 1.548854082434159007e-03 -5.440255957005150217e-04
6.122461405589918471e+00 1.163758603775013473e-03 1.830488809540575107e-03 -6.667302057635736412e-04
6.123572763669492325e+00 1.125493946841808063e-03 1.806669594285409408e-03 -6.811756474444444209e-04
6.124684121749066179e+00 8.965989974589229361e-04 1.481730659515293619e-03 -5.851316620535985946e-04
6.125795479828639145e+00 5.149773809885937678e-04 9.095065866615336184e-04 -3.945292056730938073e-04
6.126906837908212111e+00 4.359781832816329861e-05 1.844155809106028804e-04 -1.408177625845561613e-04
6.128018195987785077e+00 -4.398930235574045194e-04 -5.741174063787629622e-04 1.342243828225237433e-04
6.129129554067358043e+00 -8.559575014768523032e-04 -1.241327987878640404e-03 3.853704864027300558e-04
6.130240912146931898e+00 -1.136248187271184096e-03 -1.707631326892923573e-03 5.713831396212173258e-04
6.131352270226504864e+00 -1.234832062986097184e-03 -1.896618328206804704e-03 6.617862652190369815e-04
6.132463628306078718e+00 -1.135714630111108597e-03 -1.777573784452493588e-03 6.418591543418221412e-04
6.133574986385651684e+00 -8.554315882792450088e-04 -1.370465722281555276e-03 5.150341340030509946e-04
6.134686344465224650e+00 -4.402883117807648850e-04 -7.425956466068014961e-04 3.023073348266593768e-04
6.135797702544797616e+00 4.129212409791083171e-05 2.528608736056259243e-06 3.876351536279826204e-05
6.136909060624370582e+00 5.100479701177808300e-04 7.422578424616452231e-04 -2.322098723420099736e-04
6.138020418703944436e+00 8.889257652440162027e-04 1.354990924879707903e-03 -4.660651596343143299e-04
6.139131776783518291e+00 1.115747813977604336e-03 1.740165411317100286e-03 -6.244175973399556517e-04
6.140243134863091257e+00 1.153417880871102086e-03 1.834763075844732944e-03 -6.813451949757576287e-04
6.141354492942664223e+00 9.959901930796568464e-04 1.623621370315325718e-03 -6.276311772350252893e-04
6.142465851022237189e+00 6.696090806230453954e-04 1.141863672882211661e-03 -4.722545922596676007e-04
6.143577209101810155e+00 2.281711550367764886e-04 4.690590759356787209e-04 -2.408879208970157206e-04
6.144688567181384009e+00 -2.555702242910328978e-04 -2.839173568989633578e-04 2.834713260793869996e-05
6.145799925260956975e+00 -7.019900268489774608e-04 -9.931541472844966634e-04 2.911641204380072297e-04
6.146911283340530829e+00 -1.037691901021271790e-03 -1.542092533084144651e-03 5.044006320614122241e-04
6.148022641420103795e+00 -1.207568640365298124e-03 -1.840680387801787998e-03 6.331117474401206507e-04
6.149133999499676762e+00 -1.183841256756586191e-03 -1.840143564664463438e-03 6.563023079062188514e-04
6.150245357579249728e+00 -9.705943413278357579e-04 -1.540951883120672550e-03 5.703575417928870989e-04
6.151356715658822694e+00 -6.030676405873805490e-04 -9.926789136762773080e-04 3.896112730900624932e-04
6.152468073738396548e+00 -1.418267531414878213e-04 -2.857890604928345346e-04 1.439623073516693719e-04
6.153579431817970402e+00 3.372224616561177168e-04 4.632874488703711546e-04 -1.260649872117745179e-04
6.154690789897543368e+00 7.553291221305616365e-04 1.131329350312473836e-03 -3.760002281787844930e-04
6.155802147977116334e+00 1.043845071750044984e-03 1.608591104584812526e-03 -5.647460328353417353e-04
6.156913506056689300e+00 1.155496186225565131e-03 1.816828372584896462e-03 -6.613321863586704014e-04
6.158024864136262266e+00 1.072126556536127581e-03 1.722121708142516916e-03 -6.499951516053250819e-04
6.159136222215836121e+00 8.076469883413206485e-04 1.340396929032330875e-03 -5.327499406900032194e-04
6.160247580295409087e+00 4.057091892757697278e-04 7.347439835356395915e-04 -3.290347942558392337e-04
6.161358938374982941e+00 -6.750539094421605796e-05 4.985579780305247899e-06 -7.249097072219569220e-05
6.162470296454555907e+00 -5.341905453883841193e-04 -7.287796156240020085e-04 1.945890702332285244e-04
6.163581654534128873e+00 -9.177169448083555281e-04 -1.345946067861918116e-03 4.282291230519067946e-04
6.164693012613701839e+00 -1.155223781950948797e-03 -1.745228561098172843e-03 5.900047791481798781e-04
6.165804370693274805e+00 -1.207931016718555989e-03 -1.861287917409724241e-03 6.533569006939472790e-04
6.166915728772848659e+00 -1.067480167035079336e-03 -1.675426170020352656e-03 6.079460029854138331e-04
6.168027086852422514e+00 -7.572665939382453026e-04 -1.218600560390276089e-03 4.613339664513785299e-04
6.169138444931995480e+00 -3.285508609626210108e-04 -5.662707172697303837e-04 2.377198563079333665e-04
6.170249803011568446e+00 1.480047775192193382e-04 1.740634293892207030e-04 -2.605865187124863092e-05
6.171361161091141412e+00 5.939775423380797004e-04 8.805749497250020541e-04 -2.865974073853628373e-04
6.172472519170714378e+00 9.360852288496507301e-04 1.437155758777140802e-03 -5.010705299255645284e-04
6.173583877250288232e+00 1.118224929468884798e-03 1.752496623146547472e-03 -6.342716936747413992e-04
6.174695235329861198e+00 1.110671620406511462e-03 1.775065958193010329e-03 -6.643943377853973181e-04
6.175806593409435052e+00 9.149283256072240911e-04 1.501530276744683645e-03 -5.866019511366980105e-04
6.176917951489008018e+00 5.634363660266036161e-04 9.772404475914958644e-04 -4.138040815635877362e-04
6.178029309568580985e+00 1.142001673481558518e-04 2.887140065786744821e-04 -1.745138392296691036e-04
6.179140667648153951e+00 -3.587830007985562050e-04 -4.506403619771292418e-04 9.185736117983136183e-05
6.180252025727726917e+00 -7.777095406049077536e-04 -1.119200721876371929e-03 3.414911812708995228e-04
6.181363383807300771e+00 -1.073765489280311541e-03 -1.607136020112510943e-03 5.333705308331439590e-04
6.182474741886874625e+00 -1.198427580716667634e-03 -1.834446250258650601e-03 6.360186695428208387e-04
6.183586099966447591e+00 -1.131413580507788924e-03 -1.764075521982919059e-03 6.326619414739453190e-04
6.184697458046020557e+00 -8.839793453460434436e-04 -1.407948696784892817e-03 5.239693514420482034e-04
6.185808816125593523e+00 -4.970267402214963159e-04 -8.249483241824784319e-04 3.279215839620420320e-04
6.186920174205166489e+00 -3.434030963540141146e-05 -1.111748174518409349e-04 7.683450781716810729e-05
6.188031532284740344e+00 4.279290048902588406e-04 6.158990518528237312e-04 -1.879700469612655828e-04
6.189142890364313310e+00 8.137993103202768863e-04 1.236766615532729208e-03 -4.229673052109673981e-04
6.190254248443887164e+00 1.059948907216015646e-03 1.649535147106043209e-03 -5.895862398889763212e-04
6.191365606523460130e+00 1.126109656627946598e-03 1.786652738561836373e-03 -6.605430819334144610e-04
6.192476964603033096e+00 1.001656644246305683e-03 1.625968216616500983e-03 -6.243115723677770956e-04
6.193588322682606062e+00 7.073157752313314131e-04 1.194313249583855985e-03 -4.869974743508713802e-04
6.194699680762179028e+00 2.917149464354328384e-04 5.630274223557326513e-04 -2.713124759178837768e-04
6.195811038841752882e+00 -1.766474765295634672e-04 -1.638276674470421496e-04 -1.281980908461599622e-05
6.196922396921326737e+00 -6.206904945531034612e-04 -8.666183190455655633e-04 2.459278244918584183e-04
6.198033755000899703e+00 -9.674346186623501709e-04 -1.429826366108541413e-03 4.623917474469545208e-04
6.199145113080472669e+00 -1.159995167271159200e-03 -1.761034706573589431e-03 6.010395393043436313e-04
6.200256471160045635e+00 -1.166913841389855683e-03 -1.806090480257760422e-03 6.391766388702847801e-04
6.201367829239618601e+00 -9.872978456154299365e-04 -1.557958041671414495e-03 5.706601960594973738e-04
6.202479187319192455e+00 -6.509270511014866867e-04 -1.057814441729240662e-03 4.068873906289387915e-04
6.203590545398765421e+00 -2.133180561261424635e-04 -3.882172987700743816e-04 1.748992426451132648e-04
6.204701903478339275e+00 2.534368695482555611e-04 3.405215594337804297e-04 -8.708468988800725785e-05
6.205813261557912242e+00 6.725443913206154145e-04 1.008507804131100749e-03 -3.359634128117187230e-04
6.206924619637485208e+00 9.751425037705582777e-04 1.505988405449534828e-03 -5.308459016793096175e-04
6.208035977717058174e+00 1.111612864601135148e-03 1.751382935794319751e-03 -6.397700711933164419e-04
6.209147335796631140e+00 1.059714891707978085e-03 1.704660172839891907e-03 -6.449452811318010653e-04
6.210258693876204994e+00 8.282083294419064629e-04 1.373866803961468208e-03 -5.456584745205574766e-04
6.211370051955778848e+00 4.553744037462297348e-04 8.137436146472103171e-04 -3.583692109005052681e-04
6.212481410035351814e+00 2.685143969136626063e-06 1.166667271879986978e-04 -1.139815832174567289e-04
6.213592768114924780e+00 -4.553322109637908399e-04 -6.025871072678906648e-04 1.472548963040568905e-04
6.214704126194497746e+00 -8.433645635075349978e-04 -1.225738715476591689e-03 3.823741519683645368e-04
6.215815484274070712e+00 -1.097696221954165552e-03 -1.650456678475138717e-03 5.527604565201084050e-04
6.216926842353644567e+00 -1.176670044024490103e-03 -1.807161133166972078e-03 6.304910891441611875e-04
6.218038200433217533e+00 -1.067508996028490587e-03 -1.670421972477062478e-03 6.029129764468857400e-04
6.219149558512791387e+00 -7.883811778172378215e-04 -1.263084371612287204e-03 4.747031937962272602e-04
6.220260916592364353e+00 -3.853747617550556948e-04 -6.524525609728423770e-04 2.670777992167562565e-04
6.221372274671937319e+00 7.511346802106452780e-05 6.083077828190203151e-05 1.428268974114355050e-05
6.222483632751510285e+00 5.173189013605652975e-04 7.593720797313754933e-04 -2.420531783711744878e-04
6.223594990831083251e+00 8.685763697499557234e-04 1.328347554769931937e-03 -4.597711850191418120e-04
6.224706348910657105e+00 1.071262351644827748e-03 1.674377205569989313e-03 -6.031148539241363432e-04
6.225817706990230960e+00 1.092249463495989850e-03 1.740849867343789714e-03 -6.486004038499838809e-04
6.226929065069803926e+00 9.283220220582272947e-04 1.517184302253872519e-03 -5.888622801965785053e-04
6.228040423149376892e+00 6.066674067437757834e-04 1.040511426653394078e-03 -4.338440199106678025e-04
6.229151781228949858e+00 1.803685953228714896e-04 3.895106078582221201e-04 -2.091420125359788173e-04
6.230263139308522824e+00 -2.803548554119609029e-04 -3.285768441600965539e-04 4.822198874896398146e-05
6.231374497388096678e+00 -6.997120951532116023e-04 -9.956134912515075819e-04 2.959013960995011787e-04
6.232485855467669644e+00 -1.008807710381684486e-03 -1.502000814161089104e-03 4.931931037796613571e-04
6.233597213547243499e+00 -1.156959262050193116e-03 -1.764686201810968663e-03 6.077269397602100276e-04
6.234708571626816465e+00 -1.120006494416021792e-03 -1.740783372820083053e-03 6.207768784047724975e-04
6.235819929706389431e+00 -9.042499697029006411e-04 -1.434572562500409376e-03 5.303225928008047096e-04
6.236931287785962397e+00 -5.453771062701243122e-04 -8.967379503380043526e-04 3.513608440682478018e-04
6.238042645865535363e+00 -1.025584657796917154e-04 -2.159774093332539335e-04 1.134189435547626468e-04
6.239154003945109217e+00 3.513090915236299905e-04 4.956265446723895352e-04 -1.443174531494482299e-04
6.240265362024682183e+00 7.416035443468076138e-04 1.121061831026774758e-03 -3.794582866815041089e-04
6.241376720104256037e+00 1.004247360116394816e-03 1.557629167944371562e-03 -5.533818078319284461e-04
6.242488078183829003e+00 1.096228214904959586e-03 1.733807358296302753e-03 -6.375791433915964368e-04
6.243599436263401969e+00 1.002643396730465430e-03 1.620971879481829941e-03 -6.183284827510210357e-04
6.244710794342974935e+00 7.391141776415879883e-04 1.238046724031735199e-03 -4.989325463898219501e-04
6.245822152422548790e+00 3.491790615222402361e-04 6.483335888683942200e-04 -2.991545273448529413e-04
6.246933510502121756e+00 -1.028992206112714844e-04 -5.095052237069977452e-05 -5.194869824293396957e-05
6.248044868581695610e+00 -5.427246637887024605e-04 -7.446981732967886125e-04 2.019735095100316444e-04
6.249156226661268576e+00 -8.980114522351145823e-04 -1.318857441102518763e-03 4.208459888685629757e-04
6.250267584740841542e+00 -1.110465010997343377e-03 -1.679180620037502847e-03 5.687156090406608050e-04
6.251378942820414508e+00 -1.145347829645017301e-03 -1.766693685853248930e-03 6.213458562103063576e-04
6.252490300899987474e+00 -9.971603237835732769e-04 -1.567347480506735280e-03 5.701871567231273086e-04
6.253601658979561329e+00 -6.905076565892863394e-04 -1.114271246846508523e-03 4.237635902578952563e-04
6.254713017059134295e+00 -2.760160565109873176e-04 -4.822672764222130093e-04 2.062512199096644405e-04
6.255824375138708149e+00 1.780237850219183737e-04 2.245385801597221676e-04 -4.651479513875789173e-05
6.256935733218281115e+00 5.969070078503460608e-04 8.898517703780500776e-04 -2.929447625289807733e-04
6.258047091297854081e+00 9.118053251062942233e-04 1.404343047353151519e-03 -4.925377222460974869e-04
6.259158449377427047e+00 1.071076219814923874e-03 1.683613566398900474e-03 -6.125373465828646419e-04
6.260269807457000901e+00 1.048732487055465540e-03 1.682039095486746738e-03 -6.333066084294510650e-04
6.261381165536573867e+00 8.486831768729913295e-04 1.400222508389758688e-03 -5.515393315186113699e-04
6.262492523616147722e+00 5.040539195854728399e-04 8.848373364534634772e-04 -3.807834168668517913e-04
6.263603881695720688e+00 7.170445680137072647e-05 2.208975669880366630e-04 -1.491931101844515620e-04
6.264715239775293654e+00 -3.771493352976457852e-04 -4.822660630362587963e-04 1.051167277392366442e-04
6.265826597854866620e+00 -7.686623108056067633e-04 -1.109009979682148983e-03 3.403476688773124370e-04
6.266937955934439586e+00 -1.038504918160208443e-03 -1.556397133340600009e-03 5.178922151832191650e-04
6.268049314014013440e+00 -1.142428822120698795e-03 -1.751103797110166449e-03 6.086749749881163046e-04
6.269160672093586406e+00 -1.063518129413659752e-03 -1.661436980055358559e-03 5.979188506416155402e-04
6.270272030173160260e+00 -8.149380926323057661e-04 -1.302492885988278115e-03 4.875547933566679731e-04
6.271383388252733226e+00 -4.377348609470657625e-04 -7.336168965876507797e-04 2.958820356413777858e-04
6.272494746332306192e+00 5.945975783745727217e-06 -4.859221400350249853e-05 5.453818978879559909e-05
6.273606104411879159e+00 4.431015813921232449e-04 6.398208357867168905e-04 -1.967192543938598576e-04
6.274717462491453013e+00 8.018867411492131003e-04 1.218446104164341848e-03 -4.165593630111406181e-04
6.275828820571025979e+00 1.023423964527390984e-03 1.592298222347209025e-03 -5.688742578188084320e-04
6.276940178650598945e+00 1.071467453847129575e-03 1.700175538749675030e-03 -6.287080849022314705e-04
6.278051536730172799e+00 9.383347644911464724e-04 1.524679661645184092e-03 -5.863448971538190446e-04
6.279162894809745765e+00 6.461355125872841887e-04 1.095021311192385938e-03 -4.488857986046663334e-04
6.280274252889318731e+00 2.431008389546167152e-04 4.821601396117940544e-04 -2.390593006567302142e-04
6.281385610968892586e+00 -2.043769810538657861e-04 -2.129129685701511634e-04 8.535987514677939245e-06
6.282496969048465552e+00 -6.226808797871411644e-04 -8.758162324763851120e-04 2.531353526904651929e-04
6.283608327128038518e+00 -9.430797437451742676e-04 -1.397598176621453470e-03 4.545184328801112061e-04
6.284719685207612372e+00 -1.113021139533459936e-03 -1.692642783535508455e-03 5.796216440024856698e-04
6.285831043287185338e+00 -1.104750507359822387e-03 -1.712716108066267284e-03 6.079656007070711327e-04
6.286942401366758304e+00 -9.198431036771120839e-04 -1.454849844768645040e-03 5.350067410922875605e-04
6.288053759446331270e+00 -5.889086437206418612e-04 -9.617733919836252143e-04 3.728647482628046766e-04
6.289165117525905124e+00 -1.665231081393568624e-04 -3.148325781532415601e-04 1.483094700143183786e-04
6.290276475605478090e+00 2.777732301096937084e-04 3.794315061342798390e-04 -1.016582760269401503e-04
6.291387833685051056e+00 6.709268109915400569e-04 1.006829290059102489e-03 -3.359024790689432716e-04
6.292499191764624911e+00 9.483852615379123607e-04 1.464305305538364521e-03 -5.159200439995587778e-04
6.293610549844197877e+00 1.064699441004256231e-03 1.676867149331059959e-03 -6.121677083259155494e-04
6.294721907923770843e+00 1.000971771856207226e-03 1.609879939484755440e-03 -6.089081676271309446e-04
6.295833266003344697e+00 7.679301680622273307e-04 1.274710718665203815e-03 -5.067805506014455910e-04
6.296944624082917663e+00 4.041275228904867706e-04 7.268030160772556703e-04 -3.226754931859709269e-04
6.298055982162490629e+00 -3.043130214225916313e-05 5.650740538379328548e-05 -8.693870752362188419e-05
6.299167340242063595e+00 -4.641816750886734733e-04 -6.258155719245268866e-04 1.616338968374489253e-04
6.300278698321637449e+00 -8.257799732959911210e-04 -1.207963968549666950e-03 3.821839952532256682e-04
6.301390056401210416e+00 -1.055833819486148156e-03 -1.594343494927014104e-03 5.385096754446008077e-04
6.302501414480783382e+00 -1.116653295853607675e-03 -1.721663642583318166e-03 6.050103467283244468e-04
6.303612772560357236e+00 -9.984223393846337891e-04 -1.569303723577164522e-03 5.708813841922358301e-04
6.304724130639930202e+00 -7.207799789830660053e-04 -1.162651108357087848e-03 4.418711293728925377e-04
6.305835488719503168e+00 -3.295569224814193232e-04 -5.688714026868338380e-04 2.393144802044777641e-04
6.306946846799077022e+00 1.107902134372916458e-04 1.141848191854658023e-04 -3.394605744248477275e-06
6.308058204878649988e+00 5.277980776385200745e-04 7.741066079847008785e-04 -2.463085303451954811e-04
6.309169562958222954e+00 8.529197082854655942e-04 1.302421496837645465e-03 -4.495017885495587034e-04
6.310280921037796809e+00 1.032789873215120974e-03 1.612424461357470779e-03 -5.796345881418155099e-04
6.311392279117369775e+00 1.037981368288178052e-03 1.653406649119951860e-03 -6.154252808329135210e-04
6.312503637196942741e+00 8.678157034498843597e-04 1.418948987612980717e-03 -5.511332841644719926e-04
6.313614995276515707e+00 5.504419671819443804e-04 9.479243626619917457e-04 -3.974823954788070379e-04
6.314726353356089561e+00 1.381764901903848649e-04 3.180524248332025627e-04 -1.798759346434111901e-04
6.315837711435662527e+00 -3.011249596763659886e-04 -3.669243660521419662e-04 6.579940637778738943e-05
6.316949069515235493e+00 -6.952394071331729347e-04 -9.943274632668672869e-04 2.990880561335980750e-04
6.318060427594809347e+00 -9.794536932506911486e-04 -1.461077486561816741e-03 4.816237933110241107e-04
6.319171785674382313e+00 -1.107192997816936614e-03 -1.690629037828423470e-03 5.834360400104720429e-04
6.320283143753955279e+00 -1.057655140981730857e-03 -1.645522911027659518e-03 5.878677700422337005e-04
6.321394501833529134e+00 -8.391992619322004299e-04 -1.333497402789138309e-03 4.942981408563792978e-04
6.322505859913102100e+00 -4.879369074156057751e-04 -8.061618060057895718e-04 3.182248985918144368e-04
6.323617217992675066e+00 -6.176289889809477573e-05 -1.504591541758928952e-04 8.869625527708167867e-05
6.324728576072248920e+00 3.691872890382343064e-04 5.256695367603439473e-04 -1.564822477200227685e-04
6.325839934151821886e+00 7.340806637812745394e-04 1.111055724726285610e-03 -3.769750609445912670e-04
6.326951292231394852e+00 9.730304258576405463e-04 1.509582878955081225e-03 -5.365524530963252520e-04
6.328062650310967818e+00 1.046926094524155970e-03 1.655969338750507003e-03 -6.090432442290728138e-04
6.329174008390541672e+00 9.438363410677174520e-04 1.526462822694071853e-03 -5.826264816273752853e-04
6.330285366470114639e+00 6.809361949218122392e-04 1.142694583614689216e-03 -4.617583886921926284e-04
6.331396724549687605e+00 3.016473076265400663e-04 5.680678831639068144e-04 -2.664205755370965649e-04
6.332508082629261459e+00 -1.315327409979498083e-04 -1.027164225331994932e-04 -2.881631846375870380e-05
6.333619440708834425e+00 -5.473280132317903668e-04 -7.592668570484129020e-04 2.119388438166780464e-04
6.334730798788407391e+00 -8.774120056195544581e-04 -1.293668830745046960e-03 4.162568251256477600e-04
6.335842156867981245e+00 -1.067635968455948187e-03 -1.618222809007016649e-03 5.505868405475018712e-04
6.336953514947554211e+00 -1.086912535523995582e-03 -1.679837474426890132e-03 5.929249389059415912e-04
6.338064873027127177e+00 -9.322971618633407731e-04 -1.468715670944184537e-03 5.364185090811612183e-04
6.339176231106701032e+00 -6.294367082746894770e-04 -1.019912050019854133e-03 3.904753417462644705e-04
6.340287589186273998e+00 -2.283171497855542020e-04 -4.075149737555669449e-04 1.791978239690517061e-04
6.341398947265846964e+00 2.049847316176259260e-04 2.675818798412513133e-04 -6.259714822318650229e-05
6.342510305345419930e+00 5.991847441048879508e-04 8.943000558946784251e-04 -2.951153117922156177e-04
6.343621663424993784e+00 8.895173129429556624e-04 1.369651197545812549e-03 -4.801338846019582995e-04
6.344733021504566750e+00 1.028375345122171935e-03 1.615659769136176815e-03 -5.872844240137828353e-04
6.345844379584139716e+00 9.931160641680741169e-04 1.592153057682805378e-03 -5.990369935131040907e-04
6.346955737663713570e+00 7.897529976668062751e-04 1.303320665438603698e-03 -5.135676677689958447e-04
6.348067095743286536e+00 4.519321745594662154e-04 7.969725442855141867e-04 -3.450403697282562743e-04
6.349178453822859503e+00 3.536661125397343522e-05 1.566263128214735734e-04 -1.212597015702054394e-04
6.350289811902433357e+00 -3.913503893507724873e-04 -5.122666667988703959e-04 1.209162774499920098e-04
6.351401169982006323e+00 -7.580383878643889850e-04 -1.099684920936486870e-03 3.416465330732020370e-04
6.352512528061579289e+00 -1.004470202125969103e-03 -1.509131221827379743e-03 5.046610197014904375e-04
6.353623886141153143e+00 -1.090261950212341457e-03 -1.673481972465792889e-03 5.832200222556337132e-04
6.354735244220726109e+00 -1.001488760547349088e-03 -1.565988543078149220e-03 5.644997825322451562e-04
6.355846602300299075e+00 -7.529424505454927752e-04 -1.204627641997135790e-03 4.516851914520749606e-04
6.356957960379872041e+00 -3.856652525972316392e-04 -6.490933879542831741e-04 2.634281353569439821e-04
6.358069318459445896e+00 3.982925733373582355e-05 9.065669264771147873e-06 3.076358806905835075e-05
6.359180676539018862e+00 4.535283244513355072e-04 6.615349281548291160e-04 -2.080066037055076228e-04
6.360292034618591828e+00 7.874419683464653485e-04 1.201060736621982483e-03 -4.136187682772171637e-04
6.361403392698165682e+00 9.867785942896806217e-04 1.539081936992481303e-03 -5.523033427049951066e-04
6.362514750777738648e+00 1.018937357238675415e-03 1.620267509531418682e-03 -6.013301522929670462e-04
6.363626108857311614e+00 8.788415041096325070e-04 1.431573946061311109e-03 -5.527324419540837960e-04
6.364737466936885468e+00 5.897402471089965154e-04 1.004339794673340946e-03 -4.145995475648431641e-04
6.365848825016458434e+00 1.993527483744694621e-04 4.090812735855955257e-04 -2.097285252117833069e-04
6.366960183096031400e+00 -2.280062746404217314e-04 -2.561467784459123959e-04 2.814050380790626693e-05
6.368071541175605255e+00 -6.220199549925829741e-04 -8.819035166560892924e-04 2.598835616646612105e-04
6.369182899255178221e+00 -9.179368606965672417e-04 -1.365367404561102643e-03 4.474305438646021885e-04
6.370294257334751187e+00 -1.067209857250023958e-03 -1.627231942251956831e-03 5.600220850033137132e-04
6.371405615414324153e+00 -1.045458302696637698e-03 -1.624715453312490510e-03 5.792571506182571384e-04
6.372516973493898007e+00 -8.564477697813287216e-04 -1.358550732531091376e-03 5.021029627487426372e-04
6.373628331573470973e+00 -5.314377705015436992e-04 -8.728126045454143167e-04 3.413748340433241796e-04
6.374739689653043939e+00 -1.240102437600268392e-04 -2.476202630855364739e-04 1.236100193251644247e-04
6.375851047732617793e+00 2.987656040718197903e-04 4.140773919909732093e-04 -1.153117879184682032e-04
6.376962405812190759e+00 6.673752314180006473e-04 1.003453872886778120e-03 -3.360786414699449415e-04
6.378073763891763726e+00 9.212895392411088458e-04 1.423703276525002670e-03 -5.024137372846935318e-04
6.379185121971337580e+00 1.018904818213234309e-03 1.605940898424217111e-03 -5.870360802105144271e-04
6.380296480050910546e+00 9.443595302722797291e-04 1.520494572544404954e-03 -5.761350422740021959e-04
6.381407838130483512e+00 7.101109973386594831e-04 1.181735903092621248e-03 -4.716249057538359976e-04
6.382519196210056478e+00 3.548534801617901288e-04 6.456648078168331778e-04 -2.908113276569659900e-04
6.383630554289630332e+00 -6.287448766992102811e-05 6.531034905791523182e-07 -6.352759115730026614e-05
6.384741912369203298e+00 -4.743373731881071753e-04 -6.471229452457930714e-04 1.727855720549821127e-04
6.385853270448776264e+00 -8.119145962025165614e-04 -1.191159859486964900e-03 3.792452632838134302e-04
6.386964628528350119e+00 -1.020215461619192188e-03 -1.542137173318428034e-03 5.219217116989149224e-04
6.388075986607923085e+00 -1.065170007555807374e-03 -1.642581860437454522e-03 5.774118528816454127e-04
6.389187344687496051e+00 -9.396036625153939004e-04 -1.476279433602518953e-03 5.366757710880687426e-04
6.390298702767069905e+00 -6.643834745752273674e-04 -1.070890712136229883e-03 4.065072375603745458e-04
6.391410060846642871e+00 -2.849528239881569947e-04 -4.933520955300654820e-04 2.083992715403507057e-04
6.392521418926215837e+00 1.361700933075991882e-04 1.611758959290179871e-04 -2.500580262048898716e-05
6.393632777005789691e+00 5.296918355667326606e-04 7.849872591539006073e-04 -2.552954235890206314e-04
6.394744135085362657e+00 8.309446344061943712e-04 1.275553198780293024e-03 -4.446085643737170134e-04
6.395855493164935623e+00 9.905129219595042167e-04 1.552372734973675450e-03 -5.618598130152467618e-04
6.396966851244508590e+00 9.823392938374461703e-04 1.570181913542093022e-03 -5.878426197040240858e-04
6.398078209324082444e+00 8.079802281264689134e-04 1.326354226234871189e-03 -5.183739981096486746e-04
6.399189567403655410e+00 4.963164922609109714e-04 8.612824040535316250e-04 -3.649659117934580914e-04
6.400300925483228376e+00 9.877129608010367864e-05 2.516870644896501696e-04 -1.529157684078959016e-04
6.401412283562802230e+00 -3.191722327722402303e-04 -4.020393736336898283e-04 8.286714086093286726e-05
6.402523641642375196e+00 -6.887551809050262985e-04 -9.923657656259604609e-04 3.036105847200884847e-04
6.403634999721948162e+00 -9.492527637471725316e-04 -1.422309615535334582e-03 4.730568517897614650e-04
6.404746357801522016e+00 -1.057949856409827472e-03 -1.621369483370067172e-03 5.634196269624219822e-04
6.405857715881094983e+00 -9.971435632971266394e-04 -1.557085094866728775e-03 5.599415315719492164e-04
6.406969073960667949e+00 -7.770249788465882768e-04 -1.240329721817035047e-03 4.633047429715275028e-04
6.408080432040241803e+00 -4.339711649902523727e-04 -7.234720730211474660e-04 2.895009080288828140e-04
6.409191790119814769e+00 -2.453354374856719922e-05 -9.171822685014735521e-05 6.718468310241802743e-05
6.410303148199387735e+00 3.838838522430658429e-04 5.509349783735101314e-04 -1.670511261309629708e-04
6.411414506278960701e+00 7.241197611043519167e-04 1.098819462809159930e-03 -3.746997017040187145e-04
6.412525864358534555e+00 9.402983732959488417e-04 1.461970199319480995e-03 -5.216718260246978878e-04
6.413637222438107521e+00 9.970037756402982954e-04 1.580897563191699384e-03 -5.838937875541801159e-04
6.414748580517680487e+00 8.850798961638553508e-04 1.436332128266406410e-03 -5.512522321016854326e-04
6.415859938597254342e+00 6.231062503302478572e-04 1.052345691416434192e-03 -4.292394410825520895e-04
6.416971296676827308e+00 2.543118460327114562e-04 4.923431506963470150e-04 -2.380313046634590507e-04
6.418082654756400274e+00 -1.605600933837058458e-04 -1.514074762438656283e-04 -9.152617140467753792e-06
6.419194012835974128e+00 -5.532587913844467381e-04 -7.729780318627213487e-04 2.197192404786297952e-04
6.420305370915547094e+00 -8.592554372308883887e-04 -1.270211218346688209e-03 4.109557811165500882e-04
6.421416728995120060e+00 -1.028347892727033558e-03 -1.561511273154448515e-03 5.331633804272675053e-04
6.422528087074693914e+00 -1.032897774031350802e-03 -1.599234589263309747e-03 5.663368152337925482e-04
6.423639445154266880e+00 -8.723483837094550553e-04 -1.377482772380735077e-03 5.051343886697014229e-04
6.424750803233839846e+00 -5.732849797465133790e-04 -9.330234354874775149e-04 3.597384557443433772e-04
6.425862161313412813e+00 -1.850326245952382820e-04 -3.391953816688358936e-04 1.541627570749611043e-04
6.426973519392986667e+00 2.284794825237433658e-04 3.061916196524447353e-04 -7.771213712759808545e-05
6.428084877472559633e+00 5.992452973393354310e-04 8.969661054960831326e-04 -2.977208081583870153e-04
6.429196235552132599e+00 8.663672950132809969e-04 1.336060098649987510e-03 -4.696928036368713116e-04
6.430307593631706453e+00 9.860601651190993577e-04 1.551457224074723196e-03 -5.653970589556602672e-04
6.431418951711279419e+00 9.388294931637862495e-04 1.508003549852483804e-03 -5.691740566877408550e-04
6.432530309790852385e+00 7.326484417150332801e-04 1.213144186014963183e-03 -4.804957443017695770e-04
6.433641667870426240e+00 4.016147689435600916e-04 7.156495714539913913e-04 -3.140348025068230749e-04
6.434753025949999206e+00 3.141942946293871386e-07 9.754900617494222798e-05 -9.723481188076820575e-05
6.435864384029572172e+00 -4.051782125412389107e-04 -5.393944823950912182e-04 1.342162698564676199e-04
6.436975742109146026e+00 -7.481752784364199826e-04 -1.090437967530676761e-03 3.422626890931760452e-04
6.438087100188718992e+00 -9.723430956813192833e-04 -1.465082926032479360e-03 4.927398303533102666e-04
6.439198458268291958e+00 -1.040951575261881562e-03 -1.601937659583906048e-03 5.609860843213201886e-04
6.440309816347864924e+00 -9.428912370245470798e-04 -1.478777055001410240e-03 5.358858179763149876e-04
6.441421174427438778e+00 -6.944707001387967482e-04 -1.116151334631672321e-03 4.216806344910610516e-04
6.442532532507011744e+00 -3.367041562853979875e-04 -5.739579428518520876e-04 2.372537865690579201e-04
6.443643890586584710e+00 7.146006361824150388e-05 5.845168847824766534e-05 1.300837513891484054e-05
6.444755248666158565e+00 4.628519091419494580e-04 6.769964988664473049e-04 -2.141445897269143167e-04
6.445866606745731531e+00 7.731328409887397446e-04 1.179994894229971503e-03 -4.068620532401145962e-04
6.446977964825304497e+00 9.513710754258386526e-04 1.484879630682511137e-03 -5.335085552546081633e-04
6.448089322904878351e+00 9.684006975025118147e-04 1.541750886095302753e-03 -5.733501885912626467e-04
6.449200680984451317e+00 8.215928214783743688e-04 1.341542908921487809e-03 -5.199500874430336428e-04
6.450312039064024283e+00 5.352584218911490138e-04 9.174677626470617575e-04 -3.822093407531857584e-04
6.451423397143598137e+00 1.566215312490057410e-04 3.395065213092785666e-04 -1.828849900595255935e-04
6.452534755223171103e+00 -2.519701709949341562e-04 -2.971384154087713600e-04 4.516824441683881756e-05
6.453646113302744070e+00 -6.233125064947046823e-04 -8.877244231085650028e-04 2.644119166138533816e-04
6.454757471382317036e+00 -8.963989159843227528e-04 -1.335200331180487476e-03 4.388014151960337519e-04
6.455868829461890890e+00 -1.026443306788298038e-03 -1.566153869317615105e-03 5.397105625305122917e-04
6.456980187541463856e+00 -9.922249966438576041e-04 -1.542854463323983100e-03 5.506294666812981686e-04
6.458091545621036822e+00 -7.995512358011658272e-04 -1.269415909142534993e-03 4.698646733420300953e-04
6.459202903700610676e+00 -4.802724381176709523e-04 -7.910724542809846604e-04 3.108000161612129580e-04
6.460314261780183642e+00 -8.701703293090626290e-05 -1.866951682628695264e-04 9.967813533504586709e-05
6.461425619859756608e+00 3.154836383034397007e-04 4.442133167191636423e-04 -1.287296784165514046e-04
6.462536977939330463e+00 6.610503450747394483e-04 9.979012355547448032e-04 -3.368508904785672692e-04
6.463648336018903429e+00 8.929370023683623481e-04 1.383430054899586342e-03 -4.904930525329049412e-04
6.464759694098476395e+00 9.731486431757974120e-04 1.537610828713873584e-03 -5.644621855387431733e-04
6.465871052178049361e+00 8.886662625818466527e-04 1.435361338539678511e-03 -5.466950759601043458e-04
6.466982410257623215e+00 6.535587136138592407e-04 1.093786460860347517e-03 -4.402277472440388473e-04
6.468093768337196181e+00 3.066391641332721213e-04 5.693180840169523305e-04 -2.626789198810191434e-04
6.469205126416769147e+00 -9.494352286931306145e-05 -5.160729842038427884e-05 -4.333622444805751775e-05
6.470316484496343001e+00 -4.851202772465628560e-04 -6.667932892360471653e-04 1.816730119892358102e-04
6.471427842575915967e+00 -7.997728659449587774e-04 -1.175103064551381860e-03 3.753301986068962280e-04
6.472539200655488933e+00 -9.872716726997150111e-04 -1.493085477375422077e-03 5.058138046771113241e-04
6.473650558735062788e+00 -1.016948238457490022e-03 -1.568674586593401393e-03 5.517263481339910319e-04
6.474761916814635754e+00 -8.841121094142201375e-04 -1.389713679970878968e-03 5.056015705556249351e-04
6.475873274894208720e+00 -6.107912525392250602e-04 -9.859083033686988351e-04 3.751170508304903228e-04
6.476984632973782574e+00 -2.420792889075915055e-04 -4.238947091537090262e-04 1.818154202475850967e-04
6.478095991053355540e+00 1.613048333855664207e-04 2.037576431023965795e-04 -4.245280971526196878e-05
6.479207349132928506e+00 5.330171299340914770e-04 7.937945572753651868e-04 -2.607774273398321546e-04
6.480318707212501472e+00 8.120018025921035831e-04 1.249264757259838099e-03 -4.372629546656112143e-04
6.481430065292075327e+00 9.525221854417113831e-04 1.495451876940369351e-03 -5.429296914985538847e-04
6.482541423371648293e+00 9.316613367253753081e-04 1.492132675966019451e-03 -5.604713392388461016e-04
6.483652781451221259e+00 7.530621113069034533e-04 1.240150349945880193e-03 -4.870882386392430194e-04
6.484764139530795113e+00 4.462962271684816143e-04 7.812287356576599201e-04 -3.349325084890915696e-04
6.485875497610368079e+00 6.197116213504591520e-05 1.910656690572668653e-04 -1.290945069215652247e-04
6.486986855689941045e+00 -3.366156766292458663e-04 -4.331513356125643241e-04 9.653565898452972846e-05
6.488098213769514899e+00 -6.838993461860606859e-04 -9.887482096781630841e-04 3.048488634917424431e-04
6.489209571849087865e+00 -9.228303475012494816e-04 -1.384451214918955980e-03 4.616208674152293134e-04
6.490320929928660831e+00 -1.014244909012952667e-03 -1.555380246133115929e-03 5.411353371234800536e-04
6.491432288008234686e+00 -9.432835959507883394e-04 -1.473685687014045231e-03 5.304020910684437151e-04
6.492543646087807652e+00 -7.218063297329373185e-04 -1.153084987620130175e-03 4.312786578882909366e-04
6.493655004167380618e+00 -3.864113476463315600e-04 -6.465600438969459907e-04 2.601486962508382100e-04
6.494766362246953584e+00 7.611144230923461151e-06 -3.760171507094511867e-05 4.521285930179051726e-05
6.495877720326527438e+00 3.953918545395104789e-04 5.735517216465119139e-04 -1.781598671067585737e-04
6.496989078406100404e+00 7.131600076834311575e-04 1.086413983093035412e-03 -3.732539754077446315e-04
6.498100436485673370e+00 9.087282849810883467e-04 1.416772306926144392e-03 -5.080440219414408820e-04
6.499211794565247224e+00 9.500613899059481143e-04 1.510514776456313435e-03 -5.604533865505353235e-04
6.500323152644820190e+00 8.305215507858221963e-04 1.352493152564679391e-03 -5.219716017767746588e-04
6.501434510724393157e+00 5.699322133538037988e-04 9.689696822032800583e-04 -3.990374688467015693e-04
6.502545868803967011e+00 2.112896992284996750e-04 4.232528496689504788e-04 -2.119631504402883903e-04
6.503657226883539977e+00 -1.863316736736148060e-04 -1.947527380690662266e-04 8.421064395978993325e-06
6.504768584963112943e+00 -5.575102655588515949e-04 -7.833573841808470078e-04 2.258471186240883569e-04
6.505879943042686797e+00 -8.412407886207277918e-04 -1.245818285802315073e-03 4.045774971821215760e-04
6.506991301122259763e+00 -9.909601310042516487e-04 -1.506239434072922934e-03 5.152793030675402453e-04
6.508102659201832729e+00 -9.821877554817906586e-04 -1.522026291621531718e-03 5.398385361405346958e-04
6.509214017281405695e+00 -8.165271189124398421e-04 -1.290851475094820233e-03 4.743243561828244803e-04
6.510325375360979550e+00 -5.213742319406765302e-04 -8.509923997189403067e-04 3.296181677779168318e-04
6.511436733440552516e+00 -1.453859878372855408e-04 -2.749928208000337881e-04 1.296068329626476334e-04
6.512548091520125482e+00 2.495420427827688137e-04 3.423021442547358184e-04 -9.276010146990268379e-05
6.513659449599699336e+00 5.984656127862135466e-04 8.993640678006536993e-04 -3.008984550136508535e-04
6.514770807679272302e+00 8.440719240482216779e-04 1.304680523021760352e-03 -4.606085989762986194e-04
6.515882165758845268e+00 9.460934903591650125e-04 1.491788971035863665e-03 -5.456954806769553912e-04
6.516993523838419122e+00 8.879094689570217469e-04 1.430175424014475116e-03 -5.422659550547220472e-04
6.518104881917992088e+00 6.792523064879842781e-04 1.130250732475319292e-03 -4.509984259878641044e-04
6.519216239997565054e+00 3.545790305393200365e-04 6.415930116488470156e-04 -2.870139811096965483e-04
6.520327598077138909e+00 -3.262023825057391510e-05 4.475274516529525320e-05 -7.737298341795669117e-05
6.521438956156711875e+00 -4.186363752024706633e-04 -5.620249178312497484e-04 1.433885426277703434e-04
6.522550314236284841e+00 -7.400254438599974255e-04 -1.078972014835269388e-03 3.389465709786407960e-04
6.523661672315857807e+00 -9.440375608240278438e-04 -1.421201770013192506e-03 4.771642091887873596e-04
6.524773030395431661e+00 -9.972760311679172707e-04 -1.532647564767376791e-03 5.353715336039611278e-04
6.525884388475004627e+00 -8.911652126216071390e-04 -1.395247995901550964e-03 5.040827832787000279e-04
6.526995746554577593e+00 -6.433318151924348471e-04 -1.031873293970468619e-03 3.885414787809151477e-04
6.528107104634151447e+00 -2.946771694223929150e-04 -5.025190189345205005e-04 2.078418495129377014e-04
6.529218462713724414e+00 9.737334713400339070e-05 1.055996077587578741e-04 -8.226260622462913674e-06
6.530329820793297380e+00 4.683296146884528832e-04 6.924173111338138842e-04 -2.240876964456264137e-04
6.531441178872871234e+00 7.572466435823120567e-04 1.161484824575394897e-03 -4.042381809908051488e-04
6.532552536952444200e+00 9.167394569779135916e-04 1.435821899451912576e-03 -5.190824424713379182e-04
6.533663895032017166e+00 9.207572289135056848e-04 1.470551600155953209e-03 -5.497943712396789057e-04
6.534775253111591020e+00 7.688411595453050612e-04 1.260242313475604808e-03 -4.914011539292250860e-04
6.535886611191163986e+00 4.861701018403410263e-04 8.397563303622216160e-04 -3.535862285208839911e-04
6.536997969270736952e+00 1.193912422728002874e-04 2.784727703053846773e-04 -1.590815280318525534e-04
6.538109327350309918e+00 -2.710739111756845302e-04 -3.311579230755390749e-04 6.008401190211207048e-05
6.539220685429883773e+00 -6.209792937101176608e-04 -8.888398217942461432e-04 2.678605280849320931e-04
6.540332043509456739e+00 -8.728214471713773709e-04 -1.302930191179562519e-03 4.301087440080004001e-04
6.541443401589029705e+00 -9.852860861072863796e-04 -1.505497050561001304e-03 5.202109644526133753e-04
6.542554759668603559e+00 -9.400222695863762190e-04 -1.463461622111444926e-03 5.234393525249377357e-04
6.543666117748176525e+00 -7.446335021466313209e-04 -1.183998123224172527e-03 4.393646210802439056e-04
6.544777475827749491e+00 -4.313982989470263596e-04 -7.133095317481477626e-04 2.819112328021466246e-04
6.545888833907323345e+00 -5.193540828491924333e-05 -1.289879885724362629e-04 7.705258028934541814e-05
6.547000191986896311e+00 3.313046372550726426e-04 4.727769948127125144e-04 -1.414723575582001874e-04
6.548111550066469277e+00 6.553191922236065170e-04 9.930336995009267365e-04 -3.377145072780800283e-04
6.549222908146042244e+00 8.669123277631786417e-04 1.346339902341040645e-03 -4.794275745784587484e-04
6.550334266225616098e+00 9.314296540094448018e-04 1.474795425742858601e-03 -5.433657717333808396e-04
6.551445624305189064e+00 8.384348918506964732e-04 1.357530951561419091e-03 -5.190960597088092182e-04
6.552556982384762030e+00 6.033983722992823304e-04 1.014098114077134627e-03 -4.106997417771774891e-04
6.553668340464335884e+00 2.651243618104637961e-04 5.012102920436429382e-04 -2.360859302348479460e-04
6.554779698543908850e+00 -1.206550040671436515e-04 -9.662266447832933147e-05 -2.403233958884814711e-05
6.555891056623481816e+00 -4.904616356533539334e-04 -6.810192582798260674e-04 1.905576226259933503e-04
6.557002414703055670e+00 -7.835165271716619528e-04 -1.155916301617931907e-03 3.723997744450591174e-04
6.558113772782628637e+00 -9.517292227987569908e-04 -1.443359728623687388e-03 4.916305058232303682e-04
6.559225130862201603e+00 -9.675898552634551453e-04 -1.496300579423747584e-03 5.287107241604346863e-04
6.560336488941775457e+00 -8.286685823145276131e-04 -1.306295725644959771e-03 4.776271433298145963e-04
6.561447847021348423e+00 -5.579864879212692585e-04 -9.048529503820068598e-04 3.468664624577989797e-04
6.562559205100921389e+00 -2.002016127821658331e-04 -3.582063092392243076e-04 1.580046964554920191e-04
6.563670563180494355e+00 1.857581133723404387e-04 2.436119440734768604e-04 -5.785383070227440028e-05
6.564781921260068209e+00 5.363998024449367907e-04 8.015998563389165055e-04 -2.652000538947863612e-04
6.565893279339641175e+00 7.941101595773381039e-04 1.224072435659362412e-03 -4.299622760796876358e-04
6.567004637419214141e+00 9.166215943802614313e-04 1.441727186693778778e-03 -5.251055923150083418e-04
6.568115995498787996e+00 8.839446227214241281e-04 1.419012977618122617e-03 -5.350683548976664650e-04
6.569227353578360962e+00 7.016296032968513327e-04 1.159937213443335696e-03 -4.583076101463664023e-04
6.570338711657933928e+00 3.998256265187361165e-04 7.073627506662058528e-04 -3.075371241470920003e-04
6.571450069737507782e+00 2.829597490564862705e-05 1.359173916713075220e-04 -1.076214167645352278e-04
6.572561427817080748e+00 -3.517858112756944849e-04 -4.603111943567491510e-04 1.085253830804201909e-04
6.573672785896653714e+00 -6.779068274526227345e-04 -9.832662475802653179e-04 3.053594201273706656e-04
6.574784143976227568e+00 -8.964947712434660765e-04 -1.347048010899323106e-03 4.505532396565309697e-04
6.575895502055800534e+00 -9.717165594869056622e-04 -1.492023135542724921e-03 5.203065760563431452e-04
6.577006860135373500e+00 -8.913506023826671398e-04 -1.394599900571114048e-03 5.032492981918582423e-04
6.578118218214946467e+00 -6.687704676054881392e-04 -1.071066893168246686e-03 4.022964255644759235e-04
6.579229576294520321e+00 -3.407180832279317617e-04 -5.748706132605099772e-04 2.341525300325868891e-04
6.580340934374093287e+00 3.876276596184030643e-05 1.221314280146212905e-05 2.654962315987510757e-05
6.581452292453666253e+00 4.072309952476566020e-04 5.935558317125486094e-04 -1.863248364626837045e-04
6.582563650533240107e+00 7.041236655555768720e-04 1.073579796775359085e-03 -3.694561312206218195e-04
6.583675008612813073e+00 8.807113795568748127e-04 1.373471554356756053e-03 -4.927601748016072897e-04
6.584786366692386039e+00 9.080971671434900916e-04 1.444121477980557511e-03 -5.360243108369060899e-04
6.585897724771959894e+00 7.819458785998274764e-04 1.274165489429858467e-03 -4.922196108293934794e-04
6.587009082851532860e+00 5.231700963164234719e-04 8.918119951105731025e-04 -3.686418987920688298e-04
6.588120440931105826e+00 1.744642250700197388e-04 3.601605285071074296e-04 -1.856963034355361974e-04
6.589231799010679680e+00 -2.067388412279845544e-04 -2.332110674129819761e-04 2.647222618700731563e-05
6.590343157090252646e+00 -5.577265389845372651e-04 -7.906726269099259574e-04 2.329460879243539298e-04
6.591454515169825612e+00 -8.208231377374412829e-04 -1.220604592389287063e-03 3.997814546547739933e-04
6.592565873249398578e+00 -9.528668215203518754e-04 -1.452455144755965960e-03 4.995883232358517417e-04
6.593677231328972432e+00 -9.322901110620195053e-04 -1.448317042590081816e-03 5.160269315279148589e-04
6.594788589408545398e+00 -7.626421476265646260e-04 -1.209124605446539047e-03 4.464824578209805606e-04
6.595899947488118364e+00 -4.719776230641334336e-04 -7.744578533066953652e-04 3.024802302424942774e-04
6.597011305567692219e+00 -1.082173545672998616e-04 -2.159929910889243909e-04 1.077756365219038198e-04
6.598122663647265185e+00 2.687523032229230391e-04 3.743170027395506527e-04 -1.055646995142198175e-04
6.599234021726838151e+00 5.969386835755208232e-04 8.993826815267003116e-04 -3.024439979470820716e-04
6.600345379806412005e+00 8.224375425627782066e-04 1.272946457421195166e-03 -4.505089148589980913e-04
6.601456737885984971e+00 9.082867951083033187e-04 1.433752669351941872e-03 -5.254658742413738717e-04
6.602568095965557937e+00 8.405250524966597497e-04 1.355591627645168218e-03 -5.150665751470339532e-04
6.603679454045131791e+00 6.304619207180145457e-04 1.051570777789011951e-03 -4.211088570710147527e-04
6.604790812124704757e+00 3.127909382103226561e-04 5.719170458397078091e-04 -2.591261076281738823e-04
6.605902170204277724e+00 -6.014004327138233047e-05 -4.321270554229032779e-06 -5.581877271687921138e-05
6.607013528283850690e+00 -4.269548079770778271e-04 -5.823021188586683869e-04 1.553473108828326218e-04
6.608124886363424544e+00 -7.273496733705159950e-04 -1.066999788942790336e-03 3.396501155744058829e-04
6.609236244442997510e+00 -9.120070012426945844e-04 -1.378828208218864371e-03 4.668212069765826505e-04
6.610347602522570476e+00 -9.506916186192704288e-04 -1.466708791287942015e-03 5.160171726688702123e-04
6.611458960602144330e+00 -8.372009720780948516e-04 -1.316437133375199936e-03 4.792361612971050844e-04
6.612570318681717296e+00 -5.903585827511763362e-04 -9.529781014061822209e-04 3.626195186562947842e-04
6.613681676761290262e+00 -2.508917823081623089e-04 -4.363185978615569116e-04 1.854268155543053326e-04
6.614793034840864117e+00 1.252884320643507521e-04 1.484331321602930243e-04 -2.314470009271048234e-05
6.615904392920437083e+00 4.762966107704769136e-04 7.050676015554063758e-04 -2.287709907850179331e-04
6.617015751000010049e+00 7.444542939354439892e-04 1.142104051458713715e-03 -3.976497575234744231e-04
6.618127109079583015e+00 8.857686388084110019e-04 1.387825693046951941e-03 -5.020570542404560743e-04
6.619238467159156869e+00 8.771505725769807721e-04 1.402049132313294699e-03 -5.248985597351421215e-04
6.620349825238729835e+00 7.201881519776284768e-04 1.182696504299059551e-03 -4.625083523201647256e-04
6.621461183318302801e+00 4.408584736506123564e-04 7.660954384679594803e-04 -3.252369648162238905e-04
6.622572541397876655e+00 8.522991035655753250e-05 2.209643608994788476e-04 -1.357344505423280397e-04
6.623683899477449621e+00 -2.881343576496640108e-04 -3.629211153791424282e-04 7.478675772848984195e-05
6.624795257557022587e+00 -6.178189600593540776e-04 -8.895115494391859362e-04 2.716925893811723662e-04
6.625906615636596442e+00 -8.496574859033056287e-04 -1.272282474117564233e-03 4.226249882131674629e-04
6.627017973716169408e+00 -9.456308696818085946e-04 -1.448450016909984261e-03 5.028191472300040654e-04
6.628129331795742374e+00 -8.901012695331431135e-04 -1.389267834964739295e-03 4.991665654317661849e-04
6.629240689875316228e+00 -6.923593485910380096e-04 -1.104716660510908499e-03 4.123573119203440690e-04
6.630352047954889194e+00 -3.850701068860706844e-04 -6.418215070920635368e-04 2.567514002046623195e-04
6.631463406034462160e+00 -1.887719507363133653e-05 -7.688010042808390843e-05 5.800290535563044914e-05
6.632574764114035126e+00 3.459430375291026871e-04 4.971131433485140305e-04 -1.511701058209569820e-04
6.633686122193608981e+00 6.494023982886315549e-04 9.857747500654802375e-04 -3.363723517756499887e-04
6.634797480273181947e+00 8.416637864951982684e-04 1.308851717127655634e-03 -4.671879306343690308e-04
6.635908838352754913e+00 8.912246592514619370e-04 1.413401110643908859e-03 -5.221764513952467657e-04
6.637020196432328767e+00 7.900773438625809109e-04 1.282465367437134532e-03 -4.923880235749161782e-04
6.638131554511901733e+00 5.550009968845175806e-04 9.378218297347237775e-04 -3.828208328488674241e-04
6.639242912591474699e+00 2.247769209990876406e-04 4.363608372234383664e-04 -2.115839162236533670e-04
6.640354270671048553e+00 -1.462105760257677994e-04 -1.393052818203337206e-04 -6.905294203341134918e-06
6.641465628750621519e+00 -4.969318309887039986e-04 -6.944521236281683829e-04 1.975202926420512907e-04
6.642576986830194485e+00 -7.697525173301390800e-04 -1.137829865952701830e-03 3.680773486248061811e-04
6.643688344909768340e+00 -9.199054277020494996e-04 -1.396661924810343319e-03 4.767564971075010510e-04
6.644799702989341306e+00 -9.228366998407372401e-04 -1.428590302637047782e-03 5.057536027973331613e-04
6.645911061068914272e+00 -7.782209696580964786e-04 -1.228606970725843600e-03 4.503860010686769333e-04
6.647022419148487238e+00 -5.099888899541688003e-04 -8.298370882154973427e-04 3.198481982629175491e-04
6.648133777228061092e+00 -1.623667636289627403e-04 -2.980519029348108195e-04 1.356851393062418615e-04
6.649245135307634058e+00 2.074163101711927470e-04 2.791797814725160976e-04 -7.176347130097987526e-05
6.650356493387207024e+00 5.385511895525593729e-04 8.069121932609002457e-04 -2.683610037070571774e-04
6.651467851466780878e+00 7.766498685313760753e-04 1.198440496557585250e-03 -4.217906280235966809e-04
6.652579209546353844e+00 8.826801750401701285e-04 1.389546980479501592e-03 -5.068668054401467837e-04
6.653690567625926811e+00 8.393661866129137339e-04 1.349034787309501271e-03 -5.096686006953714959e-04
6.654801925705500665e+00 6.540048020807695539e-04 1.083821323432371600e-03 -4.298165213506262641e-04
6.655913283785073631e+00 3.572392541731656684e-04 6.377597977940572746e-04 -2.805205436224866844e-04
6.657024641864646597e+00 -2.004439135414775100e-06 8.438938984547039376e-05 -8.639382898067038841e-05
6.658135999944220451e+00 -3.645814541089961724e-04 -4.851874695414688451e-04 1.206060154337834731e-04
6.659247358023793417e+00 -6.708635378261176840e-04 -9.773023552648273105e-04 3.064388174406611903e-04
6.660358716103366383e+00 -8.705433794886016652e-04 -1.311123838372580536e-03 4.405804588849355705e-04
6.661470074182939349e+00 -9.308959494257681988e-04 -1.431933350593498494e-03 5.010374011691120025e-04
6.662581432262513204e+00 -8.421402017210512236e-04 -1.320093511179301626e-03 4.779533094579901942e-04
6.663692790342086170e+00 -6.190227203106066223e-04 -9.942390481747984121e-04 3.752163278657634493e-04
6.664804148421659136e+00 -2.983669884764027225e-04 -5.081718988635061662e-04 2.098049103909337132e-04
6.665915506501232990e+00 6.700447029187733827e-05 5.802227075824006874e-05 8.982199534386670070e-06
6.667026864580805956e+00 4.169719241587169223e-04 6.111693771905964134e-04 -1.941974530301829316e-04
6.668138222660378922e+00 6.940107462946251693e-04 1.060339972943538656e-03 -3.663292266496177840e-04
6.669249580739952776e+00 8.526465224738023763e-04 1.331796816928628585e-03 -4.791502944555478538e-04
6.670360938819525742e+00 8.669188868856928659e-04 1.381099818810190005e-03 -5.141809319217623478e-04
6.671472296899098708e+00 7.346290694647487213e-04 1.200381208341233519e-03 -4.657521388741446555e-04
6.672583654978672563e+00 4.776762392284640904e-04 8.195999798265929739e-04 -3.419237405971652446e-04
6.673695013058245529e+00 1.384315166702352988e-04 3.015758136587307764e-04 -1.631442969879739763e-04
6.674806371137818495e+00 -2.272499686890227730e-04 -2.683743864365806947e-04 4.112441774967558542e-05
6.675917729217391461e+00 -5.592264949581503275e-04 -7.964876858802816262e-04 2.372611909231877453e-04
6.677029087296965315e+00 -8.029621319187718598e-04 -1.195979918764730754e-03 3.930177868485891686e-04
6.678140445376538281e+00 -9.184869370014447920e-04 -1.401306603344015106e-03 4.828196663455939369e-04
6.679251803456111247e+00 -8.869528080683794502e-04 -1.378916555638782376e-03 4.919637475725305645e-04
6.680363161535685101e+00 -7.137097075783013778e-04 -1.132733929433946823e-03 4.190242218566064825e-04
6.681474519615258068e+00 -4.274002066018793566e-04 -7.034730031633927572e-04 2.760727965629115876e-04
6.682585877694831034e+00 -7.522546046234354633e-05 -1.619049582632092754e-04 8.667949780432303297e-05
6.683697235774404888e+00 2.848349769773925177e-04 4.028098683898848065e-04 -1.179748914117307451e-04
6.684808593853977854e+00 5.935671129610221863e-04 8.978006761015885906e-04 -3.042335631416332592e-04
6.685919951933550820e+00 8.002592442679368201e-04 1.241759268243419062e-03 -4.415000239745090621e-04
6.687031310013124674e+00 8.710304374094802321e-04 1.378295791669065240e-03 -5.072653542580653901e-04
6.688142668092697640e+00 7.943829798416294358e-04 1.285183351340909996e-03 -4.908003714988052463e-04
6.689254026172270606e+00 5.830688905632038649e-04 9.779759620153240240e-04 -3.949070714533032406e-04
6.690365384251843572e+00 2.719675566245599412e-04 5.074110082829586671e-04 -2.354434516582959436e-04
6.691476742331417427e+00 -8.767230659538754328e-05 -4.897009350297376953e-05 -3.870221309128327614e-05
6.692588100410990393e+00 -4.366758028185244167e-04 -5.995991963703116434e-04 1.629233935545515086e-04
6.693699458490563359e+00 -7.176791071269936206e-04 -1.053951260646028218e-03 3.362721535202163776e-04
6.694810816570137213e+00 -8.845585335959423035e-04 -1.337426616044322392e-03 4.528680824487183593e-04
6.695922174649710179e+00 -9.100015170688501021e-04 -1.403599025592373872e-03 4.935975085244544494e-04
6.697033532729283145e+00 -7.899767533352600180e-04 -1.241818629695638082e-03 4.518418763611604244e-04
6.698144890808856999e+00 -5.443718812093087389e-04 -8.789247034355837651e-04 3.345528222265716639e-04
6.699256248888429965e+00 -2.136979721395967924e-04 -3.747929065854582742e-04 1.610949344474123246e-04
6.700367606968002931e+00 1.475931363242311001e-04 1.875443135068988187e-04 -3.995117718367038884e-05
6.701478965047575898e+00 4.800763230764990008e-04 7.155740499557652901e-04 -2.354977268772956434e-04
6.702590323127149752e+00 7.291286741874167254e-04 1.122523390487982498e-03 -3.933947162979619522e-04
6.703701681206722718e+00 8.539048983054534081e-04 1.341619905020755010e-03 -4.877150067151680285e-04
6.704813039286295684e+00 8.340378531736959006e-04 1.337048578981002434e-03 -5.030107258079431765e-04
6.705924397365869538e+00 6.729649622695330069e-04 1.109807238971659282e-03 -4.368422767032824686e-04
6.707035755445442504e+00 3.973372261457269218e-04 6.975031864960793554e-04 -3.001659603496433654e-04
6.708147113525015470e+00 5.261218915777673977e-05 1.681309205058163780e-04 -1.155187313473854307e-04
6.709258471604589324e+00 -3.044404748673811001e-04 -3.911396244757649188e-04 8.669914961015367030e-05
6.710369829684162291e+00 -6.150852574038981335e-04 -8.883156464580630601e-04 2.732303890526002060e-04
6.711481187763735257e+00 -8.282803321544296438e-04 -1.241711746001829264e-03 4.134314138485740281e-04
6.712592545843309111e+00 -9.090617704523504261e-04 -1.393369429179940056e-03 4.843076587261914423e-04
6.713703903922882077e+00 -8.442753054009044522e-04 -1.318561293771943616e-03 4.742859883710599800e-04
6.714815262002455043e+00 -6.447160576204050142e-04 -1.029821411068346237e-03 3.851053534487426655e-04
6.715926620082028009e+00 -3.433282267484259742e-04 -5.748450442552427431e-04 2.315168175074534124e-04
6.717037978161601863e+00 1.023507259807765468e-05 -2.860950839507492294e-05 3.884458099458198976e-05
6.718149336241174829e+00 3.577935144167057602e-04 5.189822642756476700e-04 -1.611887498593408963e-04
6.719260694320747795e+00 6.422146836581599239e-04 9.778991321896593480e-04 -3.356844485306546139e-04
6.720372052400321650e+00 8.168068147101741061e-04 1.272784618786867994e-03 -4.559778040752332506e-04
6.721483410479894616e+00 8.529849949080320348e-04 1.355331419889714561e-03 -5.023464249799651504e-04
6.722594768559467582e+00 7.449521784905904775e-04 1.212195534648179140e-03 -4.672433561568817631e-04
6.723706126639041436e+00 5.106284992629677236e-04 8.671535068881120606e-04 -3.565250076254886796e-04
6.724817484718614402e+00 1.886800209748538959e-04 3.771541482088672584e-04 -1.884741272323909624e-04
6.725928842798187368e+00 -1.678604590612101967e-04 -1.770796790286667532e-04 9.219219971262485654e-06
6.727040200877761222e+00 -5.003281267213048611e-04 -7.043482749931346404e-04 2.040201482731512049e-04
6.728151558957334188e+00 -7.540777763432350567e-04 -1.117980946270524800e-03 3.639031699287972182e-04
6.729262917036907155e+00 -8.874644787489130437e-04 -1.350081483714703212e-03 4.626170049655212863e-04
6.730374275116480121e+00 -8.786774059752824884e-04 -1.362671891835705307e-03 4.839944858618851903e-04
6.731485633196053975e+00 -7.293054408234085628e-04 -1.153905410229975198e-03 4.245999694067886798e-04
6.732596991275626941e+00 -4.640517193815266173e-04 -7.583324700236662719e-04 2.942807506425733355e-04
6.733708349355199907e+00 -1.266480414634264806e-04 -2.411820799730832188e-04 1.145340385084198803e-04
6.734819707434773761e+00 2.273551662033343468e-04 3.123948728410465281e-04 -8.503970663903404059e-05
6.735931065514346727e+00 5.397346432464422694e-04 8.113465764851175710e-04 -2.716119332364860806e-04
6.737042423593919693e+00 7.591701202838314899e-04 1.173696834644515075e-03 -4.145267143602533733e-04
6.738153781673493548e+00 8.496753117028296026e-04 1.340013828910000676e-03 -4.903385172056341085e-04
6.739265139753066514e+00 7.964990730032536076e-04 1.283158209506175818e-03 -4.866591365023462817e-04
6.740376497832639480e+00 6.085291025164649495e-04 1.012711670492633109e-03 -4.041825679732720389e-04
6.741487855912213334e+00 3.168065982180577611e-04 5.733634329136306357e-04 -2.565568346943880584e-04
6.742599213991786300e+00 -3.059989950398266101e-05 3.752622261877320772e-05 -6.812612212515672602e-05
6.743710572071359266e+00 -3.765149087283647944e-04 -5.065982057284373549e-04 1.300832970009824230e-04
6.744821930150932232e+00 -6.640655434483402897e-04 -9.695370528617248962e-04 3.054715094123875742e-04
6.745933288230506086e+00 -8.460316157483938060e-04 -1.275258330888082159e-03 4.292267151411099588e-04
6.747044646310079052e+00 -8.925990925485148553e-04 -1.373657545986683298e-03 4.810584534354405903e-04
6.748156004389652018e+00 -7.962438150546646831e-04 -1.248768556194237295e-03 4.525247411413758566e-04
6.749267362469225873e+00 -5.729455208605647998e-04 -9.213530827023447278e-04 3.484075618417712544e-04
6.750378720548798839e+00 -2.595363852022254669e-04 -4.454489887282218896e-04 1.859126035249295678e-04
6.751490078628371805e+00 9.237597925139048871e-05 1.005488745385862970e-04 -8.172895289591461387e-06
6.752601436707945659e+00 4.249083775261924822e-04 6.268031216833738761e-04 -2.018947441578475277e-04
6.753712794787518625e+00 6.834247661791775785e-04 1.046816122634196961e-03 -3.633913564552501002e-04
6.754824152867091591e+00 8.255151697087528828e-04 1.291647773779051184e-03 -4.661326040703191176e-04
6.755935510946665445e+00 8.279551349306447927e-04 1.321231760278276934e-03 -4.932766253480328628e-04
6.757046869026238411e+00 6.905036312901870893e-04 1.130932789965639201e-03 -4.404291586766664185e-04
6.758158227105811378e+00 4.359182974490241613e-04 7.522716709130045087e-04 -3.163533734641867795e-04
6.759269585185384344e+00 1.061894895118859102e-04 2.477051049669166428e-04 -1.415156154548824138e-04
6.760380943264958198e+00 -2.443837446085804499e-04 -2.996753319943921620e-04 5.529158738682023698e-05
6.761492301344531164e+00 -5.581340690298565443e-04 -7.998260986875529305e-04 2.416920296570068336e-04
6.762603659424104130e+00 -7.835106233563624706e-04 -1.170563305800814691e-03 3.870526824436299612e-04
6.763715017503677984e+00 -8.835481692968660816e-04 -1.351066637633725059e-03 4.675184683377315437e-04
6.764826375583250950e+00 -8.419292526722285674e-04 -1.311856713962132603e-03 4.699274612887998845e-04
6.765937733662823916e+00 -6.656452072062446490e-04 -1.059609156203629443e-03 3.939639489988853299e-04
6.767049091742397771e+00 -3.838220567611953793e-04 -6.360192406625088390e-04 2.521971839018703060e-04
6.768160449821970737e+00 -4.290837024009327982e-05 -1.109100113720652703e-04 6.800164113331813587e-05
6.769271807901543703e+00 3.009799460221077028e-04 4.292770320824396135e-04 -1.282970860613068254e-04
6.770383165981117557e+00 5.912963176971305912e-04 8.957115612236443702e-04 -3.044152435254261074e-04
6.771494524060690523e+00 7.803613405854316343e-04 1.211781977295031676e-03 -4.314206367083302240e-04
6.772605882140263489e+00 8.371930176462143158e-04 1.325678812612075125e-03 -4.884857949621276840e-04
6.773717240219836455e+00 7.525835150383585609e-04 1.218887190976505538e-03 -4.663036759369057829e-04
6.774828598299410309e+00 5.405906020044242560e-04 9.091963157934028483e-04 -3.686057137887613182e-04
6.775939956378983275e+00 2.362022854317841376e-04 4.477368870737319720e-04 -2.115346016416763501e-04
6.777051314458556242e+00 -1.104374203155017095e-04 -8.946025229558240283e-05 -2.097716801991345199e-05
6.778162672538130096e+00 -4.422886493467542007e-04 -6.139906595947625112e-04 1.717020102478569558e-04
6.779274030617703062e+00 -7.048010987481846679e-04 -1.039624232548063548e-03 3.348231338005879486e-04
6.780385388697276028e+00 -8.548804293905809537e-04 -1.296480539370738205e-03 4.416001099792708079e-04
6.781496746776849882e+00 -8.679618821043205701e-04 -1.342501291659938673e-03 4.745394095555261621e-04
6.782608104856422848e+00 -7.420300578558879090e-04 -1.170336509587199814e-03 4.283064517319069148e-04
6.783719462935995814e+00 -4.979271106654512002e-04 -8.085169471572402344e-04 3.105898364922036331e-04
6.784830821015568780e+00 -1.759025188291900299e-04 -3.167259372750599877e-04 1.408234184470599781e-04
6.785942179095142635e+00 1.710244182743132779e-04 2.240458469178717438e-04 -5.302142864142649070e-05
6.787053537174715601e+00 4.857947648246943584e-04 7.248386987432249573e-04 -2.390439339182252876e-04
6.788164895254288567e+00 7.166952945107281370e-04 1.103358608334829155e-03 -3.866633138254124691e-04
6.789276253333862421e+00 8.258552433243158963e-04 1.297500891108648718e-03 -4.716456477830976990e-04
6.790387611413435387e+00 7.954584110434446964e-04 1.275540364122137310e-03 -4.800819530777454547e-04
6.791498969493008353e+00 6.306516194531444630e-04 1.041316082727826789e-03 -4.106644632742642576e-04
6.792610327572582207e+00 3.586747610381485311e-04 6.335633643305693674e-04 -2.748886032904324095e-04
6.793721685652155173e+00 2.435937070608676022e-05 1.195089607183732854e-04 -9.514959001173726831e-05
6.794833043731728139e+00 -3.172604255354816161e-04 -4.162116339907154933e-04 9.895120845678515367e-05
6.795944401811301994e+00 -6.100067446322549047e-04 -8.854877412138150578e-04 2.754809965793631257e-04
6.797055759890874960e+00 -8.057954447337270509e-04 -1.211224074449006316e-03 4.054286297153850832e-04
6.798167117970447926e+00 -8.725333398501913806e-04 -1.340005272543871168e-03 4.674719326947501113e-04
6.799278476050020892e+00 -7.993781130016600067e-04 -1.250854012162148921e-03 4.514758991588287834e-04
6.800389834129594746e+00 -5.984988608753634420e-04 -9.586467437498608080e-04 3.601478828740185822e-04
6.801501192209167712e+00 -3.030514362941105766e-04 -5.116309441934377422e-04 2.085795079005501457e-04
6.802612550288740678e+00 3.829461129664646357e-05 1.654184432268654414e-05 2.175276697552464000e-05
6.803723908368314532e+00 3.693740793155389501e-04 5.389516512162365047e-04 -1.695775719014174648e-04
6.804835266447887498e+00 6.357682294489651331e-04 9.697148113717579676e-04 -3.339465819224007870e-04
6.805946624527460465e+00 7.937501776542899012e-04 1.238103636581257272e-03 -4.443534589290412326e-04
6.807057982607034319e+00 8.174631149342661413e-04 1.300159710573300237e-03 -4.826965956389768497e-04
6.808169340686607285e+00 7.031529858535518623e-04 1.145893966864762123e-03 -4.427409810103654503e-04
6.809280698766180251e+00 4.697627547094089875e-04 8.008942650105993141e-04 -3.311315102999109680e-04
6.810392056845754105e+00 1.557943188441458619e-04 3.220818927874881388e-04 -1.662875739440470083e-04
6.811503414925327071e+00 -1.870421279248856393e-04 -2.116793112008096868e-04 2.463718327708175858e-05
6.812614773004900037e+00 -5.023438206408457896e-04 -7.125719262173410562e-04 2.102281055760750299e-04
6.813726131084473003e+00 -7.382938876808169820e-04 -1.098272730954859971e-03 3.599788432767981640e-04
6.814837489164046858e+00 -8.561762417488519988e-04 -1.305482355297211960e-03 4.493061135471985643e-04
6.815948847243619824e+00 -8.367277055895717963e-04 -1.300313255229532811e-03 4.635855496399627490e-04
6.817060205323192790e+00 -6.832852108891659948e-04 -1.083831278698849099e-03 4.005460678075233732e-04
6.818171563402766644e+00 -4.212139213594645604e-04 -6.918446614331066891e-04 2.706307400738641733e-04
6.819282921482339610e+00 -9.371413325288610596e-05 -1.889810318052610738e-04 9.526689855153189224e-05
6.820394279561912576e+00 2.452999098506714049e-04 3.419678965491945721e-04 -9.666798669801662802e-05
6.821505637641486430e+00 5.400754441936723993e-04 8.136772057728523799e-04 -2.736017615798964214e-04
6.822616995721059396e+00 7.421897905944829787e-04 1.148651051752155178e-03 -4.064612611581232271e-04
6.823728353800632362e+00 8.185043757991204011e-04 1.291954209323833980e-03 -4.734498335265046806e-04
6.824839711880206217e+00 7.565976509270044836e-04 1.220221283158615111e-03 -4.636236322308213281e-04
6.825951069959779183e+00 5.667862411174034998e-04 9.454661353779127142e-04 -3.786798942590060765e-04
6.827062428039352149e+00 2.804055173868443690e-04 5.130705091816178953e-04 -2.326649917912329557e-04
6.828173786118925115e+00 -5.536386822333969060e-05 -5.711500444478649630e-06 -4.965236778075709373e-05
6.829285144198498969e+00 -3.852693467624544038e-04 -5.254951495652655097e-04 1.402258028003185251e-04
6.830396502278071935e+00 -6.550789675797679540e-04 -9.608180630670329347e-04 3.057390954893011124e-04
6.831507860357644901e+00 -8.204968046670799153e-04 -1.240191674695731439e-03 4.196948700277529365e-04
6.832619218437218755e+00 -8.544355890817527388e-04 -1.317840812100956605e-03 4.634052230196019848e-04
6.833730576516791722e+00 -7.514525279521330758e-04 -1.181203618138438466e-03 4.297510901847025055e-04
6.834841934596364688e+00 -5.286219061774802275e-04 -8.529630245592070836e-04 3.243411183853888574e-04
6.835953292675938542e+00 -2.227046672700558338e-04 -3.872813574569353157e-04 1.645766901871570376e-04
6.837064650755511508e+00 1.159158614533438436e-04 1.391369286761166835e-04 -2.322106722380500032e-05
6.838176008835084474e+00 4.315317146826348760e-04 6.396796837831661420e-04 -2.081479691020335365e-04
6.839287366914658328e+00 6.722749330251333311e-04 1.032077592372115937e-03 -3.598026593470866896e-04
6.840398724994231294e+00 7.986414044169470872e-04 1.251926141320285762e-03 -4.532847369048999264e-04
6.841510083073804260e+00 7.899731076974024491e-04 1.263256541540209305e-03 -4.732834338420427098e-04
6.842621441153377226e+00 6.478350735997394014e-04 1.064420582482249883e-03 -4.165855088830612563e-04
6.843732799232951081e+00 3.957350296217168953e-04 6.883266293564119925e-04 -2.925915997362121129e-04
6.844844157312524047e+00 7.523558411060178586e-05 1.969937134003027154e-04 -1.217581292892681161e-04
6.845955515392097013e+00 -2.608981145744695626e-04 -3.286751017471814876e-04 6.777698717252544219e-05
6.847066873471670867e+00 -5.573855545101587955e-04 -8.022137908271602391e-04 2.448282363172833362e-04
6.848178231551243833e+00 -7.655226549900563671e-04 -1.145815522436061107e-03 3.802928674454422557e-04
6.849289589630816799e+00 -8.511829057994847042e-04 -1.303116629204528754e-03 4.519337234062574885e-04
6.850400947710390653e+00 -8.004134293506728892e-04 -1.248441960944104978e-03 4.480285315959474379e-04
6.851512305789963619e+00 -6.217083294238999469e-04 -9.909951302192049338e-04 3.692868007953882536e-04
6.852623663869536585e+00 -3.445889432622459281e-04 -5.733098412174855718e-04 2.287208979543913639e-04
6.853735021949110440e+00 -1.472820831029120203e-05 -6.422275848977365698e-05 4.949455017849886673e-05
6.854846380028683406e+00 3.135756712322086692e-04 4.524711425031684164e-04 -1.388954712720855827e-04
6.855957738108256372e+00 5.863360702813118219e-04 8.918111139407762511e-04 -3.054750436580783851e-04
6.857069096187829338e+00 7.587544554704533928e-04 1.181640853006066250e-03 -4.228863975380952461e-04
6.858180454267403192e+00 8.025771399202945994e-04 1.274459283743360760e-03 -4.718821438223956902e-04
6.859291812346976158e+00 7.107242118743316989e-04 1.155205582503274209e-03 -4.444813706270013542e-04
6.860403170426549124e+00 4.984323099963576184e-04 8.437025820236757762e-04 -3.452702720270501430e-04
6.861514528506122979e+00 2.007268778168305387e-04 3.913622301956942370e-04 -1.906353523797635861e-04
6.862625886585695945e+00 -1.333567754668364171e-04 -1.272994089200119895e-04 -6.057366550007428282e-06
6.863737244665268911e+00 -4.488501409176436432e-04 -6.269372763615960881e-04 1.780871354451554756e-04
6.864848602744842765e+00 -6.938956065133863177e-04 -1.025420487910436856e-03 3.315248813955287525e-04
6.865959960824415731e+00 -8.282699711109099694e-04 -1.257332832788993909e-03 4.290628616785731320e-04
6.867071318903988697e+00 -8.299864503454289222e-04 -1.284711435318199035e-03 4.547249849721091836e-04
6.868182676983561663e+00 -6.988916025418082101e-04 -1.103260758054069174e-03 4.043691555127883197e-04
6.869294035063135517e+00 -4.566687852534043190e-04 -7.430248327809432785e-04 2.863560475284375462e-04
6.870405393142708483e+00 -1.432511820112156165e-04 -2.634127926909868300e-04 1.201616106818598206e-04
6.871516751222281449e+00 1.897622253153423422e-04 2.565987015089137013e-04 -6.683647619189735101e-05
6.872628109301855304e+00 4.876021880140593567e-04 7.314703829721137807e-04 -2.438681949589634190e-04
6.873739467381428270e+00 7.013374777716831210e-04 1.083171180502807973e-03 -3.818337027312818446e-04
6.874850825461001236e+00 7.959142784356495331e-04 1.254000343734049810e-03 -4.580860652980672104e-04
6.875962183540575090e+00 7.559058240359014386e-04 1.216053977599416275e-03 -4.601481535657040572e-04
6.877073541620148056e+00 5.880292278153329000e-04 9.757829101348560602e-04 -3.877536823208120598e-04
6.878184899699721022e+00 3.200189260594904148e-04 5.728974524980999170e-04 -2.528785264398212065e-04
6.879296257779294876e+00 -3.954390206389359064e-06 7.380482355245259266e-05 -7.775921375434576531e-05
6.880407615858867842e+00 -3.305626859156024847e-04 -4.393362518231233582e-04 1.087735659092096269e-04
6.881518973938440809e+00 -6.060978515381697240e-04 -8.821397459531001711e-04 2.760418944136549917e-04
6.882630332018013775e+00 -7.853026941100973990e-04 -1.181869129320452239e-03 3.965664352085767480e-04
6.883741690097587629e+00 -8.388036247241829196e-04 -1.289384831727392877e-03 4.505812070027164287e-04
6.884853048177160595e+00 -7.579243791634299177e-04 -1.187199942446450635e-03 4.292755632822557038e-04
6.885964406256733561e+00 -5.560919311755826988e-04 -8.923235700448381436e-04 3.362316388704897005e-04
6.887075764336307415e+00 -2.666068535308388499e-04 -4.534296136970254743e-04 1.868227601641049562e-04
6.888187122415880381e+00 6.285165068165357583e-05 5.717784947127657613e-05 5.673801210609452639e-06
6.889298480495453347e+00 3.780793138507682061e-04 5.554762986755418241e-04 -1.773969848244839193e-04
6.890409838575027202e+00 6.272653538446255894e-04 9.595512397475892963e-04 -3.322858859014701099e-04
6.891521196654600168e+00 7.695085885064817388e-04 1.203062182374248917e-03 -4.335535938675642159e-04
6.892632554734173134e+00 7.815313308821188187e-04 1.246134454908356948e-03 -4.646031240285270966e-04
6.893743912813746988e+00 6.614889966370905705e-04 1.081888646222977507e-03 -4.203996495849154913e-04
6.894855270893319954e+00 4.292519713729927439e-04 7.375385117801957352e-04 -3.082865404072385532e-04
6.895966628972892920e+00 1.231169238359243641e-04 2.698822865486970313e-04 -1.467653627135305245e-04
6.897077987052465886e+00 -2.065081484078547941e-04 -2.440656550664931437e-04 3.755750665780242976e-05
6.898189345132039740e+00 -5.054038356155886313e-04 -7.197575967750370618e-04 2.143537611592775602e-04
6.899300703211612706e+00 -7.244575715841146402e-04 -1.079021136441912776e-03 3.545635648583012056e-04
6.900412061291185672e+00 -8.277333128722426381e-04 -1.262905650308020905e-03 4.351723374343956924e-04
6.901523419370759527e+00 -7.983667116905589223e-04 -1.241355451524827486e-03 4.429887398339268229e-04
6.902634777450332493e+00 -6.413187059735037110e-04 -1.018122395782371931e-03 3.768036898075931979e-04
6.903746135529905459e+00 -3.825379420534825992e-04 -6.301149938121725080e-04 2.475770517590125674e-04
6.904857493609479313e+00 -6.467334133197430446e-05 -1.412966324523638739e-04 7.662329112089957817e-05
6.905968851689052279e+00 2.599548114925985531e-04 3.678583886739493491e-04 -1.079035771826587775e-04
6.907080209768625245e+00 5.379668491411089548e-04 8.136129358506452580e-04 -2.756460867102145801e-04
6.908191567848199099e+00 7.237012410343350577e-04 1.122738303749523658e-03 -3.990370627148694116e-04
6.909302925927772066e+00 7.867143279283381196e-04 1.244543898346373717e-03 -4.578295704172714517e-04
6.910414284007345032e+00 7.167704775335632938e-04 1.159189184753732851e-03 -4.424187072212442187e-04
6.911525642086917998e+00 5.255047206428244827e-04 8.809149901400151195e-04 -3.554102694985328791e-04
6.912637000166491852e+00 2.444878431167366289e-04 4.556679643795335730e-04 -2.111801212649733715e-04
6.913748358246064818e+00 -7.998433597113628613e-05 -4.648561990178634237e-05 -3.349871606903053779e-05
6.914859716325637784e+00 -3.945174844507421535e-04 -5.429041988978412087e-04 1.483867144495580256e-04
6.915971074405211638e+00 -6.474047386109578472e-04 -9.519713332991619481e-04 3.045665946897709898e-04
6.917082432484784604e+00 -7.971264265979709218e-04 -1.206513992036334360e-03 4.093875654380164930e-04
6.918193790564357570e+00 -8.191663386919144363e-04 -1.264832682795404006e-03 4.456663441008805460e-04
6.919305148643931425e+00 -7.100255238765632027e-04 -1.117532247779981502e-03 4.075067239011085155e-04
6.920416506723504391e+00 -4.877764980940474393e-04 -7.890344160173881627e-04 3.012579179218419223e-04
6.921527864803077357e+00 -1.890702122672692498e-04 -3.335287215384119541e-04 1.444585092688979722e-04
6.922639222882651211e+00 1.369085581731724344e-04 1.739669229900743519e-04 -3.705836481952134998e-05
6.923750580962224177e+00 4.365405075390377254e-04 6.499613153463403015e-04 -2.134208078109038620e-04
6.924861939041797143e+00 6.605920639396953287e-04 1.016225913695212313e-03 -3.556338497557182121e-04
6.925973297121370109e+00 7.723057002448699415e-04 1.212651825033300712e-03 -4.403461247922697136e-04
6.927084655200943963e+00 7.534308478180217622e-04 1.207114787041965037e-03 -4.536839392281066113e-04
6.928196013280516929e+00 6.072058982388040677e-04 1.000729140059785499e-03 -3.935232418232417761e-04
6.929307371360089896e+00 3.578040614333733403e-04 6.276315246084131563e-04 -2.698274631747583571e-04
6.930418729439663750e+00 4.633774508507786452e-05 1.493353185793456356e-04 -1.029975734973310759e-04
6.931530087519236716e+00 -2.759181403704973404e-04 -3.554105551743722002e-04 7.949241480236142205e-05
6.932641445598809682e+00 -5.559669496214003637e-04 -8.035865803196397955e-04 2.476196306978365423e-04
6.933752803678383536e+00 -7.478056575237375381e-04 -1.121556874785527985e-03 3.737512172611650793e-04
6.934864161757956502e+00 -8.199815611861019371e-04 -1.257167003865244936e-03 4.371854426779807345e-04
6.935975519837529468e+00 -7.607490284671294956e-04 -1.188297824186074908e-03 4.275487957182445842e-04
6.937086877917103322e+00 -5.799808301635879515e-04 -9.264724683263614313e-04 3.464916381597567957e-04
6.938198235996676289e+00 -3.075230518749631770e-04 -5.149283339091342837e-04 2.074052820322976054e-04
6.939309594076249255e+00 1.173237070126870174e-05 -2.147656969777450575e-05 3.320894039920627150e-05
6.940420952155822221e+00 3.252440297097577981e-04 4.726717300581433079e-04 -1.474277003477974385e-04
6.941532310235396075e+00 5.814677535052846513e-04 8.862714427570611564e-04 -3.048036892521529401e-04
6.942643668314969041e+00 7.383306937490015376e-04 1.151401662620035043e-03 -4.130709688698660370e-04
6.943755026394542007e+00 7.701396480791263682e-04 1.224619943061115018e-03 -4.544802949852880941e-04
6.944866384474115861e+00 6.717893002732427954e-04 1.094080752878038437e-03 -4.222914526079181441e-04
6.945977742553688827e+00 4.595811451977172696e-04 7.814517452957095434e-04 -3.218706000980738058e-04
6.947089100633261793e+00 1.685218199631369207e-04 3.383179234682552952e-04 -1.697961035031160699e-04
6.948200458712835648e+00 -1.534514430208814596e-04 -1.623296099584337071e-04 8.878166934826563217e-06
6.949311816792408614e+00 -4.533657279219690736e-04 -6.381160420203865064e-04 1.847503140987628596e-04
6.950423174871981580e+00 -6.819275061407132493e-04 -1.010836188289643625e-03 3.289086821470382262e-04
6.951534532951554546e+00 -8.016241033710017755e-04 -1.219308843012363586e-03 4.176847396386738562e-04
6.952645891031128400e+00 -7.928801047678603331e-04 -1.229419330498925794e-03 4.365392257301972320e-04
6.953757249110701366e+00 -6.572583709055120071e-04 -1.039701852707467650e-03 3.824434817994645797e-04
6.954868607190274332e+00 -4.171822621551121713e-04 -6.815481959309074855e-04 2.643659337775074863e-04
6.955979965269848186e+00 -1.122281777368137889e-04 -2.140137946239940858e-04 1.017856168872496858e-04
6.957091323349421152e+00 2.073986221084907211e-04 2.859195301873965200e-04 -7.852090807767587999e-05
6.958202681428994119e+00 4.891294170197013624e-04 7.360186772611340689e-04 -2.468892602430303868e-04
6.959314039508567973e+00 6.866779217749238717e-04 1.062325285887202181e-03 -3.756473641137372116e-04
6.960425397588140939e+00 7.676447262896912010e-04 1.211307892466269298e-03 -4.436631661800449419e-04
6.961536755667713905e+00 7.188309649624850806e-04 1.158643527959052344e-03 -4.398125629962680236e-04
6.962648113747287759e+00 5.483897817720496948e-04 9.131882161426858879e-04 -3.647984343721627498e-04
6.963759471826860725e+00 2.844649414803549457e-04 5.154882829686751114e-04 -2.310233414897049087e-04
6.964870829906433691e+00 -2.945612766464141517e-05 3.108262512003601499e-05 -6.053875278347374891e-05
6.965982187986006657e+00 -3.417075909074524312e-04 -4.602977071886133614e-04 1.185901162796697186e-04
6.967093546065580512e+00 -6.009481750851568965e-04 -8.778527730145951891e-04 2.769045979298147275e-04
6.968204904145153478e+00 -7.646024849437497301e-04 -1.152999861790425518e-03 3.883973768441500302e-04
6.969316262224726444e+00 -8.058527989413429016e-04 -1.240637815575467567e-03 4.347850166339867553e-04
6.970427620304300298e+00 -7.180331763035549542e-04 -1.126539483414071979e-03 4.085063071100694665e-04
6.971538978383873264e+00 -5.157059306186637104e-04 -8.296606478379146832e-04 3.139547172181181983e-04
6.972650336463446230e+00 -2.322467214846760108e-04 -3.989907964872078938e-04 1.667440750019993229e-04
6.973761694543020084e+00 8.566127096448772349e-05 9.453110860329488885e-05 -8.869837637877353576e-06
6.974873052622593050e+00 3.857158117409088816e-04 5.697018198490624852e-04 -1.839860081074128767e-04
6.975984410702166016e+00 6.186004582836059085e-04 9.484151490117657957e-04 -3.298146907287236723e-04
6.977095768781739871e+00 7.460901097161836554e-04 1.168500978981194122e-03 -4.224108692633503359e-04
6.978207126861312837e+00 7.473250486226979544e-04 1.193931483278402178e-03 -4.466064346524065143e-04
6.979318484940885803e+00 6.222237083280185085e-04 1.020719054593574246e-03 -3.984953462668550453e-04
6.980429843020458769e+00 3.914758500284478727e-04 6.775404504680837547e-04 -2.860646004407725596e-04
6.981541201100032623e+00 9.312061703415676350e-05 2.209897151324077130e-04 -1.278690980981167253e-04
6.982652559179605589e+00 -2.237245615464723142e-04 -2.737543348866194881e-04 5.002977334035881019e-05
6.983763917259178555e+00 -5.069503596412689578e-04 -7.253071263752224745e-04 2.183567667305651681e-04
6.984875275338752409e+00 -7.100259206083911478e-04 -1.059465512715504487e-03 3.494395921052363685e-04
6.985986633418325376e+00 -7.996436233632889939e-04 -1.221401039906977459e-03 4.217574165470052566e-04
6.987097991497898342e+00 -7.611822399545345452e-04 -1.184655674481054077e-03 4.234734345280478235e-04
6.988209349577472196e+00 -6.010923998990835848e-04 -9.554640719721951836e-04 3.543716720729147077e-04
6.989320707657045162e+00 -3.458151842258110065e-04 -5.716963191296879632e-04 2.258811349020988651e-04
6.990432065736618128e+00 -3.741506418475717965e-05 -9.660026834800231055e-05 5.918520416466933887e-05
6.991543423816191982e+00 2.733515619706555766e-04 3.916225499489868478e-04 -1.182709879777033013e-04
6.992654781895764948e+00 5.353900592546326220e-04 8.126894279070276395e-04 -2.772993686503133492e-04
6.993766139975337914e+00 7.056685868682237295e-04 1.097438508984686922e-03 -3.917699221187564973e-04
6.994877498054910880e+00 7.562851543945064980e-04 1.199189358166385250e-03 -4.429042037703417867e-04
6.995988856134484735e+00 6.790400772546910380e-04 1.101395988221346572e-03 -4.223559109641688084e-04
6.997100214214057701e+00 4.867645049252524239e-04 8.203376763412859041e-04 -3.335731714152333389e-04
6.998211572293630667e+00 2.111897967114082994e-04 4.024100220785201826e-04 -1.912202253685703519e-04
6.999322930373204521e+00 -1.022885238835240934e-04 -8.353305351200754347e-05 -1.875547037245210800e-05
7.000434288452777487e+00 -4.020882635907300703e-04 -5.575223867519372989e-04 1.554341231605920522e-04
7.001545646532350453e+00 -6.389278461444505841e-04 -9.416330879286685662e-04 3.027052417816618671e-04
7.002657004611924307e+00 -7.739269186359427899e-04 -1.172795028383417926e-03 3.988681097458869965e-04
7.003768362691497273e+00 -7.849887600056143500e-04 -1.213148338903555223e-03 4.281595788980813860e-04
7.004879720771070239e+00 -6.704167888217579807e-04 -1.056243669765769000e-03 3.858268809431870255e-04
7.005991078850644094e+00 -4.491732701370210190e-04 -7.280718304192509982e-04 2.788985602807450559e-04
7.007102436930217060e+00 -1.577409942411719945e-04 -2.827585743966250231e-04 1.250175801562926348e-04
7.008213795009790026e+00 1.558927217613255423e-04 2.063623916727097551e-04 -5.046966991429507887e-05
7.009325153089362992e+00 4.401377136091753906e-04 6.588258733509905207e-04 -2.186881597398722399e-04
7.010436511168936846e+00 6.482872682417092219e-04 1.000272434824266837e-03 -3.519851665830815018e-04
7.011547869248509812e+00 7.461931242450179497e-04 1.174668811378440370e-03 -4.284756871351927052e-04
7.012659227328082778e+00 7.178680260329084462e-04 1.153503191999425206e-03 -4.356351659660570586e-04
7.013770585407656633e+00 5.680966690685407272e-04 9.404464231444458616e-04 -3.723497540774919727e-04
7.014881943487229599e+00 3.216286632915484403e-04 5.707171536834462766e-04 -2.490884903935119965e-04
7.015993301566802565e+00 1.908954718635429842e-05 1.052604605891569074e-04 -8.617091340219545578e-05
7.017104659646376419e+00 -2.897146191885944383e-04 -3.792978400229702479e-04 8.958322083264282087e-05
7.018216017725949385e+00 -5.539956575693269492e-04 -8.032653638418291164e-04 2.492697062688124104e-04
7.019327375805522351e+00 -7.303352003904181600e-04 -1.096989286191944746e-03 3.666540858028137506e-04
7.020438733885096205e+00 -7.898167369779270780e-04 -1.212299023255709873e-03 4.224822862769726795e-04
7.021550091964669171e+00 -7.227662866357981164e-04 -1.130405672178858706e-03 4.076393855424664467e-04
7.022661450044242137e+00 -5.403245396481334839e-04 -8.649628193312768054e-04 3.246382796813409438e-04
7.023772808123815103e+00 -2.725950411636424153e-04 -4.597901569411318168e-04 1.871951157784140091e-04
7.024884166203388958e+00 3.632378780527023565e-05 1.836062916602682060e-05 1.796315863910463717e-05
7.025995524282961924e+00 3.356029232955207164e-04 4.908034488917030480e-04 -1.552005255961476371e-04
7.027106882362534890e+00 5.760466758329765846e-04 8.798669959524003936e-04 -3.038203201185425695e-04
7.028218240442108744e+00 7.181800060376049982e-04 1.121664526028878089e-03 -4.034845199917943756e-04
7.029329598521681710e+00 7.387297538999082480e-04 1.176584790985802514e-03 -4.378550370875795503e-04
7.030440956601254676e+00 6.344356711932164911e-04 1.035781409260914596e-03 -4.013457380697658949e-04
7.031552314680828530e+00 4.225672201794419477e-04 7.225975695362846229e-04 -3.000303493545376614e-04
7.032663672760401496e+00 1.380643459770961728e-04 2.886967262515746820e-04 -1.506323802745765210e-04
7.033775030839974463e+00 -1.722244025338277862e-04 -1.944593932226672262e-04 2.223499068873860916e-05
7.034886388919547429e+00 -4.572562220649788872e-04 -6.473797694612412612e-04 1.901235473979650051e-04
7.035997746999121283e+00 -6.701905881986124081e-04 -9.956218546388218710e-04 3.254312664423587853e-04
7.037109105078694249e+00 -7.760867448295492160e-04 -1.182026600422929341e-03 4.059398555905664036e-04
7.038220463158267215e+00 -7.576371938743456380e-04 -1.176099875686877072e-03 4.184626818131368525e-04
7.039331821237841069e+00 -6.179963696547677299e-04 -9.790005367591794738e-04 3.610041671065159635e-04
7.040443179317414035e+00 -3.802422081525536068e-04 -6.233192627872613523e-04 2.430770546353461237e-04
7.041554537396987001e+00 -8.356238272213406537e-05 -1.676895558134147701e-04 8.412717308732380050e-05
7.042665895476560856e+00 2.232045725338999143e-04 3.128780327680859286e-04 -8.967346023502215102e-05
7.043777253556133822e+00 4.896087292259806989e-04 7.393450625283702615e-04 -2.497363333049326672e-04
7.044888611635706788e+00 6.718854422516785246e-04 1.041644702601655231e-03 -3.697592603512222381e-04
7.045999969715280642e+00 7.401448432835314173e-04 1.170193552133776127e-03 -4.300487088513766168e-04
7.047111327794853608e+00 6.832731127080476224e-04 1.104024439160581489e-03 -4.207513264536224054e-04
7.048222685874426574e+00 5.107418586429782192e-04 8.542062575320388124e-04 -3.434643988902254599e-04
7.049334043953999540e+00 2.510310789365513898e-04 4.619931025700899606e-04 -2.109620236337317756e-04
7.050445402033573394e+00 -5.307174637098847209e-05 -7.987894949990949345e-06 -4.508385142454850170e-05
7.051556760113146360e+00 -3.515205035968804737e-04 -4.783851855919701856e-04 1.268646819931463880e-04
7.052668118192719326e+00 -5.952460078261310322e-04 -8.718533182226744643e-04 2.766073103953200184e-04
7.053779476272293181e+00 -7.442230514544262432e-04 -1.123770191588026324e-03 3.795471401325618485e-04
7.054890834351866147e+00 -7.740427163271008937e-04 -1.192850071190423855e-03 4.188073548631859183e-04
7.056002192431439113e+00 -6.799107703568049721e-04 -1.067909400033439232e-03 3.879986296748839242e-04
7.057113550511012967e+00 -4.774172062844452002e-04 -7.696766682432354401e-04 2.922594619573035818e-04
7.058224908590585933e+00 -1.999534955261852986e-04 -3.473535301570067346e-04 1.474000346303183662e-04
7.059336266670158899e+00 1.067945701209438436e-04 1.295023557489442811e-04 -2.270778562774543319e-05
7.060447624749732753e+00 3.923701613204808036e-04 5.824336374949286299e-04 -1.900634761724598332e-04
7.061558982829305720e+00 6.098459150788472505e-04 9.369918671576007996e-04 -3.271459520837460833e-04
7.062670340908878686e+00 7.235361596101986398e-04 1.134974552963598921e-03 -4.114383933529379769e-04
7.063781698988451652e+00 7.148533954668620516e-04 1.143979287494045760e-03 -4.291258920266043109e-04
7.064893057068025506e+00 5.853479124008579421e-04 9.627066428289157707e-04 -3.773587304296069367e-04
7.066004415147598472e+00 3.564334828372477983e-04 6.211440072193758280e-04 -2.647105243828973796e-04
7.067115773227171438e+00 6.584743158999720181e-05 1.756050630570566568e-04 -1.097576314674306858e-04
7.068227131306745292e+00 -2.385697483248475081e-04 -3.005545511930354102e-04 6.198480286734352543e-05
7.069338489386318258e+00 -5.067499031983484920e-04 -7.290147049903092369e-04 2.222648017942870091e-04
7.070449847465891224e+00 -6.946313805530537205e-04 -1.039372909445713394e-03 3.447415288902831026e-04
7.071561205545465079e+00 -7.713976538604103150e-04 -1.180712264831181718e-03 4.093146109723378584e-04
7.072672563625038045e+00 -7.245312162946077050e-04 -1.129954489659933115e-03 4.054232733648778508e-04
7.073783921704611011e+00 -5.618538986659205037e-04 -8.956277076856943020e-04 3.337738090211112701e-04
7.074895279784184865e+00 -3.102210629745416615e-04 -5.164339024949747559e-04 2.062128395197235925e-04
7.076006637863757831e+00 -1.108760491507279622e-05 -5.485657000507682124e-05 4.376896508971259148e-05
7.077117995943330797e+00 2.863221735007991098e-04 4.131356349921198878e-04 -1.268134614935637755e-04
7.078229354022903763e+00 5.331155033010889777e-04 8.105925885072383374e-04 -2.774770852076733144e-04
7.079340712102477617e+00 6.887697151392487005e-04 1.072235742161302408e-03 -3.834660270215922706e-04
7.080452070182050583e+00 7.277867977563655388e-04 1.155179969793529438e-03 -4.273931720399594056e-04
7.081563428261623550e+00 6.438711431827181392e-04 1.045963181378752743e-03 -4.020920381949105032e-04
7.082674786341197404e+00 4.509459694942638541e-04 7.627314411954872614e-04 -3.117854717007216385e-04
7.083786144420770370e+00 1.808443556849019876e-04 3.522249620610323415e-04 -1.713806063770293743e-04
7.084897502500343336e+00 -1.219422533852978704e-04 -1.179344689094703746e-04 -4.007784474950159409e-06
7.086008860579917190e+00 -4.075917713250304386e-04 -5.703820186900524641e-04 1.627902473651222058e-04
7.087120218659490156e+00 -6.291485831238282506e-04 -9.307396028295396306e-04 3.015910197063853201e-04
7.088231576739063122e+00 -7.502414188191256633e-04 -1.139842375341603570e-03 3.896009565207180295e-04
7.089342934818636977e+00 -7.510534626296444527e-04 -1.163452113197644550e-03 4.123986505671925831e-04
7.090454292898209943e+00 -6.315647566751785014e-04 -9.978628180523536895e-04 3.662980613769262553e-04
7.091565650977782909e+00 -4.115364007357819043e-04 -6.704807953067104531e-04 2.589443945682414622e-04
7.092677009057355875e+00 -1.272422793087042703e-04 -2.352886483113630911e-04 1.080463690014150241e-04
7.093788367136929729e+00 1.745111795366759144e-04 2.360560993829377563e-04 -6.154491984521753833e-05
7.094899725216502695e+00 4.440913190448779468e-04 6.660200014306054406e-04 -2.219286823873789505e-04
7.096011083296075661e+00 6.372028863781756258e-04 9.839475282969432912e-04 -3.467446419222770110e-04
7.097122441375649515e+00 7.221662491288527441e-04 1.137671833582001857e-03 -4.155055844554103248e-04
7.098233799455222481e+00 6.851143335518845856e-04 1.102074487961582361e-03 -4.169601544090975609e-04
7.099345157534795447e+00 5.322557707627476042e-04 8.831896912919467990e-04 -3.509339205307777931e-04
7.100456515614369302e+00 2.888349410497302941e-04 5.171824048018219822e-04 -2.283474637519871710e-04
7.101567873693942268e+00 -5.036939461760267869e-06 6.437331392667865367e-05 -6.941025338756982507e-05
7.102679231773515234e+00 -3.009912357926766355e-04 -4.007022231296729006e-04 9.971098733387159449e-05
7.103790589853088200e+00 -5.503627453447307999e-04 -8.015629381816907761e-04 2.512001928369513026e-04
7.104901947932662054e+00 -7.121917432902045986e-04 -1.072358659472145981e-03 3.601669161812396866e-04
7.106013306012235020e+00 -7.599514575635079455e-04 -1.168687342197795992e-03 4.087358846342811075e-04
7.107124664091807986e+00 -6.858960331531903376e-04 -1.074875256478948632e-03 3.889792233260722792e-04
7.108236022171381840e+00 -5.023163371153174794e-04 -8.065266857284376922e-04 3.042103486145669722e-04
7.109347380250954807e+00 -2.395000627428804651e-04 -4.079284287069225023e-04 1.684283659635389674e-04
7.110458738330527773e+00 5.926533488122623372e-05 5.525923821958489413e-05 4.006096662735950109e-06
7.111570096410101627e+00 3.448224312110129142e-04 5.068188819085661656e-04 -1.619964507001405915e-04
7.112681454489674593e+00 5.702320278186123748e-04 8.725177402906098001e-04 -3.022857124737226078e-04
7.113792812569247559e+00 6.984889614054436840e-04 1.092311273268212202e-03 -3.938223118635569495e-04
7.114904170648821413e+00 7.085972227345860297e-04 1.130202231568734964e-03 -4.216050088346554731e-04
7.116015528728394379e+00 5.990070597447581108e-04 9.801364435931304853e-04 -3.811293838492293279e-04
7.117126886807967345e+00 3.878514243780151888e-04 6.669696963986703961e-04 -2.791182720231011674e-04
7.118238244887540311e+00 1.099459217429727114e-04 2.423514345586018012e-04 -1.324055128154558343e-04
7.119349602967114166e+00 -1.889513986869555476e-04 -2.237930761848630143e-04 3.484167749829994790e-05
7.120460961046687132e+00 -4.596739988438755184e-04 -6.547774149534245358e-04 1.951034161082644547e-04
7.121572319126260098e+00 -6.577341091851211102e-04 -9.797693896200082575e-04 3.220352804330726265e-04
7.122683677205833952e+00 -7.506330439458509807e-04 -1.145431849117032469e-03 3.947988051725935532e-04
7.123795035285406918e+00 -7.231933375245590961e-04 -1.124675850501147267e-03 4.014825129773150203e-04
7.124906393364979884e+00 -5.800378593303727459e-04 -9.210897164608072840e-04 3.410518571291994150e-04
7.126017751444553738e+00 -3.448109895759741972e-04 -5.683198600543518109e-04 2.235088704778493904e-04
7.127129109524126704e+00 -5.627299838602620174e-05 -1.245099821525451345e-04 6.823698376769160578e-05
7.128240467603699670e+00 2.380872426570694589e-04 3.372823453610222788e-04 -9.919510270526600559e-05
7.129351825683273525e+00 4.898686612059138801e-04 7.411121663594838482e-04 -2.512435051544251868e-04
7.130463183762846491e+00 6.577169614026615041e-04 1.020636957724266325e-03 -3.629199963197148396e-04
7.131574541842419457e+00 7.141174184289045962e-04 1.130015735034198276e-03 -4.158983166076372917e-04
7.132685899921992423e+00 6.499057188257863216e-04 1.051426904614242291e-03 -4.015211857896303776e-04
7.133797258001566277e+00 4.757573302940293694e-04 7.979719660922909852e-04 -3.222146357984207767e-04
7.134908616081139243e+00 2.204133810068268154e-04 4.114920085971545197e-04 -1.910786275915996903e-04
7.136019974160712209e+00 -7.406215592091047045e-05 -4.433916085051520933e-05 -2.972299507039287587e-05
7.137131332240286063e+00 -3.592113394243583169e-04 -4.945051362842973336e-04 1.352937968590673182e-04
7.138242690319859030e+00 -5.881558736052176078e-04 -8.649920769319037472e-04 2.768362033256752293e-04
7.139354048399431996e+00 -7.233034346367378520e-04 -1.094957339687788883e-03 3.716539050500483610e-04
7.140465406479005850e+00 -7.425198772452630547e-04 -1.146720949447021382e-03 4.042010721988717470e-04
7.141576764558578816e+00 -6.427539326050932256e-04 -1.011939150129041037e-03 3.691852175229217228e-04
7.142688122638151782e+00 -4.405208272733503183e-04 -7.129485735937399205e-04 2.724277463218831991e-04
7.143799480717725636e+00 -1.691682825477429375e-04 -2.990645858944387947e-04 1.298963033463627903e-04
7.144910838797298602e+00 1.266225369098115949e-04 1.615527907375576000e-04 -3.493025382731232420e-05
7.146022196876871568e+00 3.981943405515706025e-04 5.931237610313049025e-04 -1.949294204842289685e-04
7.147133554956444534e+00 6.009178383911770865e-04 9.247159088607639910e-04 -3.237980704694221057e-04
7.148244913036018389e+00 7.015260094172352801e-04 1.101902563656522588e-03 -4.003765542389082707e-04
7.149356271115591355e+00 6.835732300190522359e-04 1.095696248581839310e-03 -4.121230185649702241e-04
7.150467629195164321e+00 5.501234332496076490e-04 9.072909220334546276e-04 -3.571674887831370430e-04
7.151578987274738175e+00 3.232279237945449163e-04 5.678372376064656085e-04 -2.446093138101235187e-04
7.152690345354311141e+00 4.028173670867505121e-05 1.332924549589790432e-04 -9.301071825093586501e-05
7.153801703433884107e+00 -2.521394182740110956e-04 -3.248035639392497093e-04 7.266414566519090873e-05
7.154913061513457961e+00 -5.059459071918692014e-04 -7.311058026552019751e-04 2.251598954658533269e-04
7.156024419593030927e+00 -6.794426160584565721e-04 -1.018856102858713142e-03 3.394134867990782588e-04
7.157135777672603894e+00 -7.441785378798290718e-04 -1.140851641534615379e-03 3.966731036573554331e-04
7.158247135752177748e+00 -6.896122748620107934e-04 -1.077187749882049100e-03 3.875754750205595914e-04
7.159358493831750714e+00 -5.248284043817552647e-04 -8.385050240103490704e-04 3.136766196280612456e-04
7.160469851911323680e+00 -2.770252745846364661e-04 -4.642110581133881975e-04 1.871857835274350762e-04
7.161581209990896646e+00 1.297408878956143874e-05 -1.597391741230830275e-05 2.894800620401039026e-05
7.162692568070470500e+00 2.974470567356467254e-04 4.324383837983267198e-04 -1.349913270644060442e-04
7.163803926150043466e+00 5.296245988636004431e-04 8.072983517089585281e-04 -2.776737528456633963e-04
7.164915284229616432e+00 6.713803104046543041e-04 1.047041405472896869e-03 -3.756610950706208707e-04
7.166026642309190287e+00 6.994911739754694491e-04 1.112377025468840042e-03 -4.128858514941546876e-04
7.167138000388763253e+00 6.094419908835805449e-04 9.927280531863494351e-04 -3.832860623044376941e-04
7.168249358468336219e+00 4.161502569565850296e-04 7.079428330016325488e-04 -2.917925760445080202e-04
7.169360716547910073e+00 1.514951914317170210e-04 3.050031276428588276e-04 -1.535079362095805554e-04
7.170472074627483039e+00 -1.409398002686292235e-04 -1.497262007999320028e-04 8.786400529437734738e-06
7.171583432707056005e+00 -4.130441606271881977e-04 -5.814272330856729704e-04 1.683830724583295149e-04
7.172694790786629859e+00 -6.200948489392225926e-04 -9.191386333220856464e-04 2.990437843830304546e-04
7.173806148866202825e+00 -7.281066116229303192e-04 -1.107419618449709958e-03 3.793130068249165460e-04
7.174917506945775791e+00 -7.194098425495464716e-04 -1.115451055285640591e-03 3.960412127359431989e-04
7.176028865025348757e+00 -5.955405758062033705e-04 -9.420796713432329217e-04 3.465390955355498320e-04
7.177140223104922612e+00 -3.769699586035450689e-04 -6.159798144650535656e-04 2.390098558596488731e-04
7.178251581184495578e+00 -9.972064850858816665e-05 -1.909107472545940043e-04 9.119009874656788806e-05
7.179362939264068544e+00 1.905706070430696064e-04 2.631461123633604959e-04 -7.257550531982771835e-05
7.180474297343642398e+00 4.461655766443348159e-04 6.715089068008925355e-04 -2.253433301587096441e-04
7.181585655423215364e+00 6.250756288068929495e-04 9.670790926672445664e-04 -3.420034638617307221e-04
7.182697013502788330e+00 6.979600948327380899e-04 1.101366801830566677e-03 -4.034067069991365689e-04
7.183808371582362184e+00 6.529385679508638990e-04 1.052446176910394604e-03 -3.995076089626046351e-04
7.184919729661935150e+00 4.975278590568805309e-04 8.285355350924443474e-04 -3.310076760363444420e-04
7.186031087741508117e+00 2.573878297154521405e-04 4.666178045345538948e-04 -2.092299748200372039e-04
7.187142445821081083e+00 -2.791468801620409883e-05 2.633271799389134277e-05 -5.424740601092453100e-05
7.188253803900654937e+00 -3.114245869848281806e-04 -4.198505464093962858e-04 1.084259594225486702e-04
7.189365161980227903e+00 -5.465258402455389075e-04 -7.985609535920371732e-04 2.520351133422755151e-04
7.190476520059800869e+00 -6.946058429404787515e-04 -1.047590301777234431e-03 3.529844588404116093e-04
7.191587878139374723e+00 -7.313966221721875105e-04 -1.126111186964293825e-03 3.947145647896898452e-04
7.192699236218947689e+00 -6.509515290063806747e-04 -1.021369913221978343e-03 3.704183842143035643e-04
7.193810594298520655e+00 -4.666057792696610973e-04 -7.507571868635258550e-04 2.841514075938456757e-04
7.194921952378094510e+00 -2.087657436543911837e-04 -3.589204605254359137e-04 1.501547168720716863e-04
7.196033310457667476e+00 8.010654853222651250e-05 8.960263561388903675e-05 -9.496087084432010272e-06
7.197144668537240442e+00 3.524864048106424175e-04 5.210143529682034758e-04 -1.685279481620826150e-04
7.198256026616814296e+00 5.636053093732128205e-04 8.643994994098277984e-04 -3.007941900352775061e-04
7.199367384696387262e+00 6.788092498845876843e-04 1.063382789164939862e-03 -3.845735392793564467e-04
7.200478742775960228e+00 6.792470937113676693e-04 1.085384592085680833e-03 -4.061374983738551964e-04
7.201590100855533194e+00 5.649552914133316311e-04 9.269554779440594694e-04 -3.620001865321451073e-04
7.202701458935107048e+00 3.548341574968662954e-04 6.143161066705961348e-04 -2.594819491721226182e-04
7.203812817014680014e+00 8.352254506730502973e-05 1.990181791357592024e-04 -1.154956340724743943e-04
7.204924175094252981e+00 -2.043123051786313940e-04 -2.505555505273801553e-04 4.624324534470533772e-05
7.206035533173826835e+00 -4.613284445277778673e-04 -6.604507221705142872e-04 1.991222776418144144e-04
7.207146891253399801e+00 -6.452957774398405261e-04 -9.633063879270886004e-04 3.180106104875273648e-04
7.208258249332972767e+00 -7.260348181159156922e-04 -1.109424552455759438e-03 3.833897343375487071e-04
7.209369607412546621e+00 -6.903675504926834461e-04 -1.074925170936852359e-03 3.845576204433960935e-04
7.210480965492119587e+00 -5.442682303139212419e-04 -8.656484680133851028e-04 3.213802376990032919e-04
7.211592323571692553e+00 -3.118631062739331272e-04 -5.161669078967284774e-04 2.043038016243999694e-04
7.212703681651266407e+00 -3.144648791477203109e-05 -8.407384546366136746e-05 5.262735754721012404e-05
7.213815039730839374e+00 2.508290012093565557e-04 3.595076630152349573e-04 -1.086786618048609862e-04
7.214926397810412340e+00 4.885483425508922728e-04 7.416317929104139506e-04 -2.530834503600629115e-04
7.216037755889985306e+00 6.426660689621693789e-04 9.995256721804478273e-04 -3.568596032206836424e-04
7.217149113969559160e+00 6.879193421209916365e-04 1.090901250656646504e-03 -4.029819085396733544e-04
7.218260472049132126e+00 6.169688461996093720e-04 1.000889377907503500e-03 -3.839205317068099255e-04
7.219371830128705092e+00 4.415887688331192676e-04 7.444591168002962639e-04 -3.028703479668183422e-04
7.220483188208278946e+00 1.907129690371330878e-04 3.639287073975028958e-04 -1.732157383598428857e-04
7.221594546287851912e+00 -9.433847132252854914e-05 -7.801799201904253619e-05 -1.632047930286237986e-05
7.222705904367424878e+00 -3.666648117490196174e-04 -5.086571437739051404e-04 1.419923320245650329e-04
7.223817262446998733e+00 -5.815014420915629034e-04 -8.571917655899943811e-04 2.756903234996180285e-04
7.224928620526571699e+00 -7.035782266038275584e-04 -1.066390610550282600e-03 3.628123839458001834e-04
7.226039978606144665e+00 -7.129098569983484401e-04 -1.101985698454807650e-03 3.890758414565416087e-04
7.227151336685718519e+00 -6.080676100558568553e-04 -9.582854107637213403e-04 3.502178007074628965e-04
7.228262694765291485e+00 -4.063969115236827634e-04 -6.590837495978711658e-04 2.526868380710459508e-04
7.229374052844864451e+00 -1.411477850898450181e-04 -2.537206298409283578e-04 1.125728447513209968e-04
7.230485410924437417e+00 1.440071087183483756e-04 1.910545073744648881e-04 -4.704739865758495593e-05
7.231596769004011271e+00 4.021630426877809139e-04 6.020740510640464060e-04 -1.999110083759003328e-04
7.232708127083584237e+00 5.908985062226812524e-04 9.117886574522456045e-04 -3.208901512292494998e-04
7.233819485163157204e+00 6.792461382099154038e-04 1.069368730936898909e-03 -3.901225927277233649e-04
7.234930843242731058e+00 6.527738164302469143e-04 1.049046475915520193e-03 -3.962726594880514389e-04
7.236042201322304024e+00 5.159422119199990470e-04 8.543294543235276095e-04 -3.383872424057177836e-04
7.237153559401876990e+00 2.913537109984999304e-04 5.173966780042272423e-04 -2.260429670057030258e-04
7.238264917481450844e+00 1.601909478950841979e-05 9.378100080903667771e-05 -7.776190601810437520e-05
7.239376275561023810e+00 -2.647413950092637747e-04 -3.467834742105820739e-04 8.204207920443765730e-05
7.240487633640596776e+00 -5.047575886957984814e-04 -7.318405168961292923e-04 2.270829281970239942e-04
7.241598991720170631e+00 -6.646017236046197069e-04 -9.981278287981426578e-04 3.335261051910847971e-04
7.242710349799743597e+00 -7.180650911346626863e-04 -1.101970355749933711e-03 3.839052646139725841e-04
7.243821707879316563e+00 -6.564551132149272494e-04 -1.026443363308322809e-03 3.699882500909201094e-04
7.244933065958889529e+00 -4.900083290622497811e-04 -7.841304935938785137e-04 2.941221645316148547e-04
7.246044424038463383e+00 -2.461896417572211060e-04 -4.150273953835124929e-04 1.688377536266548115e-04
7.247155782118036349e+00 3.483963511129173352e-05 2.005988037445324834e-05 1.477975473924714872e-05
7.248267140197609315e+00 3.068371370083672334e-04 4.495320915993278321e-04 -1.426949545921957219e-04
7.249378498277183169e+00 5.250885479734512806e-04 8.027793950085120034e-04 -2.776908470383601668e-04
7.250489856356756135e+00 6.537583898818758593e-04 1.021790347146181444e-03 -3.680319572625205538e-04
7.251601214436329101e+00 6.717740849951272381e-04 1.070678688304070245e-03 -3.989046033095657723e-04
7.252712572515902956e+00 5.762771605847998371e-04 9.415634102632065155e-04 -3.652862496798998417e-04
7.253823930595475922e+00 3.830763816286167182e-04 6.558386617865497731e-04 -2.727622801595120869e-04
7.254935288675048888e+00 1.240310783712978739e-04 2.606289553986581350e-04 -1.365978770304244333e-04
7.256046646754622742e+00 -1.582022431031041357e-04 -1.789830223375464893e-04 2.078077923253892831e-05
7.257158004834195708e+00 -4.171937791370636250e-04 -5.906741572811145813e-04 1.734803781421568551e-04
7.258269362913768674e+00 -6.103782561853662858e-04 -9.067792411575903433e-04 2.964009849725779411e-04
7.259380720993341640e+00 -7.060502823197905425e-04 -1.075412430672155473e-03 3.693621483513171572e-04
7.260492079072915494e+00 -6.885676007557309242e-04 -1.068983923459471130e-03 3.804163227017643562e-04
7.261603437152488461e+00 -5.609083483086689526e-04 -8.887139166282101432e-04 3.278055683212394850e-04
7.262714795232061427e+00 -3.441642737672216679e-04 -5.644053416584034200e-04 2.202410678927490748e-04
7.263826153311635281e+00 -7.405606676913478736e-05 -1.495171281735742375e-04 7.546106140543431401e-05
7.264937511391208247e+00 2.049534995172686003e-04 2.876475982559745237e-04 -8.269409874003125216e-05
7.266048869470781213e+00 4.469784526406200831e-04 6.751859229685124031e-04 -2.282074703282913064e-04
7.267160227550355067e+00 6.122558096720628201e-04 9.494210653664958421e-04 -3.371652556952153823e-04
