# Energy_eV  Avg_Energy3_Intensity  Avg_dcf1_Energy3_Intensity  Avg_dcf2_Energy3_Intensity
2.273035  -2.0121021361e-01  -8.4761497734e-04  -2.0036259864e-01
2.274146  -2.0303602450e-01  -7.6020695858e-04  -2.0227581754e-01
2.275257  -2.0478708697e-01  -6.6681553511e-04  -2.0412027144e-01
2.276369  -2.0643195303e-01  -5.7010765546e-04  -2.0586184537e-01
2.277480  -2.0794223099e-01  -4.7285709343e-04  -2.0746937389e-01
2.278591  -2.0929343718e-01  -3.7786379705e-04  -2.0891557339e-01
2.279703  -2.1046573592e-01  -2.8787216569e-04  -2.1017786376e-01
2.280814  -2.1144454553e-01  -2.0549064194e-04  -2.1123905489e-01
2.281926  -2.1222099213e-01  -1.3311497572e-04  -2.1208787716e-01
2.283037  -2.1279219710e-01  -7.2857419512e-05  -2.1271933968e-01
2.284148  -2.1316138916e-01  -2.6483948239e-05  -2.1313490521e-01
2.285260  -2.1333783706e-01  4.6386291425e-06  -2.1334247569e-01
2.286371  -2.1333660403e-01  1.9584082369e-05  -2.1335618811e-01
2.287482  -2.1317813055e-01  1.7895442541e-05  -2.1319602600e-01
2.288594  -2.1288765699e-01  -3.9993153007e-07  -2.1288725706e-01
2.289705  -2.1249450234e-01  -3.4789394367e-05  -2.1245971294e-01
2.290816  -2.1203121969e-01  -8.4288242102e-05  -2.1194693145e-01
2.291928  -2.1153265283e-01  -1.4746679302e-04  -2.1138518604e-01
2.293039  -2.1103492113e-01  -2.2249057849e-04  -2.1081243055e-01
2.294150  -2.1057436234e-01  -3.0717251596e-04  -2.1026718983e-01
2.295262  -2.1018646422e-01  -3.9903558100e-04  -2.0978742864e-01
2.296373  -2.0990481625e-01  -4.9538418220e-04  -2.0940943207e-01
2.297485  -2.0976011250e-01  -5.9338218197e-04  -2.0916673032e-01
2.298596  -2.0977923498e-01  -6.9013530366e-04  -2.0908909968e-01
2.299707  -2.0998444494e-01  -7.8277552941e-04  -2.0920166941e-01
2.300819  -2.1039270629e-01  -8.6854502589e-04  -2.0952416127e-01
2.301930  -2.1101516164e-01  -9.4487713995e-04  -2.1007028450e-01
2.303041  -2.1185677701e-01  -1.0094720836e-03  -2.1084730493e-01
2.304153  -2.1291616650e-01  -1.0603650744e-03  -2.1185580142e-01
2.305264  -2.1418560274e-01  -1.0959849098e-03  -2.1308961783e-01
2.306375  -2.1565121387e-01  -1.1152012291e-03  -2.1453601264e-01
2.307487  -2.1729336196e-01  -1.1173590372e-03  -2.1617600293e-01
2.308598  -2.1908719267e-01  -1.1022994382e-03  -2.1798489323e-01
2.309709  -2.2100334078e-01  -1.0703659224e-03  -2.1993297486e-01
2.310821  -2.2300877168e-01  -1.0223959721e-03  -2.2198637571e-01
2.311932  -2.2506773464e-01  -9.5969818301e-04  -2.2410803646e-01
2.313044  -2.2714280053e-01  -8.8401551921e-04  -2.2625878501e-01
2.314155  -2.2919595381e-01  -7.9747573166e-04  -2.2839847808e-01
2.315266  -2.3118970714e-01  -7.0253034674e-04  -2.3048717679e-01
2.316378  -2.3308820590e-01  -6.0188397306e-04  -2.3248632193e-01
2.317489  -2.3485829023e-01  -4.9841596344e-04  -2.3435987427e-01
2.318600  -2.3647048322e-01  -3.9509670039e-04  -2.3607538652e-01
2.319712  -2.3789987589e-01  -2.9490093852e-04  -2.3760497495e-01
2.320823  -2.3912688251e-01  -2.0072073231e-04  -2.3892616178e-01
2.321934  -2.4013784354e-01  -1.1528049800e-04  -2.4002256304e-01
2.323046  -2.4092545763e-01  -4.1056705264e-05  -2.4088440093e-01
2.324157  -2.4148902935e-01  1.9795433224e-05  -2.4150882478e-01
2.325268  -2.4183452426e-01  6.5506102950e-05  -2.4190003036e-01
2.326380  -2.4197442901e-01  9.4743949208e-05  -2.4206917296e-01
2.327491  -2.4192741932e-01  1.0665646727e-04  -2.4203407579e-01
2.328603  -2.4171784485e-01  1.0089649495e-04  -2.4181874135e-01
2.329714  -2.4137504491e-01  7.7633984444e-05  -2.4145267889e-01
2.330825  -2.4093251436e-01  3.7552659096e-05  -2.4097006702e-01
2.331937  -2.4042694326e-01  -1.8168397701e-05  -2.4040877487e-01
2.333048  -2.3989715780e-01  -8.7887732466e-05  -2.3980927007e-01
2.334159  -2.3938299292e-01  -1.6954817233e-04  -2.3921344475e-01
2.335271  -2.3892412935e-01  -2.6073581499e-04  -2.3866339353e-01
2.336382  -2.3855892882e-01  -3.5874966994e-04  -2.3820017915e-01
2.337493  -2.3832330161e-01  -4.6067994534e-04  -2.3786262167e-01
2.338605  -2.3824963958e-01  -5.6349271432e-04  -2.3768614687e-01
2.339716  -2.3836584629e-01  -6.6411849992e-04  -2.3770172779e-01
2.340828  -2.3869449311e-01  -7.5954219452e-04  -2.3793495092e-01
2.341939  -2.3925212653e-01  -8.4689168190e-04  -2.3840523485e-01
2.343050  -2.4004874777e-01  -9.2352255883e-04  -2.3912522521e-01
2.344162  -2.4108748079e-01  -9.8709645898e-04  -2.4010038433e-01
2.345273  -2.4236443934e-01  -1.0356506606e-03  -2.4132878868e-01
2.346384  -2.4386879806e-01  -1.0676569079e-03  -2.4280114116e-01
2.347496  -2.4558306657e-01  -1.0820676838e-03  -2.4450099888e-01
2.348607  -2.4748355963e-01  -1.0783485360e-03  -2.4640521109e-01
2.349718  -2.4954105078e-01  -1.0564954607e-03  -2.4848455532e-01
2.350830  -2.5172159133e-01  -1.0170367824e-03  -2.5070455455e-01
2.351941  -2.5398747162e-01  -9.6101942517e-04  -2.5302645220e-01
2.353052  -2.5629829752e-01  -8.8997992234e-04  -2.5540831760e-01
2.354164  -2.5861215124e-01  -8.0590096457e-04  -2.5780625027e-01
2.355275  -2.6088680315e-01  -7.1115471191e-04  -2.6017564844e-01
2.356387  -2.6308093975e-01  -6.0843448705e-04  -2.6247250526e-01
2.357498  -2.6515537185e-01  -5.0067681411e-04  -2.6465469504e-01
2.358609  -2.6707418811e-01  -3.9097605680e-04  -2.6668321205e-01
2.359721  -2.6880581974e-01  -2.8249413450e-04  -2.6852332560e-01
2.360832  -2.7032398520e-01  -1.7836794750e-04  -2.7014561726e-01
2.361943  -2.7160848673e-01  -8.1617219111e-05  -2.7152686951e-01
2.363055  -2.7264583472e-01  4.9445412935e-06  -2.7265077926e-01
2.364166  -2.7342968110e-01  7.8793331934e-05  -2.7350847443e-01
2.365277  -2.7396104790e-01  1.3776974668e-04  -2.7409881765e-01
2.366389  -2.7424834353e-01  1.8014362715e-04  -2.7442848716e-01
2.367500  -2.7430716501e-01  2.0466634736e-04  -2.7451183136e-01
2.368611  -2.7415989093e-01  2.1060915513e-04  -2.7437050009e-01
2.369723  -2.7383507573e-01  1.9778639857e-04  -2.7403286213e-01
2.370834  -2.7336666190e-01  1.6656290484e-04  -2.7353322480e-01
2.371946  -2.7279303198e-01  1.1784524088e-04  -2.7291087722e-01
2.373057  -2.7215592697e-01  5.3057057475e-05  -2.7220898403e-01
2.374168  -2.7149926176e-01  -2.5900814521e-05  -2.7147336094e-01
2.375280  -2.7086787134e-01  -1.1670439761e-04  -2.7075116694e-01
2.376391  -2.7030622376e-01  -2.1667319448e-04  -2.7008955056e-01
2.377502  -2.6985713671e-01  -3.2284749757e-04  -2.6953428921e-01
2.378614  -2.6956053503e-01  -4.3207415119e-04  -2.6912846088e-01
2.379725  -2.6945228506e-01  -5.4109828041e-04  -2.6891118678e-01
2.380836  -2.6956313987e-01  -6.4665831836e-04  -2.6891648155e-01
2.381948  -2.6991782650e-01  -7.4558155729e-04  -2.6917224494e-01
2.383059  -2.7053430194e-01  -8.3487742490e-04  -2.6969942451e-01
2.384170  -2.7142320031e-01  -9.1182574447e-04  -2.7051137456e-01
2.385282  -2.7258748792e-01  -9.7405737562e-04  -2.7161343055e-01
2.386393  -2.7402233715e-01  -1.0196248475e-03  -2.7300271230e-01
2.387505  -2.7571522366e-01  -1.0470608812e-03  -2.7466816278e-01
2.388616  -2.7764624525e-01  -1.0554230481e-03  -2.7659082220e-01
2.389727  -2.7978865397e-01  -1.0443232085e-03  -2.7874433076e-01
2.390839  -2.8210958717e-01  -1.0139408205e-03  -2.8109564635e-01
2.391950  -2.8457097723e-01  -9.6501967668e-04  -2.8360595755e-01
2.393061  -2.8713061447e-01  -8.9884810991e-04  -2.8623176636e-01
2.394173  -2.8974333336e-01  -8.1722319745e-04  -2.8892611016e-01
2.395284  -2.9236228827e-01  -7.2239995953e-04  -2.9163988831e-01
2.396395  -2.9494028246e-01  -6.1702699448e-04  -2.9432325547e-01
2.397507  -2.9743111234e-01  -5.0407039288e-04  -2.9692704195e-01
2.398618  -2.9979088817e-01  -3.8672812342e-04  -2.9940416004e-01
2.399729  -3.0197929340e-01  -2.6833736872e-04  -3.0171095603e-01
2.400841  -3.0396074601e-01  -1.5227750387e-04  -3.0380846851e-01
2.401952  -3.0570542815e-01  -4.1871546280e-05  -3.0566355661e-01
2.403064  -3.0719015403e-01  5.9711041279e-05  -3.0724986507e-01
2.404175  -3.0839905050e-01  1.4954734340e-04  -3.0854859785e-01
2.405286  -3.0932403017e-01  2.2504704460e-04  -3.0954907722e-01
2.406398  -3.0996504268e-01  2.8402900088e-04  -3.1024907168e-01
2.407509  -3.1033009628e-01  3.2478606030e-04  -3.1065488234e-01
2.408620  -3.1043504825e-01  3.4613620025e-04  -3.1078118445e-01
2.409732  -3.1030316957e-01  3.4745844513e-04  -3.1065062802e-01
2.410843  -3.0996449550e-01  3.2871246991e-04  -3.1029320797e-01
2.411954  -3.0945498029e-01  2.9044127033e-04  -3.0974542156e-01
2.413066  -3.0881547958e-01  2.3375677584e-04  -3.0904923636e-01
2.414177  -3.0809058936e-01  1.6030878087e-04  -3.0825089814e-01
2.415288  -3.0732737437e-01  7.2238060930e-05  -3.0739961243e-01
2.416400  -3.0657402235e-01  -2.7884993849e-05  -3.0654613736e-01
2.417511  -3.0587846258e-01  -1.3713446634e-04  -3.0574132811e-01
2.418623  -3.0528698829e-01  -2.5231358182e-04  -3.0503467471e-01
2.419734  -3.0484292280e-01  -3.7004750335e-04  -3.0447287530e-01
2.420845  -3.0458536778e-01  -4.8688155234e-04  -3.0409848623e-01
2.421957  -3.0454806987e-01  -5.9938198691e-04  -3.0394868788e-01
2.423068  -3.0475843877e-01  -7.0423638824e-04  -3.0405420238e-01
2.424179  -3.0523674533e-01  -7.9835070878e-04  -3.0443839463e-01
2.425291  -3.0599552339e-01  -8.7894012661e-04  -3.0511658326e-01
2.426402  -3.0703919293e-01  -9.4361102487e-04  -3.0609558190e-01
2.427513  -3.0836391624e-01  -9.9043166918e-04  -3.0737348457e-01
2.428625  -3.0995769168e-01  -1.0179894818e-03  -3.0893970220e-01
2.429736  -3.1180068306e-01  -1.0254332002e-03  -3.1077524986e-01
2.430848  -3.1386577574e-01  -1.0124986471e-03  -3.1285327710e-01
2.431959  -3.1611934405e-01  -9.7951731921e-04  -3.1513982673e-01
2.433070  -3.1852220842e-01  -9.2740750328e-04  -3.1759480092e-01
2.434182  -3.2103075530e-01  -8.5764814322e-04  -3.2017310716e-01
2.435293  -3.2359818774e-01  -7.7223618898e-04  -3.2282595155e-01
2.436404  -3.2617587124e-01  -6.7362864613e-04  -3.2550224260e-01
2.437516  -3.2871473615e-01  -5.6467099874e-04  -3.2815006515e-01
2.438627  -3.3116669630e-01  -4.4851408299e-04  -3.3071818222e-01
2.439738  -3.3348604325e-01  -3.2852183461e-04  -3.3315752142e-01
2.440850  -3.3563077560e-01  -2.0817260770e-04  -3.3542260299e-01
2.441961  -3.3756382507e-01  -9.0956958640e-05  -3.3747286812e-01
2.443072  -3.3925414373e-01  1.9725099962e-05  -3.3927386883e-01
2.444184  -3.4067762043e-01  1.2066434750e-04  -3.4079828478e-01
2.445295  -3.4181779991e-01  2.0893714405e-04  -3.4202673705e-01
2.446407  -3.4266638295e-01  2.8199195191e-04  -3.4294837490e-01
2.447518  -3.4322349280e-01  3.3772501897e-04  -3.4356121782e-01
2.448629  -3.4349769944e-01  3.7454296705e-04  -3.4387224241e-01
2.449741  -3.4350580023e-01  3.9141040872e-04  -3.4389721064e-01
2.450852  -3.4327236276e-01  3.8788115418e-04  -3.4366024391e-01
2.451963  -3.4282904215e-01  3.6411205043e-04  -3.4319315420e-01
2.453075  -3.4221369203e-01  3.2085900620e-04  -3.4253455103e-01
2.454186  -3.4146929395e-01  2.5945528107e-04  -3.4172874924e-01
2.455297  -3.4064273581e-01  1.8177264203e-04  -3.4082450845e-01
2.456409  -3.3978347367e-01  9.0166499130e-05  -3.3987364017e-01
2.457520  -3.3894211537e-01  -1.2593391916e-05  -3.3892952198e-01
2.458631  -3.3816896633e-01  -1.2340464029e-04  -3.3804556169e-01
2.459743  -3.3751257926e-01  -2.3892395178e-04  -3.3727365531e-01
2.460854  -3.3701834938e-01  -3.5566618615e-04  -3.3666268320e-01
2.461966  -3.3672719584e-01  -4.7010782041e-04  -3.3625708802e-01
2.463077  -3.3667436726e-01  -5.7879176012e-04  -3.3609557550e-01
2.464188  -3.3688840614e-01  -6.7843039169e-04  -3.3620997575e-01
2.465300  -3.3739030239e-01  -7.6600381274e-04  -3.3662429858e-01
2.466411  -3.3819286067e-01  -8.3885031131e-04  -3.3735401036e-01
2.467522  -3.3930030044e-01  -8.9474638635e-04  -3.3840555406e-01
2.468634  -3.4070810088e-01  -9.3197390394e-04  -3.3977612698e-01
2.469745  -3.4240309566e-01  -9.4937235853e-04  -3.4145372330e-01
2.470856  -3.4436381584e-01  -9.4637464399e-04  -3.4341744120e-01
2.471968  -3.4656107156e-01  -9.2302522415e-04  -3.4563804634e-01
2.473079  -3.4895875675e-01  -8.7998011142e-04  -3.4807877664e-01
2.474190  -3.5151485429e-01  -8.1848860047e-04  -3.5069636569e-01
2.475302  -3.5418261368e-01  -7.4035724571e-04  -3.5344225644e-01
2.476413  -3.5691186782e-01  -6.4789710039e-04  -3.5626397072e-01
2.477525  -3.5965045179e-01  -5.4385573607e-04  -3.5910659606e-01
2.478636  -3.6234568348e-01  -4.3133601823e-04  -3.6191434746e-01
2.479747  -3.6494586373e-01  -3.1370401485e-04  -3.6463215971e-01
2.480859  -3.6740175356e-01  -1.9448874570e-04  -3.6720726481e-01
2.481970  -3.6966798602e-01  -7.7276732592e-05  -3.6959070928e-01
2.483081  -3.7170437246e-01  3.4395523939e-05  -3.7173876799e-01
2.484193  -3.7347706565e-01  1.3714794278e-04  -3.7361421360e-01
2.485304  -3.7495954622e-01  2.2785895805e-04  -3.7518740518e-01
2.486415  -3.7613340402e-01  3.0376025123e-04  -3.7643716427e-01
2.487527  -3.7698889162e-01  3.6252126559e-04  -3.7735141288e-01
2.488638  -3.7752523361e-01  4.0232094143e-04  -3.7792755455e-01
2.489749  -3.7775068241e-01  4.2190448100e-04  -3.7817258689e-01
2.490861  -3.7768231835e-01  4.2062338827e-04  -3.7810294174e-01
2.491972  -3.7734559915e-01  3.9845751913e-04  -3.7774405667e-01
2.493084  -3.7677367103e-01  3.5601840807e-04  -3.7712968944e-01
2.494195  -3.7600646033e-01  2.9453369077e-04  -3.7630099402e-01
2.495306  -3.7508957113e-01  2.1581300451e-04  -3.7530538413e-01
2.496418  -3.7407301947e-01  1.2219630076e-04  -3.7419521577e-01
2.497529  -3.7300983977e-01  1.6486031882e-05  -3.7302632581e-01
2.498640  -3.7195460258e-01  -9.8134839367e-05  -3.7185646774e-01
2.499752  -3.7096188537e-01  -2.1819662854e-04  -3.7074368874e-01
2.500863  -3.7008473948e-01  -3.4004577485e-04  -3.6974469371e-01
2.501974  -3.6937319652e-01  -4.5995371969e-04  -3.6891324280e-01
2.503086  -3.6887285626e-01  -5.7422860052e-04  -3.6829862766e-01
2.504197  -3.6862359616e-01  -6.7932644357e-04  -3.6794426972e-01
2.505308  -3.6865843882e-01  -7.7195853690e-04  -3.6788648029e-01
2.506420  -3.6900260963e-01  -8.4919176306e-04  -3.6815341787e-01
2.507531  -3.6967281118e-01  -9.0853886350e-04  -3.6876427231e-01
2.508643  -3.7067673517e-01  -9.4803589103e-04  -3.6972869928e-01
2.509754  -3.7201282577e-01  -9.6630447330e-04  -3.7104652130e-01
2.510865  -3.7367030111e-01  -9.6259694960e-04  -3.7270770416e-01
2.511977  -3.7562943266e-01  -9.3682294193e-04  -3.7469260971e-01
2.513088  -3.7786207469e-01  -8.8955646524e-04  -3.7697251823e-01
2.514199  -3.8033242916e-01  -8.2202325510e-04  -3.7951040590e-01
2.515311  -3.8299802445e-01  -7.3606857698e-04  -3.8226195587e-01
2.516422  -3.8581088087e-01  -6.3410636180e-04  -3.8517677451e-01
2.517533  -3.8871882998e-01  -5.1905107191e-04  -3.8819977891e-01
2.518645  -3.9166695099e-01  -3.9423422143e-04  -3.9127271677e-01
2.519756  -3.9459908390e-01  -2.6330794119e-04  -3.9433577596e-01
2.520868  -3.9745937705e-01  -1.3013837590e-04  -3.9732923867e-01
2.521979  -4.0019382575e-01  1.3079813227e-06  -4.0019513373e-01
2.523090  -4.0275175903e-01  1.2708168524e-04  -4.0287884071e-01
2.524202  -4.0508723291e-01  2.4336800399e-04  -4.0533060092e-01
2.525313  -4.0716029140e-01  3.4660136446e-04  -4.0750689277e-01
2.526424  -4.0893806006e-01  4.3357316335e-04  -4.0937163323e-01
2.527536  -4.1039564184e-01  5.0152970666e-04  -4.1089717155e-01
2.528647  -4.1151679034e-01  5.4825731346e-04  -4.1206504765e-01
2.529758  -4.1229434200e-01  5.7215198252e-04  -4.1286649398e-01
2.530870  -4.1273039560e-01  5.7227146183e-04  -4.1330266706e-01
2.531981  -4.1283623422e-01  5.4836806880e-04  -4.1338460229e-01
2.533092  -4.1263199249e-01  5.0090116835e-04  -4.1313289366e-01
2.534204  -4.1214607865e-01  4.3102881103e-04  -4.1257710746e-01
2.535315  -4.1141436812e-01  3.4057864614e-04  -4.1175494676e-01
2.536427  -4.1047919130e-01  2.3199883776e-04  -4.1071119014e-01
2.537538  -4.0938814440e-01  1.0829030672e-04  -4.0949643470e-01
2.538649  -4.0819275654e-01  -2.7077819340e-05  -4.0816567872e-01
2.539761  -4.0694705075e-01  -1.7026715872e-04  -4.0677678359e-01
2.540872  -4.0570603888e-01  -3.1718060271e-04  -4.0538885828e-01
2.541983  -4.0452419264e-01  -4.6358123023e-04  -4.0406061141e-01
2.543095  -4.0345393306e-01  -6.0521615641e-04  -4.0284871690e-01
2.544206  -4.0254418042e-01  -7.3794169578e-04  -4.0180623872e-01
2.545317  -4.0183900464e-01  -8.5784615987e-04  -4.0098115848e-01
2.546429  -4.0137641320e-01  -9.6136665664e-04  -4.0041504655e-01
2.547540  -4.0118730988e-01  -1.0453964142e-03  -4.0014191346e-01
2.548651  -4.0129465238e-01  -1.1073794089e-03  -4.0018727297e-01
2.549763  -4.0171283176e-01  -1.1453894336e-03  -4.0056744232e-01
2.550874  -4.0244728982e-01  -1.1581911805e-03  -4.0128909864e-01
2.551986  -4.0349438427e-01  -1.1452814301e-03  -4.0234910284e-01
2.553097  -4.0484150446e-01  -1.1069090095e-03  -4.0373459545e-01
2.554208  -4.0646743340e-01  -1.0440728014e-03  -4.0542336060e-01
2.555320  -4.0834294525e-01  -9.5849772502e-04  -4.0738444752e-01
2.556431  -4.1043162059e-01  -8.5258925714e-04  -4.0957903133e-01
2.557542  -4.1269085622e-01  -7.2936769701e-04  -4.1196148852e-01
2.558654  -4.1507304072e-01  -5.9238397913e-04  -4.1448065674e-01
2.559765  -4.1752686261e-01  -4.4561939216e-04  -4.1708124321e-01
2.560876  -4.1999871459e-01  -2.9337204800e-04  -4.1970534254e-01
2.561988  -4.2243415472e-01  -1.4013335102e-04  -4.2229402137e-01
2.563099  -4.2477938408e-01  9.5419696635e-06  -4.2478892605e-01
2.564210  -4.2698270042e-01  1.5116849253e-04  -4.2713386892e-01
2.565322  -4.2899588793e-01  2.8046152785e-04  -4.2927634946e-01
2.566433  -4.3077550550e-01  3.9346347384e-04  -4.3116896898e-01
2.567545  -4.3228403886e-01  4.8666137120e-04  -4.3277070023e-01
2.568656  -4.3349088579e-01  5.5709215875e-04  -4.3404797795e-01
2.569767  -4.3437314869e-01  6.0243247387e-04  -4.3497558116e-01
2.570879  -4.3491621398e-01  6.2107027550e-04  -4.3553728426e-01
2.571990  -4.3511410411e-01  6.1215608576e-04  -4.3572626020e-01
2.573101  -4.3496959401e-01  5.7563223017e-04  -4.3554522624e-01
2.574213  -4.3449409062e-01  5.1223909255e-04  -4.3500632972e-01
2.575324  -4.3370728044e-01  4.2349806845e-04  -4.3413077851e-01
2.576435  -4.3263655642e-01  3.1167158198e-04  -4.3294822801e-01
2.577547  -4.3131624160e-01  1.7970120500e-04  -4.3149594281e-01
2.578658  -4.2978663195e-01  3.1125565171e-05  -4.2981775752e-01
2.579769  -4.2809288605e-01  -1.3001966944e-04  -4.2796286638e-01
2.580881  -4.2628379282e-01  -2.9931690301e-04  -4.2598447592e-01
2.581992  -4.2441045170e-01  -4.7209353805e-04  -4.2393835816e-01
2.583104  -4.2252490164e-01  -6.4355706666e-04  -4.2188134457e-01
2.584215  -4.2067873641e-01  -8.0893441862e-04  -4.1986980199e-01
2.585326  -4.1892174355e-01  -9.6361151211e-04  -4.1795813203e-01
2.586438  -4.1730060328e-01  -1.1032689236e-03  -4.1619733436e-01
2.587549  -4.1585768182e-01  -1.2240096844e-03  -4.1463367213e-01
2.588660  -4.1462995021e-01  -1.3224754201e-03  -4.1330747479e-01
2.589772  -4.1364805651e-01  -1.3959473682e-03  -4.1225210914e-01
2.590883  -4.1293557417e-01  -1.4424292333e-03  -4.1149314494e-01
2.591994  -4.1250844477e-01  -1.4607093537e-03  -4.1104773542e-01
2.593106  -4.1237462755e-01  -1.4504002450e-03  -4.1092422730e-01
2.594217  -4.1253396255e-01  -1.4119542371e-03  -4.1112200832e-01
2.595329  -4.1297824833e-01  -1.3466546133e-03  -4.1163159372e-01
2.596440  -4.1369152921e-01  -1.2565823764e-03  -4.1243494684e-01
2.597551  -4.1465058181e-01  -1.1445594755e-03  -4.1350602233e-01
2.598663  -4.1582558509e-01  -1.0140700278e-03  -4.1481151506e-01
2.599774  -4.1718095363e-01  -8.6916171515e-04  -4.1631179191e-01
2.600885  -4.1867630972e-01  -7.1433013308e-04  -4.1796197959e-01
2.601997  -4.2026756662e-01  -5.5438938157e-04  -4.1971317724e-01
2.603108  -4.2190809269e-01  -3.9433260886e-04  -4.2151376008e-01
2.604219  -4.2354992466e-01  -2.3918653469e-04  -4.2331073812e-01
2.605331  -4.2514499735e-01  -9.3864178380e-05  -4.2505113317e-01
2.606442  -4.2664635754e-01  3.6979906247e-05  -4.2668333745e-01
2.607553  -4.2800933051e-01  1.4908763580e-04  -4.2815841815e-01
2.608665  -4.2919260980e-01  2.3872456192e-04  -4.2943133436e-01
2.609776  -4.3015924332e-01  3.0279240912e-04  -4.3046203573e-01
2.610888  -4.3087749226e-01  3.3892360498e-04  -4.3121641586e-01
2.611999  -4.3132154309e-01  3.4555492919e-04  -4.3166709802e-01
2.613110  -4.3147205733e-01  3.2197800110e-04  -4.3179403533e-01
2.614222  -4.3131654830e-01  2.6836499002e-04  -4.3158491329e-01
2.615333  -4.3084957894e-01  1.8576864665e-04  -4.3103534758e-01
2.616444  -4.3007277972e-01  7.6096499919e-05  -4.3014887622e-01
2.617556  -4.2899469020e-01  -5.7940182816e-05  -4.2893675002e-01
2.618667  -4.2763043248e-01  -2.1290133266e-04  -4.2741753115e-01
2.619778  -4.2600122899e-01  -3.8471486757e-04  -4.2561651413e-01
2.620890  -4.2413378075e-01  -5.6879263571e-04  -4.2356498811e-01
2.622001  -4.2205952525e-01  -7.6016224122e-04  -4.2129936301e-01
2.623112  -4.1981379605e-01  -9.5361099587e-04  -4.1886018505e-01
2.624224  -4.1743490771e-01  -1.1438378630e-03  -4.1629106985e-01
2.625335  -4.1496319107e-01  -1.3256090006e-03  -4.1363758207e-01
2.626447  -4.1244000431e-01  -1.4939123789e-03  -4.1094609193e-01
2.627558  -4.0990674510e-01  -1.6441069444e-03  -4.0826263815e-01
2.628669  -4.0740388804e-01  -1.7720619360e-03  -4.0563182610e-01
2.629781  -4.0497007039e-01  -1.8742822132e-03  -4.0309578817e-01
2.630892  -4.0264124668e-01  -1.9480158434e-03  -4.0069323084e-01
2.632003  -4.0044993059e-01  -1.9913406827e-03  -3.9845858991e-01
2.633115  -3.9842453920e-01  -2.0032272791e-03  -3.9642131192e-01
2.634226  -3.9658885183e-01  -1.9835760984e-03  -3.9460527573e-01
2.635337  -3.9496159206e-01  -1.9332278051e-03  -3.9302836425e-01
2.636449  -3.9355613809e-01  -1.8539461108e-03  -3.9170219198e-01
2.637560  -3.9238036321e-01  -1.7483734931e-03  -3.9063198972e-01
2.638671  -3.9143660474e-01  -1.6199608810e-03  -3.8981664386e-01
2.639783  -3.9072175666e-01  -1.4728731671e-03  -3.8924888349e-01
2.640894  -3.9022747847e-01  -1.3118731206e-03  -3.8891560535e-01
2.642006  -3.8994051014e-01  -1.1421869195e-03  -3.8879832322e-01
2.643117  -3.8984308109e-01  -9.6935507677e-04  -3.8887372601e-01
2.644228  -3.8991339942e-01  -7.9907298426e-04  -3.8911432644e-01
2.645340  -3.9012620672e-01  -6.3702562718e-04  -3.8948918109e-01
2.646451  -3.9045338259e-01  -4.8872122310e-04  -3.8996466136e-01
2.647562  -3.9086458354e-01  -3.5932860264e-04  -3.9050525494e-01
2.648674  -3.9132790046e-01  -2.5352307443e-04  -3.9107437739e-01
2.649785  -3.9181051988e-01  -1.7534530375e-04  -3.9163517458e-01
2.650896  -3.9227937521e-01  -1.2807739005e-04  -3.9215129782e-01
2.652008  -3.9270177528e-01  -1.1413986032e-04  -3.9258763542e-01
2.653119  -3.9304599911e-01  -1.3501271767e-04  -3.9291098639e-01
2.654230  -3.9328184746e-01  -1.9118301227e-04  -3.9309066445e-01
2.655342  -3.9338114360e-01  -2.8212065455e-04  -3.9309902294e-01
2.656453  -3.9331817724e-01  -4.0628338902e-04  -3.9291189385e-01
2.657565  -3.9307008773e-01  -5.6115101422e-04  -3.9250893671e-01
2.658676  -3.9261718387e-01  -7.4328809398e-04  -3.9187389578e-01
2.659787  -3.9194319946e-01  -9.4843358102e-04  -3.9099476588e-01
2.660899  -3.9103548489e-01  -1.1716149908e-03  -3.8986386990e-01
2.662010  -3.8988513624e-01  -1.4072840427e-03  -3.8847785220e-01
2.663121  -3.8848706426e-01  -1.6494700495e-03  -3.8683759421e-01
2.664233  -3.8684000606e-01  -1.8919468027e-03  -3.8494805926e-01
2.665344  -3.8494648300e-01  -2.1284082866e-03  -3.8281807472e-01
2.666455  -3.8281270827e-01  -2.3526482690e-03  -3.8046006000e-01
2.667567  -3.8044844763e-01  -2.5587386760e-03  -3.7788970895e-01
2.668678  -3.7786683686e-01  -2.7412016562e-03  -3.7512563520e-01
2.669789  -3.7508415892e-01  -2.8951703881e-03  -3.7218898853e-01
2.670901  -3.7211958368e-01  -3.0165339738e-03  -3.6910304970e-01
2.672012  -3.6899487268e-01  -3.1020621839e-03  -3.6589281050e-01
2.673124  -3.6573405110e-01  -3.1495063671e-03  -3.6258454473e-01
2.674235  -3.6236304879e-01  -3.1576734894e-03  -3.5920537530e-01
2.675346  -3.5890931222e-01  -3.1264710161e-03  -3.5578284120e-01
2.676458  -3.5540138919e-01  -3.0569211584e-03  -3.5234446804e-01
2.677569  -3.5186848825e-01  -2.9511438712e-03  -3.4891734438e-01
2.678680  -3.4834001524e-01  -2.8123088641e-03  -3.4552770637e-01
2.679792  -3.4484508996e-01  -2.6445577716e-03  -3.4220053218e-01
2.680903  -3.4141204668e-01  -2.4528984743e-03  -3.3895914821e-01
2.682014  -3.3806792302e-01  -2.2430743613e-03  -3.3582484866e-01
2.683126  -3.3483794289e-01  -2.0214120486e-03  -3.3281653084e-01
2.684237  -3.3174500018e-01  -1.7946516896e-03  -3.2995034849e-01
2.685349  -3.2880915110e-01  -1.5697645303e-03  -3.2723938656e-01
2.686460  -3.2604712409e-01  -1.3537627401e-03  -3.2469336135e-01
2.687571  -3.2347185730e-01  -1.1535067927e-03  -3.2231835051e-01
2.688683  -3.2109207443e-01  -9.7551576420e-04  -3.2011655867e-01
2.689794  -3.1891191039e-01  -8.2578585965e-04  -3.1808612453e-01
2.690905  -3.1693059864e-01  -7.0962226853e-04  -3.1622097637e-01
2.692017  -3.1514223197e-01  -6.3148910070e-04  -3.1451074286e-01
2.693128  -3.1353560814e-01  -5.9488166521e-04  -3.1294072647e-01
2.694239  -3.1209417116e-01  -6.0222474576e-04  -3.1149194642e-01
2.695351  -3.1079605751e-01  -6.5479981332e-04  -3.1014125770e-01
2.696462  -3.0961425509e-01  -7.5270331726e-04  -3.0886155177e-01
2.697573  -3.0851688065e-01  -8.9483733573e-04  -3.0762204332e-01
2.698685  -3.0746757874e-01  -1.0789329662e-03  -3.0638864578e-01
2.699796  -3.0642604249e-01  -1.3016059253e-03  -3.0512443656e-01
2.700908  -3.0534865336e-01  -1.5584429268e-03  -3.0379021044e-01
2.702019  -3.0418923364e-01  -1.8441165453e-03  -3.0234511710e-01
2.703130  -3.0289990178e-01  -2.1525254756e-03  -3.0074737631e-01
2.704242  -3.0143201740e-01  -2.4769563815e-03  -2.9895506102e-01
2.705353  -2.9973719919e-01  -2.8102629220e-03  -2.9692693627e-01
2.706464  -2.9776839568e-01  -3.1450570572e-03  -2.9462333863e-01
2.707576  -2.9548098607e-01  -3.4739073844e-03  -2.9200707868e-01
2.708687  -2.9283388564e-01  -3.7895390581e-03  -2.8904434658e-01
2.709798  -2.8979062868e-01  -4.0850297921e-03  -2.8570559888e-01
2.710910  -2.8632040014e-01  -4.3539965488e-03  -2.8196640360e-01
2.712021  -2.8239898716e-01  -4.5907677767e-03  -2.7780821938e-01
2.713132  -2.7800962143e-01  -4.7905364520e-03  -2.7321908498e-01
2.714244  -2.7314368494e-01  -4.9494897169e-03  -2.6819419522e-01
2.715355  -2.6780125312e-01  -5.0649115518e-03  -2.6273634157e-01
2.716467  -2.6199145262e-01  -5.1352556701e-03  -2.5685619695e-01
2.717578  -2.5573261442e-01  -5.1601866508e-03  -2.5057242777e-01
2.718689  -2.4905220742e-01  -5.1405882037e-03  -2.4391161921e-01
2.719801  -2.4198654274e-01  -5.0785383777e-03  -2.3690800436e-01
2.720912  -2.3458024474e-01  -4.9772524345e-03  -2.2960299230e-01
2.722023  -2.2688549061e-01  -4.8409950091e-03  -2.2204449560e-01
2.723135  -2.1896102708e-01  -4.6749640234e-03  -2.1428606306e-01
2.724246  -2.1087097897e-01  -4.4851495973e-03  -2.0638582938e-01
2.725357  -2.0268347083e-01  -4.2781718897e-03  -1.9840529894e-01
2.726469  -1.9446908906e-01  -4.0611023722e-03  -1.9040798668e-01
2.727580  -1.8629921743e-01  -3.8412734869e-03  -1.8245794394e-01
2.728691  -1.7824428411e-01  -3.6260819476e-03  -1.7461820216e-01
2.729803  -1.7037196219e-01  -3.4227911003e-03  -1.6694917109e-01
2.730914  -1.6274536921e-01  -3.2383377676e-03  -1.5950703144e-01
2.732026  -1.5542131301e-01  -3.0791488577e-03  -1.5234216415e-01
2.733137  -1.4844863215e-01  -2.9509727226e-03  -1.4549765943e-01
2.734248  -1.4186667870e-01  -2.8587298253e-03  -1.3900794887e-01
2.735360  -1.3570398920e-01  -2.8063867137e-03  -1.3289760249e-01
2.736471  -1.2997718663e-01  -2.7968566352e-03  -1.2718033000e-01
2.737582  -1.2469015137e-01  -2.8319293694e-03  -1.2185822200e-01
2.738694  -1.1983349375e-01  -2.9122320292e-03  -1.1692126172e-01
2.739805  -1.1538435345e-01  -3.0372217103e-03  -1.1234713174e-01
2.740916  -1.1130654339e-01  -3.2052099795e-03  -1.0810133341e-01
2.742028  -1.0755104695e-01  -3.4134183028e-03  -1.0413762865e-01
2.743139  -1.0405686792e-01  -3.6580626629e-03  -1.0039880525e-01
2.744250  -1.0075222321e-01  -3.9344648104e-03  -9.6817758398e-02
2.745362  -9.7556058388e-02  -4.2371868706e-03  -9.3318871518e-02
2.746473  -9.4379856649e-02  -4.5601853979e-03  -8.9819671252e-02
2.747585  -9.1129702802e-02  -4.8969804589e-03  -8.6232722343e-02
2.748696  -8.7708555486e-02  -5.2408349365e-03  -8.2467720549e-02
2.749807  -8.4018673505e-02  -5.5849390032e-03  -7.8433734502e-02
2.750919  -7.9964136116e-02  -5.9225946069e-03  -7.4041541509e-02
2.752030  -7.5453392469e-02  -6.2473948586e-03  -6.9205997610e-02
2.753141  -7.0401772451e-02  -6.5533933989e-03  -6.3848379052e-02
2.754253  -6.4733889976e-02  -6.8352591463e-03  -5.7898630830e-02
2.755364  -5.8385870460e-02  -7.0884122862e-03  -5.1297458174e-02
2.756475  -5.1307336825e-02  -7.3091379265e-03  -4.3998198899e-02
2.757587  -4.3463092881e-02  -7.4946745105e-03  -3.5968418370e-02
2.758698  -3.4834449303e-02  -7.6432748221e-03  -2.7191174481e-02
2.759809  -2.5420145492e-02  -7.7542382116e-03  -1.7665907281e-02
2.760921  -1.5236830234e-02  -7.8279135027e-03  -7.4089167315e-03
2.762032  -4.3190750423e-03  -7.8656728765e-03  3.5465978342e-03
2.763144  7.2810939248e-03  -7.8698578480e-03  1.5150951773e-02
2.764255  1.9495146689e-02  -7.8436992299e-03  2.7338845919e-02
2.765366  3.2239471156e-02  -7.7912136988e-03  4.0030684855e-02
2.766478  4.5417240546e-02  -7.7170802108e-03  5.3134320756e-02
2.767589  5.8920688469e-02  -7.6265000503e-03  6.6547188520e-02
2.768700  7.2633741273e-02  -7.5250447150e-03  8.0158785988e-02
2.769812  8.6434946026e-02  -7.4184961357e-03  9.3853442162e-02
2.770923  1.0020062271e-01  -7.3126838870e-03  1.0751330659e-01
2.772034  1.1380816095e-01  -7.2133240726e-03  1.2102148502e-01
2.773146  1.2713937555e-01  -7.1258644530e-03  1.3426524001e-01
2.774257  1.4008383106e-01  -7.0553401409e-03  1.4713917120e-01
2.775369  1.5254204388e-01  -7.0062438215e-03  1.5954828770e-01
2.776480  1.6442847170e-01  -6.9824139764e-03  1.7141088568e-01
2.777591  1.7567420299e-01  -6.9869440140e-03  1.8266114700e-01
2.778703  1.8622926549e-01  -7.0221145572e-03  1.9325138004e-01
2.779814  1.9606448095e-01  -7.0893504266e-03  2.0315383138e-01
2.780925  2.0517280385e-01  -7.1892031126e-03  2.1236200696e-01
2.782037  2.1357009428e-01  -7.3213587626e-03  2.2089145305e-01
2.783148  2.2129528986e-01  -7.4846709643e-03  2.2877996082e-01
2.784259  2.2840995645e-01  -7.6772168763e-03  2.3608717333e-01
2.785371  2.3499721480e-01  -7.8963745953e-03  2.4289358940e-01
2.786482  2.4116005658e-01  -8.1389190462e-03  2.4929897563e-01
2.787593  2.4701908083e-01  -8.4011331769e-03  2.5542021401e-01
2.788705  2.5270969840e-01  -8.6789308316e-03  2.6138862923e-01
2.789816  2.5837886765e-01  -8.9679873889e-03  2.6734685504e-01
2.790928  2.6418143921e-01  -9.2638740803e-03  2.7344531329e-01
2.792039  2.7027620012e-01  -9.5621918622e-03  2.7983839198e-01
2.793150  2.7682171819e-01  -9.8587008003e-03  2.8668041899e-01
2.794262  2.8397209527e-01  -1.0149441128e-02  2.9412153640e-01
2.795373  2.9187274312e-01  -1.0430842458e-02  3.0230358558e-01
2.796484  3.0065629780e-01  -1.0699818065e-02  3.1135611587e-01
2.797596  3.1043878733e-01  -1.0953841636e-02  3.2139262897e-01
2.798707  3.2131616295e-01  -1.1191004523e-02  3.3250716747e-01
2.799818  3.3336129722e-01  -1.1410052114e-02  3.4477134934e-01
2.800930  3.4662154145e-01  -1.1610398665e-02  3.5823194012e-01
2.802041  3.6111692188e-01  -1.1792120586e-02  3.7290904247e-01
2.803152  3.7683903829e-01  -1.1955928866e-02  3.8879496716e-01
2.804264  3.9375071094e-01  -1.2103121980e-02  4.0585383292e-01
2.805375  4.1178640211e-01  -1.2235521195e-02  4.2402192330e-01
2.806487  4.3085341815e-01  -1.2355390748e-02  4.4320880890e-01
2.807598  4.5083387632e-01  -1.2465345798e-02  4.6329922212e-01
2.808709  4.7158739975e-01  -1.2568251413e-02  4.8415565117e-01
2.809821  4.9295448292e-01  -1.2667116094e-02  5.0562159901e-01
2.810932  5.1476045046e-01  -1.2764983453e-02  5.2752543391e-01
2.812043  5.3681991425e-01  -1.2864825695e-02  5.4968473995e-01
2.813155  5.5894161800e-01  -1.2969442419e-02  5.7191106042e-01
2.814266  5.8093354559e-01  -1.3081368059e-02  5.9401491365e-01
2.815377  6.0260815961e-01  -1.3202790934e-02  6.1581095055e-01
2.816489  6.2378763018e-01  -1.3335486488e-02  6.3712311667e-01
2.817600  6.4430891130e-01  -1.3480766759e-02  6.5778967806e-01
2.818711  6.6402852343e-01  -1.3639447598e-02  6.7766797103e-01
2.819823  6.8282690586e-01  -1.3811834518e-02  6.9663874038e-01
2.820934  7.0061221148e-01  -1.3997727417e-02  7.1460993890e-01
2.822046  7.1732342918e-01  -1.4196443813e-02  7.3151987300e-01
2.823157  7.3293273505e-01  -1.4406859560e-02  7.4733959461e-01
2.824268  7.4744699265e-01  -1.4627465458e-02  7.6207445811e-01
2.825380  7.6090834427e-01  -1.4856437619e-02  7.7576478189e-01
2.826491  7.7339385858e-01  -1.5091719001e-02  7.8848557758e-01
2.827602  7.8501422523e-01  -1.5331109144e-02  8.0034533438e-01
2.828714  7.9591151279e-01  -1.5572358855e-02  8.1148387165e-01
2.829825  8.0625603203e-01  -1.5813266446e-02  8.2206929848e-01
2.830936  8.1624237205e-01  -1.6051772055e-02  8.3229414410e-01
2.832048  8.2608470025e-01  -1.6286046649e-02  8.4237074689e-01
2.833159  8.3601143929e-01  -1.6514572489e-02  8.5252601178e-01
2.834270  8.4625945301e-01  -1.6736212128e-02  8.6299566513e-01
2.835382  8.5706788920e-01  -1.6950263359e-02  8.7401815256e-01
2.836493  8.6867183958e-01  -1.7156498070e-02  8.8582833765e-01
2.837605  8.8129598472e-01  -1.7355183436e-02  8.9865116816e-01
2.838716  8.9514839584e-01  -1.7547084523e-02  9.1269548036e-01
2.839827  9.1041466394e-01  -1.7733447993e-02  9.2814811194e-01
2.840939  9.2725252113e-01  -1.7915967261e-02  9.4516848839e-01
2.842050  9.4578710871e-01  -1.8096730078e-02  9.6388383879e-01
2.843161  9.6610703191e-01  -1.8278150159e-02  9.8438518207e-01
2.844273  9.8826132229e-01  -1.8462885003e-02  1.0067242073e+00
2.845384  1.0122574065e+00  -1.8653742609e-02  1.0309111491e+00
2.846495  1.0380601544e+00  -1.8853580144e-02  1.0569137345e+00
2.847607  1.0655920524e+00  -1.9065198009e-02  1.0846572504e+00
2.848718  1.0947345173e+00  -1.9291232890e-02  1.1140257501e+00
2.849830  1.1253303349e+00  -1.9534053545e-02  1.1448643884e+00
2.850941  1.1571871801e+00  -1.9795662990e-02  1.1769828431e+00
2.852052  1.1900821409e+00  -2.0077610633e-02  1.2101597516e+00
2.853164  1.2237671428e+00  -2.0380917632e-02  1.2441480604e+00
2.854275  1.2579751446e+00  -2.0706018351e-02  1.2786811629e+00
2.855386  1.2924269522e+00  -2.1052720343e-02  1.3134796725e+00
2.856498  1.3268384778e+00  -2.1420184677e-02  1.3482586625e+00
2.857609  1.3609282584e+00  -2.1806927844e-02  1.3827351862e+00
2.858720  1.3944250356e+00  -2.2210845732e-02  1.4166358814e+00
2.859832  1.4270751969e+00  -2.2629259482e-02  1.4497044564e+00
2.860943  1.4586498743e+00  -2.3058982309e-02  1.4817088566e+00
2.862054  1.4889515077e+00  -2.3496405656e-02  1.5124479133e+00
2.863166  1.5178196872e+00  -2.3937602391e-02  1.5417572896e+00
2.864277  1.5451361085e+00  -2.4378444143e-02  1.5695145527e+00
2.865389  1.5708284932e+00  -2.4814729364e-02  1.5956432226e+00
2.866500  1.5948733553e+00  -2.5242318269e-02  1.6201156736e+00
2.867611  1.6172975214e+00  -2.5657270492e-02  1.6429547919e+00
2.868723  1.6381783450e+00  -2.6055981115e-02  1.6642343261e+00
2.869834  1.6576425903e+00  -2.6435310686e-02  1.6840779010e+00
2.870945  1.6758639951e+00  -2.6792704908e-02  1.7026567000e+00
2.872057  1.6930595581e+00  -2.7126299911e-02  1.7201858580e+00
2.873168  1.7094846310e+00  -2.7435009396e-02  1.7369196404e+00
2.874279  1.7254269298e+00  -2.7718590378e-02  1.7531455202e+00
2.875391  1.7411996074e+00  -2.7977684884e-02  1.7691772923e+00
2.876502  1.7571335603e+00  -2.8213835620e-02  1.7853473959e+00
2.877613  1.7735691623e+00  -2.8429474402e-02  1.8019986367e+00
2.878725  1.7908476369e+00  -2.8627882935e-02  1.8194755198e+00
2.879836  1.8093022934e+00  -2.8813126390e-02  1.8381154198e+00
2.880948  1.8292498563e+00  -2.8989961056e-02  1.8582398173e+00
2.882059  1.8509821199e+00  -2.9163718177e-02  1.8801458380e+00
2.883170  1.8747581534e+00  -2.9340166852e-02  1.9040983202e+00
2.884282  1.9007972700e+00  -2.9525359588e-02  1.9303226295e+00
2.885393  1.9292729553e+00  -2.9725464698e-02  1.9589984200e+00
2.886504  1.9603079283e+00  -2.9946590227e-02  1.9902545186e+00
2.887616  1.9939704780e+00  -3.0194604460e-02  2.0241650825e+00
2.888727  2.0302721884e+00  -3.0474958279e-02  2.0607471467e+00
2.889838  2.0691671279e+00  -3.0792514685e-02  2.0999596426e+00
2.890950  2.1105525401e+00  -3.1151390733e-02  2.1417039309e+00
2.892061  2.1542710350e+00  -3.1554816848e-02  2.1858258518e+00
2.893172  2.2001142376e+00  -3.2005018096e-02  2.2321192557e+00
2.894284  2.2478278141e+00  -3.2503121426e-02  2.2803309355e+00
2.895395  2.2971177543e+00  -3.3049092226e-02  2.3301668465e+00
2.896507  2.3476577586e+00  -3.3641702731e-02  2.3812994614e+00
2.897618  2.3990975436e+00  -3.4278533954e-02  2.4333760776e+00
2.898729  2.4510718539e+00  -3.4956011845e-02  2.4860278657e+00
2.899841  2.5032099498e+00  -3.5669477411e-02  2.5388794272e+00
2.900952  2.5551453221e+00  -3.6413289529e-02  2.5915586116e+00
2.902063  2.6065253777e+00  -3.7180958208e-02  2.6437063359e+00
2.903175  2.6570208403e+00  -3.7965305126e-02  2.6949861454e+00
2.904286  2.7063346116e+00  -3.8758647422e-02  2.7450932590e+00
2.905397  2.7542098554e+00  -3.9552999967e-02  2.7937628553e+00
2.906509  2.8004370801e+00  -4.0340290736e-02  2.8407773708e+00
2.907620  2.8448600260e+00  -4.1112583387e-02  2.8859726094e+00
2.908731  2.8873801888e+00  -4.1862300893e-02  2.9292424897e+00
2.909843  2.9279598492e+00  -4.2582443897e-02  2.9705422931e+00
2.910954  2.9666235157e+00  -4.3266797497e-02  3.0098903132e+00
2.912066  3.0034577312e+00  -4.3910120437e-02  3.0473678517e+00
2.913177  3.0386092349e+00  -4.4508311020e-02  3.0831175459e+00
2.914288  3.0722815180e+00  -4.5058544688e-02  3.1173400626e+00
2.915400  3.1047298530e+00  -4.5559378886e-02  3.1502892319e+00
2.916511  3.1362549196e+00  -4.6010821734e-02  3.1822657413e+00
2.917622  3.1671951865e+00  -4.6414361975e-02  3.2136095484e+00
2.918734  3.1979182467e+00  -4.6772958728e-02  3.2446912055e+00
2.919845  3.2288113303e+00  -4.7090990714e-02  3.2759023210e+00
2.920956  3.2602712428e+00  -4.7374165728e-02  3.3076454086e+00
2.922068  3.2926939981e+00  -4.7629392301e-02  3.3403233904e+00
2.923179  3.3264644185e+00  -4.7864616547e-02  3.3743290350e+00
2.924290  3.3619459841e+00  -4.8088628256e-02  3.4100346124e+00
2.925402  3.3994712046e+00  -4.8310841178e-02  3.4477820458e+00
2.926513  3.4393327741e+00  -4.8541053233e-02  3.4878738273e+00
2.927625  3.4817757544e+00  -4.8789193053e-02  3.5305649474e+00
2.928736  3.5269910003e+00  -4.9065059660e-02  3.5760560600e+00
2.929847  3.5751100128e+00  -4.9378062428e-02  3.6244880753e+00
2.930959  3.6262013653e+00  -4.9736968477e-02  3.6759383338e+00
2.932070  3.6802688093e+00  -5.0149664580e-02  3.7304184738e+00
2.933181  3.7372511177e+00  -5.0622940282e-02  3.7878740580e+00
2.934293  3.7970236809e+00  -5.1162298456e-02  3.8481859793e+00
2.935404  3.8594018192e+00  -5.1771798745e-02  3.9111736180e+00
2.936515  3.9241457318e+00  -5.2453938560e-02  3.9765996704e+00
2.937627  3.9909669555e+00  -5.3209575208e-02  4.0441765307e+00
2.938738  4.0595361649e+00  -5.4037891675e-02  4.1135740566e+00
2.939850  4.1294921090e+00  -5.4936407347e-02  4.1844285164e+00
2.940961  4.2004514458e+00  -5.5901033726e-02  4.2563524795e+00
2.942072  4.2720192114e+00  -5.6926173940e-02  4.3289453853e+00
2.943184  4.3437996410e+00  -5.8004863600e-02  4.4018045046e+00
2.944295  4.4154070483e+00  -5.9128949395e-02  4.4745359977e+00
2.945406  4.4864764660e+00  -6.0289300738e-02  4.5467657667e+00
2.946518  4.5566737541e+00  -6.1476048798e-02  4.6181498029e+00
2.947629  4.6257048994e+00  -6.2678846490e-02  4.6883837458e+00
2.948740  4.6933242437e+00  -6.3887142319e-02  4.7572113861e+00
2.949852  4.7593414140e+00  -6.5090460600e-02  4.8244318746e+00
2.950963  4.8236267538e+00  -6.6278680308e-02  4.8899054342e+00
2.952074  4.8861151032e+00  -6.7442304851e-02  4.9535574081e+00
2.953186  4.9468078125e+00  -6.8572715242e-02  5.0153805277e+00
2.954297  5.0057729277e+00  -6.9662399610e-02  5.0754353273e+00
2.955409  5.0631435326e+00  -7.0705152610e-02  5.1338486852e+00
2.956520  5.1191142850e+00  -7.1696239100e-02  5.1908105241e+00
2.957631  5.1739362329e+00  -7.2632517482e-02  5.2465687504e+00
2.958743  5.2279100474e+00  -7.3512519168e-02  5.3014225666e+00
2.959854  5.2813778495e+00  -7.4336481923e-02  5.3557143315e+00
2.960965  5.3347138522e+00  -7.5106336077e-02  5.4098201882e+00
2.962077  5.3883140700e+00  -7.5825643975e-02  5.4641397140e+00
2.963188  5.4425853789e+00  -7.6499494342e-02  5.5190848732e+00
2.964299  5.4979342251e+00  -7.7134354519e-02  5.5750685796e+00
2.965411  5.5547552978e+00  -7.7737884754e-02  5.6324931825e+00
2.966522  5.6134204800e+00  -7.8318719807e-02  5.6917391998e+00
2.967633  5.6742683887e+00  -7.8886224072e-02  5.7531546127e+00
2.968745  5.7375947991e+00  -7.9450227203e-02  5.8170450263e+00
2.969856  5.8036442289e+00  -8.0020747780e-02  5.8836649766e+00
2.970968  5.8726029226e+00  -8.0607712944e-02  5.9532106355e+00
2.972079  5.9445934454e+00  -8.1220682014e-02  6.0258141274e+00
2.973190  6.0196710474e+00  -8.1868582045e-02  6.1015396294e+00
2.974302  6.0978219140e+00  -8.2559462921e-02  6.1803813769e+00
2.975413  6.1789633660e+00  -8.3300279043e-02  6.2622636450e+00
2.976524  6.2629460195e+00  -8.4096703914e-02  6.3470427234e+00
2.977636  6.3495578595e+00  -8.4952982974e-02  6.4345108425e+00
2.978747  6.4385301312e+00  -8.5871828940e-02  6.5244019601e+00
2.979858  6.5295448966e+00  -8.6854362682e-02  6.6163992593e+00
2.980970  6.6222440622e+00  -8.7900101345e-02  6.7101441635e+00
2.982081  6.7162396348e+00  -8.9006994029e-02  6.8052466289e+00
2.983192  6.8111249322e+00  -9.0171503999e-02  6.9012964362e+00
2.984304  6.9064864406e+00  -9.1388734976e-02  6.9978751756e+00
2.985415  7.0019159961e+00  -9.2652597801e-02  7.0945685939e+00
2.986527  7.0970229489e+00  -9.3956012550e-02  7.1909789614e+00
2.987638  7.1914459722e+00  -9.5291140138e-02  7.2867371123e+00
2.988749  7.2848641802e+00  -9.6649636533e-02  7.3815138167e+00
2.989861  7.3770072373e+00  -9.8022922060e-02  7.4750301594e+00
2.990972  7.4676641654e+00  -9.9402457755e-02  7.5670666232e+00
2.992083  7.5566905881e+00  -1.0078002053e-01  7.6574706086e+00
2.993195  7.6440141930e+00  -1.0214796891e-01  7.7461621619e+00
2.994306  7.7296382392e+00  -1.0349949125e-01  7.8331377305e+00
2.995417  7.8136429885e+00  -1.0482882914e-01  7.9184718177e+00
2.996529  7.8961849967e+00  -1.0613146884e-01  8.0023164656e+00
2.997640  7.9774942587e+00  -1.0740429516e-01  8.0848985539e+00
2.998751  8.0578692592e+00  -1.0864570280e-01  8.1665149620e+00
2.999863  8.1376700412e+00  -1.0985566162e-01  8.2475257028e+00
3.000974  8.2173094573e+00  -1.1103573360e-01  8.3283451909e+00
3.002086  8.2972428235e+00  -1.1218904069e-01  8.4094318642e+00
3.003197  8.3779562384e+00  -1.1332018423e-01  8.4912764227e+00
3.004308  8.4599538725e+00  -1.1443511793e-01  8.5743889904e+00
3.005420  8.5437445619e+00  -1.1554097809e-01  8.6592855400e+00
3.006531  8.6298280649e+00  -1.1664587563e-01  8.7464739405e+00
3.007642  8.7186813522e+00  -1.1775865601e-01  8.8364400082e+00
3.008754  8.8107453043e+00  -1.1888863399e-01  8.9296339383e+00
3.009865  8.9064121840e+00  -1.2004531092e-01  9.0264574949e+00
3.010976  9.0060142327e+00  -1.2123808295e-01  9.1272523157e+00
3.012088  9.1098137162e+00  -1.2247594872e-01  9.2322896649e+00
3.013199  9.2179947047e+00  -1.2376722552e-01  9.3417619302e+00
3.014310  9.3306568338e+00  -1.2511928216e-01  9.4557761160e+00
3.015422  9.4478112376e+00  -1.2653829700e-01  9.5743495346e+00
3.016533  9.5693787912e+00  -1.2802904846e-01  9.6974078397e+00
3.017645  9.6951907390e+00  -1.2959474470e-01  9.8247854837e+00
3.018756  9.8249917205e+00  -1.3123689784e-01  9.9562286183e+00
3.019867  9.9584451429e+00  -1.3295524712e-01  1.0091400390e+01
3.020979  1.0095140785e+01  -1.3474773365e-01  1.0229888519e+01
3.022090  1.0234604456e+01  -1.3661052826e-01  1.0371214985e+01
3.023201  1.0376309480e+01  -1.3853811219e-01  1.0514847592e+01
3.024313  1.0519689716e+01  -1.4052340872e-01  1.0660213124e+01
3.025424  1.0664153792e+01  -1.4255796277e-01  1.0806711755e+01
3.026535  1.0809100194e+01  -1.4463216346e-01  1.0953732357e+01
3.027647  1.0953932804e+01  -1.4673550383e-01  1.1100668308e+01
3.028758  1.1098076509e+01  -1.4885687049e-01  1.1246933379e+01
3.029870  1.1240992444e+01  -1.5098485511e-01  1.1391977300e+01
3.030981  1.1382192489e+01  -1.5310807899e-01  1.1535300568e+01
3.032092  1.1521252608e+01  -1.5521552135e-01  1.1676468129e+01
3.033204  1.1657824697e+01  -1.5729684197e-01  1.1815121539e+01
3.034315  1.1791646594e+01  -1.5934268870e-01  1.1950989283e+01
3.035426  1.1922549981e+01  -1.6134498084e-01  1.2083894962e+01
3.036538  1.2050465955e+01  -1.6329715990e-01  1.2213763115e+01
3.037649  1.2175428104e+01  -1.6519440022e-01  1.2340622504e+01
3.038760  1.2297572975e+01  -1.6703377288e-01  1.2464606747e+01
3.039872  1.2417137916e+01  -1.6881435782e-01  1.2585952273e+01
3.040983  1.2534456316e+01  -1.7053730029e-01  1.2704993617e+01
3.042094  1.2649950354e+01  -1.7220580946e-01  1.2822156164e+01
3.043206  1.2764121414e+01  -1.7382509880e-01  1.2937946512e+01
3.044317  1.2877538414e+01  -1.7540226907e-01  1.3052940683e+01
3.045429  1.2990824329e+01  -1.7694613704e-01  1.3167770466e+01
3.046540  1.3104641234e+01  -1.7846701407e-01  1.3283108248e+01
3.047651  1.3219674265e+01  -1.7997644047e-01  1.3399650706e+01
3.048763  1.3336614885e+01  -1.8148688285e-01  1.3518101768e+01
3.049874  1.3456143895e+01  -1.8301140274e-01  1.3639155298e+01
3.050985  1.3578914622e+01  -1.8456330565e-01  1.3763477928e+01
3.052097  1.3705536716e+01  -1.8615578033e-01  1.3891692497e+01
3.053208  1.3836560979e+01  -1.8780153857e-01  1.4024362517e+01
3.054319  1.3972465619e+01  -1.8951246566e-01  1.4161978085e+01
3.055431  1.4113644290e+01  -1.9129929162e-01  1.4304943582e+01
3.056542  1.4260396231e+01  -1.9317129260e-01  1.4453567523e+01
3.057653  1.4412918760e+01  -1.9513603138e-01  1.4608054792e+01
3.058765  1.4571302341e+01  -1.9719914445e-01  1.4768501485e+01
3.059876  1.4735528330e+01  -1.9936418220e-01  1.4934892513e+01
3.060988  1.4905469501e+01  -2.0163250711e-01  1.5107102008e+01
3.062099  1.5080893309e+01  -2.0400325326e-01  1.5284896562e+01
3.063210  1.5261467842e+01  -2.0647334882e-01  1.5467941190e+01
3.064322  1.5446770296e+01  -2.0903760121e-01  1.5655807897e+01
3.065433  1.5636297776e+01  -2.1168884305e-01  1.5847986619e+01
3.066544  1.5829480126e+01  -2.1441813519e-01  1.6043898261e+01
3.067656  1.6025694492e+01  -2.1721502127e-01  1.6242909513e+01
3.068767  1.6224281218e+01  -2.2006782709e-01  1.6444349045e+01
3.069878  1.6424560688e+01  -2.2296399656e-01  1.6647524685e+01
3.070990  1.6625850670e+01  -2.2589045471e-01  1.6851741124e+01
3.072101  1.6827483726e+01  -2.2883398788e-01  1.7056317714e+01
3.073212  1.7028824240e+01  -2.3178163017e-01  1.7260605870e+01
3.074324  1.7229284622e+01  -2.3472104518e-01  1.7464005667e+01
3.075435  1.7428340278e+01  -2.3764089232e-01  1.7665981170e+01
3.076547  1.7625542967e+01  -2.4053116683e-01  1.7866074134e+01
3.077658  1.7820532200e+01  -2.4338350394e-01  1.8063915704e+01
3.078769  1.8013044384e+01  -2.4619143803e-01  1.8259235822e+01
3.079881  1.8202919506e+01  -2.4895060922e-01  1.8451870115e+01
3.080992  1.8390105157e+01  -2.5165891099e-01  1.8641764068e+01
3.082103  1.8574657829e+01  -2.5431657447e-01  1.8828974404e+01
3.083215  1.8756741445e+01  -2.5692618617e-01  1.9013667632e+01
3.084326  1.8936623168e+01  -2.5949263860e-01  1.9196115807e+01
3.085437  1.9114666612e+01  -2.6202301433e-01  1.9376689626e+01
3.086549  1.9291322636e+01  -2.6452640657e-01  1.9555849042e+01
3.087660  1.9467117968e+01  -2.6701368082e-01  1.9734131649e+01
3.088771  1.9642641966e+01  -2.6949718390e-01  1.9912139150e+01
3.089883  1.9818531855e+01  -2.7199040836e-01  2.0090522263e+01
3.090994  1.9995456842e+01  -2.7450762140e-01  2.0269964463e+01
3.092106  2.0174101515e+01  -2.7706346860e-01  2.0451164983e+01
3.093217  2.0355148966e+01  -2.7967256351e-01  2.0634821529e+01
3.094328  2.0539264071e+01  -2.8234907464e-01  2.0821613146e+01
3.095440  2.0727077364e+01  -2.8510632158e-01  2.1012183686e+01
3.096551  2.0919169917e+01  -2.8795639161e-01  2.1207126308e+01
3.097662  2.1116059612e+01  -2.9090978801e-01  2.1406969400e+01
3.098774  2.1318189160e+01  -2.9397512002e-01  2.1612164280e+01
3.099885  2.1525916150e+01  -2.9715884369e-01  2.1823074993e+01
3.100996  2.1739505396e+01  -3.0046506121e-01  2.2039970457e+01
3.102108  2.1959123748e+01  -3.0389538480e-01  2.2263019132e+01
3.103219  2.2184837487e+01  -3.0744886948e-01  2.2492286356e+01
3.104331  2.2416612361e+01  -3.1112201719e-01  2.2727734379e+01
3.105442  2.2654316230e+01  -3.1490885249e-01  2.2969225082e+01
3.106553  2.2897724231e+01  -3.1880106833e-01  2.3216525299e+01
3.107665  2.3146526316e+01  -3.2278823839e-01  2.3469314554e+01
3.108776  2.3400336930e+01  -3.2685809024e-01  2.3727195021e+01
3.109887  2.3658706567e+01  -3.3099683245e-01  2.3989703400e+01
3.110999  2.3921134873e+01  -3.3518952659e-01  2.4256324400e+01
3.112110  2.4187084941e+01  -3.3942049424e-01  2.4526505435e+01
3.113221  2.4455998407e+01  -3.4367374781e-01  2.4799672155e+01
3.114333  2.4727310938e+01  -3.4793343342e-01  2.5075244371e+01
3.115444  2.5000467692e+01  -3.5218427355e-01  2.5352651965e+01
3.116555  2.5274938345e+01  -3.5641199730e-01  2.5631350342e+01
3.117667  2.5550231284e+01  -3.6060374611e-01  2.5910835030e+01
3.118778  2.5825906588e+01  -3.6474844382e-01  2.6190655031e+01
3.119890  2.6101587471e+01  -3.6883712050e-01  2.6470424592e+01
3.121001  2.6376969891e+01  -3.7286318091e-01  2.6749833072e+01
3.122112  2.6651830072e+01  -3.7682261013e-01  2.7028652682e+01
3.123224  2.6926029775e+01  -3.8071411011e-01  2.7306743885e+01
3.124335  2.7199519184e+01  -3.8453916347e-01  2.7584058347e+01
3.125446  2.7472337354e+01  -3.8830202221e-01  2.7860639377e+01
3.126558  2.7744610238e+01  -3.9200962170e-01  2.8136619860e+01
3.127669  2.8016546356e+01  -3.9567142180e-01  2.8412217778e+01
3.128780  2.8288430268e+01  -3.9929917950e-01  2.8687729447e+01
3.129892  2.8560614021e+01  -4.0290665902e-01  2.8963520680e+01
3.131003  2.8833506855e+01  -4.0650928732e-01  2.9240016142e+01
3.132114  2.9107563433e+01  -4.1012376418e-01  2.9517687197e+01
3.133226  2.9383270957e+01  -4.1376763772e-01  2.9797038595e+01
3.134337  2.9661135519e+01  -4.1745885673e-01  3.0078594375e+01
3.135449  2.9941668071e+01  -4.2121531225e-01  3.0362883383e+01
3.136560  3.0225370413e+01  -4.2505438084e-01  3.0650424794e+01
3.137671  3.0512721569e+01  -4.2899248207e-01  3.0941714051e+01
3.138783  3.0804164933e+01  -4.3304466249e-01  3.1237209596e+01
3.139894  3.1100096544e+01  -4.3722421724e-01  3.1537320761e+01
3.141005  3.1400854775e+01  -4.4154235984e-01  3.1842397135e+01
3.142117  3.1706711750e+01  -4.4600794912e-01  3.2152719699e+01
3.143228  3.2017866672e+01  -4.5062728057e-01  3.2468493952e+01
3.144339  3.2334441273e+01  -4.5540394788e-01  3.2789845220e+01
3.145451  3.2656477460e+01  -4.6033877813e-01  3.3116816238e+01
3.146562  3.2983937237e+01  -4.6542984237e-01  3.3449367080e+01
3.147673  3.3316704863e+01  -4.7067254094e-01  3.3787377404e+01
3.148785  3.3654591192e+01  -4.7605976095e-01  3.4130650953e+01
3.149896  3.3997340047e+01  -4.8158210125e-01  3.4478922148e+01
3.151008  3.4344636442e+01  -4.8722815843e-01  3.4831864601e+01
3.152119  3.4696116408e+01  -4.9298486560e-01  3.5189101274e+01
3.153230  3.5051378144e+01  -4.9883787426e-01  3.5550216019e+01
3.154342  3.5409994174e+01  -5.0477196845e-01  3.5914766142e+01
3.155453  3.5771524155e+01  -5.1077149934e-01  3.6282295655e+01
3.156564  3.6135528000e+01  -5.1682082815e-01  3.6652348828e+01
3.157676  3.6501578912e+01  -5.2290476471e-01  3.7024483677e+01
3.158787  3.6869276009e+01  -5.2900898956e-01  3.7398284999e+01
3.159898  3.7238256154e+01  -5.3512044761e-01  3.7773376602e+01
3.161010  3.7608204687e+01  -5.4122770251e-01  3.8149432389e+01
3.162121  3.7978864754e+01  -5.4732124191e-01  3.8526185996e+01
3.163232  3.8350044994e+01  -5.5339372515e-01  3.8903438719e+01
3.164344  3.8721625363e+01  -5.5944016681e-01  3.9281065530e+01
3.165455  3.9093560950e+01  -5.6545805123e-01  3.9659019001e+01
3.166567  3.9465883688e+01  -5.7144737506e-01  4.0037331063e+01
3.167678  3.9838701925e+01  -5.7741061722e-01  4.0416112542e+01
3.168789  4.0212197870e+01  -5.8335263738e-01  4.0795550508e+01
3.169901  4.0586623005e+01  -5.8928050655e-01  4.1175903512e+01
3.171012  4.0962291582e+01  -5.9520327484e-01  4.1557494857e+01
3.172123  4.1339572420e+01  -6.0113168360e-01  4.1940704104e+01
3.173235  4.1718879212e+01  -6.0707783068e-01  4.2325957043e+01
3.174346  4.2100659633e+01  -6.1305479858e-01  4.2713714432e+01
3.175457  4.2485383548e+01  -6.1907625681e-01  4.3104459805e+01
3.176569  4.2873530656e+01  -6.2515604997e-01  4.3498686706e+01
3.177680  4.3265577911e+01  -6.3130778384e-01  4.3896885695e+01
3.178791  4.3661987066e+01  -6.3754442153e-01  4.4299531487e+01
3.179903  4.4063192686e+01  -6.4387790160e-01  4.4707070587e+01
3.181014  4.4469590963e+01  -6.5031878920e-01  4.5119909753e+01
3.182126  4.4881529630e+01  -6.5687597051e-01  4.5538405601e+01
3.183237  4.5299299245e+01  -6.6355639926e-01  4.5962855644e+01
3.184348  4.5723126083e+01  -6.7036490264e-01  4.6393490986e+01
3.185460  4.6153166831e+01  -6.7730405227e-01  4.6830470883e+01
3.186571  4.6589505194e+01  -6.8437410375e-01  4.7273879298e+01
3.187682  4.7032150526e+01  -6.9157300652e-01  4.7723723533e+01
3.188794  4.7481038495e+01  -6.9889648354e-01  4.8179934979e+01
3.189905  4.7936033746e+01  -7.0633817825e-01  4.8642371924e+01
3.191016  4.8396934490e+01  -7.1388986442e-01  4.9110824354e+01
3.192128  4.8863478870e+01  -7.2154171245e-01  4.9585020582e+01
3.193239  4.9335352917e+01  -7.2928260426e-01  5.0064635522e+01
3.194351  4.9812199869e+01  -7.3710048718e-01  5.0549300356e+01
3.195462  5.0293630576e+01  -7.4498275637e-01  5.1038613332e+01
3.196573  5.0779234713e+01  -7.5291665432e-01  5.1532151368e+01
3.197685  5.1268592467e+01  -7.6088967546e-01  5.2029482143e+01
3.198796  5.1761286376e+01  -7.6888996380e-01  5.2530176340e+01
3.199907  5.2256912994e+01  -7.7690669168e-01  5.3033819686e+01
3.201019  5.2755094061e+01  -7.8493040831e-01  5.3540024469e+01
3.202130  5.3255486860e+01  -7.9295334753e-01  5.4048440207e+01
3.203241  5.3757793492e+01  -8.0096968559e-01  5.4558763178e+01
3.204353  5.4261768820e+01  -8.0897574109e-01  5.5070744561e+01
3.205464  5.4767226853e+01  -8.1697011087e-01  5.5584196963e+01
3.206575  5.5274045435e+01  -8.2495373773e-01  5.6098999172e+01
3.207687  5.5782169098e+01  -8.3292990760e-01  5.6615099006e+01
3.208798  5.6291610028e+01  -8.4090417611e-01  5.7132514204e+01
3.209910  5.6802447131e+01  -8.4888422640e-01  5.7651331358e+01
3.211021  5.7314823247e+01  -8.5687966222e-01  5.8171702909e+01
3.212132  5.7828940601e+01  -8.6490174214e-01  5.8693842344e+01
3.213244  5.8345054649e+01  -8.7296306265e-01  5.9218017712e+01
3.214355  5.8863466497e+01  -8.8107719918e-01  5.9744543696e+01
3.215466  5.9384514135e+01  -8.8925831582e-01  6.0273772451e+01
3.216578  5.9908562743e+01  -8.9752075490e-01  6.0806083498e+01
3.217689  6.0435994358e+01  -9.0587861879e-01  6.1341872977e+01
3.218800  6.0967197209e+01  -9.1434535622e-01  6.1881542565e+01
3.219912  6.1502555037e+01  -9.2293336555e-01  6.2425488402e+01
3.221023  6.2042436700e+01  -9.3165362687e-01  6.2974090327e+01
3.222134  6.2587186383e+01  -9.4051537407e-01  6.3527701757e+01
3.223246  6.3137114688e+01  -9.4952581698e-01  6.4086640505e+01
3.224357  6.3692490856e+01  -9.5868992220e-01  6.4651180779e+01
3.225469  6.4253536369e+01  -9.6801025959e-01  6.5221546629e+01
3.226580  6.4820420085e+01  -9.7748691953e-01  6.5797907004e+01
3.227691  6.5393255075e+01  -9.8711750405e-01  6.6380372579e+01
3.228803  6.5972097236e+01  -9.9689719277e-01  6.6968994429e+01
3.229914  6.6556945726e+01  -1.0068188824e+00  6.7563764608e+01
3.231025  6.7147745201e+01  -1.0168733963e+00  6.8164618597e+01
3.232137  6.7744389800e+01  -1.0270497594e+00  6.8771439559e+01
3.233248  6.8346728751e+01  -1.0373355295e+00  6.9384064280e+01
3.234359  6.8954573443e+01  -1.0477171780e+00  7.0002290621e+01
3.235471  6.9567705753e+01  -1.0581805079e+00  7.0625886261e+01
3.236582  7.0185887387e+01  -1.0687110979e+00  7.1254598485e+01
3.237693  7.0808869974e+01  -1.0792947605e+00  7.1888164734e+01
3.238805  7.1436405595e+01  -1.0899180001e+00  7.2526323595e+01
3.239916  7.2068257466e+01  -1.1005684591e+00  7.3168825926e+01
3.241028  7.2704210447e+01  -1.1112353381e+00  7.3815445785e+01
3.242139  7.3344081059e+01  -1.1219097788e+00  7.4465990838e+01
3.243250  7.3987726736e+01  -1.1325851973e+00  7.5120311934e+01
3.244362  7.4635054008e+01  -1.1432575590e+00  7.5778311567e+01
3.245473  7.5286025381e+01  -1.1539255857e+00  7.6439950967e+01
3.246584  7.5940664700e+01  -1.1645908892e+00  7.7105255589e+01
3.247696  7.6599060811e+01  -1.1752580257e+00  7.7774318837e+01
3.248807  7.7261369407e+01  -1.1859344705e+00  7.8447303877e+01
3.249918  7.7927812978e+01  -1.1966305105e+00  7.9124443489e+01
3.251030  7.8598678836e+01  -1.2073590592e+00  7.9806037895e+01
3.252141  7.9274315244e+01  -1.2181353964e+00  8.0492450640e+01
3.253252  7.9955125739e+01  -1.2289768403e+00  8.1184102579e+01
3.254364  8.0641561761e+01  -1.2399023604e+00  8.1881464121e+01
3.255475  8.1334113784e+01  -1.2509321401e+00  8.2585045924e+01
3.256587  8.2033301151e+01  -1.2620871022e+00  8.3295388254e+01
3.257698  8.2739660888e+01  -1.2733884086e+00  8.4013049297e+01
3.258809  8.3453735754e+01  -1.2848569479e+00  8.4738592702e+01
3.259921  8.4176061865e+01  -1.2965128249e+00  8.5472574689e+01
3.261032  8.4907156185e+01  -1.3083748653e+00  8.6215531050e+01
3.262143  8.5647504227e+01  -1.3204601499e+00  8.6967964377e+01
3.263255  8.6397548271e+01  -1.3327835890e+00  8.7730331860e+01
3.264366  8.7157676419e+01  -1.3453575511e+00  8.8503033970e+01
3.265477  8.7928212769e+01  -1.3581915537e+00  8.9286404323e+01
3.266589  8.8709408969e+01  -1.3712920258e+00  9.0080700995e+01
3.267700  8.9501437374e+01  -1.3846621484e+00  9.0886099522e+01
3.268811  9.0304385995e+01  -1.3983017771e+00  9.1702687772e+01
3.269923  9.1118255371e+01  -1.4122074490e+00  9.2530462820e+01
3.271034  9.1942957458e+01  -1.4263724740e+00  9.3369329932e+01
3.272146  9.2778316568e+01  -1.4407871072e+00  9.4219103675e+01
3.273257  9.3624072340e+01  -1.4554387993e+00  9.5079511139e+01
3.274368  9.4479884682e+01  -1.4703125163e+00  9.5950197198e+01
3.275480  9.5345340561e+01  -1.4853911213e+00  9.6830731682e+01
3.276591  9.6219962472e+01  -1.5006558078e+00  9.7720618279e+01
3.277702  9.7103218384e+01  -1.5160865719e+00  9.8619304956e+01
3.278814  9.7994532924e+01  -1.5316627126e+00  9.9526195636e+01
3.279925  9.8893299503e+01  -1.5473633448e+00  1.0044066285e+02
3.281036  9.9798893115e+01  -1.5631679128e+00  1.0136206103e+02
3.282148  1.0071068348e+02  -1.5790566900e+00  1.0228974017e+02
3.283259  1.0162804818e+02  -1.5950112518e+00  1.0322305943e+02
3.284371  1.0255038560e+02  -1.6110149096e+00  1.0416140050e+02
3.285482  1.0347712711e+02  -1.6270530943e+00  1.0510418020e+02
3.286593  1.0440774853e+02  -1.6431136803e+00  1.0605086221e+02
3.287705  1.0534178034e+02  -1.6591872405e+00  1.0700096758e+02
3.288816  1.0627881647e+02  -1.6752672288e+00  1.0795408370e+02
3.289927  1.0721852165e+02  -1.6913500829e+00  1.0890987174e+02
3.291039  1.0816063688e+02  -1.7074352487e+00  1.0986807213e+02
3.292150  1.0910498310e+02  -1.7235251244e+00  1.1082850822e+02
3.293261  1.1005146304e+02  -1.7396249282e+00  1.1179108797e+02
3.294373  1.1100006105e+02  -1.7557424941e+00  1.1275580354e+02
3.295484  1.1195084112e+02  -1.7718880021e+00  1.1372272913e+02
3.296595  1.1290394315e+02  -1.7880736518e+00  1.1469201681e+02
3.297707  1.1385957751e+02  -1.8043132889e+00  1.1566389080e+02
3.298818  1.1481801818e+02  -1.8206219962e+00  1.1663864017e+02
3.299930  1.1577959461e+02  -1.8370156606e+00  1.1761661028e+02
3.301041  1.1674468261e+02  -1.8535105294e+00  1.1859819314e+02
3.302152  1.1771369439e+02  -1.8701227682e+00  1.1958381716e+02
3.303264  1.1868706819e+02  -1.8868680327e+00  1.2057393622e+02
3.304375  1.1966525773e+02  -1.9037610673e+00  1.2156901880e+02
3.305486  1.2064872170e+02  -1.9208153410e+00  1.2256953705e+02
3.306598  1.2163791368e+02  -1.9380427304e+00  1.2357595641e+02
3.307709  1.2263327262e+02  -1.9554532587e+00  1.2458872588e+02
3.308820  1.2363521429e+02  -1.9730548975e+00  1.2560826918e+02
3.309932  1.2464412375e+02  -1.9908534355e+00  1.2663497719e+02
3.311043  1.2566034917e+02  -2.0088524180e+00  1.2766920158e+02
3.312154  1.2668419691e+02  -2.0270531571e+00  1.2871125007e+02
3.313266  1.2771592833e+02  -2.0454548116e+00  1.2976138314e+02
3.314377  1.2875575797e+02  -2.0640545332e+00  1.3081981250e+02
3.315489  1.2980385341e+02  -2.0828476739e+00  1.3188670109e+02
3.316600  1.3086033669e+02  -2.1018280472e+00  1.3296216474e+02
3.317711  1.3192528711e+02  -2.1209882348e+00  1.3404627534e+02
3.318823  1.3299874544e+02  -2.1403199284e+00  1.3513906537e+02
3.319934  1.3408071935e+02  -2.1598142969e+00  1.3624053364e+02
3.321045  1.3517118973e+02  -2.1794623666e+00  1.3735065210e+02
3.322157  1.3627011797e+02  -2.1992554021e+00  1.3846937337e+02
3.323268  1.3737745359e+02  -2.2191852779e+00  1.3959663887e+02
3.324379  1.3849314238e+02  -2.2392448277e+00  1.4073238721e+02
3.325491  1.3961713441e+02  -2.2594281613e+00  1.4187656258e+02
3.326602  1.4074939194e+02  -2.2797309395e+00  1.4302912288e+02
3.327713  1.4188989682e+02  -2.3001505991e+00  1.4419004742e+02
3.328825  1.4303865721e+02  -2.3206865201e+00  1.4535934373e+02
3.329936  1.4419571340e+02  -2.3413401309e+00  1.4653705353e+02
3.331048  1.4536114248e+02  -2.3621149485e+00  1.4772325743e+02
3.332159  1.4653506185e+02  -2.3830165520e+00  1.4891807840e+02
3.333270  1.4771763124e+02  -2.4040524897e+00  1.5012168373e+02
3.334382  1.4890905339e+02  -2.4252321244e+00  1.5133428551e+02
3.335493  1.5010957314e+02  -2.4465664190e+00  1.5255613956e+02
3.336604  1.5131947509e+02  -2.4680676713e+00  1.5378754276e+02
3.337716  1.5253907978e+02  -2.4897492034e+00  1.5502882898e+02
3.338827  1.5376873855e+02  -2.5116250175e+00  1.5628036357e+02
3.339938  1.5500882710e+02  -2.5337094261e+00  1.5754253653e+02
3.341050  1.5625973806e+02  -2.5560166687e+00  1.5881575473e+02
3.342161  1.5752187262e+02  -2.5785605262e+00  1.6010043315e+02
3.343272  1.5879563151e+02  -2.6013539444e+00  1.6139698545e+02
3.344384  1.6008140554e+02  -2.6244086773e+00  1.6270581422e+02
3.345495  1.6137956605e+02  -2.6477349618e+00  1.6402730101e+02
3.346607  1.6269045529e+02  -2.6713412324e+00  1.6536179653e+02
3.347718  1.6401437733e+02  -2.6952338845e+00  1.6670961122e+02
3.348829  1.6535158939e+02  -2.7194170946e+00  1.6807100648e+02
3.349941  1.6670229412e+02  -2.7438927005e+00  1.6944618682e+02
3.351052  1.6806663294e+02  -2.7686601479e+00  1.7083529309e+02
3.352163  1.6944468054e+02  -2.7937165024e+00  1.7223839704e+02
3.353275  1.7083644088e+02  -2.8190565291e+00  1.7365549741e+02
3.354386  1.7224184473e+02  -2.8446728361e+00  1.7508651756e+02
3.355497  1.7366074879e+02  -2.8705560783e+00  1.7653130487e+02
3.356609  1.7509293659e+02  -2.8966952165e+00  1.7798963180e+02
3.357720  1.7653812097e+02  -2.9230778237e+00  1.7946119880e+02
3.358832  1.7799594838e+02  -2.9496904300e+00  1.8094563881e+02
3.359943  1.7946600462e+02  -2.9765188973e+00  1.8244252352e+02
3.361054  1.8094782219e+02  -3.0035488124e+00  1.8395137100e+02
3.362166  1.8244088885e+02  -3.0307658872e+00  1.8547165474e+02
3.363277  1.8394465747e+02  -3.0581563564e+00  1.8700281383e+02
3.364388  1.8545855666e+02  -3.0857073595e+00  1.8854426402e+02
3.365500  1.8698200224e+02  -3.1134072983e+00  1.9009540954e+02
3.366611  1.8851440902e+02  -3.1412461591e+00  1.9165565518e+02
3.367722  1.9005520293e+02  -3.1692157906e+00  1.9322441872e+02
3.368834  1.9160383288e+02  -3.1973101310e+00  1.9480114301e+02
3.369945  1.9315978239e+02  -3.2255253776e+00  1.9638530777e+02
3.371056  1.9472258057e+02  -3.2538600943e+00  1.9797644067e+02
3.372168  1.9629181223e+02  -3.2823152551e+00  1.9957412749e+02
3.373279  1.9786712688e+02  -3.3108942227e+00  2.0117802110e+02
3.374391  1.9944824647e+02  -3.3396026632e+00  2.0278784913e+02
3.375502  2.0103497164e+02  -3.3684483996e+00  2.0440342004e+02
3.376613  2.0262718641e+02  -3.3974412099e+00  2.0602462762e+02
3.377725  2.0422486109e+02  -3.4265925744e+00  2.0765145367e+02
3.378836  2.0582805349e+02  -3.4559153811e+00  2.0928396887e+02
3.379947  2.0743690829e+02  -3.4854235980e+00  2.1092233189e+02
3.381059  2.0905165468e+02  -3.5151319202e+00  2.1256678660e+02
3.382170  2.1067260224e+02  -3.5450554047e+00  2.1421765765e+02
3.383281  2.1230013523e+02  -3.5752091013e+00  2.1587534433e+02
3.384393  2.1393470534e+02  -3.6056076907e+00  2.1754031304e+02
3.385504  2.1557682324e+02  -3.6362651411e+00  2.1921308838e+02
3.386615  2.1722704878e+02  -3.6671943903e+00  2.2089424317e+02
3.387727  2.1888598049e+02  -3.6984070655e+00  2.2258438756e+02
3.388838  2.2055424428e+02  -3.7299132443e+00  2.2428415752e+02
3.389950  2.2223248167e+02  -3.7617212674e+00  2.2599420294e+02
3.391061  2.2392133796e+02  -3.7938376034e+00  2.2771517556e+02
3.392172  2.2562145033e+02  -3.8262667720e+00  2.2944771710e+02
3.393284  2.2733343639e+02  -3.8590113258e+00  2.3119244772e+02
3.394395  2.2905788321e+02  -3.8920718891e+00  2.3294995510e+02
3.395506  2.3079533718e+02  -3.9254472536e+00  2.3472078444e+02
3.396618  2.3254629488e+02  -3.9591345258e+00  2.3650542941e+02
3.397729  2.3431119510e+02  -3.9931293216e+00  2.3830432443e+02
3.398840  2.3609041226e+02  -4.0274260008e+00  2.4011783826e+02
3.399952  2.3788425121e+02  -4.0620179344e+00  2.4194626914e+02
3.401063  2.3969294366e+02  -4.0968977961e+00  2.4378984146e+02
3.402174  2.4151664620e+02  -4.1320578681e+00  2.4564870407e+02
3.403286  2.4335543991e+02  -4.1674903525e+00  2.4752293027e+02
3.404397  2.4520933164e+02  -4.2031876785e+00  2.4941251932e+02
3.405509  2.4707825679e+02  -4.2391427955e+00  2.5131739959e+02
3.406620  2.4896208366e+02  -4.2753494442e+00  2.5323743310e+02
3.407731  2.5086061905e+02  -4.3118023970e+00  2.5517242145e+02
3.408843  2.5277361520e+02  -4.3484976608e+00  2.5712211286e+02
3.409954  2.5470077767e+02  -4.3854326371e+00  2.5908621031e+02
3.411065  2.5664177420e+02  -4.4226062340e+00  2.6106438044e+02
3.412177  2.5859624415e+02  -4.4600189280e+00  2.6305626307e+02
3.413288  2.6056380842e+02  -4.4976727739e+00  2.6506148120e+02
3.414399  2.6254407967e+02  -4.5355713637e+00  2.6707965103e+02
3.415511  2.6453667241e+02  -4.5737197354e+00  2.6911039215e+02
3.416622  2.6654121305e+02  -4.6121242364e+00  2.7115333728e+02
3.417733  2.6855734938e+02  -4.6507923453e+00  2.7320814172e+02
3.418845  2.7058475954e+02  -4.6897324587e+00  2.7527449200e+02
3.419956  2.7262316020e+02  -4.7289536500e+00  2.7735211385e+02
3.421068  2.7467231367e+02  -4.7684654082e+00  2.7944077908e+02
3.422179  2.7673203405e+02  -4.8082773650e+00  2.8154031142e+02
3.423290  2.7880219212e+02  -4.8483990190e+00  2.8365059113e+02
3.424402  2.8088271890e+02  -4.8888394666e+00  2.8577155837e+02
3.425513  2.8297360797e+02  -4.9296071470e+00  2.8790321512e+02
3.426624  2.8507491631e+02  -4.9707096098e+00  2.9004562592e+02
3.427736  2.8718676383e+02  -5.0121533132e+00  2.9219891714e+02
3.428847  2.8930933159e+02  -5.0539434585e+00  2.9436327505e+02
3.429958  2.9144285870e+02  -5.0960838655e+00  2.9653894256e+02
3.431070  2.9358763808e+02  -5.1385768945e+00  2.9872621497e+02
3.432181  2.9574401115e+02  -5.1814234151e+00  3.0092543456e+02
3.433292  2.9791236156e+02  -5.2246228242e+00  3.0313698438e+02
3.434404  3.0009310815e+02  -5.2681731122e+00  3.0536128126e+02
3.435515  3.0228669733e+02  -5.3120709752e+00  3.0759876831e+02
3.436627  3.0449359497e+02  -5.3563119694e+00  3.0984990694e+02
3.437738  3.0671427803e+02  -5.4008907033e+00  3.1211516874e+02
3.438849  3.0894922620e+02  -5.4458010617e+00  3.1439502726e+02
3.439961  3.1119891354e+02  -5.4910364538e+00  3.1668995000e+02
3.441072  3.1346380051e+02  -5.5365900787e+00  3.1900039059e+02
3.442183  3.1574432641e+02  -5.5824551989e+00  3.2132678161e+02
3.443295  3.1804090243e+02  -5.6286254146e+00  3.2366952785e+02
3.444406  3.2035390552e+02  -5.6750949291e+00  3.2602900045e+02
3.445517  3.2268367307e+02  -5.7218587974e+00  3.2840553187e+02
3.446629  3.2503049862e+02  -5.7689131515e+00  3.3079941177e+02
3.447740  3.2739462861e+02  -5.8162553929e+00  3.3321088400e+02
3.448852  3.2977626022e+02  -5.8638843498e+00  3.3564014457e+02
3.449963  3.3217554042e+02  -5.9118003905e+00  3.3808734081e+02
3.451074  3.3459256602e+02  -5.9600054922e+00  3.4055257151e+02
3.452186  3.3702738499e+02  -6.0085032624e+00  3.4303588826e+02
3.453297  3.3947999872e+02  -6.0572989111e+00  3.4553729763e+02
3.454408  3.4195036530e+02  -6.1063991764e+00  3.4805676448e+02
3.455520  3.4443840370e+02  -6.1558122042e+00  3.5059421591e+02
3.456631  3.4694399871e+02  -6.2055473869e+00  3.5314954610e+02
3.457742  3.4946700650e+02  -6.2556151647e+00  3.5572262167e+02
3.458854  3.5200726069e+02  -6.3060267967e+00  3.5831328749e+02
3.459965  3.5456457875e+02  -6.3567941081e+00  3.6092137285e+02
3.461076  3.5713876854e+02  -6.4079292205e+00  3.6354669776e+02
3.462188  3.5972963492e+02  -6.4594442744e+00  3.6618907919e+02
3.463299  3.6233698609e+02  -6.5113511517e+00  3.6884833724e+02
3.464411  3.6496063970e+02  -6.5636612057e+00  3.7152430090e+02
3.465522  3.6760042843e+02  -6.6163850079e+00  3.7421681344e+02
3.466633  3.7025620501e+02  -6.6695321167e+00  3.7692573713e+02
3.467745  3.7292784641e+02  -6.7231108778e+00  3.7965095728e+02
3.468856  3.7561525727e+02  -6.7771282579e+00  3.8239238553e+02
3.469967  3.7831837242e+02  -6.8315897201e+00  3.8514996214e+02
3.471079  3.8103715828e+02  -6.8864991407e+00  3.8792365742e+02
3.472190  3.8377161346e+02  -6.9418587721e+00  3.9071347223e+02
3.473301  3.8652176812e+02  -6.9976692503e+00  3.9351943737e+02
3.474413  3.8928768250e+02  -7.0539296464e+00  3.9634161215e+02
3.475524  3.9206944437e+02  -7.1106375611e+00  3.9918008193e+02
3.476635  3.9486716569e+02  -7.1677892562e+00  4.0203495495e+02
3.477747  3.9768097843e+02  -7.2253798206e+00  4.0490635825e+02
3.478858  4.0051102973e+02  -7.2834033636e+00  4.0779443310e+02
3.479970  4.0335747657e+02  -7.3418532297e+00  4.1069932980e+02
3.481081  4.0622048002e+02  -7.4007222271e+00  4.1362120225e+02
3.482192  4.0910019930e+02  -7.4600028632e+00  4.1656020216e+02
3.483304  4.1199678583e+02  -7.5196875788e+00  4.1951647341e+02
3.484415  4.1491037746e+02  -7.5797689743e+00  4.2249014643e+02
3.485526  4.1784109291e+02  -7.6402400197e+00  4.2548133293e+02
3.486638  4.2078902690e+02  -7.7010942438e+00  4.2849012115e+02
3.487749  4.2375424582e+02  -7.7623258949e+00  4.3151657172e+02
3.488860  4.2673678428e+02  -7.8239300702e+00  4.3456071435e+02
3.489972  4.2973664259e+02  -7.8859028095e+00  4.3762254540e+02
3.491083  4.3275378540e+02  -7.9482411512e+00  4.4070202656e+02
3.492194  4.3578814140e+02  -8.0109431503e+00  4.4379908455e+02
3.493306  4.3883960427e+02  -8.0740078584e+00  4.4691361213e+02
3.494417  4.4190803487e+02  -8.1374352674e+00  4.5004547014e+02
3.495529  4.4499326470e+02  -8.2012262207e+00  4.5319449092e+02
3.496640  4.4809510046e+02  -8.2653822964e+00  4.5636048276e+02
3.497751  4.5121332984e+02  -8.3299056662e+00  4.5954323551e+02
3.498863  4.5434772820e+02  -8.3947989383e+00  4.6274252714e+02
3.499974  4.5749806621e+02  -8.4600649896e+00  4.6595813120e+02
3.501085  4.6066411811e+02  -8.5257067948e+00  4.6918982490e+02
3.502197  4.6384567054e+02  -8.5917272595e+00  4.7243739780e+02
3.503308  4.6704253161e+02  -8.6581290653e+00  4.7570066068e+02
3.504419  4.7025454004e+02  -8.7249145316e+00  4.7897945457e+02
3.505531  4.7348157409e+02  -8.7920855036e+00  4.8227365960e+02
3.506642  4.7672356012e+02  -8.8596432674e+00  4.8558320339e+02
3.507753  4.7998048033e+02  -8.9275885012e+00  4.8890806883e+02
3.508865  4.8325237973e+02  -8.9959212616e+00  4.9224830099e+02
3.509976  4.8653937178e+02  -9.0646410098e+00  4.9560401279e+02
3.511088  4.8984164285e+02  -9.1337466751e+00  4.9897538953e+02
3.512199  4.9315945494e+02  -9.2032367575e+00  5.0236269169e+02
3.513310  4.9649314680e+02  -9.2731094648e+00  5.0576625627e+02
3.514422  4.9984313326e+02  -9.3433628803e+00  5.0918649614e+02
3.515533  5.0320990254e+02  -9.4139951569e+00  5.1262389769e+02
3.516644  5.0659401174e+02  -9.4850047305e+00  5.1607901647e+02
3.517756  5.0999608039e+02  -9.5563905446e+00  5.1955247093e+02
3.518867  5.1341678208e+02  -9.6281522800e+00  5.2304493436e+02
3.519978  5.1685683446e+02  -9.7002905793e+00  5.2655712504e+02
3.521090  5.2031698752e+02  -9.7728072575e+00  5.3008979477e+02
3.522201  5.2379801061e+02  -9.8457054924e+00  5.3364371610e+02
3.523312  5.2730067823e+02  -9.9189899834e+00  5.3721966822e+02
3.524424  5.3082575500e+02  -9.9926670737e+00  5.4081842207e+02
3.525535  5.3437398003e+02  -1.0066744828e+01  5.4444072486e+02
3.526647  5.3794605113e+02  -1.0141233062e+01  5.4808728419e+02
3.527758  5.4154260914e+02  -1.0216143317e+01  5.5175875246e+02
3.528869  5.4516422275e+02  -1.0291488781e+01  5.5545571153e+02
3.529981  5.4881137417e+02  -1.0367284149e+01  5.5917865831e+02
3.531092  5.5248444610e+02  -1.0443545439e+01  5.6292799154e+02
3.532203  5.5618371021e+02  -1.0520289744e+01  5.6670399995e+02
3.533315  5.5990931752e+02  -1.0597534941e+01  5.7050685246e+02
3.534426  5.6366129098e+02  -1.0675299367e+01  5.7433659035e+02
3.535537  5.6743952042e+02  -1.0753601450e+01  5.7819312187e+02
3.536649  5.7124376018e+02  -1.0832459326e+01  5.8207621950e+02
3.537760  5.7507362942e+02  -1.0911890436e+01  5.8598551985e+02
3.538872  5.7892861535e+02  -1.0991911134e+01  5.8992052648e+02
3.539983  5.8280807924e+02  -1.1072536286e+01  5.9388061553e+02
3.541094  5.8671126531e+02  -1.1153778908e+01  5.9786504421e+02
3.542206  5.9063731223e+02  -1.1235649829e+01  6.0187296206e+02
3.543317  5.9458526726e+02  -1.1318157401e+01  6.0590342466e+02
3.544428  5.9855410258e+02  -1.1401307260e+01  6.0995540984e+02
3.545540  6.0254273366e+02  -1.1485102158e+01  6.1402783581e+02
3.546651  6.0655003919e+02  -1.1569541859e+01  6.1811958104e+02
3.547762  6.1057488236e+02  -1.1654623113e+01  6.2222950548e+02
3.548874  6.1461613287e+02  -1.1740339712e+01  6.2635647258e+02
3.549985  6.1867268924e+02  -1.1826682623e+01  6.3049937186e+02
3.551096  6.2274350107e+02  -1.1913640206e+01  6.3465714128e+02
3.552208  6.2682759058e+02  -1.2001198504e+01  6.3882878909e+02
3.553319  6.3092407308e+02  -1.2089341609e+01  6.4301341469e+02
3.554431  6.3503217579e+02  -1.2178052084e+01  6.4721022788e+02
3.555542  6.3915125469e+02  -1.2267311445e+01  6.5141856614e+02
3.556653  6.4328080885e+02  -1.2357100683e+01  6.5563790953e+02
3.557765  6.4742049199e+02  -1.2447400815e+01  6.5986789280e+02
3.558876  6.5157012095e+02  -1.2538193446e+01  6.6410831439e+02
3.559987  6.5572968076e+02  -1.2629461338e+01  6.6835914210e+02
3.561099  6.5989932628e+02  -1.2721188953e+01  6.7262051523e+02
3.562210  6.6407938014e+02  -1.2813362974e+01  6.7689274312e+02
3.563321  6.6827032721e+02  -1.2905972778e+01  6.8117629998e+02
3.564433  6.7247280542e+02  -1.2999010843e+01  6.8547181627e+02
3.565544  6.7668759337e+02  -1.3092473090e+01  6.8978006646e+02
3.566655  6.8091559464e+02  -1.3186359138e+01  6.9410195378e+02
3.567767  6.8515781947e+02  -1.3280672469e+01  6.9843849194e+02
3.568878  6.8941536392e+02  -1.3375420492e+01  7.0279078441e+02
3.569990  6.9368938707e+02  -1.3470614505e+01  7.0716000158e+02
3.571101  6.9798108677e+02  -1.3566269559e+01  7.1154735633e+02
3.572212  7.0229167443e+02  -1.3662404210e+01  7.1595407864e+02
3.573324  7.0662234944e+02  -1.3759040186e+01  7.2038138962e+02
3.574435  7.1097427380e+02  -1.3856201954e+01  7.2483047576e+02
3.575546  7.1534854757e+02  -1.3953916212e+01  7.2930246378e+02
3.576658  7.1974618556e+02  -1.4052211312e+01  7.3379839687e+02
3.577769  7.2416809609e+02  -1.4151116634e+01  7.3831921273e+02
3.578880  7.2861506203e+02  -1.4250661913e+01  7.4286572394e+02
3.579992  7.3308772473e+02  -1.4350876555e+01  7.4743860128e+02
3.581103  7.3758657119e+02  -1.4451788949e+01  7.5203836013e+02
3.582214  7.4211192480e+02  -1.4553425792e+01  7.5666535059e+02
3.583326  7.4666393988e+02  -1.4655811456e+01  7.6131975133e+02
3.584437  7.5124260009e+02  -1.4758967398e+01  7.6600156748e+02
3.585549  7.5584772090e+02  -1.4862911650e+01  7.7071063255e+02
3.586660  7.6047895597e+02  -1.4967658383e+01  7.7544661435e+02
3.587771  7.6513580733e+02  -1.5073217578e+01  7.8020902491e+02
3.588883  7.6981763916e+02  -1.5179594794e+01  7.8499723395e+02
3.589994  7.7452369477e+02  -1.5286791059e+01  7.8981048583e+02
3.591105  7.7925311652e+02  -1.5394802874e+01  7.9464791940e+02
3.592217  7.8400496808e+02  -1.5503622342e+01  7.9950859042e+02
3.593328  7.8877825854e+02  -1.5613237415e+01  8.0439149595e+02
3.594439  7.9357196786e+02  -1.5723632250e+01  8.0929560011e+02
3.595551  7.9838507293e+02  -1.5834787677e+01  8.1421986061e+02
3.596662  8.0321657372e+02  -1.5946681754e+01  8.1916325547e+02
3.597773  8.0806551879e+02  -1.6059290408e+01  8.2412480920e+02
3.598885  8.1293102960e+02  -1.6172588135e+01  8.2910361774e+02
3.599996  8.1781232303e+02  -1.6286548747e+01  8.3409887178e+02
3.601108  8.2270873146e+02  -1.6401146145e+01  8.3910987760e+02
3.602219  8.2761972003e+02  -1.6516355096e+01  8.4413607513e+02
3.603330  8.3254490060e+02  -1.6632151994e+01  8.4917705259e+02
3.604442  8.3748404198e+02  -1.6748515585e+01  8.5423255756e+02
3.605553  8.4243707632e+02  -1.6865427638e+01  8.5930250396e+02
3.606664  8.4740410139e+02  -1.6982873534e+01  8.6438697492e+02
3.607776  8.5238537866e+02  -1.7100842770e+01  8.6948622143e+02
3.608887  8.5738132734e+02  -1.7219329354e+01  8.7460065669e+02
3.609998  8.6239251437e+02  -1.7338332081e+01  8.7973084645e+02
3.611110  8.6741964072e+02  -1.7457854686e+01  8.8487749541e+02
3.612221  8.7246352430e+02  -1.7577905860e+01  8.9004143016e+02
3.613333  8.7752507981e+02  -1.7698499139e+01  8.9522357894e+02
3.614444  8.8260529619e+02  -1.7819652658e+01  9.0042494885e+02
3.615555  8.8770521215e+02  -1.7941388782e+01  9.0564660093e+02
3.616667  8.9282589031e+02  -1.8063733615e+01  9.1088962392e+02
3.617778  8.9796839078e+02  -1.8186716413e+01  9.1615510719e+02
3.618889  9.0313374472e+02  -1.8310368899e+01  9.2144411362e+02
3.620001  9.0832292857e+02  -1.8434724519e+01  9.2675765309e+02
3.621112  9.1353683964e+02  -1.8559817629e+01  9.3209665727e+02
3.622223  9.1877627370e+02  -1.8685682672e+01  9.3746195637e+02
3.623335  9.2404190509e+02  -1.8812353332e+01  9.4285425842e+02
3.624446  9.2933426995e+02  -1.8939861713e+01  9.4827413166e+02
3.625557  9.3465375295e+02  -1.9068237546e+01  9.5372199050e+02
3.626669  9.4000057790e+02  -1.9197507470e+01  9.5919808537e+02
3.627780  9.4537480252e+02  -1.9327694377e+01  9.6470249690e+02
3.628892  9.5077631755e+02  -1.9458816867e+01  9.7023513441e+02
3.630003  9.5620485013e+02  -1.9590888808e+01  9.7579573893e+02
3.631114  9.6165997158e+02  -1.9723919027e+01  9.8138389061e+02
3.632226  9.6714110925e+02  -1.9857911135e+01  9.8699902039e+02
3.633337  9.7264756223e+02  -1.9992863492e+01  9.9264042572e+02
3.634448  9.7817852055e+02  -2.0128769319e+01  9.9830728987e+02
3.635560  9.8373308741e+02  -2.0265616941e+01  1.0039987043e+03
3.636671  9.8931030385e+02  -2.0403390175e+01  1.0097136940e+03
3.637782  9.9490917532e+02  -2.0542068842e+01  1.0154512442e+03
3.638894  1.0005286994e+03  -2.0681629380e+01  1.0212103288e+03
3.640005  1.0061678940e+03  -2.0822045571e+01  1.0269899395e+03
3.641116  1.0118258254e+03  -2.0963289324e+01  1.0327891147e+03
3.642228  1.0175016354e+03  -2.1105331533e+01  1.0386069670e+03
3.643339  1.0231945668e+03  -2.1248142952e+01  1.0444427098e+03
3.644451  1.0289039863e+03  -2.1391695092e+01  1.0502956814e+03
3.645562  1.0346294050e+03  -2.1535961087e+01  1.0561653661e+03
3.646673  1.0403704951e+03  -2.1680916537e+01  1.0620514116e+03
3.647785  1.0461271026e+03  -2.1826540274e+01  1.0679536429e+03
3.648896  1.0518992565e+03  -2.1972815054e+01  1.0738720715e+03
3.650007  1.0576871721e+03  -2.2119728138e+01  1.0798069002e+03
3.651119  1.0634912509e+03  -2.2267271758e+01  1.0857585226e+03
3.652230  1.0693120751e+03  -2.2415443442e+01  1.0917275186e+03
3.653341  1.0751503978e+03  -2.2564246204e+01  1.0977146441e+03
3.654453  1.0810071284e+03  -2.2713688576e+01  1.1037208169e+03
3.655564  1.0868833138e+03  -2.2863784490e+01  1.1097470983e+03
3.656675  1.0927801169e+03  -2.3014553013e+01  1.1157946699e+03
3.657787  1.0986987905e+03  -2.3166017934e+01  1.1218648084e+03
3.658898  1.1046406493e+03  -2.3318207216e+01  1.1279588566e+03
3.660010  1.1106070403e+03  -2.3471152333e+01  1.1340781927e+03
3.661121  1.1165993111e+03  -2.3624887496e+01  1.1402241986e+03
3.662232  1.1226187781e+03  -2.3779448805e+01  1.1463982269e+03
3.663344  1.1286666958e+03  -2.3934873329e+01  1.1526015691e+03
3.664455  1.1347442252e+03  -2.4091198161e+01  1.1588354234e+03
3.665566  1.1408524065e+03  -2.4248459450e+01  1.1651008660e+03
3.666678  1.1469921320e+03  -2.4406691458e+01  1.1713988234e+03
3.667789  1.1531641234e+03  -2.4565925651e+01  1.1777300490e+03
3.668900  1.1593689130e+03  -2.4726189854e+01  1.1840951029e+03
3.670012  1.1656068283e+03  -2.4887507498e+01  1.1904943358e+03
3.671123  1.1718779817e+03  -2.5049896972e+01  1.1969278787e+03
3.672234  1.1781822652e+03  -2.5213371106e+01  1.2033956363e+03
3.673346  1.1845193497e+03  -2.5377936793e+01  1.2098972865e+03
3.674457  1.1908886901e+03  -2.5543594767e+01  1.2164322848e+03
3.675569  1.1972895348e+03  -2.5710339537e+01  1.2229998743e+03
3.676680  1.2037209404e+03  -2.5878159494e+01  1.2295990999e+03
3.677791  1.2101817909e+03  -2.6047037170e+01  1.2362288281e+03
3.678903  1.2166708209e+03  -2.6216949664e+01  1.2428877706e+03
3.680014  1.2231866423e+03  -2.6387869208e+01  1.2495745115e+03
3.681125  1.2297277742e+03  -2.6559763875e+01  1.2562875381e+03
3.682237  1.2362926750e+03  -2.6732598399e+01  1.2630252734e+03
3.683348  1.2428797761e+03  -2.6906335094e+01  1.2697861112e+03
3.684459  1.2494875159e+03  -2.7080934848e+01  1.2765684508e+03
3.685571  1.2561143747e+03  -2.7256358165e+01  1.2833707329e+03
3.686682  1.2627589077e+03  -2.7432566232e+01  1.2901914740e+03
3.687793  1.2694197771e+03  -2.7609521983e+01  1.2970292991e+03
3.688905  1.2760957816e+03  -2.7787191128e+01  1.3038829728e+03
3.690016  1.2827858827e+03  -2.7965543133e+01  1.3107514259e+03
3.691128  1.2894892274e+03  -2.8144552108e+01  1.3176337796e+03
3.692239  1.2962051668e+03  -2.8324197601e+01  1.3245293644e+03
3.693350  1.3029332696e+03  -2.8504465256e+01  1.3314377348e+03
3.694462  1.3096733310e+03  -2.8685347337e+01  1.3383586784e+03
3.695573  1.3164253764e+03  -2.8866843093e+01  1.3452922195e+03
3.696684  1.3231896589e+03  -2.9048958952e+01  1.3522386178e+03
3.697796  1.3299666527e+03  -2.9231708551e+01  1.3591983613e+03
3.698907  1.3367570407e+03  -2.9415112588e+01  1.3661721533e+03
3.700018  1.3435616969e+03  -2.9599198504e+01  1.3731608954e+03
3.701130  1.3503816647e+03  -2.9784000000e+01  1.3801656647e+03
3.702241  1.3572181312e+03  -2.9969556406e+01  1.3871876876e+03
3.703353  1.3640723980e+03  -3.0155911909e+01  1.3942283099e+03
3.704464  1.3709458485e+03  -3.0343114662e+01  1.4012889632e+03
3.705575  1.3778399142e+03  -3.0531215795e+01  1.4083711300e+03
3.706687  1.3847560388e+03  -3.0720268352e+01  1.4154763071e+03
3.707798  1.3916956422e+03  -3.0910326178e+01  1.4226059683e+03
3.708909  1.3986600845e+03  -3.1101442781e+01  1.4297615272e+03
3.710021  1.4056506311e+03  -3.1293670198e+01  1.4369443013e+03
3.711132  1.4126684200e+03  -3.1487057893e+01  1.4441554779e+03
3.712243  1.4197144309e+03  -3.1681651707e+01  1.4513960826e+03
3.713355  1.4267894580e+03  -3.1877492888e+01  1.4586669509e+03
3.714466  1.4338940869e+03  -3.2074617225e+01  1.4659687041e+03
3.715577  1.4410286748e+03  -3.2273054299e+01  1.4733017291e+03
3.716689  1.4481933367e+03  -3.2472826874e+01  1.4806661636e+03
3.717800  1.4553879357e+03  -3.2673950437e+01  1.4880618862e+03
3.718912  1.4626120789e+03  -3.2876432898e+01  1.4954885118e+03
3.720023  1.4698651182e+03  -3.3080274450e+01  1.5029453926e+03
3.721134  1.4771461572e+03  -3.3285467606e+01  1.5104316248e+03
3.722246  1.4844540623e+03  -3.3491997380e+01  1.5179460597e+03
3.723357  1.4917874790e+03  -3.3699841648e+01  1.5254873207e+03
3.724468  1.4991448527e+03  -3.3908971633e+01  1.5330538244e+03
3.725580  1.5065244535e+03  -3.4119352543e+01  1.5406438060e+03
3.726691  1.5139244041e+03  -3.4330944305e+01  1.5482553484e+03
3.727802  1.5213427112e+03  -3.4543702417e+01  1.5558864136e+03
3.728914  1.5287772984e+03  -3.4757578860e+01  1.5635348773e+03
3.730025  1.5362260410e+03  -3.4972523075e+01  1.5711985641e+03
3.731136  1.5436868011e+03  -3.5188482965e+01  1.5788752840e+03
3.732248  1.5511574628e+03  -3.5405405907e+01  1.5865628687e+03
3.733359  1.5586359671e+03  -3.5623239749e+01  1.5942592069e+03
3.734471  1.5661203446e+03  -3.5841933764e+01  1.6019622784e+03
3.735582  1.5736087462e+03  -3.6061439551e+01  1.6096701858e+03
3.736693  1.5810994716e+03  -3.6281711855e+01  1.6173811834e+03
3.737805  1.5885909934e+03  -3.6502709287e+01  1.6250937027e+03
3.738916  1.5960819785e+03  -3.6724394943e+01  1.6328063734e+03
3.740027  1.6035713045e+03  -3.6946736895e+01  1.6405180414e+03
3.741139  1.6110580719e+03  -3.7169708556e+01  1.6482277804e+03
3.742250  1.6185416117e+03  -3.7393288907e+01  1.6559349006e+03
3.743361  1.6260214879e+03  -3.7617462599e+01  1.6636389505e+03
3.744473  1.6334974956e+03  -3.7842219904e+01  1.6713397155e+03
3.745584  1.6409696537e+03  -3.8067556553e+01  1.6790372103e+03
3.746695  1.6484381945e+03  -3.8293473444e+01  1.6867316679e+03
3.747807  1.6559035473e+03  -3.8519976240e+01  1.6944235235e+03
3.748918  1.6633663197e+03  -3.8747074870e+01  1.7021133945e+03
3.750030  1.6708272748e+03  -3.8974782945e+01  1.7098020578e+03
3.751141  1.6782873060e+03  -3.9203117113e+01  1.7174904231e+03
3.752252  1.6857474088e+03  -3.9432096354e+01  1.7251795051e+03
3.753364  1.6932086518e+03  -3.9661741253e+01  1.7328703931e+03
3.754475  1.7006721463e+03  -3.9892073254e+01  1.7405642196e+03
3.755586  1.7081390154e+03  -4.0123113927e+01  1.7482621294e+03
3.756698  1.7156103636e+03  -4.0354884245e+01  1.7559652478e+03
3.757809  1.7230872469e+03  -4.0587403916e+01  1.7636746509e+03
3.758920  1.7305706455e+03  -4.0820690758e+01  1.7713913362e+03
3.760032  1.7380614367e+03  -4.1054760145e+01  1.7791161969e+03
3.761143  1.7455603726e+03  -4.1289624535e+01  1.7868499971e+03
3.762254  1.7530680587e+03  -4.1525293085e+01  1.7945933518e+03
3.763366  1.7605849378e+03  -4.1761771358e+01  1.8023467092e+03
3.764477  1.7681112764e+03  -4.1999061139e+01  1.8101103376e+03
3.765589  1.7756471558e+03  -4.2237160344e+01  1.8178843161e+03
3.766700  1.7831924666e+03  -4.2476063034e+01  1.8256685296e+03
3.767811  1.7907469084e+03  -4.2715759531e+01  1.8334626680e+03
3.768923  1.7983099932e+03  -4.2956236627e+01  1.8412662298e+03
3.770034  1.8058810523e+03  -4.3197477881e+01  1.8490785302e+03
3.771145  1.8134592485e+03  -4.3439463990e+01  1.8568987125e+03
3.772257  1.8210435909e+03  -4.3682173244e+01  1.8647257641e+03
3.773368  1.8286329529e+03  -4.3925582022e+01  1.8725585349e+03
3.774479  1.8362260945e+03  -4.4169665345e+01  1.8803957598e+03
3.775591  1.8438216855e+03  -4.4414397463e+01  1.8882360829e+03
3.776702  1.8514183317e+03  -4.4659752454e+01  1.8960780842e+03
3.777813  1.8590146026e+03  -4.4905704839e+01  1.9039203075e+03
3.778925  1.8666090595e+03  -4.5152230190e+01  1.9117612897e+03
3.780036  1.8742002845e+03  -4.5399305711e+01  1.9195995902e+03
3.781148  1.8817869092e+03  -4.5646910802e+01  1.9274338200e+03
3.782259  1.8893676427e+03  -4.5895027576e+01  1.9352626702e+03
3.783370  1.8969412980e+03  -4.6143641321e+01  1.9430849393e+03
3.784482  1.9045068172e+03  -4.6392740912e+01  1.9508995581e+03
3.785593  1.9120632942e+03  -4.6642319151e+01  1.9587056134e+03
3.786704  1.9196099943e+03  -4.6892373037e+01  1.9665023673e+03
3.787816  1.9271463710e+03  -4.7142903955e+01  1.9742892749e+03
3.788927  1.9346720798e+03  -4.7393917794e+01  1.9820659976e+03
3.790038  1.9421869877e+03  -4.7645424975e+01  1.9898324126e+03
3.791150  1.9496911788e+03  -4.7897440404e+01  1.9975886192e+03
3.792261  1.9571849565e+03  -4.8149983341e+01  2.0053349398e+03
3.793373  1.9646688412e+03  -4.8403077196e+01  2.0130719184e+03
3.794484  1.9721435638e+03  -4.8656749251e+01  2.0208003131e+03
3.795595  1.9796100559e+03  -4.8911030304e+01  2.0285210863e+03
3.796707  1.9870694356e+03  -4.9165954266e+01  2.0362353899e+03
3.797818  1.9945229901e+03  -4.9421557691e+01  2.0439445478e+03
3.798929  2.0019721551e+03  -4.9677879260e+01  2.0516500344e+03
3.800041  2.0094184913e+03  -4.9934959226e+01  2.0593534506e+03
3.801152  2.0168636586e+03  -5.0192838824e+01  2.0670564974e+03
3.802263  2.0243093879e+03  -5.0451559666e+01  2.0747609475e+03
3.803375  2.0317574520e+03  -5.0711163116e+01  2.0824686151e+03
3.804486  2.0392096354e+03  -5.0971689663e+01  2.0901813250e+03
3.805597  2.0466677035e+03  -5.1233178305e+01  2.0979008818e+03
3.806709  2.0541333723e+03  -5.1495665943e+01  2.1056290383e+03
3.807820  2.0616082787e+03  -5.1759186806e+01  2.1133674655e+03
3.808932  2.0690939518e+03  -5.2023771909e+01  2.1211177237e+03
3.810043  2.0765917870e+03  -5.2289448557e+01  2.1288812355e+03
3.811154  2.0841030211e+03  -5.2556239897e+01  2.1366592610e+03
3.812266  2.0916287114e+03  -5.2824164537e+01  2.1444528759e+03
3.813377  2.0991697171e+03  -5.3093236228e+01  2.1522629533e+03
3.814488  2.1067266850e+03  -5.3363463620e+01  2.1600901486e+03
3.815600  2.1143000383e+03  -5.3634850102e+01  2.1679348884e+03
3.816711  2.1218899701e+03  -5.3907393718e+01  2.1757973638e+03
3.817822  2.1294964409e+03  -5.4181087175e+01  2.1836775280e+03
3.818934  2.1371191801e+03  -5.4455917932e+01  2.1915750980e+03
3.820045  2.1447576923e+03  -5.4731868384e+01  2.1994895607e+03
3.821156  2.1524112671e+03  -5.5008916128e+01  2.2074201833e+03
3.822268  2.1600789936e+03  -5.5287034314e+01  2.2153660279e+03
3.823379  2.1677597777e+03  -5.5566192069e+01  2.2233259698e+03
3.824491  2.1754523639e+03  -5.5846355001e+01  2.2312987189e+03
3.825602  2.1831553590e+03  -5.6127485768e+01  2.2392828448e+03
3.826713  2.1908672588e+03  -5.6409544689e+01  2.2472768035e+03
3.827825  2.1985864768e+03  -5.6692490419e+01  2.2552789672e+03
3.828936  2.2063113741e+03  -5.6976280640e+01  2.2632876547e+03
3.830047  2.2140402902e+03  -5.7260872784e+01  2.2713011630e+03
3.831159  2.2217715739e+03  -5.7546224746e+01  2.2793177986e+03
3.832270  2.2295036136e+03  -5.7832295608e+01  2.2873359092e+03
3.833381  2.2372348665e+03  -5.8119046318e+01  2.2953539129e+03
3.834493  2.2449638865e+03  -5.8406440343e+01  2.3033703269e+03
3.835604  2.2526893488e+03  -5.8694444259e+01  2.3113837931e+03
3.836715  2.2604100724e+03  -5.8983028278e+01  2.3193931007e+03
3.837827  2.2681250390e+03  -5.9272166690e+01  2.3273972056e+03
3.838938  2.2758334076e+03  -5.9561838206e+01  2.3353952458e+03
3.840050  2.2835345258e+03  -5.9852026201e+01  2.3433865520e+03
3.841161  2.2912279357e+03  -6.0142718842e+01  2.3513706545e+03
3.842272  2.2989133753e+03  -6.0433909095e+01  2.3593472844e+03
3.843384  2.3065907759e+03  -6.0725594608e+01  2.3673163705e+03
3.844495  2.3142602538e+03  -6.1017777467e+01  2.3752780312e+03
3.845606  2.3219220979e+03  -6.1310463835e+01  2.3832325618e+03
3.846718  2.3295767530e+03  -6.1603663468e+01  2.3911804164e+03
3.847829  2.3372247981e+03  -6.1897389118e+01  2.3991221873e+03
3.848940  2.3448669228e+03  -6.2191655844e+01  2.4070585787e+03
3.850052  2.3525038986e+03  -6.2486480230e+01  2.4149903788e+03
3.851163  2.3601365487e+03  -6.2781879538e+01  2.4229184283e+03
3.852274  2.3677657160e+03  -6.3077870806e+01  2.4308435868e+03
3.853386  2.3753922289e+03  -6.3374469918e+01  2.4387666988e+03
3.854497  2.3830168676e+03  -6.3671690663e+01  2.4466885583e+03
3.855609  2.3906403302e+03  -6.3969543811e+01  2.4546098740e+03
3.856720  2.3982631995e+03  -6.4268036228e+01  2.4625312358e+03
3.857831  2.4058859123e+03  -6.4567170045e+01  2.4704530823e+03
3.858943  2.4135087304e+03  -6.4866941923e+01  2.4783756724e+03
3.860054  2.4211317156e+03  -6.5167342419e+01  2.4862990581e+03
3.861165  2.4287547078e+03  -6.5468355477e+01  2.4942230633e+03
3.862277  2.4363773078e+03  -6.5769958065e+01  2.5021472659e+03
3.863388  2.4439988649e+03  -6.6072119975e+01  2.5100709848e+03
3.864499  2.4516184696e+03  -6.6374803786e+01  2.5179932734e+03
3.865611  2.4592349520e+03  -6.6677965011e+01  2.5259129170e+03
3.866722  2.4668468854e+03  -6.6981552420e+01  2.5338284378e+03
3.867834  2.4744525957e+03  -6.7285508545e+01  2.5417381042e+03
3.868945  2.4820501761e+03  -6.7589770364e+01  2.5496399465e+03
3.870056  2.4896375077e+03  -6.7894270137e+01  2.5575317778e+03
3.871168  2.4972122838e+03  -6.8198936404e+01  2.5654112203e+03
3.872279  2.5047720403e+03  -6.8503695108e+01  2.5732757354e+03
3.873390  2.5123141879e+03  -6.8808470825e+01  2.5811226587e+03
3.874502  2.5198360496e+03  -6.9113188081e+01  2.5889492377e+03
3.875613  2.5273348993e+03  -6.9417772713e+01  2.5967526720e+03
3.876724  2.5348080025e+03  -6.9722153264e+01  2.6045301558e+03
3.877836  2.5422526579e+03  -7.0026262359e+01  2.6122789202e+03
3.878947  2.5496662388e+03  -7.0330038034e+01  2.6199962768e+03
3.880058  2.5570462337e+03  -7.0633424998e+01  2.6276796587e+03
3.881170  2.5643902852e+03  -7.0936375777e+01  2.6353266610e+03
3.882281  2.5716962259e+03  -7.1238851716e+01  2.6429350776e+03
3.883393  2.5789621112e+03  -7.1540823821e+01  2.6505029351e+03
3.884504  2.5861862481e+03  -7.1842273400e+01  2.6580285215e+03
3.885615  2.5933672188e+03  -7.2143192492e+01  2.6655104113e+03
3.886727  2.6005038994e+03  -7.2443584071e+01  2.6729474835e+03
3.887838  2.6075954731e+03  -7.2743462010e+01  2.6803389351e+03
3.888949  2.6146414367e+03  -7.3042850790e+01  2.6876842875e+03
3.890061  2.6216416019e+03  -7.3341784983e+01  2.6949833869e+03
3.891172  2.6285960897e+03  -7.3640308490e+01  2.7022363982e+03
3.892283  2.6355053194e+03  -7.3938473553e+01  2.7094437930e+03
3.893395  2.6423699914e+03  -7.4236339571e+01  2.7166063310e+03
3.894506  2.6491910648e+03  -7.4533971736e+01  2.7237250365e+03
3.895617  2.6559697300e+03  -7.4831439516e+01  2.7308011695e+03
3.896729  2.6627073775e+03  -7.5128815021e+01  2.7378361925e+03
3.897840  2.6694055619e+03  -7.5426171298e+01  2.7448317332e+03
3.898952  2.6760659649e+03  -7.5723580579e+01  2.7517895454e+03
3.900063  2.6826903543e+03  -7.6021112536e+01  2.7587114668e+03
3.901174  2.6892805436e+03  -7.6318832577e+01  2.7655993762e+03
3.902286  2.6958383503e+03  -7.6616800230e+01  2.7724551505e+03
3.903397  2.7023655553e+03  -7.6915067654e+01  2.7792806229e+03
3.904508  2.7088638635e+03  -7.7213678307e+01  2.7860775418e+03
3.905620  2.7153348673e+03  -7.7512665821e+01  2.7928475331e+03
3.906731  2.7217800123e+03  -7.7812053088e+01  2.7995920654e+03
3.907842  2.7282005676e+03  -7.8111851613e+01  2.8063124192e+03
3.908954  2.7345975998e+03  -7.8412061117e+01  2.8130096609e+03
3.910065  2.7409719523e+03  -7.8712669429e+01  2.8196846217e+03
3.911176  2.7473242288e+03  -7.9013652654e+01  2.8263378815e+03
3.912288  2.7536547836e+03  -7.9314975623e+01  2.8329697592e+03
3.913399  2.7599637157e+03  -7.9616592605e+01  2.8395803083e+03
3.914511  2.7662508695e+03  -7.9918448275e+01  2.8461693178e+03
3.915622  2.7725158400e+03  -8.0220478901e+01  2.8527363189e+03
3.916733  2.7787579831e+03  -8.0522613730e+01  2.8592805969e+03
3.917845  2.7849764306e+03  -8.0824776528e+01  2.8658012071e+03
3.918956  2.7911701085e+03  -8.1126887240e+01  2.8722969958e+03
3.920067  2.7973377597e+03  -8.1428863727e+01  2.8787666234e+03
3.921179  2.8034779683e+03  -8.1730623519e+01  2.8852085918e+03
3.922290  2.8095891867e+03  -8.2032085562e+01  2.8916212722e+03
3.923401  2.8156697633e+03  -8.2333171881e+01  2.8980029351e+03
3.924513  2.8217179712e+03  -8.2633809142e+01  2.9043517804e+03
3.925624  2.8277320364e+03  -8.2933930047e+01  2.9106659665e+03
3.926735  2.8337101645e+03  -8.3233474536e+01  2.9169436390e+03
3.927847  2.8396505663e+03  -8.3532390756e+01  2.9231829571e+03
3.928958  2.8455514812e+03  -8.3830635765e+01  2.9293821169e+03
3.930070  2.8514111965e+03  -8.4128175963e+01  2.9355393724e+03
3.931181  2.8572280652e+03  -8.4424987215e+01  2.9416530524e+03
3.932292  2.8630005187e+03  -8.4721054681e+01  2.9477215734e+03
3.933404  2.8687270762e+03  -8.5016372338e+01  2.9537434485e+03
3.934515  2.8744063500e+03  -8.5310942217e+01  2.9597172923e+03
3.935626  2.8800370474e+03  -8.5604773369e+01  2.9656418208e+03
3.936738  2.8856179675e+03  -8.5897880583e+01  2.9715158481e+03
3.937849  2.8911479957e+03  -8.6190282893e+01  2.9773382786e+03
3.938960  2.8966260945e+03  -8.6482001922e+01  2.9831080964e+03
3.940072  2.9020512908e+03  -8.6773060088e+01  2.9888243509e+03
3.941183  2.9074226623e+03  -8.7063478747e+01  2.9944861411e+03
3.942294  2.9127393208e+03  -8.7353276305e+01  3.0000925971e+03
3.943406  2.9180003951e+03  -8.7642466358e+01  3.0056428615e+03
3.944517  2.9232050135e+03  -8.7931055930e+01  3.0111360694e+03
3.945629  2.9283522858e+03  -8.8219043829e+01  3.0165713297e+03
3.946740  2.9334412871e+03  -8.8506419205e+01  3.0219477063e+03
3.947851  2.9384710421e+03  -8.8793160332e+01  3.0272642024e+03
3.948963  2.9434405117e+03  -8.9079233660e+01  3.0325197454e+03
3.950074  2.9483485827e+03  -8.9364593174e+01  3.0377131758e+03
3.951185  2.9531940588e+03  -8.9649180082e+01  3.0428432389e+03
3.952297  2.9579756568e+03  -8.9932922843e+01  3.0479085796e+03
3.953408  2.9626920042e+03  -9.0215737551e+01  3.0529077417e+03
3.954519  2.9673416417e+03  -9.0497528668e+01  3.0578391704e+03
3.955631  2.9719230289e+03  -9.0778190091e+01  3.0627012190e+03
3.956742  2.9764345525e+03  -9.1057606544e+01  3.0674921591e+03
3.957854  2.9808745389e+03  -9.1335655244e+01  3.0722101942e+03
3.958965  2.9852412688e+03  -9.1612207828e+01  3.0768534766e+03
3.960076  2.9895329944e+03  -9.1887132473e+01  3.0814201268e+03
3.961188  2.9937479585e+03  -9.2160296169e+01  3.0859082546e+03
3.962299  2.9978844152e+03  -9.2431567089e+01  3.0903159823e+03
3.963410  3.0019406512e+03  -9.2700816988e+01  3.0946414682e+03
3.964522  3.0059150069e+03  -9.2967923581e+01  3.0988829305e+03
3.965633  3.0098058974e+03  -9.3232772823e+01  3.1030386703e+03
3.966744  3.0136118326e+03  -9.3495261047e+01  3.1071070937e+03
3.967856  3.0173314350e+03  -9.3755296889e+01  3.1110867319e+03
3.968967  3.0209634554e+03  -9.4012802963e+01  3.1149762583e+03
3.970078  3.0245067864e+03  -9.4267717216e+01  3.1187745036e+03
3.971190  3.0279604722e+03  -9.4519993959e+01  3.1224804661e+03
3.972301  3.0313237149e+03  -9.4769604505e+01  3.1260933194e+03
3.973413  3.0345958781e+03  -9.5016537429e+01  3.1296124155e+03
3.974524  3.0377764853e+03  -9.5260798415e+01  3.1330372837e+03
3.975635  3.0408652161e+03  -9.5502409707e+01  3.1363676259e+03
3.976747  3.0438618982e+03  -9.5741409161e+01  3.1396033074e+03
3.977858  3.0467664958e+03  -9.5977848939e+01  3.1427443448e+03
3.978969  3.0495790958e+03  -9.6211793851e+01  3.1457908897e+03
3.980081  3.0522998912e+03  -9.6443319412e+01  3.1487432106e+03
3.981192  3.0549291623e+03  -9.6672509644e+01  3.1516016719e+03
3.982303  3.0574672573e+03  -9.6899454692e+01  3.1543667120e+03
3.983415  3.0599145717e+03  -9.7124248307e+01  3.1570388200e+03
3.984526  3.0622715276e+03  -9.7346985264e+01  3.1596185128e+03
3.985637  3.0645385543e+03  -9.7567758787e+01  3.1621063131e+03
3.986749  3.0667160698e+03  -9.7786658036e+01  3.1645027278e+03
3.987860  3.0688044644e+03  -9.8003765747e+01  3.1668082301e+03
3.988972  3.0708040870e+03  -9.8219156051e+01  3.1690232431e+03
3.990083  3.0727152347e+03  -9.8432892569e+01  3.1711481272e+03
3.991194  3.0745381452e+03  -9.8645026804e+01  3.1731831720e+03
3.992306  3.0762729942e+03  -9.8855596890e+01  3.1751285911e+03
3.993417  3.0779198956e+03  -9.9064626720e+01  3.1769845223e+03
3.994528  3.0794789068e+03  -9.9272125488e+01  3.1787510323e+03
3.995640  3.0809500374e+03  -9.9478087648e+01  3.1804281250e+03
3.996751  3.0823332620e+03  -9.9682493288e+01  3.1820157553e+03
3.997862  3.0836285366e+03  -9.9885308925e+01  3.1835138456e+03
3.998974  3.0848358178e+03  -1.0008648867e+02  3.1849223065e+03
4.000085  3.0859550846e+03  -1.0028597578e+02  3.1862410604e+03
4.001196  3.0869863621e+03  -1.0048370444e+02  3.1874700666e+03
4.002308  3.0879297464e+03  -1.0067960196e+02  3.1886093484e+03
4.003419  3.0887854295e+03  -1.0087359095e+02  3.1896590205e+03
4.004531  3.0895537239e+03  -1.0106559188e+02  3.1906193158e+03
4.005642  3.0902350857e+03  -1.0125552548e+02  3.1914906112e+03
4.006753  3.0908301356e+03  -1.0144331529e+02  3.1922734508e+03
4.007865  3.0913396764e+03  -1.0162889008e+02  3.1929685665e+03
4.008976  3.0917647078e+03  -1.0181218609e+02  3.1935768939e+03
4.010087  3.0921064354e+03  -1.0199314916e+02  3.1940995846e+03
4.011199  3.0923662756e+03  -1.0217173645e+02  3.1945380120e+03
4.012310  3.0925458548e+03  -1.0234791797e+02  3.1948937727e+03
4.013421  3.0926470030e+03  -1.0252167767e+02  3.1951686807e+03
4.014533  3.0926717416e+03  -1.0269301413e+02  3.1953647557e+03
4.015644  3.0926222649e+03  -1.0286194087e+02  3.1954842057e+03
4.016755  3.0925009166e+03  -1.0302848619e+02  3.1955294028e+03
4.017867  3.0923101608e+03  -1.0319269259e+02  3.1955028534e+03
4.018978  3.0920525482e+03  -1.0335461575e+02  3.1954071640e+03
4.020090  3.0917306781e+03  -1.0351432318e+02  3.1952450013e+03
4.021201  3.0913471572e+03  -1.0367189241e+02  3.1950190496e+03
4.022312  3.0909045562e+03  -1.0382740898e+02  3.1947319652e+03
4.023424  3.0904053645e+03  -1.0398096412e+02  3.1943863286e+03
4.024535  3.0898519452e+03  -1.0413265221e+02  3.1939845974e+03
4.025646  3.0892464904e+03  -1.0428256821e+02  3.1935290586e+03
4.026758  3.0885909787e+03  -1.0443080493e+02  3.1930217836e+03
4.027869  3.0878871354e+03  -1.0457745043e+02  3.1924645858e+03
4.028980  3.0871363974e+03  -1.0472258542e+02  3.1918589828e+03
4.030092  3.0863398820e+03  -1.0486628095e+02  3.1912061629e+03
4.031203  3.0854983631e+03  -1.0500859621e+02  3.1905069593e+03
4.032314  3.0846122527e+03  -1.0514957673e+02  3.1897618295e+03
4.033426  3.0836815906e+03  -1.0528925291e+02  3.1889708436e+03
4.034537  3.0827060411e+03  -1.0542763888e+02  3.1881336800e+03
4.035649  3.0816848979e+03  -1.0556473188e+02  3.1872496298e+03
4.036760  3.0806170966e+03  -1.0570051202e+02  3.1863176086e+03
4.037871  3.0795012354e+03  -1.0583494256e+02  3.1853361780e+03
4.038983  3.0783356026e+03  -1.0596797055e+02  3.1843035732e+03
4.040094  3.0771182112e+03  -1.0609952795e+02  3.1832177392e+03
4.041205  3.0758468391e+03  -1.0622953318e+02  3.1820763722e+03
4.042317  3.0745190747e+03  -1.0635789296e+02  3.1808769676e+03
4.043428  3.0731323666e+03  -1.0648450447e+02  3.1796168711e+03
4.044539  3.0716840758e+03  -1.0660925777e+02  3.1782933336e+03
4.045651  3.0701715297e+03  -1.0673203840e+02  3.1769035681e+03
4.046762  3.0685920757e+03  -1.0685273002e+02  3.1754448057e+03
4.047874  3.0669431350e+03  -1.0697121709e+02  3.1739143521e+03
4.048985  3.0652222524e+03  -1.0708738755e+02  3.1723096399e+03
4.050096  3.0634271432e+03  -1.0720113525e+02  3.1706282784e+03
4.051208  3.0615557353e+03  -1.0731236223e+02  3.1688680975e+03
4.052319  3.0596062044e+03  -1.0742098075e+02  3.1670271852e+03
4.053430  3.0575770032e+03  -1.0752691487e+02  3.1651039181e+03
4.054542  3.0554668820e+03  -1.0763010175e+02  3.1630969837e+03
4.055653  3.0532749013e+03  -1.0773049244e+02  3.1610053938e+03
4.056764  3.0510004362e+03  -1.0782805222e+02  3.1588284884e+03
4.057876  3.0486431709e+03  -1.0792276051e+02  3.1565659314e+03
4.058987  3.0462030856e+03  -1.0801461024e+02  3.1542176958e+03
4.060098  3.0436804342e+03  -1.0810360677e+02  3.1517840409e+03
4.061210  3.0410757145e+03  -1.0818976646e+02  3.1492654810e+03
4.062321  3.0383896319e+03  -1.0827311468e+02  3.1466627465e+03
4.063433  3.0356230555e+03  -1.0835368368e+02  3.1439767392e+03
4.064544  3.0327769715e+03  -1.0843150999e+02  3.1412084815e+03
4.065655  3.0298524306e+03  -1.0850663179e+02  3.1383590623e+03
4.066767  3.0268504951e+03  -1.0857908602e+02  3.1354295811e+03
4.067878  3.0237721844e+03  -1.0864890554e+02  3.1324210900e+03
4.068989  3.0206184212e+03  -1.0871611631e+02  3.1293345375e+03
4.070101  3.0173899802e+03  -1.0878073471e+02  3.1261707149e+03
4.071212  3.0140874406e+03  -1.0884276507e+02  3.1229302057e+03
4.072323  3.0107111438e+03  -1.0890219755e+02  3.1196133413e+03
4.073435  3.0072611572e+03  -1.0895900634e+02  3.1162201635e+03
4.074546  3.0037372460e+03  -1.0901314835e+02  3.1127503943e+03
4.075657  3.0001388530e+03  -1.0906456236e+02  3.1092034154e+03
4.076769  2.9964650881e+03  -1.0911316870e+02  3.1055782568e+03
4.077880  2.9927147265e+03  -1.0915886953e+02  3.1018735960e+03
4.078992  2.9888862180e+03  -1.0920154961e+02  3.0980877676e+03
4.080103  2.9849777054e+03  -1.0924107769e+02  3.0942187831e+03
4.081214  2.9809870522e+03  -1.0927730842e+02  3.0902643606e+03
4.082326  2.9769118797e+03  -1.0931008472e+02  3.0862219644e+03
4.083437  2.9727496122e+03  -1.0933924063e+02  3.0820888528e+03
4.084548  2.9684975292e+03  -1.0936460451e+02  3.0778621337e+03
4.085660  2.9641528232e+03  -1.0938600258e+02  3.0735388258e+03
4.086771  2.9597126625e+03  -1.0940326256e+02  3.0691159250e+03
4.087882  2.9551742563e+03  -1.0941621758e+02  3.0645904739e+03
4.088994  2.9505349216e+03  -1.0942470994e+02  3.0599596315e+03
4.090105  2.9457921487e+03  -1.0942859487e+02  3.0552207436e+03
4.091216  2.9409436657e+03  -1.0942774408e+02  3.0503714098e+03
4.092328  2.9359874978e+03  -1.0942204896e+02  3.0454095468e+03
4.093439  2.9309220220e+03  -1.0941142346e+02  3.0403334455e+03
4.094551  2.9257460141e+03  -1.0939580645e+02  3.0351418205e+03
4.095662  2.9204586874e+03  -1.0937516350e+02  3.0298338509e+03
4.096773  2.9150597223e+03  -1.0934948814e+02  3.0244092104e+03
4.097885  2.9095492843e+03  -1.0931880234e+02  3.0188680867e+03
4.098996  2.9039280323e+03  -1.0928315642e+02  3.0132111887e+03
4.100107  2.8981971136e+03  -1.0924262817e+02  3.0074397417e+03
4.101219  2.8923581484e+03  -1.0919732132e+02  3.0015554697e+03
4.102330  2.8864132025e+03  -1.0914736335e+02  2.9955605659e+03
4.103441  2.8803647486e+03  -1.0909290264e+02  2.9894576512e+03
4.104553  2.8742156173e+03  -1.0903410509e+02  2.9832497224e+03
4.105664  2.8679689393e+03  -1.0897115023e+02  2.9769400895e+03
4.106775  2.8616280788e+03  -1.0890422690e+02  2.9705323057e+03
4.107887  2.8551965607e+03  -1.0883352871e+02  2.9640300894e+03
4.108998  2.8486779931e+03  -1.0875924920e+02  2.9574372423e+03
4.110110  2.8420759859e+03  -1.0868157702e+02  2.9507575629e+03
4.111221  2.8353940687e+03  -1.0860069105e+02  2.9439947598e+03
4.112332  2.8286356092e+03  -1.0851675576e+02  2.9371523650e+03
4.113444  2.8218037338e+03  -1.0842991683e+02  2.9302336507e+03
4.114555  2.8149012533e+03  -1.0834029709e+02  2.9232415504e+03
4.115666  2.8079305936e+03  -1.0824799301e+02  2.9161785866e+03
4.116778  2.8008937358e+03  -1.0815307173e+02  2.9090468076e+03
4.117889  2.7937921640e+03  -1.0805556875e+02  2.9018477327e+03
4.119000  2.7866268243e+03  -1.0795548631e+02  2.8945823106e+03
4.120112  2.7793980955e+03  -1.0785279254e+02  2.8872508881e+03
4.121223  2.7721057715e+03  -1.0774742134e+02  2.8798531928e+03
4.122335  2.7647490560e+03  -1.0763927307e+02  2.8723883290e+03
4.123446  2.7573265705e+03  -1.0752821596e+02  2.8648547865e+03
4.124557  2.7498363745e+03  -1.0741408830e+02  2.8572504629e+03
4.125669  2.7422759974e+03  -1.0729670123e+02  2.8495726986e+03
4.126780  2.7346424814e+03  -1.0717584212e+02  2.8418183236e+03
4.127891  2.7269324354e+03  -1.0705127856e+02  2.8339837140e+03
4.129003  2.7191420963e+03  -1.0692276264e+02  2.8260648589e+03
4.130114  2.7112673986e+03  -1.0679003559e+02  2.8180574342e+03
4.131225  2.7033040491e+03  -1.0665283260e+02  2.8099568817e+03
4.132337  2.6952476053e+03  -1.0651088771e+02  2.8017584930e+03
4.133448  2.6870935561e+03  -1.0636393862e+02  2.7934574947e+03
4.134559  2.6788374015e+03  -1.0621173134e+02  2.7850491328e+03
4.135671  2.6704747315e+03  -1.0605402457e+02  2.7765287561e+03
4.136782  2.6620013006e+03  -1.0589059362e+02  2.7678918942e+03
4.137894  2.6534130963e+03  -1.0572123391e+02  2.7591343302e+03
4.139005  2.6447064015e+03  -1.0554576386e+02  2.7502521654e+03
4.140116  2.6358778480e+03  -1.0536402712e+02  2.7412418751e+03
4.141228  2.6269244598e+03  -1.0517589419e+02  2.7321003540e+03
4.142339  2.6178436874e+03  -1.0498126323e+02  2.7228249506e+03
4.143450  2.6086334290e+03  -1.0478006023e+02  2.7134134893e+03
4.144562  2.5992920425e+03  -1.0457223840e+02  2.7038642809e+03
4.145673  2.5898183444e+03  -1.0435777687e+02  2.6941761212e+03
4.146784  2.5802115981e+03  -1.0413667885e+02  2.6843482770e+03
4.147896  2.5704714926e+03  -1.0390896909e+02  2.6743804617e+03
4.149007  2.5605981096e+03  -1.0367469088e+02  2.6642728005e+03
4.150118  2.5505918843e+03  -1.0343390271e+02  2.6540257870e+03
4.151230  2.5404535568e+03  -1.0318667454e+02  2.6436402314e+03
4.152341  2.5301841194e+03  -1.0293308395e+02  2.6331172034e+03
4.153453  2.5197847586e+03  -1.0267321214e+02  2.6224579708e+03
4.154564  2.5092567955e+03  -1.0240714003e+02  2.6116639355e+03
4.155675  2.4986016246e+03  -1.0213494450e+02  2.6007365691e+03
4.156787  2.4878206550e+03  -1.0185669485e+02  2.5896773499e+03
4.157898  2.4769152532e+03  -1.0157244967e+02  2.5784877029e+03
4.159009  2.4658866911e+03  -1.0128225414e+02  2.5671689452e+03
4.160121  2.4547360995e+03  -1.0098613783e+02  2.5557222373e+03
4.161232  2.4434644294e+03  -1.0068411312e+02  2.5441485425e+03
4.162343  2.4320724211e+03  -1.0037617424e+02  2.5324485953e+03
4.163455  2.4205605828e+03  -1.0006229697e+02  2.5206228798e+03
4.164566  2.4089291791e+03  -9.9742438936e+01  2.5086716181e+03
4.165677  2.3971782293e+03  -9.9416540669e+01  2.4965947699e+03
4.166789  2.3853075158e+03  -9.9084527175e+01  2.4843920430e+03
4.167900  2.3733166032e+03  -9.8746310118e+01  2.4720629133e+03
4.169012  2.3612048655e+03  -9.8401790495e+01  2.4596066560e+03
4.170123  2.3489715227e+03  -9.8050861734e+01  2.4470223844e+03
4.171234  2.3366156846e+03  -9.7693413115e+01  2.4343090977e+03
4.172346  2.3241364010e+03  -9.7329333424e+01  2.4214657344e+03
4.173457  2.3115327163e+03  -9.6958514726e+01  2.4084912310e+03
4.174568  2.2988037280e+03  -9.6580856150e+01  2.3953845841e+03
4.175680  2.2859486459e+03  -9.6196267570e+01  2.3821449134e+03
4.176791  2.2729668520e+03  -9.5804673081e+01  2.3687715251e+03
4.177902  2.2598579583e+03  -9.5406014160e+01  2.3552639725e+03
4.179014  2.2466218606e+03  -9.5000252428e+01  2.3416221130e+03
4.180125  2.2332587877e+03  -9.4587371924e+01  2.3278461597e+03
4.181236  2.2197693443e+03  -9.4167380827e+01  2.3139367251e+03
4.182348  2.2061545453e+03  -9.3740312573e+01  2.2998948578e+03
4.183459  2.1924158419e+03  -9.3306226341e+01  2.2857220683e+03
4.184571  2.1785551382e+03  -9.2865206871e+01  2.2714203450e+03
4.185682  2.1645747964e+03  -9.2417363648e+01  2.2569921600e+03
4.186793  2.1504776330e+03  -9.1962829440e+01  2.2424404624e+03
4.187905  2.1362669035e+03  -9.1501758262e+01  2.2277686618e+03
4.189016  2.1219462770e+03  -9.1034322794e+01  2.2129805998e+03
4.190127  2.1075198015e+03  -9.0560711345e+01  2.1980805129e+03
4.191239  2.0929918599e+03  -9.0081124437e+01  2.1830729843e+03
4.192350  2.0783671183e+03  -8.9595771116e+01  2.1679628894e+03
4.193461  2.0636504684e+03  -8.9104865080e+01  2.1527553335e+03
4.194573  2.0488469638e+03  -8.8608620742e+01  2.1374555846e+03
4.195684  2.0339617537e+03  -8.8107249344e+01  2.1220690030e+03
4.196795  2.0190000142e+03  -8.7600955220e+01  2.1066009694e+03
4.197907  2.0039668803e+03  -8.7089932323e+01  2.0910568126e+03
4.199018  1.9888673789e+03  -8.6574361108e+01  2.0754417400e+03
4.200130  1.9737063657e+03  -8.6054405870e+01  2.0597607715e+03
4.201241  1.9584884667e+03  -8.5530212596e+01  2.0440186793e+03
4.202352  1.9432180269e+03  -8.5001907406e+01  2.0282199343e+03
4.203464  1.9278990663e+03  -8.4469595620e+01  2.0123686619e+03
4.204575  1.9125352449e+03  -8.3933361477e+01  1.9964686063e+03
4.205686  1.8971298377e+03  -8.3393268511e+01  1.9805231062e+03
4.206798  1.8816857205e+03  -8.2849360582e+01  1.9645350811e+03
4.207909  1.8662053657e+03  -8.2301663517e+01  1.9485070292e+03
4.209020  1.8506908497e+03  -8.1750187319e+01  1.9324410370e+03
4.210132  1.8351438705e+03  -8.1194928885e+01  1.9163387994e+03
4.211243  1.8195657758e+03  -8.0635875142e+01  1.9002016510e+03
4.212355  1.8039576000e+03  -8.0073006515e+01  1.8840306065e+03
4.213466  1.7883201099e+03  -7.9506300625e+01  1.8678264106e+03
4.214577  1.7726538576e+03  -7.8935736107e+01  1.8515895937e+03
4.215689  1.7569592383e+03  -7.8361296435e+01  1.8353205348e+03
4.216800  1.7412365537e+03  -7.7782973641e+01  1.8190195273e+03
4.217911  1.7254860757e+03  -7.7200771818e+01  1.8026868475e+03
4.219023  1.7097081130e+03  -7.6614710300e+01  1.7863228233e+03
4.220134  1.6939030750e+03  -7.6024826428e+01  1.7699279014e+03
4.221245  1.6780715335e+03  -7.5431177809e+01  1.7535027113e+03
4.222357  1.6622142799e+03  -7.4833844010e+01  1.7370481239e+03
4.223468  1.6463323763e+03  -7.4232927615e+01  1.7205653039e+03
4.224579  1.6304271993e+03  -7.3628554630e+01  1.7040557539e+03
4.225691  1.6145004749e+03  -7.3020874203e+01  1.6875213491e+03
4.226802  1.5985543041e+03  -7.2410057659e+01  1.6709643617e+03
4.227914  1.5825911783e+03  -7.1796296885e+01  1.6543874752e+03
4.229025  1.5666139839e+03  -7.1179802092e+01  1.6377937860e+03
4.230136  1.5506259954e+03  -7.0560799015e+01  1.6211867944e+03
4.231248  1.5346308590e+03  -6.9939525627e+01  1.6045703846e+03
4.232359  1.5186325647e+03  -6.9316228448e+01  1.5879487932e+03
4.233470  1.5026354091e+03  -6.8691158561e+01  1.5713265676e+03
4.234582  1.4866439493e+03  -6.8064567427e+01  1.5547085168e+03
4.235693  1.4706629496e+03  -6.7436702625e+01  1.5380996522e+03
4.236804  1.4546973208e+03  -6.6807803627e+01  1.5215051245e+03
4.237916  1.4387520559e+03  -6.6178097730e+01  1.5049301537e+03
4.239027  1.4228321616e+03  -6.5547796249e+01  1.4883799578e+03
4.240138  1.4069425887e+03  -6.4917091079e+01  1.4718596798e+03
4.241250  1.3910881627e+03  -6.4286151729e+01  1.4553743144e+03
4.242361  1.3752735161e+03  -6.3655122893e+01  1.4389286390e+03
4.243473  1.3595030245e+03  -6.3024122642e+01  1.4225271472e+03
4.244584  1.3437807475e+03  -6.2393241269e+01  1.4061739887e+03
4.245695  1.3281103762e+03  -6.1762540841e+01  1.3898729170e+03
4.246807  1.3124951892e+03  -6.1132055446e+01  1.3736272446e+03
4.247918  1.2969380162e+03  -6.0501792146e+01  1.3574398084e+03
4.249029  1.2814412127e+03  -5.9871732594e+01  1.3413129452e+03
4.250141  1.2660066434e+03  -5.9241835289e+01  1.3252484787e+03
4.251252  1.2506356780e+03  -5.8612038381e+01  1.3092477163e+03
4.252363  1.2353291959e+03  -5.7982262967e+01  1.2933114588e+03
4.253475  1.2200876025e+03  -5.7352416779e+01  1.2774400193e+03
4.254586  1.2049108550e+03  -5.6722398166e+01  1.2616332531e+03
4.255697  1.1897984973e+03  -5.6092100244e+01  1.2458905975e+03
4.256809  1.1747497036e+03  -5.5461415124e+01  1.2302111188e+03
4.257920  1.1597633289e+03  -5.4830238086e+01  1.2145935670e+03
4.259032  1.1448379652e+03  -5.4198471578e+01  1.1990364368e+03
4.260143  1.1299720026e+03  -5.3566028959e+01  1.1835380315e+03
4.261254  1.1151636929e+03  -5.2932837847e+01  1.1680965308e+03
4.262366  1.1004112151e+03  -5.2298843023e+01  1.1527100581e+03
4.263477  1.0857127397e+03  -5.1664008782e+01  1.1373767485e+03
4.264588  1.0710664927e+03  -5.1028320693e+01  1.1220948134e+03
4.265700  1.0564708149e+03  -5.0391786713e+01  1.1068626016e+03
4.266811  1.0419242175e+03  -4.9754437644e+01  1.0916786551e+03
4.267922  1.0274254316e+03  -4.9116326917e+01  1.0765417585e+03
4.269034  1.0129734511e+03  -4.8477529727e+01  1.0614509808e+03
4.270145  9.9856756734e+02  -4.7838141551e+01  1.0464057089e+03
4.271256  9.8420739580e+02  -4.7198276098e+01  1.0314056719e+03
4.272368  9.6989289394e+02  -4.6558062772e+01  1.0164509567e+03
4.273479  9.5562436998e+02  -4.5917643709e+01  1.0015420137e+03
4.274591  9.4140248283e+02  -4.5277170506e+01  9.8667965334e+02
4.275702  9.2722823339e+02  -4.4636800737e+01  9.7186503412e+02
4.276813  9.1310294772e+02  -4.3996694357e+01  9.5709964208e+02
4.277925  8.9902825285e+02  -4.3357010120e+01  9.4238526297e+02
4.279036  8.8500604594e+02  -4.2717902116e+01  9.2772394806e+02
4.280147  8.7103845807e+02  -4.2079516534e+01  9.1311797460e+02
4.281259  8.5712781356e+02  -4.1441988762e+01  8.9856980232e+02
4.282370  8.4327658631e+02  -4.0805440890e+01  8.8408202720e+02
4.283481  8.2948735419e+02  -4.0169979731e+01  8.6965733392e+02
4.284593  8.1576275300e+02  -3.9535695382e+01  8.5529844838e+02
4.285704  8.0210543119e+02  -3.8902660406e+01  8.4100809160e+02
4.286815  7.8851800658e+02  -3.8270929636e+01  8.2678893622e+02
4.287927  7.7500302622e+02  -3.7640540627e+01  8.1264356685e+02
4.289038  7.6156293044e+02  -3.7011514731e+01  7.9857444517e+02
4.290150  7.4820002197e+02  -3.6383858776e+01  7.8458388075e+02
4.291261  7.3491644083e+02  -3.5757567290e+01  7.7067400812e+02
4.292372  7.2171414555e+02  -3.5132625211e+01  7.5684677076e+02
4.293484  7.0859490103e+02  -3.4509010999e+01  7.4310391203e+02
4.294595  6.9556027326e+02  -3.3886700057e+01  7.2944697332e+02
4.295706  6.8261163077e+02  -3.3265668357e+01  7.1587729913e+02
4.296818  6.6975015259e+02  -3.2645896162e+01  7.0239604876e+02
4.297929  6.5697684231e+02  -3.2027371734e+01  6.8900421405e+02
4.299040  6.4429254766e+02  -3.1410094898e+01  6.7570264256e+02
4.300152  6.3169798478e+02  -3.0794080379e+01  6.6249206516e+02
4.301263  6.1919376647e+02  -3.0179360778e+01  6.4937312725e+02
4.302375  6.0678043327e+02  -2.9565989116e+01  6.3634642239e+02
4.303486  5.9445848651e+02  -2.8954040849e+01  6.2341252736e+02
4.304597  5.8222842214e+02  -2.8343615297e+01  6.1057203744e+02
4.305709  5.7009076439e+02  -2.7734836427e+01  5.9782560082e+02
4.306820  5.5804609808e+02  -2.7127852968e+01  5.8517395104e+02
4.307931  5.4609509868e+02  -2.6522837846e+01  5.7261793653e+02
4.309043  5.3423855925e+02  -2.5919986938e+01  5.6015854618e+02
4.310154  5.2247741328e+02  -2.5319517187e+01  5.4779693047e+02
4.311265  5.1081275303e+02  -2.4721664113e+01  5.3553441715e+02
4.312377  4.9924584257e+02  -2.4126678799e+01  5.2337252137e+02
4.313488  4.8777812535e+02  -2.3534824419e+01  5.1131294977e+02
4.314599  4.7641122602e+02  -2.2946372423e+01  4.9935759845e+02
4.315711  4.6514694650e+02  -2.2361598458e+01  4.8750854496e+02
4.316822  4.5398725638e+02  -2.1780778178e+01  4.7576803456e+02
4.317934  4.4293427808e+02  -2.1204183016e+01  4.6413846109e+02
4.319045  4.3199026705e+02  -2.0632076083e+01  4.5262234313e+02
4.320156  4.2115758779e+02  -2.0064708281e+01  4.4122229607e+02
4.321268  4.1043868624e+02  -1.9502314749e+01  4.2994100099e+02
4.322379  3.9983605941e+02  -1.8945111754e+01  4.1878117116e+02
4.323490  3.8935222314e+02  -1.8393294109e+01  4.0774551725e+02
4.324602  3.7898967884e+02  -1.7847033185e+01  3.9683671202e+02
4.325713  3.6875088020e+02  -1.7306475593e+01  3.8605735579e+02
4.326824  3.5863820078e+02  -1.6771742555e+01  3.7540994333e+02
4.327936  3.4865390326e+02  -1.6242929993e+01  3.6489683325e+02
4.329047  3.3880011136e+02  -1.5720109323e+01  3.5452022068e+02
4.330158  3.2907878496e+02  -1.5203328941e+01  3.4428211391e+02
4.331270  3.1949169919e+02  -1.4692616339e+01  3.3418431553e+02
4.332381  3.1004042788e+02  -1.4187980797e+01  3.2422840868e+02
4.333493  3.0072633181e+02  -1.3689416565e+01  3.1441574837e+02
4.334604  2.9155055195e+02  -1.3196906436e+01  3.0474745839e+02
4.335715  2.8251400776e+02  -1.2710425593e+01  2.9522443335e+02
4.336827  2.7361740042e+02  -1.2229945624e+01  2.8584734605e+02
4.337938  2.6486122084e+02  -1.1755438562e+01  2.7661665941e+02
4.339049  2.5624576203e+02  -1.1286880840e+01  2.6753264287e+02
4.340161  2.4777113532e+02  -1.0824257011e+01  2.5859539233e+02
4.341272  2.3943728991e+02  -1.0367563142e+01  2.4980485305e+02
4.342383  2.3124403496e+02  -9.9168097405e+00  2.4116084470e+02
4.343495  2.2319106354e+02  -9.4720241364e+00  2.3266308768e+02
4.344606  2.1527797756e+02  -9.0332522262e+00  2.2431122978e+02
4.345717  2.0750431294e+02  -8.6005595152e+00  2.1610487245e+02
4.346829  1.9986956417e+02  -8.1740314154e+00  2.0804359559e+02
4.347940  1.9237320747e+02  -7.7537727758e+00  2.0012698025e+02
4.349052  1.8501472178e+02  -7.3399066452e+00  1.9235462842e+02
4.350163  1.7779360698e+02  -6.9325722924e+00  1.8472617927e+02
4.351274  1.7070939882e+02  -6.5319225295e+00  1.7724132135e+02
4.352386  1.6376167996e+02  -6.1381204076e+00  1.6989980036e+02
4.353497  1.5695008694e+02  -5.7513353719e+00  1.6270142231e+02
4.354608  1.5027431285e+02  -5.3717389839e+00  1.5564605183e+02
4.355720  1.4373410556e+02  -4.9995003301e+00  1.4873360590e+02
4.356831  1.3732926178e+02  -4.6347812498e+00  1.4196404303e+02
4.357942  1.3105961693e+02  -4.2777315210e+00  1.3533734845e+02
4.359054  1.2492503149e+02  -3.9284841494e+00  1.2885351564e+02
4.360165  1.1892537394e+02  -3.5871509012e+00  1.2251252484e+02
4.361276  1.1306050118e+02  -3.2538182190e+00  1.1631431940e+02
4.362388  1.0733023696e+02  -2.9285436507e+00  1.1025878061e+02
4.363499  1.0173434896e+02  -2.6113529064e+00  1.0434570187e+02
4.364611  9.6272525536e+01  -2.3022376454e+00  9.8574763181e+01
4.365722  9.0944352687e+01  -2.0011540731e+00  9.2945506760e+01
4.366833  8.5749292176e+01  -1.7080224077e+00  8.7457314584e+01
4.367945  8.0686661526e+01  -1.4227272505e+00  8.2109388777e+01
4.369056  7.5755616614e+01  -1.1451188714e+00  7.6900735485e+01
4.370167  7.0955137498e+01  -8.7501539036e-01  7.1830152889e+01
4.371279  6.6284018048e+01  -6.1220581473e-01  6.6896223862e+01
4.372390  6.1740859795e+01  -3.5645386416e-01  6.2097313659e+01
4.373501  5.7324070356e+01  -1.0750249184e-01  5.7431572848e+01
4.374613  5.3031866593e+01  1.3492100969e-01  5.2896945584e+01
4.375724  4.8862282571e+01  3.7109944882e-01  4.8491183122e+01
4.376836  4.4813182222e+01  6.0131986664e-01  4.4211862355e+01
4.377947  4.0882276488e+01  8.2586751646e-01  4.0056408972e+01
4.379058  3.7067144573e+01  1.0450198540e+00  3.6022124719e+01
4.380170  3.3365258813e+01  1.2590407034e+00  3.2106218110e+01
4.381281  2.9774012585e+01  1.4681747617e+00  2.8305837823e+01
4.382392  2.6290750531e+01  1.6726425965e+00  2.4618107934e+01
4.383504  2.2912800359e+01  1.8726362817e+00  2.1040164077e+01
4.384615  1.9637505379e+01  2.0683157985e+00  1.7569189580e+01
4.385726  1.6462256925e+01  2.2598063096e+00  1.4202450616e+01
4.386838  1.3384525811e+01  2.4471963930e+00  1.0937329418e+01
4.387949  1.0401891962e+01  2.6305372945e+00  7.7713546672e+00
4.389060  7.5120714355e+00  2.8098432312e+00  4.7022282043e+00
4.390172  4.7129400825e+00  2.9850927496e+00  1.7278473329e+00
4.391283  2.0025531939e+00  3.1562311116e+00  -1.1536779176e+00
4.392395  -6.2083941135e-01  3.3231736547e+00  -3.9440130661e+00
4.393506  -3.1587832977e+00  3.4858100438e+00  -6.6445933414e+00
4.394617  -5.6126146200e+00  3.6440093045e+00  -9.2566239245e+00
4.395729  -7.9834607910e+00  3.7976255102e+00  -1.1781086301e+01
4.396840  -1.0272246623e+01  3.9465039683e+00  -1.4218750591e+01
4.397951  -1.2479705817e+01  4.0904877423e+00  -1.6570193560e+01
4.399063  -1.4606397523e+01  4.2294243307e+00  -1.8835821853e+01
4.400174  -1.6652727561e+01  4.3631723183e+00  -2.1015899880e+01
4.401285  -1.8618973784e+01  4.4916078163e+00  -2.3110581601e+01
4.402397  -2.0505314906e+01  4.6146305090e+00  -2.5119945415e+01
4.403508  -2.2311862089e+01  4.7321691335e+00  -2.7044031223e+01
4.404619  -2.4038692454e+01  4.8441862360e+00  -2.8882878690e+01
4.405731  -2.5685883653e+01  4.9506820622e+00  -3.0636565715e+01
4.406842  -2.7253548613e+01  5.0516974644e+00  -3.2305246077e+01
4.407954  -2.8741869540e+01  5.1473157334e+00  -3.3889185274e+01
4.409065  -3.0151130307e+01  5.2376632912e+00  -3.5388793598e+01
4.410176  -3.1481746378e+01  5.3229092109e+00  -3.6804655589e+01
4.411288  -3.2734291503e+01  5.4032635641e+00  -3.8137555067e+01
4.412399  -3.3909520477e+01  5.4789746253e+00  -3.9388495102e+01
4.413510  -3.5008387381e+01  5.5503249971e+00  -4.0558712378e+01
4.414622  -3.6032058835e+01  5.6176267482e+00  -4.1649685584e+01
4.415733  -3.6981921925e+01  5.6812156853e+00  -4.2663137611e+01
4.416844  -3.7859586590e+01  5.7414449038e+00  -4.3601031494e+01
4.417956  -3.8666882425e+01  5.7986777853e+00  -4.4465560211e+01
4.419067  -3.9405849984e+01  5.8532806221e+00  -4.5259130606e+01
4.420178  -4.0078726801e+01  5.9056150663e+00  -4.5984341867e+01
4.421290  -4.0687928513e+01  5.9560306031e+00  -4.6643959116e+01
4.422401  -4.1236025551e+01  6.0048572507e+00  -4.7240882801e+01
4.423513  -4.1725716014e+01  6.0523986849e+00  -4.7778114699e+01
4.424624  -4.2159795419e+01  6.0989259749e+00  -4.8258721394e+01
4.425735  -4.2541124086e+01  6.1446721048e+00  -4.8685796191e+01
4.426847  -4.2872592999e+01  6.1898274304e+00  -4.9062420429e+01
4.427958  -4.3157088989e+01  6.2345362023e+00  -4.9391625191e+01
4.429069  -4.3397460117e+01  6.2788942528e+00  -4.9676354369e+01
4.430181  -4.3596482103e+01  6.3229479181e+00  -4.9919430021e+01
4.431292  -4.3756826634e+01  6.3666942302e+00  -5.0123520864e+01
4.432403  -4.3881032307e+01  6.4100823823e+00  -5.0291114690e+01
4.433515  -4.3971478900e+01  6.4530164342e+00  -5.0424495334e+01
4.434626  -4.4030365568e+01  6.4953591920e+00  -5.0525724760e+01
4.435737  -4.4059693454e+01  6.5369371653e+00  -5.0596630620e+01
4.436849  -4.4061253081e+01  6.5775464731e+00  -5.0638799554e+01
4.437960  -4.4036616770e+01  6.6169595452e+00  -5.0653576315e+01
4.439072  -4.3987136198e+01  6.6549324437e+00  -5.0642068641e+01
4.440183  -4.3913945056e+01  6.6912126118e+00  -5.0605157668e+01
4.441294  -4.3817966678e+01  6.7255468434e+00  -5.0543513521e+01
4.442406  -4.3699926324e+01  6.7576892638e+00  -5.0457615588e+01
4.443517  -4.3560367757e+01  6.7874091067e+00  -5.0347776864e+01
4.444628  -4.3399673580e+01  6.8144980817e+00  -5.0214171662e+01
4.445740  -4.3218088753e+01  6.8387771352e+00  -5.0056865888e+01
4.446851  -4.3015746621e+01  6.8601024227e+00  -4.9875849044e+01
4.447962  -4.2792696738e+01  6.8783703352e+00  -4.9671067073e+01
4.449074  -4.2548933711e+01  6.8935214441e+00  -4.9442455155e+01
4.450185  -4.2284426319e+01  6.9055432605e+00  -4.9189969580e+01
4.451296  -4.1999146119e+01  6.9144717372e+00  -4.8913617856e+01
4.452408  -4.1693094811e+01  6.9203914748e+00  -4.8613486286e+01
4.453519  -4.1366329670e+01  6.9234346289e+00  -4.8289764299e+01
4.454631  -4.1018986404e+01  6.9237785532e+00  -4.7942764957e+01
4.455742  -4.0651298892e+01  6.9216422436e+00  -4.7572941136e+01
4.456853  -4.0263615341e+01  6.9172816868e+00  -4.7180897027e+01
4.457965  -3.9856410490e+01  6.9109842411e+00  -4.6767394732e+01
4.459076  -3.9430293640e+01  6.9030622090e+00  -4.6333355849e+01
4.460187  -3.8986012334e+01  6.8938457794e+00  -4.5879858113e+01
4.461299  -3.8524451708e+01  6.8836755373e+00  -4.5408127245e+01
4.462410  -3.8046629585e+01  6.8728947477e+00  -4.4919524333e+01
4.463521  -3.7553687522e+01  6.8618416297e+00  -4.4415529152e+01
4.464633  -3.7046878124e+01  6.8508418339e+00  -4.3897719958e+01
4.465744  -3.6527549020e+01  6.8402013314e+00  -4.3367750351e+01
4.466856  -3.5997123982e+01  6.8301999119e+00  -4.2827323894e+01
4.467967  -3.5457081736e+01  6.8210854676e+00  -4.2278167203e+01
4.469078  -3.4908933054e+01  6.8130692217e+00  -4.1722002275e+01
4.470190  -3.4354196767e+01  6.8063220299e+00  -4.1160518797e+01
4.471301  -3.3794375330e+01  6.8009718540e+00  -4.0595347184e+01
4.472412  -3.3230930598e+01  6.7971024734e+00  -4.0028033071e+01
4.473524  -3.2665260418e+01  6.7947534657e+00  -3.9460013884e+01
4.474635  -3.2098676650e+01  6.7939214494e+00  -3.8892598099e+01
4.475746  -3.1532385137e+01  6.7945625472e+00  -3.8326947684e+01
4.476858  -3.0967468118e+01  6.7965959945e+00  -3.7764064112e+01
4.477969  -3.0404869472e+01  6.7999087815e+00  -3.7204778254e+01
4.479080  -2.9845383133e+01  6.8043611911e+00  -3.6649744324e+01
4.480192  -2.9289644888e+01  6.8097930668e+00  -3.6099437955e+01
4.481303  -2.8738127718e+01  6.8160306244e+00  -3.5554158343e+01
4.482415  -2.8191140705e+01  6.8228936058e+00  -3.5014034311e+01
4.483526  -2.7648831475e+01  6.8302025611e+00  -3.4479034036e+01
4.484637  -2.7111192023e+01  6.8377860444e+00  -3.3948978067e+01
4.485749  -2.6578067713e+01  6.8454875071e+00  -3.3423555221e+01
4.486860  -2.6049169148e+01  6.8531716830e+00  -3.2902340831e+01
4.487971  -2.5524086541e+01  6.8607302735e+00  -3.2384816814e+01
4.489083  -2.5002306191e+01  6.8680867594e+00  -3.1870392950e+01
4.490194  -2.4483228591e+01  6.8752001926e+00  -3.1358428784e+01
4.491305  -2.3966187693e+01  6.8820678470e+00  -3.0848255540e+01
4.492417  -2.3450470827e+01  6.8887266455e+00  -3.0339197472e+01
4.493528  -2.2935338778e+01  6.8952533083e+00  -2.9830592086e+01
4.494639  -2.2420045546e+01  6.9017632111e+00  -2.9321808757e+01
4.495751  -2.1903857320e+01  6.9084079748e+00  -2.8812265294e+01
4.496862  -2.1386070244e+01  6.9153718465e+00  -2.8301442091e+01
4.497974  -2.0866026624e+01  6.9228669688e+00  -2.7788893593e+01
4.499085  -2.0343129231e+01  6.9311276624e+00  -2.7274256893e+01
4.500196  -1.9816853463e+01  6.9404038827e+00  -2.6757257346e+01
4.501308  -1.9286757188e+01  6.9509540303e+00  -2.6237711218e+01
4.502419  -1.8752488124e+01  6.9630373186e+00  -2.5715525443e+01
4.503530  -1.8213788743e+01  6.9769059146e+00  -2.5190694658e+01
4.504642  -1.7670498697e+01  6.9927970776e+00  -2.4663295775e+01
4.505753  -1.7122554869e+01  7.0109255218e+00  -2.4133480391e+01
4.506864  -1.6569989196e+01  7.0314762232e+00  -2.3601465419e+01
4.507976  -1.6012924462e+01  7.0545978835e+00  -2.3067522345e+01
4.509087  -1.5451568318e+01  7.0803972409e+00  -2.2531965559e+01
4.510198  -1.4886205809e+01  7.1089344006e+00  -2.1995140209e+01
4.511310  -1.4317190722e+01  7.1402193263e+00  -2.1457410048e+01
4.512421  -1.3744936086e+01  7.1742096025e+00  -2.0919145689e+01
4.513533  -1.3169904161e+01  7.2108095441e+00  -2.0380713705e+01
4.514644  -1.2592596238e+01  7.2498706882e+00  -1.9842466927e+01
4.515755  -1.2013542588e+01  7.2911936681e+00  -1.9304736256e+01
4.516867  -1.1433292828e+01  7.3345314263e+00  -1.8767824255e+01
4.517978  -1.0852406997e+01  7.3795936883e+00  -1.8232000685e+01
4.519089  -1.0271447548e+01  7.4260525789e+00  -1.7697500127e+01
4.520201  -9.6909724535e+00  7.4735492340e+00  -1.7164521687e+01
4.521312  -9.1115295580e+00  7.5217012259e+00  -1.6633230784e+01
4.522423  -8.5336522622e+00  7.5701106018e+00  -1.6103762864e+01
4.523535  -7.9578565861e+00  7.6183723101e+00  -1.5576228896e+01
4.524646  -7.3846395935e+00  7.6660827822e+00  -1.5050722376e+01
4.525757  -6.8144791224e+00  7.7128484270e+00  -1.4527327549e+01
4.526869  -6.2478347202e+00  7.7582937992e+00  -1.4006128519e+01
4.527980  -5.6851496417e+00  7.8020692072e+00  -1.3487218849e+01
4.529092  -5.1268537389e+00  7.8438575437e+00  -1.2970711283e+01
4.530203  -4.5733670398e+00  7.8833801399e+00  -1.2456747180e+01
4.531314  -4.0251038002e+00  7.9204014729e+00  -1.1945505273e+01
4.532426  -3.4824767958e+00  7.9547325848e+00  -1.1437209381e+01
4.533537  -2.9459016212e+00  7.9862331105e+00  -1.0932134732e+01
4.534648  -2.4158007657e+00  8.0148118472e+00  -1.0430612613e+01
4.535760  -1.8926072456e+00  8.0404258430e+00  -9.9330330885e+00
4.536871  -1.3767675923e+00  8.0630780196e+00  -9.4398456119e+00
4.537982  -8.6874401914e-01  8.0828133916e+00  -8.9515574107e+00
4.539094  -3.6901561777e-01  8.0997139798e+00  -8.4687295975e+00
4.540205  1.2192153024e-01  8.1138925591e+00  -7.9919710288e+00
4.541316  6.0355540523e-01  8.1254854128e+00  -7.5219300075e+00
4.542428  1.0753603054e+00  8.1346442959e+00  -7.0592839905e+00
4.543539  1.5368003084e+00  8.1415278357e+00  -6.6047275273e+00
4.544651  1.9873339013e+00  8.1462926146e+00  -6.1589587132e+00
4.545762  2.4264197055e+00  8.1490841925e+00  -5.7226644869e+00
4.546873  2.8535231883e+00  8.1500283310e+00  -5.2965051427e+00
4.547985  3.2681242214e+00  8.1492226773e+00  -4.8810984559e+00
4.549096  3.6697253224e+00  8.1467291570e+00  -4.4770038346e+00
4.550207  4.0578603903e+00  8.1425673067e+00  -4.0847069165e+00
4.551319  4.4321037318e+00  8.1367087543e+00  -3.7046050225e+00
4.552430  4.7920791657e+00  8.1290730240e+00  -3.3369938583e+00
4.553541  5.1374689834e+00  8.1195248085e+00  -2.9820558251e+00
4.554653  5.4680225502e+00  8.1078728121e+00  -2.6398502618e+00
4.555764  5.7835643327e+00  8.0938702233e+00  -2.3103058906e+00
4.556876  6.0840011533e+00  8.0772168353e+00  -1.9932156821e+00
4.557987  6.3693284857e+00  8.0575627815e+00  -1.6882342958e+00
4.559098  6.6396356287e+00  8.0345138131e+00  -1.3948781844e+00
4.560210  6.8951096145e+00  8.0076380012e+00  -1.1125283867e+00
4.561321  7.1360377387e+00  7.9764737021e+00  -8.4043596345e-01
4.562432  7.3628086230e+00  7.9405385942e+00  -5.7772997121e-01
4.563544  7.5759117542e+00  7.8993395583e+00  -3.2342780410e-01
4.564655  7.7759354688e+00  7.8523831512e+00  -7.6447682446e-02
4.565766  7.9635633844e+00  7.7991864025e+00  1.6437698187e-01
4.566878  8.1395693068e+00  7.7392876548e+00  4.0028165204e-01
4.567989  8.3048106665e+00  7.6722571629e+00  6.3255350357e-01
4.569100  8.4602205637e+00  7.5977071732e+00  8.6251339053e-01
4.570212  8.6067985248e+00  7.5153012155e+00  1.0914973093e+00
4.571323  8.7456000896e+00  7.4247623620e+00  1.3208377276e+00
4.572435  8.8777253663e+00  7.3258802300e+00  1.5518451363e+00
4.573546  9.0043067077e+00  7.2185165447e+00  1.7857901630e+00
4.574657  9.1264956669e+00  7.1026091098e+00  2.0238865570e+00
4.575769  9.2454494058e+00  6.9781740827e+00  2.2672753231e+00
4.576880  9.3623167296e+00  6.8453064916e+00  2.5170102380e+00
4.577991  9.4782239267e+00  6.7041789859e+00  2.7740449407e+00
4.579103  9.5942605929e+00  6.5550388522e+00  3.0392217407e+00
4.580214  9.7114656196e+00  6.3982033836e+00  3.3132622359e+00
4.581325  9.8308135204e+00  6.2340537306e+00  3.5967597898e+00
4.582437  9.9532012705e+00  6.0630274054e+00  3.8901738652e+00
4.583548  1.0079435825e+01  5.8856096509e+00  4.1938261740e+00
4.584659  1.0210222477e+01  5.7023239141e+00  4.5078985630e+00
4.585771  1.0346154215e+01  5.5137216920e+00  4.8324325227e+00
4.586882  1.0487702218e+01  5.3203720347e+00  5.1673301830e+00
4.587994  1.0635207640e+01  5.1228509993e+00  5.5123566407e+00
4.589105  1.0788874803e+01  4.9217313520e+00  5.8671434515e+00
4.590216  1.0948765925e+01  4.7175728053e+00  6.2311931199e+00
4.591328  1.1114797487e+01  4.5109130673e+00  6.6038844199e+00
4.592439  1.1286738344e+01  4.3022599500e+00  6.9844783936e+00
4.593550  1.1464209649e+01  4.0920847593e+00  7.3721248896e+00
4.594662  1.1646686674e+01  3.8808171486e+00  7.7658695252e+00
4.595773  1.1833502555e+01  3.6688415755e+00  8.1646609793e+00
4.596884  1.2023854009e+01  3.4564954550e+00  8.5673585543e+00
4.597996  1.2216809020e+01  3.2440690523e+00  8.9727399674e+00
4.599107  1.2411316469e+01  3.0318071034e+00  9.3795093655e+00
4.600218  1.2606217683e+01  2.8199121046e+00  9.7863055786e+00
4.601330  1.2800259807e+01  2.6085491554e+00  1.0191710652e+01
4.602441  1.2992110905e+01  2.3978521938e+00  1.0594258711e+01
4.603553  1.3180376655e+01  2.1879314183e+00  1.0992445237e+01
4.604664  1.3363618466e+01  1.9788816520e+00  1.1384736814e+01
4.605775  1.3540372810e+01  1.7707913689e+00  1.1769581441e+01
4.606887  1.3709171538e+01  1.5637520831e+00  1.2145419455e+01
4.607998  1.3868562921e+01  1.3578677791e+00  1.2510695142e+01
4.609109  1.4017133097e+01  1.1532640583e+00  1.2863869039e+01
4.610221  1.4153527633e+01  9.5009667666e-01  1.3203430957e+01
4.611332  1.4276472831e+01  7.4855915873e-01  1.3527913672e+01
4.612443  1.4384796429e+01  5.4888919696e-01  1.3835907232e+01
4.613555  1.4477447333e+01  3.5137357088e-01  1.4126073762e+01
4.614666  1.4553513986e+01  1.5635136049e-01  1.4397162626e+01
4.615777  1.4612241015e+01  -3.5784727638e-02  1.4648025743e+01
4.616889  1.4653043790e+01  -2.2458905239e-01  1.4877632842e+01
4.618000  1.4675520554e+01  -4.0956582309e-01  1.5085086377e+01
4.619112  1.4679461818e+01  -5.9017399306e-01  1.5269635811e+01
4.620223  1.4664856728e+01  -7.6583421669e-01  1.5430690945e+01
4.621334  1.4631896200e+01  -9.3593776337e-01  1.5567833963e+01
4.622446  1.4580972624e+01  -1.0998572222e+00  1.5680829846e+01
4.623557  1.4512676035e+01  -1.2569587747e+00  1.5769634809e+01
4.624668  1.4427786702e+01  -1.4066157610e+00  1.5834402463e+01
4.625780  1.4327264154e+01  -1.5482232191e+00  1.5875487373e+01
4.626891  1.4212232747e+01  -1.6812130387e+00  1.5893445785e+01
4.628002  1.4083963944e+01  -1.8050693421e+00  1.5889033286e+01
4.629114  1.3943855567e+01  -1.9193436853e+00  1.5863199252e+01
4.630225  1.3793408346e+01  -2.0236696613e+00  1.5817078007e+01
4.631337  1.3634200163e+01  -2.1177764921e+00  1.5751976655e+01
4.632448  1.3467858465e+01  -2.2015012054e+00  1.5669359670e+01
4.633559  1.3296031359e+01  -2.2747990189e+00  1.5570830378e+01
4.634671  1.3120357970e+01  -2.3377515852e+00  1.5458109555e+01
4.635782  1.2942438664e+01  -2.3905727974e+00  1.5333011461e+01
4.636893  1.2763805773e+01  -2.4336119064e+00  1.5197417679e+01
4.638005  1.2585895463e+01  -2.4673537613e+00  1.5053249225e+01
4.639116  1.2410021386e+01  -2.4924160516e+00  1.4902437438e+01
4.640227  1.2237350730e+01  -2.5095434998e+00  1.4746894230e+01
4.641339  1.2068883258e+01  -2.5195990281e+00  1.4588482286e+01
4.642450  1.1905433864e+01  -2.5235519975e+00  1.4428985861e+01
4.643561  1.1747619115e+01  -2.5224636928e+00  1.4270082808e+01
4.644673  1.1595848167e+01  -2.5174702963e+00  1.4113318463e+01
4.645784  1.1450318354e+01  -2.5097636631e+00  1.3960082017e+01
4.646896  1.1311015653e+01  -2.5005702693e+00  1.3811585922e+01
4.648007  1.1177720094e+01  -2.4911287586e+00  1.3668848853e+01
4.649118  1.1050016117e+01  -2.4826665557e+00  1.3532682673e+01
4.650230  1.0927307697e+01  -2.4763760468e+00  1.3403683744e+01
4.651341  1.0808838002e+01  -2.4733908518e+00  1.3282228854e+01
4.652452  1.0693713189e+01  -2.4747627183e+00  1.3168475907e+01
4.653564  1.0580929847e+01  -2.4814395660e+00  1.3062369413e+01
4.654675  1.0469405518e+01  -2.4942451947e+00  1.2963650713e+01
4.655786  1.0358011592e+01  -2.5138611366e+00  1.2871872729e+01
4.656898  1.0245607839e+01  -2.5408110985e+00  1.2786418937e+01
4.658009  1.0131077766e+01  -2.5754483822e+00  1.2706526148e+01
4.659120  1.0013363945e+01  -2.6179466137e+00  1.2631310558e+01
4.660232  9.8915024352e+00  -2.6682940390e+00  1.2559796474e+01
4.661343  9.7646554516e+00  -2.7262915689e+00  1.2490947020e+01
4.662455  9.6321414067e+00  -2.7915546713e+00  1.2423696078e+01
4.663566  9.4934615481e+00  -2.8635191234e+00  1.2356980672e+01
4.664677  9.3483224445e+00  -2.9414505519e+00  1.2289772996e+01
4.665789  9.1966536770e+00  -3.0244575993e+00  1.2221111276e+01
4.666900  9.0386201908e+00  -3.1115084745e+00  1.2150128665e+01
4.668011  8.8746288826e+00  -3.2014505642e+00  1.2076079447e+01
4.669123  8.7053291372e+00  -3.2930327144e+00  1.1998361852e+01
4.670234  8.5316071651e+00  -3.3849297225e+00  1.1916536888e+01
4.671345  8.3545741509e+00  -3.4757685328e+00  1.1830342684e+01
4.672457  8.1755483704e+00  -3.5641555825e+00  1.1739703953e+01
4.673568  7.9960315931e+00  -3.6487047191e+00  1.1644736312e+01
4.674679  7.8176802347e+00  -3.7280650909e+00  1.1545745326e+01
4.675791  7.6422718626e+00  -3.8009484129e+00  1.1443220275e+01
4.676902  7.4716677903e+00  -3.8661550191e+00  1.1337822809e+01
4.678014  7.3077726062e+00  -3.9225981381e+00  1.1230370744e+01
4.679125  7.1524915758e+00  -3.9693258662e+00  1.1121817442e+01
4.680236  7.0076869312e+00  -4.0055403619e+00  1.1013227293e+01
4.681348  6.8751341060e+00  -4.0306138463e+00  1.0905747952e+01
4.682459  6.7564789968e+00  -4.0441010636e+00  1.0800580060e+01
4.683570  6.6531973287e+00  -4.0457479355e+00  1.0698945264e+01
4.684682  6.5665571678e+00  -4.0354962258e+00  1.0602053394e+01
4.685793  6.4975855657e+00  -4.0134841207e+00  1.0511069686e+01
4.686904  6.4470402343e+00  -3.9800427209e+00  1.0427082955e+01
4.688016  6.4153870417e+00  -3.9356885313e+00  1.0351075573e+01
4.689127  6.4027839863e+00  -3.8811121242e+00  1.0283896110e+01
4.690238  6.4090721560e+00  -3.8171632332e+00  1.0226235389e+01
4.691350  6.4337740160e+00  -3.7448326164e+00  1.0178606632e+01
4.692461  6.4760991863e+00  -3.6652310956e+00  1.0141330282e+01
4.693573  6.5349576910e+00  -3.5795662391e+00  1.0114523930e+01
4.694684  6.6089804716e+00  -3.4891172069e+00  1.0098097678e+01
4.695795  6.6965467706e+00  -3.3952083142e+00  1.0091755085e+01
4.696907  6.7958178185e+00  -3.2991818946e+00  1.0094999713e+01
4.698018  6.9047760851e+00  -3.2023710548e+00  1.0107147140e+01
4.699129  7.0212692122e+00  -3.1060729154e+00  1.0127342128e+01
4.700241  7.1430576110e+00  -3.0115229117e+00  1.0154580523e+01
4.701352  7.2678646015e+00  -2.9198707053e+00  1.0187735307e+01
4.702463  7.3934278959e+00  -2.8321582148e+00  1.0225586111e+01
4.703575  7.5175511727e+00  -2.7493002236e+00  1.0266851396e+01
4.704686  7.6381544733e+00  -2.6720679613e+00  1.0310222435e+01
4.705797  7.7533221641e+00  -2.6010759856e+00  1.0354398150e+01
4.706909  7.8613472515e+00  -2.5367726162e+00  1.0398119868e+01
4.708020  7.9607709145e+00  -2.4794340888e+00  1.0440205003e+01
4.709132  8.0504162237e+00  -2.4291625157e+00  1.0479578739e+01
4.710243  8.1294151484e+00  -2.3858876515e+00  1.0515302800e+01
4.711354  8.1972281137e+00  -2.3493723805e+00  1.0546600494e+01
4.712466  8.2536555414e+00  -2.3192217578e+00  1.0572877299e+01
4.713577  8.2988410089e+00  -2.2948953623e+00  1.0593736371e+01
4.714688  8.3332658604e+00  -2.2757226469e+00  1.0608988507e+01
4.715800  8.3577353200e+00  -2.2609209096e+00  1.0618656230e+01
4.716911  8.3733563665e+00  -2.2496154552e+00  1.0622971822e+01
4.718022  8.3815078405e+00  -2.2408614761e+00  1.0622369317e+01
4.719134  8.3838034508e+00  -2.2336671462e+00  1.0617470597e+01
4.720245  8.3820485316e+00  -2.2270174043e+00  1.0609065936e+01
4.721357  8.3781915662e+00  -2.2198978949e+00  1.0598089461e+01
4.722468  8.3742716336e+00  -2.2113185376e+00  1.0585590171e+01
4.723579  8.3723630424e+00  -2.2003362145e+00  1.0572699257e+01
4.724691  8.3745185031e+00  -2.1860760904e+00  1.0560594593e+01
4.725802  8.3827122330e+00  -2.1677511192e+00  1.0550463352e+01
4.726913  8.3987844026e+00  -2.1446793381e+00  1.0543463741e+01
4.728025  8.4243883088e+00  -2.1162986056e+00  1.0540686914e+01
4.729136  8.4609416058e+00  -2.0821785016e+00  1.0543120107e+01
4.730247  8.5095828274e+00  -2.0420291772e+00  1.0551612005e+01
4.731359  8.5711343169e+00  -1.9957070099e+00  1.0566841327e+01
4.732470  8.6460725260e+00  -1.9432169974e+00  1.0589289523e+01
4.733581  8.7345064657e+00  -1.8847118921e+00  1.0619218358e+01
4.734693  8.8361648985e+00  -1.8204881531e+00  1.0656653052e+01
4.735804  8.9503926426e+00  -1.7509788607e+00  1.0701371503e+01
4.736916  9.0761561377e+00  -1.6767438029e+00  1.0752899941e+01
4.738027  9.2120581921e+00  -1.5984569998e+00  1.0810515192e+01
4.739138  9.3563616027e+00  -1.5168919865e+00  1.0873253589e+01
4.740250  9.5070211178e+00  -1.4329052134e+00  1.0939926331e+01
4.741361  9.6617230056e+00  -1.3474179618e+00  1.1009140967e+01
4.742472  9.8179312972e+00  -1.2613971922e+00  1.1079328489e+01
4.743584  9.9729396097e+00  -1.1758357596e+00  1.1148775369e+01
4.744695  1.0123927309e+01  -1.0917324356e+00  1.1215659745e+01
4.745806  1.0268018666e+01  -1.0100721673e+00  1.1278090833e+01
4.746918  1.0402343578e+01  -9.3180699245e-01  1.1334150570e+01
4.748029  1.0524098400e+01  -8.5783800422e-01  1.1381936404e+01
4.749140  1.0630605404e+01  -7.8899872497e-01  1.1419604129e+01
4.750252  1.0719369442e+01  -7.2604021224e-01  1.1445409655e+01
4.751363  1.0788130442e+01  -6.6961817167e-01  1.1457748613e+01
4.752475  1.0834910476e+01  -6.2028230177e-01  1.1455192778e+01
4.753586  1.0858054281e+01  -5.7846804101e-01  1.1436522322e+01
4.754697  1.0856262258e+01  -5.4449083040e-01  1.1400753088e+01
4.755809  1.0828615193e+01  -5.1854294718e-01  1.1347158140e+01
4.756920  1.0774590122e+01  -5.0069290748e-01  1.1275283029e+01
4.758031  1.0694067007e+01  -4.9088737982e-01  1.1184954387e+01
4.759143  1.0587326107e+01  -4.8895549844e-01  1.1076281605e+01
4.760254  1.0455036158e+01  -4.9461541605e-01  1.0949651574e+01
4.761365  1.0298233727e+01  -5.0748289179e-01  1.0805716619e+01
4.762477  1.0118294292e+01  -5.2708167154e-01  1.0645375964e+01
4.763588  9.9168958333e+00  -5.5285538652e-01  1.0469751220e+01
4.764699  9.6959758827e+00  -5.8418067088e-01  1.0280156554e+01
4.765811  9.4576831598e+00  -6.2038118221e-01  1.0078064342e+01
4.766922  9.2043250284e+00  -6.6074219904e-01  9.8650672275e+00
4.768034  8.9383121239e+00  -7.0452546736e-01  9.6428375912e+00
4.769145  8.6621015533e+00  -7.5098397361e-01  9.4130855269e+00
4.770256  8.3781401021e+00  -7.9937633362e-01  9.1775164357e+00
4.771368  8.0888088654e+00  -8.4898050632e-01  8.9377893717e+00
4.772479  7.7963706793e+00  -8.9910656527e-01  8.6954772446e+00
4.773590  7.5029216409e+00  -9.4910829121e-01  8.4520299321e+00
4.774702  7.2103478926e+00  -9.9839338306e-01  8.2087412757e+00
4.775813  6.9202887005e+00  -1.0464321220e+00  7.9667208225e+00
4.776924  6.6341066847e+00  -1.0927643634e+00  7.7268710481e+00
4.778036  6.3528658689e+00  -1.1370047726e+00  7.4898706415e+00
4.779147  6.0773180049e+00  -1.1788462629e+00  7.2561642678e+00
4.780258  5.8078974135e+00  -1.2180616335e+00  7.0259590471e+00
4.781370  5.5447243538e+00  -1.2545034478e+00  6.7992278016e+00
4.782481  5.2876167144e+00  -1.2881022273e+00  6.5757189417e+00
4.783593  5.0361096033e+00  -1.3188630724e+00  6.3549726757e+00
4.784704  4.7894822076e+00  -1.3468608514e+00  6.1363430590e+00
4.785815  4.5467911126e+00  -1.3722341258e+00  5.9190252384e+00
4.786927  4.3069091049e+00  -1.3951780016e+00  5.7020871065e+00
4.788038  4.0685683486e+00  -1.4159361124e+00  5.4845044610e+00
4.789149  3.8304067193e+00  -1.4347919530e+00  5.2651986723e+00
4.790261  3.5910160062e+00  -1.4520597868e+00  5.0430757930e+00
4.791372  3.3489906576e+00  -1.4680753516e+00  4.8170660092e+00
4.792483  3.1029757392e+00  -1.4831865849e+00  4.5861623240e+00
4.793595  2.8517128108e+00  -1.4977445797e+00  4.3494573905e+00
4.794706  2.5940824916e+00  -1.5120949699e+00  4.1061774615e+00
4.795817  2.3291425850e+00  -1.5265699245e+00  3.8557125095e+00
4.796929  2.0561607630e+00  -1.5414809119e+00  3.5976416749e+00
4.798040  1.7746409627e+00  -1.5571123703e+00  3.3317533330e+00
4.799152  1.4843428272e+00  -1.5737163929e+00  3.0580592201e+00
4.800263  1.1852937121e+00  -1.5915085134e+00  2.7768022255e+00
4.801374  8.7779298511e-01  -1.6106646433e+00  2.4884576284e+00
4.802486  5.6240855757e-01  -1.6313191887e+00  2.1937277462e+00
4.803597  2.3996579362e-01  -1.6535643423e+00  1.8935301359e+00
4.804708  -8.8470848470e-02  -1.6774505216e+00  1.5889796731e+00
4.805820  -4.2162289662e-01  -1.7029878966e+00  1.2813650000e+00
4.806931  -7.5802894142e-01  -1.7301489269e+00  9.7211998552e-01
4.808042  -1.0960808259e+00  -1.7588718082e+00  6.6279098225e-01
4.809154  -1.4340639333e+00  -1.7890647065e+00  3.5500077326e-01
4.810265  -1.7702004513e+00  -1.8206106472e+00  5.0410195891e-02
4.811377  -2.1026944210e+00  -1.8533729099e+00  -2.4932151110e-01
4.812488  -2.4297773318e+00  -1.8872007749e+00  -5.4257655690e-01
4.813599  -2.7497530215e+00  -1.9219354603e+00  -8.2781756121e-01
4.814711  -3.0610406629e+00  -1.9574160890e+00  -1.1036245739e+00
4.815822  -3.3622146759e+00  -1.9934855248e+00  -1.3687291510e+00
4.816933  -3.6520404970e+00  -2.0299959268e+00  -1.6220445702e+00
4.818045  -3.9295052503e+00  -2.0668138750e+00  -1.8626913753e+00
4.819156  -4.1938425094e+00  -2.1038249368e+00  -2.0900175726e+00
4.820267  -4.4445505006e+00  -2.1409375551e+00  -2.3036129455e+00
4.821379  -4.6814032795e+00  -2.1780861579e+00  -2.5033171215e+00
4.822490  -4.9044545991e+00  -2.2152334072e+00  -2.6892211919e+00
4.823601  -5.1140343907e+00  -2.2523715251e+00  -2.8616628656e+00
4.824713  -5.3107379703e+00  -2.2895226581e+00  -3.0212153122e+00
4.825824  -5.4954082813e+00  -2.3267382604e+00  -3.1686700209e+00
4.826936  -5.6691116658e+00  -2.3640975025e+00  -3.3050141633e+00
4.828047  -5.8331078268e+00  -2.4017047302e+00  -3.4314030966e+00
4.829158  -5.9888147944e+00  -2.4396860252e+00  -3.5491287692e+00
4.830270  -6.1377698364e+00  -2.4781849344e+00  -3.6595849020e+00
4.831381  -6.2815873561e+00  -2.5173574592e+00  -3.7642298970e+00
4.832492  -6.4219148936e+00  -2.5573664094e+00  -3.8645484842e+00
4.833604  -6.5603883884e+00  -2.5983752458e+00  -3.9620131426e+00
4.834715  -6.6985878765e+00  -2.6405415458e+00  -4.0580463307e+00
4.835826  -6.8379947723e+00  -2.6840102389e+00  -4.1539845334e+00
4.836938  -6.9799518382e+00  -2.7289067658e+00  -4.2510450724e+00
4.838049  -7.1256268672e+00  -2.7753303210e+00  -4.3502965461e+00
4.839160  -7.2759809957e+00  -2.8233473386e+00  -4.4526336570e+00
4.840272  -7.4317424407e+00  -2.8729853820e+00  -4.5587570587e+00
4.841383  -7.5933863028e+00  -2.9242275919e+00  -4.6691587109e+00
4.842495  -7.7611209161e+00  -2.9770078405e+00  -4.7841130756e+00
4.843606  -7.9348810513e+00  -3.0312067286e+00  -4.9036743227e+00
4.844717  -8.1143280970e+00  -3.0866485493e+00  -5.0276795477e+00
4.845829  -8.2988571622e+00  -3.1430993244e+00  -5.1557578379e+00
4.846940  -8.4876108658e+00  -3.2002660031e+00  -5.2873448627e+00
4.848051  -8.6794994066e+00  -3.2577968900e+00  -5.4217025166e+00
4.849163  -8.8732263530e+00  -3.3152833464e+00  -5.5579430066e+00
4.850274  -9.0673194465e+00  -3.3722627863e+00  -5.6950566602e+00
4.851385  -9.2601655973e+00  -3.4282229617e+00  -5.8319426357e+00
4.852497  -9.4500491498e+00  -3.4826075066e+00  -5.9674416431e+00
4.853608  -9.6351924251e+00  -3.5348226828e+00  -6.1003697423e+00
4.854719  -9.8137975051e+00  -3.5842452439e+00  -6.2295522612e+00
4.855831  -9.9840882021e+00  -3.6302313115e+00  -6.3538568906e+00
4.856942  -1.0144351173e+01  -3.6721261307e+00  -6.4722250427e+00
4.858054  -1.0292975176e+01  -3.7092745519e+00  -6.5837006238e+00
4.859165  -1.0428487522e+01  -3.7410320674e+00  -6.6874554550e+00
4.860276  -1.0549586888e+01  -3.7667762104e+00  -6.7828106775e+00
4.861388  -1.0655171721e+01  -3.7859181155e+00  -6.8692536054e+00
4.862499  -1.0744363649e+01  -3.7979140261e+00  -6.9464496224e+00
4.863610  -1.0816525393e+01  -3.8022765273e+00  -7.0142488660e+00
4.864722  -1.0871272881e+01  -3.7985852837e+00  -7.0726875972e+00
4.865833  -1.0908481366e+01  -3.7864970607e+00  -7.1219843052e+00
4.866944  -1.0928285562e+01  -3.7657548146e+00  -7.1625307473e+00
4.868056  -1.0931073918e+01  -3.7361956482e+00  -7.1948782701e+00
4.869167  -1.0917477329e+01  -3.6977574442e+00  -7.2197198847e+00
4.870278  -1.0888352696e+01  -3.6504840046e+00  -7.2378686915e+00
4.871390  -1.0844761895e+01  -3.5945285531e+00  -7.2502333418e+00
4.872501  -1.0787946783e+01  -3.5301554776e+00  -7.2577913055e+00
4.873613  -1.0719300989e+01  -3.4577402252e+00  -7.2615607636e+00
4.874724  -1.0640339269e+01  -3.3777672922e+00  -7.2625719767e+00
4.875835  -1.0552665269e+01  -3.2908262855e+00  -7.2618389831e+00
4.876947  -1.0457938529e+01  -3.1976060713e+00  -7.2603324576e+00
4.878058  -1.0357841580e+01  -3.0988870599e+00  -7.2589545198e+00
4.879169  -1.0254047924e+01  -2.9955317153e+00  -7.2585162082e+00
4.880281  -1.0148191667e+01  -2.8884734138e+00  -7.2597182528e+00
4.881392  -1.0041839476e+01  -2.7787038105e+00  -7.2631356658e+00
4.882503  -9.9364654608e+00  -2.6672589053e+00  -7.2692065555e+00
4.883615  -9.8334294617e+00  -2.5552040310e+00  -7.2782254308e+00
4.884726  -9.7339591374e+00  -2.4436180087e+00  -7.2903411286e+00
4.885838  -9.6391360967e+00  -2.3335767437e+00  -7.3055593530e+00
4.886949  -9.5498862189e+00  -2.2261365443e+00  -7.3237496746e+00
4.888060  -9.4669741717e+00  -2.1223174649e+00  -7.3446567068e+00
4.889172  -9.3910020222e+00  -2.0230869760e+00  -7.3679150462e+00
4.890283  -9.3224117228e+00  -1.9293442646e+00  -7.3930674582e+00
4.891394  -9.2614911541e+00  -1.8419054650e+00  -7.4195856891e+00
4.892506  -9.2083833166e+00  -1.7614901030e+00  -7.4468932136e+00
4.893617  -9.1630981944e+00  -1.6887090236e+00  -7.4743891708e+00
4.894728  -9.1255267537e+00  -1.6240540434e+00  -7.5014727103e+00
4.895840  -9.0954565065e+00  -1.5678895427e+00  -7.5275669638e+00
4.896951  -9.0725880491e+00  -1.5204461772e+00  -7.5521418719e+00
4.898062  -9.0565519879e+00  -1.4818168500e+00  -7.5747351379e+00
4.899174  -9.0469256828e+00  -1.4519550429e+00  -7.5949706399e+00
4.900285  -9.0432492783e+00  -1.4306755619e+00  -7.6125737163e+00
4.901397  -9.0450405422e+00  -1.4176577050e+00  -7.6273828372e+00
4.902508  -9.0518081022e+00  -1.4124508119e+00  -7.6393572903e+00
4.903619  -9.0630627446e+00  -1.4144821109e+00  -7.6485806337e+00
4.904731  -9.0783265291e+00  -1.4230667286e+00  -7.6552598005e+00
4.905842  -9.0971395650e+00  -1.4374196881e+00  -7.6597198769e+00
4.906953  -9.1190643862e+00  -1.4566696779e+00  -7.6623947084e+00
4.908065  -9.1436879595e+00  -1.4798743377e+00  -7.6638136217e+00
4.909176  -9.1706214476e+00  -1.5060367788e+00  -7.6645846688e+00
4.910287  -9.1994979342e+00  -1.5341230244e+00  -7.6653749098e+00
4.911399  -9.2299683878e+00  -1.5630800431e+00  -7.6668883447e+00
4.912510  -9.2616962091e+00  -1.5918540294e+00  -7.6698421797e+00
4.913621  -9.2943507486e+00  -1.6194085834e+00  -7.6749421652e+00
4.914733  -9.3276002199e+00  -1.6447424413e+00  -7.6828577786e+00
4.915844  -9.3611044484e+00  -1.6669064176e+00  -7.6941980308e+00
4.916956  -9.3945078969e+00  -1.6850192363e+00  -7.7094886606e+00
4.918067  -9.4274333947e+00  -1.6982819511e+00  -7.7291514436e+00
4.919178  -9.4594769654e+00  -1.7059906824e+00  -7.7534862830e+00
4.920290  -9.4902041028e+00  -1.7075474367e+00  -7.7826566661e+00
4.921401  -9.5191477878e+00  -1.7024688120e+00  -7.8166789757e+00
4.922512  -9.5458084667e+00  -1.6903924377e+00  -7.8554160290e+00
4.923624  -9.5696561374e+00  -1.6710810450e+00  -7.8985750924e+00
4.924735  -9.5901346042e+00  -1.6444241139e+00  -7.9457104902e+00
4.925846  -9.6066678754e+00  -1.6104370935e+00  -7.9962307819e+00
4.926958  -9.6186685943e+00  -1.5692582414e+00  -8.0494103529e+00
4.928069  -9.6255483066e+00  -1.5211431813e+00  -8.1044051252e+00
4.929180  -9.6267292916e+00  -1.4664573198e+00  -8.1602719718e+00
4.930292  -9.6216576172e+00  -1.4056663119e+00  -8.2159913053e+00
4.931403  -9.6098170148e+00  -1.3393248012e+00  -8.2704922136e+00
4.932515  -9.5907431304e+00  -1.2680636959e+00  -8.3226794345e+00
4.933626  -9.5640376717e+00  -1.1925762695e+00  -8.3714614022e+00
4.934737  -9.5293819605e+00  -1.1136033965e+00  -8.4157785640e+00
4.935849  -9.4865493959e+00  -1.0319182487e+00  -8.4546311472e+00
4.936960  -9.4354163547e+00  -9.4831078230e-01  -8.4871055724e+00
4.938071  -9.3759710867e+00  -8.6357234819e-01  -8.5123987385e+00
4.939183  -9.3083202143e+00  -7.7848074746e-01  -8.5298394668e+00
4.940294  -9.2326925056e+00  -6.9378604016e-01  -8.5389064654e+00
4.941405  -9.1494396678e+00  -6.1019739265e-01  -8.5392422751e+00
4.942517  -9.0590339926e+00  -5.2837122041e-01  -8.5306627722e+00
4.943628  -8.9620627763e+00  -4.4890084958e-01  -8.5131619267e+00
4.944739  -8.8592195366e+00  -3.7230788133e-01  -8.4869116553e+00
4.945851  -8.7512921448e+00  -2.9903540132e-01  -8.4522567435e+00
4.946962  -8.6391480920e+00  -2.2944313088e-01  -8.4097049611e+00
4.948074  -8.5237171971e+00  -1.6380457022e-01  -8.3599126268e+00
4.949185  -8.4059721538e+00  -1.0230613673e-01  -8.3036660171e+00
4.950296  -8.2869073869e+00  -4.5048254780e-02  -8.2418591321e+00
4.951408  -8.1675167496e+00  7.9516908014e-03  -8.1754684404e+00
4.952519  -8.0487706452e+00  5.6754667769e-02  -8.1055253130e+00
4.953630  -7.9315931844e+00  1.0149374365e-01  -8.0330869280e+00
4.954742  -7.8168400047e+00  1.4236646828e-01  -7.9592064730e+00
4.955853  -7.7052773756e+00  1.7962612042e-01  -7.8849034960e+00
4.956964  -7.5975631862e+00  2.1357206904e-01  -7.8111352553e+00
4.958076  -7.4942303776e+00  2.4453951466e-01  -7.7387698923e+00
4.959187  -7.3956733170e+00  2.7288888457e-01  -7.6685622016e+00
4.960298  -7.3021375440e+00  2.9899515702e-01  -7.6011327010e+00
4.961410  -7.2137132282e+00  3.2323738357e-01  -7.5369506118e+00
4.962521  -7.1303325810e+00  3.4598866694e-01  -7.4763212480e+00
4.963633  -7.0517713573e+00  3.6760683269e-01  -7.4193781900e+00
4.964744  -6.9776544707e+00  3.8842600905e-01  -7.3660804798e+00
4.965855  -6.9074656326e+00  4.0874930002e-01  -7.3162149326e+00
4.966967  -6.8405608096e+00  4.2884270313e-01  -7.2694035127e+00
4.968078  -6.7761851892e+00  4.4893038695e-01  -7.2251155761e+00
4.969189  -6.7134932367e+00  4.6919140423e-01  -7.1826846409e+00
4.970301  -6.6515713412e+00  4.8975787644e-01  -7.1413292177e+00
4.971412  -6.5894624666e+00  5.1071464527e-01  -7.1001771119e+00
4.972523  -6.5261921638e+00  5.3210034712e-01  -7.0582925110e+00
4.973635  -6.4607952562e+00  5.5390982926e-01  -7.0147050855e+00
4.974746  -6.3923424839e+00  5.7609779161e-01  -6.9684402755e+00
4.975858  -6.3199663873e+00  5.9858350750e-01  -6.9185498948e+00
4.976969  -6.2428857271e+00  6.2125645016e-01  -6.8641421772e+00
4.978080  -6.1604277677e+00  6.4398263098e-01  -6.8044103986e+00
4.979192  -6.0720478121e+00  6.6661143970e-01  -6.7386592518e+00
4.980303  -5.9773454410e+00  6.8898276772e-01  -6.6663282087e+00
4.981414  -5.8760769993e+00  7.1093419183e-01  -6.5870111911e+00
4.982526  -5.7681639748e+00  7.3230799940e-01  -6.5004719742e+00
4.983637  -5.6536970233e+00  7.5295784404e-01  -6.4066548674e+00
4.984748  -5.5329355134e+00  7.7275483633e-01  -6.3056903497e+00
4.985860  -5.4063025878e+00  7.9159289331e-01  -6.1978954811e+00
4.986971  -5.2743758630e+00  8.0939319543e-01  -6.0837690585e+00
4.988082  -5.1378740070e+00  8.2610762793e-01  -5.9639816349e+00
4.989194  -4.9976395511e+00  8.4172111488e-01  -5.8393606660e+00
4.990305  -4.8546183991e+00  8.5625278813e-01  -5.7108711873e+00
4.991417  -4.7098365846e+00  8.6975596795e-01  -5.5795925526e+00
4.992528  -4.5643749097e+00  8.8231696750e-01  -5.4466918772e+00
4.993639  -4.4193421550e+00  8.9405276752e-01  -5.3133949225e+00
4.994751  -4.2758475926e+00  9.0510764028e-01  -5.1809552329e+00
4.995862  -4.1349735531e+00  9.1564883216e-01  -5.0506223853e+00
4.996973  -3.9977487983e+00  9.2586144072e-01  -4.9236102391e+00
4.998085  -3.8651234266e+00  9.3594264496e-01  -4.8010660716e+00
4.999196  -3.7379459981e+00  9.4609546522e-01  -4.6840414633e+00
5.000307  -3.6169435025e+00  9.5652224223e-01  -4.5734657447e+00
5.001419  -3.5027047143e+00  9.6741803164e-01  -4.4701227459e+00
5.002530  -3.3956673832e+00  9.7896411275e-01  -4.3746314960e+00
5.003641  -3.2961096023e+00  9.9132180527e-01  -4.2874314076e+00
5.004753  -3.2041455756e+00  1.0046267794e+00  -4.2087723550e+00
5.005864  -3.1197258862e+00  1.0189840291e+00  -4.1387099154e+00
5.006976  -3.0426422364e+00  1.0344636596e+00  -4.0771058959e+00
5.008087  -2.9725365063e+00  1.0510976156e+00  -4.0236341219e+00
5.009198  -2.9089138577e+00  1.0688774521e+00  -3.9777913098e+00
5.010310  -2.8511594918e+00  1.0877532155e+00  -3.9389127073e+00
5.011421  -2.7985585711e+00  1.1076334762e+00  -3.9061920473e+00
5.012532  -2.7503187248e+00  1.1283865170e+00  -3.8787052418e+00
5.013644  -2.7055944849e+00  1.1498426524e+00  -3.8554371372e+00
5.014755  -2.6635129480e+00  1.1717976181e+00  -3.8353105662e+00
5.015866  -2.6231999243e+00  1.1940169450e+00  -3.8172168692e+00
5.016978  -2.5838058211e+00  1.2162411989e+00  -3.8000470200e+00
5.018089  -2.5445305225e+00  1.2381919488e+00  -3.7827224713e+00
5.019200  -2.5046465521e+00  1.2595783004e+00  -3.7642248525e+00
5.020312  -2.4635198603e+00  1.2801038214e+00  -3.7436236816e+00
5.021423  -2.4206276474e+00  1.2994736705e+00  -3.7201013179e+00
5.022535  -2.3755727199e+00  1.3174017383e+00  -3.6929744582e+00
5.023646  -2.3280939779e+00  1.3336176080e+00  -3.6617115859e+00
5.024757  -2.2780727475e+00  1.3478731483e+00  -3.6259458958e+00
5.025869  -2.2255347899e+00  1.3599485622e+00  -3.5854833521e+00
5.026980  -2.1706479465e+00  1.3696577295e+00  -3.5403056759e+00
5.028091  -2.1137155063e+00  1.3768527016e+00  -3.4905682079e+00
5.029203  -2.0551655058e+00  1.3814272291e+00  -3.4365927349e+00
5.030314  -1.9955362900e+00  1.3833192312e+00  -3.3788555212e+00
5.031425  -1.9354587719e+00  1.3825121425e+00  -3.3179709144e+00
5.032537  -1.8756359253e+00  1.3790351066e+00  -3.2546710319e+00
5.033648  -1.8168201233e+00  1.3729620133e+00  -3.1897821365e+00
5.034759  -1.7597890001e+00  1.3644094115e+00  -3.1241984116e+00
5.035871  -1.7053205570e+00  1.3535333578e+00  -3.0588539148e+00
5.036982  -1.6541682528e+00  1.3405252880e+00  -2.9946935408e+00
5.038094  -1.6070368220e+00  1.3256070302e+00  -2.9326438522e+00
5.039205  -1.5645595433e+00  1.3090250919e+00  -2.8735846352e+00
5.040316  -1.5272776352e+00  1.2910443826e+00  -2.8183220178e+00
5.041428  -1.4956223986e+00  1.2719415373e+00  -2.7675639360e+00
5.042539  -1.4699006422e+00  1.2519980252e+00  -2.7218986674e+00
5.043650  -1.4502838324e+00  1.2314932245e+00  -2.6817770569e+00
5.044762  -1.4368013005e+00  1.2106976510e+00  -2.6474989514e+00
5.045873  -1.4293377210e+00  1.1898665153e+00  -2.6192042363e+00
5.046984  -1.4276349505e+00  1.1692337802e+00  -2.5968687307e+00
5.048096  -1.4312981861e+00  1.1490068686e+00  -2.5803050547e+00
5.049207  -1.4398062796e+00  1.1293621583e+00  -2.5691684379e+00
5.050318  -1.4525259160e+00  1.1104413736e+00  -2.5629672896e+00
5.051430  -1.4687292550e+00  1.0923489621e+00  -2.5610782171e+00
5.052541  -1.4876145278e+00  1.0751505122e+00  -2.5627650401e+00
5.053653  -1.5083289956e+00  1.0588722445e+00  -2.5672012401e+00
5.054764  -1.5299936018e+00  1.0435015743e+00  -2.5734951761e+00
5.055875  -1.5517286008e+00  1.0289887182e+00  -2.5807173191e+00
5.056987  -1.5726794129e+00  1.0152492864e+00  -2.5879286993e+00
5.058098  -1.5920419435e+00  1.0021677768e+00  -2.5942097203e+00
5.059209  -1.6090866208e+00  9.8960186487e-01  -2.5986884857e+00
5.060321  -1.6231804366e+00  9.7738735920e-01  -2.6005677958e+00
5.061432  -1.6338063299e+00  9.6534367945e-01  -2.5991500094e+00
5.062543  -1.6405793289e+00  9.5327969806e-01  -2.5938590270e+00
5.063655  -1.6432589562e+00  9.4099978030e-01  -2.5842587365e+00
5.064766  -1.6417575081e+00  9.2830985309e-01  -2.5700673612e+00
5.065878  -1.6361439370e+00  9.1502333453e-01  -2.5511672715e+00
5.066989  -1.6266431914e+00  9.0096676181e-01  -2.5276099532e+00
5.068100  -1.6136309965e+00  8.8598496573e-01  -2.4996159622e+00
5.069212  -1.5976241940e+00  8.6994565409e-01  -2.4675698481e+00
5.070323  -1.5792668823e+00  8.5274328494e-01  -2.4320101673e+00
5.071434  -1.5593127266e+00  8.3430213145e-01  -2.3936148581e+00
5.072546  -1.5386039146e+00  8.1457846413e-01  -2.3531823787e+00
5.073657  -1.5180473367e+00  7.9356180191e-01  -2.3116091386e+00
5.074768  -1.4985886496e+00  7.7127520981e-01  -2.2698638594e+00
5.075880  -1.4811849478e+00  7.4777464852e-01  -2.2289595963e+00
5.076991  -1.4667768088e+00  7.2314740714e-01  -2.1899242160e+00
5.078102  -1.4562605046e+00  6.9750967610e-01  -2.1537701807e+00
5.079214  -1.4504611649e+00  6.7100334055e-01  -2.1214645054e+00
5.080325  -1.4501076613e+00  6.4379209551e-01  -2.0938997568e+00
5.081437  -1.4558099327e+00  6.1605700170e-01  -2.0718669344e+00
5.082548  -1.4680394080e+00  5.8799161529e-01  -2.0560310233e+00
5.083659  -1.4871130992e+00  5.5979683520e-01  -2.0469099344e+00
5.084771  -1.5131818355e+00  5.3167561737e-01  -2.0448574529e+00
5.085882  -1.5462229966e+00  5.0382770731e-01  -2.0500507039e+00
5.086993  -1.5860379771e+00  4.7644453979e-01  -2.0624825169e+00
5.088105  -1.6322544838e+00  4.4970444728e-01  -2.0819589310e+00
5.089216  -1.6843336306e+00  4.2376830854e-01  -2.1081019391e+00
5.090327  -1.7415816652e+00  3.9877575386e-01  -2.1403574191e+00
5.091439  -1.8031660275e+00  3.7484202618e-01  -2.1780080537e+00
5.092550  -1.8681353203e+00  3.5205557687e-01  -2.2201908972e+00
5.093661  -1.9354426634e+00  3.3047645299e-01  -2.2659191164e+00
5.094773  -2.0039718039e+00  3.1013550900e-01  -2.3141073129e+00
5.095884  -2.0725652787e+00  2.9103445172e-01  -2.3635997304e+00
5.096996  -2.1400538672e+00  2.7314670315e-01  -2.4132005703e+00
5.098107  -2.2052865325e+00  2.5641904218e-01  -2.4617055747e+00
5.099218  -2.2671600363e+00  2.4077396430e-01  -2.5079340006e+00
5.100330  -2.3246474184e+00  2.2611267821e-01  -2.5507600967e+00
5.101441  -2.3768245645e+00  2.1231864092e-01  -2.5891432054e+00
5.102552  -2.4228941332e+00  1.9926151861e-01  -2.6221556518e+00
5.103664  -2.4622061908e+00  1.8680144961e-01  -2.6490076404e+00
5.104775  -2.4942749882e+00  1.7479347872e-01  -2.6690684669e+00
5.105886  -2.5187914226e+00  1.6309202893e-01  -2.6818834515e+00
5.106998  -2.5356308440e+00  1.5155527749e-01  -2.6871861214e+00
5.108109  -2.5448559964e+00  1.4004930789e-01  -2.6849053043e+00
5.109220  -2.5467150155e+00  1.2845191775e-01  -2.6751669333e+00
5.110332  -2.5416345410e+00  1.1665597468e-01  -2.6582905157e+00
5.111443  -2.5302081372e+00  1.0457222705e-01  -2.6347803642e+00
5.112555  -2.5131803419e+00  9.2131494294e-02  -2.6053118362e+00
5.113666  -2.4914267848e+00  7.9286181036e-02  -2.5707129658e+00
5.114777  -2.4659309221e+00  6.6011080357e-02  -2.5319420025e+00
5.115889  -2.4377580268e+00  5.2303453692e-02  -2.4900614805e+00
5.117000  -2.4080271466e+00  3.8182396762e-02  -2.4462095434e+00
5.118111  -2.3778817959e+00  2.3687522704e-02  -2.4015693186e+00
5.119223  -2.3484601792e+00  8.8770139942e-03  -2.3573371932e+00
5.120334  -2.3208657545e+00  -6.1748864556e-03  -2.3146908680e+00
5.121445  -2.2961389311e+00  -2.1380858195e-02  -2.2747580729e+00
5.122557  -2.2752306631e+00  -3.6643859582e-02  -2.2385868035e+00
5.123668  -2.2589786427e+00  -5.1860746483e-02  -2.2071178962e+00
5.124779  -2.2480867224e+00  -6.6926035133e-02  -2.1811606872e+00
5.125891  -2.2431081043e+00  -8.1735687513e-02  -2.1613724168e+00
5.127002  -2.2444327260e+00  -9.6190797845e-02  -2.1482419281e+00
5.128114  -2.2522791548e+00  -1.1020106281e-01  -2.1420780920e+00
5.129225  -2.2666911759e+00  -1.2368792560e-01  -2.1430032503e+00
5.130336  -2.2875391287e+00  -1.3658729472e-01  -2.1509518340e+00
5.131448  -2.3145259131e+00  -1.4885175241e-01  -2.1656741607e+00
5.132559  -2.3471974600e+00  -1.6045218370e-01  -2.1867452763e+00
5.133670  -2.3849573364e+00  -1.7137877574e-01  -2.2135785607e+00
5.134782  -2.4270850435e+00  -1.8164135683e-01  -2.2454436867e+00
5.135893  -2.4727574668e+00  -1.9126906530e-01  -2.2814884015e+00
5.137004  -2.5210728542e+00  -2.0030935950e-01  -2.3207634947e+00
5.138116  -2.5710766309e+00  -2.0882640083e-01  -2.3622502301e+00
5.139227  -2.6217883159e+00  -2.1689886114e-01  -2.4048894547e+00
5.140339  -2.6722287789e+00  -2.2461722409e-01  -2.4476115548e+00
5.141450  -2.7214470754e+00  -2.3208066593e-01  -2.4893664094e+00
5.142561  -2.7685461121e+00  -2.3939361421e-01  -2.5291524979e+00
5.143673  -2.8127064406e+00  -2.4666209356e-01  -2.5660443470e+00
5.144784  -2.8532075285e+00  -2.5398997422e-01  -2.5992175543e+00
5.145895  -2.8894459427e+00  -2.6147524278e-01  -2.6279707000e+00
5.147007  -2.9209499644e+00  -2.6920641407e-01  -2.6517435503e+00
5.148118  -2.9473902652e+00  -2.7725919960e-01  -2.6701310656e+00
5.149229  -2.9685863894e+00  -2.8569354026e-01  -2.6828928492e+00
5.150341  -2.9845089055e+00  -2.9455110059e-01  -2.6899578049e+00
5.151452  -2.9952772173e+00  -3.0385330832e-01  -2.6914239090e+00
5.152563  -3.0011531492e+00  -3.1360000629e-01  -2.6875531429e+00
5.153675  -3.0025305373e+00  -3.2376876621e-01  -2.6787617711e+00
5.154786  -2.9999211727e+00  -3.3431489308e-01  -2.6656062797e+00
5.155898  -2.9939375427e+00  -3.4517212904e-01  -2.6487654137e+00
5.157009  -2.9852729043e+00  -3.5625404364e-01  -2.6290188607e+00
5.158120  -2.9746792957e+00  -3.6745607694e-01  -2.6072232187e+00
5.159232  -2.9629441447e+00  -3.7865818190e-01  -2.5842859628e+00
5.160343  -2.9508661682e+00  -3.8972799378e-01  -2.5611381745e+00
5.161454  -2.9392312695e+00  -4.0052443824e-01  -2.5387068313e+00
5.162566  -2.9287891340e+00  -4.1090167551e-01  -2.5178874585e+00
5.163677  -2.9202311979e+00  -4.2071326747e-01  -2.4995179304e+00
5.164788  -2.9141706177e+00  -4.2981644662e-01  -2.4843541711e+00
5.165900  -2.9111248031e+00  -4.3807636197e-01  -2.4730484412e+00
5.167011  -2.9115009985e+00  -4.4537017632e-01  -2.4661308222e+00
5.168122  -2.9155853034e+00  -4.5159089294e-01  -2.4639944104e+00
5.169234  -2.9235354180e+00  -4.5665079609e-01  -2.4668846219e+00
5.170345  -2.9353772896e+00  -4.6048440070e-01  -2.4748928889e+00
5.171457  -2.9510057192e+00  -4.6305081938e-01  -2.4879548999e+00
5.172568  -2.9701888703e+00  -4.6433547152e-01  -2.5058533988e+00
5.173679  -2.9925765095e+00  -4.6435107752e-01  -2.5282254320e+00
5.174791  -3.0177116987e+00  -4.6313790146e-01  -2.5545737972e+00
5.175902  -3.0450455596e+00  -4.6076322683e-01  -2.5842823328e+00
5.177013  -3.0739546445e+00  -4.5732007218e-01  -2.6166345724e+00
5.178125  -3.1037603735e+00  -4.5292517493e-01  -2.6508351985e+00
5.179236  -3.1337499408e+00  -4.4771629333e-01  -2.6860336475e+00
5.180347  -3.1631980563e+00  -4.4184889594e-01  -2.7213491604e+00
5.181459  -3.1913888651e+00  -4.3549232620e-01  -2.7558965389e+00
5.182570  -3.2176373902e+00  -4.2882554512e-01  -2.7888118451e+00
5.183681  -3.2413098610e+00  -4.2203256768e-01  -2.8192772933e+00
5.184793  -3.2618423279e+00  -4.1529771797e-01  -2.8465446099e+00
5.185904  -3.2787570183e+00  -4.0880083404e-01  -2.8699561843e+00
5.187016  -3.2916759612e+00  -4.0271255533e-01  -2.8889634058e+00
5.188127  -3.3003314889e+00  -3.9718982411e-01  -2.9031416648e+00
5.189238  -3.3045733249e+00  -3.9237172696e-01  -2.9122015979e+00
5.190350  -3.3043720644e+00  -3.8837579312e-01  -2.9159962713e+00
5.191461  -3.2998189688e+00  -3.8529485442e-01  -2.9145241143e+00
5.192572  -3.2911221006e+00  -3.8319455614e-01  -2.9079275444e+00
5.193684  -3.2785989391e+00  -3.8211158990e-01  -2.8964873492e+00
5.194795  -3.2626657177e+00  -3.8205270027e-01  -2.8806130175e+00
5.195906  -3.2438238238e+00  -3.8299449463e-01  -2.8608293291e+00
5.197018  -3.2226436852e+00  -3.8488406401e-01  -2.8377596212e+00
5.198129  -3.1997466447e+00  -3.8764039950e-01  -2.8121062452e+00
5.199240  -3.1757853769e+00  -3.9115656698e-01  -2.7846288099e+00
5.200352  -3.1514234482e+00  -3.9530258145e-01  -2.7561208668e+00
5.201463  -3.1273146402e+00  -3.9992890264e-01  -2.7273857375e+00
5.202575  -3.1040826631e+00  -4.0487045620e-01  -2.6992122069e+00
5.203686  -3.0823018724e+00  -4.0995107019e-01  -2.6723508022e+00
5.204797  -3.0624795681e+00  -4.1498820454e-01  -2.6474913636e+00
5.205909  -3.0450404079e+00  -4.1979784351e-01  -2.6252425644e+00
5.207020  -3.0303134007e+00  -4.2419941604e-01  -2.6061139847e+00
5.208131  -3.0185218674e+00  -4.2802060866e-01  -2.5905012587e+00
5.209243  -3.0097766656e+00  -4.3110193837e-01  -2.5786747273e+00
5.210354  -3.0040728792e+00  -4.3330095988e-01  -2.5707719193e+00
5.211465  -3.0012900643e+00  -4.3449599188e-01  -2.5667940724e+00
5.212577  -3.0011960415e+00  -4.3458926054e-01  -2.5666067810e+00
5.213688  -3.0034541148e+00  -4.3350937504e-01  -2.5699447397e+00
5.214799  -3.0076334963e+00  -4.3121306865e-01  -2.5764204276e+00
5.215911  -3.0132226201e+00  -4.2768615949e-01  -2.5855364606e+00
5.217022  -3.0196449422e+00  -4.2294370718e-01  -2.5967012350e+00
5.218134  -3.0262767497e+00  -4.1702936417e-01  -2.6092473856e+00
5.219245  -3.0324664437e+00  -4.1001394294e-01  -2.6224525008e+00
5.220356  -3.0375547145e+00  -4.0199324248e-01  -2.6355614720e+00
5.221468  -3.0408950038e+00  -3.9308519776e-01  -2.6478098061e+00
5.222579  -3.0418736401e+00  -3.8342643527e-01  -2.6584472048e+00
5.223690  -3.0399290406e+00  -3.7316833351e-01  -2.6667607071e+00
5.224802  -3.0345694058e+00  -3.6247270148e-01  -2.6720967043e+00
5.225913  -3.0253883740e+00  -3.5150719829e-01  -2.6738811757e+00
5.227024  -3.0120781653e+00  -3.4044062402e-01  -2.6716375413e+00
5.228136  -2.9944398200e+00  -3.2943821498e-01  -2.6650016050e+00
5.229247  -2.9723902213e+00  -3.1865707619e-01  -2.6537331452e+00
5.230359  -2.9459656892e+00  -3.0824187926e-01  -2.6377238100e+00
5.231470  -2.9153220326e+00  -2.9832094594e-01  -2.6170010867e+00
5.232581  -2.8807310542e+00  -2.8900282640e-01  -2.5917282278e+00
5.233693  -2.8425736046e+00  -2.8037346660e-01  -2.5622001380e+00
5.234804  -2.8013293876e+00  -2.7249404217e-01  -2.5288353455e+00
5.235915  -2.7575638130e+00  -2.6539951710e-01  -2.4921642959e+00
5.237027  -2.7119122807e+00  -2.5909796442e-01  -2.4528143163e+00
5.238138  -2.6650623573e+00  -2.5357066459e-01  -2.4114916927e+00
5.239249  -2.6177343675e+00  -2.4877297486e-01  -2.3689613926e+00
5.240361  -2.5706609699e+00  -2.4463594106e-01  -2.3260250288e+00
5.241472  -2.5245663183e+00  -2.4106860217e-01  -2.2834977162e+00
5.242583  -2.4801454193e+00  -2.3796091847e-01  -2.2421845008e+00
5.243695  -2.4380442941e+00  -2.3518723665e-01  -2.2028570575e+00
5.244806  -2.3988415284e+00  -2.3261019001e-01  -2.1662313384e+00
5.245918  -2.3630317513e+00  -2.3008492006e-01  -2.1329468312e+00
5.247029  -2.3310115308e+00  -2.2746349697e-01  -2.1035480338e+00
5.248140  -2.3030681012e+00  -2.2459941110e-01  -2.0784686900e+00
5.249252  -2.2793712523e+00  -2.2135200624e-01  -2.0580192460e+00
5.250363  -2.2599686223e+00  -2.1759072738e-01  -2.0423778950e+00
5.251474  -2.2447845318e+00  -2.1319906152e-01  -2.0315854703e+00
5.252586  -2.2336223938e+00  -2.0807805928e-01  -2.0255443345e+00
5.253697  -2.2261706327e+00  -2.0214933755e-01  -2.0240212951e+00
5.254808  -2.2220119360e+00  -1.9535747840e-01  -2.0266544576e+00
5.255920  -2.2206355719e+00  -1.8767175729e-01  -2.0329638146e+00
5.257031  -2.2214524104e+00  -1.7908715299e-01  -2.0423652575e+00
5.258142  -2.2238122101e+00  -1.6962461222e-01  -2.0541875978e+00
5.259254  -2.2270226636e+00  -1.5933056377e-01  -2.0676920998e+00
5.260365  -2.2303696474e+00  -1.4827569807e-01  -2.0820939494e+00
5.261477  -2.2331380817e+00  -1.3655304938e-01  -2.0965850323e+00
5.262588  -2.2346327917e+00  -1.2427543764e-01  -2.1103573541e+00
5.263699  -2.2341987628e+00  -1.1157234505e-01  -2.1226264177e+00
5.264811  -2.2312401953e+00  -9.8586318603e-02  -2.1326538767e+00
5.265922  -2.2252378074e+00  -8.5469002979e-02  -2.1397688044e+00
5.267033  -2.2157638786e+00  -7.2376918479e-02  -2.1433869601e+00
5.268145  -2.2024945993e+00  -5.9467105684e-02  -2.1430274937e+00
5.269256  -2.1852193672e+00  -4.6892761912e-02  -2.1383266053e+00
5.270367  -2.1638467622e+00  -3.4798994408e-02  -2.1290477678e+00
5.271479  -2.1384070302e+00  -2.3318811470e-02  -2.1150882187e+00
5.272590  -2.1090510061e+00  -1.2569465488e-02  -2.0964815406e+00
5.273701  -2.0760455131e+00  -2.6492514678e-03  -2.0733962616e+00
5.274813  -2.0397653774e+00  6.3651488077e-03  -2.0461305262e+00
5.275924  -2.0006822968e+00  1.4420702716e-02  -2.0151029995e+00
5.277036  -1.9593508931e+00  2.1489386578e-02  -1.9808402797e+00
5.278147  -1.9163923623e+00  2.7568832575e-02  -1.9439611949e+00
5.279258  -1.8724762037e+00  3.2682246628e-02  -1.9051584503e+00
5.280370  -1.8283005676e+00  3.6877602005e-02  -1.8651781696e+00
5.281481  -1.7845717998e+00  4.0226134110e-02  -1.8247979339e+00
5.282592  -1.7419837844e+00  4.2820181883e-02  -1.7848039662e+00
5.283704  -1.7011976913e+00  4.4770439725e-02  -1.7459681311e+00
5.284815  -1.6628227240e+00  4.6202700578e-02  -1.7090254245e+00
5.285926  -1.6273984294e+00  4.7254184998e-02  -1.6746526144e+00
5.287038  -1.5953790911e+00  4.8069562634e-02  -1.6434486537e+00
5.288149  -1.5671206587e+00  4.8796780885e-02  -1.6159174395e+00
5.289260  -1.5428705965e+00  4.9582820619e-02  -1.5924534171e+00
5.290372  -1.5227609460e+00  5.0569500464e-02  -1.5733304464e+00
5.291483  -1.5068048018e+00  5.1889449314e-02  -1.5586942511e+00
5.292595  -1.4948963018e+00  5.3662361390e-02  -1.5485586632e+00
5.293706  -1.4868141265e+00  5.5991639656e-02  -1.5428057662e+00
5.294817  -1.4822284020e+00  5.8961521809e-02  -1.5411899238e+00
5.295929  -1.4807107984e+00  6.2634768849e-02  -1.5433455673e+00
5.297040  -1.4817475240e+00  6.7050979764e-02  -1.5487985038e+00
5.298151  -1.4847548284e+00  7.2225577620e-02  -1.5569804060e+00
5.299263  -1.4890965565e+00  7.8149492917e-02  -1.5672460494e+00
5.300374  -1.4941032330e+00  8.4789549902e-02  -1.5788927829e+00
5.301485  -1.4990921144e+00  9.2089541364e-02  -1.5911816558e+00
5.302597  -1.5033876159e+00  9.9971957681e-02  -1.6033595736e+00
5.303708  -1.5063415101e+00  1.0834031728e-01  -1.6146818274e+00
5.304819  -1.5073523037e+00  1.1708202857e-01  -1.6244343322e+00
5.305931  -1.5058832181e+00  1.2607169854e-01  -1.6319549167e+00
5.307042  -1.5014782477e+00  1.3517479055e-01  -1.6366530383e+00
5.308154  -1.4937758195e+00  1.4425152453e-01  -1.6380273440e+00
5.309265  -1.4825196551e+00  1.5316090602e-01  -1.6356805611e+00
5.310376  -1.4675665135e+00  1.6176476751e-01  -1.6293312810e+00
5.311488  -1.4488905882e+00  1.6993170556e-01  -1.6188222938e+00
5.312599  -1.4265844292e+00  1.7754080098e-01  -1.6041252301e+00
5.313710  -1.4008563633e+00  1.8448501569e-01  -1.5853413790e+00
5.314822  -1.3720244903e+00  1.9067417032e-01  -1.5626986606e+00
5.315933  -1.3405074300e+00  1.9603741849e-01  -1.5365448485e+00
5.317044  -1.3068120962e+00  2.0052514925e-01  -1.5073372454e+00
5.318156  -1.2715188546e+00  2.0411026552e-01  -1.4756291201e+00
5.319267  -1.2352645057e+00  2.0678880508e-01  -1.4420533108e+00
5.320379  -1.1987235907e+00  2.0857988931e-01  -1.4073034800e+00
5.321490  -1.1625885738e+00  2.0952500502e-01  -1.3721135788e+00
5.322601  -1.1275494834e+00  2.0968664345e-01  -1.3372361269e+00
5.323713  -1.0942736122e+00  2.0914633933e-01  -1.3034199515e+00
5.324824  -1.0633858748e+00  2.0800216995e-01  -1.2713880447e+00
5.325935  -1.0354504013e+00  2.0636578964e-01  -1.2418161909e+00
5.327047  -1.0109539096e+00  2.0435908805e-01  -1.2153129977e+00
5.328158  -9.9029134720e-01  2.0211057133e-01  -1.1924019185e+00
5.329269  -9.7375422493e-01  1.9975157269e-01  -1.1735057976e+00
5.330381  -9.6152198944e-01  1.9741240346e-01  -1.1589343929e+00
5.331492  -9.5365668786e-01  1.9521855691e-01  -1.1488752448e+00
5.332603  -9.5010108451e-01  1.9328707501e-01  -1.1433881595e+00
5.333715  -9.5068028666e-01  1.9172318328e-01  -1.1424034699e+00
5.334826  -9.5510683339e-01  1.9061729037e-01  -1.1457241238e+00
5.335938  -9.6298910023e-01  1.9004243823e-01  -1.1530315385e+00
5.337049  -9.7384277416e-01  1.9005227502e-01  -1.1638950492e+00
5.338160  -9.8710506394e-01  1.9067960761e-01  -1.1777846715e+00
5.339272  -1.0021512295e+00  1.9193557319e-01  -1.1940868027e+00
5.340383  -1.0183129463e+00  1.9380945153e-01  -1.2121223979e+00
5.341494  -1.0348979670e+00  1.9626912053e-01  -1.2311670875e+00
5.342606  -1.0512105017e+00  1.9926213896e-01  -1.2504726406e+00
5.343717  -1.0665717217e+00  2.0271742215e-01  -1.2692891438e+00
5.344828  -1.0803397817e+00  2.0654745922e-01  -1.2868872409e+00
5.345940  -1.0919287741e+00  2.1065100473e-01  -1.3025797788e+00
5.347051  -1.1008260566e+00  2.1491616432e-01  -1.3157422209e+00
5.348162  -1.1066074445e+00  2.1922378235e-01  -1.3258312269e+00
5.349274  -1.1089498187e+00  2.2345103145e-01  -1.3324008501e+00
5.350385  -1.1076407771e+00  2.2747509821e-01  -1.3351158753e+00
5.351497  -1.1025850451e+00  2.3117685666e-01  -1.3337619017e+00
5.352608  -1.0938074511e+00  2.3444442235e-01  -1.3282518734e+00
5.353719  -1.0814523791e+00  2.3717648319e-01  -1.3186288623e+00
5.354831  -1.0657797091e+00  2.3928531057e-01  -1.3050650197e+00
5.355942  -1.0471573608e+00  2.4069936366e-01  -1.2878567245e+00
5.357053  -1.0260506553e+00  2.4136541189e-01  -1.2674160672e+00
5.358165  -1.0030088026e+00  2.4125011532e-01  -1.2442589180e+00
5.359276  -9.7864890773e-01  2.4034101823e-01  -1.2189899260e+00
5.360387  -9.5363795899e-01  2.3864692864e-01  -1.1922848876e+00
5.361499  -9.2867332443e-01  2.3619767468e-01  -1.1648709991e+00
5.362610  -9.0446232346e-01  2.3304324669e-01  -1.1375055701e+00
5.363721  -8.8170147011e-01  2.2925235197e-01  -1.1109538221e+00
5.364833  -8.6105599325e-01  2.2491042612e-01  -1.0859664194e+00
5.365944  -8.4314023205e-01  2.2011716068e-01  -1.0632573927e+00
5.367056  -8.2849947942e-01  2.1498362051e-01  -1.0434830999e+00
5.368167  -8.1759380448e-01  2.0962903654e-01  -1.0272228410e+00
5.369278  -8.1078432781e-01  2.0417736809e-01  -1.0149616959e+00
5.370390  -8.0832235167e-01  1.9875373603e-01  -1.0070760877e+00
5.371501  -8.1034166468e-01  1.9348083106e-01  -1.0038224957e+00
5.372612  -8.1685424806e-01  1.8847540201e-01  -1.0053296501e+00
5.373724  -8.2774951136e-01  1.8384492632e-01  -1.0115944377e+00
5.374835  -8.4279708302e-01  1.7968455940e-01  -1.0224816424e+00
5.375946  -8.6165307757e-01  1.7607445074e-01  -1.0377275283e+00
5.377058  -8.8386965997e-01  1.7307750427e-01  -1.0569471642e+00
5.378169  -9.0890763159e-01  1.7073764675e-01  -1.0796452783e+00
5.379280  -9.3615167417e-01  1.6907865308e-01  -1.1052303272e+00
5.380392  -9.6492781096e-01  1.6810356140e-01  -1.1330313724e+00
5.381503  -9.9452257923e-01  1.6779469293e-01  -1.1623172722e+00
5.382615  -1.0242033586e+00  1.6811427428e-01  -1.1923176329e+00
5.383726  -1.0532392663e+00  1.6900564218e-01  -1.2222449085e+00
5.384837  -1.0809220132e+00  1.7039499376e-01  -1.2513170069e+00
5.385949  -1.1065861156e+00  1.7219362953e-01  -1.2787797452e+00
5.387060  -1.1296278783e+00  1.7430062218e-01  -1.3039285005e+00
5.388171  -1.1495225962e+00  1.7660583200e-01  -1.3261284282e+00
5.389283  -1.1658394781e+00  1.7899317980e-01  -1.3448326579e+00
5.390394  -1.1782538593e+00  1.8134408113e-01  -1.3595979404e+00
5.391505  -1.1865563496e+00  1.8354094091e-01  -1.3700972905e+00
5.392617  -1.1906586529e+00  1.8547060641e-01  -1.3761292593e+00
5.393728  -1.1905958898e+00  1.8702767791e-01  -1.3776235677e+00
5.394840  -1.1865253581e+00  1.8811758074e-01  -1.3746429389e+00
5.395951  -1.1787217683e+00  1.8865930982e-01  -1.3673810781e+00
5.397062  -1.1675690934e+00  1.8858776762e-01  -1.3561568610e+00
5.398174  -1.1535492723e+00  1.8785562845e-01  -1.3414049007e+00
5.399285  -1.1372280947e+00  1.8643467622e-01  -1.3236627709e+00
5.400396  -1.1192386795e+00  1.8431657823e-01  -1.3035552578e+00
5.401508  -1.1002630271e+00  1.8151307412e-01  -1.2817761012e+00
5.402619  -1.0810121812e+00  1.7805557641e-01  -1.2590677577e+00
5.403730  -1.0622055777e+00  1.7399419615e-01  -1.2361997738e+00
5.404842  -1.0445501784e+00  1.6939622400e-01  -1.2139464024e+00
5.405953  -1.0287199967e+00  1.6434411290e-01  -1.1930641096e+00
5.407064  -1.0153366065e+00  1.5893302303e-01  -1.1742696295e+00
5.408176  -1.0049512002e+00  1.5326800214e-01  -1.1582192023e+00
5.409287  -9.9802871340e-01  1.4746088514e-01  -1.1454895985e+00
5.410399  -9.9493447485e-01  1.4162700443e-01  -1.1365614793e+00
5.411510  -9.9592376551e-01  1.3588180814e-01  -1.1318055737e+00
5.412621  -1.0011345862e+00  1.3033748548e-01  -1.1314720717e+00
5.413733  -1.0105838392e+00  1.2509969819e-01  -1.1356835374e+00
5.414844  -1.0241670295e+00  1.2026451359e-01  -1.1444315431e+00
5.415955  -1.0416614904e+00  1.1591562862e-01  -1.1575771190e+00
5.417067  -1.0627330322e+00  1.1212196531e-01  -1.1748549975e+00
5.418178  -1.0869458179e+00  1.0893570742e-01  -1.1958815253e+00
5.419289  -1.1137751719e+00  1.0639083438e-01  -1.2201660063e+00
5.420401  -1.1426229446e+00  1.0450219436e-01  -1.2471251389e+00
5.421512  -1.1728349826e+00  1.0326514215e-01  -1.2761001247e+00
5.422623  -1.2037201913e+00  1.0265575100e-01  -1.3063759423e+00
5.423735  -1.2345706329e+00  1.0263159076e-01  -1.3372022236e+00
5.424846  -1.2646820718e+00  1.0313304798e-01  -1.3678151198e+00
5.425958  -1.2933743693e+00  1.0408514782e-01  -1.3974595171e+00
5.427069  -1.3200111315e+00  1.0539982316e-01  -1.4254109546e+00
5.428180  -1.3440180402e+00  1.0697856310e-01  -1.4509966033e+00
5.429292  -1.3648993337e+00  1.0871536221e-01  -1.4736146959e+00
5.430403  -1.3822519597e+00  1.1049988320e-01  -1.4927518429e+00
5.431514  -1.3957769907e+00  1.1222073972e-01  -1.5079977304e+00
5.432626  -1.4052879744e+00  1.1376880250e-01  -1.5190567769e+00
5.433737  -1.4107159787e+00  1.1504043178e-01  -1.5257564104e+00
5.434848  -1.4121111904e+00  1.1594054119e-01  -1.5280517316e+00
5.435960  -1.4096410265e+00  1.1638540355e-01  -1.5260264301e+00
5.437071  -1.4035848185e+00  1.1630511659e-01  -1.5198899351e+00
5.438182  -1.3943252306e+00  1.1564565699e-01  -1.5099708876e+00
5.439294  -1.3823366695e+00  1.1437046329e-01  -1.4967071328e+00
5.440405  -1.3681710268e+00  1.1246150186e-01  -1.4806325286e+00
5.441517  -1.3524411790e+00  1.0991978600e-01  -1.4623609650e+00
5.442628  -1.3358027286e+00  1.0676533363e-01  -1.4425680622e+00
5.443739  -1.3189345254e+00  1.0303656604e-01  -1.4219710915e+00
5.444851  -1.3025185400e+00  9.8789166358e-02  -1.4013077063e+00
5.445962  -1.2872196795e+00  9.4094432136e-02  -1.3813141116e+00
5.447073  -1.2736661389e+00  8.9037171381e-02  -1.3627033102e+00
5.448185  -1.2624308611e+00  8.3713204536e-02  -1.3461440656e+00
5.449296  -1.2540146503e+00  7.8226546415e-02  -1.3322411967e+00
5.450407  -1.2488314296e+00  7.2686351310e-02  -1.3215177809e+00
5.451519  -1.2471960749e+00  6.7203711310e-02  -1.3143997862e+00
5.452630  -1.2493151778e+00  6.1888402007e-02  -1.3112035798e+00
5.453741  -1.2552810049e+00  5.6845671141e-02  -1.3121266761e+00
5.454853  -1.2650688300e+00  5.2173164315e-02  -1.3172419943e+00
5.455964  -1.2785377101e+00  4.7958077746e-02  -1.3264957879e+00
5.457076  -1.2954346835e+00  4.4274621193e-02  -1.3397093047e+00
5.458187  -1.3154022600e+00  4.1181864997e-02  -1.3565841250e+00
5.459298  -1.3379889833e+00  3.8722033785e-02  -1.3767110171e+00
5.460410  -1.3626627514e+00  3.6919296185e-02  -1.3995820475e+00
5.461521  -1.3888265024e+00  3.5779085326e-02  -1.4246055878e+00
5.462632  -1.4158358046e+00  3.5287969243e-02  -1.4511237738e+00
5.463744  -1.4430178308e+00  3.5414074216e-02  -1.4784319050e+00
5.464855  -1.4696911627e+00  3.6108047827e-02  -1.5057992105e+00
5.465966  -1.4951858401e+00  3.7304532779e-02  -1.5324903728e+00
5.467078  -1.5188630690e+00  3.8924107547e-02  -1.5577871765e+00
5.468189  -1.5401340096e+00  4.0875636392e-02  -1.5810096460e+00
5.469300  -1.5584770933e+00  4.3058959317e-02  -1.6015360527e+00
5.470412  -1.5734533620e+00  4.5367842711e-02  -1.6188212047e+00
5.471523  -1.5847193799e+00  4.7693103928e-02  -1.6324124838e+00
5.472635  -1.5920373418e+00  4.9925818063e-02  -1.6419631599e+00
5.473746  -1.5952820808e+00  5.1960512912e-02  -1.6472425938e+00
5.474857  -1.5944447721e+00  5.3698258616e-02  -1.6481430307e+00
5.475969  -1.5896332259e+00  5.5049561671e-02  -1.6446827876e+00
5.477080  -1.5810687617e+00  5.5936978868e-02  -1.6370057406e+00
5.478191  -1.5690797569e+00  5.6297375028e-02  -1.6253771319e+00
5.479303  -1.5540920597e+00  5.6083758942e-02  -1.6101758186e+00
5.480414  -1.5366165491e+00  5.5266644353e-02  -1.5918831934e+00
5.481525  -1.5172342065e+00  5.3834896796e-02  -1.5710691033e+00
5.482637  -1.4965791373e+00  5.1796042196e-02  -1.5483751795e+00
5.483748  -1.4753200414e+00  4.9176028935e-02  -1.5244960703e+00
5.484860  -1.4541406734e+00  4.6018451050e-02  -1.5001591245e+00
5.485971  -1.4337198686e+00  4.2383256028e-02  -1.4761031246e+00
5.487082  -1.4147117157e+00  3.8344975673e-02  -1.4530566914e+00
5.488194  -1.3977264601e+00  3.3990532424e-02  -1.4317169926e+00
5.489305  -1.3833126941e+00  2.9416685847e-02  -1.4127293800e+00
5.490416  -1.3719413564e+00  2.4727194464e-02  -1.3966685509e+00
5.491528  -1.3639920074e+00  2.0029776294e-02  -1.3840217837e+00
5.492639  -1.3597417824e+00  1.5432957252e-02  -1.3751747397e+00
5.493750  -1.3593573432e+00  1.1042899709e-02  -1.3704002429e+00
5.494862  -1.3628900646e+00  6.9603039776e-03  -1.3698503685e+00
5.495973  -1.3702745931e+00  3.2774732163e-03  -1.3735520663e+00
5.497084  -1.3813308211e+00  7.5627346361e-05  -1.3814064485e+00
5.498196  -1.3957692151e+00  -2.5774558128e-03  -1.3931917593e+00
5.499307  -1.4131993419e+00  -4.6294036680e-03  -1.4085699382e+00
5.500419  -1.4331413425e+00  -6.0447593666e-03  -1.4270965832e+00
5.501530  -1.4550400157e+00  -6.8059961456e-03  -1.4482340195e+00
5.502641  -1.4782810981e+00  -6.9140065148e-03  -1.4713670916e+00
5.503753  -1.5022092652e+00  -6.3880526667e-03  -1.4958212125e+00
5.504864  -1.5261473239e+00  -5.2651802676e-03  -1.5208821437e+00
5.505975  -1.5494160364e+00  -3.5991134639e-03  -1.5458169229e+00
5.507087  -1.5713539932e+00  -1.4586640742e-03  -1.5698953291e+00
5.508198  -1.5913369568e+00  1.0742979123e-03  -1.5924112547e+00
5.509309  -1.6087961073e+00  3.9072526529e-03  -1.6127033600e+00
5.510421  -1.6232346592e+00  6.9397467226e-03  -1.6301744060e+00
5.511532  -1.6342423627e+00  1.0066337574e-02  -1.6443087003e+00
5.512643  -1.6415074665e+00  1.3179679861e-02  -1.6546871464e+00
5.513755  -1.6448257943e+00  1.6173663276e-02  -1.6609994576e+00
5.514866  -1.6441066692e+00  1.8946510164e-02  -1.6630531793e+00
5.515978  -1.6393755159e+00  2.1403742489e-02  -1.6607792584e+00
5.517089  -1.6307730649e+00  2.3460931634e-02  -1.6542339965e+00
5.518200  -1.6185511841e+00  2.5046151026e-02  -1.6435973351e+00
5.519312  -1.6030654613e+00  2.6102060318e-02  -1.6291675216e+00
5.520423  -1.5847647559e+00  2.6587560744e-02  -1.6113523166e+00
5.521534  -1.5641780267e+00  2.6478973864e-02  -1.5906570006e+00
5.522646  -1.5418988233e+00  2.5770709889e-02  -1.5676695332e+00
5.523757  -1.5185678938e+00  2.4475406748e-02  -1.5430433006e+00
5.524868  -1.4948544208e+00  2.2623536506e-02  -1.5174779573e+00
5.525980  -1.4714364329e+00  2.0262491341e-02  -1.4916989242e+00
5.527091  -1.4489809662e+00  1.7455176422e-02  -1.4664361426e+00
5.528202  -1.4281245562e+00  1.4278151427e-02  -1.4424027077e+00
5.529314  -1.4094546292e+00  1.0819375536e-02  -1.4202740047e+00
5.530425  -1.3934923378e+00  7.1756222292e-03  -1.4006679600e+00
5.531537  -1.3806773422e+00  3.4496397989e-03  -1.3841269820e+00
5.532648  -1.3713549795e+00  -2.5285924181e-04  -1.3711021202e+00
5.533759  -1.3657661969e+00  -3.8262917647e-03  -1.3619399052e+00
5.534871  -1.3640405407e+00  -7.1682902667e-03  -1.3568722504e+00
5.535982  -1.3661924042e+00  -1.0182691715e-02  -1.3560097125e+00
5.537093  -1.3721206435e+00  -1.2782341926e-02  -1.3593383016e+00
5.538205  -1.3816115699e+00  -1.4891633933e-02  -1.3667199360e+00
5.539316  -1.3943452295e+00  -1.6448706653e-02  -1.3778965228e+00
5.540427  -1.4099047851e+00  -1.7407240212e-02  -1.3924975449e+00
5.541539  -1.4277887244e+00  -1.7737796130e-02  -1.4100509283e+00
5.542650  -1.4474255352e+00  -1.7428663932e-02  -1.4299968713e+00
5.543761  -1.4681904185e+00  -1.6486190211e-02  -1.4517042282e+00
5.544873  -1.4894235481e+00  -1.4934581309e-02  -1.4744889668e+00
5.545984  -1.5104493444e+00  -1.2815186132e-02  -1.4976341583e+00
5.547096  -1.5305961955e+00  -1.0185280826e-02  -1.5204109147e+00
5.548207  -1.5492160512e+00  -7.1163914682e-03  -1.5420996597e+00
5.549318  -1.5657033164e+00  -3.6922044182e-03  -1.5620111120e+00
5.550430  -1.5795124917e+00  -6.1258919138e-06  -1.5795063658e+00
5.551541  -1.5901740474e+00  3.8414375362e-03  -1.5940154849e+00
5.552652  -1.5973080670e+00  7.7459977581e-03  -1.6050540648e+00
5.553764  -1.6006352643e+00  1.1602017860e-02  -1.6122372822e+00
5.554875  -1.5999850524e+00  1.5305970134e-02  -1.6152910226e+00
5.555986  -1.5953004322e+00  1.8759330173e-02  -1.6140597624e+00
5.557098  -1.5866395594e+00  2.1871419833e-02  -1.6085109792e+00
5.558209  -1.5741739465e+00  2.4562016440e-02  -1.5987359630e+00
5.559320  -1.5581833560e+00  2.6763652523e-02  -1.5849470085e+00
5.560432  -1.5390475353e+00  2.8423539572e-02  -1.5674710748e+00
5.561543  -1.5172350390e+00  2.9505060343e-02  -1.5467400993e+00
5.562655  -1.4932894676e+00  2.9988786970e-02  -1.5232782546e+00
5.563766  -1.4678135267e+00  2.9872996012e-02  -1.4976865227e+00
5.564877  -1.4414513756e+00  2.9173666339e-02  -1.4706250419e+00
5.565989  -1.4148697832e+00  2.7923960833e-02  -1.4427937440e+00
5.567100  -1.3887386433e+00  2.6173207996e-02  -1.4149118513e+00
5.568211  -1.3637114207e+00  2.3985414087e-02  -1.3876968348e+00
5.569323  -1.3404060997e+00  2.1437350092e-02  -1.3618434498e+00
5.570434  -1.3193871931e+00  1.8616270156e-02  -1.3380034633e+00
5.571545  -1.3011493376e+00  1.5617328773e-02  -1.3167666664e+00
5.572657  -1.2861029540e+00  1.2540772702e-02  -1.2986437267e+00
5.573768  -1.2745623904e+00  9.4889900349e-03  -1.2840513804e+00
5.574880  -1.2667368949e+00  6.5635028643e-03  -1.2733003978e+00
5.575991  -1.2627246784e+00  3.8619914945e-03  -1.2665866699e+00
5.577102  -1.2625102393e+00  1.4754370633e-03  -1.2639856763e+00
5.578214  -1.2659650260e+00  -5.1453416442e-04  -1.2654504918e+00
5.579325  -1.2728514160e+00  -2.0380276167e-03  -1.2708133884e+00
5.580436  -1.2828298900e+00  -3.0389094069e-03  -1.2797909806e+00
5.581548  -1.2954691905e+00  -3.4764288521e-03  -1.2919927616e+00
5.582659  -1.3102591634e+00  -3.3263878450e-03  -1.3069327755e+00
5.583770  -1.3266259050e+00  -2.5818237339e-03  -1.3240440812e+00
5.584882  -1.3439487674e+00  -1.2531866428e-03  -1.3426955807e+00
5.585993  -1.3615787233e+00  6.3199302784e-04  -1.3622107163e+00
5.587104  -1.3788575499e+00  3.0299362678e-03  -1.3818874862e+00
5.588216  -1.3951372689e+00  5.8819210651e-03  -1.4010191899e+00
5.589327  -1.4097992719e+00  9.1160229217e-03  -1.4189152948e+00
5.590439  -1.4222725707e+00  1.2649238586e-02  -1.4349218093e+00
5.591550  -1.4320506369e+00  1.6389930210e-02  -1.4484405671e+00
5.592661  -1.4387063380e+00  2.0240517858e-02  -1.4589468558e+00
5.593773  -1.4419045322e+00  2.4100341180e-02  -1.4660048734e+00
5.594884  -1.4414119547e+00  2.7868606225e-02  -1.4692805610e+00
5.595995  -1.4371041046e+00  3.1447331039e-02  -1.4685514357e+00
5.597107  -1.4289689339e+00  3.4744203875e-02  -1.4637131377e+00
5.598218  -1.4171072302e+00  3.7675270540e-02  -1.4547825007e+00
5.599329  -1.4017296841e+00  4.0167372533e-02  -1.4418970566e+00
5.600441  -1.3831507282e+00  4.2160265070e-02  -1.4253109933e+00
5.601552  -1.3617793297e+00  4.3608353571e-02  -1.4053876832e+00
5.602663  -1.3381070075e+00  4.4481998428e-02  -1.3825890059e+00
5.603775  -1.3126934277e+00  4.4768350613e-02  -1.3574617783e+00
5.604886  -1.2861499986e+00  4.4471694468e-02  -1.3306216930e+00
5.605998  -1.2591219490e+00  4.3613288467e-02  -1.3027352375e+00
5.607109  -1.2322694149e+00  4.2230709461e-02  -1.2745001243e+00
5.608220  -1.2062480898e+00  4.0376720420e-02  -1.2466248102e+00
5.609332  -1.1816900067e+00  3.8117695627e-02  -1.2198077023e+00
5.610443  -1.1591850150e+00  3.5531650140e-02  -1.1947166651e+00
5.611554  -1.1392634950e+00  3.2705931869e-02  -1.1719694268e+00
5.612666  -1.1223808179e+00  2.9734644400e-02  -1.1521154623e+00
5.613777  -1.1089040054e+00  2.6715876442e-02  -1.1356198818e+00
5.614888  -1.0991009800e+00  2.3748819347e-02  -1.1228497994e+00
5.616000  -1.0931327213e+00  2.0930857279e-02  -1.1140635786e+00
5.617111  -1.0910485569e+00  1.8354715281e-02  -1.1094032722e+00
5.618222  -1.0927847259e+00  1.6105748665e-02  -1.1088904745e+00
5.619334  -1.0981662571e+00  1.4259452880e-02  -1.1124257100e+00
5.620445  -1.1069121054e+00  1.2879266429e-02  -1.1197913718e+00
5.621557  -1.1186433962e+00  1.2014730731e-02  -1.1306581270e+00
5.622668  -1.1328945358e+00  1.1700060255e-02  -1.1445945961e+00
5.623779  -1.1491268612e+00  1.1953164180e-02  -1.1610800253e+00
5.624891  -1.1667444302e+00  1.2775147527e-02  -1.1795195777e+00
5.626002  -1.1851114884e+00  1.4150305660e-02  -1.1992617940e+00
5.627113  -1.2035711011e+00  1.6046611542e-02  -1.2196177127e+00
5.628225  -1.2214644047e+00  1.8416680755e-02  -1.2398810855e+00
5.629336  -1.2381499135e+00  2.1199185274e-02  -1.2593490987e+00
5.630447  -1.2530223163e+00  2.4320673917e-02  -1.2773429903e+00
5.631559  -1.2655302140e+00  2.7697745548e-02  -1.2932279596e+00
5.632670  -1.2751922763e+00  3.1239510823e-02  -1.3064317871e+00
5.633781  -1.2816113470e+00  3.4850269951e-02  -1.3164616169e+00
5.634893  -1.2844860851e+00  3.8432327698e-02  -1.3229184128e+00
5.636004  -1.2836198000e+00  4.1888862958e-02  -1.3255086629e+00
5.637116  -1.2789262235e+00  4.5126768727e-02  -1.3240529922e+00
5.638227  -1.2704320508e+00  4.8059379319e-02  -1.3184914301e+00
5.639338  -1.2582761749e+00  5.0609005064e-02  -1.3088851799e+00
5.640450  -1.2427056395e+00  5.2709200484e-02  -1.2954148399e+00
5.641561  -1.2240684276e+00  5.4306699841e-02  -1.2783751274e+00
5.642672  -1.2028032983e+00  5.5362963810e-02  -1.2581662621e+00
5.643784  -1.1794269700e+00  5.5855292464e-02  -1.2352822624e+00
5.644895  -1.1545190238e+00  5.5777472535e-02  -1.2102964964e+00
5.646006  -1.1287049722e+00  5.5139940605e-02  -1.1838449128e+00
5.647118  -1.1026379851e+00  5.3969458072e-02  -1.1566074431e+00
5.648229  -1.0769798112e+00  5.2308308046e-02  -1.1292881192e+00
5.649341  -1.0523814510e+00  5.0213038317e-02  -1.1025944893e+00
5.650452  -1.0294641474e+00  4.7752787797e-02  -1.0772169352e+00
5.651563  -1.0088012493e+00  4.5007246003e-02  -1.0538084953e+00
5.652675  -9.9090147965e-01  4.2064305804e-02  -1.0329657855e+00
5.653786  -9.7619409467e-01  3.9017478587e-02  -1.0152115733e+00
5.654897  -9.6501636981e-01  3.5963147849e-02  -1.0009795177e+00
5.656009  -9.5760377615e-01  3.2997741873e-02  -9.9060151802e-01
5.657120  -9.5408313435e-01  3.0214908385e-02  -9.8429804273e-01
5.658231  -9.5446894504e-01  2.7702773958e-02  -9.8217171899e-01
5.659343  -9.5866300187e-01  2.5541368323e-02  -9.8420437019e-01
5.660454  -9.6645729744e-01  2.3800288814e-02  -9.9025758625e-01
5.661565  -9.7754013568e-01  2.2536673065e-02  -1.0000768087e+00
5.662677  -9.9150527099e-01  2.1793538948e-02  -1.0132988099e+00
5.663788  -1.0078638055e+00  2.1598539910e-02  -1.0294623454e+00
5.664900  -1.0260584954e+00  2.1963171670e-02  -1.0480216670e+00
5.666011  -1.0454800473e+00  2.2882452935e-02  -1.0683625002e+00
5.667122  -1.0654849272e+00  2.4335088922e-02  -1.0898200162e+00
5.668234  -1.0854141602e+00  2.6284112294e-02  -1.1116982725e+00
5.669345  -1.1046125713e+00  2.8677982175e-02  -1.1332905535e+00
5.670456  -1.1224479045e+00  3.1452108484e-02  -1.1539000130e+00
5.671568  -1.1383292612e+00  3.4530756451e-02  -1.1728600176e+00
5.672679  -1.1517243182e+00  3.7829275070e-02  -1.1895535933e+00
5.673790  -1.1621748243e+00  4.1256583854e-02  -1.2034314082e+00
5.674902  -1.1693099214e+00  4.4717844741e-02  -1.2140277662e+00
5.676013  -1.1728569025e+00  4.8117240716e-02  -1.2209741433e+00
5.677124  -1.1726490939e+00  5.1360779633e-02  -1.2240098735e+00
5.678236  -1.1686306315e+00  5.4359041125e-02  -1.2229896726e+00
5.679347  -1.1608579945e+00  5.7029786225e-02  -1.2178877808e+00
5.680459  -1.1494982532e+00  5.9300353474e-02  -1.2087986066e+00
5.681570  -1.1348240827e+00  6.1109771591e-02  -1.1959338543e+00
5.682681  -1.1172056935e+00  6.2410527221e-02  -1.1796162207e+00
5.683793  -1.0970999130e+00  6.3169936400e-02  -1.1602698494e+00
5.684904  -1.0750367428e+00  6.3371080073e-02  -1.1384078229e+00
5.686015  -1.0516037842e+00  6.3013276813e-02  -1.1146170610e+00
5.687127  -1.0274289896e+00  6.2112079465e-02  -1.0895410691e+00
5.688238  -1.0031622471e+00  6.0698796391e-02  -1.0638610435e+00
5.689349  -9.7945633528e-01  5.8819551950e-02  -1.0382758872e+00
5.690461  -9.5694780871e-01  5.6533914253e-02  -1.0134817230e+00
5.691572  -9.3623837194e-01  5.3913130962e-02  -9.9015150290e-01
5.692683  -9.1787728771e-01  5.1038025246e-02  -9.6891531295e-01
5.693795  -9.0234533354e-01  4.7996613959e-02  -9.5034194750e-01
5.694906  -8.9004077542e-01  4.4881518132e-02  -9.3492229356e-01
5.696018  -8.8126776797e-01  4.1787241885e-02  -9.2305500986e-01
5.697129  -8.7622751921e-01  3.8807399631e-02  -9.1503491884e-01
5.698240  -8.7501247688e-01  3.6031972847e-02  -9.1104444973e-01
5.699352  -8.7760370467e-01  3.3544676748e-02  -9.1114838141e-01
5.700463  -8.8387152300e-01  3.1420513871e-02  -9.1529203687e-01
5.701574  -8.9357939372e-01  2.9723586020e-02  -9.2330297974e-01
5.702686  -9.0639093265e-01  2.8505228364e-02  -9.3489616101e-01
5.703797  -9.2187984261e-01  2.7802519990e-02  -9.4968236260e-01
5.704908  -9.3954247413e-01  2.7637214092e-02  -9.6717968822e-01
5.706020  -9.5881264398e-01  2.8015118674e-02  -9.8682776265e-01
5.707131  -9.7907827613e-01  2.8925945379e-02  -1.0080042215e+00
5.708242  -9.9969937607e-01  3.0343630352e-02  -1.0300430064e+00
5.709354  -1.0200268111e+00  3.2227117198e-02  -1.0522539283e+00
5.710465  -1.0394213457e+00  3.4521578571e-02  -1.0739429243e+00
5.711577  -1.0572723734e+00  3.7160040125e-02  -1.0944324136e+00
5.712688  -1.0730157971e+00  4.0065358792e-02  -1.1130811559e+00
5.713799  -1.0861505330e+00  4.3152497044e-02  -1.1293030301e+00
5.714911  -1.0962531565e+00  4.6331026167e-02  -1.1425841827e+00
5.716022  -1.1029902603e+00  4.9507784985e-02  -1.1524980453e+00
5.717133  -1.1061281643e+00  5.2589615937e-02  -1.1587177803e+00
5.718245  -1.1055396944e+00  5.5486098284e-02  -1.1610257927e+00
5.719356  -1.1012078318e+00  5.8112198372e-02  -1.1593200302e+00
5.720467  -1.0932261291e+00  6.0390759380e-02  -1.1536168885e+00
5.721579  -1.0817958807e+00  6.2254757795e-02  -1.1440506385e+00
5.722690  -1.0672201340e+00  6.3649260742e-02  -1.1308693947e+00
5.723801  -1.0498947170e+00  6.4533027146e-02  -1.1144277441e+00
5.724913  -1.0302965482e+00  6.4879706180e-02  -1.0951762543e+00
5.726024  -1.0089695722e+00  6.4678598318e-02  -1.0736481705e+00
5.727136  -9.8650873474e-01  6.3934957135e-02  -1.0504436919e+00
5.728247  -9.6354246865e-01  6.2669823489e-02  -1.0262122921e+00
5.729358  -9.4071420427e-01  6.0919397425e-02  -1.0016336017e+00
5.730470  -9.1866344812e-01  5.8733966646e-02  -9.7739741477e-01
5.731581  -8.9800698446e-01  5.6176423419e-02  -9.5418340788e-01
5.732692  -8.7932075153e-01  5.3320413733e-02  -9.3264116527e-01
5.733804  -8.6312292378e-01  5.0248173330e-02  -9.1337109711e-01
5.734915  -8.4985869614e-01  4.7048114263e-02  -8.9690681040e-01
5.736026  -8.3988721615e-01  4.3812232957e-02  -8.8369944911e-01
5.737138  -8.3347104659e-01  4.0633415827e-02  -8.7410446242e-01
5.738249  -8.3076846696e-01  3.7602721500e-02  -8.6837118846e-01
5.739361  -8.3182883895e-01  3.4806719224e-02  -8.6663555818e-01
5.740472  -8.3659117078e-01  3.2324961394e-02  -8.6891613217e-01
5.741583  -8.4488592177e-01  3.0227664040e-02  -8.7511358581e-01
5.742695  -8.5643999324e-01  2.8573663029e-02  -8.8501365627e-01
5.743806  -8.7088475854e-01  2.7408705544e-02  -8.9829346408e-01
5.744917  -8.8776689583e-01  2.6764126532e-02  -9.1453102237e-01
5.746029  -9.0656170517e-01  2.6655948517e-02  -9.3321765369e-01
5.747140  -9.2668851860e-01  2.7084430694e-02  -9.5377294929e-01
5.748251  -9.4752775083e-01  2.8034080080e-02  -9.7556183091e-01
5.749363  -9.6843908982e-01  2.9474123924e-02  -9.9791321374e-01
5.750474  -9.8878029357e-01  3.1359429087e-02  -1.0201397227e+00
5.751585  -1.0079260415e+00  3.3631841027e-02  -1.0415578826e+00
5.752697  -1.0252862876e+00  3.6221902762e-02  -1.0615081904e+00
5.753808  -1.0403235767e+00  3.9050903095e-02  -1.0793744798e+00
5.754920  -1.0525688168e+00  4.2033193800e-02  -1.0946020106e+00
5.756031  -1.0616350443e+00  4.5078707647e-02  -1.1067137520e+00
5.757142  -1.0672287794e+00  4.8095603336e-02  -1.1153243828e+00
5.758254  -1.0691586383e+00  5.0992959757e-02  -1.1201515981e+00
5.759365  -1.0673409504e+00  5.3683440639e-02  -1.1210243911e+00
5.760476  -1.0618022164e+00  5.6085851581e-02  -1.1178880680e+00
5.761588  -1.0526783346e+00  5.8127514704e-02  -1.1108058493e+00
5.762699  -1.0402106191e+00  5.9746391553e-02  -1.0999570106e+00
5.763810  -1.0247387276e+00  6.0892892340e-02  -1.0856316200e+00
5.764922  -1.0066907048e+00  6.1531318853e-02  -1.0682220237e+00
5.766033  -9.8657043478e-01  6.1640899120e-02  -1.0482113339e+00
5.767144  -9.6494287028e-01  6.1216383945e-02  -1.0261592542e+00
5.768256  -9.4241747176e-01  6.0268188254e-02  -1.0026856600e+00
5.769367  -9.1963034188e-01  5.8822073552e-02  -9.7845241543e-01
5.770479  -8.9722557925e-01  5.6918381226e-02  -9.5414396048e-01
5.771590  -8.7583639796e-01  5.4610839574e-02  -9.3044723753e-01
5.772701  -8.5606656619e-01  5.1964979884e-02  -9.0803154607e-01
5.773813  -8.3847270798e-01  4.9056208316e-02  -8.8752891630e-01
5.774924  -8.2354798655e-01  4.5967590363e-02  -8.6951557691e-01
5.776035  -8.1170764720e-01  4.2787413015e-02  -8.5449506022e-01
5.777147  -8.0327684349e-01  3.9606596225e-02  -8.4288343971e-01
5.778258  -7.9848110276e-01  3.6516029578e-02  -8.3499713234e-01
5.779369  -7.9743971065e-01  3.3603912217e-02  -8.3104362287e-01
5.780481  -8.0016220772e-01  3.0953173886e-02  -8.3111538160e-01
5.781592  -8.0654810080e-01  2.8639052509e-02  -8.3518715331e-01
5.782703  -8.1638979722e-01  2.6726899062e-02  -8.4311669629e-01
5.783815  -8.2937867558e-01  2.5270273781e-02  -8.5464894936e-01
5.784926  -8.4511411498e-01  2.4309389162e-02  -8.6942350414e-01
5.786038  -8.6311521800e-01  2.3869944978e-02  -8.8698516298e-01
5.787149  -8.8283488375e-01  2.3962389060e-02  -9.0679727281e-01
5.788260  -9.0367581857e-01  2.4581625053e-02  -9.2825744362e-01
5.789372  -9.2500801520e-01  2.5707175287e-02  -9.5071519049e-01
5.790483  -9.4618718850e-01  2.7303793550e-02  -9.7349098205e-01
5.791594  -9.6657362756e-01  2.9322509402e-02  -9.9589613697e-01
5.792706  -9.8555091207e-01  3.1702073051e-02  -1.0172529851e+00
5.793817  -1.0025439450e+00  3.4370758110e-02  -1.0369147031e+00
5.794928  -1.0170357733e+00  3.7248469145e-02  -1.0542842425e+00
5.796040  -1.0285827052e+00  4.0249092027e-02  -1.0688317972e+00
5.797151  -1.0368272794e+00  4.3283018077e-02  -1.0801102975e+00
5.798262  -1.0415087103e+00  4.6259767972e-02  -1.0877684783e+00
5.799374  -1.0424704998e+00  4.9090638523e-02  -1.0915611383e+00
5.800485  -1.0396649961e+00  5.1691294863e-02  -1.0913562910e+00
5.801597  -1.0331547659e+00  5.3984232238e-02  -1.0871389981e+00
5.802708  -1.0231107387e+00  5.5901035508e-02  -1.0790117742e+00
5.803819  -1.0098071804e+00  5.7384370440e-02  -1.0671915508e+00
5.804931  -9.9361364242e-01  5.8389648809e-02  -1.0520032912e+00
5.806042  -9.7498412304e-01  5.8886318910e-02  -1.0338704420e+00
5.807153  -9.5444375847e-01  5.8858744121e-02  -1.0133025026e+00
5.808265  -9.3257343430e-01  5.8306644231e-02  -9.9088007853e-01
5.809376  -9.0999276777e-01  5.7245087082e-02  -9.6723785486e-01
5.810487  -8.8734195968e-01  5.5704031237e-02  -9.4304599092e-01
5.811599  -8.6526304726e-01  5.3727433556e-02  -9.1899048081e-01
5.812710  -8.4438110717e-01  5.1371948231e-02  -8.9575305540e-01
5.813822  -8.2528595892e-01  4.8705255815e-02  -8.7399121473e-01
5.814933  -8.0851490414e-01  4.5804071526e-02  -8.5431897567e-01
5.816044  -7.9453700704e-01  4.2751891477e-02  -8.3728889852e-01
5.817156  -7.8373937578e-01  3.9636543059e-02  -8.2337591884e-01
5.818267  -7.7641584600e-01  3.6547611394e-02  -8.1296345739e-01
5.819378  -7.7275839739e-01  3.3573817309e-02  -8.0633221470e-01
5.820490  -7.7285155382e-01  3.0800423624e-02  -8.0365197745e-01
5.821601  -7.7666993050e-01  2.8306745639e-02  -8.0497667614e-01
5.822712  -7.8407899902e-01  2.6163838564e-02  -8.1024283758e-01
5.823824  -7.9483904743e-01  2.4432429391e-02  -8.1927147682e-01
5.824935  -8.0861221835e-01  2.3161153458e-02  -8.3177337180e-01
5.826046  -8.2497241857e-01  2.2385146998e-02  -8.4735756557e-01
5.827158  -8.4341780918e-01  2.2125036444e-02  -8.6554284562e-01
5.828269  -8.6338550993e-01  2.2386353654e-02  -8.8577186359e-01
5.829381  -8.8426808689e-01  2.3159393664e-02  -9.0742748055e-01
5.830492  -9.0543133996e-01  2.4419518649e-02  -9.2985085861e-01
5.831603  -9.2623286951e-01  2.6127898659e-02  -9.5236076817e-01
5.832715  -9.4604087792e-01  2.8232666962e-02  -9.7427354488e-01
5.833826  -9.6425265585e-01  3.0670455654e-02  -9.9492311150e-01
5.834937  -9.8031221176e-01  3.3368266168e-02  -1.0136804779e+00
5.836049  -9.9372652899e-01  3.6245619482e-02  -1.0299721485e+00
5.837160  -1.0040799746e+00  3.9216922753e-02  -1.0432968973e+00
5.838271  -1.0110464383e+00  4.2193982804e-02  -1.0532404212e+00
5.839383  -1.0143988480e+00  4.5088592681e-02  -1.0594874407e+00
5.840494  -1.0140157814e+00  4.7815115414e-02  -1.0618308968e+00
5.841605  -1.0098849840e+00  5.0292989327e-02  -1.0601779734e+00
5.842717  -1.0021036892e+00  5.2449081570e-02  -1.0545527708e+00
5.843828  -9.9087573237e-01  5.4219821106e-02  -1.0450955535e+00
5.844940  -9.7650554530e-01  5.5553048914e-02  -1.0320585942e+00
5.846051  -9.5938920652e-01  5.6409531520e-02  -1.0157987380e+00
5.847162  -9.4000281113e-01  5.6764093884e-02  -9.9676690501e-01
5.848274  -9.1888850135e-01  5.6606338885e-02  -9.7549484023e-01
5.849385  -8.9663856739e-01  5.5940932782e-02  -9.5257950017e-01
5.850496  -8.7387808500e-01  5.4787448773e-02  -9.2866553378e-01
5.851608  -8.5124659850e-01  5.3179773729e-02  -9.0442637223e-01
5.852719  -8.2937938593e-01  5.1165095980e-02  -8.8054448191e-01
5.853830  -8.0888885530e-01  4.8802504282e-02  -8.5769135958e-01
5.854942  -7.9034661661e-01  4.6161239460e-02  -8.3650785607e-01
5.856053  -7.7426675457e-01  4.3318650356e-02  -8.1758540493e-01
5.857164  -7.6109079165e-01  4.0357914319e-02  -8.0144870597e-01
5.858276  -7.5117478126e-01  3.7365589323e-02  -7.8854037059e-01
5.859387  -7.4477890865e-01  3.4429069651e-02  -7.7920797830e-01
5.860499  -7.4205990326e-01  3.1634019845e-02  -7.7369392310e-01
5.861610  -7.4306648415e-01  2.9061862173e-02  -7.7212834632e-01
5.862721  -7.4773797083e-01  2.6787391233e-02  -7.7452536207e-01
5.863833  -7.5590609954e-01  2.4876585495e-02  -7.8078268503e-01
5.864944  -7.6729999065e-01  2.3384679750e-02  -7.9068467040e-01
5.866055  -7.8155412104e-01  2.2354554731e-02  -8.0390867577e-01
5.867167  -7.9821906688e-01  2.1815490784e-02  -8.2003455766e-01
5.868278  -8.1677470150e-01  2.1782321801e-02  -8.3855702330e-01
5.869389  -8.3664546099e-01  2.2255013805e-02  -8.5890047479e-01
5.870501  -8.5721722980e-01  2.3218680137e-02  -8.8043590993e-01
5.871612  -8.7785535130e-01  2.4644032382e-02  -9.0249938368e-01
5.872723  -8.9792323529e-01  2.6488253383e-02  -9.2441148868e-01
5.873835  -9.1680101727e-01  2.8696266337e-02  -9.4549728361e-01
5.874946  -9.3390372267e-01  3.1202362396e-02  -9.6510608507e-01
5.876058  -9.4869840435e-01  3.3932138700e-02  -9.8263054305e-01
5.877169  -9.6071975112e-01  3.6804689717e-02  -9.9752444084e-01
5.878280  -9.6958371077e-01  3.9734987410e-02  -1.0093186982e+00
5.879392  -9.7499872879e-01  4.2636380258e-02  -1.0176351090e+00
5.880503  -9.7677427410e-01  4.5423137733e-02  -1.0221974118e+00
5.881614  -9.7482640284e-01  4.8012965603e-02  -1.0228393684e+00
5.882726  -9.6918019762e-01  5.0329418307e-02  -1.0195096159e+00
5.883837  -9.5996901186e-01  5.2304137773e-02  -1.0122731496e+00
5.884948  -9.4743054176e-01  5.3878853188e-02  -1.0013093949e+00
5.886060  -9.3189984192e-01  5.5007083275e-02  -9.8690692519e-01
5.887171  -9.1379948988e-01  5.5655491455e-02  -9.6945498134e-01
5.888282  -8.9362718830e-01  5.5804854431e-02  -9.4943204273e-01
5.889394  -8.7194116856e-01  5.5450616158e-02  -9.2739178472e-01
5.890505  -8.4934382399e-01  5.4603011284e-02  -9.0394683527e-01
5.891617  -8.2646405248e-01  5.3286754844e-02  -8.7975080732e-01
5.892728  -8.0393882605e-01  5.1540307646e-02  -8.5547913369e-01
5.893839  -7.8239452753e-01  4.9414739261e-02  -8.3180926679e-01
5.894951  -7.6242860111e-01  4.6972222287e-02  -8.0940082340e-01
5.896062  -7.4459205421e-01  4.4284202335e-02  -7.8887625655e-01
5.897173  -7.2937332319e-01  4.1429297665e-02  -7.7080262085e-01
5.898285  -7.1718397516e-01  3.8490990257e-02  -7.5567496542e-01
5.899396  -7.0834666448e-01  3.5555176175e-02  -7.4390184066e-01
5.900507  -7.0308569618e-01  3.2707647156e-02  -7.3579334334e-01
5.901619  -7.0152047230e-01  3.0031577282e-02  -7.3155204958e-01
5.902730  -7.0366201250e-01  2.7605088406e-02  -7.3126710090e-01
5.903842  -7.0941265031e-01  2.5498965618e-02  -7.3491161593e-01
5.904953  -7.1856891319e-01  2.3774589577e-02  -7.4234350277e-01
5.906064  -7.3082750154e-01  2.2482146129e-02  -7.5330964767e-01
5.907176  -7.4579419077e-01  2.1659165438e-02  -7.6745335620e-01
5.908287  -7.6299539524e-01  2.1329433158e-02  -7.8432482839e-01
5.909398  -7.8189205478e-01  2.1502305248e-02  -8.0339436003e-01
5.910510  -8.0189543660e-01  2.2172446143e-02  -8.2406788274e-01
5.911621  -8.2238438931e-01  2.3319997597e-02  -8.4570438691e-01
5.912732  -8.4272354362e-01  2.4911172857e-02  -8.6763471648e-01
5.913844  -8.6228192613e-01  2.6899258402e-02  -8.8918118454e-01
5.914955  -8.8045144133e-01  2.9225993508e-02  -9.0967743484e-01
5.916066  -8.9666468021e-01  3.1823286879e-02  -9.2848796709e-01
5.917178  -9.1041153432e-01  3.4615219735e-02  -9.4502675405e-01
5.918289  -9.2125412867e-01  3.7520276396e-02  -9.5877440506e-01
5.919401  -9.2883963675e-01  4.0453736770e-02  -9.6929337352e-01
5.920512  -9.3291060260e-01  4.3330160491e-02  -9.7624076310e-01
5.921623  -9.3331246825e-01  4.6065889815e-02  -9.7937835806e-01
5.922735  -9.2999808657e-01  4.8581497879e-02  -9.7857958445e-01
5.923846  -9.2302908818e-01  5.0804110632e-02  -9.7383319881e-01
5.924957  -9.1257406279e-01  5.2669534490e-02  -9.6524359728e-01
5.926069  -8.9890360919e-01  5.4124127512e-02  -9.5302773671e-01
5.927180  -8.8238239928e-01  5.5126359497e-02  -9.3750875877e-01
5.928291  -8.6345848929e-01  5.5648015546e-02  -9.1910650483e-01
5.929403  -8.4265019184e-01  5.5675008146e-02  -8.9832519999e-01
5.930514  -8.2053089371e-01  5.5207774306e-02  -8.7573866802e-01
5.931625  -7.9771226437e-01  5.4261246510e-02  -8.5197351088e-01
5.932737  -7.7482634742e-01  5.2864398720e-02  -8.2769074615e-01
5.933848  -7.5250705949e-01  5.1059381133e-02  -8.0356644063e-01
5.934960  -7.3137163853e-01  4.8900269436e-02  -7.8027190796e-01
5.936071  -7.1200258473e-01  4.6451465603e-02  -7.5845405033e-01
5.937182  -6.9493062276e-01  4.3785797440e-02  -7.3871642020e-01
5.938294  -6.8061918392e-01  4.0982372882e-02  -7.2160155680e-01
5.939405  -6.6945086222e-01  3.8124252206e-02  -7.0757511443e-01
5.940516  -6.6171624050e-01  3.5296006578e-02  -6.9701224708e-01
5.941628  -6.5760541317e-01  3.2581234667e-02  -6.9018664783e-01
5.942739  -6.5720245298e-01  3.0060110175e-02  -6.8726256316e-01
5.943850  -6.6048298328e-01  2.7807032219e-02  -6.8829001550e-01
5.944962  -6.6731492578e-01  2.5888447380e-02  -6.9320337316e-01
5.946073  -6.7746240122e-01  2.4360907156e-02  -7.0182330837e-01
5.947184  -6.9059266776e-01  2.3269417610e-02  -7.1386208537e-01
5.948296  -7.0628589322e-01  2.2646129358e-02  -7.2893202258e-01
5.949407  -7.2404747398e-01  2.2509406052e-02  -7.4655688004e-01
5.950519  -7.4332253931e-01  2.2863298351e-02  -7.6618583766e-01
5.951630  -7.6351221561e-01  2.3697438465e-02  -7.8720965408e-01
5.952741  -7.8399117391e-01  2.4987358025e-02  -8.0897853194e-01
5.953853  -8.0412594619e-01  2.6695219585e-02  -8.3082116577e-01
5.954964  -8.2329347419e-01  2.8770939948e-02  -8.5206441414e-01
5.956075  -8.4089934719e-01  3.1153672041e-02  -8.7205301923e-01
5.957187  -8.5639519486e-01  3.3773601551e-02  -8.9016879641e-01
5.958298  -8.6929472616e-01  3.6554005349e-02  -9.0584873151e-01
5.959409  -8.7918794476e-01  3.9413511092e-02  -9.1860145585e-01
5.960521  -8.8575312550e-01  4.2268491520e-02  -9.2802161702e-01
5.961632  -8.8876620162e-01  4.5035523092e-02  -9.3380172471e-01
5.962743  -8.8810728869e-01  4.7633836742e-02  -9.3574112544e-01
5.963855  -8.8376415515e-01  4.9987688844e-02  -9.3375184399e-01
5.964966  -8.7583253860e-01  5.2028582851e-02  -9.2786112145e-01
5.966078  -8.6451329982e-01  5.3697276528e-02  -9.1821057635e-01
5.967189  -8.5010649862e-01  5.4945516014e-02  -9.0505201463e-01
5.968300  -8.3300256623e-01  5.5737446015e-02  -8.8874001224e-01
5.969412  -8.1367083362e-01  5.6050654977e-02  -8.6972148859e-01
5.970523  -7.9264575267e-01  5.5876824810e-02  -8.4852257748e-01
5.971634  -7.7051121458e-01  5.5221966368e-02  -8.2573318094e-01
5.972746  -7.4788342536e-01  5.4106234054e-02  -8.0198965941e-01
5.973857  -7.2539284078e-01  5.2563325279e-02  -7.7795616606e-01
5.974968  -7.0366568996e-01  5.0639482656e-02  -7.5430517262e-01
5.976080  -6.8330562929e-01  4.8392128487e-02  -7.3169775778e-01
5.977191  -6.6487606397e-01  4.5888171844e-02  -7.1076423581e-01
5.978302  -6.4888365487e-01  4.3202038126e-02  -6.9208569299e-01
5.979414  -6.3576349366e-01  4.0413479099e-02  -6.7617697276e-01
5.980525  -6.2586637988e-01  3.7605227809e-02  -6.6347160768e-01
5.981637  -6.1944857215e-01  3.4860567275e-02  -6.5430913943e-01
5.982748  -6.1666431303e-01  3.2260884362e-02  -6.4892519739e-01
5.983859  -6.1756134558e-01  2.9883280607e-02  -6.4744462619e-01
5.984971  -6.2207955227e-01  2.7798310068e-02  -6.4987786234e-01
5.986082  -6.3005275494e-01  2.6067910494e-02  -6.5612066543e-01
5.987193  -6.4121362224e-01  2.4743588395e-02  -6.6595721064e-01
5.988305  -6.5520153986e-01  2.3864911119e-02  -6.7906645098e-01
5.989416  -6.7157321181e-01  2.3458349984e-02  -6.9503156179e-01
5.990527  -6.8981568162e-01  2.3536508225e-02  -7.1335218984e-01
5.991639  -7.0936139094e-01  2.4097756162e-02  -7.3345914710e-01
5.992750  -7.2960483379e-01  2.5126284086e-02  -7.5473111788e-01
5.993862  -7.4992031790e-01  2.6592571064e-02  -7.7651288897e-01
5.994973  -7.6968031247e-01  2.8454255690e-02  -7.9813456816e-01
5.996084  -7.8827384433e-01  3.0657383028e-02  -8.1893122736e-01
5.997196  -8.0512440365e-01  3.3137990956e-02  -8.3826239461e-01
5.998307  -8.1970683436e-01  3.5823989223e-02  -8.5553082358e-01
5.999418  -8.3156271478e-01  3.8637275941e-02  -8.7019999073e-01
6.000530  -8.4031377812e-01  4.1496029328e-02  -8.8180980745e-01
6.001641  -8.4567298005e-01  4.4317107405e-02  -8.8999008746e-01
6.002752  -8.4745288968e-01  4.7018485229e-02  -8.9447137490e-01
6.003864  -8.4557115881e-01  4.9521658178e-02  -8.9509281698e-01
6.004975  -8.4005290991e-01  5.1753940854e-02  -8.9180685077e-01
6.006086  -8.3102997377e-01  5.3650594259e-02  -8.8468056803e-01
6.007198  -8.1873699978e-01  5.5156718982e-02  -8.7389371876e-01
6.008309  -8.0350455398e-01  5.6228859034e-02  -8.5973341301e-01
6.009421  -7.8574940761e-01  5.6836269469e-02  -8.4258567708e-01
6.010532  -7.6596230181e-01  5.6961810839e-02  -8.2292411265e-01
6.011643  -7.4469354731e-01  5.6602444464e-02  -8.0129599178e-01
6.012755  -7.2253688207e-01  5.5769314240e-02  -7.7830619631e-01
6.013866  -7.0011206006e-01  5.4487412832e-02  -7.5459947289e-01
6.014977  -6.7804668190e-01  5.2794842259e-02  -7.3084152416e-01
6.016089  -6.5695780002e-01  5.0741690815e-02  -7.0769949083e-01
6.017200  -6.3743383730e-01  4.8388559435e-02  -6.8582239673e-01
6.018311  -6.2001734918e-01  4.5804780944e-02  -6.6582213013e-01
6.019423  -6.0518913407e-01  4.3066384529e-02  -6.4825551860e-01
6.020534  -5.9335415732e-01  4.0253865285e-02  -6.3360802260e-01
6.021645  -5.8482970092e-01  3.7449824290e-02  -6.2227952521e-01
6.022757  -5.7983608550e-01  3.4736548476e-02  -6.1457263397e-01
6.023868  -5.7849023594e-01  3.2193601260e-02  -6.1068383720e-01
6.024980  -5.8080227846e-01  2.9895494525e-02  -6.1069777299e-01
6.026091  -5.8667526804e-01  2.7909510154e-02  -6.1458477819e-01
6.027202  -5.9590805347e-01  2.6293734840e-02  -6.2220178831e-01
6.028314  -6.0820119527e-01  2.5095365657e-02  -6.3329656093e-01
6.029425  -6.2316576226e-01  2.4349335857e-02  -6.4751509812e-01
6.030536  -6.4033474826e-01  2.4077300969e-02  -6.6441204923e-01
6.031648  -6.5917677380e-01  2.4287014686e-02  -6.8346378848e-01
6.032759  -6.7911167066e-01  2.4972112558e-02  -7.0408378321e-01
6.033870  -6.9952749210e-01  2.6112309582e-02  -7.2563980168e-01
6.034982  -7.1979844997e-01  2.7674005609e-02  -7.4747245558e-01
6.036093  -7.3930325285e-01  2.9611280547e-02  -7.6891453339e-01
6.037204  -7.5744330766e-01  3.1867249943e-02  -7.8931055760e-01
6.038316  -7.7366025156e-01  3.4375740951e-02  -8.0803599251e-01
6.039427  -7.8745230034e-01  3.7063239348e-02  -8.2451553968e-01
6.040539  -7.9838893476e-01  3.9851050344e-02  -8.3823998510e-01
6.041650  -8.0612349475e-01  4.2657609689e-02  -8.4878110444e-01
6.042761  -8.1040331304e-01  4.5400877235e-02  -8.5580419028e-01
6.043873  -8.1107709182e-01  4.8000742716e-02  -8.5907783453e-01
6.044984  -8.0809930708e-01  5.0381373216e-02  -8.5848068030e-01
6.046095  -8.0153151235e-01  5.2473433542e-02  -8.5400494589e-01
6.047207  -7.9154050429e-01  5.4216114477e-02  -8.4575661877e-01
6.048318  -7.7839340502e-01  5.5558909598e-02  -8.3395231462e-01
6.049429  -7.6244980579e-01  5.6463088707e-02  -8.1891289450e-01
6.050541  -7.4415120331e-01  5.6902824898e-02  -8.0105402820e-01
6.051652  -7.2400803877e-01  5.6865942428e-02  -7.8087398119e-01
6.052763  -7.0258472028e-01  5.6354263725e-02  -7.5893898401e-01
6.053875  -6.8048306806e-01  5.5383545623e-02  -7.3586661368e-01
6.054986  -6.5832466790e-01  5.3983006961e-02  -7.1230767487e-01
6.056098  -6.3673265061e-01  5.2194461668e-02  -6.8892711227e-01
6.057209  -6.1631343123e-01  5.0071083024e-02  -6.6638451426e-01
6.058320  -5.9763894362e-01  4.7675835561e-02  -6.4531477918e-01
6.059432  -5.8122989048e-01  4.5079620815e-02  -6.2630951130e-01
6.060543  -5.6754049987e-01  4.2359191494e-02  -6.0989969137e-01
6.061654  -5.5694523425e-01  3.9594895367e-02  -5.9654012961e-01
6.062766  -5.4972784117e-01  3.6868315159e-02  -5.8659615632e-01
6.063877  -5.4607306595e-01  3.4259873740e-02  -5.8033293969e-01
6.064988  -5.4606126836e-01  3.1846474840e-02  -5.7790774320e-01
6.066100  -5.4966610038e-01  2.9699248487e-02  -5.7936534887e-01
6.067211  -5.5675531225e-01  2.7881467208e-02  -5.8463677946e-01
6.068323  -5.6709466230e-01  2.6446694012e-02  -5.9354135631e-01
6.069434  -5.8035481510e-01  2.5437216321e-02  -6.0579203142e-01
6.070545  -5.9612102501e-01  2.4882811615e-02  -6.2100383662e-01
6.071657  -6.1390532033e-01  2.4799880780e-02  -6.3870520111e-01
6.072768  -6.3316083046e-01  2.5190974374e-02  -6.5835180484e-01
6.073879  -6.5329783530e-01  2.6044725443e-02  -6.7934256075e-01
6.074991  -6.7370106611e-01  2.7336190648e-02  -7.0103725676e-01
6.076102  -6.9374775024e-01  2.9027589425e-02  -7.2277533967e-01
6.077213  -7.1282587074e-01  3.1069419294e-02  -7.4389529003e-01
6.078325  -7.3035210517e-01  3.3401914360e-02  -7.6375401953e-01
6.079436  -7.4578891831e-01  3.5956804058e-02  -7.8174572237e-01
6.080547  -7.5866030746e-01  3.8659320361e-02  -7.9731962782e-01
6.081659  -7.6856573935e-01  4.1430394463e-02  -8.0999613382e-01
6.082770  -7.7519187061e-01  4.4188978389e-02  -8.1938084900e-01
6.083882  -7.7832170849e-01  4.6854423380e-02  -8.2517613187e-01
6.084993  -7.7784094432e-01  4.9348845269e-02  -8.2718978959e-01
6.086104  -7.7374127441e-01  5.1599407477e-02  -8.2534068189e-01
6.087216  -7.6612061203e-01  5.3540454741e-02  -8.1966106677e-01
6.088327  -7.5518018496e-01  5.5115435054e-02  -8.1029562001e-01
6.089438  -7.4121860452e-01  5.6278553600e-02  -7.9749715812e-01
6.090550  -7.2462308072e-01  5.6996110304e-02  -7.8161919102e-01
6.091661  -7.0585804175e-01  5.7247481973e-02  -7.6310552372e-01
6.092772  -6.8545149227e-01  5.7025720396e-02  -7.4247721266e-01
6.093884  -6.6397951084e-01  5.6337749102e-02  -7.2031725994e-01
6.094995  -6.4204934166e-01  5.5204153198e-02  -6.9725349486e-01
6.096106  -6.2028157652e-01  5.3658568710e-02  -6.7394014523e-01
6.097218  -5.9929194980e-01  5.1746689515e-02  -6.5103863932e-01
6.098329  -5.7967328027e-01  4.9524921223e-02  -6.2919820149e-01
6.099441  -5.6197808914e-01  4.7058721669e-02  -6.0903681081e-01
6.100552  -5.4670240402e-01  4.4420676843e-02  -5.9112308086e-01
6.101663  -5.3427122320e-01  4.1688368830e-02  -5.7595959203e-01
6.102775  -5.2502606618e-01  3.8942098391e-02  -5.6396816457e-01
6.103886  -5.1921497509e-01  3.6262529049e-02  -5.5547750414e-01
6.104997  -5.1698525952e-01  3.3728321800e-02  -5.5071358132e-01
6.106109  -5.1837919697e-01  3.1413829819e-02  -5.4979302679e-01
6.107220  -5.2333281439e-01  2.9386920721e-02  -5.5271973511e-01
6.108331  -5.3167778566e-01  2.7706990167e-02  -5.5938477583e-01
6.109443  -5.4314638908e-01  2.6423224960e-02  -5.6956961404e-01
6.110554  -5.5737937851e-01  2.5573166419e-02  -5.8295254493e-01
6.111665  -5.7393653702e-01  2.5181616005e-02  -5.9911815303e-01
6.112777  -5.9230960284e-01  2.5259915093e-02  -6.1756951793e-01
6.113888  -6.1193718822e-01  2.5805619809e-02  -6.3774280803e-01
6.115000  -6.3222125338e-01  2.6802580257e-02  -6.5902383364e-01
6.116111  -6.5254465207e-01  2.8221421584e-02  -6.8076607365e-01
6.117222  -6.7228923409e-01  3.0020412573e-02  -7.0230964666e-01
6.118334  -6.9085397392e-01  3.2146696076e-02  -7.2300066999e-01
6.119445  -7.0767259375e-01  3.4537845009e-02  -7.4221043876e-01
6.120556  -7.2223016438e-01  3.7123698124e-02  -7.5935386250e-01
6.121668  -7.3407819731e-01  3.9828421563e-02  -7.7390661887e-01
6.122779  -7.4284778579e-01  4.2572735626e-02  -7.8542052142e-01
6.123890  -7.4826040991e-01  4.5276241381e-02  -7.9353665129e-01
6.125002  -7.5013608918e-01  4.7859778828e-02  -7.9799586801e-01
6.126113  -7.4839864424e-01  5.0247747459e-02  -7.9864639170e-01
6.127224  -7.4307791370e-01  5.2370321200e-02  -7.9544823490e-01
6.128336  -7.3430886185e-01  5.4165492825e-02  -7.8847435468e-01
6.129447  -7.2232760375e-01  5.5580888010e-02  -7.7790849176e-01
6.130559  -7.0746446495e-01  5.6575295937e-02  -7.6403976088e-01
6.131670  -6.9013427975e-01  5.7119871743e-02  -7.4725415149e-01
6.132781  -6.7082421297e-01  5.7198975705e-02  -7.2802318868e-01
6.133893  -6.5007946275e-01  5.6810624772e-02  -7.0689008752e-01
6.135004  -6.2848726386e-01  5.5966543402e-02  -6.8445380727e-01
6.136115  -6.0665966100e-01  5.4691812413e-02  -6.6135147341e-01
6.137227  -5.8521555718e-01  5.3024126390e-02  -6.3823968357e-01
6.138338  -5.6476256396e-01  5.1012681596e-02  -6.1577524556e-01
6.139449  -5.4587918536e-01  4.8716727220e-02  -5.9459591258e-01
6.140561  -5.2909785812e-01  4.6203822599e-02  -5.7530168072e-01
6.141672  -5.1488934529e-01  4.3547851692e-02  -5.5843719698e-01
6.142783  -5.0364894044e-01  4.0826853128e-02  -5.4447579357e-01
6.143895  -4.9568488688e-01  3.8120729587e-02  -5.3380561647e-01
6.145006  -4.9120935095e-01  3.5508903706e-02  -5.2671825466e-01
6.146118  -4.9033221379e-01  3.3067989301e-02  -5.2340020309e-01
6.147229  -4.9305786297e-01  3.0869546164e-02  -5.2392740913e-01
6.148340  -4.9928507783e-01  2.8977984229e-02  -5.2826306206e-01
6.149452  -5.0881001126e-01  2.7448678488e-02  -5.3625868975e-01
6.150563  -5.2133218007e-01  2.6326349810e-02  -5.4765852988e-01
6.151674  -5.3646328795e-01  2.5643759006e-02  -5.6210704695e-01
6.152786  -5.5373862172e-01  2.5420752271e-02  -5.7915937399e-01
6.153897  -5.7263068667e-01  2.5663685803e-02  -5.9829437247e-01
6.155008  -5.9256468054e-01  2.6365246273e-02  -6.1892992682e-01
6.156120  -6.1293535255e-01  2.7504672204e-02  -6.4044002476e-01
6.157231  -6.3312475271e-01  2.9048369564e-02  -6.6217312227e-01
6.158343  -6.5252035112e-01  3.0950903301e-02  -6.8347125442e-01
6.159454  -6.7053299588e-01  3.3156335573e-02  -7.0368933145e-01
6.160565  -6.8661418320e-01  3.5599871234e-02  -7.2221405443e-01
6.161677  -7.0027213352e-01  3.8209762180e-02  -7.3848189570e-01
6.162788  -7.1108620246e-01  4.0909414579e-02  -7.5199561704e-01
6.163899  -7.1871920437e-01  4.3619637090e-02  -7.6233884146e-01
6.165011  -7.2292728759e-01  4.6260964087e-02  -7.6918825168e-01
6.166122  -7.2356707214e-01  4.8755985713e-02  -7.7232305785e-01
6.167233  -7.2059984108e-01  5.1031616460e-02  -7.7163145754e-01
6.168345  -7.1409266305e-01  5.3021235777e-02  -7.6711389882e-01
6.169456  -7.0421641350e-01  5.4666638017e-02  -7.5888305152e-01
6.170567  -6.9124075324e-01  5.5919734635e-02  -7.4716048787e-01
6.171679  -6.7552621161e-01  5.6743958878e-02  -7.3227017048e-01
6.172790  -6.5751360719e-01  5.7115331912e-02  -7.1462893910e-01
6.173902  -6.3771111621e-01  5.7023159325e-02  -6.9473427554e-01
6.175013  -6.1667936834e-01  5.6470337758e-02  -6.7314970610e-01
6.176124  -5.9501500682e-01  5.5473262895e-02  -6.5048826972e-01
6.177236  -5.7333319532e-01  5.4061341706e-02  -6.2739453702e-01
6.178347  -5.5224958425e-01  5.2276123460e-02  -6.0452570771e-01
6.179458  -5.3236226541e-01  5.0170075183e-02  -5.8253234059e-01
6.180570  -5.1423424379e-01  4.7805037660e-02  -5.6203928145e-01
6.181681  -4.9837694037e-01  4.5250407408e-02  -5.4362734778e-01
6.182792  -4.8523520928e-01  4.2581098094e-02  -5.2781630737e-01
6.183904  -4.7517430827e-01  3.9875341261e-02  -5.1504964953e-01
6.185015  -4.6846920419e-01  3.7212390962e-02  -5.0568159515e-01
6.186126  -4.6529652648e-01  3.4670199627e-02  -4.9996672611e-01
6.187238  -4.6572940425e-01  3.2323133363e-02  -4.9805253762e-01
6.188349  -4.6973533767e-01  3.0239793620e-02  -4.9997513129e-01
6.189461  -4.7717716576e-01  2.8481009074e-02  -5.0565817483e-01
6.190572  -4.8781710162e-01  2.7098056497e-02  -5.1491515812e-01
6.191683  -5.0132371631e-01  2.6131162685e-02  -5.2745487899e-01
6.192795  -5.1728166620e-01  2.5608331193e-02  -5.4288999739e-01
6.193906  -5.3520387830e-01  2.5544528148e-02  -5.6074840645e-01
6.195017  -5.5454583589e-01  2.5941250786e-02  -5.8048708668e-01
6.196129  -5.7472154536e-01  2.6786491198e-02  -6.0150803656e-01
6.197240  -5.9512071612e-01  2.8055096112e-02  -6.2317581223e-01
6.198351  -6.1512664960e-01  2.9709511972e-02  -6.4483616158e-01
6.199463  -6.3413431303e-01  3.1700893245e-02  -6.6583520628e-01
6.200574  -6.5156806810e-01  3.3970541279e-02  -6.8553860938e-01
6.201685  -6.6689853497e-01  3.6451631331e-02  -7.0335016630e-01
6.202797  -6.7965809749e-01  3.9071176972e-02  -7.1872927446e-01
6.203908  -6.8945459530e-01  4.1752174142e-02  -7.3120676945e-01
6.205020  -6.9598280190e-01  4.4415861872e-02  -7.4039866378e-01
6.206131  -6.9903335260e-01  4.6984033321e-02  -7.4601738592e-01
6.207242  -6.9849886113e-01  4.9381329328e-02  -7.4788019046e-01
6.208354  -6.9437704614e-01  5.1537447218e-02  -7.4591449336e-01
6.209465  -6.8677077653e-01  5.3389200127e-02  -7.4015997666e-01
6.210576  -6.7588503477e-01  5.4882366543e-02  -7.3076740131e-01
6.211688  -6.6202088789e-01  5.5973275903e-02  -7.1799416379e-01
6.212799  -6.4556664340e-01  5.6630083905e-02  -7.0219672731e-01
6.213910  -6.2698644988e-01  5.6833700265e-02  -6.8382015015e-01
6.215022  -6.0680667691e-01  5.6578341915e-02  -6.6338501883e-01
6.216133  -5.8560047397e-01  5.5871695587e-02  -6.4147216956e-01
6.217244  -5.6397096133e-01  5.4734685213e-02  -6.1870564654e-01
6.218356  -5.4253354590e-01  5.3200851184e-02  -5.9573439708e-01
6.219467  -5.2189788052e-01  5.1315359844e-02  -5.7321324036e-01
6.220579  -5.0264999571e-01  4.9133672474e-02  -5.5178366819e-01
6.221690  -4.8533512750e-01  4.6719912966e-02  -5.3205504047e-01
6.222801  -4.7044174471e-01  4.4144982220e-02  -5.1458672693e-01
6.223913  -4.5838724344e-01  4.1484474690e-02  -4.9987171813e-01
6.225024  -4.4950572815e-01  3.8816458290e-02  -4.8832218644e-01
6.226135  -4.4403823666e-01  3.6219182837e-02  -4.8025741950e-01
6.227247  -4.4212569545e-01  3.3768784295e-02  -4.7589447974e-01
6.228358  -4.4380481105e-01  3.1537052139e-02  -4.7534186319e-01
6.229469  -4.4900701749e-01  2.9589325302e-02  -4.7859634279e-01
6.230581  -4.5756050983e-01  2.7982578371e-02  -4.8554308820e-01
6.231692  -4.6919530383e-01  2.6763754044e-02  -4.9595905788e-01
6.232803  -4.8355117244e-01  2.5968390672e-02  -5.0951956311e-01
6.233915  -5.0018822620e-01  2.5619584979e-02  -5.2580781118e-01
6.235026  -5.1859982662e-01  2.5727320237e-02  -5.4432714685e-01
6.236138  -5.3822745349e-01  2.6288179421e-02  -5.6451563291e-01
6.237249  -5.5847708999e-01  2.7285451584e-02  -5.8576254157e-01
6.238360  -5.7873664481e-01  2.8689628137e-02  -6.0742627294e-01
6.239472  -5.9839390028e-01  3.0459274300e-02  -6.2885317458e-01
6.240583  -6.1685446040e-01  3.2542249994e-02  -6.4939671040e-01
6.241694  -6.3355917231e-01  3.4877244189e-02  -6.6843641650e-01
6.242806  -6.4800051082e-01  3.7395577566e-02  -6.8539608839e-01
6.243917  -6.5973744569e-01  4.0023220496e-02  -6.9976066619e-01
6.245028  -6.6840835617e-01  4.2682967051e-02  -7.1109132322e-01
6.246140  -6.7374161457e-01  4.5296701192e-02  -7.1903831576e-01
6.247251  -6.7556352911e-01  4.7787688654e-02  -7.2335121777e-01
6.248363  -6.7380341363e-01  5.0082827259e-02  -7.2388624088e-01
6.249474  -6.6849563626e-01  5.2114789703e-02  -7.2061042596e-01
6.250585  -6.5977858755e-01  5.3823996000e-02  -7.1360258354e-01
6.251697  -6.4789059901e-01  5.5160357807e-02  -7.0305095682e-01
6.252808  -6.3316293238e-01  5.6084743588e-02  -6.8924767597e-01
6.253919  -6.1601004575e-01  5.6570121746e-02  -6.7258016750e-01
6.255031  -5.9691742269e-01  5.6602348364e-02  -6.5351977106e-01
6.256142  -5.7642732152e-01  5.6180576585e-02  -6.3260789811e-01
6.257253  -5.5512286323e-01  5.5317275814e-02  -6.1044013905e-01
6.258365  -5.3361092486e-01  5.4037860347e-02  -5.8764878521e-01
6.259476  -5.1250434023e-01  5.2379938485e-02  -5.6488427872e-01
6.260587  -4.9240393001e-01  5.0392204336e-02  -5.4279613435e-01
6.261699  -4.7388088817e-01  4.8133004959e-02  -5.2201389313e-01
6.262810  -4.5746004114e-01  4.5668625023e-02  -5.0312866616e-01
6.263922  -4.4360447040e-01  4.3071339415e-02  -4.8667580982e-01
6.265033  -4.3270194907e-01  4.0417291007e-02  -4.7311924008e-01
6.266144  -4.2505358992e-01  3.7784255915e-02  -4.6283784584e-01
6.267256  -4.2086503712e-01  3.5249361833e-02  -4.5611439895e-01
6.268367  -4.2024045944e-01  3.2886826376e-02  -4.5312728581e-01
6.269478  -4.2317952059e-01  3.0765781770e-02  -4.5394530236e-01
6.270590  -4.2957741472e-01  2.8948249629e-02  -4.5852566435e-01
6.271701  -4.3922796549e-01  2.7487325170e-02  -4.6671529066e-01
6.272812  -4.5182969711e-01  2.6425624005e-02  -4.7825532111e-01
6.273924  -4.6699469870e-01  2.5794036966e-02  -4.9278873566e-01
6.275035  -4.8426002142e-01  2.5610829335e-02  -5.0987085076e-01
6.276146  -5.0310127355e-01  2.5881110750e-02  -5.2898238430e-01
6.277258  -5.2294801441e-01  2.6596691164e-02  -5.4954470557e-01
6.278369  -5.4320049519e-01  2.7736326918e-02  -5.7093682211e-01
6.279481  -5.6324725563e-01  2.9266349533e-02  -5.9251360516e-01
6.280592  -5.8248305998e-01  3.1141658624e-02  -6.1362471860e-01
6.281703  -6.0032664652e-01  3.3307049630e-02  -6.3363369615e-01
6.282815  -6.1623776983e-01  3.5698837300e-02  -6.5193660713e-01
6.283926  -6.2973303630e-01  3.8246727183e-02  -6.6797976348e-01
6.285037  -6.4040006857e-01  4.0875880107e-02  -6.8127594868e-01
6.286149  -6.4790958402e-01  4.3509109052e-02  -6.9141869307e-01
6.287260  -6.5202503320e-01  4.6069143890e-02  -6.9809417709e-01
6.288371  -6.5260951635e-01  4.8480897570e-02  -7.0109041392e-01
6.289483  -6.4962977544e-01  5.0673667277e-02  -7.0030344272e-01
6.290594  -6.4315714535e-01  5.2583206025e-02  -6.9574035138e-01
6.291705  -6.3336543702e-01  5.4153604010e-02  -6.8751904103e-01
6.292817  -6.2052581508e-01  5.5338924609e-02  -6.7586473969e-01
6.293928  -6.0499882099e-01  5.6104547162e-02  -6.6110336815e-01
6.295040  -5.8722377622e-01  5.6428177285e-02  -6.4365195351e-01
6.296151  -5.6770587674e-01  5.6300495225e-02  -6.2400637196e-01
6.297262  -5.4700135790e-01  5.5725423408e-02  -6.0272678130e-01
6.298374  -5.2570116528e-01  5.4720005492e-02  -5.8042117077e-01
6.299485  -5.0441361073e-01  5.3313900652e-02  -5.5772751139e-01
6.300596  -4.8374652255e-01  5.1548508091e-02  -5.3529503065e-01
6.301708  -4.6428941356e-01  4.9475747618e-02  -5.1376516118e-01
6.302819  -4.4659619011e-01  4.7156532207e-02  -4.9375272231e-01
6.303930  -4.3116890916e-01  4.4658977478e-02  -4.7582788664e-01
6.305042  -4.1844305972e-01  4.2056400709e-02  -4.6049946042e-01
6.306153  -4.0877480004e-01  3.9425168182e-02  -4.4819996823e-01
6.307264  -4.0243052479e-01  3.6842454046e-02  -4.3927297884e-01
6.308376  -3.9957906751e-01  3.4383976468e-02  -4.3396304397e-01
6.309487  -4.0028676694e-01  3.2121777487e-02  -4.3240854443e-01
6.310599  -4.0451554126e-01  3.0122111658e-02  -4.3463765292e-01
6.311710  -4.1212402611e-01  2.8443505363e-02  -4.4056753148e-01
6.312821  -4.2287174265e-01  2.7135043634e-02  -4.5000678628e-01
6.313933  -4.3642617262e-01  2.6234934636e-02  -4.6266110726e-01
6.315044  -4.5237253257e-01  2.5769393788e-02  -4.7814192636e-01
6.316155  -4.7022595974e-01  2.5751880112e-02  -4.9597783985e-01
6.317267  -4.8944575192e-01  2.6182707050e-02  -5.1562845897e-01
6.318378  -5.0945124304e-01  2.7049039009e-02  -5.3650028205e-01
6.319489  -5.2963884843e-01  2.8325273556e-02  -5.5796412199e-01
6.320601  -5.4939977961e-01  2.9973797888e-02  -5.7937357749e-01
6.321712  -5.6813790857e-01  3.1946097240e-02  -6.0008400581e-01
6.322824  -5.8528725763e-01  3.4184182540e-02  -6.1947144017e-01
6.323935  -6.0032860159e-01  3.6622295334e-02  -6.3695089693e-01
6.325046  -6.1280469538e-01  3.9188839826e-02  -6.5199353521e-01
6.326158  -6.2233368061e-01  4.1808485283e-02  -6.6414216589e-01
6.327269  -6.2862027789e-01  4.4404377065e-02  -6.7302465496e-01
6.328380  -6.3146443715e-01  4.6900391380e-02  -6.7836482853e-01
6.329492  -6.3076719214e-01  4.9223367614e-02  -6.7999055976e-01
6.330603  -6.2653354816e-01  5.1305252774e-02  -6.7783880093e-01
6.331714  -6.1887231854e-01  5.3085095179e-02  -6.7195741372e-01
6.332826  -6.0799291522e-01  5.4510828999e-02  -6.6250374422e-01
6.333937  -5.9419918788e-01  5.5540797375e-02  -6.4973998526e-01
6.335048  -5.7788049312e-01  5.6144969577e-02  -6.3402546269e-01
6.336160  -5.5950025576e-01  5.6305816627e-02  -6.1580607238e-01
6.337271  -5.3958235857e-01  5.6018819841e-02  -5.9560117841e-01
6.338383  -5.1869575985e-01  5.5292597557e-02  -5.7398835741e-01
6.339494  -4.9743779057e-01  5.4148646478e-02  -5.5158643705e-01
6.340605  -4.7641662122e-01  5.2620705387e-02  -5.2903732661e-01
6.341717  -4.5623341311e-01  5.0753760080e-02  -5.0698717319e-01
6.342828  -4.3746467761e-01  4.8602718828e-02  -4.8606739644e-01
6.343939  -4.2064536120e-01  4.6230797395e-02  -4.6687615860e-01
6.345051  -4.0625315230e-01  4.3707661090e-02  -4.4996081339e-01
6.346162  -3.9469447033e-01  4.1107378453e-02  -4.3580184878e-01
6.347273  -3.8629254783e-01  3.8506246703e-02  -4.2479879453e-01
6.348385  -3.8127795512e-01  3.5980552758e-02  -4.1725850788e-01
6.349496  -3.7978184519e-01  3.3604335559e-02  -4.1338618075e-01
6.350607  -3.8183211672e-01  3.1447215319e-02  -4.1327933204e-01
6.351719  -3.8735260737e-01  2.9572353341e-02  -4.1692496071e-01
6.352830  -3.9616534087e-01  2.8034602214e-02  -4.2419994309e-01
6.353942  -4.0799576142e-01  2.6878900542e-02  -4.3487466196e-01
6.355053  -4.2248080148e-01  2.6138959201e-02  -4.4861976068e-01
6.356164  -4.3917954611e-01  2.5836277546e-02  -4.6501582366e-01
6.357276  -4.5758618034e-01  2.5979518264e-02  -4.8356569861e-01
6.358387  -4.7714483975e-01  2.6564259069e-02  -5.0370909882e-01
6.359498  -4.9726592799e-01  2.7573128369e-02  -5.2483905636e-01
6.360610  -5.1734342255e-01  2.8976320739e-02  -5.4631974329e-01
6.361721  -5.3677266073e-01  3.0732476941e-02  -5.6750513768e-01
6.362832  -5.5496808389e-01  3.2789902500e-02  -5.8775798639e-01
6.363944  -5.7138041942e-01  3.5088088952e-02  -6.0646850838e-01
6.365055  -5.8551279623e-01  3.7559493009e-02  -6.2307228924e-01
6.366166  -5.9693532098e-01  4.0131521334e-02  -6.3706684231e-01
6.367278  -6.0529768763e-01  4.2728662613e-02  -6.4802635024e-01
6.368389  -6.1033945033e-01  4.5274704314e-02  -6.5561415464e-01
6.369501  -6.1189765856e-01  4.7694969063e-02  -6.5959262763e-01
6.370612  -6.0991163066e-01  4.9918505023e-02  -6.5983013569e-01
6.371723  -6.0442472596e-01  5.1880166026e-02  -6.5630489198e-01
6.372835  -5.9558306372e-01  5.3522520492e-02  -6.4910558421e-01
6.373946  -5.8363122693e-01  5.4797533183e-02  -6.3842876011e-01
6.375057  -5.6890507695e-01  5.5667970563e-02  -6.2457304752e-01
6.376169  -5.5182189043e-01  5.6108488639e-02  -6.0793037907e-01
6.377280  -5.3286810778e-01  5.6106371500e-02  -5.8897447928e-01
6.378391  -5.1258505321e-01  5.5661899027e-02  -5.6824695224e-01
6.379503  -4.9155304526e-01  5.4788333137e-02  -5.4634137840e-01
6.380614  -4.7037436425e-01  5.3511523128e-02  -5.2388588737e-01
6.381725  -4.4965557656e-01  5.1869141849e-02  -5.0152471841e-01
6.382837  -4.2998973436e-01  4.9909575253e-02  -4.7989930962e-01
6.383948  -4.1193897315e-01  4.7690498069e-02  -4.5962947122e-01
6.385060  -3.9601801763e-01  4.5277177489e-02  -4.4129519512e-01
6.386171  -3.8267907993e-01  4.2740554762e-02  -4.2541963469e-01
6.387282  -3.7229859310e-01  4.0155161066e-02  -4.1245375417e-01
6.388394  -3.6516616909e-01  3.7596928874e-02  -4.0276309796e-01
6.389505  -3.6147610493e-01  3.5140963070e-02  -3.9661706800e-01
6.390616  -3.6132168649e-01  3.2859337233e-02  -3.9418102372e-01
6.391728  -3.6469245628e-01  3.0818979730e-02  -3.9551143601e-01
6.392839  -3.7147452581e-01  2.9079711621e-02  -4.0055423743e-01
6.393950  -3.8145392279e-01  2.7692493873e-02  -4.0914641666e-01
6.395062  -3.9432287490e-01  2.6697935246e-02  -4.2102081015e-01
6.396173  -4.0968884572e-01  2.6125104520e-02  -4.3581395024e-01
6.397284  -4.2708605726e-01  2.5990681805e-02  -4.5307673906e-01
6.398396  -4.4598916115e-01  2.6298473713e-02  -4.7228763486e-01
6.399507  -4.6582865712e-01  2.7039306462e-02  -4.9286796358e-01
6.400619  -4.8600760625e-01  2.8191299931e-02  -5.1419890619e-01
6.401730  -5.0591914869e-01  2.9720514462e-02  -5.3563966315e-01
6.402841  -5.2496431162e-01  3.1581951301e-02  -5.5654626292e-01
6.403953  -5.4256958518e-01  3.3720877195e-02  -5.7629046238e-01
6.405064  -5.5820375051e-01  3.6074434155e-02  -5.9427818467e-01
6.406175  -5.7139346629e-01  3.8573487038e-02  -6.0996695333e-01
6.407287  -5.8173715645e-01  4.1144654672e-02  -6.2288181112e-01
6.408398  -5.8891679180e-01  4.3712464836e-02  -6.3262925663e-01
6.409509  -5.9270721977e-01  4.6201569829e-02  -6.3890878960e-01
6.410621  -5.9298276890e-01  4.8538957602e-02  -6.4152172650e-01
6.411732  -5.8972093416e-01  5.0656093564e-02  -6.4037702772e-01
6.412844  -5.8300303526e-01  5.2490930242e-02  -6.3549396550e-01
6.413955  -5.7301182866e-01  5.3989725891e-02  -6.2700155455e-01
6.415066  -5.6002614356e-01  5.5108618731e-02  -6.1513476229e-01
6.416178  -5.4441269918e-01  5.5814910733e-02  -6.0022760991e-01
6.417289  -5.2661534361e-01  5.6088023371e-02  -5.8270336698e-01
6.418400  -5.0714203012e-01  5.5920097406e-02  -5.6306212753e-01
6.419512  -4.8654991284e-01  5.5316219251e-02  -5.4186613209e-01
6.420623  -4.6542899940e-01  5.4294267368e-02  -5.1972326677e-01
6.421734  -4.4438484006e-01  5.2884383368e-02  -4.9726922343e-01
6.422846  -4.2402076115e-01  5.1128083441e-02  -4.7514884459e-01
6.423957  -4.0492016422e-01  4.9077036316e-02  -4.5399720054e-01
6.425068  -3.8762941010e-01  4.6791543724e-02  -4.3442095382e-01
6.426180  -3.7264178993e-01  4.4338768045e-02  -4.1698055798e-01
6.427291  -3.6038305356e-01  4.1790759238e-02  -4.0217381279e-01
6.428403  -3.5119891954e-01  3.9222338993e-02  -3.9042125853e-01
6.429514  -3.4534493345e-01  3.6708904265e-02  -3.8205383771e-01
6.430625  -3.4297897155e-01  3.4324214636e-02  -3.7730318619e-01
6.431737  -3.4415661008e-01  3.2138228447e-02  -3.7629483853e-01
6.432848  -3.4882949555e-01  3.0215051175e-02  -3.7904454672e-01
6.433959  -3.5684676409e-01  2.8611056204e-02  -3.8545782029e-01
6.435071  -3.6795946791e-01  2.7373233084e-02  -3.9533270099e-01
6.436182  -3.8182787910e-01  2.6537811660e-02  -4.0836569076e-01
6.437293  -3.9803145631e-01  2.6129202354e-02  -4.2416065867e-01
6.438405  -4.1608118195e-01  2.6159283582e-02  -4.4224046553e-01
6.439516  -4.3543390794e-01  2.6627057115e-02  -4.6206096505e-01
6.440627  -4.5550828908e-01  2.7518681365e-02  -4.8302697044e-01
6.441739  -4.7570183667e-01  2.8807881497e-02  -5.0450971816e-01
6.442850  -4.9540859203e-01  3.0456724226e-02  -5.2586531626e-01
6.443962  -5.1403690152e-01  3.2416734431e-02  -5.4645363595e-01
6.445073  -5.3102677160e-01  3.4630320733e-02  -5.6565709234e-01
6.446184  -5.4586629494e-01  3.7032468094e-02  -5.8289876304e-01
6.447296  -5.5810666560e-01  3.9552647706e-02  -5.9765931331e-01
6.448407  -5.6737534309e-01  4.2116888057e-02  -6.0949223115e-01
6.449518  -5.7338697900e-01  4.4649946360e-02  -6.1803692536e-01
6.450630  -5.7595178592e-01  4.7077516605e-02  -6.2302930252e-01
6.451741  -5.7498110309e-01  4.9328409439e-02  -6.2430951253e-01
6.452852  -5.7048999567e-01  5.1336639921e-02  -6.2182663559e-01
6.453964  -5.6259681151e-01  5.3043361943e-02  -6.1564017346e-01
6.455075  -5.5151970836e-01  5.4398592590e-02  -6.0591830095e-01
6.456186  -5.3757025356e-01  5.5362675927e-02  -5.9293292949e-01
6.457298  -5.2114428412e-01  5.5907443347e-02  -5.7705172747e-01
6.458409  -5.0271029506e-01  5.6017036533e-02  -5.5872733159e-01
6.459521  -4.8279569698e-01  5.5688368980e-02  -5.3848406596e-01
6.460632  -4.6197134588e-01  5.4931212674e-02  -5.1690255855e-01
6.461743  -4.4083479893e-01  5.3767907481e-02  -4.9460270641e-01
6.462855  -4.1999278761e-01  5.2232701903e-02  -4.7222548951e-01
6.463966  -4.0004342204e-01  5.0370744646e-02  -4.5041416669e-01
6.465077  -3.8155864875e-01  4.8236756704e-02  -4.2979540545e-01
6.466189  -3.6506747612e-01  4.5893423014e-02  -4.1096089913e-01
6.467300  -3.5104045975e-01  4.3409550952e-02  -3.9445001070e-01
6.468411  -3.3987590263e-01  4.0858049779e-02  -3.8073395241e-01
6.469523  -3.3188817477e-01  3.8313790354e-02  -3.7020196512e-01
6.470634  -3.2729849495e-01  3.5851407969e-02  -3.6314990292e-01
6.471745  -3.2622844478e-01  3.3543112762e-02  -3.5977155754e-01
6.472857  -3.2869640519e-01  3.1456571953e-02  -3.6015297715e-01
6.473968  -3.3461701994e-01  2.9652926016e-02  -3.6426994595e-01
6.475080  -3.4380370150e-01  2.8184996942e-02  -3.7198869844e-01
6.476191  -3.5597410595e-01  2.7095741102e-02  -3.8306984705e-01
6.477302  -3.7075841612e-01  2.6416992025e-02  -3.9717540815e-01
6.478414  -3.8771018986e-01  2.6168529884e-02  -4.1387871974e-01
6.479525  -4.0631945525e-01  2.6357504891e-02  -4.3267696014e-01
6.480636  -4.2602766863e-01  2.6978231412e-02  -4.5300590004e-01
6.481748  -4.4624409649e-01  2.8012358718e-02  -4.7425645521e-01
6.482859  -4.6636314092e-01  2.9429413258e-02  -4.9579255418e-01
6.483970  -4.8578210025e-01  3.1187696426e-02  -5.1696979668e-01
6.485082  -5.0391884409e-01  3.3235511368e-02  -5.3715435546e-01
6.486193  -5.2022888428e-01  3.5512682751e-02  -5.5574156703e-01
6.487304  -5.3422134117e-01  3.7952324802e-02  -5.7217366597e-01
6.488416  -5.4547333703e-01  4.0482805679e-02  -5.8595614271e-01
6.489527  -5.5364239437e-01  4.3029850477e-02  -5.9667224485e-01
6.490639  -5.5847647585e-01  4.5518721141e-02  -6.0399519699e-01
6.491750  -5.5982137119e-01  4.7876409284e-02  -6.0769778048e-01
6.492861  -5.5762521483e-01  5.0033777602e-02  -6.0765899243e-01
6.493973  -5.5194000172e-01  5.1927587056e-02  -6.0386758877e-01
6.495084  -5.4292005708e-01  5.3502350388e-02  -5.9642240746e-01
6.496195  -5.3081750516e-01  5.4711957645e-02  -5.8552946281e-01
6.497307  -5.1597487007e-01  5.5521026095e-02  -5.7149589617e-01
6.498418  -4.9881502565e-01  5.5905935006e-02  -5.5472096066e-01
6.499529  -4.7982878955e-01  5.5855515029e-02  -5.3568430458e-01
6.500641  -4.5956052540e-01  5.5371372069e-02  -5.1493189747e-01
6.501752  -4.3859217530e-01  5.4467836247e-02  -4.9306001155e-01
6.502864  -4.1752619132e-01  5.3171537559e-02  -4.7069772888e-01
6.503975  -3.9696786638e-01  5.1520620815e-02  -4.4848848719e-01
6.505086  -3.7750758298e-01  4.9563622969e-02  -4.2707120595e-01
6.506198  -3.5970350032e-01  4.7358045906e-02  -4.0706154622e-01
6.507309  -3.4406518757e-01  4.4968666639e-02  -3.8903385421e-01
6.508420  -3.3103868327e-01  4.2465634570e-02  -3.7350431784e-01
6.509532  -3.2099341887e-01  3.9922411700e-02  -3.6091583057e-01
6.510643  -3.1421139012e-01  3.7413616284e-02  -3.5162500640e-01
6.511754  -3.1087889329e-01  3.5012833201e-02  -3.4589172649e-01
6.512866  -3.1108106893e-01  3.2790455307e-02  -3.4387152424e-01
6.513977  -3.1479941263e-01  3.0811619088e-02  -3.4561103172e-01
6.515088  -3.2191232585e-01  2.9134295147e-02  -3.5104662100e-01
6.516200  -3.3219869029e-01  2.7807589513e-02  -3.6000627980e-01
6.517311  -3.4534436086e-01  2.6870305532e-02  -3.7221466640e-01
6.518423  -3.6095138668e-01  2.6349808476e-02  -3.8730119516e-01
6.519534  -3.7854968922e-01  2.6261226063e-02  -4.0481091529e-01
6.520645  -3.9761085518e-01  2.6607008280e-02  -4.2421786346e-01
6.521757  -4.1756363922e-01  2.7376859283e-02  -4.4494049851e-01
6.522868  -4.3781072179e-01  2.8548043291e-02  -4.6635876508e-01
6.523979  -4.5774623041e-01  3.0086055369e-02  -4.8783228578e-01
6.525091  -4.7677351046e-01  3.1945637322e-02  -5.0871914778e-01
6.526202  -4.9432262427e-01  3.4072108799e-02  -5.2839473307e-01
6.527313  -5.0986706509e-01  3.6402974441e-02  -5.4627003953e-01
6.528425  -5.2293919594e-01  3.8869759864e-02  -5.6180895581e-01
6.529536  -5.3314396054e-01  4.1400022530e-02  -5.7454398306e-01
6.530647  -5.4017046405e-01  4.3919478451e-02  -5.8408994250e-01
6.531759  -5.4380108457e-01  4.6354182319e-02  -5.9015526689e-01
6.532870  -5.4391784779e-01  4.8632697053e-02  -5.9255054485e-01
6.533982  -5.4050587836e-01  5.0688189138e-02  -5.9119406750e-01
6.535093  -5.3365382680e-01  5.2460388280e-02  -5.8611421508e-01
6.536204  -5.2355125973e-01  5.3897353939e-02  -5.7744861367e-01
6.537316  -5.1048309012e-01  5.4956996948e-02  -5.6544008707e-01
6.538427  -4.9482121125e-01  5.5608311660e-02  -5.5042952291e-01
6.539538  -4.7701357987e-01  5.5832282540e-02  -5.3284586241e-01
6.540650  -4.5757106913e-01  5.5622438709e-02  -5.1319350784e-01
6.541761  -4.3705247693e-01  5.4985040256e-02  -4.9203751719e-01
6.542872  -4.1604812972e-01  5.3938890971e-02  -4.6998702069e-01
6.543984  -3.9516256276e-01  5.2514783084e-02  -4.4767734584e-01
6.545095  -3.7499678504e-01  5.0754590419e-02  -4.2575137546e-01
6.546206  -3.5613064898e-01  4.8710036654e-02  -4.0484068564e-01
6.547318  -3.3910584229e-01  4.6441174934e-02  -3.8554701723e-01
6.548429  -3.2441000073e-01  4.4014623513e-02  -3.6842462424e-01
6.549541  -3.1246240777e-01  4.1501609261e-02  -3.5396401703e-01
6.550652  -3.0360170059e-01  3.8975876507e-02  -3.4257757710e-01
6.551763  -2.9807594292e-01  3.6511522585e-02  -3.3458746550e-01
6.552875  -2.9603535559e-01  3.4180823634e-02  -3.3021617922e-01
6.553986  -2.9752791820e-01  3.2052114431e-02  -3.2958003264e-01
6.555097  -3.0249797045e-01  3.0187784449e-02  -3.3268575490e-01
6.556209  -3.1078785392e-01  2.8642448909e-02  -3.3943030283e-01
6.557320  -3.2214254626e-01  2.7461348438e-02  -3.4960389470e-01
6.558431  -3.3621715126e-01  2.6679024218e-02  -3.6289617547e-01
6.559543  -3.5258702496e-01  2.6318307428e-02  -3.7890533238e-01
6.560654  -3.7076024078e-01  2.6389652543e-02  -3.9714989332e-01
6.561765  -3.9019202745e-01  2.6890833953e-02  -4.1708286141e-01
6.562877  -4.1030075634e-01  2.7807014709e-02  -4.3810777105e-01
6.563988  -4.3048500884e-01  2.9111185269e-02  -4.5959619411e-01
6.565100  -4.5014122317e-01  3.0764959279e-02  -4.8090618245e-01
6.566211  -4.6868140276e-01  3.2719702946e-02  -5.0140110571e-01
6.567322  -4.8555036665e-01  3.4917964763e-02  -5.2046833141e-01
6.568434  -5.0024203590e-01  3.7295163572e-02  -5.3753719947e-01
6.569545  -5.1231427832e-01  3.9781485355e-02  -5.5209576368e-01
6.570656  -5.2140187586e-01  4.2303933057e-02  -5.6370580891e-01
6.571768  -5.2722723454e-01  4.4788469239e-02  -5.7201570378e-01
6.572879  -5.2960852284e-01  4.7162188698e-02  -5.7677071154e-01
6.573990  -5.2846499976e-01  4.9355457270e-02  -5.7782045703e-01
6.575102  -5.2381937655e-01  5.1303954093e-02  -5.7512333065e-01
6.576213  -5.1579714301e-01  5.2950557434e-02  -5.6874770045e-01
6.577325  -5.0462287815e-01  5.4247018777e-02  -5.5886989693e-01
6.578436  -4.9061365380e-01  5.5155376129e-02  -5.4576902993e-01
6.579547  -4.7416972475e-01  5.5649065126e-02  -5.2981878988e-01
6.580659  -4.5576277886e-01  5.5713695446e-02  -5.1147647431e-01
6.581770  -4.3592209177e-01  5.5347469806e-02  -4.9126956158e-01
6.582881  -4.1521899292e-01  5.4561233367e-02  -4.6978022628e-01
6.583993  -3.9425009833e-01  5.3378152191e-02  -4.4762825052e-01
6.585104  -3.7361980255e-01  5.1833030269e-02  -4.2545283282e-01
6.586215  -3.5392254319e-01  4.9971285274e-02  -4.0389382846e-01
6.587327  -3.3572535863e-01  4.7847613157e-02  -3.8357297178e-01
6.588438  -3.1955125062e-01  4.5524380875e-02  -3.6507563150e-01
6.589549  -3.0586383981e-01  4.3069794453e-02  -3.4893363426e-01
6.590661  -2.9505376451e-01  4.0555896211e-02  -3.3560966072e-01
6.591772  -2.8742722151e-01  3.8056449948e-02  -3.2548367146e-01
6.592884  -2.8319698527e-01  3.5644776170e-02  -3.1884176144e-01
6.593995  -2.8247616875e-01  3.3391600884e-02  -3.1586776964e-01
6.595106  -2.8527490891e-01  3.1362981080e-02  -3.1663788999e-01
6.596218  -2.9150007394e-01  2.9618367737e-02  -3.2111844167e-01
6.597329  -3.0095800077e-01  2.8208863164e-02  -3.2916686394e-01
6.598440  -3.1336018238e-01  2.7175723744e-02  -3.4053590612e-01
6.599552  -3.2833173782e-01  2.6549151953e-02  -3.5488088977e-01
6.600663  -3.4542241660e-01  2.6347413025e-02  -3.7176982962e-01
6.601774  -3.6411981405e-01  2.6576302096e-02  -3.9069611615e-01
6.602886  -3.8386441022e-01  2.7228977367e-02  -4.1109338759e-01
6.603997  -4.0406599065e-01  2.8286164092e-02  -4.3235215474e-01
6.605108  -4.2412096743e-01  2.9716723316e-02  -4.5383769075e-01
6.606220  -4.4343009201e-01  3.1478568570e-02  -4.7490866058e-01
6.607331  -4.6141604021e-01  3.3519903553e-02  -4.9493594376e-01
6.608443  -4.7754035339e-01  3.5780744393e-02  -5.1332109778e-01
6.609554  -4.9131923867e-01  3.8194681761e-02  -5.2951392043e-01
6.610665  -5.0233776461e-01  4.0690831067e-02  -5.4302859568e-01
6.611777  -5.1026203596e-01  4.3195913481e-02  -5.5345794944e-01
6.612888  -5.1484899007e-01  4.5636406669e-02  -5.6048539674e-01
6.613999  -5.1595352788e-01  4.7940702148e-02  -5.6389423002e-01
6.615111  -5.1353276994e-01  5.0041205938e-02  -5.6357397588e-01
6.616222  -5.0764731298e-01  5.1876320903e-02  -5.5952363389e-01
6.617333  -4.9845944996e-01  5.3392252637e-02  -5.5185170259e-01
6.618445  -4.8622840600e-01  5.4544585964e-02  -5.4077299197e-01
6.619556  -4.7130273005e-01  5.5299585847e-02  -5.2660231590e-01
6.620667  -4.5411006549e-01  5.5635184603e-02  -5.0974525009e-01
6.621779  -4.3514459999e-01  5.5541626541e-02  -4.9068622653e-01
6.622890  -4.1495256272e-01  5.5021751186e-02  -4.6997431391e-01
6.624002  -3.9411619480e-01  5.4090906879e-02  -4.4820710168e-01
6.625113  -3.7323666293e-01  5.2776497365e-02  -4.2601316030e-01
6.626224  -3.5291641795e-01  5.1117174782e-02  -4.0403359273e-01
6.627336  -3.3374151572e-01  4.9161702788e-02  -3.8290321851e-01
6.628447  -3.1626441924e-01  4.6967523292e-02  -3.6323194253e-01
6.629558  -3.0098778647e-01  4.4599068899e-02  -3.4558685537e-01
6.630670  -2.8834971972e-01  4.2125870649e-02  -3.3047559037e-01
6.631781  -2.7871090922e-01  3.9620516617e-02  -3.1833142583e-01
6.632892  -2.7234404827e-01  3.7156521313e-02  -3.0950056958e-01
6.634004  -2.6942583049e-01  3.4806168415e-02  -3.0423199891e-01
6.635115  -2.7003176393e-01  3.2638390134e-02  -3.0267015406e-01
6.636226  -2.7413395418e-01  3.0716745423e-02  -3.0485069960e-01
6.637338  -2.8160192174e-01  2.9097556343e-02  -3.1069947808e-01
6.638449  -2.9220642939e-01  2.7828257200e-02  -3.2003468659e-01
6.639561  -3.0562620743e-01  2.6946004870e-02  -3.3257221230e-01
6.640672  -3.2145737941e-01  2.6476590997e-02  -3.4793397041e-01
6.641783  -3.3922531187e-01  2.6433687933e-02  -3.6565899981e-01
6.642895  -3.5839854034e-01  2.6818450450e-02  -3.8521699079e-01
6.644006  -3.7840436297e-01  2.7619484818e-02  -4.0602384779e-01
6.645117  -3.9864564441e-01  2.8813186102e-02  -4.2745883051e-01
6.646229  -4.1851833678e-01  3.0364433648e-02  -4.4888277043e-01
6.647340  -4.3742920372e-01  3.2227624304e-02  -4.6965682802e-01
6.648451  -4.5481322743e-01  3.4348012966e-02  -4.8916124040e-01
6.649563  -4.7015018804e-01  3.6663321035e-02  -5.0681350907e-01
6.650674  -4.8297992880e-01  3.9105565546e-02  -5.2208549434e-01
6.651785  -4.9291585922e-01  4.1603055233e-02  -5.3451891445e-01
6.652897  -4.9965629993e-01  4.4082494933e-02  -5.4373879486e-01
6.654008  -5.0299333643e-01  4.6471136554e-02  -5.4946447299e-01
6.655120  -5.0281892190e-01  4.8698913486e-02  -5.5151783538e-01
6.656231  -4.9912804989e-01  5.0700495830e-02  -5.4982854572e-01
6.657342  -4.9201890403e-01  5.2417206170e-02  -5.4443611020e-01
6.658454  -4.8168998003e-01  5.3798739694e-02  -5.3548871973e-01
6.659565  -4.6843426458e-01  5.4804638253e-02  -5.2323890283e-01
6.660676  -4.5263064171e-01  5.5405475162e-02  -5.0803611688e-01
6.661788  -4.3473277898e-01  5.5583716040e-02  -4.9031649502e-01
6.662899  -4.1525581923e-01  5.5334230512e-02  -4.7059004974e-01
6.664010  -3.9476126847e-01  5.4664439842e-02  -4.4942570831e-01
6.665122  -3.7384052329e-01  5.3594096241e-02  -4.2743461953e-01
6.666233  -3.5309752091e-01  5.2154700420e-02  -4.0525222133e-01
6.667345  -3.3313102096e-01  5.0388574553e-02  -3.8351959551e-01
6.668456  -3.1451703885e-01  4.8347617931e-02  -3.6286465679e-01
6.669567  -2.9779194606e-01  4.6091781907e-02  -3.4388372796e-01
6.670679  -2.8343673301e-01  4.3687308904e-02  -3.2712404191e-01
6.671790  -2.7186289661e-01  4.1204787263e-02  -3.1306768387e-01
6.672901  -2.6340036605e-01  3.8717078996e-02  -3.0211744504e-01
6.674013  -2.5828782152e-01  3.6297181314e-02  -2.9458500283e-01
6.675124  -2.5666568964e-01  3.4016084665e-02  -2.9068177431e-01
6.676235  -2.5857202126e-01  3.1940690148e-02  -2.9051271140e-01
6.677347  -2.6394137253e-01  3.0131847386e-02  -2.9407321991e-01
6.678458  -2.7260672224e-01  2.8642570406e-02  -3.0124929265e-01
6.679569  -2.8430436907e-01  2.7516483836e-02  -3.1182085291e-01
6.680681  -2.9868166521e-01  2.6786544956e-02  -3.2546821017e-01
6.681792  -3.1530735946e-01  2.6474079039e-02  -3.4178143850e-01
6.682904  -3.3368424655e-01  2.6588156216e-02  -3.6027240277e-01
6.684015  -3.5326375139e-01  2.7125328075e-02  -3.8038907947e-01
6.685126  -3.7346202064e-01  2.8069731639e-02  -4.0153175227e-01
6.686238  -3.9367704939e-01  2.9393557590e-02  -4.2307060698e-01
6.687349  -4.1330634081e-01  3.1057868929e-02  -4.4436420974e-01
6.688460  -4.3176458023e-01  3.3013745960e-02  -4.6477832619e-01
6.689572  -4.4850080567e-01  3.5203723938e-02  -4.8370452960e-01
6.690683  -4.6301457078e-01  3.7563481133e-02  -5.0057805191e-01
6.691794  -4.7487062617e-01  4.0023727725e-02  -5.1489435390e-01
6.692906  -4.8371168837e-01  4.2512240061e-02  -5.2622392843e-01
6.694017  -4.8926892178e-01  4.4955980549e-02  -5.3422490233e-01
6.695128  -4.9136982625e-01  4.7283240981e-02  -5.3865306723e-01
6.696240  -4.8994329867e-01  4.9425746383e-02  -5.3936904505e-01
6.697351  -4.8502172018e-01  5.1320657664e-02  -5.3634237784e-01
6.698463  -4.7674000775e-01  5.2912414341e-02  -5.2965242209e-01
6.699574  -4.6533165792e-01  5.4154363293e-02  -5.1948602121e-01
6.700685  -4.5112189860e-01  5.5010125802e-02  -5.0613202440e-01
6.701797  -4.3451815006e-01  5.5454662829e-02  -4.8997281289e-01
6.702908  -4.1599807467e-01  5.5475007333e-02  -4.7147308201e-01
6.704019  -3.9609556604e-01  5.5070642215e-02  -4.5116620826e-01
6.705131  -3.7538508859e-01  5.4253512867e-02  -4.2963860146e-01
6.706242  -3.5446482688e-01  5.3047674055e-02  -4.0751250093e-01
6.707353  -3.3393913897e-01  5.1488581547e-02  -3.8542772052e-01
6.708465  -3.1440082868e-01  4.9622049376e-02  -3.6402287805e-01
6.709576  -2.9641375657e-01  4.7502903377e-02  -3.4391665995e-01
6.710687  -2.8049630000e-01  4.5193370590e-02  -3.2568967059e-01
6.711799  -2.6710614719e-01  4.2761251836e-02  -3.0986739903e-01
6.712910  -2.5662687161e-01  4.0277931121e-02  -2.9690480273e-01
6.714022  -2.4935668033e-01  3.7816280327e-02  -2.8717296065e-01
6.715133  -2.4549966650e-01  3.5448520682e-02  -2.8094818719e-01
6.716244  -2.4515982263e-01  3.3244103757e-02  -2.7840392638e-01
6.717356  -2.4833799003e-01  3.1267674185e-02  -2.7960566422e-01
6.718467  -2.5493183431e-01  2.9577173840e-02  -2.8450900815e-01
6.719578  -2.6473884718e-01  2.8222143071e-02  -2.9296099025e-01
6.720690  -2.7746228695e-01  2.7242268821e-02  -3.0470455577e-01
6.721801  -2.9271988311e-01  2.6666222149e-02  -3.1938610526e-01
6.722912  -3.1005504980e-01  2.6510819220e-02  -3.3656586902e-01
6.724024  -3.2895027928e-01  2.6780530311e-02  -3.5573080959e-01
6.725135  -3.4884232230e-01  2.7467351169e-02  -3.7630967347e-01
6.726246  -3.6913871020e-01  2.8551040413e-02  -3.9768975061e-01
6.727358  -3.8923513416e-01  2.9999715952e-02  -4.1923485011e-01
6.728469  -4.0853317147e-01  3.1770792831e-02  -4.4030396430e-01
6.729581  -4.2645783912e-01  3.3812234932e-02  -4.6027007405e-01
6.730692  -4.4247445963e-01  3.6064083720e-02  -4.7853854335e-01
6.731803  -4.5610434444e-01  3.8460219147e-02  -4.9456456359e-01
6.732915  -4.6693883474e-01  4.0930300973e-02  -5.0786913571e-01
6.734026  -4.7465128785e-01  4.3401833524e-02  -5.1805312138e-01
6.735137  -4.7900665768e-01  4.5802293280e-02  -5.2480895096e-01
6.736249  -4.7986838807e-01  4.8061256832e-02  -5.2792964490e-01
6.737360  -4.7720241690e-01  5.0112466808e-02  -5.2731488370e-01
6.738471  -4.7107817357e-01  5.1895775124e-02  -5.2297394869e-01
6.739583  -4.6166654056e-01  5.3358906598e-02  -5.1502544716e-01
6.740694  -4.4923483891e-01  5.4458991205e-02  -5.0369383012e-01
6.741805  -4.3413898474e-01  5.5163820057e-02  -4.8930280480e-01
6.742917  -4.1681304695e-01  5.5452788321e-02  -4.7226583527e-01
6.744028  -3.9775651250e-01  5.5317497470e-02  -4.5307400997e-01
6.745140  -3.7751963279e-01  5.4761999260e-02  -4.3228163205e-01
6.746251  -3.5668728102e-01  5.3802674353e-02  -4.1048995538e-01
6.747362  -3.3586179432e-01  5.2467749215e-02  -3.8832954354e-01
6.748474  -3.1564530369e-01  5.0796465548e-02  -3.6644176924e-01
6.749585  -2.9662207034e-01  4.8837926675e-02  -3.4545999701e-01
6.750696  -2.7934134651e-01  4.6649654812e-02  -3.2599100133e-01
6.751808  -2.6430126375e-01  4.4295901614e-02  -3.0859716537e-01
6.752919  -2.5193422094e-01  4.1845761590e-02  -2.9377998253e-01
6.754030  -2.4259420106e-01  3.9371143822e-02  -2.8196534488e-01
6.755142  -2.3654638855e-01  3.6944661488e-02  -2.7349105004e-01
6.756253  -2.3395939200e-01  3.4637501160e-02  -2.6859689316e-01
6.757365  -2.3490030000e-01  3.2517334379e-02  -2.6741763437e-01
6.758476  -2.3933271552e-01  3.0646332780e-02  -2.6997904830e-01
6.759587  -2.4711782619e-01  2.9079344993e-02  -2.7619717118e-01
6.760699  -2.5801847912e-01  2.7862288766e-02  -2.8588076789e-01
6.761810  -2.7170614074e-01  2.7030805453e-02  -2.9873694620e-01
6.762921  -2.8777053728e-01  2.6609216290e-02  -3.1437975357e-01
6.764033  -3.0573169321e-01  2.6609811025e-02  -3.3234150424e-01
6.765144  -3.2505401436e-01  2.7032489705e-02  -3.5208650406e-01
6.766255  -3.4516200242e-01  2.7864768066e-02  -3.7302677049e-01
6.767367  -3.6545713999e-01  2.9082146285e-02  -3.9453928627e-01
6.768478  -3.8533545054e-01  3.0648830216e-02  -4.1598428075e-01
6.769589  -4.0420521838e-01  3.2518783868e-02  -4.3672400225e-01
6.770701  -4.2150434848e-01  3.4637082180e-02  -4.5614143066e-01
6.771812  -4.3671685707e-01  3.6941524350e-02  -4.7365838142e-01
6.772924  -4.4938800905e-01  3.9364460313e-02  -4.8875246936e-01
6.774035  -4.5913765829e-01  4.1834776754e-02  -5.0097243504e-01
6.775146  -4.6567139926e-01  4.4279984340e-02  -5.0995138360e-01
6.776258  -4.6878920303e-01  4.6628344910e-02  -5.1541754794e-01
6.777369  -4.6839128412e-01  4.8810976209e-02  -5.1720226033e-01
6.778480  -4.6448102628e-01  5.0763872403e-02  -5.1524489868e-01
6.779592  -4.5716488120e-01  5.2429781121e-02  -5.0959466232e-01
6.780703  -4.4664924336e-01  5.3759881963e-02  -5.0040912533e-01
6.781814  -4.3323439253e-01  5.4715217280e-02  -4.8794960981e-01
6.782926  -4.1730568178e-01  5.5267833271e-02  -4.7257351505e-01
6.784037  -3.9932222962e-01  5.5401598003e-02  -4.5472382762e-01
6.785148  -3.7980344789e-01  5.5112672386e-02  -4.3491612027e-01
6.786260  -3.5931380084e-01  5.4409620373e-02  -4.1372342121e-01
6.787371  -3.3844624247e-01  5.3313155208e-02  -3.9175939768e-01
6.788483  -3.1780481815e-01  5.1855529249e-02  -3.6966034740e-01
6.789594  -2.9798694100e-01  5.0079585342e-02  -3.4806652634e-01
6.790705  -2.7956586292e-01  4.8037497624e-02  -3.2760336055e-01
6.791817  -2.6307385479e-01  4.5789238794e-02  -3.0886309358e-01
6.792928  -2.4898658908e-01  4.3400818851e-02  -2.9238740793e-01
6.794039  -2.3770918336e-01  4.0942347042e-02  -2.7865153040e-01
6.795151  -2.2956431384e-01  3.8485973905e-02  -2.6805028775e-01
6.796262  -2.2478274814e-01  3.6103773820e-02  -2.6088652196e-01
6.797373  -2.2349657458e-01  3.3865630215e-02  -2.5736220480e-01
6.798485  -2.2573532709e-01  3.1837185465e-02  -2.5757251256e-01
6.799596  -2.3142511901e-01  3.0077915635e-02  -2.6150303465e-01
6.800707  -2.4039081158e-01  2.8639386535e-02  -2.6903019811e-01
6.801819  -2.5236115320e-01  2.7563742209e-02  -2.7992489541e-01
6.802930  -2.6697673893e-01  2.6882470180e-02  -2.9385920911e-01
6.804042  -2.8380055636e-01  2.6615479613e-02  -3.1041603598e-01
6.805153  -3.0233080885e-01  2.6770519398e-02  -3.2910132825e-01
6.806264  -3.2201563953e-01  2.7342953149e-02  -3.4935859268e-01
6.807376  -3.4226932423e-01  2.8315897661e-02  -3.7058522189e-01
6.808487  -3.6248945822e-01  2.9660720687e-02  -3.9215017891e-01
6.809598  -3.8207463246e-01  3.1337883369e-02  -4.1341251583e-01
6.810710  -4.0044208070e-01  3.3298102522e-02  -4.3374018322e-01
6.811821  -4.1704477965e-01  3.5483798625e-02  -4.5252857827e-01
6.812932  -4.3138750050e-01  3.7830786965e-02  -4.6921828746e-01
6.814044  -4.4304134080e-01  4.0270162267e-02  -4.8331150307e-01
6.815155  -4.5165631028e-01  4.2730321481e-02  -4.9438663176e-01
6.816266  -4.5697160130e-01  4.5139065335e-02  -5.0211066664e-01
6.817378  -4.5882324266e-01  4.7425716986e-02  -5.0624895965e-01
6.818489  -4.5714891193e-01  4.9523195593e-02  -5.0667210752e-01
6.819601  -4.5198976534e-01  5.1369983983e-02  -5.0335974932e-01
6.820712  -4.4348923143e-01  5.2911932682e-02  -4.9640116411e-01
6.821823  -4.3188880360e-01  5.4103847428e-02  -4.8599265103e-01
6.822935  -4.1752095528e-01  5.4910813599e-02  -4.7243176887e-01
6.824046  -4.0079938539e-01  5.5309218773e-02  -4.5610860416e-01
6.825157  -3.8220688030e-01  5.5287443445e-02  -4.3749432375e-01
6.826269  -3.6228114843e-01  5.4846199716e-02  -4.1712734814e-01
6.827380  -3.4159904295e-01  5.3998508073e-02  -3.9559755102e-01
6.828491  -3.2075963581e-01  5.2769313012e-02  -3.7352894883e-01
6.829603  -3.0036663932e-01  5.1194748847e-02  -3.5156138817e-01
6.830714  -2.8101069134e-01  4.9321077319e-02  -3.3033176866e-01
6.831826  -2.6325202367e-01  4.7203328236e-02  -3.1045535191e-01
6.832937  -2.4760402240e-01  4.4903683089e-02  -2.9250770549e-01
6.834048  -2.3451816239e-01  4.2489649117e-02  -2.7700781150e-01
6.835160  -2.2437075794e-01  4.0032077440e-02  -2.6440283538e-01
6.836271  -2.1745191880e-01  3.7603083450e-02  -2.5505500225e-01
6.837382  -2.1395703512e-01  3.5273930483e-02  -2.4923096560e-01
6.838494  -2.1398104159e-01  3.3112938898e-02  -2.4709398049e-01
6.839605  -2.1751562903e-01  3.1183481889e-02  -2.4869911092e-01
6.840716  -2.2444948529e-01  2.9542126849e-02  -2.5399161214e-01
6.841828  -2.3457155846e-01  2.8236976772e-02  -2.6280853523e-01
6.842939  -2.4757724686e-01  2.7306260340e-02  -2.7488350720e-01
6.844050  -2.6307733399e-01  2.6777212016e-02  -2.8985454600e-01
6.845162  -2.8060940663e-01  2.6665274949e-02  -3.0727468158e-01
6.846273  -2.9965142098e-01  2.6973650018e-02  -3.2662507100e-01
6.847385  -3.1963701887e-01  2.7693204197e-02  -3.4733022307e-01
6.848496  -3.3997214476e-01  2.8802740847e-02  -3.6877488560e-01
6.849607  -3.6005247582e-01  3.0269623946e-02  -3.9032209976e-01
6.850719  -3.7928115399e-01  3.2050737881e-02  -4.1133189187e-01
6.851830  -3.9708629949e-01  3.4093754557e-02  -4.3118005405e-01
6.852941  -4.1293779206e-01  3.6338670617e-02  -4.4927646268e-01
6.854053  -4.2636282734e-01  3.8719569580e-02  -4.6508239692e-01
6.855164  -4.3695979221e-01  4.1166557180e-02  -4.7812634939e-01
6.856275  -4.4441005172e-01  4.3607813067e-02  -4.8801786479e-01
6.857387  -4.4848730159e-01  4.5971698652e-02  -4.9445900024e-01
6.858498  -4.4906421214e-01  4.8188859231e-02  -4.9725307138e-01
6.859609  -4.4611616826e-01  5.0194258701e-02  -4.9631042696e-01
6.860721  -4.3972199583e-01  5.1929087191e-02  -4.9165108302e-01
6.861832  -4.3006165305e-01  5.3342485631e-02  -4.8340413868e-01
6.862944  -4.1741095437e-01  5.4393036701e-02  -4.7180399108e-01
6.864055  -4.0213348165e-01  5.5049978453e-02  -4.5718346010e-01
6.865166  -3.8466991987e-01  5.5294105030e-02  -4.3996402490e-01
6.866278  -3.6552513009e-01  5.5118328125e-02  -4.2064345822e-01
6.867389  -3.4525333903e-01  5.4527882753e-02  -3.9978122178e-01
6.868500  -3.2444187941e-01  5.3540171364e-02  -3.7798205078e-01
6.869612  -3.0369395850e-01  5.2184250938e-02  -3.5587820944e-01
6.870723  -2.8361096004e-01  5.0499978179e-02  -3.3411093822e-01
6.871834  -2.6477479896e-01  4.8536837939e-02  -3.1331163690e-01
6.872946  -2.4773084656e-01  4.6352489329e-02  -2.9408333589e-01
6.874057  -2.3297192718e-01  4.4011072207e-02  -2.7698299938e-01
6.875168  -2.2092385591e-01  4.1581323801e-02  -2.6250517971e-01
6.876280  -2.1193294169e-01  3.9134560753e-02  -2.5106750244e-01
6.877391  -2.0625582260e-01  3.6742585823e-02  -2.4299840842e-01
6.878503  -2.0405193161e-01  3.4475580715e-02  -2.3852751232e-01
6.879614  -2.0537881399e-01  3.2400046826e-02  -2.3777886081e-01
6.880725  -2.1019043385e-01  3.0576854368e-02  -2.4076728822e-01
6.881837  -2.1833851962e-01  2.9059457081e-02  -2.4739797670e-01
6.882948  -2.2957690911e-01  2.7892324894e-02  -2.5746923401e-01
6.884059  -2.4356876691e-01  2.7109640496e-02  -2.7067840741e-01
6.885171  -2.5989646228e-01  2.6734298013e-02  -2.8663076029e-01
6.886282  -2.7807381809e-01  2.6777233134e-02  -3.0485105122e-01
6.887393  -2.9756037130e-01  2.7237104279e-02  -3.2479747558e-01
6.888505  -3.1777722690e-01  2.8100334100e-02  -3.4587756100e-01
6.889616  -3.3812404014e-01  2.9341510055e-02  -3.6746555020e-01
6.890727  -3.5799662878e-01  3.0924132210e-02  -3.8892076099e-01
6.891839  -3.7680469886e-01  3.2801686302e-02  -4.0960638516e-01
6.892950  -3.9398916389e-01  3.4919010482e-02  -4.2890817437e-01
6.894062  -4.0903854916e-01  3.7213915610e-02  -4.4625246477e-01
6.895173  -4.2150400016e-01  3.9619011495e-02  -4.6112301166e-01
6.896284  -4.3101245442e-01  4.2063685463e-02  -4.7307613988e-01
6.897396  -4.3727759055e-01  4.4476175158e-02  -4.8175376571e-01
6.898507  -4.4010823287e-01  4.6785674741e-02  -4.8689390761e-01
6.899618  -4.3941396525e-01  4.8924412670e-02  -4.8833837792e-01
6.900730  -4.3520778900e-01  5.0829640090e-02  -4.8603742909e-01
6.901841  -4.2760574707e-01  5.2445471505e-02  -4.8005121857e-01
6.902952  -4.1682352513e-01  5.3724523736e-02  -4.7054804886e-01
6.904064  -4.0317012928e-01  5.4629305094e-02  -4.5779943437e-01
6.905175  -3.8703882575e-01  5.5133314062e-02  -4.4217213981e-01
6.906286  -3.6889560818e-01  5.5221815271e-02  -4.2411742345e-01
6.907398  -3.4926553073e-01  5.4892270067e-02  -4.0415780080e-01
6.908509  -3.2871730795e-01  5.4154409075e-02  -3.8287171703e-01
6.909621  -3.0784663301e-01  5.3029944697e-02  -3.6087657770e-01
6.910732  -2.8725870365e-01  5.1551932039e-02  -3.3881063569e-01
6.911843  -2.6755046860e-01  4.9763797075e-02  -3.1731426567e-01
6.912955  -2.4929311489e-01  4.7718060606e-02  -2.9701117550e-01
6.914066  -2.3301531036e-01  4.5474795539e-02  -2.7849010590e-01
6.915177  -2.1918769250e-01  4.3099862772e-02  -2.6228755528e-01
6.916289  -2.0820905903e-01  4.0662977493e-02  -2.4887203652e-01
6.917400  -2.0039466529e-01  3.8235662686e-02  -2.3863032797e-01
6.918511  -1.9596697182e-01  3.5889149888e-02  -2.3185612171e-01
6.919623  -1.9504911371e-01  3.3692288828e-02  -2.2874140254e-01
6.920734  -1.9766128340e-01  3.1709527284e-02  -2.2937081069e-01
6.921846  -2.0372013320e-01  2.9999020427e-02  -2.3371915363e-01
6.922957  -2.1304121502e-01  2.8610925117e-02  -2.4165214014e-01
6.924068  -2.2534438615e-01  2.7585929177e-02  -2.5293031533e-01
6.925180  -2.4026202237e-01  2.6954058772e-02  -2.6721608114e-01
6.926291  -2.5734979775e-01  2.6733798833e-02  -2.8408359659e-01
6.927402  -2.7609971490e-01  2.6931552319e-02  -3.0303126722e-01
6.928514  -2.9595500352e-01  2.7541454095e-02  -3.2349645762e-01
6.929625  -3.1632645051e-01  2.8545544880e-02  -3.4487199539e-01
6.930736  -3.3660968221e-01  2.9914300057e-02  -3.6652398226e-01
6.931848  -3.5620289234e-01  3.1607497819e-02  -3.8781039016e-01
6.932959  -3.7452449521e-01  3.3575401088e-02  -4.0809989630e-01
6.934070  -3.9103018662e-01  3.5760218502e-02  -4.2679040512e-01
6.935182  -4.0522891174e-01  3.8097801537e-02  -4.4332671328e-01
6.936293  -4.1669727180e-01  4.0519527938e-02  -4.5721679974e-01
6.937405  -4.2509194653e-01  4.2954316157e-02  -4.6804626268e-01
6.938516  -4.3015976829e-01  4.5330711659e-02  -4.7549047995e-01
6.939627  -4.3174515202e-01  4.7578983880e-02  -4.7932413590e-01
6.940739  -4.2979466303e-01  4.9633172275e-02  -4.7942783530e-01
6.941850  -4.2435858855e-01  5.1433021436e-02  -4.7579160999e-01
6.942961  -4.1558946688e-01  5.2925748520e-02  -4.6851521540e-01
6.944073  -4.0373761708e-01  5.4067591115e-02  -4.5780520820e-01
6.945184  -3.8914380031e-01  5.4825090192e-02  -4.4396889050e-01
6.946295  -3.7222922796e-01  5.5176070499e-02  -4.2740529846e-01
6.947407  -3.5348320958e-01  5.5110289696e-02  -4.0859349928e-01
6.948518  -3.3344880291e-01  5.4629737214e-02  -3.8807854012e-01
6.949629  -3.1270688676e-01  5.3748574135e-02  -3.6645546090e-01
6.950741  -2.9185912406e-01  5.2492715887e-02  -3.4435183995e-01
6.951852  -2.7151031463e-01  5.0899070072e-02  -3.2240938470e-01
6.952964  -2.5225065543e-01  4.9014451838e-02  -3.0126510727e-01
6.954075  -2.3463842856e-01  4.6894208655e-02  -2.8153263722e-01
6.955186  -2.1918362490e-01  4.4600594918e-02  -2.6378421981e-01
6.956298  -2.0633298373e-01  4.2200944083e-02  -2.4853392782e-01
6.957409  -1.9645688731e-01  3.9765692030e-02  -2.3622257934e-01
6.958520  -1.8983849471e-01  3.7366309654e-02  -2.2720480437e-01
6.959632  -1.8666543388e-01  3.5073205387e-02  -2.2173863927e-01
6.960743  -1.8702429562e-01  3.2953659182e-02  -2.1997795480e-01
6.961854  -1.9089809098e-01  3.1069848607e-02  -2.2196793959e-01
6.962966  -1.9816674692e-01  2.9477024939e-02  -2.2764377186e-01
6.964077  -2.0861062553e-01  2.8221892769e-02  -2.3683251830e-01
6.965188  -2.2191696388e-01  2.7341240639e-02  -2.4925820452e-01
6.966300  -2.3768904549e-01  2.6860862850e-02  -2.6454990834e-01
6.967411  -2.5545783451e-01  2.6794804059e-02  -2.8225263857e-01
6.968523  -2.7469573152e-01  2.7144948758e-02  -3.0184068028e-01
6.969634  -2.9483204722e-01  2.7900967662e-02  -3.2273301489e-01
6.970745  -3.1526974052e-01  2.9040622507e-02  -3.4431036303e-01
6.971857  -3.3540292972e-01  3.0530420275e-02  -3.6593335000e-01
6.972968  -3.5463466339e-01  3.2326597592e-02  -3.8696126098e-01
6.974079  -3.7239442963e-01  3.4376406375e-02  -4.0677083600e-01
6.975191  -3.8815489000e-01  3.6619662949e-02  -4.2477455295e-01
6.976302  -4.0144734749e-01  3.8990515140e-02  -4.4043786263e-01
6.977413  -4.1187549442e-01  4.1419375470e-02  -4.5329486989e-01
6.978525  -4.1912703743e-01  4.3834963681e-02  -4.6296200111e-01
6.979636  -4.2298285818e-01  4.6166398658e-02  -4.6914925684e-01
6.980747  -4.2332344122e-01  4.8345278349e-02  -4.7166871957e-01
6.981859  -4.2013238025e-01  5.0307686632e-02  -4.7044006688e-01
6.982970  -4.1349686020e-01  5.1996068285e-02  -4.6549292849e-01
6.984082  -4.0360510061e-01  5.3360917021e-02  -4.5696601763e-01
6.985193  -3.9074083545e-01  5.4362227103e-02  -4.4510306256e-01
6.986304  -3.7527499138e-01  5.4970665966e-02  -4.3024565735e-01
6.987416  -3.5765480817e-01  5.5168433472e-02  -4.1282324164e-01
6.988527  -3.3839072083e-01  5.4949782637e-02  -3.9334050346e-01
6.989638  -3.1804138781e-01  5.4321186585e-02  -3.7236257439e-01
6.990750  -2.9719730483e-01  5.3301146894e-02  -3.5049845172e-01
6.991861  -2.7646348458e-01  5.1919648987e-02  -3.2838313357e-01
6.992972  -2.5644171064e-01  5.0217280622e-02  -3.0665899126e-01
6.994084  -2.3771288606e-01  4.8244039377e-02  -2.8595692543e-01
6.995195  -2.2081999444e-01  4.6057864177e-02  -2.6687785862e-01
6.996306  -2.0625217318e-01  4.3722933992e-02  -2.4997510717e-01
6.997418  -1.9443036622e-01  4.1307783653e-02  -2.3573814988e-01
6.998529  -1.8569497723e-01  3.8883292123e-02  -2.2457826935e-01
6.999641  -1.8029588505e-01  3.6520602249e-02  -2.1681648730e-01
7.000752  -1.7838511486e-01  3.4289033069e-02  -2.1267414793e-01
7.001863  -1.8001237941e-01  3.2254045920e-02  -2.1226642533e-01
7.002975  -1.8512362174e-01  3.0475324049e-02  -2.1559894579e-01
7.004086  -1.9356260160e-01  2.9005022032e-02  -2.2256762363e-01
7.005197  -2.0507547947e-01  2.7886236374e-02  -2.3296171584e-01
7.006309  -2.1931826342e-01  2.7151742127e-02  -2.4647000554e-01
7.007420  -2.3586690047e-01  2.6823032569e-02  -2.6268993304e-01
7.008531  -2.5422971652e-01  2.6909690071e-02  -2.8113940659e-01
7.009643  -2.7386183971e-01  2.7409106590e-02  -3.0127094630e-01
7.010754  -2.9418118432e-01  2.8306561915e-02  -3.2248774623e-01
7.011866  -3.1458552619e-01  2.9575657341e-02  -3.4416118353e-01
7.012977  -3.3447016881e-01  3.1179091988e-02  -3.6564926080e-01
7.014088  -3.5324568183e-01  3.3069758937e-02  -3.8631544076e-01
7.015200  -3.7035519162e-01  3.5192128976e-02  -4.0554732060e-01
7.016311  -3.8529071671e-01  3.7483881303e-02  -4.2277459802e-01
7.017422  -3.9760806878e-01  3.9877733310e-02  -4.3748580209e-01
7.018534  -4.0693988224e-01  4.2303415715e-02  -4.4924329796e-01
7.019645  -4.1300639006e-01  4.4689735071e-02  -4.5769612513e-01
7.020756  -4.1562362975e-01  4.6966663107e-02  -4.6259029286e-01
7.021868  -4.1470883883e-01  4.9067391592e-02  -4.6377623043e-01
7.022979  -4.1028288143e-01  5.0930292421e-02  -4.6121317385e-01
7.024090  -4.0246963490e-01  5.2500725418e-02  -4.5497036032e-01
7.025202  -3.9149235442e-01  5.3732640832e-02  -4.4522499525e-01
7.026313  -3.7766712221e-01  5.4589929520e-02  -4.3225705173e-01
7.027425  -3.6139357366e-01  5.5047481228e-02  -4.1644105488e-01
7.028536  -3.4314317221e-01  5.5091919971e-02  -3.9823509218e-01
7.029647  -3.2344537729e-01  5.4721994946e-02  -3.7816737223e-01
7.030759  -3.0287211074e-01  5.3948615586e-02  -3.5682072632e-01
7.031870  -2.8202097773e-01  5.2794529749e-02  -3.3481550748e-01
7.032981  -2.6149773426e-01  5.1293654543e-02  -3.1279138880e-01
7.034093  -2.4189851558e-01  4.9490079475e-02  -2.9138859505e-01
7.035204  -2.2379234706e-01  4.7436771209e-02  -2.7122911827e-01
7.036315  -2.0770445036e-01  4.5194018002e-02  -2.5289846836e-01
7.037427  -1.9410083486e-01  4.2827659477e-02  -2.3692849434e-01
7.038538  -1.8337462625e-01  4.0407153730e-02  -2.2378177998e-01
7.039649  -1.7583453343e-01  3.8003538508e-02  -2.1383807194e-01
7.040761  -1.7169579214e-01  3.5687346301e-02  -2.0738313844e-01
7.041872  -1.7107385081e-01  3.3526534539e-02  -2.0460038535e-01
7.042984  -1.7398098409e-01  3.1584491633e-02  -2.0556547572e-01
7.044095  -1.8032593332e-01  2.9918177365e-02  -2.1024411069e-01
7.045206  -1.8991658453e-01  2.8576452175e-02  -2.1849303670e-01
7.046318  -2.0246560524e-01  2.7598644364e-02  -2.3006424960e-01
7.047429  -2.1759887504e-01  2.7013397205e-02  -2.4461227225e-01
7.048540  -2.3486646227e-01  2.6837829786e-02  -2.6170429205e-01
7.049652  -2.5375582492e-01  2.7077036148e-02  -2.8083286107e-01
7.050763  -2.7370684857e-01  2.7723937381e-02  -3.0143078595e-01
7.051874  -2.9412827994e-01  2.8759490975e-02  -3.2288777092e-01
7.052986  -3.1441507415e-01  3.0153251231e-02  -3.4456832538e-01
7.054097  -3.3396614662e-01  3.1864264247e-02  -3.6583041087e-01
7.055208  -3.5220200890e-01  3.3842271164e-02  -3.8604428006e-01
7.056320  -3.6858177084e-01  3.6029184327e-02  -4.0461095517e-01
7.057431  -3.8261901054e-01  3.8360793004e-02  -4.2097980355e-01
7.058543  -3.9389604617e-01  4.0768648582e-02  -4.3466469475e-01
7.059654  -4.0207619124e-01  4.3182073886e-02  -4.4525826512e-01
7.060765  -4.0691363344e-01  4.5530237643e-02  -4.5244387108e-01
7.061877  -4.0826064747e-01  4.7744233207e-02  -4.5600488068e-01
7.062988  -4.0607193001e-01  4.9759100537e-02  -4.5583103055e-01
7.064099  -4.0040592977e-01  5.1515732098e-02  -4.5192166187e-01
7.065211  -3.9142313348e-01  5.2962606776e-02  -4.4438574026e-01
7.066322  -3.7938135811e-01  5.4057300927e-02  -4.3343865904e-01
7.067433  -3.6462818742e-01  5.4767732261e-02  -4.1939591968e-01
7.068545  -3.4759077462e-01  5.5073100087e-02  -4.0266387471e-01
7.069656  -3.2876331050e-01  5.4964494350e-02  -3.8372780485e-01
7.070767  -3.0869252438e-01  5.4445155647e-02  -3.6313768003e-01
7.071879  -2.8796164352e-01  5.3530378623e-02  -3.4149202214e-01
7.072990  -2.6717328139e-01  5.2247061624e-02  -3.1942034302e-01
7.074102  -2.4693175693e-01  5.0632915877e-02  -2.9756467281e-01
7.075213  -2.2782536348e-01  4.8735357435e-02  -2.7656072091e-01
7.076324  -2.1040910758e-01  4.6610114449e-02  -2.5701922203e-01
7.077436  -1.9518842417e-01  4.4319590672e-02  -2.3950801484e-01
7.078547  -1.8260434581e-01  4.1931033254e-02  -2.2453537906e-01
7.079658  -1.7302056123e-01  3.9514558606e-02  -2.1253511984e-01
7.080770  -1.6671274285e-01  3.7141094313e-02  -2.0385383716e-01
7.081881  -1.6386045641e-01  3.4880297466e-02  -1.9874075388e-01
7.082992  -1.6454189014e-01  3.2798510542e-02  -1.9734040068e-01
7.084104  -1.6873155823e-01  3.0956814790e-02  -1.9968837302e-01
7.085215  -1.7630104588e-01  2.9409238252e-02  -2.0571028413e-01
7.086327  -1.8702277430e-01  2.8201170987e-02  -2.1522394529e-01
7.087438  -2.0057667511e-01  2.7368033971e-02  -2.2794470908e-01
7.088549  -2.1655957849e-01  2.6934240728e-02  -2.4349381922e-01
7.089661  -2.3449703965e-01  2.6912482106e-02  -2.6140952175e-01
7.090772  -2.5385725672e-01  2.7303355173e-02  -2.8116061189e-01
7.091883  -2.7406667175e-01  2.8095347062e-02  -3.0216201881e-01
7.092995  -2.9452679719e-01  2.9265174217e-02  -3.2379197141e-01
7.094106  -3.1463177422e-01  3.0778467031e-02  -3.4541024126e-01
7.095217  -3.3378614775e-01  3.2590779750e-02  -3.6637692750e-01
7.096329  -3.5142233672e-01  3.4648895968e-02  -3.8607123269e-01
7.097440  -3.6701728702e-01  3.6892391364e-02  -4.0390967839e-01
7.098551  -3.8010781867e-01  3.9255407800e-02  -4.1936322647e-01
7.099663  -3.9030421667e-01  4.1668586676e-02  -4.3197280334e-01
7.100774  -3.9730166706e-01  4.4061104804e-02  -4.4136277186e-01
7.101886  -4.0088920243e-01  4.6362753036e-02  -4.4725195546e-01
7.102997  -4.0095589450e-01  4.8505996638e-02  -4.4946189114e-01
7.104108  -3.9749411199e-01  5.0427956948e-02  -4.4792206894e-01
7.105220  -3.9059974807e-01  5.2072256184e-02  -4.4267200425e-01
7.106331  -3.8046941083e-01  5.3390671256e-02  -4.3386008209e-01
7.107442  -3.6739465893e-01  5.4344548093e-02  -4.2173920702e-01
7.108554  -3.5175345153e-01  5.4905934989e-02  -4.0665938652e-01
7.109665  -3.3399906334e-01  5.5058401752e-02  -3.8905746510e-01
7.110776  -3.1464678985e-01  5.4797520638e-02  -3.6944431048e-01
7.111888  -2.9425883266e-01  5.4130995012e-02  -3.4838982767e-01
7.112999  -2.7342780843e-01  5.3078431975e-02  -3.2650624040e-01
7.114110  -2.5275936510e-01  5.1670765695e-02  -3.0443013079e-01
7.115222  -2.3285441527e-01  4.9949348380e-02  -2.8280376365e-01
7.116333  -2.1429150810e-01  4.7964735619e-02  -2.6225624372e-01
7.117445  -1.9760985671e-01  4.5775201771e-02  -2.4338505848e-01
7.118556  -1.8329351909e-01  4.3445028984e-02  -2.2673854807e-01
7.119667  -1.7175719657e-01  4.1042620103e-02  -2.1279981668e-01
7.120779  -1.6333406650e-01  3.8638490842e-02  -2.0197255735e-01
7.121890  -1.5826600607e-01  3.6303200165e-02  -1.9456920624e-01
7.123001  -1.5669649419e-01  3.4105279625e-02  -1.9080177382e-01
7.124113  -1.5866639963e-01  3.2109222412e-02  -1.9077562205e-01
7.125224  -1.6411277909e-01  3.0373591127e-02  -1.9448637022e-01
7.126335  -1.7287072040e-01  2.8949299800e-02  -2.0182002020e-01
7.127447  -1.8467817700e-01  2.7878120533e-02  -2.1255629753e-01
7.128558  -1.9918365180e-01  2.7191458601e-02  -2.2637511040e-01
7.129669  -2.1595650514e-01  2.6909431883e-02  -2.4286593702e-01
7.130781  -2.3449958445e-01  2.7040281653e-02  -2.6153986610e-01
7.131892  -2.5426380523e-01  2.7580131945e-02  -2.8184393718e-01
7.133004  -2.7466425563e-01  2.8513104548e-02  -3.0317736018e-01
7.134115  -2.9509735223e-01  2.9811786200e-02  -3.2490913843e-01
7.135226  -3.1495854382e-01  3.1438034242e-02  -3.4639657806e-01
7.136338  -3.3366004379e-01  3.3344097046e-02  -3.6700414084e-01
7.137449  -3.5064807111e-01  3.5474016320e-02  -3.8612208743e-01
7.138560  -3.6541909401e-01  3.7765270087e-02  -4.0318436410e-01
7.139672  -3.7753459995e-01  4.0150608111e-02  -4.1768520806e-01
7.140783  -3.8663395864e-01  4.2560025895e-02  -4.2919398454e-01
7.141894  -3.9244500068e-01  4.4922819288e-02  -4.3736781997e-01
7.143006  -3.9479200156e-01  4.7169659415e-02  -4.4196166098e-01
7.144117  -3.9360083687e-01  4.9234627037e-02  -4.4283546390e-01
7.145228  -3.8890115732e-01  5.1057146633e-02  -4.3995830395e-01
7.146340  -3.8082551997e-01  5.2583763477e-02  -4.3340928345e-01
7.147451  -3.6960550097e-01  5.3769711561e-02  -4.2337521253e-01
7.148563  -3.5556490394e-01  5.4580226381e-02  -4.1014513032e-01
7.149674  -3.3911026312e-01  5.4991564092e-02  -3.9410182722e-01
7.150785  -3.2071892000e-01  5.4991697149e-02  -3.7571061715e-01
7.151897  -3.0092502293e-01  5.4580666055e-02  -3.5550568899e-01
7.153008  -2.8030386075e-01  5.3770576937e-02  -3.3407443769e-01
7.154119  -2.5945498960e-01  5.2585245049e-02  -3.1204023464e-01
7.155231  -2.3898464812e-01  5.1059494706e-02  -2.9004414282e-01
7.156342  -2.1948797677e-01  4.9238136225e-02  -2.6872611300e-01
7.157453  -2.0153156279e-01  4.7174649935e-02  -2.4870621272e-01
7.158565  -1.8563682283e-01  4.4929615898e-02  -2.3056643873e-01
7.159676  -1.7226471069e-01  4.2568935453e-02  -2.1483364614e-01
7.160787  -1.6180219872e-01  4.0161896790e-02  -2.0196409551e-01
7.161899  -1.5455092931e-01  3.7779141339e-02  -1.9233007065e-01
7.163010  -1.5071836949e-01  3.5490590663e-02  -1.8620896016e-01
7.164122  -1.5041172786e-01  3.3363394689e-02  -1.8377512254e-01
7.165233  -1.5363481237e-01  3.1459961488e-02  -1.8509477385e-01
7.166344  -1.6028792109e-01  2.9836126417e-02  -1.9012404751e-01
7.167456  -1.7017076898e-01  2.8539514322e-02  -1.9871028331e-01
7.168567  -1.8298836489e-01  2.7608142856e-02  -2.1059650775e-01
7.169678  -1.9835966623e-01  2.7069307867e-02  -2.2542897410e-01
7.170790  -2.1582875746e-01  2.6938783532e-02  -2.4276754100e-01
7.171901  -2.3487822445e-01  2.7220360683e-02  -2.6209858513e-01
7.173012  -2.5494433215e-01  2.7905736832e-02  -2.8285006898e-01
7.174124  -2.7543356065e-01  2.8974761081e-02  -3.0440832173e-01
7.175235  -2.9574001421e-01  3.0396026706e-02  -3.2613604091e-01
7.176347  -3.1526319277e-01  3.2127793978e-02  -3.4739098675e-01
7.177458  -3.3342560454e-01  3.4119216104e-02  -3.6754482065e-01
7.178569  -3.4968970304e-01  3.6311832289e-02  -3.8600153533e-01
7.179681  -3.6357365185e-01  3.8641284072e-02  -4.0221493592e-01
7.180792  -3.7466545454e-01  4.1039204549e-02  -4.1570465909e-01
7.181903  -3.8263503550e-01  4.3435225013e-02  -4.2607026052e-01
7.183015  -3.8724391726e-01  4.5759040136e-02  -4.3300295740e-01
7.184126  -3.8835221049e-01  4.7942471062e-02  -4.3629468155e-01
7.185237  -3.8592271186e-01  4.9921465878e-02  -4.3584417774e-01
7.186349  -3.8002198956e-01  5.1637978774e-02  -4.3165996833e-01
7.187460  -3.7081842470e-01  5.3041672739e-02  -4.2386009744e-01
7.188571  -3.5857726642e-01  5.4091395870e-02  -4.1266866229e-01
7.189683  -3.4365284557e-01  5.4756387979e-02  -3.9840923355e-01
7.190794  -3.2647817572e-01  5.5017182121e-02  -3.8149535784e-01
7.191906  -3.0755224664e-01  5.4866174633e-02  -3.6241842128e-01
7.193017  -2.8742538302e-01  5.4307846967e-02  -3.4173322999e-01
7.194128  -2.6668309810e-01  5.3358632871e-02  -3.2004173097e-01
7.195240  -2.4592891603e-01  5.2046434832e-02  -2.9797535087e-01
7.196351  -2.2576666676e-01  5.0409804026e-02  -2.7617647078e-01
7.197462  -2.0678277297e-01  4.8496807856e-02  -2.5527958083e-01
7.198574  -1.8952904887e-01  4.6363618368e-02  -2.3589266723e-01
7.199685  -1.7450651510e-01  4.4072862975e-02  -2.1857937808e-01
7.200796  -1.6215070490e-01  4.1691785932e-02  -2.0384249083e-01
7.201908  -1.5281889220e-01  3.9290274519e-02  -1.9210916672e-01
7.203019  -1.4677961661e-01  3.6938807884e-02  -1.8371842450e-01
7.204130  -1.4420481211e-01  3.4706388733e-02  -1.7891120084e-01
7.205242  -1.4516477053e-01  3.2658518575e-02  -1.7782328911e-01
7.206353  -1.4962608731e-01  3.0855275927e-02  -1.8048136323e-01
7.207465  -1.5745264963e-01  2.9349553875e-02  -1.8680220351e-01
7.208576  -1.6840963786e-01  2.8185508676e-02  -1.9659514654e-01
7.209687  -1.8217042264e-01  2.7397264930e-02  -2.0956768757e-01
7.210799  -1.9832615513e-01  2.7007915264e-02  -2.2533407039e-01
7.211910  -2.1639776894e-01  2.7028843878e-02  -2.4342661282e-01
7.213021  -2.3585004145e-01  2.7459393750e-02  -2.6330943520e-01
7.214133  -2.5610730173e-01  2.8286887241e-02  -2.8439418897e-01
7.215244  -2.7657032427e-01  2.9486999446e-02  -3.0605732372e-01
7.216355  -2.9663391269e-01  3.1024473315e-02  -3.2765838601e-01
7.217467  -3.1570465735e-01  3.2854155502e-02  -3.4855881286e-01
7.218578  -3.3321834606e-01  3.4922322520e-02  -3.6814066858e-01
7.219689  -3.4865651678e-01  3.7168258253e-02  -3.8582477504e-01
7.220801  -3.6156166688e-01  3.9526036506e-02  -4.0108770339e-01
7.221912  -3.7155067262e-01  4.1926456247e-02  -4.1347712887e-01
7.223024  -3.7832602522e-01  4.4299072759e-02  -4.2262509798e-01
7.224135  -3.8168455399e-01  4.6574265054e-02  -4.2825881904e-01
7.225246  -3.8152338061e-01  4.8685278899e-02  -4.3020865951e-01
7.226358  -3.7784293006e-01  5.0570185489e-02  -4.2841311555e-01
7.227469  -3.7074690993e-01  5.2173698301e-02  -4.2292060824e-01
7.228580  -3.6043925899e-01  5.3448794824e-02  -4.1388805382e-01
7.229692  -3.4721815457e-01  5.4358095592e-02  -4.0157625016e-01
7.230803  -3.3146725488e-01  5.4874960082e-02  -3.8634221496e-01
7.231914  -3.1364443345e-01  5.4984267343e-02  -3.6862870079e-01
7.233026  -2.9426833618e-01  5.4682858477e-02  -3.4895119466e-01
7.234137  -2.7390315585e-01  5.3979628034e-02  -3.2788278388e-01
7.235248  -2.5314207089e-01  5.2895261658e-02  -3.0603733255e-01
7.236360  -2.3258983441e-01  5.1461627742e-02  -2.8405146215e-01
7.237471  -2.1284502465e-01  4.9720840967e-02  -2.6256586561e-01
7.238583  -1.9448247760e-01  4.7724025245e-02  -2.4220650284e-01
7.239694  -1.7803641736e-01  4.5529812400e-02  -2.2356622976e-01
7.240805  -1.6398477950e-01  4.3202620687e-02  -2.0718740018e-01
7.241917  -1.5273518698e-01  4.0810763671e-02  -1.9354595065e-01
7.243028  -1.4461299064e-01  3.8424444994e-02  -1.8303743563e-01
7.244139  -1.3985172488e-01  3.6113697901e-02  -1.7596542278e-01
7.245251  -1.3858625857e-01  3.3946329969e-02  -1.7253258853e-01
7.246362  -1.4084884204e-01  3.1985933392e-02  -1.7283477543e-01
7.247473  -1.4656816636e-01  3.0290019173e-02  -1.7685818553e-01
7.248585  -1.5557146191e-01  2.8908329996e-02  -1.8447979191e-01
7.249696  -1.6758957501e-01  2.7881381245e-02  -1.9547095625e-01
7.250807  -1.8226487317e-01  2.7239272987e-02  -2.0950414615e-01
7.251919  -1.9916174707e-01  2.7000807741e-02  -2.2616255481e-01
7.253030  -2.1777940083e-01  2.7172939894e-02  -2.4495234072e-01
7.254142  -2.3756655515e-01  2.7750572893e-02  -2.6531712805e-01
7.255253  -2.5793763169e-01  2.8716710128e-02  -2.8665434182e-01
7.256364  -2.7828994369e-01  3.0042955036e-02  -3.0833289872e-01
7.257476  -2.9802138817e-01  3.1690345718e-02  -3.2971173389e-01
7.258587  -3.1654812052e-01  3.3610499537e-02  -3.5015862006e-01
7.259698  -3.3332169262e-01  3.5747034078e-02  -3.6906872670e-01
7.260810  -3.4784515147e-01  3.8037222738e-02  -3.8588237421e-01
7.261921  -3.5968762598e-01  4.0413836328e-02  -4.0010146231e-01
7.263032  -3.6849697364e-01  4.2807116631e-02  -4.1130409027e-01
7.264144  -3.7401011599e-01  4.5146823975e-02  -4.1915693996e-01
7.265255  -3.7606075960e-01  4.7364298727e-02  -4.2342505833e-01
7.266367  -3.7458427588e-01  4.9394476196e-02  -4.2397875207e-01
7.267478  -3.6961959653e-01  5.1177795831e-02  -4.2079739236e-01
7.268589  -3.6130806925e-01  5.2661948679e-02  -4.1397001793e-01
7.269701  -3.4988930691e-01  5.3803411845e-02  -4.0369271875e-01
7.270812  -3.3569415247e-01  5.4568724930e-02  -3.9026287741e-01
7.271923  -3.1913496594e-01  5.4935471031e-02  -3.7407043697e-01
7.273035  -3.0069351843e-01  5.4892933514e-02  -3.5558645194e-01
