#    Energy_eV   Re_FT_dcf   Re_FT_dcf1   Re_FT_dcf2
2.166135580476510114e+00 -4.604638865891164806e-02 -7.499903151740062827e-03 -3.854648550716793104e-02
2.167246938556083524e+00 -4.609680876264436733e-02 -7.502656733160622399e-03 -3.859415202948161816e-02
2.168358296635656490e+00 -4.615218297885721049e-02 -7.509556712575940658e-03 -3.864262626628520159e-02
2.169469654715229900e+00 -4.621140205785895239e-02 -7.521151206475533077e-03 -3.869025085138672743e-02
2.170581012794802866e+00 -4.627198247664763425e-02 -7.536284716422651971e-03 -3.873569776022321720e-02
2.171692370874376277e+00 -4.633096837871088919e-02 -7.552516222023006320e-03 -3.877845215668641876e-02
2.172803728953949687e+00 -4.638600647252764941e-02 -7.567005826246059330e-03 -3.881900064628332481e-02
2.173915087033522653e+00 -4.643620301506411197e-02 -7.577547908848356398e-03 -3.885865510621659691e-02
2.175026445113096063e+00 -4.648245081529910755e-02 -7.583374934895572780e-03 -3.889907588040825148e-02
2.176137803192669473e+00 -4.652710663750092568e-02 -7.585438986994581453e-03 -3.894166765050749435e-02
2.177249161272242439e+00 -4.657313558414966775e-02 -7.586067762472850640e-03 -3.898706782167830204e-02
2.178360519351815849e+00 -4.662303310990099231e-02 -7.588119319308717428e-03 -3.903491379058745409e-02
2.179471877431388815e+00 -4.667791660012415161e-02 -7.593942498513985527e-03 -3.908397410160987379e-02
2.180583235510962226e+00 -4.673711722975640998e-02 -7.604521145817961375e-03 -3.913259608393702960e-02
2.181694593590535636e+00 -4.679842120170359804e-02 -7.619113920112567141e-03 -3.917930728158733333e-02
2.182805951670108602e+00 -4.685887337993415586e-02 -7.635521549076493622e-03 -3.922335183085919053e-02
2.183917309749682012e+00 -4.691585161049781350e-02 -7.650885196971053681e-03 -3.926496641352677369e-02
2.185028667829254978e+00 -4.696802118626874217e-02 -7.662726135960852732e-03 -3.930529505030834481e-02
2.186140025908828388e+00 -4.701582204666373416e-02 -7.669848637903465237e-03 -3.934597340875923416e-02
2.187251383988401798e+00 -4.706131089030028691e-02 -7.672777218721525683e-03 -3.938853367157397339e-02
2.188362742067974764e+00 -4.710741486772652281e-02 -7.673568366221092917e-03 -3.943384650150687926e-02
2.189474100147548175e+00 -4.715686767715489280e-02 -7.675064329628597526e-03 -3.948180334752650344e-02
2.190585458227121141e+00 -4.721121476626604502e-02 -7.679859743272226570e-03 -3.953135502299284093e-02
2.191696816306694551e+00 -4.727024966745388412e-02 -7.689356798084520835e-03 -3.958089286936899986e-02
2.192808174386267961e+00 -4.733208706975051971e-02 -7.703253015389740013e-03 -3.962883405435885242e-02
2.193919532465840927e+00 -4.739384681039850861e-02 -7.719648734548396028e-03 -3.967419807584870312e-02
2.195030890545414337e+00 -4.745270066177654372e-02 -7.735736135857946422e-03 -3.971696452591682441e-02
2.196142248624987747e+00 -4.750690148836868298e-02 -7.748819884355790527e-03 -3.975808160401481106e-02
2.197253606704560713e+00 -4.755642030115948132e-02 -7.757298390344911053e-03 -3.979912191081427797e-02
2.198364964784134123e+00 -4.760295894313382181e-02 -7.761248452757682145e-03 -3.984171049037123907e-02
2.199476322863707090e+00 -4.764933302982077984e-02 -7.762399874506558002e-03 -3.988693315531256084e-02
2.200587680943280500e+00 -4.769844888938980232e-02 -7.763508361231902591e-03 -3.993494052815935863e-02
2.201699039022853910e+00 -4.775224624279817559e-02 -7.767354048768201902e-03 -3.998489219403120187e-02
2.202810397102426876e+00 -4.781099128524619185e-02 -7.775729618845438756e-03 -4.003526166639944511e-02
2.203921755182000286e+00 -4.787317781196563649e-02 -7.788786304724691460e-03 -4.008439150724034394e-02
2.205033113261573252e+00 -4.793607311458723819e-02 -7.804976377320427434e-03 -4.013109673726081295e-02
2.206144471341146662e+00 -4.799671082290438845e-02 -7.821613948730706672e-03 -4.017509687417472608e-02
2.207255829420720072e+00 -4.805297000326845536e-02 -7.835850898993893324e-03 -4.021711910427102493e-02
2.208367187500293038e+00 -4.810434799319554533e-02 -7.845713321632931045e-03 -4.025863467156370196e-02
2.209478545579866449e+00 -4.815214539635540719e-02 -7.850821318351753828e-03 -4.030132407800162547e-02
2.210589903659439859e+00 -4.819899519309346625e-02 -7.852529662820101342e-03 -4.034646553027945032e-02
2.211701261739012825e+00 -4.824790647598910936e-02 -7.853437259156687000e-03 -4.039446921682816882e-02
2.212812619818586235e+00 -4.830117013163804512e-02 -7.856443000653254641e-03 -4.044472713098012234e-02
2.213923977898159201e+00 -4.835952445446194126e-02 -7.863691014173288321e-03 -4.049583344028813425e-02
2.215035335977732611e+00 -4.842188460234281983e-02 -7.875789059470649986e-03 -4.054609554287138401e-02
2.216146694057306021e+00 -4.848573503759848885e-02 -7.891585005016453838e-03 -4.059415003257823423e-02
2.217258052136878987e+00 -4.854804300289897873e-02 -7.908583591229433746e-03 -4.063945941166739045e-02
2.218369410216452398e+00 -4.860636133388799435e-02 -7.923852747162904789e-03 -4.068250858672432801e-02
2.219480768296025364e+00 -4.865971960759726128e-02 -7.935090294464857558e-03 -4.072462931313144963e-02
2.220592126375598774e+00 -4.870897913449945271e-02 -7.941462986816446093e-03 -4.076751614768080872e-02
2.221703484455172184e+00 -4.875652196579399744e-02 -7.943912111479132371e-03 -4.081260985431737348e-02
2.222814842534745150e+00 -4.880538622965273354e-02 -7.944813588979119170e-03 -4.086057264067559369e-02
2.223926200614318560e+00 -4.885816169039733370e-02 -7.947115306283818875e-03 -4.091104638410850147e-02
2.225037558693891526e+00 -4.891604705300823391e-02 -7.953264902674582471e-03 -4.096278215033168080e-02
2.226148916773464936e+00 -4.897841218699126864e-02 -7.964317989661144973e-03 -4.101409419733088174e-02
2.227260274853038347e+00 -4.904302516871010542e-02 -7.979551709159489470e-03 -4.106347345954819428e-02
2.228371632932611313e+00 -4.910686236179639258e-02 -7.996725087407528798e-03 -4.111013727438271592e-02
2.229482991012184723e+00 -4.916720753278766565e-02 -8.012892418930371921e-03 -4.115431511386044572e-02
2.230594349091758133e+00 -4.922264047737343745e-02 -8.025474458435204184e-03 -4.119716601893890634e-02
2.231705707171331099e+00 -4.927355533947843508e-02 -8.033197893342787499e-03 -4.124035744612845888e-02
2.232817065250904509e+00 -4.932201947058537789e-02 -8.036560909874512423e-03 -4.128545856071029474e-02
2.233928423330477475e+00 -4.937102337246670331e-02 -8.037654639258104763e-03 -4.133336873320551941e-02
2.235039781410050885e+00 -4.942339386613201629e-02 -8.039404471611702810e-03 -4.138398939451958664e-02
2.236151139489624295e+00 -4.948076549234239896e-02 -8.044506499253223711e-03 -4.143625899308972516e-02
2.237262497569197262e+00 -4.954298444601119150e-02 -8.054445757536103645e-03 -4.148853868847624665e-02
2.238373855648770672e+00 -4.960816243842604972e-02 -8.068953761147263509e-03 -4.153920867727752680e-02
2.239485213728343638e+00 -4.967336168404445224e-02 -8.086103486080914102e-03 -4.158725819796545847e-02
2.240596571807917048e+00 -4.973566256217883119e-02 -8.103008222748016298e-03 -4.163265433943246635e-02
2.241707929887490458e+00 -4.979322596878065638e-02 -8.116870859649931089e-03 -4.167635510912714308e-02
2.242819287967063424e+00 -4.984596382800297876e-02 -8.126002201323328025e-03 -4.171996162667913205e-02
2.243930646046636834e+00 -4.989557332292569175e-02 -8.130437598546688682e-03 -4.176513572437933614e-02
2.245042004126210244e+00 -4.994492160716670903e-02 -8.131926804705617504e-03 -4.181299480246201267e-02
2.246153362205783210e+00 -4.999700406401469399e-02 -8.133299768355852985e-03 -4.186370429566096951e-02
2.247264720285356621e+00 -5.005385461806215880e-02 -8.137438238196513171e-03 -4.191641637986536634e-02
2.248376078364929587e+00 -5.011580452062220498e-02 -8.146226902386978844e-03 -4.196957761823490868e-02
2.249487436444502997e+00 -5.018135973555881701e-02 -8.159865818691276751e-03 -4.202149391686393204e-02
2.250598794524076407e+00 -5.024774231446323819e-02 -8.176794977957094895e-03 -4.207094733650715290e-02
2.251710152603649373e+00 -5.031189961858369142e-02 -8.194259417096706744e-03 -4.211764020148291154e-02
2.252821510683222783e+00 -5.037161477303631757e-02 -8.209310179586662426e-03 -4.216230459344551956e-02
2.253932868762795749e+00 -5.042631444327200230e-02 -8.219877451038252320e-03 -4.220643699223017298e-02
2.255044226842369159e+00 -5.047727963917529592e-02 -8.225525356583126765e-03 -4.225175428259378418e-02
2.256155584921942570e+00 -5.052718208424100688e-02 -8.227613172875373679e-03 -4.229956891136679720e-02
2.257266943001515536e+00 -5.057911397618612692e-02 -8.228803345497618174e-03 -4.235031063068789292e-02
2.258378301081088946e+00 -5.063546350507015098e-02 -8.232094376438747058e-03 -4.240336912863228863e-02
2.259489659160662356e+00 -5.069704506423333007e-02 -8.239729875767683523e-03 -4.245731518846330294e-02
2.260601017240235322e+00 -5.076280094406626642e-02 -8.252380699066280689e-03 -4.251042024499819549e-02
2.261712375319808732e+00 -5.083018377776051672e-02 -8.268898308390001256e-03 -4.256128546937168466e-02
2.262823733399381698e+00 -5.089608146600151789e-02 -8.286730030927070764e-03 -4.260935143507182249e-02
2.263935091478955108e+00 -5.095794875962342263e-02 -8.302846093773958228e-03 -4.265510266584706528e-02
2.265046449558528519e+00 -5.101473406124638899e-02 -8.314841784544462280e-03 -4.269989227669916676e-02
2.266157807638101485e+00 -5.106726398823242113e-02 -8.321813809839762044e-03 -4.274545017839162520e-02
2.267269165717674895e+00 -5.111794509013013743e-02 -8.324691487071942189e-03 -4.279325360305324261e-02
2.268380523797247861e+00 -5.116989037311760191e-02 -8.325901349935107068e-03 -4.284398902317841651e-02
2.269491881876821271e+00 -5.122578769052527070e-02 -8.328486203842362656e-03 -4.289730148668514237e-02
2.270603239956394681e+00 -5.128692137691920339e-02 -8.334998447995426926e-03 -4.295192292891858443e-02
2.271714598035967647e+00 -5.135270327077853109e-02 -8.346570158460932948e-03 -4.300613311231399338e-02
2.272825956115541057e+00 -5.142088439446292070e-02 -8.362498721465052090e-03 -4.305838567299839770e-02
2.273937314195114467e+00 -5.148837113679122224e-02 -8.380499675598479525e-03 -4.310787146119395702e-02
2.275048672274687434e+00 -5.155234975560487459e-02 -8.397535787684042366e-03 -4.315481396791896740e-02
2.276160030354260844e+00 -5.161131046926729915e-02 -8.410921482855937548e-03 -4.320038898641109792e-02
2.277271388433833810e+00 -5.166559842293256405e-02 -8.419301035482912310e-03 -4.324629738744949908e-02
2.278382746513407220e+00 -5.171729048022074421e-02 -8.423144238505625436e-03 -4.329414624171280812e-02
2.279494104592980630e+00 -5.176944181990450478e-02 -8.424578344248189257e-03 -4.334486347565814218e-02
2.280605462672553596e+00 -5.182497565353672703e-02 -8.426616387029623248e-03 -4.339835926650557202e-02
2.281716820752127006e+00 -5.188561956755208954e-02 -8.432061820751004730e-03 -4.345355774679714872e-02
2.282828178831699972e+00 -5.195127553739336407e-02 -8.442487680251267029e-03 -4.350878785714258623e-02
2.283939536911273382e+00 -5.202005336846642070e-02 -8.457661987753856137e-03 -4.356239138071160005e-02
2.285050894990846793e+00 -5.208895623268868652e-02 -8.475629284564110272e-03 -4.361332694812301153e-02
2.286162253070419759e+00 -5.215496970403995375e-02 -8.493419668527008373e-03 -4.366155003550901276e-02
2.287273611149993169e+00 -5.221615857570435781e-02 -8.508128252529924274e-03 -4.370803032317524539e-02
2.288384969229566135e+00 -5.227237240913264887e-02 -8.517972708197121129e-03 -4.375439970093303321e-02
2.289496327309139545e+00 -5.232530261490679624e-02 -8.522943903847127189e-03 -4.380235871105577633e-02
2.290607685388712955e+00 -5.237786947266729470e-02 -8.524812142114104874e-03 -4.385305733055411964e-02
2.291719043468285921e+00 -5.243316125869817296e-02 -8.526485685580235258e-03 -4.390667557311702524e-02
2.292830401547859331e+00 -5.249331089104235237e-02 -8.530954023468772379e-03 -4.396235686757015565e-02
2.293941759627432297e+00 -5.255871872496471753e-02 -8.540199861756419750e-03 -4.401851886320797685e-02
2.295053117707005708e+00 -5.262790471206335585e-02 -8.554475820612019929e-03 -4.407342889145213910e-02
2.296164475786579118e+00 -5.269804451549479907e-02 -8.572209704480322073e-03 -4.412583481101539640e-02
2.297275833866152084e+00 -5.276599539876975636e-02 -8.590573832375053218e-03 -4.417542156639177320e-02
2.298387191945725494e+00 -5.282943926440398369e-02 -8.606512255300260289e-03 -4.422292700909648266e-02
2.299498550025298904e+00 -5.288772712106058760e-02 -8.617852688229359417e-03 -4.426987443283426221e-02
2.300609908104871870e+00 -5.294211735830142013e-02 -8.624098553827022617e-03 -4.431801880447300279e-02
2.301721266184445280e+00 -5.299532036767037879e-02 -8.626612331256118538e-03 -4.436870803640814709e-02
2.302832624264018246e+00 -5.305051431012083180e-02 -8.628122510643614421e-03 -4.442239179948039712e-02
2.303943982343591657e+00 -5.311018945317151629e-02 -8.631732556114145652e-03 -4.447845689705440947e-02
2.305055340423165067e+00 -5.317524132793132602e-02 -8.639791834310392438e-03 -4.453544949361815802e-02
2.306166698502738033e+00 -5.324464296228986065e-02 -8.653039281012299758e-03 -4.459160368127589036e-02
2.307278056582311443e+00 -5.331581617931582112e-02 -8.670331949819348044e-03 -4.464548422949555367e-02
2.308389414661884409e+00 -5.338556775830641254e-02 -8.689058176809958539e-03 -4.469650958149937181e-02
2.309500772741457819e+00 -5.345125056655432999e-02 -8.706086042241305972e-03 -4.474516452431023111e-02
2.310612130821031229e+00 -5.351172748226706855e-02 -8.718902714439237533e-03 -4.479282476782325828e-02
2.311723488900604195e+00 -5.356778713983105511e-02 -8.726530226796669690e-03 -4.484125691303336714e-02
2.312834846980177606e+00 -5.362185952740068651e-02 -8.729883960501486420e-03 -4.489197556689995122e-02
2.313946205059751016e+00 -5.367713401244850191e-02 -8.731442441019497680e-03 -4.494569157143075283e-02
2.315057563139323982e+00 -5.373639992467844906e-02 -8.734347547146800034e-03 -4.500205237752797488e-02
2.316168921218897392e+00 -5.380103118517115535e-02 -8.741261771012098086e-03 -4.505976941415571618e-02
2.317280279298470358e+00 -5.387048460478329609e-02 -8.753398137235388760e-03 -4.511708646754847285e-02
2.318391637378043768e+00 -5.394249506252388193e-02 -8.770076210615792081e-03 -4.517241885190807771e-02
2.319502995457617178e+00 -5.401389745736304149e-02 -8.788966683414901546e-03 -4.522493077394867250e-02
2.320614353537190144e+00 -5.408177719175251419e-02 -8.806936632815160967e-03 -4.527484055893592901e-02
2.321725711616763554e+00 -5.414453102275922081e-02 -8.821188731435876049e-03 -4.532334229132245484e-02
2.322837069696336521e+00 -5.420245218334499709e-02 -8.830280181849380419e-03 -4.537217200149748497e-02
2.323948427775909931e+00 -5.425762626103233788e-02 -8.834650248881520743e-03 -4.542297601214879271e-02
2.325059785855483341e+00 -5.431317481466929609e-02 -8.836463536697522492e-03 -4.547671127797013602e-02
2.326171143935056307e+00 -5.437212107486110585e-02 -8.838824927386220234e-03 -4.553329614747619880e-02
2.327282502014629717e+00 -5.443628993239954528e-02 -8.844650921397401860e-03 -4.559163901099945460e-02
2.328393860094203127e+00 -5.450564248219254976e-02 -8.855607668394556431e-03 -4.565003481379462102e-02
2.329505218173776093e+00 -5.457828780689157749e-02 -8.871502377944174081e-03 -4.570678542894728719e-02
2.330616576253349503e+00 -5.465116859816373379e-02 -8.890350398453301592e-03 -4.576081819970535119e-02
2.331727934332922469e+00 -5.472117204363317194e-02 -8.909094663895835223e-03 -4.581207737973297389e-02
2.332839292412495880e+00 -5.478626235548652440e-02 -8.924716696497077967e-03 -4.586154565898789559e-02
2.333950650492069290e+00 -5.484622291549776096e-02 -8.935335391480047143e-03 -4.591088752401199097e-02
2.335062008571642256e+00 -5.490273750704742495e-02 -8.940893593385066881e-03 -4.596184391365971261e-02
2.336173366651215666e+00 -5.495878021525892748e-02 -8.943181866126184362e-03 -4.601559834913120095e-02
2.337284724730788632e+00 -5.501753506766367263e-02 -8.945189718624506348e-03 -4.607234534904003365e-02
2.338396082810362042e+00 -5.508123787658764786e-02 -8.950019347904793546e-03 -4.613121852867750616e-02
2.339507440889935452e+00 -5.515036156552917401e-02 -8.959756596945308432e-03 -4.619060496858121839e-02
2.340618798969508418e+00 -5.522344184356151042e-02 -8.974710045650726581e-03 -4.624873179791536698e-02
2.341730157049081829e+00 -5.529760749943695569e-02 -8.993295819808700201e-03 -4.630431167962838906e-02
2.342841515128655239e+00 -5.536962330369804564e-02 -9.012611104912872026e-03 -4.635701219878659435e-02
2.343952873208228205e+00 -5.543706674619378744e-02 -9.029488720862533305e-03 -4.640757802532936849e-02
2.345064231287801615e+00 -5.549921064028532497e-02 -9.041649657842324578e-03 -4.645756098244667454e-02
2.346175589367374581e+00 -5.555729007373409745e-02 -9.048534185459635934e-03 -4.650875588827035195e-02
2.347286947446947991e+00 -5.561405575784902910e-02 -9.051508465182531160e-03 -4.656254729266606079e-02
2.348398305526521401e+00 -5.567277533131486517e-02 -9.053370428701416200e-03 -4.661940490261558268e-02
2.349509663606094367e+00 -5.573604524504409408e-02 -9.057333642354658057e-03 -4.667871160269095043e-02
2.350621021685667777e+00 -5.580484525625979686e-02 -9.065858196337102382e-03 -4.673898705992120955e-02
2.351732379765240744e+00 -5.587817986592211184e-02 -9.079753950677492760e-03 -4.679842591524296935e-02
2.352843737844814154e+00 -5.595343794414559674e-02 -9.097883025403178878e-03 -4.685555491874265899e-02
2.353955095924387564e+00 -5.602734066095201720e-02 -9.117570820746434546e-03 -4.690976984020480550e-02
2.355066454003960530e+00 -5.609713362072069748e-02 -9.135577110861967803e-03 -4.696155650985741475e-02
2.356177812083533940e+00 -5.616158978742549074e-02 -9.149274629254244839e-03 -4.701231515817085732e-02
2.357289170163107350e+00 -5.622145804758281462e-02 -9.157606451411087756e-03 -4.706385159617110930e-02
2.358400528242680316e+00 -5.627919346167721548e-02 -9.161473298044760585e-03 -4.711772016363048599e-02
2.359511886322253726e+00 -5.633806638025736641e-02 -9.163408832793873415e-03 -4.717465754746245216e-02
2.360623244401826692e+00 -5.640097371910581664e-02 -9.166659985398971366e-03 -4.723431373370904490e-02
2.361734602481400103e+00 -5.646938448811961164e-02 -9.174006113733279913e-03 -4.729537837438389097e-02
2.362845960560973513e+00 -5.654280340603971833e-02 -9.186746440371583791e-03 -4.735605696566787953e-02
2.363957318640546479e+00 -5.661894845748061122e-02 -9.204224651578021138e-03 -4.741472380590228825e-02
2.365068676720119889e+00 -5.669457876341098962e-02 -9.224064611073883035e-03 -4.747051415233533717e-02
2.366180034799692855e+00 -5.676667245032274850e-02 -9.243032557292980844e-03 -4.752363989302839375e-02
2.367291392879266265e+00 -5.683352646018271365e-02 -9.258212948565597636e-03 -4.757531351161957411e-02
2.368402750958839675e+00 -5.689537806457763830e-02 -9.268070420475189169e-03 -4.762730764410193912e-02
2.369514109038412641e+00 -5.695432131738178971e-02 -9.273011067485785464e-03 -4.768131024989440137e-02
2.370625467117986052e+00 -5.701354788669443091e-02 -9.275237882458906707e-03 -4.773831000423476439e-02
2.371736825197559018e+00 -5.707618754416422108e-02 -9.277951800940481900e-03 -4.779823574322408092e-02
2.372848183277132428e+00 -5.714416960874120488e-02 -9.284188110640476457e-03 -4.785998149809742724e-02
2.373959541356705838e+00 -5.721751958092639867e-02 -9.295711214235523323e-03 -4.792180836668898103e-02
2.375070899436278804e+00 -5.729434743219820325e-02 -9.312370199192310585e-03 -4.798197723300377110e-02
2.376182257515852214e+00 -5.737153272685601574e-02 -9.332150589271301019e-03 -4.803938213758437992e-02
2.377293615595425180e+00 -5.744585825013655278e-02 -9.351904606026494038e-03 -4.809395364411002405e-02
2.378404973674998590e+00 -5.751518031953783971e-02 -9.368495229984650369e-03 -4.814668508955269322e-02
2.379516331754572001e+00 -5.757921006871574016e-02 -9.379938263150240305e-03 -4.819927180556587976e-02
2.380627689834144967e+00 -5.763962096454965794e-02 -9.386126621428417249e-03 -4.825349434312564689e-02
2.381739047913718377e+00 -5.769944256537211380e-02 -9.388872472936658081e-03 -4.831057009243860251e-02
2.382850405993291787e+00 -5.776196014867390760e-02 -9.391250730328230475e-03 -4.837070941834538396e-02
2.383961764072864753e+00 -5.782951989288212524e-02 -9.396481720940666471e-03 -4.843303817194405392e-02
2.385073122152438163e+00 -5.790267418149048356e-02 -9.406759026276847666e-03 -4.849591515521110840e-02
2.386184480232011129e+00 -5.797997842347764330e-02 -9.422449133842153782e-03 -4.855752928963372184e-02
2.387295838311584539e+00 -5.805851415779347130e-02 -9.441954910770983603e-03 -4.861655924702300985e-02
2.388407196391157949e+00 -5.813494907087962682e-02 -9.462293737916394748e-03 -4.867265533296253471e-02
2.389518554470730916e+00 -5.820674896595986331e-02 -9.480181051742260501e-03 -4.872656791421582645e-02
2.390629912550304326e+00 -5.827310093387631784e-02 -9.493225683240345478e-03 -4.877987525063700452e-02
2.391741270629877292e+00 -5.833521146702296684e-02 -9.500802004252698052e-03 -4.883440946276926958e-02
2.392852628709450702e+00 -5.839587022814353434e-02 -9.504280801893534580e-03 -4.889158942625184551e-02
2.393963986789024112e+00 -5.845843721772903123e-02 -9.506533712669774927e-03 -4.895190350505689708e-02
2.395075344868597078e+00 -5.852562107877233577e-02 -9.510890368106901874e-03 -4.901473071066098780e-02
2.396186702948170488e+00 -5.859849275777544858e-02 -9.519926961437821453e-03 -4.907856579633500943e-02
2.397298061027743898e+00 -5.867609370264131874e-02 -9.534526978704844363e-03 -4.914156672394041220e-02
2.398409419107316864e+00 -5.875578194617984973e-02 -9.553556525322333751e-03 -4.920222542085755241e-02
2.399520777186890275e+00 -5.883419114916720732e-02 -9.574273532626263739e-03 -4.925991761654030521e-02
2.400632135266463241e+00 -5.890845449530808520e-02 -9.593323166812250599e-03 -4.931513132849158626e-02
2.401743493346036651e+00 -5.897724850172968852e-02 -9.607958095657674266e-03 -4.936929040607138802e-02
2.402854851425610061e+00 -5.904127673223204253e-02 -9.617039774056111712e-03 -4.942423695817694390e-02
2.403966209505183027e+00 -5.910301666972649082e-02 -9.621455848075248160e-03 -4.948156082165539732e-02
2.405077567584756437e+00 -5.916582085217076542e-02 -9.623800694163780339e-03 -4.954202015800335951e-02
2.406188925664329403e+00 -5.923269843588000599e-02 -9.627434089995825714e-03 -4.960526434588163891e-02
2.407300283743902813e+00 -5.930522005751486664e-02 -9.635259599157440860e-03 -4.966996045835583157e-02
2.408411641823476224e+00 -5.938294459968638389e-02 -9.648666884253372100e-03 -4.973427771543587755e-02
2.409522999903049190e+00 -5.946357711504594856e-02 -9.667023263610128800e-03 -4.979655385143553353e-02
2.410634357982622600e+00 -5.954380142571663592e-02 -9.687900555456221974e-03 -4.985590087026238459e-02
2.411745716062196010e+00 -5.962048537044076918e-02 -9.707955907713613358e-03 -4.991252946272491109e-02
2.412857074141768976e+00 -5.969182068570933614e-02 -9.724147096828505976e-03 -4.996767358888162119e-02
2.413968432221342386e+00 -5.975798270318302685e-02 -9.734840465784785554e-03 -5.002314223739846161e-02
2.415079790300915352e+00 -5.982106919879779522e-02 -9.740407988161663144e-03 -5.008066121063294712e-02
2.416191148380488762e+00 -5.988433968036355193e-02 -9.743095223450796288e-03 -5.014124445691338361e-02
2.417302506460062173e+00 -5.995103096113274521e-02 -9.746206976131519678e-03 -5.020482398500125676e-02
2.418413864539635139e+00 -6.002317940623152354e-02 -9.752905938115034520e-03 -5.027027346811708403e-02
2.419525222619208549e+00 -6.010087839495743128e-02 -9.765060999787718646e-03 -5.033581739517110909e-02
2.420636580698781515e+00 -6.018224177105159500e-02 -9.782564593640991069e-03 -5.039967717740781450e-02
2.421747938778354925e+00 -6.026408754626130099e-02 -9.803368414637003356e-03 -5.046071913162269995e-02
2.422859296857928335e+00 -6.034309407393672470e-02 -9.824225770118367312e-03 -5.051886830381648041e-02
2.423970654937501301e+00 -6.041700865488962985e-02 -9.841871539271039582e-03 -5.057513711561840986e-02
2.425082013017074711e+00 -6.048546887755575086e-02 -9.854210933860976795e-03 -5.063125794369699451e-02
2.426193371096648121e+00 -6.055013729096601210e-02 -9.861084290984570636e-03 -5.068905299997912561e-02
2.427304729176221088e+00 -6.061409943956780344e-02 -9.864328711418157355e-03 -5.074977072814833984e-02
2.428416087255794498e+00 -6.068074324944540410e-02 -9.867112850955489164e-03 -5.081363039849558227e-02
2.429527445335367464e+00 -6.075252677708208038e-02 -9.872785744371068498e-03 -5.087974103270968135e-02
2.430638803414940874e+00 -6.083008252776962027e-02 -9.883657891418286962e-03 -5.094642463635198903e-02
2.431750161494514284e+00 -6.091198472560685473e-02 -9.900158241961779654e-03 -5.101182648364685490e-02
2.432861519574087250e+00 -6.099526516614480615e-02 -9.920674663272907937e-03 -5.107459050287208036e-02
2.433972877653660660e+00 -6.107649103452034850e-02 -9.942137199044321152e-03 -5.113435383547484253e-02
2.435084235733233626e+00 -6.115301333615229956e-02 -9.961133119946870632e-03 -5.119188021620790091e-02
2.436195593812807036e+00 -6.122393195101755170e-02 -9.975148786111130705e-03 -5.124878316490856511e-02
2.437306951892380447e+00 -6.129042577704205130e-02 -9.983486446561065653e-03 -5.130693933047747457e-02
2.438418309971953413e+00 -6.135532692979714375e-02 -9.987521625053117844e-03 -5.136780530474414214e-02
2.439529668051526823e+00 -6.142209283287304589e-02 -9.990206196549864665e-03 -5.143188663632299040e-02
2.440641026131100233e+00 -6.149354932167112875e-02 -9.994996690203396955e-03 -5.149855263146498746e-02
2.441752384210673199e+00 -6.157086173089883208e-02 -1.000459692144522843e-02 -5.156626480945467050e-02
2.442863742290246609e+00 -6.165310864206906272e-02 -1.001997234993607169e-02 -5.163313629212970546e-02
2.443975100369819575e+00 -6.173761423759731998e-02 -1.003999546636485593e-02 -5.169761877123088545e-02
2.445086458449392985e+00 -6.182091942733043688e-02 -1.006185244014720648e-02 -5.175906698718636678e-02
2.446197816528965951e+00 -6.190003933701762606e-02 -1.008206436778646096e-02 -5.181797496923076091e-02
2.447309174608539362e+00 -6.197355005599013839e-02 -1.009775246065802191e-02 -5.187579759533014062e-02
2.448420532688112772e+00 -6.204210900584981869e-02 -1.010768704157937251e-02 -5.193442196426565488e-02
2.449531890767685738e+00 -6.210821878677293822e-02 -1.011273809267746945e-02 -5.199548069409575674e-02
2.450643248847259148e+00 -6.217531932906305431e-02 -1.011556226578101333e-02 -5.205975706328085095e-02
2.451754606926832558e+00 -6.224653768004304033e-02 -1.011963892323623423e-02 -5.212689875680431850e-02
2.452865965006405524e+00 -6.232354979466044054e-02 -1.012800495436360498e-02 -5.219554484029988867e-02
2.453977323085978934e+00 -6.240596860773389709e-02 -1.014214839749196483e-02 -5.226382021024338076e-02
2.455088681165552345e+00 -6.249148179521344521e-02 -1.016146391380648786e-02 -5.233001788140836941e-02
2.456200039245125311e+00 -6.257669020688828854e-02 -1.018346935162733544e-02 -5.239322085526215006e-02
2.457311397324698721e+00 -6.265834296605944653e-02 -1.020470593610529365e-02 -5.245363702995870653e-02
2.458422755404271687e+00 -6.273452047777657026e-02 -1.022199561882285515e-02 -5.251252485895076261e-02
2.459534113483845097e+00 -6.280533488354052285e-02 -1.023359851749200584e-02 -5.257173636604710321e-02
2.460645471563418063e+00 -6.287289242927490696e-02 -1.023984892525588337e-02 -5.263304350401791509e-02
2.461756829642991473e+00 -6.294053035680366448e-02 -1.024303742848298171e-02 -5.269749292832327792e-02
2.462868187722564883e+00 -6.301160487128761034e-02 -1.024658069366618691e-02 -5.276502417761998881e-02
2.463979545802137849e+00 -6.308827045158348079e-02 -1.025377986753461292e-02 -5.283449058404830756e-02
2.465090903881711260e+00 -6.317069455281928980e-02 -1.026661882951391234e-02 -5.290407572330428632e-02
2.466202261961284670e+00 -6.325699399919912369e-02 -1.028503983438753579e-02 -5.297195416481578767e-02
2.467313620040857636e+00 -6.334391723584036071e-02 -1.030696107867554688e-02 -5.303695615716171735e-02
2.468424978120431046e+00 -6.342802531459119930e-02 -1.032903111091845738e-02 -5.309899420366917533e-02
2.469536336200004012e+00 -6.350694270965216714e-02 -1.034784675890644198e-02 -5.315909595074303634e-02
2.470647694279577422e+00 -6.358022304938037994e-02 -1.036119202017280437e-02 -5.321903102920617218e-02
2.471759052359150832e+00 -6.364951429356550949e-02 -1.036884693869484161e-02 -5.328066735486701455e-02
2.472870410438723798e+00 -6.371796228555391683e-02 -1.037267122628418754e-02 -5.334529105927134085e-02
2.473981768518297208e+00 -6.378906858249473733e-02 -1.037593088346977846e-02 -5.341313769902372027e-02
2.475093126597870175e+00 -6.386541728701468357e-02 -1.038211160283368864e-02 -5.348330568417812569e-02
2.476204484677443585e+00 -6.394773383529844812e-02 -1.039365001587714242e-02 -5.355408381942183826e-02
2.477315842757016995e+00 -6.403461858257988859e-02 -1.041104453593397206e-02 -5.362357404664867822e-02
2.478427200836589961e+00 -6.412305303038608184e-02 -1.043267019820985804e-02 -5.369038283217258262e-02
2.479538558916163371e+00 -6.420949560980393489e-02 -1.045536619996349607e-02 -5.375412940983832072e-02
2.480649916995736781e+00 -6.429116922066817341e-02 -1.047558366975513168e-02 -5.381558555091259938e-02
2.481761275075309747e+00 -6.436707242716067923e-02 -1.049067685645102034e-02 -5.387639557070587198e-02
2.482872633154883157e+00 -6.443834609753865128e-02 -1.049986795358851498e-02 -5.393847814395017620e-02
2.483983991234456123e+00 -6.450786124977274383e-02 -1.050453372361962248e-02 -5.400332752615227827e-02
2.485095349314029534e+00 -6.457917698863201161e-02 -1.050770833201281930e-02 -5.407146865662076224e-02
2.486206707393602944e+00 -6.465524677006143084e-02 -1.051298193541315602e-02 -5.414226483464475853e-02
2.487318065473175910e+00 -6.473734329306543578e-02 -1.052319486166890770e-02 -5.421414843139796269e-02
2.488429423552749320e+00 -6.482459342011413772e-02 -1.053940236073921261e-02 -5.428519105937089362e-02
2.489540781632322286e+00 -6.491429313278380964e-02 -1.056048727561325652e-02 -5.435380585716891033e-02
2.490652139711895696e+00 -6.500288898631370604e-02 -1.058356280815065699e-02 -5.441932617816517409e-02
2.491763497791469106e+00 -6.508726990294788628e-02 -1.060502019702363671e-02 -5.448224970592555061e-02
2.492874855871042072e+00 -6.516589975917493061e-02 -1.062184109694670926e-02 -5.454405866222628019e-02
2.493986213950615483e+00 -6.523937850557658125e-02 -1.063269740235286975e-02 -5.460668110322661889e-02
2.495097572030188893e+00 -6.531022690165308453e-02 -1.063843777313503575e-02 -5.467178912851718142e-02
2.496208930109761859e+00 -6.538197212720475715e-02 -1.064178265519006433e-02 -5.474018947201697571e-02
2.497320288189335269e+00 -6.545786598874132889e-02 -1.064633739832142149e-02 -5.481152859042055792e-02
2.498431646268908235e+00 -6.553970156505284361e-02 -1.065528150425485744e-02 -5.488442006079793933e-02
2.499543004348481645e+00 -6.562715896322364462e-02 -1.067021057853534752e-02 -5.495694838468881405e-02
2.500654362428055055e+00 -6.571791895070099032e-02 -1.069055282474873358e-02 -5.502736612595109100e-02
2.501765720507628021e+00 -6.580850418765420151e-02 -1.071377351936200241e-02 -5.509473066829442128e-02
2.502877078587201432e+00 -6.589554300602090686e-02 -1.073629442952376764e-02 -5.515924857649876639e-02
2.503988436666774398e+00 -6.597699651853293490e-02 -1.075479473240765170e-02 -5.522220178612270020e-02
2.505099794746347808e+00 -6.605290253341571105e-02 -1.076742050896245875e-02 -5.528548202445156268e-02
2.506211152825921218e+00 -6.612536491798921834e-02 -1.077446231647955291e-02 -5.535090260150726110e-02
2.507322510905494184e+00 -6.619779119481848662e-02 -1.077825319822442798e-02 -5.541953799659104368e-02
2.508433868985067594e+00 -6.627365467188026105e-02 -1.078232284823060771e-02 -5.549133182365093009e-02
2.509545227064641004e+00 -6.635523079245699007e-02 -1.079011452238164311e-02 -5.556511627007653525e-02
2.510656585144213970e+00 -6.644276741752667970e-02 -1.080373103766951032e-02 -5.563903637985553874e-02
2.511767943223787380e+00 -6.653439154466397887e-02 -1.082316646910591248e-02 -5.571122507555725800e-02
2.512879301303360347e+00 -6.662678747938222124e-02 -1.084630417049320915e-02 -5.578048330889131406e-02
2.513990659382933757e+00 -6.671640086353267107e-02 -1.086968327318461706e-02 -5.584671759034546407e-02
2.515102017462507167e+00 -6.680073130435115747e-02 -1.088975604740728687e-02 -5.591097525694162934e-02
2.516213375542080133e+00 -6.687924348839240085e-02 -1.090417929202003137e-02 -5.597506419637039710e-02
2.517324733621653543e+00 -6.695356478692768287e-02 -1.091266968153979666e-02 -5.604089510538408370e-02
2.518436091701226509e+00 -6.702689645934170604e-02 -1.091711086880450821e-02 -5.610978559053689946e-02
2.519547449780799919e+00 -6.710285154259999774e-02 -1.092087195970892211e-02 -5.618197958289075644e-02
2.520658807860373329e+00 -6.718414138033679261e-02 -1.092758399785635076e-02 -5.625655738248173249e-02
2.521770165939946295e+00 -6.727158839631434961e-02 -1.093981885842612231e-02 -5.633176953788585073e-02
2.522881524019519706e+00 -6.736382469254145744e-02 -1.095815129318913894e-02 -5.640567339935539937e-02
2.523992882099093116e+00 -6.745778704839990036e-02 -1.098094626499704352e-02 -5.647684078340120539e-02
2.525104240178666082e+00 -6.754982931573735860e-02 -1.100495029791654159e-02 -5.654487901781950210e-02
2.526215598258239492e+00 -6.763704834604411520e-02 -1.102647301597598634e-02 -5.661057533006752518e-02
2.527326956337812458e+00 -6.771834134347617939e-02 -1.104272980091655816e-02 -5.667561154256037237e-02
2.528438314417385868e+00 -6.779480958557840276e-02 -1.105285706981160541e-02 -5.674195251576234084e-02
2.529549672496958834e+00 -6.786936073013948023e-02 -1.105822997783225022e-02 -5.681113075230744686e-02
2.530661030576532244e+00 -6.794565330308391382e-02 -1.106196564505854303e-02 -5.688368765802668398e-02
2.531772388656105655e+00 -6.802676650438446715e-02 -1.106779132030830982e-02 -5.695897518407542354e-02
2.532883746735678621e+00 -6.811407895260958301e-02 -1.107868842929387448e-02 -5.703539052331807468e-02
2.533995104815252031e+00 -6.820676465295771873e-02 -1.109580579362632637e-02 -5.711095885933055449e-02
2.535106462894825441e+00 -6.830209048152066642e-02 -1.111803819916003765e-02 -5.718405228236193155e-02
2.536217820974398407e+00 -6.839640810674953164e-02 -1.114242496037327543e-02 -5.725398314637506619e-02
2.537329179053971817e+00 -6.848648043580712885e-02 -1.116522484392102298e-02 -5.732125559188439717e-02
2.538440537133545227e+00 -6.857066042445633669e-02 -1.118327717659410060e-02 -5.738738324786529788e-02
2.539551895213118193e+00 -6.864949309029154401e-02 -1.119515403083041170e-02 -5.745433905945745989e-02
2.540663253292691603e+00 -6.872552079885542453e-02 -1.120168352723501827e-02 -5.752383727161992227e-02
2.541774611372264570e+00 -6.880236145013894633e-02 -1.120565249626812553e-02 -5.759670895386970191e-02
2.542885969451837980e+00 -6.888339385017601402e-02 -1.121079520124878236e-02 -5.767259864892987364e-02
2.543997327531410946e+00 -6.897052798054904843e-02 -1.122043500401188020e-02 -5.775009297653604240e-02
2.545108685610984356e+00 -6.906350771497558882e-02 -1.123627294576091430e-02 -5.782723476922080330e-02
2.546220043690557766e+00 -6.916000049381129666e-02 -1.125776468731250722e-02 -5.790223580649751095e-02
2.547331401770130732e+00 -6.925644254398924393e-02 -1.128231388295458659e-02 -5.797412866103681534e-02
2.548442759849704142e+00 -6.934933330994916267e-02 -1.130621322740011682e-02 -5.804312008254827043e-02
2.549554117929277552e+00 -6.943650887718620657e-02 -1.132599203208384427e-02 -5.811051684509787457e-02
2.550665476008850518e+00 -6.951793111190340824e-02 -1.133968047893457384e-02 -5.817825063297030891e-02
2.551776834088423929e+00 -6.959570473250684119e-02 -1.134753005431191064e-02 -5.824817467819523586e-02
2.552888192167996895e+00 -6.967331497679317420e-02 -1.135192674617810892e-02 -5.832138823061393251e-02
2.553999550247570305e+00 -6.975436205341144225e-02 -1.135652696832361100e-02 -5.839783508508642612e-02
2.555110908327143715e+00 -6.984125202962815360e-02 -1.136492923038824772e-02 -5.847632279924221133e-02
2.556222266406716681e+00 -6.993432031361752899e-02 -1.137936422420699444e-02 -5.855495608941263530e-02
2.557333624486290091e+00 -7.003170719391244026e-02 -1.139988025451069663e-02 -5.863182693940226925e-02
2.558444982565863057e+00 -7.013003175673132583e-02 -1.142432154948828937e-02 -5.870571020724321687e-02
2.559556340645436467e+00 -7.022562011405227012e-02 -1.144910891384635226e-02 -5.877651120020729869e-02
2.560667698725009878e+00 -7.031584186739474329e-02 -1.147054009952913969e-02 -5.884530176786344907e-02
2.561779056804582844e+00 -7.040006872216958422e-02 -1.148613749999985098e-02 -5.891393122217230410e-02
2.562890414884156254e+00 -7.047990594908760953e-02 -1.149555261441037243e-02 -5.898435333467543645e-02
2.564001772963729664e+00 -7.055861145245466426e-02 -1.150069712698313477e-02 -5.905791432547163183e-02
2.565113131043302630e+00 -7.063991266507664568e-02 -1.150505136044742069e-02 -5.913486130463057461e-02
2.566224489122876040e+00 -7.072665089092189383e-02 -1.151240025558214822e-02 -5.921425063533832661e-02
2.567335847202449006e+00 -7.081974612541276637e-02 -1.152545593954578361e-02 -5.929429018586993005e-02
2.568447205282022416e+00 -7.091785949702548997e-02 -1.154486813822022846e-02 -5.937299135880279299e-02
2.569558563361595827e+00 -7.101787719403769572e-02 -1.156898347357826137e-02 -5.944889372045668308e-02
2.570669921441168793e+00 -7.111604101353817542e-02 -1.159444275447332230e-02 -5.952159825906562507e-02
2.571781279520742203e+00 -7.120931512205097569e-02 -1.161740046027842296e-02 -5.959191466177223007e-02
2.572892637600315169e+00 -7.129649204480199842e-02 -1.163492367356836615e-02 -5.966156837123395840e-02
2.574003995679888579e+00 -7.137863502778274416e-02 -1.164606151556410278e-02 -5.973257351221952782e-02
2.575115353759461989e+00 -7.145869477144282944e-02 -1.165219509527009624e-02 -5.980649967617164553e-02
2.576226711839034955e+00 -7.154043870544531114e-02 -1.165653915616041841e-02 -5.988389954928270004e-02
2.577338069918608365e+00 -7.162708133516709763e-02 -1.166297518920970250e-02 -5.996410614596033722e-02
2.578449427998181775e+00 -7.172011357271880494e-02 -1.167463952652809597e-02 -6.004547404619128836e-02
2.579560786077754742e+00 -7.181875735123507964e-02 -1.169277996840065691e-02 -6.012597738283594756e-02
2.580672144157328152e+00 -7.192024498568741486e-02 -1.171629774527497767e-02 -6.020394724041058104e-02
2.581783502236901118e+00 -7.202082297471755490e-02 -1.174214292981384453e-02 -6.027868004490321424e-02
2.582894860316474528e+00 -7.211711618985496008e-02 -1.176642103075919987e-02 -6.035069515909507326e-02
2.584006218396047938e+00 -7.220735668720786038e-02 -1.178580929792099122e-02 -6.042154738928183499e-02
2.585117576475620904e+00 -7.229202983125244952e-02 -1.179876771431731010e-02 -6.049326211693423910e-02
2.586228934555194314e+00 -7.237370169627320438e-02 -1.180610337674803043e-02 -6.056759831952899381e-02
2.587340292634767280e+00 -7.245608919932215730e-02 -1.181068150041526300e-02 -6.064540769890447436e-02
2.588451650714340690e+00 -7.254271002466083917e-02 -1.181638655993415450e-02 -6.072632346473118281e-02
2.589563008793914101e+00 -7.263560282079219166e-02 -1.182671028729574171e-02 -6.080889253349521656e-02
2.590674366873487067e+00 -7.273458337548113772e-02 -1.184347984779696161e-02 -6.089110352767865275e-02
2.591785724953060477e+00 -7.283730823767979590e-02 -1.186618950398009992e-02 -6.097111873370016089e-02
2.592897083032633887e+00 -7.294012394764805285e-02 -1.189218029087702605e-02 -6.104794365677030515e-02
2.594008441112206853e+00 -7.303939420690745699e-02 -1.191760397885249442e-02 -6.112179022806096818e-02
2.595119799191780263e+00 -7.313282296193053533e-02 -1.193882193676194976e-02 -6.119400102517282003e-02
2.596231157271353229e+00 -7.322029208963126701e-02 -1.195373047242630563e-02 -6.126656161720562405e-02
2.597342515350926639e+00 -7.330390817897630695e-02 -1.196252997246855312e-02 -6.134137820650890222e-02
2.598453873430500050e+00 -7.338724011667817348e-02 -1.196765668657761607e-02 -6.141958343009823462e-02
2.599565231510073016e+00 -7.347402350523329906e-02 -1.197290028815390164e-02 -6.150112321708083030e-02
2.600676589589646426e+00 -7.356680231430749728e-02 -1.198202682184680221e-02 -6.158477549246203775e-02
2.601787947669219392e+00 -7.366600173210199887e-02 -1.199740736756811470e-02 -6.166859436453657473e-02
2.602899305748792802e+00 -7.376977010990820594e-02 -1.201915168611128112e-02 -6.175061842379803156e-02
2.604010663828366212e+00 -7.387464867351638265e-02 -1.204506328525281958e-02 -6.182958538826242162e-02
2.605122021907939178e+00 -7.397682669126939836e-02 -1.207143395091641279e-02 -6.190539274035069400e-02
2.606233379987512588e+00 -7.407352648583975796e-02 -1.209439022284222384e-02 -6.197913626299821066e-02
2.607344738067085999e+00 -7.416401477590651992e-02 -1.211130278460729147e-02 -6.205271199130247411e-02
2.608456096146658965e+00 -7.424987200402390075e-02 -1.212174584985874388e-02 -6.212812615416620637e-02
2.609567454226232375e+00 -7.433442065254033948e-02 -1.212765641246919476e-02 -6.220676424007312577e-02
2.610678812305805341e+00 -7.442151929630425045e-02 -1.213263379987819697e-02 -6.228888549642962874e-02
2.611790170385378751e+00 -7.451416012787497045e-02 -1.214063280169126909e-02 -6.237352732618257900e-02
2.612901528464951717e+00 -7.461337978945831173e-02 -1.215452490119240010e-02 -6.245885488826823789e-02
2.614012886544525127e+00 -7.471788009980984135e-02 -1.217505108859220052e-02 -6.254282901121567539e-02
2.615124244624098537e+00 -7.482449759838392944e-02 -1.220054821981491310e-02 -6.262394937857232446e-02
2.616235602703671503e+00 -7.492935226374203284e-02 -1.222755004305951798e-02 -6.270180222068208464e-02
2.617346960783244914e+00 -7.502925846883240490e-02 -1.225204580826766421e-02 -6.277721266056023042e-02
2.618458318862818324e+00 -7.512288525731633526e-02 -1.227093956724638335e-02 -6.285194569007543364e-02
2.619569676942391290e+00 -7.521124349510208140e-02 -1.228317931771316131e-02 -6.292806417738801283e-02
2.620681035021964700e+00 -7.529732172550636371e-02 -1.229014429180008694e-02 -6.300717743370473634e-02
2.621792393101538110e+00 -7.538500199583098027e-02 -1.229514794366268725e-02 -6.308985405216833986e-02
2.622903751181111076e+00 -7.547764905141207681e-02 -1.230223582781246258e-02 -6.317541322360167855e-02
2.624015109260684486e+00 -7.557688568297543652e-02 -1.231471459325861155e-02 -6.326217108971297909e-02
2.625126467340257452e+00 -7.568200002540823035e-02 -1.233394705162970707e-02 -6.334805297377923972e-02
2.626237825419830862e+00 -7.579020134010153176e-02 -1.235885245717309976e-02 -6.343134888292467632e-02
2.627349183499403829e+00 -7.589763243982823593e-02 -1.238629526607820316e-02 -6.351133717375313792e-02
2.628460541578977239e+00 -7.600077150821415994e-02 -1.241222255819267838e-02 -6.358854895001776752e-02
2.629571899658550649e+00 -7.609771386726137121e-02 -1.243313749349004953e-02 -6.366457637377326284e-02
2.630683257738123615e+00 -7.618886718488040999e-02 -1.244737305323926138e-02 -6.374149413164136024e-02
2.631794615817697025e+00 -7.627680634209232924e-02 -1.245570199645541602e-02 -6.382110434563999235e-02
2.632905973897270435e+00 -7.636533954922576639e-02 -1.246105972855208327e-02 -6.390427982067387047e-02
2.634017331976843401e+00 -7.645812435292420606e-02 -1.246747930611763304e-02 -6.399064504680977705e-02
2.635128690056416811e+00 -7.655733644289221262e-02 -1.247862482760954579e-02 -6.407871161528201631e-02
2.636240048135989777e+00 -7.666287570378435556e-02 -1.249645641766104591e-02 -6.416641928612476509e-02
2.637351406215563188e+00 -7.677239920557211994e-02 -1.252051312633746527e-02 -6.425188607923597306e-02
2.638462764295136598e+00 -7.688217037755777639e-02 -1.254807602583581962e-02 -6.433409435172098012e-02
2.639574122374709564e+00 -7.698841662202927927e-02 -1.257515381873103300e-02 -6.441326280329837117e-02
2.640685480454282974e+00 -7.708870215425428496e-02 -1.259793368226472254e-02 -6.449076847198845219e-02
2.641796838533855940e+00 -7.718281655793207685e-02 -1.261416998119271882e-02 -6.456864657674109276e-02
2.642908196613429350e+00 -7.727285498714926704e-02 -1.262400507214174634e-02 -6.464884991500825795e-02
2.644019554693002760e+00 -7.736245957099968651e-02 -1.262992221313862830e-02 -6.473253735786106688e-02
2.645130912772575726e+00 -7.745549673856745587e-02 -1.263584601861819125e-02 -6.481965071994987004e-02
2.646242270852149137e+00 -7.755465086164718691e-02 -1.264571633105013651e-02 -6.490893453059344564e-02
2.647353628931722547e+00 -7.766044582080554315e-02 -1.266205377371681755e-02 -6.499839204709208229e-02
2.648464987011295513e+00 -7.777105120801761085e-02 -1.268503931468022844e-02 -6.508601189334130288e-02
2.649576345090868923e+00 -7.788294494689806946e-02 -1.271244405038694965e-02 -6.517050089651266198e-02
2.650687703170441889e+00 -7.799219260613594884e-02 -1.274043649453523823e-02 -6.525175611160197175e-02
2.651799061250015299e+00 -7.809587890023290957e-02 -1.276497517130230352e-02 -6.533090372892925990e-02
2.652910419329588709e+00 -7.819317073667796103e-02 -1.278328057234432401e-02 -6.540989016433061687e-02
2.654021777409161675e+00 -7.828562437791285189e-02 -1.279485058964080144e-02 -6.549077378827219964e-02
2.655133135488735086e+00 -7.837662367670808483e-02 -1.280164866303944507e-02 -6.557497501366657544e-02
2.656244493568308052e+00 -7.847015231139295444e-02 -1.280739435807154609e-02 -6.566275795332034149e-02
2.657355851647881462e+00 -7.856934560162311121e-02 -1.281621278533302648e-02 -6.575313281629592554e-02
2.658467209727454872e+00 -7.867534842050370736e-02 -1.283113328447801731e-02 -6.584421513602717324e-02
2.659578567807027838e+00 -7.878689522938336909e-02 -1.285298372285712150e-02 -6.593391150652964938e-02
2.660689925886601248e+00 -7.890076623206396245e-02 -1.288008386610323651e-02 -6.602068236596034256e-02
2.661801283966174658e+00 -7.901295516121586981e-02 -1.290885118127176566e-02 -6.610410397994173626e-02
2.662912642045747624e+00 -7.912012504969868909e-02 -1.293510045375567685e-02 -6.618502459594094445e-02
2.664024000125321034e+00 -7.922082288158600882e-02 -1.295556552736213188e-02 -6.626525735423025032e-02
2.665135358204894001e+00 -7.931601087977102615e-02 -1.296908962223945229e-02 -6.634692125753119396e-02
2.666246716284467411e+00 -7.940872007645641273e-02 -1.297705020738227147e-02 -6.643166986907390881e-02
2.667358074364040377e+00 -7.950295080712993512e-02 -1.298286220174263254e-02 -6.652008860538581592e-02
2.668469432443613787e+00 -7.960221893062206788e-02 -1.299073852957794914e-02 -6.661148040104143686e-02
2.669580790523187197e+00 -7.970827609477192099e-02 -1.300415781182749295e-02 -6.670411828294467438e-02
2.670692148602760163e+00 -7.982046988773103258e-02 -1.302459651705885346e-02 -6.679587337067059705e-02
2.671803506682333573e+00 -7.993597766240023716e-02 -1.305098772782607025e-02 -6.688498993457754616e-02
2.672914864761906983e+00 -8.005083034376779538e-02 -1.308010503546734767e-02 -6.697072530830584791e-02
2.674026222841479949e+00 -8.016135499090447369e-02 -1.310773360931676360e-02 -6.705362138158582619e-02
2.675137580921053360e+00 -8.026551194215254814e-02 -1.313020356280746731e-02 -6.713530837935091644e-02
2.676248939000626770e+00 -8.036363988363257049e-02 -1.314572794158462565e-02 -6.721791194204525255e-02
2.677360297080199736e+00 -8.045833680711651781e-02 -1.315505766584613989e-02 -6.730327914127140487e-02
2.678471655159773146e+00 -8.055351876676668244e-02 -1.316121350121544388e-02 -6.739230526555155254e-02
2.679583013239346112e+00 -8.065299755060435782e-02 -1.316839076554091742e-02 -6.748460678506781885e-02
2.680694371318919522e+00 -8.075909397195711603e-02 -1.318043396285419229e-02 -6.757866000910653370e-02
2.681805729398492488e+00 -8.087179137392012940e-02 -1.319943600638494481e-02 -6.767235536753274383e-02
2.682917087478065898e+00 -8.098873822837952818e-02 -1.322497249509960865e-02 -6.776376573328247999e-02
2.684028445557639309e+00 -8.110610029622650208e-02 -1.325425130470334403e-02 -6.785184899152435500e-02
2.685139803637212275e+00 -8.121995371949140841e-02 -1.328312497836947603e-02 -6.793682874112062786e-02
2.686251161716785685e+00 -8.132771309010281002e-02 -1.330759902445323092e-02 -6.802011406564653639e-02
2.687362519796359095e+00 -8.142907495532784867e-02 -1.332528778360607576e-02 -6.810378717171987339e-02
2.688473877875932061e+00 -8.152613262964311658e-02 -1.333628739302277280e-02 -6.818984523662401098e-02
2.689585235955505471e+00 -8.162261908443813052e-02 -1.334314649137374569e-02 -6.827947259306717254e-02
2.690696594035078881e+00 -8.172255182575333121e-02 -1.334994322300702210e-02 -6.837260860274828322e-02
2.691807952114651847e+00 -8.182877170077590412e-02 -1.336080265467229182e-02 -6.846796904610473467e-02
2.692919310194225258e+00 -8.194190701226551632e-02 -1.337839334159181617e-02 -6.856351367067498037e-02
2.694030668273798224e+00 -8.206014052292386063e-02 -1.340295066967115735e-02 -6.865718985325354462e-02
2.695142026353371634e+00 -8.217986552060710381e-02 -1.343218406298670765e-02 -6.874768145762268079e-02
2.696253384432944600e+00 -8.229699386889345603e-02 -1.346210410089747345e-02 -6.883488976799592707e-02
2.697364742512518010e+00 -8.240844141637311548e-02 -1.348847064431226393e-02 -6.891997077206162003e-02
2.698476100592091420e+00 -8.251325083472871302e-02 -1.350833616565117606e-02 -6.900491466907754390e-02
2.699587458671664386e+00 -8.261294293797928623e-02 -1.352112249672544550e-02 -6.909182044125222744e-02
2.700698816751237796e+00 -8.271096747887851652e-02 -1.352883771090826991e-02 -6.918212976796861424e-02
2.701810174830811206e+00 -8.281145173915037405e-02 -1.353535197401403191e-02 -6.927609976513834922e-02
2.702921532910384173e+00 -8.291770094325842666e-02 -1.354499363044859954e-02 -6.937270731280958946e-02
2.704032890989957583e+00 -8.303099550211355540e-02 -1.356097493094804082e-02 -6.947002057116462292e-02
2.705144249069530993e+00 -8.315012297971735578e-02 -1.358422008694262599e-02 -6.956590289277712891e-02
2.706255607149103959e+00 -8.327181611676637285e-02 -1.361302327558631085e-02 -6.965879284118076109e-02
2.707366965228677369e+00 -8.339193894738598789e-02 -1.364366313454901114e-02 -6.974827581283528366e-02
2.708478323308250335e+00 -8.350699069099595806e-02 -1.367175241618981234e-02 -6.983523827480664359e-02
2.709589681387823745e+00 -8.361538084770307744e-02 -1.369383334187836317e-02 -6.992154750582998957e-02
2.710701039467396711e+00 -8.371801130591047246e-02 -1.370863859964201181e-02 -7.000937270626848841e-02
2.711812397546970121e+00 -8.381795263296516751e-02 -1.371755825336600822e-02 -7.010039437959986186e-02
2.712923755626543532e+00 -8.391933089149741787e-02 -1.372414076779936154e-02 -7.019519012369457300e-02
2.714035113706116498e+00 -8.402582869295835422e-02 -1.373280748047185640e-02 -7.029302121248695578e-02
2.715146471785689908e+00 -8.413934515987925300e-02 -1.374724650941696116e-02 -7.039209865046151815e-02
2.716257829865263318e+00 -8.425930251809957139e-02 -1.376906979435893290e-02 -7.049023272374181637e-02
2.717369187944836284e+00 -8.438285257998284772e-02 -1.379722250891278132e-02 -7.058563007106995191e-02
2.718480546024409694e+00 -8.450590941982433213e-02 -1.382836136172365012e-02 -7.067754805810194663e-02
2.719591904103983104e+00 -8.462463387602638110e-02 -1.385806619133378957e-02 -7.076656768469478942e-02
2.720703262183556070e+00 -8.473683055755860949e-02 -1.388244573261501573e-02 -7.085438482494542389e-02
2.721814620263129481e+00 -8.484274900626653793e-02 -1.389955406598859279e-02 -7.094319494027974404e-02
2.722925978342702447e+00 -8.494499661733512230e-02 -1.391010193860557284e-02 -7.103489467873017049e-02
2.724037336422275857e+00 -8.504759358480845632e-02 -1.391720268944646871e-02 -7.113039089536218884e-02
2.725148694501848823e+00 -8.515451230792966952e-02 -1.392524331005582684e-02 -7.122926899787473953e-02
2.726260052581422233e+00 -8.526823179362526262e-02 -1.393828975385347224e-02 -7.132994203977488512e-02
2.727371410660995643e+00 -8.538883299168924246e-02 -1.395860595088532601e-02 -7.143022704080877194e-02
2.728482768740568609e+00 -8.551396507079774001e-02 -1.398582578343215456e-02 -7.152813928736957705e-02
2.729594126820142019e+00 -8.563969634716826762e-02 -1.401708072440968102e-02 -7.162261562275423765e-02
2.730705484899715429e+00 -8.576194178433799165e-02 -1.404803862701099054e-02 -7.171390315732738274e-02
2.731816842979288396e+00 -8.587794874104548448e-02 -1.407447742818871209e-02 -7.180347131285903794e-02
2.732928201058861806e+00 -8.598730061130596680e-02 -1.409382206390711635e-02 -7.189347854739920607e-02
2.734039559138435216e+00 -8.609207249687698960e-02 -1.410608511672650084e-02 -7.198598738015067611e-02
2.735150917218008182e+00 -8.619608091028135854e-02 -1.411386760490166044e-02 -7.208221330538343297e-02
2.736262275297581148e+00 -8.630349895777512936e-02 -1.412141771392107052e-02 -7.218208124385130930e-02
2.737373633377154558e+00 -8.641733968250547848e-02 -1.413308816074611979e-02 -7.228425152175470270e-02
2.738484991456727968e+00 -8.653835899768734519e-02 -1.415175246161170033e-02 -7.238660653607756346e-02
2.739596349536300934e+00 -8.666477787951597234e-02 -1.417775646844709851e-02 -7.248702141106576347e-02
2.740707707615874344e+00 -8.679292611725562823e-02 -1.420878787384933020e-02 -7.258413824340514964e-02
2.741819065695447755e+00 -8.691857487008004812e-02 -1.424071302678297374e-02 -7.267786184329974586e-02
2.742930423775020721e+00 -8.703847438093686995e-02 -1.426907840971835574e-02 -7.276939597121818981e-02
2.744041781854594131e+00 -8.715153784018109251e-02 -1.429073158920311955e-02 -7.286080625097382524e-02
2.745153139934167541e+00 -8.725924026121018029e-02 -1.430497187138278503e-02 -7.295426838982842221e-02
2.746264498013740507e+00 -8.736508612194060497e-02 -1.431381089599975676e-02 -7.305127522594148659e-02
2.747375856093313917e+00 -8.747333804477894215e-02 -1.432124653506387443e-02 -7.315209150971634100e-02
2.748487214172886883e+00 -8.758746787194812700e-02 -1.433181240832281239e-02 -7.325565546362722280e-02
2.749598572252460293e+00 -8.770889314842159057e-02 -1.434892949895002698e-02 -7.335996364947079684e-02
2.750709930332033260e+00 -8.783645901978062720e-02 -1.437365940228295044e-02 -7.346279961749749288e-02
2.751821288411606670e+00 -8.796685505115178771e-02 -1.440431370314229631e-02 -7.356254134801144817e-02
2.752932646491180080e+00 -8.809581663342308522e-02 -1.443706322603905204e-02 -7.365875340738636812e-02
2.754044004570753046e+00 -8.821967499796572187e-02 -1.446732723831236148e-02 -7.375234775965640310e-02
2.755155362650326456e+00 -8.833669241579046594e-02 -1.449143839329333078e-02 -7.384525402249818293e-02
2.756266720729899866e+00 -8.844769651818605583e-02 -1.450797792452930210e-02 -7.393971859366120503e-02
2.757378078809472832e+00 -8.855578200153664536e-02 -1.451829455989170348e-02 -7.403748744164974360e-02
2.758489436889046242e+00 -8.866518700285207222e-02 -1.452601692353155602e-02 -7.413917007932409320e-02
2.759600794968619653e+00 -8.877975191571377267e-02 -1.453573529079097912e-02 -7.424401662492506604e-02
2.760712153048192619e+00 -8.890152096499100154e-02 -1.455133129282720067e-02 -7.435018967216427965e-02
2.761823511127766029e+00 -8.902999572547827534e-02 -1.457456318498091818e-02 -7.445543254049791226e-02
2.762934869207338995e+00 -8.916231324840866168e-02 -1.460442228904770129e-02 -7.455789095936488087e-02
2.764046227286912405e+00 -8.929428533221774045e-02 -1.463749627984397075e-02 -7.465678905237194130e-02
2.765157585366485371e+00 -8.942192191082652675e-02 -1.466920870074409598e-02 -7.475271321008364334e-02
2.766268943446058781e+00 -8.954288469581707377e-02 -1.469548469555505103e-02 -7.484740000026421369e-02
2.767380301525632191e+00 -8.965734168616289190e-02 -1.471423685771359839e-02 -7.494310482845069343e-02
2.768491659605205157e+00 -8.976791038517903387e-02 -1.472612949540009000e-02 -7.504178088977959959e-02
2.769603017684778568e+00 -8.987870879978954175e-02 -1.473434147485045212e-02 -7.514436732493919024e-02
2.770714375764351978e+00 -8.999385817880002636e-02 -1.474341214034285627e-02 -7.525044603846264835e-02
2.771825733843924944e+00 -9.011598170170184718e-02 -1.475758910139905906e-02 -7.535839260030384457e-02
2.772937091923498354e+00 -9.024524584118037707e-02 -1.477927907392877563e-02 -7.546596676725382535e-02
2.774048450003071764e+00 -9.037929460665425352e-02 -1.480816668638505924e-02 -7.557112792027065318e-02
2.775159808082644730e+00 -9.051410248910532474e-02 -1.484132395617075370e-02 -7.567277853294011869e-02
2.776271166162218140e+00 -9.064543750078787876e-02 -1.487427279921295017e-02 -7.577116470157535533e-02
2.777382524241791106e+00 -9.077040294129143372e-02 -1.490261548511908653e-02 -7.586778745617384079e-02
2.778493882321364516e+00 -9.088849672756930953e-02 -1.492364002048497500e-02 -7.596485670707950333e-02
2.779605240400937483e+00 -9.100180152420724033e-02 -1.493731512146893523e-02 -7.606448640273914819e-02
2.780716598480510893e+00 -9.111423444138984362e-02 -1.494631043678358931e-02 -7.616792400460499490e-02
2.781827956560084303e+00 -9.123012718075185212e-02 -1.495503199269085197e-02 -7.627509518806106781e-02
2.782939314639657269e+00 -9.135265175869683452e-02 -1.496802168343652414e-02 -7.638463007526510862e-02
2.784050672719230679e+00 -9.148266424087825310e-02 -1.498830229084788246e-02 -7.649436195003166128e-02
2.785162030798804089e+00 -9.161838805178097733e-02 -1.501627090843206912e-02 -7.660211714334989874e-02
2.786273388878377055e+00 -9.175605385709652284e-02 -1.504954544935855308e-02 -7.670650840774040358e-02
2.787384746957950465e+00 -9.189126526393760763e-02 -1.508382278771503750e-02 -7.680744247622335596e-02
2.788496105037523876e+00 -9.202059508543153354e-02 -1.511443873784813763e-02 -7.690615634758754537e-02
2.789607463117096842e+00 -9.214283206907548929e-02 -1.513806363888432413e-02 -7.700476843018989881e-02
2.790718821196670252e+00 -9.225942401418259220e-02 -1.515391646939048299e-02 -7.710550754479378321e-02
2.791830179276243218e+00 -9.237395466396004784e-02 -1.516405420316541304e-02 -7.720990046079802271e-02
2.792941537355816628e+00 -9.249084293638408505e-02 -1.517262879037438970e-02 -7.731821414601014464e-02
2.794052895435389594e+00 -9.261373630758544528e-02 -1.518437984934661866e-02 -7.742935645824131075e-02
2.795164253514963004e+00 -9.274418230250217055e-02 -1.520291014338356721e-02 -7.754127215912037796e-02
2.796275611594536414e+00 -9.288106195434342460e-02 -1.522937134332507172e-02 -7.765169061102128456e-02
2.797386969674109380e+00 -9.302099277271771993e-02 -1.526203965976949233e-02 -7.775895311294782342e-02
2.798498327753682791e+00 -9.315955640401056559e-02 -1.529693798293761328e-02 -7.786261842107716769e-02
2.799609685833256201e+00 -9.329290582063706760e-02 -1.532928038629881307e-02 -7.796362543433923986e-02
2.800721043912829167e+00 -9.341916791260782005e-02 -1.535521477865222327e-02 -7.806395313395891877e-02
2.801832401992402577e+00 -9.353913064324152760e-02 -1.537322961871748564e-02 -7.816590102452757038e-02
2.802943760071975987e+00 -9.365596322465609413e-02 -1.538471142112367469e-02 -7.827125180353394773e-02
2.804055118151548953e+00 -9.377406909504847066e-02 -1.539344784723686507e-02 -7.838062124781237927e-02
2.805166476231122363e+00 -9.389748720628667000e-02 -1.540425474470445005e-02 -7.849323246158272649e-02
2.806277834310695329e+00 -9.402842232341108997e-02 -1.542122505470813060e-02 -7.860719726870254997e-02
2.807389192390268740e+00 -9.416643930259242790e-02 -1.544623649355451010e-02 -7.872020280904115652e-02
2.808500550469841706e+00 -9.430861586893235504e-02 -1.547826226010804579e-02 -7.883035360882532927e-02
2.809611908549415116e+00 -9.445060034317694087e-02 -1.551373789034012941e-02 -7.893686245283619562e-02
2.810723266628988526e+00 -9.458819147052495435e-02 -1.554785331482447241e-02 -7.904033815570407628e-02
2.811834624708561492e+00 -9.471886680490763932e-02 -1.557630183006772362e-02 -7.914256497483841690e-02
2.812945982788134902e+00 -9.484270364420435695e-02 -1.559685006189033031e-02 -7.924585358231156507e-02
2.814057340867708312e+00 -9.496235632181544706e-02 -1.561015656901385516e-02 -7.935219975280018156e-02
2.815168698947281278e+00 -9.508209618897522919e-02 -1.561953894590202910e-02 -7.946255724307101087e-02
2.816280057026854688e+00 -9.520626152546966814e-02 -1.562977152432229802e-02 -7.957649000115012139e-02
2.817391415106428099e+00 -9.533767990268569859e-02 -1.564534910452139438e-02 -7.969233079817010512e-02
2.818502773186001065e+00 -9.547663665161418289e-02 -1.566884780138937117e-02 -7.980778885022271618e-02
2.819614131265574031e+00 -9.562076561826893251e-02 -1.569998039545034835e-02 -7.992078522282081154e-02
2.820725489345147441e+00 -9.576590374060617306e-02 -1.573569220545955119e-02 -8.003021153514931763e-02
2.821836847424720851e+00 -9.590760059444677910e-02 -1.577126542964492339e-02 -8.013633516480435370e-02
2.822948205504293817e+00 -9.604273532451948481e-02 -1.580203249767333715e-02 -8.024070282684689359e-02
2.824059563583867227e+00 -9.617065332162537394e-02 -1.582507607224338184e-02 -8.034557724938215517e-02
2.825170921663440637e+00 -9.629340855733646565e-02 -1.584029650032730413e-02 -8.045311205700791946e-02
2.826282279743013603e+00 -9.641502191629178209e-02 -1.585045618954109350e-02 -8.056456572674886019e-02
2.827393637822587014e+00 -9.654002346959417169e-02 -1.586018189764537567e-02 -8.067984157194894868e-02
2.828504995902160424e+00 -9.667180742653563863e-02 -1.587428536240053159e-02 -8.079752206413477744e-02
2.829616353981733390e+00 -9.681139748504755116e-02 -1.589601191226577490e-02 -8.091538557278277199e-02
2.830727712061306800e+00 -9.695707205915764237e-02 -1.592585458980177657e-02 -8.103121746935856851e-02
2.831839070140879766e+00 -9.710498693183820806e-02 -1.596136714385316610e-02 -8.114361978798653730e-02
2.832950428220453176e+00 -9.725057042751054925e-02 -1.599804673155198753e-02 -8.125252369595901969e-02
2.834061786300026142e+00 -9.739018494524956382e-02 -1.603096789164351263e-02 -8.135921705361293110e-02
2.835173144379599552e+00 -9.752245106183161927e-02 -1.605657497159603334e-02 -8.146587609023678289e-02
2.836284502459172963e+00 -9.764875221261341831e-02 -1.607398091249398475e-02 -8.157477130011725475e-02
2.837395860538745929e+00 -9.777273524800850213e-02 -1.608529826393790760e-02 -8.168743698407261722e-02
2.838507218618319339e+00 -9.789898710163584539e-02 -1.609487934307095650e-02 -8.180410775856476746e-02
2.839618576697892749e+00 -9.803136776399999641e-02 -1.610773921778633350e-02 -8.192362854621634827e-02
2.840729934777465715e+00 -9.817160551659138978e-02 -1.612773336015908138e-02 -8.204387215643707543e-02
2.841841292857039125e+00 -9.831866590845975140e-02 -1.615615258417932645e-02 -8.216251332428146925e-02
2.842952650936612535e+00 -9.846912525219905787e-02 -1.619124767981795429e-02 -8.227787757238351485e-02
2.844064009016185501e+00 -9.861841428369719220e-02 -1.622885904949813302e-02 -8.238955523419912164e-02
2.845175367095758912e+00 -9.876248076752752736e-02 -1.626392488691759050e-02 -8.249855588061487388e-02
2.846286725175331878e+00 -9.889926660147739523e-02 -1.629232110116307641e-02 -8.260694550031347227e-02
2.847398083254905288e+00 -9.902946142055915613e-02 -1.631236409439568158e-02 -8.271709732616873423e-02
2.848509441334478254e+00 -9.915625703526802226e-02 -1.632542858692026533e-02 -8.283082844835151781e-02
2.849620799414051664e+00 -9.928419016558716337e-02 -1.633545347473049775e-02 -8.294873669085843504e-02
2.850732157493625074e+00 -9.941749291158197277e-02 -1.634751292169430228e-02 -8.306997998989146259e-02
2.851843515573198040e+00 -9.955855037949451480e-02 -1.636597059531792395e-02 -8.319257978417596289e-02
2.852954873652771450e+00 -9.970702708930641311e-02 -1.639288797301978115e-02 -8.331413911628973712e-02
2.854066231732344860e+00 -9.985998156060511832e-02 -1.642726681442104042e-02 -8.343271474618339789e-02
2.855177589811917827e+00 -1.000129295485108066e-01 -1.646540368091127526e-02 -8.354752586760072486e-02
2.856288947891491237e+00 -1.001614711475789787e-01 -1.650223027861491554e-02 -8.365924086896102396e-02
2.857400305971064647e+00 -1.003028910347956160e-01 -1.653315425129084359e-02 -8.376973678351001817e-02
2.858511664050637613e+00 -1.004371496834200878e-01 -1.655573169292318472e-02 -8.388141799050312375e-02
2.859623022130211023e+00 -1.005669037475481475e-01 -1.657056224932098795e-02 -8.399634149822834961e-02
2.860734380209783989e+00 -1.006965462357854446e-01 -1.658107912322263205e-02 -8.411546711256423503e-02
2.861845738289357399e+00 -1.008306136081751625e-01 -1.659230767821909605e-02 -8.423830592995643074e-02
2.862957096368930365e+00 -1.009721378603890135e-01 -1.660904184813818268e-02 -8.436309601224964427e-02
2.864068454448503775e+00 -1.011215427553375928e-01 -1.663410047068198186e-02 -8.448744228466080475e-02
2.865179812528077186e+00 -1.012764865561980449e-01 -1.666729811210527698e-02 -8.460918844409275053e-02
2.866291170607650152e+00 -1.014327100863335329e-01 -1.670550641231344571e-02 -8.472720367401964658e-02
2.867402528687223562e+00 -1.015855833883194670e-01 -1.674378602847770986e-02 -8.484179735984366533e-02
2.868513886766796972e+00 -1.017317896110074421e-01 -1.677717968548235808e-02 -8.495460992552428259e-02
2.869625244846369938e+00 -1.018705338630340185e-01 -1.680251544414645970e-02 -8.506801841888711468e-02
2.870736602925943348e+00 -1.020038365216600490e-01 -1.681956424334857952e-02 -8.518427227831217030e-02
2.871847961005516758e+00 -1.021358028003311325e-01 -1.683112939723456145e-02 -8.530467340309592916e-02
2.872959319085089724e+00 -1.022711326534933018e-01 -1.684203350047342243e-02 -8.542909915302078494e-02
2.874070677164663135e+00 -1.024134119566444123e-01 -1.685736929484936419e-02 -8.555604266179774042e-02
2.875182035244236101e+00 -1.025638064325842397e-01 -1.688064951797609362e-02 -8.568315691461216022e-02
2.876293393323809511e+00 -1.027206343302246999e-01 -1.691252861191510151e-02 -8.580810571831179456e-02
2.877404751403382477e+00 -1.028799749008088432e-01 -1.695056219117309707e-02 -8.592941270963838640e-02
2.878516109482955887e+00 -1.030370929988105172e-01 -1.699009323914267913e-02 -8.604699975966670356e-02
2.879627467562529297e+00 -1.031881626383878564e-01 -1.702594402791415482e-02 -8.616221861047558550e-02
2.880738825642102263e+00 -1.033316624911562176e-01 -1.705429894951267233e-02 -8.627736354164486365e-02
2.881850183721675673e+00 -1.034689344739987832e-01 -1.707409300989058340e-02 -8.639484146410873755e-02
2.882961541801249084e+00 -1.036037002173413740e-01 -1.708739973663615103e-02 -8.651630048070785284e-02
2.884072899880822050e+00 -1.037407092022097355e-01 -1.709867595636163293e-02 -8.664203324584959787e-02
2.885184257960395460e+00 -1.038840089339075345e-01 -1.711313716729568821e-02 -8.677087176661324452e-02
2.886295616039968870e+00 -1.040354663158617604e-01 -1.713485450960201481e-02 -8.690061180626577897e-02
2.887406974119541836e+00 -1.041940794825580163e-01 -1.716526681860446740e-02 -8.702881266395662285e-02
2.888518332199115246e+00 -1.043563329366598708e-01 -1.720265115560761643e-02 -8.715368178105470376e-02
2.889629690278688212e+00 -1.045174696798464448e-01 -1.724274672755713930e-02 -8.727472295229536658e-02
2.890741048358261622e+00 -1.046732198908672251e-01 -1.728030683362521275e-02 -8.739291305724387893e-02
2.891852406437834588e+00 -1.048213582742102828e-01 -1.731101446619864176e-02 -8.751034380801429868e-02
2.892963764517407999e+00 -1.049625228066758814e-01 -1.733306323042107383e-02 -8.762945957626046278e-02
2.894075122596981409e+00 -1.050999947522946870e-01 -1.734782566110672219e-02 -8.775216909118947750e-02
2.895186480676554375e+00 -1.052385168221532386e-01 -1.735936252301835403e-02 -8.787915429913627230e-02
2.896297838756127785e+00 -1.053825763585719832e-01 -1.737294892679333916e-02 -8.800962743177805081e-02
2.897409196835701195e+00 -1.055347760667314783e-01 -1.739315233297919483e-02 -8.814162373375526716e-02
2.898520554915274161e+00 -1.056948845850477353e-01 -1.742216257206535487e-02 -8.827272201298019816e-02
2.899631912994847571e+00 -1.058599135505687433e-01 -1.745898414963688652e-02 -8.840092940093163820e-02
2.900743271074420981e+00 -1.060251955974259030e-01 -1.749978837984301344e-02 -8.852540721758304920e-02
2.901854629153993947e+00 -1.061860739680975663e-01 -1.753930069632970296e-02 -8.864677327176821720e-02
2.902965987233566914e+00 -1.063395913796645609e-01 -1.757272046419496025e-02 -8.876687091547018349e-02
2.904077345313140324e+00 -1.064855648414646805e-01 -1.759747474166773601e-02 -8.888809009979767306e-02
2.905188703392713734e+00 -1.066266550632994359e-01 -1.761416569597525419e-02 -8.901248936732623906e-02
2.906300061472286700e+00 -1.067674036848576674e-01 -1.762636331040209892e-02 -8.914104037445624851e-02
2.907411419551860110e+00 -1.069125865383142859e-01 -1.763931492073303464e-02 -8.927327161758608076e-02
2.908522777631433520e+00 -1.070654802336400285e-01 -1.765803830664886345e-02 -8.940744192699690007e-02
2.909634135711006486e+00 -1.072266717512128653e-01 -1.768549138879816490e-02 -8.954118036241308365e-02
2.910745493790579896e+00 -1.073938442780958125e-01 -1.772148600231143040e-02 -8.967235827578379226e-02
2.911856851870153307e+00 -1.075626182538090836e-01 -1.776274424729841483e-02 -8.979987400651549823e-02
2.912968209949726273e+00 -1.077281430440512749e-01 -1.780408081188667238e-02 -8.992406223216711791e-02
2.914079568029299683e+00 -1.078868612625487888e-01 -1.784028424845044217e-02 -9.004657701409467252e-02
2.915190926108872649e+00 -1.080378041372653114e-01 -1.786801405370112145e-02 -9.016979008356386383e-02
2.916302284188446059e+00 -1.081829459762004425e-01 -1.788702240214285616e-02 -9.029592357406021619e-02
2.917413642268019025e+00 -1.083264874376830972e-01 -1.790025322712917102e-02 -9.042623421055311084e-02
2.918525000347592435e+00 -1.084733269652348592e-01 -1.791277898587616269e-02 -9.056054797935346456e-02
2.919636358427165845e+00 -1.086272757303667069e-01 -1.792995886304909678e-02 -9.069731686732036835e-02
2.920747716506738811e+00 -1.087896658492192720e-01 -1.795548711462934335e-02 -9.083417873458944636e-02
2.921859074586312222e+00 -1.089588597328769309e-01 -1.799004244228460947e-02 -9.096881729059473620e-02
2.922970432665885632e+00 -1.091308413420199325e-01 -1.803103255121619661e-02 -9.109980879080128990e-02
2.924081790745458598e+00 -1.093006764826368327e-01 -1.807353051042391925e-02 -9.122714597221502630e-02
2.925193148825032008e+00 -1.094643122144776659e-01 -1.811206546798887693e-02 -9.135224674649576604e-02
2.926304506904605418e+00 -1.096200605282107304e-01 -1.814261772838590345e-02 -9.147744279982376880e-02
2.927415864984178384e+00 -1.097692246112603603e-01 -1.816409147477154873e-02 -9.160513313649390477e-02
2.928527223063751794e+00 -1.099156366872570817e-01 -1.817872627814860059e-02 -9.173691040911007011e-02
2.929638581143324760e+00 -1.100642720358672721e-01 -1.819129343395179538e-02 -9.187297860191809273e-02
2.930749939222898170e+00 -1.102194406567908458e-01 -1.820736554420435485e-02 -9.201207511258954752e-02
2.931861297302471137e+00 -1.103832134141771587e-01 -1.823128663648432984e-02 -9.215192677769486196e-02
2.932972655382044547e+00 -1.105546563712368063e-01 -1.826458164623868952e-02 -9.229007472500219689e-02
2.934084013461617957e+00 -1.107301549708964578e-01 -1.830538683544043199e-02 -9.242476813545827397e-02
2.935195371541190923e+00 -1.109047143595104229e-01 -1.834911298977089794e-02 -9.255560136974394503e-02
2.936306729620764333e+00 -1.110737669371757996e-01 -1.839010492962313975e-02 -9.268366200755481787e-02
2.937418087700337743e+00 -1.112348323773278275e-01 -1.842369698062296113e-02 -9.281113539670472756e-02
2.938529445779910709e+00 -1.113884268719065318e-01 -1.844791740827624732e-02 -9.294050946363321963e-02
2.939640803859484119e+00 -1.115378891315359777e-01 -1.846421962670627415e-02 -9.307366950483481061e-02
2.940752161939057530e+00 -1.116881828898649148e-01 -1.847696980363754474e-02 -9.321121308622916379e-02
2.941863520018630496e+00 -1.118441071761174521e-01 -1.849187206494613475e-02 -9.335223511117173023e-02
2.942974878098203906e+00 -1.120085614819048975e-01 -1.851389984933032168e-02 -9.349466163257910689e-02
2.944086236177776872e+00 -1.121814944562016664e-01 -1.854548387834923512e-02 -9.363601057785600479e-02
2.945197594257350282e+00 -1.123599181634700045e-01 -1.858561676096339571e-02 -9.377430140251433177e-02
2.946308952336923248e+00 -1.125389843197318607e-01 -1.863020339044017468e-02 -9.390878092929545728e-02
2.947420310416496658e+00 -1.127137340015210570e-01 -1.867353453903605742e-02 -9.404019946248429185e-02
2.948531668496070068e+00 -1.128808877994240817e-01 -1.871035231176662941e-02 -9.417053548765860760e-02
2.949643026575643034e+00 -1.130400281956862457e-01 -1.873775917699620555e-02 -9.430226901869297185e-02
2.950754384655216445e+00 -1.131937458777472899e-01 -1.875627665816527456e-02 -9.443746921958194596e-02
2.951865742734789855e+00 -1.133466971868852535e-01 -1.876966653832452120e-02 -9.457703064856386177e-02
2.952977100814362821e+00 -1.135039147860775893e-01 -1.878357584578412356e-02 -9.472033894029961709e-02
2.954088458893936231e+00 -1.136689845661519732e-01 -1.880349436512956940e-02 -9.486549020102609531e-02
2.955199816973509641e+00 -1.138427503108267735e-01 -1.883276450088730916e-02 -9.500998580994197973e-02
2.956311175053082607e+00 -1.140230159374738539e-01 -1.887136624850212913e-02 -9.515164968897391051e-02
2.957422533132656017e+00 -1.142053526991141515e-01 -1.891592027097481130e-02 -9.528943242814466585e-02
2.958533891212228983e+00 -1.143847171682136482e-01 -1.896091062738518643e-02 -9.542380654082871505e-02
2.959645249291802394e+00 -1.145572910514049414e-01 -1.900068558870852270e-02 -9.555660546270069999e-02
2.960756607371375360e+00 -1.147218731582988344e-01 -1.903151126264138182e-02 -9.569036189565884032e-02
2.961867965450948770e+00 -1.148803166779942542e-01 -1.905293194635378218e-02 -9.582738473164190141e-02
2.962979323530522180e+00 -1.150368522788979414e-01 -1.906794142587636687e-02 -9.596891085301896551e-02
2.964090681610095146e+00 -1.151965432157092545e-01 -1.908190049623333800e-02 -9.611464271947962879e-02
2.965202039689668556e+00 -1.153634350307606860e-01 -1.910059151482289275e-02 -9.626284351593905608e-02
2.966313397769241966e+00 -1.155390743013730431e-01 -1.912811528568840805e-02 -9.641095901568737248e-02
2.967424755848814932e+00 -1.157219372333144480e-01 -1.916539437490826642e-02 -9.655654285840713225e-02
2.968536113928388342e+00 -1.159079780595996256e-01 -1.920982814960729007e-02 -9.669814990999463233e-02
2.969647472007961753e+00 -1.160920993624535574e-01 -1.925622737061171916e-02 -9.683587199184393035e-02
2.970758830087534719e+00 -1.162700099981267138e-01 -1.929869140171896688e-02 -9.697131859641297535e-02
2.971870188167108129e+00 -1.164397939329512716e-01 -1.933274788993375945e-02 -9.710704604302017318e-02
2.972981546246681095e+00 -1.166026172035524028e-01 -1.935697812929025943e-02 -9.724563907425899656e-02
2.974092904326254505e+00 -1.167623130315732227e-01 -1.937353684788578265e-02 -9.738877618368900480e-02
2.975204262405827471e+00 -1.169239933411931470e-01 -1.938737592118260772e-02 -9.753661742001461243e-02
2.976315620485400881e+00 -1.170921900715994335e-01 -1.940445218872294611e-02 -9.768773788288154236e-02
2.977426978564974291e+00 -1.172692022836677728e-01 -1.942956911888638061e-02 -9.783963316478616612e-02
2.978538336644547257e+00 -1.174542518595984297e-01 -1.946463597605590373e-02 -9.798961588354686281e-02
2.979649694724120668e+00 -1.176437576725165995e-01 -1.950797732143343816e-02 -9.813578035108669329e-02
2.980761052803694078e+00 -1.178326316019861070e-01 -1.955494453389513762e-02 -9.827768706808942545e-02
2.981872410883267044e+00 -1.180161274270146304e-01 -1.959960786014882522e-02 -9.841651956686510438e-02
2.982983768962840454e+00 -1.181915710779113254e-01 -1.963691429454635096e-02 -9.855465678336515489e-02
2.984095127042413864e+00 -1.183593421208130603e-01 -1.966452653196544553e-02 -9.869481558884617145e-02
2.985206485121986830e+00 -1.185227472044752955e-01 -1.968367354035890915e-02 -9.883907366412147955e-02
2.986317843201559796e+00 -1.186868284899641607e-01 -1.969870241143130765e-02 -9.898812607853364753e-02
2.987429201281133206e+00 -1.188565377098352999e-01 -1.971549370030810377e-02 -9.914104400952962470e-02
2.988540559360706617e+00 -1.190349383620445123e-01 -1.973931657539732681e-02 -9.929562178664780303e-02
2.989651917440279583e+00 -1.192220898877513480e-01 -1.977290487856071810e-02 -9.944918500919455728e-02
2.990763275519852993e+00 -1.194150210987708072e-01 -1.981545572851760653e-02 -9.959956537025516088e-02
2.991874633599426403e+00 -1.196088047807361693e-01 -1.986291706860700626e-02 -9.974588771213319105e-02
2.992985991678999369e+00 -1.197983448233346931e-01 -1.990946126251313952e-02 -9.988888356082348263e-02
2.994097349758572779e+00 -1.199802271726333469e-01 -1.994960924145510253e-02 -1.000306179311844096e-01
2.995208707838146189e+00 -1.201539613225972442e-01 -1.998023152022692164e-02 -1.001737298023723521e-01
2.996320065917719155e+00 -1.203221594549277323e-01 -2.000169581093546103e-02 -1.003204636439978259e-01
2.997431423997292566e+00 -1.204895860564257765e-01 -2.001774071190282403e-02 -1.004718453445212767e-01
2.998542782076865532e+00 -1.206614219010182926e-01 -2.003411867872432334e-02 -1.006273032222964048e-01
2.999654140156438942e+00 -1.208413731263405649e-01 -2.005650047683769574e-02 -1.007848726495030878e-01
3.000765498236011908e+00 -1.210303140542634270e-01 -2.008840385444151180e-02 -1.009419101998228763e-01
3.001876856315585318e+00 -1.212259597508300729e-01 -2.012990222398913787e-02 -1.010960575268473466e-01
3.002988214395158728e+00 -1.214236905789632531e-01 -2.017758658305619443e-02 -1.012461039959125925e-01
3.004099572474731694e+00 -1.216182317358617121e-01 -2.022579809249917121e-02 -1.013924336433667528e-01
3.005210930554305104e+00 -1.218055784689721227e-01 -2.026868541139328905e-02 -1.015368930575777373e-01
3.006322288633878514e+00 -1.219844662848195982e-01 -2.030233894935341843e-02 -1.016821273354676092e-01
3.007433646713451481e+00 -1.221568488743997177e-01 -2.032622410950461062e-02 -1.018306247648987223e-01
3.008545004793024891e+00 -1.223272059227213798e-01 -2.034338900887347479e-02 -1.019838169138480299e-01
3.009656362872598301e+00 -1.225009282204566202e-01 -2.035936741815965248e-02 -1.021415608022980676e-01
3.010767720952171267e+00 -1.226823640270399002e-01 -2.038017294801954329e-02 -1.023021910790241490e-01
3.011879079031744677e+00 -1.228732357805933650e-01 -2.041011266835955282e-02 -1.024631231122343361e-01
3.012990437111317643e+00 -1.230720039070676008e-01 -2.045021596976670172e-02 -1.026217879373050867e-01
3.014101795190891053e+00 -1.232744120604250676e-01 -2.049785227797665602e-02 -1.027765597824530502e-01
3.015213153270464019e+00 -1.234750195642558140e-01 -2.054767950738863383e-02 -1.029273400568629232e-01
3.016324511350037429e+00 -1.236691676926631178e-01 -2.059358074726848689e-02 -1.030755869454008239e-01
3.017435869429610840e+00 -1.238546674424352984e-01 -2.063088604087712219e-02 -1.032237814015615068e-01
3.018547227509183806e+00 -1.240325958814358087e-01 -2.065807096209252430e-02 -1.033745249193449428e-01
3.019658585588757216e+00 -1.242069104745448932e-01 -2.067731289677988971e-02 -1.035295975777670435e-01
3.020769943668330626e+00 -1.243830193507699383e-01 -2.069370113636368955e-02 -1.036893182144090347e-01
3.021881301747903592e+00 -1.245658247622562498e-01 -2.071338716134009730e-02 -1.038524376009189315e-01
3.022992659827477002e+00 -1.247579490558301946e-01 -2.074134818438781031e-02 -1.040166008714436402e-01
3.024104017907050412e+00 -1.249587871580410542e-01 -2.077957886893079878e-02 -1.041792082891103283e-01
3.025215375986623378e+00 -1.251647301268080104e-01 -2.082637088509765519e-02 -1.043383592417141403e-01
3.026326734066196789e+00 -1.253704791822019549e-01 -2.087694366192846193e-02 -1.044935355202754462e-01
3.027438092145769755e+00 -1.255709731500224691e-01 -2.092519652227597948e-02 -1.046457766277487378e-01
3.028549450225343165e+00 -1.257632286712194736e-01 -2.096594225396293532e-02 -1.047972864172553309e-01
3.029660808304916131e+00 -1.259474234788228175e-01 -2.099680512615203359e-02 -1.049506183526712627e-01
3.030772166384489541e+00 -1.261268277280032379e-01 -2.101908770725477438e-02 -1.051077400207499485e-01
3.031883524464062951e+00 -1.263066072829339415e-01 -2.103728702990007027e-02 -1.052693202530368827e-01
3.032994882543635917e+00 -1.264919338309107022e-01 -2.105743484201643562e-02 -1.054344989888967160e-01
3.034106240623209327e+00 -1.266860900853751248e-01 -2.108486844735633914e-02 -1.056012216380207286e-01
3.035217598702782738e+00 -1.268892615524463419e-01 -2.112224973178162754e-02 -1.057670118206687493e-01
3.036328956782355704e+00 -1.270984576270522970e-01 -2.116856226615041262e-02 -1.059298953609086602e-01
3.037440314861929114e+00 -1.273085941169975477e-01 -2.121946072931550631e-02 -1.060891333876846782e-01
3.038551672941502524e+00 -1.275143458252092910e-01 -2.126885231562672049e-02 -1.062454935095828445e-01
3.039663031021075490e+00 -1.277120957595197503e-01 -2.131113670199564006e-02 -1.064009590575253628e-01
3.040774389100648900e+00 -1.279012700279977544e-01 -2.134328566060894605e-02 -1.065579843673909316e-01
3.041885747180221866e+00 -1.280845689060930159e-01 -2.136599652618452125e-02 -1.067185723799096708e-01
3.042997105259795276e+00 -1.282670050810234830e-01 -2.138348774091020088e-02 -1.068835173401136429e-01
3.044108463339368242e+00 -1.284540943989671835e-01 -2.140199908090662309e-02 -1.070520953180610912e-01
3.045219821418941653e+00 -1.286498545203646759e-01 -2.142753408569302020e-02 -1.072223204346740844e-01
3.046331179498515063e+00 -1.288553394117679385e-01 -2.146366390757380865e-02 -1.073916755041946919e-01
3.047442537578088029e+00 -1.290682453654178885e-01 -2.151019607074239337e-02 -1.075580492946788536e-01
3.048553895657661439e+00 -1.292837362979518123e-01 -2.156320226694800196e-02 -1.077205340310052467e-01
3.049665253737234849e+00 -1.294961929430898107e-01 -2.161640731051558961e-02 -1.078797856325794946e-01
3.050776611816807815e+00 -1.297012532690349773e-01 -2.166344503902644866e-02 -1.080378082300129244e-01
3.051887969896381225e+00 -1.298974030945274916e-01 -2.170016724465268290e-02 -1.081972358498738684e-01
3.052999327975954635e+00 -1.300865366619659569e-01 -2.172616631507641796e-02 -1.083603703468907636e-01
3.054110686055527601e+00 -1.302732793092319652e-01 -2.174495226737940476e-02 -1.085283270418530704e-01
3.055222044135100568e+00 -1.304633136913662395e-01 -2.176271020933865513e-02 -1.087006034820274525e-01
3.056333402214673978e+00 -1.306613141501297981e-01 -2.178607955721652278e-02 -1.088752345929125537e-01
3.057444760294247388e+00 -1.308692385187802121e-01 -2.181975430348300632e-02 -1.090494842153030552e-01
3.058556118373820354e+00 -1.310855995624257420e-01 -2.186477322085264227e-02 -1.092208263415739150e-01
3.059667476453393764e+00 -1.313059846733705682e-01 -2.191812327610806813e-02 -1.093878613972671526e-01
3.060778834532967174e+00 -1.315246400890532630e-01 -2.197380635718869032e-02 -1.095508337318725073e-01
3.061890192612540140e+00 -1.317365487768216159e-01 -2.202498949224735575e-02 -1.097115592845749055e-01
3.063001550692113550e+00 -1.319392500291604875e-01 -2.206646428794973788e-02 -1.098727857412116482e-01
3.064112908771686961e+00 -1.321337401112906706e-01 -2.209652619314174393e-02 -1.100372139181518549e-01
3.065224266851259927e+00 -1.323241246303492324e-01 -2.211759137494004671e-02 -1.102065332554087590e-01
3.066335624930833337e+00 -1.325161450378402883e-01 -2.213532451708984453e-02 -1.103808205207516824e-01
3.067446983010406303e+00 -1.327151101771427977e-01 -2.215659022511028142e-02 -1.105585199520344453e-01
3.068558341089979713e+00 -1.329239806775795452e-01 -2.218696835789790364e-02 -1.107370123196868561e-01
3.069669699169552679e+00 -1.331423001152199637e-01 -2.222873378186282847e-02 -1.109135663333590538e-01
3.070781057249126089e+00 -1.333663611657961157e-01 -2.228003466595333479e-02 -1.110863264998413480e-01
3.071892415328699499e+00 -1.335905478930623225e-01 -2.233556987485396314e-02 -1.112549780182084253e-01
3.073003773408272465e+00 -1.338093688385731395e-01 -2.238852196091261834e-02 -1.114208468776602678e-01
3.074115131487845876e+00 -1.340194445469272688e-01 -2.243304510017066905e-02 -1.115863994467549691e-01
3.075226489567419286e+00 -1.342207290109773687e-01 -2.246640355229639896e-02 -1.117543254586782359e-01
3.076337847646992252e+00 -1.344165219375365594e-01 -2.248998078638920345e-02 -1.119265411511485286e-01
3.077449205726565662e+00 -1.346122673837734096e-01 -2.250878811857754194e-02 -1.121034792651984385e-01
3.078560563806139072e+00 -1.348135751018571804e-01 -2.252964688156834303e-02 -1.122839282202917621e-01
3.079671921885712038e+00 -1.350241836924603589e-01 -2.255870195582952015e-02 -1.124654817366329274e-01
3.080783279965285448e+00 -1.352446063745475491e-01 -2.259917069484823626e-02 -1.126454356797042533e-01
3.081894638044858414e+00 -1.354719524972502476e-01 -2.265014938566024122e-02 -1.128218031115944958e-01
3.083005996124431825e+00 -1.357009904500892095e-01 -2.270691788928883709e-02 -1.129940725607991858e-01
3.084117354204004791e+00 -1.359260655339952217e-01 -2.276263955455848711e-02 -1.131634259794390834e-01
3.085228712283578201e+00 -1.361431740993915007e-01 -2.281084490958601094e-02 -1.133323291898075402e-01
3.086340070363151611e+00 -1.363514368084276229e-01 -2.284779910050284760e-02 -1.135036377079274711e-01
3.087451428442724577e+00 -1.365534311422463842e-01 -2.287389041777562748e-02 -1.136795407244758083e-01
3.088562786522297987e+00 -1.367542578849703372e-01 -2.289352837260311482e-02 -1.138607295123642837e-01
3.089674144601871397e+00 -1.369596778826503436e-01 -2.291357847368265255e-02 -1.140460994089714380e-01
3.090785502681444363e+00 -1.371739959702707179e-01 -2.294089230016319730e-02 -1.142331036701052099e-01
3.091896860761017773e+00 -1.373984641614031665e-01 -2.297982273271118384e-02 -1.144186414286988557e-01
3.093008218840591184e+00 -1.376307904636135115e-01 -2.303062427477509111e-02 -1.146001661888379347e-01
3.094119576920164150e+00 -1.378659395622726103e-01 -2.308932234443448334e-02 -1.147766172178383698e-01
3.095230934999737560e+00 -1.380979418711147377e-01 -2.314910657928088630e-02 -1.149488352918397321e-01
3.096342293079310526e+00 -1.383220586743824920e-01 -2.320275242888887937e-02 -1.151193062454913818e-01
3.097453651158883936e+00 -1.385365178053512558e-01 -2.324520200358762279e-02 -1.152913158017657980e-01
3.098565009238456902e+00 -1.387431859464792472e-01 -2.327537495995274028e-02 -1.154678109865298480e-01
3.099676367318030312e+00 -1.389469262971770036e-01 -2.329655571660207286e-02 -1.156503705805781573e-01
3.100787725397603722e+00 -1.391538660414612660e-01 -2.331521557086780466e-02 -1.158386504705904013e-01
3.101899083477176688e+00 -1.393691944960058771e-01 -2.333869247105369374e-02 -1.160305020249533109e-01
3.103010441556750099e+00 -1.395952859180062955e-01 -2.337256333368083194e-02 -1.162227225843294048e-01
3.104121799636323509e+00 -1.398308271239820377e-01 -2.341865469118950202e-02 -1.164121724327964735e-01
3.105233157715896475e+00 -1.400712695686034126e-01 -2.347440681095868190e-02 -1.165968627576455113e-01
3.106344515795469885e+00 -1.403104481414172711e-01 -2.353381754516237559e-02 -1.167766305962562451e-01
3.107455873875043295e+00 -1.405427871511901738e-01 -2.358962188047760561e-02 -1.169531652707099662e-01
3.108567231954616261e+00 -1.407653005662502232e-01 -2.363591778799651461e-02 -1.171293827782566022e-01
3.109678590034189671e+00 -1.409786662275052116e-01 -2.367028959589683249e-02 -1.173083766316097426e-01
3.110789948113762637e+00 -1.411869866936885098e-01 -2.369466413465634927e-02 -1.174923225590380899e-01
3.111901306193336048e+00 -1.413963225956476888e-01 -2.371459528878916770e-02 -1.176817273068603426e-01
3.113012664272909014e+00 -1.416125268980935881e-01 -2.373724215853456262e-02 -1.178752847395565101e-01
3.114124022352482424e+00 -1.418391602529605056e-01 -2.376877818188888672e-02 -1.180703820710706786e-01
3.115235380432055834e+00 -1.420762375446531223e-01 -2.381217224227016524e-02 -1.182640653023834670e-01
3.116346738511628800e+00 -1.423202546320829209e-01 -2.386614457345577825e-02 -1.184541100586327389e-01
3.117458096591202210e+00 -1.425654811773890973e-01 -2.392567098320098201e-02 -1.186398101941883859e-01
3.118569454670775620e+00 -1.428060480047438907e-01 -2.398384503594765127e-02 -1.188222029687988207e-01
3.119680812750348586e+00 -1.430380712766726181e-01 -2.403441456449315755e-02 -1.190036567121823402e-01
3.120792170829921996e+00 -1.432610444339076639e-01 -2.407406548404863664e-02 -1.191869789498581633e-01
3.121903528909495407e+00 -1.434779961785929980e-01 -2.410362049833111864e-02 -1.193743756802575912e-01
3.123014886989068373e+00 -1.436943615842700417e-01 -2.412771792632814952e-02 -1.195666436579411324e-01
3.124126245068641783e+00 -1.439159806844488021e-01 -2.415309125304701890e-02 -1.197628894314016756e-01
3.125237603148214749e+00 -1.441469549864673183e-01 -2.418608052454002816e-02 -1.199608744619300171e-01
3.126348961227788159e+00 -1.443881426125336320e-01 -2.423028631943113798e-02 -1.201578562931050059e-01
3.127460319307361125e+00 -1.446368391366310291e-01 -2.428522403285261408e-02 -1.203516151037777732e-01
3.128571677386934535e+00 -1.448877588077301382e-01 -2.434647028317932921e-02 -1.205412885245520649e-01
3.129683035466507945e+00 -1.451349571175816477e-01 -2.440724821998511637e-02 -1.207277088975974438e-01
3.130794393546080912e+00 -1.453739930043201900e-01 -2.446087346239610855e-02 -1.209131195419219790e-01
3.131905751625654322e+00 -1.456035421122642559e-01 -2.450316899111973021e-02 -1.211003731211472284e-01
3.133017109705227732e+00 -1.458258730842404705e-01 -2.453396980264023128e-02 -1.212919032815985287e-01
3.134128467784800698e+00 -1.460460138052676882e-01 -2.455717163095924929e-02 -1.214888421743093860e-01
3.135239825864374108e+00 -1.462699126645005399e-01 -2.457931034605443169e-02 -1.216906023184470553e-01
3.136351183943947518e+00 -1.465022669228641661e-01 -2.460719491370558926e-02 -1.218950720091647039e-01
3.137462542023520484e+00 -1.467448121872013400e-01 -2.464546085249859353e-02 -1.220993513347068682e-01
3.138573900103093450e+00 -1.469956990429683030e-01 -2.469493720277755877e-02 -1.223007618401899116e-01
3.139685258182666860e+00 -1.472501859958807446e-01 -2.475241889734362821e-02 -1.224977670985403638e-01
3.140796616262240271e+00 -1.475023965641224510e-01 -2.481191881414084380e-02 -1.226904777499814858e-01
3.141907974341813237e+00 -1.477474982584674190e-01 -2.486692985168028822e-02 -1.228805684067923454e-01
3.143019332421386647e+00 -1.479835049849658746e-01 -2.491285699309059992e-02 -1.230706479918754342e-01
3.144130690500960057e+00 -1.482120397623915564e-01 -2.494871877176199973e-02 -1.232633209906355554e-01
3.145242048580533023e+00 -1.484377729404517399e-01 -2.497748927687254428e-02 -1.234602836635821377e-01
3.146353406660106433e+00 -1.486667348927273036e-01 -2.500495601474510277e-02 -1.236617788779840466e-01
3.147464764739679843e+00 -1.489041150679044079e-01 -2.503751988607891277e-02 -1.238665951818237049e-01
3.148576122819252809e+00 -1.491523502371236432e-01 -2.507975780350150952e-02 -1.240725924336253949e-01
3.149687480898826220e+00 -1.494102031891659244e-01 -2.513265972004405033e-02 -1.242775434691268804e-01
3.150798838978399186e+00 -1.496731749072625073e-01 -2.519320499219231124e-02 -1.244799699150700573e-01
3.151910197057972596e+00 -1.499351081023441445e-01 -2.525544770017603899e-02 -1.246796604021707666e-01
3.153021555137545562e+00 -1.501904043747243345e-01 -2.531271874945038164e-02 -1.248776856252743761e-01
3.154132913217118972e+00 -1.504360503631074764e-01 -2.536013199135085661e-02 -1.250759183717564949e-01
3.155244271296692382e+00 -1.506727137032243258e-01 -2.539645924166529165e-02 -1.252762544615574070e-01
3.156355629376265348e+00 -1.509045049048665377e-01 -2.542466298100277619e-02 -1.254798419238696561e-01
3.157466987455838758e+00 -1.511374853721938749e-01 -2.545086618667386294e-02 -1.256866191855205428e-01
3.158578345535412168e+00 -1.513774590080987359e-01 -2.548211737964286433e-02 -1.258953416284565863e-01
3.159689703614985135e+00 -1.516278484726833742e-01 -2.552376250610858405e-02 -1.261040859665723268e-01
3.160801061694558545e+00 -1.518884303271111347e-01 -2.557739455074272555e-02 -1.263110357763711222e-01
3.161912419774131955e+00 -1.521553944497356092e-01 -2.564015425200074152e-02 -1.265152401977386876e-01
3.163023777853704921e+00 -1.524227134197569111e-01 -2.570566912685232075e-02 -1.267170442929078100e-01
3.164135135933278331e+00 -1.526843308206638494e-01 -2.576631840006760737e-02 -1.269180124205903648e-01
3.165246494012851297e+00 -1.529363770557807811e-01 -2.581601736858257778e-02 -1.271203596871944563e-01
3.166357852092424707e+00 -1.531786072697970957e-01 -2.585250912768701295e-02 -1.273260981421127647e-01
3.167469210171997673e+00 -1.534145345988224829e-01 -2.587831380996918548e-02 -1.275362207888531274e-01
3.168580568251571083e+00 -1.536502031285232606e-01 -2.589996116022888484e-02 -1.277502419682999268e-01
3.169691926331144494e+00 -1.538920381656484482e-01 -2.592575170451222322e-02 -1.279662864611389173e-01
3.170803284410717460e+00 -1.541445476426996919e-01 -2.596283076878249871e-02 -1.281817168739156909e-01
3.171914642490290870e+00 -1.544087050489096336e-01 -2.601462074650451317e-02 -1.283940843024038714e-01
3.173026000569864280e+00 -1.546815998034978545e-01 -2.607954197320326573e-02 -1.286020578302991269e-01
3.174137358649437246e+00 -1.549574833705897325e-01 -2.615149892194611886e-02 -1.288059844486469097e-01
3.175248716729010656e+00 -1.552298342681795451e-01 -2.622197729765934904e-02 -1.290078569705193079e-01
3.176360074808584066e+00 -1.554936957740150061e-01 -2.628301612015907993e-02 -1.292106796538563251e-01
3.177471432888157032e+00 -1.557474410135865073e-01 -2.632999818083388982e-02 -1.294174428327539705e-01
3.178582790967729998e+00 -1.559933277526066309e-01 -2.636326058039882916e-02 -1.296300671722049325e-01
3.179694149047303853e+00 -1.562366446614887328e-01 -2.638794605911385510e-02 -1.298486986023768552e-01
3.180805507126876819e+00 -1.564837626299085405e-01 -2.641214622105942517e-02 -1.300716164088501492e-01
3.181916865206449785e+00 -1.567398027461540111e-01 -2.644400258244703969e-02 -1.302958001637067598e-01
3.183028223286023195e+00 -1.570067716824679882e-01 -2.648880793695092273e-02 -1.305179637455175512e-01
3.184139581365596605e+00 -1.572828442919069203e-01 -2.654715128333272334e-02 -1.307356930085807889e-01
3.185250939445169571e+00 -1.575630539715832668e-01 -2.661477259756907590e-02 -1.309482813740179830e-01
3.186362297524742981e+00 -1.578411362837629506e-01 -2.668417428921419227e-02 -1.311569619945505971e-01
3.187473655604316392e+00 -1.581118483854761225e-01 -2.674739827708638717e-02 -1.313644501083871541e-01
3.188585013683889358e+00 -1.583729109394672319e-01 -2.679895311058564170e-02 -1.315739578288825928e-01
3.189696371763462768e+00 -1.586258556165941191e-01 -2.683781985713962204e-02 -1.317880357594545526e-01
3.190807729843036178e+00 -1.588754614066870963e-01 -2.686780052909420319e-02 -1.320076608775898330e-01
3.191919087922609144e+00 -1.591279814054324393e-01 -2.689607834855458832e-02 -1.322319030568752662e-01
3.193030446002182110e+00 -1.593888091354119796e-01 -2.693051554037395948e-02 -1.324582935950370799e-01
3.194141804081755964e+00 -1.596604452493225745e-01 -2.697668204035808676e-02 -1.326837632089647445e-01
3.195253162161328930e+00 -1.599415222610928167e-01 -2.703571515352769933e-02 -1.329058071075639724e-01
3.196364520240901896e+00 -1.602272620799376768e-01 -2.710381395494076626e-02 -1.331234481249977397e-01
3.197475878320475307e+00 -1.605112165210687558e-01 -2.717357800113912036e-02 -1.333376385199293301e-01
3.198587236400048717e+00 -1.607876655883203609e-01 -2.723672231070414090e-02 -1.335509432776151306e-01
3.199698594479621683e+00 -1.610537968369928352e-01 -2.728718658008452355e-02 -1.337666102569132487e-01
3.200809952559195093e+00 -1.613108560516579582e-01 -2.732349594584609215e-02 -1.339873601058134411e-01
3.201921310638768503e+00 -1.615638240192294739e-01 -2.734948612985415445e-02 -1.342143378893753958e-01
3.203032668718341469e+00 -1.618197067873916040e-01 -2.737308942266327913e-02 -1.344466173647311247e-01
3.204144026797914879e+00 -1.620850353066697336e-01 -2.740358123084259134e-02 -1.346814540758282386e-01
3.205255384877488289e+00 -1.623634693085030389e-01 -2.744825557697574622e-02 -1.349152137315266509e-01
3.206366742957061255e+00 -1.626543783558296596e-01 -2.750972372704019869e-02 -1.351446546287926875e-01
3.207478101036634222e+00 -1.629529341362779271e-01 -2.758482668286593026e-02 -1.353681074534098250e-01
3.208589459116208076e+00 -1.632517110615863964e-01 -2.766558763920231104e-02 -1.355861234223879885e-01
3.209700817195781042e+00 -1.635432488153718833e-01 -2.774190392863081986e-02 -1.358013448867431416e-01
3.210812175275354008e+00 -1.638226766342064100e-01 -2.780504923810000334e-02 -1.360176273961039017e-01
3.211923533354927418e+00 -1.640894643075276604e-01 -2.785075313118317436e-02 -1.362387111763465330e-01
3.213034891434500828e+00 -1.643476649075428231e-01 -2.788075861998788943e-02 -1.364669062875570049e-01
3.214146249514073794e+00 -1.646045446127161194e-01 -2.790228614483265812e-02 -1.367022584678898867e-01
3.215257607593647204e+00 -1.648680676541887380e-01 -2.792556878465306605e-02 -1.369424988695389089e-01
3.216368965673220615e+00 -1.651441148936508285e-01 -2.796030774099153918e-02 -1.371838071526596259e-01
3.217480323752793581e+00 -1.654344151797072227e-01 -2.801228507893310099e-02 -1.374221301007732265e-01
3.218591681832366991e+00 -1.657359218515970234e-01 -2.808132279867956924e-02 -1.376545990529168262e-01
3.219703039911940401e+00 -1.660418590001638273e-01 -2.816130874192797340e-02 -1.378805502582405029e-01
3.220814397991513367e+00 -1.663440732773195097e-01 -2.824228559073672581e-02 -1.381017876865850424e-01
3.221925756071086333e+00 -1.666358664255496724e-01 -2.831387549139442392e-02 -1.383219909341555642e-01
3.223037114150659743e+00 -1.669143150872392511e-01 -2.836884577506267741e-02 -1.385454693121739300e-01
3.224148472230233153e+00 -1.671812675950248572e-01 -2.840557565663067233e-02 -1.387756919383986154e-01
3.225259830309806119e+00 -1.674426766723559057e-01 -2.842857454438730072e-02 -1.390141021279658051e-01
3.226371188389379530e+00 -1.677065147755651131e-01 -2.844688966899653823e-02 -1.392596251065710555e-01
3.227482546468952940e+00 -1.679800158737943805e-01 -2.847097961933153093e-02 -1.395090362544629259e-01
3.228593904548525906e+00 -1.682672176134889230e-01 -2.850915957170150478e-02 -1.397580580417895624e-01
3.229705262628099316e+00 -1.685676609065343279e-01 -2.856485831017221283e-02 -1.400028025963624967e-01
3.230816620707672726e+00 -1.688766842001888924e-01 -2.863562313049725083e-02 -1.402410610696888382e-01
3.231927978787245692e+00 -1.691871791600087216e-01 -2.871417917404832376e-02 -1.404729999859612444e-01
3.233039336866819102e+00 -1.694921582055318732e-01 -2.879112207144931407e-02 -1.407010361340834126e-01
3.234150694946392512e+00 -1.697872062930532999e-01 -2.885825675526586254e-02 -1.409289495377859525e-01
3.235262053025965479e+00 -1.700719466228775012e-01 -2.891138982111347844e-02 -1.411605568017679779e-01
3.236373411105538445e+00 -1.703500183791060163e-01 -2.895160533276567444e-02 -1.413984130463415700e-01
3.237484769185111855e+00 -1.706276082597365518e-01 -2.898461780314500261e-02 -1.416429904565885967e-01
3.238596127264685265e+00 -1.709110985333835153e-01 -2.901849339442670941e-02 -1.418926051389541310e-01
3.239707485344258231e+00 -1.712047046933425076e-01 -2.906060842060558327e-02 -1.421440962727403834e-01
3.240818843423831641e+00 -1.715089653376787315e-01 -2.911496702244113430e-02 -1.423939983152405220e-01
3.241930201503405051e+00 -1.718206227563456590e-01 -2.918084198598941068e-02 -1.426397807703536635e-01
3.243041559582978017e+00 -1.721339158390845225e-01 -2.925319857080434585e-02 -1.428807172682809434e-01
3.244152917662551427e+00 -1.724427875652597142e-01 -2.932469999022951565e-02 -1.431180875750286963e-01
3.245264275742124838e+00 -1.727431773919659019e-01 -2.938851826177693582e-02 -1.433546591301943507e-01
3.246375633821697804e+00 -1.730345446438388834e-01 -2.944089397884111850e-02 -1.435936506649995448e-01
3.247486991901270770e+00 -1.733200596669942917e-01 -2.948250103514620316e-02 -1.438375586318512145e-01
3.248598349980844624e+00 -1.736053967740532611e-01 -2.951813030565695814e-02 -1.440872664683967574e-01
3.249709708060417590e+00 -1.738965831247760718e-01 -2.955483646582440782e-02 -1.443417466589461406e-01
3.250821066139990556e+00 -1.741977088688618780e-01 -2.959926003387045729e-02 -1.445984488349902064e-01
3.251932424219563966e+00 -1.745093566038480037e-01 -2.965513348154972390e-02 -1.448542231222963161e-01
3.253043782299137376e+00 -1.748283427471277462e-01 -2.972189928536101908e-02 -1.451064434617691801e-01
3.254155140378710342e+00 -1.751488771842673597e-01 -2.979494316386067237e-02 -1.453539340204089148e-01
3.255266498458283753e+00 -1.754647194901593488e-01 -2.986733847163484945e-02 -1.455973810185269002e-01
3.256377856537857163e+00 -1.757715351166533047e-01 -2.993243518610949269e-02 -1.458390999305381464e-01
3.257489214617430129e+00 -1.760685726471540591e-01 -2.998631817413495437e-02 -1.460822544730187023e-01
3.258600572697003539e+00 -1.763590259759753309e-01 -3.002921766239430648e-02 -1.463298083135868011e-01
3.259711930776576949e+00 -1.766489260548170237e-01 -3.006535581769068793e-02 -1.465835702371270366e-01
3.260823288856149915e+00 -1.769449504356082337e-01 -3.010130499351161212e-02 -1.468436454420937176e-01
3.261934646935722881e+00 -1.772519455207915706e-01 -3.014349274707307097e-02 -1.471084527737194780e-01
3.263046005015296736e+00 -1.775710750891952294e-01 -3.019580608591800053e-02 -1.473752690032769097e-01
3.264157363094869702e+00 -1.778992924847730694e-01 -3.025820373482586076e-02 -1.476410887499464974e-01
3.265268721174442668e+00 -1.782303583051099705e-01 -3.032685746561218296e-02 -1.479035008394993245e-01
3.266380079254016078e+00 -1.785570616599764515e-01 -3.039575822237785066e-02 -1.481613034376009497e-01
3.267491437333589488e+00 -1.788738562197965121e-01 -3.045916127003852128e-02 -1.484146949497574808e-01
3.268602795413162454e+00 -1.791789569026577544e-01 -3.051392013347378404e-02 -1.486650367691810803e-01
3.269714153492735864e+00 -1.794751228213896932e-01 -3.056079644933417869e-02 -1.489143263720579535e-01
3.270825511572309274e+00 -1.797688157628211381e-01 -3.060422069678612675e-02 -1.491645950660383524e-01
3.271936869651882240e+00 -1.800680060003415350e-01 -3.065057282576802780e-02 -1.494174331745771467e-01
3.273048227731455651e+00 -1.803793889659233152e-01 -3.070562796169329020e-02 -1.496737610042338518e-01
3.274159585811029061e+00 -1.807059985303567928e-01 -3.077215040899044726e-02 -1.499338481213667862e-01
3.275270943890602027e+00 -1.810460725993797704e-01 -3.084858595553188407e-02 -1.501974866438504363e-01
3.276382301970174993e+00 -1.813935882218357665e-01 -3.092940346220672543e-02 -1.504641847596278337e-01
3.277493660049748847e+00 -1.817402917871736856e-01 -3.100701614663974731e-02 -1.507332756405347085e-01
3.278605018129321813e+00 -1.820785166718405235e-01 -3.107460187818996203e-02 -1.510039147936502180e-01
3.279716376208894779e+00 -1.824037975478919049e-01 -3.112877261248536698e-02 -1.512750249354044563e-01
3.280827734288468189e+00 -1.827163601314893970e-01 -3.117106217280862790e-02 -1.515452979586816296e-01
3.281939092368041599e+00 -1.830209636796090999e-01 -3.120761243619498554e-02 -1.518133512434171606e-01
3.283050450447614566e+00 -1.833251590281458066e-01 -3.124709681453246429e-02 -1.520780622136135019e-01
3.284161808527187976e+00 -1.836365878842293464e-01 -3.129758618212150068e-02 -1.523390017021101772e-01
3.285273166606761386e+00 -1.839602877169928263e-01 -3.136348647122547822e-02 -1.525968012457669665e-01
3.286384524686334352e+00 -1.842969596141936228e-01 -3.144369327815407095e-02 -1.528532663360438471e-01
3.287495882765907762e+00 -1.846428067938594986e-01 -3.153169884202498829e-02 -1.531111079518393814e-01
3.288607240845481172e+00 -1.849909852654321452e-01 -3.161769043963159193e-02 -1.533732948258002826e-01
3.289718598925054138e+00 -1.853341294853398102e-01 -3.169194624717940750e-02 -1.536421832381591468e-01
3.290829957004627104e+00 -1.856670331302814614e-01 -3.174833485793156912e-02 -1.539186982723478037e-01
3.291941315084200959e+00 -1.859885158188014087e-01 -3.178664866277462753e-02 -1.542018671560281273e-01
3.293052673163773925e+00 -1.863018077175908338e-01 -3.181288866941295312e-02 -1.544889190481776309e-01
3.294164031243346891e+00 -1.866133257475153795e-01 -3.183733915973184503e-02 -1.547759865877824659e-01
3.295275389322920301e+00 -1.869303007993896315e-01 -3.187106941149531192e-02 -1.550592313878922379e-01
3.296386747402493711e+00 -1.872581323559204258e-01 -3.192208639360611527e-02 -1.553360459623160661e-01
3.297498105482066677e+00 -1.875984437279392958e-01 -3.199251757316332739e-02 -1.556059261547757810e-01
3.298609463561640087e+00 -1.879485524054632650e-01 -3.207786007699625630e-02 -1.558706923284665924e-01
3.299720821641213497e+00 -1.883025496293050105e-01 -3.216860507715856021e-02 -1.561339445521417180e-01
3.300832179720786463e+00 -1.886535904302222288e-01 -3.225369074010821929e-02 -1.563998996901168337e-01
3.301943537800359874e+00 -1.889965462899462767e-01 -3.232456191880828111e-02 -1.566719843711411042e-01
3.303054895879933284e+00 -1.893300320549198001e-01 -3.237836939269812808e-02 -1.569516626622239897e-01
3.304166253959506250e+00 -1.896570401072526779e-01 -3.241912419901839953e-02 -1.572379159082353539e-01
3.305277612039079216e+00 -1.899839200198973344e-01 -3.245634188238904344e-02 -1.575275781375060913e-01
3.306388970118652626e+00 -1.903180491482049375e-01 -3.250161532503856310e-02 -1.578164338231694552e-01
3.307500328198226036e+00 -1.906650285007745194e-01 -3.256431907430027556e-02 -1.581007094264769153e-01
3.308611686277799002e+00 -1.910264294993924972e-01 -3.264799260473589398e-02 -1.583784368946569987e-01
3.309723044357372412e+00 -1.913989378010483855e-01 -3.274874091723018604e-02 -1.586501968838160415e-01
3.310834402436945823e+00 -1.917752505173410948e-01 -3.285629206209707276e-02 -1.589189584552469225e-01
3.311945760516518789e+00 -1.921464558712374926e-01 -3.295740469495574837e-02 -1.591890511762825144e-01
3.313057118596092199e+00 -1.925050837517451596e-01 -3.304046106988169779e-02 -1.594646226818619283e-01
3.314168476675665609e+00 -1.928477570044201950e-01 -3.309962314866739252e-02 -1.597481338557519281e-01
3.315279834755238575e+00 -1.931764927367541074e-01 -3.313704517562628821e-02 -1.600394475611252032e-01
3.316391192834811541e+00 -1.934981623501333681e-01 -3.316229585474998048e-02 -1.603358664953868917e-01
3.317502550914385395e+00 -1.938222589661931783e-01 -3.318912203810030909e-02 -1.606331369280917243e-01
3.318613908993958361e+00 -1.941577166524845466e-01 -3.323063985264674419e-02 -1.609270767998375595e-01
3.319725267073531327e+00 -1.945098669152558746e-01 -3.329462710394014840e-02 -1.612152398113126939e-01
3.320836625153104738e+00 -1.948785827461807230e-01 -3.338059565404627449e-02 -1.614979870921287863e-01
3.321947983232678148e+00 -1.952582595635692086e-01 -3.347973114386162269e-02 -1.617785284197053863e-01
3.323059341312251114e+00 -1.956396545548746979e-01 -3.357779844232763183e-02 -1.620618561125461987e-01
3.324170699391824524e+00 -1.960129694753689200e-01 -3.366006732460728040e-02 -1.623529021507615633e-01
3.325282057471397934e+00 -1.963711376478415316e-01 -3.371658155433996523e-02 -1.626545560935011847e-01
3.326393415550970900e+00 -1.967122095858622466e-01 -3.374593814637496386e-02 -1.629662714394896073e-01
3.327504773630544310e+00 -1.970400437024143470e-01 -3.375622547274319263e-02 -1.632838182296744711e-01
3.328616131710117720e+00 -1.973630878295225544e-01 -3.376272890880907540e-02 -1.636003589207181141e-01
3.329727489789690686e+00 -1.976916813455377453e-01 -3.378312151483194026e-02 -1.639085598307073732e-01
3.330838847869263653e+00 -1.980347946638282286e-01 -3.383173052502580491e-02 -1.642030641388059209e-01
3.331950205948837507e+00 -1.983972889387373151e-01 -3.391480338589279719e-02 -1.644824855528475294e-01
3.333061564028410473e+00 -1.987785745513157010e-01 -3.402837156599338581e-02 -1.647502029853211980e-01
3.334172922107983439e+00 -1.991730518986749299e-01 -3.415943670297468676e-02 -1.650136151957000974e-01
3.335284280187556849e+00 -1.995721103768807736e-01 -3.429008256957589290e-02 -1.652820278073086624e-01
3.336395638267130259e+00 -1.999669532179036979e-01 -3.440313395526423818e-02 -1.655638192626429084e-01
3.337506996346703225e+00 -2.003512778176410047e-01 -3.448747666879064394e-02 -1.658638011488533237e-01
3.338618354426276635e+00 -2.007229443275746206e-01 -3.454129181503030194e-02 -1.661816525125471844e-01
3.339729712505850046e+00 -2.010841589372676097e-01 -3.457218784828700736e-02 -1.665119710889801929e-01
3.340841070585423012e+00 -2.014402321355421022e-01 -3.459427714160505374e-02 -1.668459549939353137e-01
3.341952428664996422e+00 -2.017974530563173552e-01 -3.462326938933585341e-02 -1.671741836669800862e-01
3.343063786744569832e+00 -2.021608828480320474e-01 -3.467128997811476376e-02 -1.674895928699160208e-01
3.344175144824142798e+00 -2.025328324293051152e-01 -3.474316653989725778e-02 -1.677896658894071080e-01
3.345286502903715764e+00 -2.029124835932057391e-01 -3.483536307386812803e-02 -1.680771205193345164e-01
3.346397860983289618e+00 -2.032966632908733140e-01 -3.493778888242581038e-02 -1.683588744084476563e-01
3.347509219062862584e+00 -2.036813609537583281e-01 -3.503771092997535336e-02 -1.686436500237799840e-01
3.348620577142435550e+00 -2.040633407885163453e-01 -3.512430347101719308e-02 -1.689390373174971538e-01
3.349731935222008961e+00 -2.044412233043883809e-01 -3.519221304074976464e-02 -1.692490102636416693e-01
3.350843293301582371e+00 -2.048156701343801789e-01 -3.524293912578053273e-02 -1.695727310085983208e-01
3.351954651381155337e+00 -2.051886918495068601e-01 -3.528366394470047046e-02 -1.699050279048107404e-01
3.353066009460728747e+00 -2.055624545105341205e-01 -3.532409928231905472e-02 -1.702383552282135393e-01
3.354177367540302157e+00 -2.059381483877874841e-01 -3.537261578285601227e-02 -1.705655326049330955e-01
3.355288725619875123e+00 -2.063154323019394387e-01 -3.543313498859844424e-02 -1.708822973133417300e-01
3.356400083699448533e+00 -2.066927048813679835e-01 -3.550393065376343527e-02 -1.711887742276047841e-01
3.357511441779021943e+00 -2.070680886335834747e-01 -3.557873749326521950e-02 -1.714893511403220161e-01
3.358622799858594909e+00 -2.074406931876976723e-01 -3.564968482536333416e-02 -1.717910083623347683e-01
3.359734157938167876e+00 -2.078115811713489858e-01 -3.571088546616364712e-02 -1.721006957051818553e-01
3.360845516017741730e+00 -2.081839552035375240e-01 -3.576126735724809852e-02 -1.724226878462863932e-01
3.361956874097314696e+00 -2.085623847470382541e-01 -3.580552193650901605e-02 -1.727568628105304038e-01
3.363068232176887662e+00 -2.089512822984471996e-01 -3.585274987084383080e-02 -1.730985324276041737e-01
3.364179590256461072e+00 -2.093531663427117273e-01 -3.591324943966524991e-02 -1.734399169030474697e-01
3.365290948336034482e+00 -2.097673808825628039e-01 -3.599459763186544509e-02 -1.737727832507028336e-01
3.366402306415607448e+00 -2.101898177371899490e-01 -3.609846102994917344e-02 -1.740913567072431556e-01
3.367513664495180858e+00 -2.106138450284295027e-01 -3.621933810017025773e-02 -1.743945069282540061e-01
3.368625022574754269e+00 -2.110322055878760816e-01 -3.634576169630904935e-02 -1.746864438915637086e-01
3.369736380654327235e+00 -2.114392754985003342e-01 -3.646362293014437234e-02 -1.749756525683527630e-01
3.370847738733900645e+00 -2.118329086079015766e-01 -3.656052603718667332e-02 -1.752723825707176719e-01
3.371959096813474055e+00 -2.122152060830144737e-01 -3.662971530354848515e-02 -1.755854907794666964e-01
3.373070454893047021e+00 -2.125919075373250977e-01 -3.667225696924601708e-02 -1.759196505680794553e-01
3.374181812972619987e+00 -2.129705771675430570e-01 -3.669675568031966623e-02 -1.762738214872181242e-01
3.375293171052193397e+00 -2.133581833022855090e-01 -3.671672075877891600e-02 -1.766414625435115959e-01
3.376404529131766807e+00 -2.137588876684359263e-01 -3.674647645770632437e-02 -1.770124112107304137e-01
3.377515887211339773e+00 -2.141727903038637415e-01 -3.679696384365441220e-02 -1.773758264602095791e-01
3.378627245290913184e+00 -2.145960409027662663e-01 -3.687276368630825613e-02 -1.777232772164591690e-01
3.379738603370486594e+00 -2.150222479557976352e-01 -3.697120441171503763e-02 -1.780510435440823269e-01
3.380849961450059560e+00 -2.154446669452371177e-01 -3.708368808227935354e-02 -1.783609788629565984e-01
3.381961319529632970e+00 -2.158583908764674653e-01 -3.719863776788126519e-02 -1.786597531085889756e-01
3.383072677609206380e+00 -2.162617922869640164e-01 -3.730499517525612263e-02 -1.789567971117054790e-01
3.384184035688779346e+00 -2.166567620982181031e-01 -3.739512672925627418e-02 -1.792616353689651387e-01
3.385295393768352756e+00 -2.170477436384556369e-01 -3.746632389029305038e-02 -1.795814197481665209e-01
3.386406751847926166e+00 -2.174399986886002833e-01 -3.752065908277522899e-02 -1.799193396058288430e-01
3.387518109927499133e+00 -2.178378022106554901e-01 -3.756355048040403016e-02 -1.802742517302497738e-01
3.388629468007072099e+00 -2.182432482578132993e-01 -3.760177542602447659e-02 -1.806414728317889962e-01
3.389740826086645509e+00 -2.186560716160948215e-01 -3.764172621701597499e-02 -1.810143453990741280e-01
3.390852184166218919e+00 -2.190744600213728466e-01 -3.768843537065352106e-02 -1.813860246507180141e-01
3.391963542245791885e+00 -2.194964216736878249e-01 -3.774545051685982561e-02 -1.817509711568292552e-01
3.393074900325365295e+00 -2.199210469092345299e-01 -3.781521859569980659e-02 -1.821058283135342792e-01
3.394186258404938705e+00 -2.203490548112466973e-01 -3.789943141676607730e-02 -1.824496233944770673e-01
3.395297616484511671e+00 -2.207823294008409154e-01 -3.799887798977816949e-02 -1.827834514110591446e-01
3.396408974564085081e+00 -2.212226039970625335e-01 -3.811269614290359320e-02 -1.831099078541621461e-01
3.397520332643658492e+00 -2.216698633053354739e-01 -3.823735308601106109e-02 -1.834325102193262169e-01
3.398631690723231458e+00 -2.221212267140733054e-01 -3.836599949411694660e-02 -1.837552272199591552e-01
3.399743048802804424e+00 -2.225709574685964531e-01 -3.848886409838962047e-02 -1.840820933702060347e-01
3.400854406882378278e+00 -2.230118353995421132e-01 -3.859503410109358518e-02 -1.844168012984516991e-01
3.401965764961951244e+00 -2.234375775513414708e-01 -3.867539912547938996e-02 -1.847621784258642597e-01
3.403077123041524210e+00 -2.238455019433563675e-01 -3.872594122657425225e-02 -1.851195607167825663e-01
3.404188481121097620e+00 -2.242384064266358390e-01 -3.875018794017141138e-02 -1.854882184864675987e-01
3.405299839200671030e+00 -2.246247912114309742e-01 -3.875970210445503494e-02 -1.858650891069810462e-01
3.406411197280243996e+00 -2.250170668204219127e-01 -3.877200392273068286e-02 -1.862450628976934364e-01
3.407522555359817407e+00 -2.254280976136053549e-01 -3.880616777553468066e-02 -1.866219298380730474e-01
3.408633913439390817e+00 -2.258670864904595843e-01 -3.887722376098528415e-02 -1.869898627294727111e-01
3.409745271518963783e+00 -2.263361607337834869e-01 -3.899108875415192854e-02 -1.873450719796300179e-01
3.410856629598537193e+00 -2.268289159906389796e-01 -3.914179617459474791e-02 -1.876871198160457443e-01
3.411967987678110603e+00 -2.273316142858474720e-01 -3.931220988038289926e-02 -1.880194044054656899e-01
3.413079345757683569e+00 -2.278268776322723010e-01 -3.947834270525913541e-02 -1.883485349270167253e-01
3.414190703837256535e+00 -2.282988524747690540e-01 -3.961619003944802375e-02 -1.886826624353244164e-01
3.415302061916830390e+00 -2.287382454351544747e-01 -3.970904987378295198e-02 -1.890291955613743191e-01
3.416413419996403356e+00 -2.291455665980742518e-01 -3.975298429354161278e-02 -1.893925823045353174e-01
3.417524778075976322e+00 -2.295314153067009033e-01 -3.975853890896492021e-02 -1.897728763977356292e-01
3.418636136155549732e+00 -2.299135642149154335e-01 -3.974796735944614162e-02 -1.901655968554684939e-01
3.419747494235123142e+00 -2.303116462134984777e-01 -3.974865782197119224e-02 -1.905629883915310185e-01
3.420858852314696108e+00 -2.307410745270563890e-01 -3.978474662343042118e-02 -1.909563279036268213e-01
3.421970210394269518e+00 -2.312081396453060378e-01 -3.986958163779878717e-02 -1.913385580075067927e-01
3.423081568473842928e+00 -2.317079029990710137e-01 -4.000150693668350077e-02 -1.917063960623899277e-01
3.424192926553415894e+00 -2.322256344949452100e-01 -4.016441126838646986e-02 -1.920612232265617725e-01
3.425304284632989305e+00 -2.327413965049715261e-01 -4.033293754517534163e-02 -1.924084589597948314e-01
3.426415642712562715e+00 -2.332363376720565373e-01 -4.048069880555441036e-02 -1.927556388664959930e-01
3.427527000792135681e+00 -2.336986764277055317e-01 -4.058881647090880479e-02 -1.931098599567974694e-01
3.428638358871708647e+00 -2.341274303884209873e-01 -4.065195299193850170e-02 -1.934754773964823260e-01
3.429749716951282501e+00 -2.345326689646955176e-01 -4.067982174187911859e-02 -1.938528472228193689e-01
3.430861075030855467e+00 -2.349322001997091458e-01 -4.069366409479088786e-02 -1.942385361049187853e-01
3.431972433110428433e+00 -2.353457747349737561e-01 -4.071888373733468375e-02 -1.946268909976403561e-01
3.433083791190001843e+00 -2.357887087111929514e-01 -4.077634188271606758e-02 -1.950123668284764189e-01
3.434195149269575253e+00 -2.362670176426545920e-01 -4.087528759553020474e-02 -1.953917300471187390e-01
3.435306507349148220e+00 -2.367756488610515964e-01 -4.101035170418244197e-02 -1.957652971568671352e-01
3.436417865428721630e+00 -2.373003683527069030e-01 -4.116364592834093061e-02 -1.961367224243659169e-01
3.437529223508295040e+00 -2.378226437625819700e-01 -4.131124933891295453e-02 -1.965113944236709376e-01
3.438640581587868006e+00 -2.383258755311388200e-01 -4.143183590246043990e-02 -1.968940396286772421e-01
3.439751939667441416e+00 -2.388008931448948047e-01 -4.151443133591910944e-02 -1.972864618089739397e-01
3.440863297747014826e+00 -2.392488963114449974e-01 -4.156255899002137683e-02 -1.976863373214249042e-01
3.441974655826587792e+00 -2.396808891292117605e-01 -4.159326122685891997e-02 -1.980876279023494890e-01
3.443086013906160758e+00 -2.401138335237168464e-01 -4.163125103497794521e-02 -1.984825824887429535e-01
3.444197371985734613e+00 -2.405648388922097813e-01 -4.170015231321073240e-02 -1.988646865790000273e-01
3.445308730065307579e+00 -2.410453436757755696e-01 -4.181383572437636503e-02 -1.992315079514027365e-01
3.446420088144880545e+00 -2.415572230336494319e-01 -4.197087979520305878e-02 -1.995863432384470393e-01
3.447531446224453955e+00 -2.420920911294489886e-01 -4.215416396636039592e-02 -1.999379271630875310e-01
3.448642804304027365e+00 -2.426339892708035129e-01 -4.233587197751172843e-02 -2.002981172932913612e-01
3.449754162383600331e+00 -2.431645294069569863e-01 -4.248633655634045242e-02 -2.006781928506145007e-01
3.450865520463173741e+00 -2.436687718053482665e-01 -4.258382165200753910e-02 -2.010849501533373274e-01
3.451976878542747151e+00 -2.441399129269916646e-01 -4.262197661389984654e-02 -2.015179363130879531e-01
3.453088236622320117e+00 -2.445812982723870044e-01 -4.261243752835450205e-02 -2.019688607440328354e-01
3.454199594701893528e+00 -2.450051920495379121e-01 -4.258164820121240063e-02 -2.024235438483240612e-01
3.455310952781466938e+00 -2.454288111954117946e-01 -4.256288862629025588e-02 -2.028659225691213375e-01
3.456422310861039904e+00 -2.458690016529675171e-01 -4.258608577815200386e-02 -2.032829158748148402e-01
3.457533668940612870e+00 -2.463373164157454942e-01 -4.266870668035509934e-02 -2.036686097353926916e-01
3.458645027020186280e+00 -2.468370385843353942e-01 -4.281065779144264949e-02 -2.040263807928923423e-01
3.459756385099759690e+00 -2.473629753729674752e-01 -4.299477277874622777e-02 -2.043682025942222535e-01
3.460867743179332656e+00 -2.479038935323389647e-01 -4.319262279506420887e-02 -2.047112707372773510e-01
3.461979101258906066e+00 -2.484466062268497477e-01 -4.337365478210402497e-02 -2.050729514447490187e-01
3.463090459338479477e+00 -2.489802427276143759e-01 -4.351462995842874520e-02 -2.054656127691828760e-01
3.464201817418052443e+00 -2.494992787270098045e-01 -4.360632772986471062e-02 -2.058929509971443306e-01
3.465313175497625853e+00 -2.500044328570404928e-01 -4.365547776611034686e-02 -2.063489550909300141e-01
3.466424533577199263e+00 -2.505013359321660027e-01 -4.368152383919612913e-02 -2.068198120929707895e-01
3.467535891656772229e+00 -2.509976602645195287e-01 -4.370953730203911564e-02 -2.072881229624730648e-01
3.468647249736345639e+00 -2.514998848646040619e-01 -4.376180643528451708e-02 -2.077380784293252070e-01
3.469758607815919049e+00 -2.520109120182282281e-01 -4.385093992492973547e-02 -2.081599720932993669e-01
3.470869965895492015e+00 -2.525293514323727062e-01 -4.397666587941278377e-02 -2.085526855529616364e-01
3.471981323975064981e+00 -2.530506155998374362e-01 -4.412714333062887212e-02 -2.089234722692074608e-01
3.473092682054638392e+00 -2.535692805732789323e-01 -4.428402635393936110e-02 -2.092852542193385512e-01
3.474204040134211802e+00 -2.540817116030333334e-01 -4.442928266975509910e-02 -2.096524289332796220e-01
3.475315398213784768e+00 -2.545878898046963212e-01 -4.455128250933355905e-02 -2.100366072953627761e-01
3.476426756293358178e+00 -2.550917129738932698e-01 -4.464807648528180267e-02 -2.104436364886115574e-01
3.477538114372931588e+00 -2.555996436699028429e-01 -4.472689443696879069e-02 -2.108727492329363629e-01
3.478649472452504554e+00 -2.561182121538247980e-01 -4.480029935406414782e-02 -2.113179127997597273e-01
3.479760830532077964e+00 -2.566513164704508076e-01 -4.488061373346016042e-02 -2.117707027369911676e-01
3.480872188611651374e+00 -2.571983422017684595e-01 -4.497478796757331532e-02 -2.122235542341910919e-01
3.481983546691224340e+00 -2.577538286699406767e-01 -4.508162800469650566e-02 -2.126722006652434216e-01
3.483094904770797307e+00 -2.583088520634193586e-01 -4.519236161636984439e-02 -2.131164904470490007e-01
3.484206262850371161e+00 -2.588536854928849551e-01 -4.529425934331994530e-02 -2.135594261495686041e-01
3.485317620929944127e+00 -2.593808512080493234e-01 -4.537590296557801606e-02 -2.140049482424716820e-01
3.486428979009517093e+00 -2.598875545637713835e-01 -4.543211214767194084e-02 -2.144554424161017603e-01
3.487540337089090503e+00 -2.603767167736316668e-01 -4.546669358947813544e-02 -2.149100231841564457e-01
3.488651695168663913e+00 -2.608563106843524992e-01 -4.549199137142945215e-02 -2.153643193129229638e-01
3.489763053248236879e+00 -2.613372688663505583e-01 -4.552538178437986333e-02 -2.158118870819714374e-01
3.490874411327810289e+00 -2.618306753548539922e-01 -4.558394342792283782e-02 -2.162467319269330002e-01
3.491985769407383700e+00 -2.623451251300818465e-01 -4.567915648923073779e-02 -2.166659686408493046e-01
3.493097127486956666e+00 -2.628849976729428772e-01 -4.581343476791653602e-02 -2.170715629050301854e-01
3.494208485566530076e+00 -2.634500159119726459e-01 -4.597960902840382558e-02 -2.174704068835639770e-01
3.495319843646103486e+00 -2.640360037325468201e-01 -4.616342563858519960e-02 -2.178725780939636814e-01
3.496431201725676452e+00 -2.646363868055620627e-01 -4.634808849419169707e-02 -2.182882983113707542e-01
3.497542559805249418e+00 -2.652438280913310686e-01 -4.651922227232539730e-02 -2.187246058190045750e-01
3.498653917884823272e+00 -2.658514838036667438e-01 -4.666858550450767723e-02 -2.191828982991610997e-01
3.499765275964396238e+00 -2.664536412016856315e-01 -4.679540230479355828e-02 -2.196582388968905397e-01
3.500876634043969204e+00 -2.670458224407797898e-01 -4.690508893521792150e-02 -2.201407335055610148e-01
3.501987992123542615e+00 -2.676246655478136116e-01 -4.700608020202536041e-02 -2.206185853457880985e-01
3.503099350203116025e+00 -2.681879312581433861e-01 -4.710607429383483619e-02 -2.210818569643128451e-01
3.504210708282688991e+00 -2.687348275818332577e-01 -4.720910869313128810e-02 -2.215257188887029549e-01
3.505322066362262401e+00 -2.692665754525701560e-01 -4.731445179834419673e-02 -2.219521236542287279e-01
3.506433424441835811e+00 -2.697868933377343681e-01 -4.741753629512208967e-02 -2.223693570426084065e-01
3.507544782521408777e+00 -2.703019840487941305e-01 -4.751237585428910726e-02 -2.227896081945054396e-01
3.508656140600982187e+00 -2.708197272492087193e-01 -4.759439426557372094e-02 -2.232253329836405842e-01
3.509767498680555597e+00 -2.713480852227000417e-01 -4.766253345906310002e-02 -2.236855517636390511e-01
3.510878856760128564e+00 -2.718930989509992235e-01 -4.771988868817851615e-02 -2.241732102628219980e-01
3.511990214839701530e+00 -2.724571260976507148e-01 -4.777276675244120779e-02 -2.246843593452107213e-01
3.513101572919275384e+00 -2.730380155675233844e-01 -4.782870151707922790e-02 -2.252093140504439761e-01
3.514212930998848350e+00 -2.736296724145786952e-01 -4.789433156364995142e-02 -2.257353408509261139e-01
3.515324289078421316e+00 -2.742240032397377236e-01 -4.797400889919553602e-02 -2.262499943405434366e-01
3.516435647157994726e+00 -2.748137060725825420e-01 -4.806959981888793421e-02 -2.267441062536919572e-01
3.517547005237568136e+00 -2.753949831698097594e-01 -4.818134953812903964e-02 -2.272136336316837590e-01
3.518658363317141102e+00 -2.759691784451074881e-01 -4.830917609044275973e-02 -2.276600023546675178e-01
3.519769721396714512e+00 -2.765426367997695922e-01 -4.845356418535468751e-02 -2.280890726144188529e-01
3.520881079476287923e+00 -2.771246748854761521e-01 -4.861543981268572068e-02 -2.285092350727882526e-01
3.521992437555860889e+00 -2.777242446974644841e-01 -4.879493764484197499e-02 -2.289293070526258744e-01
3.523103795635434299e+00 -2.783464100475241954e-01 -4.898959495137727993e-02 -2.293568150961502461e-01
3.524215153715007709e+00 -2.789899250072288561e-01 -4.919293303567456171e-02 -2.297969919715530107e-01
3.525326511794580675e+00 -2.796469078519356333e-01 -4.939440121399603367e-02 -2.302525066379380869e-01
3.526437869874153641e+00 -2.803049154009724098e-01 -4.958120450608927837e-02 -2.307237108948824444e-01
3.527549227953727495e+00 -2.809508645631774160e-01 -4.974175997484505535e-02 -2.312091045883349905e-01
3.528660586033300461e+00 -2.815755238271829275e-01 -4.986972850354542963e-02 -2.317057953236370538e-01
3.529771944112873427e+00 -2.821769838771291949e-01 -4.996709184199078085e-02 -2.322098920351386986e-01
3.530883302192446838e+00 -2.827617592538957947e-01 -5.004483629976985010e-02 -2.327169229541271867e-01
3.531994660272020248e+00 -2.833429248230874276e-01 -5.012050536490964686e-02 -2.332224194581777599e-01
3.533106018351593214e+00 -2.839357161756644321e-01 -5.021299138455937588e-02 -2.337227247911062566e-01
3.534217376431166624e+00 -2.845519714892316698e-01 -5.033606262566620027e-02 -2.342159088635656361e-01
3.535328734510740034e+00 -2.851953179370104174e-01 -5.049282695049277930e-02 -2.347024909865203790e-01
3.536440092590313000e+00 -2.858588917923203798e-01 -5.067329313518117301e-02 -2.351855986571411983e-01
3.537551450669886410e+00 -2.865266256091665298e-01 -5.085633339674476561e-02 -2.356702922124216948e-01
3.538662808749459820e+00 -2.871779632542144634e-01 -5.101590650221349277e-02 -2.361620567519977787e-01
3.539774166829032787e+00 -2.877946591550304412e-01 -5.112984338031030529e-02 -2.366648157747186232e-01
3.540885524908605753e+00 -2.883674997075194590e-01 -5.118838703383415956e-02 -2.371791126736815802e-01
3.541996882988179163e+00 -2.889006579963809829e-01 -5.119946311334527128e-02 -2.377011948830395072e-01
3.543108241067752573e+00 -2.894120393223181265e-01 -5.118849734323267786e-02 -2.382235419790837694e-01
3.544219599147325539e+00 -2.899292134128959031e-01 -5.119228402450303611e-02 -2.387369293883951360e-01
3.545330957226898949e+00 -2.904819674773381766e-01 -5.124841877182791106e-02 -2.392335487055161913e-01
3.546442315306472359e+00 -2.910936758815673708e-01 -5.138345738263182250e-02 -2.397102184989338136e-01
3.547553673386045325e+00 -2.917741664615365327e-01 -5.160364879207594152e-02 -2.401705176694600152e-01
3.548665031465618735e+00 -2.925163847753237678e-01 -5.189150805078681511e-02 -2.406248767245334486e-01
3.549776389545192146e+00 -2.932980149847895790e-01 -5.220976253612772539e-02 -2.410882524486601952e-01
3.550887747624765112e+00 -2.940876672027893934e-01 -5.251184447449071951e-02 -2.415758227283038018e-01
3.551999105704338522e+00 -2.948537873576164148e-01 -5.275588415024740768e-02 -2.420979032073719006e-01
3.553110463783911932e+00 -2.955735657329533472e-01 -5.291784111405498786e-02 -2.426557246188962291e-01
3.554221821863484898e+00 -2.962391093117580088e-01 -5.299948404586019013e-02 -2.432396252658967917e-01
3.555333179943057864e+00 -2.968590107182003113e-01 -5.302843113228886823e-02 -2.438305795859172509e-01
3.556444538022631274e+00 -2.974549118160760286e-01 -5.304994701594159534e-02 -2.444049648001391795e-01
3.557555896102204684e+00 -2.980542434566896270e-01 -5.311286634947847557e-02 -2.449413771072145862e-01
3.558667254181777651e+00 -2.986815068870098955e-01 -5.325399423527319570e-02 -2.454275126517336814e-01
3.559778612261351061e+00 -2.993508645557981240e-01 -5.348594337987536140e-02 -2.458649211759266484e-01
3.560889970340924471e+00 -3.000623088289122165e-01 -5.379237064804689300e-02 -2.462699381808682308e-01
3.562001328420497437e+00 -3.008024575244820364e-01 -5.413226682072274504e-02 -2.466701907037637809e-01
3.563112686500070847e+00 -3.015495028928373844e-01 -5.445207011073460723e-02 -2.470974327821058303e-01
3.564224044579644257e+00 -3.022805260128830773e-01 -5.470185591771072053e-02 -2.475786700951710939e-01
3.565335402659217223e+00 -3.029787106655746909e-01 -5.485053177133164537e-02 -2.481281788942458488e-01
3.566446760738790189e+00 -3.036381536300139516e-01 -5.489527764934043486e-02 -2.487428759806749323e-01
3.567558118818364044e+00 -3.042648864554405308e-01 -5.486231887813668856e-02 -2.494025675773085537e-01
3.568669476897937010e+00 -3.048740578766452880e-01 -5.479889443895631651e-02 -2.500751634376819355e-01
3.569780834977509976e+00 -3.054845060720622896e-01 -5.475907494963192651e-02 -2.507254311224257348e-01
3.570892193057083386e+00 -3.061127405953870118e-01 -5.478797943493580319e-02 -2.513247611604528253e-01
3.572003551136656796e+00 -3.067684045938451343e-01 -5.490933128823474729e-02 -2.518590733056119135e-01
3.573114909216229762e+00 -3.074526155679295769e-01 -5.512008063303571598e-02 -2.523325349348917168e-01
3.574226267295803172e+00 -3.081594579048086424e-01 -5.539343570454497573e-02 -2.527660222002627854e-01
3.575337625375376582e+00 -3.088797442544870542e-01 -5.568890398019008675e-02 -2.531908402742956143e-01
3.576448983454949548e+00 -3.096053937977812920e-01 -5.596575941024094919e-02 -2.536396343875425563e-01
3.577560341534522959e+00 -3.103326585928811721e-01 -5.619543040635474607e-02 -2.541372281865228455e-01
3.578671699614096369e+00 -3.110629839742171665e-01 -5.636890599900330062e-02 -2.546940779752140394e-01
3.579783057693669335e+00 -3.118012873599960710e-01 -5.649712512170584899e-02 -2.553041622382904996e-01
3.580894415773242301e+00 -3.125524940230915427e-01 -5.660476734969738244e-02 -2.559477266733963807e-01
3.582005773852816155e+00 -3.133178759069550900e-01 -5.672004812119606221e-02 -2.565978277857610679e-01
3.583117131932389121e+00 -3.140928322585021526e-01 -5.686430591489218672e-02 -2.572285263436090430e-01
3.584228490011962087e+00 -3.148671936108662361e-01 -5.704499271685190692e-02 -2.578222008940155852e-01
3.585339848091535497e+00 -3.156281339904469796e-01 -5.725426613324240827e-02 -2.583738678572022884e-01
3.586451206171108907e+00 -3.163647181676956244e-01 -5.747328041648466085e-02 -2.588914377512103737e-01
3.587562564250681874e+00 -3.170723966525960114e-01 -5.768025183266347472e-02 -2.593921448199287272e-01
3.588673922330255284e+00 -3.177556726084366234e-01 -5.785913982757305563e-02 -2.598965327808647197e-01
3.589785280409828694e+00 -3.184277534660986952e-01 -5.800574064273105596e-02 -2.604220128233666887e-01
3.590896638489401660e+00 -3.191070647421498374e-01 -5.812909621502638374e-02 -2.609779685271244043e-01
3.592007996568975070e+00 -3.198116612380094703e-01 -5.824792935417330564e-02 -2.615637318838351932e-01
3.593119354648548480e+00 -3.205533945846856803e-01 -5.838364180740714809e-02 -2.621697527772773317e-01
3.594230712728121446e+00 -3.213338719539853283e-01 -5.855259025601665390e-02 -2.627812816979643307e-01
3.595342070807694412e+00 -3.221436849623346421e-01 -5.876048302080494334e-02 -2.633832019415305870e-01
3.596453428887268267e+00 -3.229652820402076352e-01 -5.900081449090794489e-02 -2.639644675493023063e-01
3.597564786966841233e+00 -3.237785877396269218e-01 -5.925766205828229827e-02 -2.645209256813392251e-01
3.598676145046414199e+00 -3.245674921313783656e-01 -5.951153396159634956e-02 -2.650559581697859990e-01
3.599787503125987609e+00 -3.253250004034198284e-01 -5.974589498454713210e-02 -2.655791054188715861e-01
3.600898861205561019e+00 -3.260552778496561555e-01 -5.995189347481374303e-02 -2.661033843748369376e-01
3.602010219285133985e+00 -3.267719014735703809e-01 -6.012967446552566764e-02 -2.666422270080435752e-01
3.603121577364707395e+00 -3.274929599891878707e-01 -6.028612419211340501e-02 -2.672068357970744934e-01
3.604232935444280805e+00 -3.282347557017297746e-01 -6.043035832831329668e-02 -2.678043973734189342e-01
3.605344293523853771e+00 -3.290063535222671476e-01 -6.056915132177667638e-02 -2.684372022004908320e-01
3.606455651603427182e+00 -3.298069110650685976e-01 -6.070445229585291758e-02 -2.691024587692151249e-01
3.607567009683000592e+00 -3.306267132983043977e-01 -6.083416263307309113e-02 -2.697925506652280592e-01
3.608678367762573558e+00 -3.314514831289269714e-01 -6.095585027427415092e-02 -2.704956328546492816e-01
3.609789725842146524e+00 -3.322683315636894563e-01 -6.107165779494617974e-02 -2.711966737687410145e-01
3.610901083921720378e+00 -3.330710886400480852e-01 -6.119192385538028273e-02 -2.718791647846708348e-01
3.612012442001293344e+00 -3.338629553044355491e-01 -6.133532847021877510e-02 -2.725276268342199382e-01
3.613123800080866310e+00 -3.346553795748988258e-01 -6.152464202558843159e-02 -2.731307375493128853e-01
3.614235158160439720e+00 -3.354634525688603985e-01 -6.177896091395922162e-02 -2.736844916549003304e-01
3.615346516240013131e+00 -3.362994439826672011e-01 -6.210496303126306072e-02 -2.741944809514021975e-01
3.616457874319586097e+00 -3.371668686388271108e-01 -6.249054086918152950e-02 -2.746763277696460670e-01
3.617569232399159507e+00 -3.380573995567254797e-01 -6.290376790459868694e-02 -2.751536316521269177e-01
3.618680590478732917e+00 -3.389520199110379606e-01 -6.329856612479693723e-02 -2.756534537862408984e-01
3.619791948558305883e+00 -3.398263406375343076e-01 -6.362616134648138577e-02 -2.762001792910521170e-01
3.620903306637879293e+00 -3.406585078196527894e-01 -6.384922503667352089e-02 -2.768092827829843339e-01
3.622014664717452703e+00 -3.414371156719611111e-01 -6.395431289198821867e-02 -2.774828027799725039e-01
3.623126022797025669e+00 -3.421663968739955264e-01 -6.395835310867807599e-02 -2.782080437653255967e-01
3.624237380876598635e+00 -3.428667575754427710e-01 -6.390656069208774936e-02 -2.789601968833526069e-01
3.625348738956172046e+00 -3.435702089584790619e-01 -6.386178428186384259e-02 -2.797084246766172178e-01
3.626460097035745456e+00 -3.443119266699719017e-01 -6.388807628607312550e-02 -2.804238503839023289e-01
3.627571455115318422e+00 -3.451204747399186923e-01 -6.403327062381614088e-02 -2.810872041161037727e-01
3.628682813194891832e+00 -3.460097142849508089e-01 -6.431584646493292146e-02 -2.816938678200215374e-01
3.629794171274465242e+00 -3.469749089122906027e-01 -6.472013447703703348e-02 -2.822547744352537635e-01
3.630905529354038208e+00 -3.479942049975345286e-01 -6.520134934808106963e-02 -2.827928556494534451e-01
3.632016887433611618e+00 -3.490349531433674657e-01 -6.569884320570573699e-02 -2.833361099376625614e-01
3.633128245513185028e+00 -3.500628209784514833e-01 -6.615339381047265210e-02 -2.839094271679792891e-01
3.634239603592757994e+00 -3.510508299810168875e-01 -6.652313354929968725e-02 -2.845276964317114410e-01
3.635350961672331405e+00 -3.519855900566603024e-01 -6.679329427283386966e-02 -2.851922957838243233e-01
3.636462319751904815e+00 -3.528690350319397262e-01 -6.697708887357667340e-02 -2.858919461583628308e-01
3.637573677831477781e+00 -3.537155082606822099e-01 -6.710803474240208122e-02 -2.866074735182806976e-01
3.638685035911050747e+00 -3.545455697559714014e-01 -6.722682389030584793e-02 -2.873187458656684123e-01
3.639796393990624157e+00 -3.553788759049325563e-01 -6.736750674787812809e-02 -2.880113691570602708e-01
3.640907752070197567e+00 -3.562286031954766119e-01 -6.754773032087979523e-02 -2.886808728745995922e-01
3.642019110149770533e+00 -3.570991409397478167e-01 -6.776609865798685628e-02 -2.893330422817619874e-01
3.643130468229343943e+00 -3.579874630082102716e-01 -6.800702339535577567e-02 -2.899804396128591866e-01
3.644241826308917354e+00 -3.588871977246251843e-01 -6.825068034206903389e-02 -2.906365173825584680e-01
3.645353184388490320e+00 -3.597934560818574767e-01 -6.848387127410145159e-02 -2.913095848077554284e-01
3.646464542468063730e+00 -3.607062917041758965e-01 -6.870735517299064732e-02 -2.919989365311864704e-01
3.647575900547637140e+00 -3.616313037577237877e-01 -6.893663658378074155e-02 -2.926946671739443784e-01
3.648687258627210106e+00 -3.625771043131660876e-01 -6.919575835955141252e-02 -2.933813459536136481e-01
3.649798616706783072e+00 -3.635506920049862423e-01 -6.950640572478804236e-02 -2.940442862801965207e-01
3.650909974786356926e+00 -3.645527007825069554e-01 -6.987657180418777036e-02 -2.946761289783177418e-01
3.652021332865929892e+00 -3.655746660007903603e-01 -7.029342884080447273e-02 -2.952812371599851660e-01
3.653132690945502858e+00 -3.665997859638996381e-01 -7.072371127470124252e-02 -2.958760746891975213e-01
3.654244049025076269e+00 -3.676073805362755076e-01 -7.112228576475126962e-02 -2.964850947715217400e-01
3.655355407104649679e+00 -3.685798158519426604e-01 -7.144657227481210349e-02 -2.971332435771314451e-01
3.656466765184222645e+00 -3.695096005751168922e-01 -7.167215922507830239e-02 -2.978374413500436968e-01
3.657578123263796055e+00 -3.704040701129353019e-01 -7.180417473502730130e-02 -2.985998953779086529e-01
3.658689481343369465e+00 -3.712856990893335096e-01 -7.188006373042858665e-02 -2.994056353589065744e-01
3.659800839422942431e+00 -3.721874367884113188e-01 -7.196206186372876290e-02 -3.002253749246843739e-01
3.660912197502515841e+00 -3.731441010541025616e-01 -7.212099413617020782e-02 -3.010231069179329366e-01
3.662023555582089251e+00 -3.741822394079338809e-01 -7.241594895742345384e-02 -3.017662904505107324e-01
3.663134913661662218e+00 -3.753114993570398905e-01 -7.287590312595790265e-02 -3.024355962310821822e-01
3.664246271741235184e+00 -3.765202151969828104e-01 -7.348897641497773026e-02 -3.030312387820044417e-01
3.665357629820809038e+00 -3.777767116193027630e-01 -7.420278926491463700e-02 -3.035739223543907350e-01
3.666468987900382004e+00 -3.790361310453785326e-01 -7.493609138305565298e-02 -3.041000396623204649e-01
3.667580345979954970e+00 -3.802509558391652944e-01 -7.559848254149123536e-02 -3.046524732976731431e-01
3.668691704059528380e+00 -3.813823360042227217e-01 -7.611271360581646495e-02 -3.052696223984110446e-01
3.669803062139101790e+00 -3.824091666637688403e-01 -7.643343665677670984e-02 -3.059757300069873565e-01
3.670914420218674756e+00 -3.833326074586724252e-01 -7.655749642680936828e-02 -3.067751110318646113e-01
3.672025778298248166e+00 -3.841751227718385175e-01 -7.652345754512532294e-02 -3.076516652267202168e-01
3.673137136377821577e+00 -3.849746813182389205e-01 -7.640116734476072591e-02 -3.085735139734775978e-01
3.674248494457394543e+00 -3.857759940820186806e-01 -7.627478376817720118e-02 -3.095012103138392590e-01
3.675359852536967953e+00 -3.866212387249732818e-01 -7.622409874271937613e-02 -3.103971399822572086e-01
3.676471210616541363e+00 -3.875425129715415751e-01 -7.630886211976217748e-02 -3.112336508517811184e-01
3.677582568696114329e+00 -3.885574400315668364e-01 -7.655937899505131650e-02 -3.119980610365118978e-01
3.678693926775687295e+00 -3.896682629128028763e-01 -7.697452719989375525e-02 -3.126937357129072614e-01
3.679805284855261149e+00 -3.908638054102813175e-01 -7.752628008747382282e-02 -3.133375253228147805e-01
3.680916642934834115e+00 -3.921231402626961793e-01 -7.816844718092696986e-02 -3.139546930817712633e-01
3.682028001014407081e+00 -3.934197863425925035e-01 -7.884694946433763729e-02 -3.145728368782546025e-01
3.683139359093980492e+00 -3.947256400181193281e-01 -7.950941867607431990e-02 -3.152162213420483527e-01
3.684250717173553902e+00 -3.960143691795708909e-01 -8.011284392903685048e-02 -3.159015252505370519e-01
3.685362075253126868e+00 -3.972643778118977176e-01 -8.062888382590660541e-02 -3.166354939859916673e-01
3.686473433332700278e+00 -3.984615040184529278e-01 -8.104694767204149997e-02 -3.174145563464133013e-01
3.687584791412273688e+00 -3.996013458642516669e-01 -8.137513505464544217e-02 -3.182262108096076680e-01
3.688696149491846654e+00 -4.006906966637807099e-01 -8.163881436614141285e-02 -3.190518822976414204e-01
3.689807507571420064e+00 -4.017472900875720399e-01 -8.187639774890410893e-02 -3.198708923386707759e-01
3.690918865650993475e+00 -4.027971490167725488e-01 -8.213208306252393898e-02 -3.206650659542477078e-01
3.692030223730566441e+00 -4.038693893175906435e-01 -8.244610788751288721e-02 -3.214232814300773122e-01
3.693141581810139407e+00 -4.049892221440906659e-01 -8.284419633056507026e-02 -3.221450258135284961e-01
3.694252939889713261e+00 -4.061708071540526821e-01 -8.332890002073806146e-02 -3.228419071333158419e-01
3.695364297969286227e+00 -4.074121376371413472e-01 -8.387587381604619252e-02 -3.235362638210953490e-01
3.696475656048859193e+00 -4.086939720516690744e-01 -8.443738304511171078e-02 -3.242565890065618461e-01
3.697587014128432603e+00 -4.099838761237732943e-01 -8.495349509216416906e-02 -3.250303810316068076e-01
3.698698372208006013e+00 -4.112449134360345870e-01 -8.536891434802748591e-02 -3.258759990880077395e-01
3.699809730287578979e+00 -4.124468856847022247e-01 -8.565109242427668135e-02 -3.267957932604271809e-01
3.700921088367152390e+00 -4.135768548817497781e-01 -8.580399833545922228e-02 -3.277728565462968979e-01
3.702032446446725800e+00 -4.146454658343908806e-01 -8.587242917915847984e-02 -3.287730366552355510e-01
3.703143804526298766e+00 -4.156865320086312598e-01 -8.593409743448444937e-02 -3.297524345741408291e-01
3.704255162605872176e+00 -4.167492649545184169e-01 -8.608039330729251593e-02 -3.306688716472283018e-01
3.705366520685445586e+00 -4.178848659779746955e-01 -8.639058287042987450e-02 -3.314942831075481933e-01
3.706477878765018552e+00 -4.191312035972789563e-01 -8.690694217704997282e-02 -3.322242614202290945e-01
3.707589236844591518e+00 -4.205002598308011375e-01 -8.761886010117408974e-02 -3.328813997296320437e-01
3.708700594924164928e+00 -4.219725270467162281e-01 -8.846183914226087019e-02 -3.335106879044588690e-01
3.709811953003738338e+00 -4.235006239659105387e-01 -8.933302961267422515e-02 -3.341675943532368409e-01
3.710923311083311305e+00 -4.250216061157603975e-01 -9.011969664932868718e-02 -3.349019094664307250e-01
3.712034669162884715e+00 -4.264746386389733357e-01 -9.073252741579176939e-02 -3.357421112231813165e-01
3.713146027242458125e+00 -4.278188048978822100e-01 -9.113351216341901428e-02 -3.366852927344621271e-01
3.714257385322031091e+00 -4.290455198193514064e-01 -9.134918664366459273e-02 -3.376963331756854814e-01
3.715368743401604501e+00 -4.301814864443505027e-01 -9.146418558047916814e-02 -3.387173008638704186e-01
3.716480101481177911e+00 -4.312809808884907059e-01 -9.159614845444963294e-02 -3.396848324340428493e-01
3.717591459560750877e+00 -4.324096024465003962e-01 -9.185913302136307357e-02 -3.405504694251409448e-01
3.718702817640324287e+00 -4.336244048800677597e-01 -9.232679778341622290e-02 -3.412976070966530773e-01
3.719814175719897698e+00 -4.349566022440152779e-01 -9.300723819073720977e-02 -3.419493640532803025e-01
3.720925533799470664e+00 -4.364023514601768627e-01 -9.383811494606066061e-02 -3.425642365141184364e-01
3.722036891879043630e+00 -4.379246228901535476e-01 -9.470448168674049094e-02 -3.432201412034118770e-01
3.723148249958617040e+00 -4.394656474186676154e-01 -9.547442569807498836e-02 -3.439912217205916556e-01
3.724259608038190450e+00 -4.409660035341020912e-01 -9.604164019444245970e-02 -3.449243633396605890e-01
3.725370966117763416e+00 -4.423842055941629714e-01 -9.636137783016381075e-02 -3.460228277639998407e-01
3.726482324197336826e+00 -4.437104212521496005e-01 -9.646789587290867385e-02 -3.472425253792434385e-01
3.727593682276910236e+00 -4.449697929923772111e-01 -9.646710029919000617e-02 -3.485026926931892866e-01
3.728705040356483202e+00 -4.462141917995988138e-01 -9.650592153053101641e-02 -3.497082702690643696e-01
3.729816398436056613e+00 -4.475050089642366724e-01 -9.672751341096222366e-02 -3.507774955532721450e-01
3.730927756515630023e+00 -4.488925573243194855e-01 -9.722618165771765297e-02 -3.516663756666023044e-01
3.732039114595202989e+00 -4.503988206803593575e-01 -9.801637984785334379e-02 -3.523824408325116897e-01
3.733150472674775955e+00 -4.520092574214675807e-01 -9.902592290917304474e-02 -3.529833345122970201e-01
3.734261830754349809e+00 -4.536764524217589134e-01 -1.001160326035928916e-01 -3.535604198181662716e-01
3.735373188833922775e+00 -4.553345643977433355e-01 -1.011223370663777293e-01 -3.542122273313680902e-01
3.736484546913495741e+00 -4.569199933989236961e-01 -1.019042353094182646e-01 -3.550157580895085263e-01
3.737595904993069151e+00 -4.583916528160558723e-01 -1.023872964582318718e-01 -3.560043563578274561e-01
3.738707263072642561e+00 -4.597443438036905028e-01 -1.025855053517734788e-01 -3.571588384519150949e-01
3.739818621152215528e+00 -4.610109583424711333e-01 -1.025965175675004754e-01 -3.584144407749745853e-01
3.740929979231788938e+00 -4.622528433115107860e-01 -1.025716010138508633e-01 -3.596812422976627954e-01
3.742041337311362348e+00 -4.635414528324406369e-01 -1.026698669191193486e-01 -3.608715859133198034e-01
3.743152695390935314e+00 -4.649371557046768633e-01 -1.030111800163226871e-01 -3.619259756883551060e-01
3.744264053470508724e+00 -4.664718644678311210e-01 -1.036422750765967904e-01 -3.628295893912327208e-01
3.745375411550082134e+00 -4.681407798822851407e-01 -1.045261152280281131e-01 -3.636146646542626204e-01
3.746486769629655100e+00 -4.699054902867005334e-01 -1.055569395850865649e-01 -3.643485507016152591e-01
3.747598127709228066e+00 -4.717069711762983397e-01 -1.065952862560032716e-01 -3.651116849202928338e-01
3.748709485788801921e+00 -4.734839320463652412e-01 -1.075112058889506894e-01 -3.659727261574191592e-01
3.749820843868374887e+00 -4.751904651663533263e-01 -1.082218193337848855e-01 -3.669686458325657763e-01
3.750932201947947853e+00 -4.768075109388779098e-01 -1.087118681914653329e-01 -3.680956427474129655e-01
3.752043560027521263e+00 -4.783450077506866682e-01 -1.090319791422243029e-01 -3.693130286084588820e-01
3.753154918107094673e+00 -4.798348776609919764e-01 -1.092768668063889559e-01 -3.705580108546034368e-01
3.754266276186667639e+00 -4.813180542068330459e-01 -1.095520759665044030e-01 -3.717659782403293645e-01
3.755377634266241049e+00 -4.828305376573663321e-01 -1.099410172646681783e-01 -3.728895203927000135e-01
3.756488992345814459e+00 -4.843933936847265032e-01 -1.104830545243714601e-01 -3.739103391603578741e-01
3.757600350425387425e+00 -4.860097893303857441e-01 -1.111687878394818085e-01 -3.748410014909105414e-01
3.758711708504960836e+00 -4.876693054518224102e-01 -1.119522130029882989e-01 -3.757170924488352770e-01
3.759823066584534246e+00 -4.893569570212432662e-01 -1.127734833083813420e-01 -3.765834737128673781e-01
3.760934424664107212e+00 -4.910626381995734091e-01 -1.135826596615409773e-01 -3.774799785380297812e-01
3.762045782743680178e+00 -4.927867209884401190e-01 -1.143552196355599737e-01 -3.784315013528825600e-01
3.763157140823254032e+00 -4.945392612414973299e-01 -1.150939407245576140e-01 -3.794453205169414645e-01
3.764268498902826998e+00 -4.963330442346086668e-01 -1.158175512282405700e-01 -3.805154930063721075e-01
3.765379856982399964e+00 -4.981734629864789099e-01 -1.165420311503893303e-01 -3.816314318360884417e-01
3.766491215061973374e+00 -5.000498736856218152e-01 -1.172635405578203588e-01 -3.827863331277999714e-01
3.767602573141546785e+00 -5.019329066818090102e-01 -1.179514406339095683e-01 -3.839814660478985120e-01
3.768713931221119751e+00 -5.037801838081193972e-01 -1.185558856963868646e-01 -3.852242981117394716e-01
3.769825289300693161e+00 -5.055496654324650452e-01 -1.190284516434281514e-01 -3.865212137890397526e-01
3.770936647380266571e+00 -5.072165806319937076e-01 -1.193484844862028466e-01 -3.878680961457909304e-01
3.772048005459839537e+00 -5.087878322831150824e-01 -1.195445549008718883e-01 -3.892432773822447345e-01
3.773159363539412947e+00 -5.103078072824918099e-01 -1.197010113215058041e-01 -3.906067959609864637e-01
3.774270721618986357e+00 -5.118518465141446150e-01 -1.199441722717687620e-01 -3.919076742423748261e-01
3.775382079698559323e+00 -5.135076082670302355e-01 -1.204097741414026368e-01 -3.930978341256262665e-01
3.776493437778132289e+00 -5.153489169210401233e-01 -1.212004767909111991e-01 -3.941484401301350027e-01
3.777604795857706144e+00 -5.174099152684691338e-01 -1.223469284252079597e-01 -3.950629868432627423e-01
3.778716153937279110e+00 -5.196682023442656950e-01 -1.237862384330420118e-01 -3.958819639112193811e-01
3.779827512016852076e+00 -5.220436319732024710e-01 -1.253672602513697110e-01 -3.966763717218331209e-01
3.780938870096425486e+00 -5.244150075477924666e-01 -1.268840446067106553e-01 -3.975309629410839762e-01
3.782050228175998896e+00 -5.266513264766422564e-01 -1.281296850753154137e-01 -3.985216414013287856e-01
3.783161586255571862e+00 -5.286492629814691924e-01 -1.289555420396664431e-01 -3.996937209418096049e-01
3.784272944335145272e+00 -5.303658982416060708e-01 -1.293180032314991401e-01 -4.010478950101061812e-01
3.785384302414718682e+00 -5.318363312966910561e-01 -1.292976730398933682e-01 -4.025386582567955229e-01
3.786495660494291648e+00 -5.331697358718491264e-01 -1.290835526767281916e-01 -4.040861831951207406e-01
3.787607018573865059e+00 -5.345236061728172450e-01 -1.289251265060203655e-01 -4.055984796667977399e-01
3.788718376653438469e+00 -5.360625298805364869e-01 -1.290651207252216381e-01 -4.069974091553164586e-01
3.789829734733011435e+00 -5.379127990868541875e-01 -1.296719426477730419e-01 -4.082408564390803130e-01
3.790941092812584401e+00 -5.401259115673295863e-01 -1.307914155874564943e-01 -4.093344959798724259e-01
3.792052450892157811e+00 -5.426618727690887267e-01 -1.323321108003178981e-01 -4.103297619687725772e-01
3.793163808971731221e+00 -5.453977185302303354e-01 -1.340889055138328456e-01 -4.113088130163981559e-01
3.794275167051304187e+00 -5.481594243918922471e-01 -1.357982862025506055e-01 -4.123611381893449446e-01
3.795386525130877597e+00 -5.507685100639847509e-01 -1.372097314315017247e-01 -4.135587786324853576e-01
3.796497883210451008e+00 -5.530902619194956182e-01 -1.381529992003526774e-01 -4.149372627191458829e-01
3.797609241290023974e+00 -5.550699277782450425e-01 -1.385825999146281517e-01 -4.164873278636149201e-01
3.798720599369597384e+00 -5.567466813875410203e-01 -1.385876123788928327e-01 -4.181590690086455786e-01
3.799831957449170794e+00 -5.582415874837898251e-01 -1.383651235969419468e-01 -4.198764638868545118e-01
3.800943315528743760e+00 -5.597232968499492589e-01 -1.381658553369480846e-01 -4.215574415130060038e-01
3.802054673608317170e+00 -5.613615273237307912e-01 -1.382279539480339992e-01 -4.231335733757015660e-01
3.803166031687890580e+00 -5.632816781404211826e-01 -1.387174213616819141e-01 -4.245642567787424326e-01
3.804277389767463546e+00 -5.655332567328027471e-01 -1.396907752297334993e-01 -4.258424815030750765e-01
3.805388747847036512e+00 -5.680804516200239629e-01 -1.410883976751902968e-01 -4.269920539448357477e-01
3.806500105926609923e+00 -5.708165441939138107e-01 -1.427580088756768839e-01 -4.280585353182354558e-01
3.807611464006183333e+00 -5.735969529167658232e-01 -1.444995324482544474e-01 -4.290974204685157334e-01
3.808722822085756299e+00 -5.762806007096623606e-01 -1.461175958537613284e-01 -4.301630048559010322e-01
3.809834180165329709e+00 -5.787674365236271656e-01 -1.474672033362730006e-01 -4.313002331873607154e-01
3.810945538244903119e+00 -5.810217411549317701e-01 -1.484815200424510762e-01 -4.325402211124808050e-01
3.812056896324476085e+00 -5.830755998244400162e-01 -1.491768062939812234e-01 -4.338987935304630672e-01
3.813168254404049495e+00 -5.850130617663091837e-01 -1.496362809858660936e-01 -4.353767807804410639e-01
3.814279612483622905e+00 -5.869411155954619153e-01 -1.499800588510599164e-01 -4.369610567444049964e-01
3.815390970563195872e+00 -5.889570312633550797e-01 -1.503309420643267058e-01 -4.386260891990300670e-01
3.816502328642768838e+00 -5.911219532287115275e-01 -1.507853920493260058e-01 -4.403365611793901846e-01
3.817613686722342692e+00 -5.934479696753136579e-01 -1.513960780554711172e-01 -4.420518916198454273e-01
3.818725044801915658e+00 -5.959012382875826797e-01 -1.521682555455881602e-01 -4.437329827419957962e-01
3.819836402881488624e+00 -5.984186792398507038e-01 -1.530682784739154922e-01 -4.453504007659381259e-01
3.820947760961062034e+00 -6.009318407437057585e-01 -1.540398783154853790e-01 -4.468919624282242653e-01
3.822059119040635444e+00 -6.033899220958548471e-01 -1.550229152310599878e-01 -4.483670068647969686e-01
3.823170477120208410e+00 -6.057749305028671261e-01 -1.559699402394249534e-01 -4.498049902634451702e-01
3.824281835199781820e+00 -6.081050321195737851e-01 -1.568574734309110263e-01 -4.512475586886638967e-01
3.825393193279355231e+00 -6.104261920208953196e-01 -1.576906573241466936e-01 -4.527355346967517624e-01
3.826504551358928197e+00 -6.127958251090606101e-01 -1.585013355017030889e-01 -4.542944896073601857e-01
3.827615909438501607e+00 -6.152642820069706975e-01 -1.593404477606803760e-01 -4.559238342462915150e-01
3.828727267518075017e+00 -6.178600378618999134e-01 -1.602660790505303356e-01 -4.575939588113681622e-01
3.829838625597647983e+00 -6.205826215288824388e-01 -1.613288650525973311e-01 -4.592537564762857460e-01
3.830949983677220949e+00 -6.234044037277625128e-01 -1.625569743098627951e-01 -4.608474294179026320e-01
3.832061341756794803e+00 -6.262794348720385207e-01 -1.639435230294554180e-01 -4.623359118425823810e-01
3.833172699836367769e+00 -6.291555716598964398e-01 -1.654397075130897288e-01 -4.637158641468075437e-01
3.834284057915940735e+00 -6.319857168101071787e-01 -1.669566824947286976e-01 -4.650290343153781203e-01
3.835395415995514146e+00 -6.347350908714457507e-01 -1.683778984482868224e-01 -4.663571924231644794e-01
3.836506774075087556e+00 -6.373834943386748053e-01 -1.695812249473429845e-01 -4.678022693913334584e-01
3.837618132154660522e+00 -6.399236390003446573e-01 -1.704672097713999246e-01 -4.694564292289411522e-01
3.838729490234233932e+00 -6.423579998423287751e-01 -1.709871515405523568e-01 -4.713708483017802209e-01
3.839840848313807342e+00 -6.446967723532098793e-01 -1.711633341788996732e-01 -4.735334381743119270e-01
3.840952206393380308e+00 -6.469584334100997314e-01 -1.710945693842181869e-01 -4.758638640258773256e-01
3.842063564472953718e+00 -6.491726026719214504e-01 -1.709432914250905156e-01 -4.782293112468309348e-01
3.843174922552527129e+00 -6.513831757561724389e-01 -1.709052303325122035e-01 -4.804779454236655090e-01
3.844286280632100095e+00 -6.536488192019892507e-01 -1.711678476933000681e-01 -4.824809715086894046e-01
3.845397638711673061e+00 -6.560383303709935721e-01 -1.718676276912672329e-01 -4.841707026797343327e-01
3.846508996791246915e+00 -6.586200237787067646e-01 -1.730575651127143066e-01 -4.855624586659937347e-01
3.847620354870819881e+00 -6.614466625764674479e-01 -1.746941062922077736e-01 -4.867525562842617837e-01
3.848731712950392847e+00 -6.645396522909973180e-01 -1.766477464561437005e-01 -4.878919058348561988e-01
3.849843071029966257e+00 -6.678773889463528457e-01 -1.787348492821362322e-01 -4.891425396642168355e-01
3.850954429109539667e+00 -6.713922505387667217e-01 -1.807620403730438030e-01 -4.906302101657213921e-01
3.852065787189112633e+00 -6.749787105548780142e-01 -1.825707373979014170e-01 -4.924079731569753760e-01
3.853177145268686044e+00 -6.785119691569624356e-01 -1.840693345728910968e-01 -4.944426345840773895e-01
3.854288503348259454e+00 -6.818732811445852304e-01 -1.852444092152346067e-01 -4.966288719293530107e-01
3.855399861427832420e+00 -6.849758507922785178e-01 -1.861489342973901562e-01 -4.988269164948915257e-01
3.856511219507405830e+00 -6.877845574237656523e-01 -1.868727727129841365e-01 -5.009117847107841248e-01
3.857622577586979240e+00 -6.903241480710775591e-01 -1.875063070715456415e-01 -5.028178409995339715e-01
3.858733935666552206e+00 -6.926735352905255549e-01 -1.881100306294996860e-01 -5.045635046610295049e-01
3.859845293746125172e+00 -6.949475937340010567e-01 -1.887005549299778373e-01 -5.062470388040224423e-01
3.860956651825699026e+00 -6.972712313954898544e-01 -1.892574924681311443e-01 -5.080137389273591264e-01
3.862068009905271992e+00 -6.997525016211726401e-01 -1.897480227011252574e-01 -5.100044789200522954e-01
3.863179367984844959e+00 -7.024615354668796163e-01 -1.901592537154360996e-01 -5.123022817514536476e-01
3.864290726064418369e+00 -7.054201461126167194e-01 -1.905251215582587643e-01 -5.148950245543646442e-01
3.865402084143991779e+00 -7.086037263365870809e-01 -1.909358414613813726e-01 -5.176678848752107598e-01
3.866513442223564745e+00 -7.119535558491510985e-01 -1.915236105354327090e-01 -5.204299453137185560e-01
3.867624800303138155e+00 -7.153949404615124186e-01 -1.924266003571550032e-01 -5.229683401043552227e-01
3.868736158382711565e+00 -7.188555059708502393e-01 -1.937415160564725514e-01 -5.251139899143809631e-01
3.869847516462284531e+00 -7.222787089045976661e-01 -1.954802795249981628e-01 -5.267984293796054152e-01
3.870958874541857941e+00 -7.256298390277656774e-01 -1.975467193612105987e-01 -5.280831196665579652e-01
3.872070232621431352e+00 -7.288946411659960045e-01 -1.997440858348553117e-01 -5.291505553311486310e-01
3.873181590701004318e+00 -7.320731666008923888e-01 -2.018150990412898860e-01 -5.302580675596091364e-01
3.874292948780577284e+00 -7.351727376298407002e-01 -2.035058323776846034e-01 -5.316669052521546535e-01
3.875404306860150694e+00 -7.382035874193294545e-01 -2.046363412122588765e-01 -5.335672462070667477e-01
3.876515664939724104e+00 -7.411790147381106530e-01 -2.051573811045737383e-01 -5.360216336335345000e-01
3.877627023019297070e+00 -7.441194674865031500e-01 -2.051752112088919555e-01 -5.389442562776141088e-01
3.878738381098870480e+00 -7.470577932491019313e-01 -2.049348220389993758e-01 -5.421229712101091058e-01
3.879849739178443890e+00 -7.500418391698050469e-01 -2.047636339233172009e-01 -5.452782052464911766e-01
3.880961097258016856e+00 -7.531311211483118218e-01 -2.049893373178631462e-01 -5.481417838304454282e-01
3.882072455337590267e+00 -7.563863121909558673e-01 -2.058535770901474826e-01 -5.505327351008090231e-01
3.883183813417163677e+00 -7.598531617810319050e-01 -2.074451284740209955e-01 -5.524080333070131577e-01
3.884295171496736643e+00 -7.635451450663574002e-01 -2.096713785165154054e-01 -5.538737665498417728e-01
3.885406529576309609e+00 -7.674306355408900826e-01 -2.122766406587806853e-01 -5.551539948821127002e-01
3.886517887655883463e+00 -7.714300244192836553e-01 -2.149030417943815496e-01 -5.565269826249046314e-01
3.887629245735456429e+00 -7.754258950346470947e-01 -2.171781112051584528e-01 -5.582477838294841455e-01
3.888740603815029395e+00 -7.792856779294103919e-01 -2.188060742228880584e-01 -5.604796037065286063e-01
3.889851961894602805e+00 -7.828922401420579380e-01 -2.196391648168025401e-01 -5.632530753252517064e-01
3.890963319974176216e+00 -7.861748551266466434e-01 -2.197110762937945772e-01 -5.664637788328538148e-01
3.892074678053749182e+00 -7.891319924321882340e-01 -2.192251599347381785e-01 -5.699068324974504440e-01
3.893186036133322592e+00 -7.918388317628615169e-01 -2.185020759082418884e-01 -5.733367558546242915e-01
3.894297394212896002e+00 -7.944360793408700161e-01 -2.179018898160607620e-01 -5.765341895248086157e-01
3.895408752292468968e+00 -7.971015915248362838e-01 -2.177413566440299098e-01 -5.793602348808035707e-01
3.896520110372042378e+00 -8.000111128750843070e-01 -2.182270341898000232e-01 -5.817840786852849222e-01
3.897631468451615788e+00 -8.032977131023207873e-01 -2.194193315870753280e-01 -5.838783815152458478e-01
3.898742826531188754e+00 -8.070202573145260905e-01 -2.212335246797499655e-01 -5.857867326347750980e-01
3.899854184610761720e+00 -8.111491707089003578e-01 -2.234738955606213051e-01 -5.876752751482845483e-01
3.900965542690335575e+00 -8.155733748883111645e-01 -2.258892069681454062e-01 -5.896841679201717534e-01
3.902076900769908541e+00 -8.201267625948297502e-01 -2.282336494177755470e-01 -5.918931131770588383e-01
3.903188258849481507e+00 -8.246274605032235527e-01 -2.303178862409035188e-01 -5.943095742623232258e-01
3.904299616929054917e+00 -8.289198242960766905e-01 -2.320392303507813336e-01 -5.968805939452982434e-01
3.905410975008628327e+00 -8.329085263291916563e-01 -2.333866781927625700e-01 -5.995218481364329444e-01
3.906522333088201293e+00 -8.365763760930049475e-01 -2.344234410392492529e-01 -6.021529350537578873e-01
3.907633691167774703e+00 -8.399819969174728840e-01 -2.352548997251936447e-01 -6.047270971922810157e-01
3.908745049247348113e+00 -8.432389019119287399e-01 -2.359924098527530489e-01 -6.072464920591751358e-01
3.909856407326921079e+00 -8.464823618660348714e-01 -2.367228588674438750e-01 -6.097595029985951598e-01
3.910967765406494490e+00 -8.498334222213094202e-01 -2.374909212887063303e-01 -6.123425009326064483e-01
3.912079123486067900e+00 -8.533697468869507752e-01 -2.382967068309645720e-01 -6.150730400559891731e-01
3.913190481565640866e+00 -8.571106419413764277e-01 -2.391072166597426052e-01 -6.180034252816337670e-01
3.914301839645213832e+00 -8.610193765463417526e-01 -2.398767587375862098e-01 -6.211426178087602334e-01
3.915413197724787686e+00 -8.650210134599775058e-01 -2.405698209583818081e-01 -6.244511925016013043e-01
3.916524555804360652e+00 -8.690297711783399048e-01 -2.411799647874573738e-01 -6.278498063908878324e-01
3.917635913883933618e+00 -8.729775965217102529e-01 -2.417397923503492585e-01 -6.312378041713613275e-01
3.918747271963507028e+00 -8.768357033176314985e-01 -2.423194432237146811e-01 -6.345162600939159292e-01
3.919858630043080439e+00 -8.806232039943867607e-01 -2.430138239071585604e-01 -6.376093800872285611e-01
3.920969988122653405e+00 -8.844008654819470738e-01 -2.439213465858548757e-01 -6.404795188960958896e-01
3.922081346202226815e+00 -8.882523025772969261e-01 -2.451189334230741979e-01 -6.431333691542223674e-01
3.923192704281800225e+00 -8.922583703796511667e-01 -2.466391044591998982e-01 -6.456192659204565976e-01
3.924304062361373191e+00 -8.964722094060240121e-01 -2.484548870312925650e-01 -6.480173223747359712e-01
3.925415420440946601e+00 -9.009019423489699196e-01 -2.504769718149405522e-01 -6.504249705340301446e-01
3.926526778520520011e+00 -9.055056473857229227e-01 -2.525651032942631824e-01 -6.529405440914605174e-01
3.927638136600092977e+00 -9.101996911450090932e-01 -2.545525003121559826e-01 -6.556471908328538323e-01
3.928749494679665943e+00 -9.148778348304855701e-01 -2.562787944212410185e-01 -6.585990404092506578e-01
3.929860852759239798e+00 -9.194357518964069165e-01 -2.576243690387627350e-01 -6.618113828576484003e-01
3.930972210838812764e+00 -9.237944336965450143e-01 -2.585378857792466345e-01 -6.652565479173014884e-01
3.932083568918385730e+00 -9.279166392166309230e-01 -2.590497304470980033e-01 -6.688669087695293669e-01
3.933194926997959140e+00 -9.318127661055061184e-01 -2.592671302861376259e-01 -6.725456358193768747e-01
3.934306285077532550e+00 -9.355355666932381187e-01 -2.593511972215770678e-01 -6.761843694716601627e-01
3.935417643157105516e+00 -9.391660982832431559e-01 -2.594810068163627137e-01 -6.796850914668833843e-01
3.936529001236678926e+00 -9.427953541792341019e-01 -2.598136324290147292e-01 -6.829817217502182070e-01
3.937640359316252336e+00 -9.465066552638148334e-01 -2.604505730213025338e-01 -6.860560822425212368e-01
3.938751717395825303e+00 -9.503630208317590533e-01 -2.614195748399952279e-01 -6.889434459917683773e-01
3.939863075475398713e+00 -9.544017534333845143e-01 -2.626766535324485674e-01 -6.917250999009367796e-01
3.940974433554972123e+00 -9.586360479100236587e-01 -2.641272738691143873e-01 -6.945087740409108257e-01
3.942085791634545089e+00 -9.630613442171569449e-01 -2.656598654219429756e-01 -6.974014787952168559e-01
3.943197149714118055e+00 -9.676630160835474337e-01 -2.671809849238139800e-01 -7.004820311597416138e-01
3.944308507793691465e+00 -9.724221195576250310e-01 -2.686408338738973667e-01 -7.037812856837337705e-01
3.945419865873264875e+00 -9.773171995313943983e-01 -2.700408806398576500e-01 -7.072763188915386356e-01
3.946531223952837841e+00 -9.823220836102808384e-01 -2.714212188449101615e-01 -7.109008647653738411e-01
3.947642582032411251e+00 -9.874014886413591263e-01 -2.728322201245401146e-01 -7.145692685168265612e-01
3.948753940111984662e+00 -9.925074489043353987e-01 -2.743007469269300169e-01 -7.182067019774087679e-01
3.949865298191557628e+00 -9.975796043260292123e-01 -2.758036818758013986e-01 -7.217759224502331428e-01
3.950976656271131038e+00 -1.002551202454930346e+00 -2.772597611222145653e-01 -7.252914413327171683e-01
3.952088014350704448e+00 -1.007360621396248934e+00 -2.785449959442117818e-01 -7.288156254520415933e-01
3.953199372430277414e+00 -1.011965975508332116e+00 -2.795290033781691053e-01 -7.324369721301620118e-01
3.954310730509850824e+00 -1.016358692253819473e+00 -2.801218874430101424e-01 -7.362368048108036689e-01
3.955422088589424234e+00 -1.020571480035004974e+00 -2.803165332620355388e-01 -7.402549467729713228e-01
3.956533446668997200e+00 -1.024677124504171921e+00 -2.802111126241416117e-01 -7.444660118800292548e-01
3.957644804748570166e+00 -1.028776871661891690e+00 -2.800016126937699412e-01 -7.487752589681213600e-01
3.958756162828143577e+00 -1.032980160243241130e+00 -2.799429917839434401e-01 -7.530371684592986892e-01
3.959867520907716987e+00 -1.037380264097849780e+00 -2.802875155529755413e-01 -7.570927485448777361e-01
3.960978878987289953e+00 -1.042032100889010326e+00 -2.812167791705952880e-01 -7.608153217184190353e-01
3.962090237066863363e+00 -1.046938433797283574e+00 -2.827871944038234386e-01 -7.641512393934583036e-01
3.963201595146436773e+00 -1.052048803050556813e+00 -2.849060035396257518e-01 -7.671427995109330045e-01
3.964312953226009739e+00 -1.057272202589364607e+00 -2.873467204299851585e-01 -7.699254821593796150e-01
3.965424311305583149e+00 -1.062500662023108999e+00 -2.898015980496354560e-01 -7.726990639734755417e-01
3.966535669385156559e+00 -1.067637627271068590e+00 -2.919576737481966444e-01 -7.756799535228752207e-01
3.967647027464729526e+00 -1.072623370903012407e+00 -2.935755792025034339e-01 -7.790477917005134145e-01
3.968758385544302492e+00 -1.077450197282815880e+00 -2.945490007518457021e-01 -7.829011965309681242e-01
3.969869743623876346e+00 -1.082162899649075527e+00 -2.949279804655983162e-01 -7.872349191834804305e-01
3.970981101703449312e+00 -1.086844082057151439e+00 -2.948996533227913885e-01 -7.919444287343638811e-01
3.972092459783022278e+00 -1.091588403809467422e+00 -2.947324049322215256e-01 -7.968559988772511149e-01
3.973203817862595688e+00 -1.096473214658227890e+00 -2.947000398773962360e-01 -8.017731747808289899e-01
3.974315175942169098e+00 -1.101534350903719650e+00 -2.950081343849423332e-01 -8.065262165187747634e-01
3.975426534021742064e+00 -1.106754570157638673e+00 -2.957436215115090694e-01 -8.110109486461319905e-01
3.976537892101315474e+00 -1.112068497690456237e+00 -2.968612221490638525e-01 -8.152072755413960481e-01
3.977649250180888885e+00 -1.117383039414875823e+00 -2.982089497840696990e-01 -8.191740896308054021e-01
3.978760608260461851e+00 -1.122607430215899038e+00 -2.995831474360596824e-01 -8.230242827798427419e-01
3.979871966340035261e+00 -1.127683898278618368e+00 -3.007950005697171969e-01 -8.268888977089071668e-01
3.980983324419608671e+00 -1.132609375842255517e+00 -3.017277700891026204e-01 -8.308816057531496213e-01
3.982094682499181637e+00 -1.137441048794546772e+00 -3.023677885315375624e-01 -8.350732602630127621e-01
3.983206040578754603e+00 -1.142283204190830626e+00 -3.028011798225601625e-01 -8.394820243682734606e-01
3.984317398658328457e+00 -1.147258467349425937e+00 -3.031793311048429085e-01 -8.440791362445830837e-01
3.985428756737901423e+00 -1.152471431395692081e+00 -3.036657913089213512e-01 -8.488056400867722839e-01
3.986540114817474389e+00 -1.157975342192843149e+00 -3.043824776320697145e-01 -8.535928645607790965e-01
3.987651472897047800e+00 -1.163752015067867074e+00 -3.053723358279496480e-01 -8.583796792399210895e-01
3.988762830976621210e+00 -1.169711564258202552e+00 -3.065893860971477536e-01 -8.631221781610598498e-01
3.989874189056194176e+00 -1.175712813314939931e+00 -3.079176209252639795e-01 -8.677951923896786157e-01
3.990985547135767586e+00 -1.181599097353170702e+00 -3.092107227189545005e-01 -8.723883746342186996e-01
3.992096905215340996e+00 -1.187239426477695314e+00 -3.103381637308943453e-01 -8.769012627468023569e-01
3.993208263294913962e+00 -1.192563135542651365e+00 -3.112219435498669307e-01 -8.813411919927904847e-01
3.994319621374487372e+00 -1.197577834644456107e+00 -3.118522584952628240e-01 -8.857255761491930057e-01
3.995430979454060783e+00 -1.202365269099134881e+00 -3.122782355370151697e-01 -8.900870335621182683e-01
3.996542337533633749e+00 -1.207056208846469136e+00 -3.125787197735094836e-01 -8.944774890729582095e-01
3.997653695613206715e+00 -1.211791770801777135e+00 -3.128249267014354684e-01 -8.989668441003418886e-01
3.998765053692780569e+00 -1.216682718372592120e+00 -3.130492701297782343e-01 -9.036334482428166615e-01
3.999876411772353535e+00 -1.221778983532880947e+00 -3.132320882633989889e-01 -9.085468952694834011e-01
4.000987769851926501e+00 -1.227058650959438113e+00 -3.133113037896483322e-01 -9.137473471697938887e-01
4.002099127931499467e+00 -1.232439792704609793e+00 -3.132116478508508162e-01 -9.192281448537706900e-01
4.003210486011073321e+00 -1.237811590311294285e+00 -3.128828903283030760e-01 -9.249286999829925415e-01
4.004321844090646287e+00 -1.243075233273671643e+00 -3.123330371233152269e-01 -9.307421961503554719e-01
4.005433202170220142e+00 -1.248181960494776366e+00 -3.116438721955614999e-01 -9.365380882992208056e-01
4.006544560249793108e+00 -1.253156293024797030e+00 -3.109620428575792794e-01 -9.421942501672235792e-01
4.007655918329366074e+00 -1.258096818467627553e+00 -3.104671118685226605e-01 -9.476297065991063917e-01
4.008767276408939040e+00 -1.263153550065304831e+00 -3.103258194453957786e-01 -9.528277306199104402e-01
4.009878634488512894e+00 -1.268487896387019198e+00 -3.106465553410037161e-01 -9.578413410460187016e-01
4.010989992568085860e+00 -1.274226529906185013e+00 -3.114481342484989868e-01 -9.627783956576880797e-01
4.012101350647658826e+00 -1.280422357852491588e+00 -3.126523880593330418e-01 -9.677699697931573253e-01
4.013212708727232680e+00 -1.287033814057543468e+00 -3.141024106421954620e-01 -9.729314034153463409e-01
4.014324066806805646e+00 -1.293928424311802550e+00 -3.156001259823708049e-01 -9.783282983294324664e-01
4.015435424886378613e+00 -1.300909651451748861e+00 -3.169509505445815001e-01 -9.839587009071673052e-01
4.016546782965951579e+00 -1.307759486235768875e+00 -3.180016405177851779e-01 -9.897578457179835310e-01
4.017658141045525433e+00 -1.314285044861614349e+00 -3.186604518248913331e-01 -9.956245930367251251e-01
4.018769499125098399e+00 -1.320356750002858348e+00 -3.188953757022985336e-01 -1.001461374300565144e+00
4.019880857204672253e+00 -1.325928606307782198e+00 -3.187141003288423979e-01 -1.007214505978942132e+00
4.020992215284245219e+00 -1.331036636350195757e+00 -3.181357281348264898e-01 -1.012900908215367046e+00
4.022103573363818185e+00 -1.335777961615619347e+00 -3.171669206015931830e-01 -1.018611041014027663e+00
4.023214931443391151e+00 -1.340278338049964324e+00 -3.157931183063500402e-01 -1.024485219743619391e+00
4.024326289522965006e+00 -1.344658637599865036e+00 -3.139894868373142023e-01 -1.030669150762554054e+00
4.025437647602537972e+00 -1.349010127608480714e+00 -3.117483549123946651e-01 -1.037261772696085771e+00
4.026549005682110938e+00 -1.353384808935561789e+00 -3.091129129236526163e-01 -1.044271896011911949e+00
4.027660363761684792e+00 -1.357801794067859502e+00 -3.062033457942051062e-01 -1.051598448273655784e+00
4.028771721841257758e+00 -1.362265464668426906e+00 -3.032227821541290114e-01 -1.059042682514300449e+00
4.029883079920830724e+00 -1.366787575809270239e+00 -3.004362400049668258e-01 -1.066351335804307521e+00
4.030994438000403690e+00 -1.371404603080224271e+00 -2.981243591778617863e-01 -1.073280243902366093e+00
4.032105796079977544e+00 -1.376183595098233070e+00 -2.965223591409116288e-01 -1.079661235957317666e+00
4.033217154159550510e+00 -1.381213839490557982e+00 -2.957604837360812700e-01 -1.085453355754481430e+00
4.034328512239124365e+00 -1.386586406302488861e+00 -2.958231824420970435e-01 -1.090763223860392594e+00
4.035439870318697331e+00 -1.392367582092787881e+00 -2.965399429826071631e-01 -1.095827639110184881e+00
4.036551228398270297e+00 -1.398574170510819448e+00 -2.976122407388749336e-01 -1.100961929771942405e+00
4.037662586477843263e+00 -1.405158117029873033e+00 -2.986710340225225413e-01 -1.106487083007350325e+00
4.038773944557417117e+00 -1.412005218594419187e+00 -2.993506550690723800e-01 -1.112654563525349749e+00
4.039885302636990083e+00 -1.418948748805634263e+00 -2.993604201208592275e-01 -1.119588328684776535e+00
4.040996660716563049e+00 -1.425794908027083974e+00 -2.985361402653705087e-01 -1.127258767761717406e+00
4.042108018796136903e+00 -1.432354218778808086e+00 -2.968596235960020979e-01 -1.135494595182809263e+00
4.043219376875709870e+00 -1.438471993364982771e+00 -2.944433508084020046e-01 -1.144028642556582209e+00
4.044330734955282836e+00 -1.444051847166716973e+00 -2.914869946757577268e-01 -1.152564852490963299e+00
4.045442093034855802e+00 -1.449068404578329083e+00 -2.882195268876379668e-01 -1.160848877690694225e+00
4.046553451114429656e+00 -1.453568017664300216e+00 -2.848433503330662919e-01 -1.168724667331235034e+00
4.047664809194002622e+00 -1.457658670248340727e+00 -2.814946753434651727e-01 -1.176163994904874555e+00
4.048776167273576476e+00 -1.461491739127931622e+00 -2.782282217075421338e-01 -1.183263517420396704e+00
4.049887525353149442e+00 -1.465238820927065255e+00 -2.750264181387744311e-01 -1.190212402788292989e+00
4.050998883432722408e+00 -1.469066680582715279e+00 -2.718261423852650349e-01 -1.197240538197450910e+00
4.052110241512295374e+00 -1.473112996882072423e+00 -2.685518312913328098e-01 -1.204561165590737781e+00
4.053221599591869229e+00 -1.477465367669953844e+00 -2.651435446936671325e-01 -1.212321822976289321e+00
4.054332957671442195e+00 -1.482146117805616559e+00 -2.615719910332759413e-01 -1.220574126772344670e+00
4.055444315751015161e+00 -1.487105613860906006e+00 -2.578381466393093735e-01 -1.229267467221596410e+00
4.056555673830589015e+00 -1.492226580346454723e+00 -2.539608433959567035e-01 -1.238265736950499463e+00
4.057667031910161981e+00 -1.497340875122995296e+00 -2.499595992076133755e-01 -1.247381275915387500e+00
4.058778389989734947e+00 -1.502258117522838887e+00 -2.458408331180422790e-01 -1.256417284404801826e+00
4.059889748069307913e+00 -1.506802717604369235e+00 -2.415933833421531063e-01 -1.265209334262216379e+00
4.061001106148881767e+00 -1.510852936373088262e+00 -2.371949582413581670e-01 -1.273657978131737645e+00
4.062112464228454733e+00 -1.514373601281823190e+00 -2.326264932009470265e-01 -1.281747108080877551e+00
4.063223822308028588e+00 -1.517433941961245036e+00 -2.278880971924063803e-01 -1.289545844768837712e+00
4.064335180387601554e+00 -1.520204207352239045e+00 -2.230095135940850237e-01 -1.297194693758155770e+00
4.065446538467174520e+00 -1.522929093384700172e+00 -2.180499886961350109e-01 -1.304879104688569491e+00
4.066557896546747486e+00 -1.525881617846449156e+00 -2.130863378053216850e-01 -1.312795280041135326e+00
4.067669254626321340e+00 -1.529306450050268440e+00 -2.081923452674866448e-01 -1.321114104782782794e+00
4.068780612705894306e+00 -1.533365236497870931e+00 -2.034158293624908631e-01 -1.329949407135383677e+00
4.069891970785467272e+00 -1.538096942023707614e+00 -1.987606032926503563e-01 -1.339336338731058174e+00
4.071003328865041127e+00 -1.543403242834309186e+00 -1.941788898475016178e-01 -1.349224352986810205e+00
4.072114686944614093e+00 -1.549063167242352934e+00 -1.895761669014039141e-01 -1.359487000340949381e+00
4.073226045024187059e+00 -1.554773978994298700e+00 -1.848262855545788619e-01 -1.369947693439719227e+00
4.074337403103760025e+00 -1.560208715572764859e+00 -1.797915406302119656e-01 -1.380417174942554448e+00
4.075448761183333879e+00 -1.565076701497514877e+00 -1.743413205812073541e-01 -1.390735380916311659e+00
4.076560119262906845e+00 -1.569172939224323216e+00 -1.683643442719606198e-01 -1.400808594952365649e+00
4.077671477342480699e+00 -1.572405653121854874e+00 -1.617726978003586336e-01 -1.410632955321494464e+00
4.078782835422053665e+00 -1.574797417368439811e+00 -1.544996043198473001e-01 -1.420297813048595481e+00
4.079894193501626631e+00 -1.576462406420142459e+00 -1.464955733001389038e-01 -1.429966833120004166e+00
4.081005551581199597e+00 -1.577568280081925067e+00 -1.377281348739126110e-01 -1.439840145208012956e+00
4.082116909660773452e+00 -1.578294360499078008e+00 -1.281884497765856945e-01 -1.450105910722496727e+00
4.083228267740346418e+00 -1.578797299166285972e+00 -1.179043605917412113e-01 -1.460892938574545941e+00
4.084339625819919384e+00 -1.579191735567584187e+00 -1.069553555927605371e-01 -1.472236379974827924e+00
4.085450983899493238e+00 -1.579547880449479580e+00 -9.548215579997917923e-02 -1.484065724649505258e+00
4.086562341979066204e+00 -1.579902410189893303e+00 -8.368353738109232665e-02 -1.496218872808802391e+00
4.087673700058639170e+00 -1.580275322756648393e+00 -7.179598310885250412e-02 -1.508479339647794237e+00
4.088785058138212136e+00 -1.580684575611708498e+00 -6.005709431832179090e-02 -1.520627481293383099e+00
4.089896416217785990e+00 -1.581152460516880520e+00 -4.865969690491175892e-02 -1.532492763611969400e+00
4.091007774297358957e+00 -1.581701807274886518e+00 -3.770812141649008964e-02 -1.543993685858400244e+00
4.092119132376932811e+00 -1.582344629489195853e+00 -2.718941303551168295e-02 -1.555155216453686595e+00
4.093230490456505777e+00 -1.583069041423357692e+00 -1.696939806502414938e-02 -1.566099643358339177e+00
4.094341848536078743e+00 -1.583831027837657945e+00 -6.817122509892565782e-03 -1.577013905327767196e+00
4.095453206615651709e+00 -1.584555717295831112e+00 3.547008987447789266e-03 -1.588102726283279198e+00
4.096564564695225563e+00 -1.585148978243812623e+00 1.439146855583676478e-02 -1.599540446799649906e+00
4.097675922774798529e+00 -1.585515921563070751e+00 2.591841614084748266e-02 -1.611434337703921527e+00
4.098787280854371495e+00 -1.585579906520643512e+00 3.822856775633435428e-02 -1.623808474276980274e+00
4.099898638933945350e+00 -1.585295105126659498e+00 5.131597966042764081e-02 -1.636611084787093162e+00
4.101009997013518316e+00 -1.584647866662538540e+00 6.509364902620545790e-02 -1.649741515688744053e+00
4.102121355093091282e+00 -1.583646284171660534e+00 7.944129768784673196e-02 -1.663087581859510999e+00
4.103232713172664248e+00 -1.582301958233802930e+00 9.425968652630735412e-02 -1.676561644760113046e+00
4.104344071252238102e+00 -1.580611209855846910e+00 1.095137072142976092e-01 -1.690124917070150001e+00
4.105455429331811068e+00 -1.578543571816961366e+00 1.252501895434967316e-01 -1.703793761360458792e+00
4.106566787411384922e+00 -1.576042899973753242e+00 1.415848212268956963e-01 -1.717627721200653879e+00
4.107678145490957888e+00 -1.573041658730288006e+00 1.586631286792194451e-01 -1.731704787409508839e+00
4.108789503570530854e+00 -1.569483545265366597e+00 1.766096076842938178e-01 -1.746093152949663496e+00
4.109900861650103820e+00 -1.565345675546790050e+00 1.954836300639401225e-01 -1.760829305610729145e+00
4.111012219729676787e+00 -1.560650721713889855e+00 2.152589046183640831e-01 -1.775909626332253355e+00
4.112123577809250641e+00 -1.555462286804871752e+00 2.358353484727719052e-01 -1.791297635277645739e+00
4.113234935888823607e+00 -1.549862700079104316e+00 2.570806469381326509e-01 -1.806943347017242907e+00
4.114346293968397461e+00 -1.543919391703048261e+00 2.788873772909340465e-01 -1.822806768993983750e+00
4.115457652047970427e+00 -1.537651543839129387e+00 3.012243759152364309e-01 -1.838875919754369370e+00
4.116569010127543393e+00 -1.531010568480431155e+00 3.241609151168615699e-01 -1.855171483597293669e+00
4.117680368207116359e+00 -1.523884984581854729e+00 3.478498910782632514e-01 -1.871734875660123310e+00
4.118791726286690213e+00 -1.516132925762098793e+00 3.724696765375688501e-01 -1.888602602299670918e+00
4.119903084366263180e+00 -1.507635875112770307e+00 3.981394848295821687e-01 -1.905775359942353919e+00
4.121014442445837034e+00 -1.498358399279213771e+00 4.248349991984919360e-01 -1.923193398477708982e+00
4.122125800525410000e+00 -1.488393806497753769e+00 4.523352563988851105e-01 -1.940729062896641155e+00
4.123237158604982966e+00 -1.477976939721388661e+00 4.802260846433583641e-01 -1.958203024364748357e+00
4.124348516684555932e+00 -1.467453064857173528e+00 5.079705716561463413e-01 -1.975423636513322645e+00
4.125459874764128898e+00 -1.457204250741182650e+00 5.350368970569606697e-01 -1.992241147798144763e+00
4.126571232843702752e+00 -1.447548281192607256e+00 5.610542696369609228e-01 -2.008602550829567956e+00
4.127682590923275718e+00 -1.438635787126836041e+00 5.859548762077461115e-01 -2.024590663334581819e+00
4.128793949002849573e+00 -1.430375299129002409e+00 6.100583101006629150e-01 -2.040433609229667766e+00
4.129905307082422539e+00 -1.422411417000152500e+00 6.340664083605359602e-01 -2.056477825360688350e+00
4.131016665161995505e+00 -1.414168864423690941e+00 6.589584800053921443e-01 -2.073127344429086971e+00
4.132128023241568471e+00 -1.404957892579026923e+00 6.858038869793061654e-01 -2.090761779558337974e+00
4.133239381321142325e+00 -1.394119042294735600e+00 7.155333226561041426e-01 -2.109652364950842962e+00
4.134350739400715291e+00 -1.381172738695765734e+00 7.487246881913258711e-01 -2.129897426887099154e+00
4.135462097480288257e+00 -1.365935483880715617e+00 7.854594171509237110e-01 -2.151394901031640217e+00
4.136573455559862111e+00 -1.348571065151790149e+00 8.252896488582324164e-01 -2.173860714010021677e+00
4.137684813639435077e+00 -1.329560817545089035e+00 8.673293969820458083e-01 -2.196890214527138951e+00
4.138796171719008044e+00 -1.309597558053215982e+00 9.104509153771228602e-01 -2.220048473430341396e+00
4.139907529798581010e+00 -1.289427799391594576e+00 9.535395220809207428e-01 -2.242967321472513209e+00
4.141018887878154864e+00 -1.269680736118340425e+00 9.957440243806036095e-01 -2.265424760498943701e+00
4.142130245957727830e+00 -1.250726367642880144e+00 1.036660277353084636e+00 -2.287386644995962115e+00
4.143241604037301684e+00 -1.232597816683849157e+00 1.076402456339701219e+00 -2.309000273023554151e+00
4.144352962116874650e+00 -1.214996346417927420e+00 1.115545837921586125e+00 -2.330542184339514211e+00
4.145464320196447616e+00 -1.197376257018438084e+00 1.154958354350658745e+00 -2.352334611369094830e+00
4.146575678276020582e+00 -1.179086519572134506e+00 1.195566803812088574e+00 -2.374653323384229964e+00
4.147687036355594437e+00 -1.159532108913968962e+00 1.238119623851054785e+00 -2.397651732765028854e+00
4.148798394435167403e+00 -1.138314104635478552e+00 1.283007373102611481e+00 -2.421321477738091588e+00
4.149909752514740369e+00 -1.115314513422102749e+00 1.330185018249415041e+00 -2.445499531671520010e+00
4.151021110594314223e+00 -1.090707249450955096e+00 1.379211785341018626e+00 -2.469919034791972834e+00
4.152132468673887189e+00 -1.064896360127870922e+00 1.429392718043425381e+00 -2.494289078171302965e+00
4.153243826753460155e+00 -1.038401017334939835e+00 1.479979899205882798e+00 -2.518380916540821968e+00
4.154355184833033121e+00 -1.011719195338719235e+00 1.530377476855633967e+00 -2.542096672194351648e+00
4.155466542912606975e+00 -9.852053792367685414e-01 1.580296462140662550e+00 -2.565501841377431980e+00
4.156577900992179941e+00 -9.589917267315919425e-01 1.629821537402860843e+00 -2.588813264134456560e+00
4.157689259071753796e+00 -9.329690100585530388e-01 1.679377667087692760e+00 -2.612346677146247576e+00
4.158800617151326762e+00 -9.068273457263851256e-01 1.729611641379954934e+00 -2.636438987106338061e+00
4.159911975230899728e+00 -8.801417092353663874e-01 1.781225189981897605e+00 -2.661366899217266102e+00
4.161023333310472694e+00 -8.524773592353193097e-01 1.834806423399820030e+00 -2.687283782635142781e+00
4.162134691390046548e+00 -8.234876938617616826e-01 1.890703060557786586e+00 -2.714190754419552043e+00
4.163246049469619514e+00 -7.929817267765876254e-01 1.948966060096245512e+00 -2.741947786872835024e+00
4.164357407549192480e+00 -7.609483521881400536e-01 2.009370897133887723e+00 -2.770319249322026334e+00
4.165468765628766334e+00 -7.275366918902127500e-01 2.071502318335305404e+00 -2.799039010225522706e+00
4.166580123708339300e+00 -6.930026775647961657e-01 2.134872979729375952e+00 -2.827875657294169454e+00
4.167691481787912267e+00 -6.576389417669379345e-01 2.199040739256221233e+00 -2.856679681023159389e+00
4.168802839867485233e+00 -6.217067763841442884e-01 2.263694205610302213e+00 -2.885400981994445502e+00
4.169914197947059087e+00 -5.853856444926877067e-01 2.328689001393265290e+00 -2.914074645885947668e+00
4.171025556026632053e+00 -5.487490708068737399e-01 2.394033514555973685e+00 -2.942782585362853531e+00
4.172136914106205907e+00 -5.117679412260169869e-01 2.459837525967951688e+00 -2.971605467193966454e+00
4.173248272185778873e+00 -4.743355259134721669e-01 2.526245858182622595e+00 -3.000581384096093984e+00
4.174359630265351839e+00 -4.363044620355137626e-01 2.593380115271024078e+00 -3.029684577306539506e+00
4.175470988344924805e+00 -3.975250639622889826e-01 2.661305290903904552e+00 -3.058830354866197254e+00
4.176582346424497771e+00 -3.578762612431595214e-01 2.730027296733551267e+00 -3.087903557976708235e+00
4.177693704504071626e+00 -3.172841010395435202e-01 2.799516198600331851e+00 -3.116800299639879590e+00
4.178805062583645480e+00 -2.757267552912472941e-01 2.869741821257596026e+00 -3.145468576548840378e+00
4.179916420663218446e+00 -2.332282073091247188e-01 2.940705705367100187e+00 -3.173933912676230928e+00
4.181027778742791412e+00 -1.898446166935665314e-01 3.012456498801105109e+00 -3.202301115494680328e+00
4.182139136822364378e+00 -1.456477106196314708e-01 3.085083141547771746e+00 -3.230730852167405409e+00
4.183250494901937344e+00 -1.007088130711582125e-01 3.158688823401897494e+00 -3.259397636473063908e+00
4.184361852981511198e+00 -5.508589850816161815e-02 3.233355612318574490e+00 -3.288441510826736192e+00
4.185473211061084164e+00 -8.814883791631996854e-03 3.309112640075124290e+00 -3.317927523866760264e+00
4.186584569140658019e+00 3.809444536491173039e-02 3.385919055349717155e+00 -3.347824609984806798e+00
4.187695927220230985e+00 8.565792379896633446e-02 3.463667505016081005e+00 -3.378009581217112256e+00
4.188807285299803951e+00 1.339122282157724775e-01 3.542206786136444574e+00 -3.408294557920671597e+00
4.189918643379376917e+00 1.829064696790261846e-01 3.621376046195411202e+00 -3.438469576516387516e+00
4.191030001458949883e+00 2.326913081614635781e-01 3.701039559340864926e+00 -3.468348251179401043e+00
4.192141359538523737e+00 2.833073766302130481e-01 3.781111607369811001e+00 -3.497804230739602449e+00
4.193252717618097591e+00 3.347753226484944666e-01 3.861564913811925681e+00 -3.526789591163433712e+00
4.194364075697670557e+00 3.870898702983496253e-01 3.942421855707098466e+00 -3.555331985408753948e+00
4.195475433777243524e+00 4.402197481112086197e-01 4.023733225668848057e+00 -3.583513477557642712e+00
4.196586791856816490e+00 4.941141054330810967e-01 4.105552776494156397e+00 -3.611438671061069972e+00
4.197698149936389456e+00 5.487143972089278954e-01 4.187916141017040239e+00 -3.639201743808114120e+00
4.198809508015963310e+00 6.039691088455625412e-01 4.270830113566674413e+00 -3.666861004721114536e+00
4.199920866095536276e+00 6.598476356254270314e-01 4.354273863220520013e+00 -3.694426227595091206e+00
4.201032224175110130e+00 7.163495260710807111e-01 4.438209136243217223e+00 -3.721859610172138844e+00
4.202143582254683096e+00 7.735062790962119461e-01 4.522593528434057930e+00 -3.749087249337846206e+00
4.203254940334256062e+00 8.313747495888313965e-01 4.607390445238887189e+00 -3.776015695650059456e+00
4.204366298413829028e+00 8.900234746028935495e-01 4.692571426200727203e+00 -3.802547951597835318e+00
4.205477656493401994e+00 9.495152431369418000e-01 4.778110172387482812e+00 -3.828594929250542123e+00
4.206589014572975849e+00 1.009890404022406152e+00 4.863971408007190966e+00 -3.854081003984782594e+00
4.207700372652549703e+00 1.071155376177360008e+00 4.950100158199120415e+00 -3.878944782021763071e+00
4.208811730732122669e+00 1.133279572870823149e+00 5.036417197916998489e+00 -3.903137625046175785e+00
4.209923088811695635e+00 1.196201804942557123e+00 5.122824249883203507e+00 -3.926622444940647938e+00
4.211034446891268601e+00 1.259844765968062275e+00 5.209218785126200402e+00 -3.949374019158135241e+00
4.212145804970841567e+00 1.324134085291670093e+00 5.295514382574149970e+00 -3.971380297282482985e+00
4.213257163050415421e+00 1.389017217878001587e+00 5.381659982570411671e+00 -3.992642764692412527e+00
4.214368521129988387e+00 1.454477426059102241e+00 5.467651026854309038e+00 -4.013173600795204798e+00
4.215479879209562242e+00 1.520539279762377793e+00 5.553527620436654821e+00 -4.032988340674278582e+00
4.216591237289135208e+00 1.587264143252795634e+00 5.639358816301338173e+00 -4.052094673048541651e+00
4.217702595368708174e+00 1.654736513738221282e+00 5.725216611780039599e+00 -4.070480098041820760e+00
4.218813953448281140e+00 1.723044257479830810e+00 5.811146764528668740e+00 -4.088102507048836820e+00
4.219925311527854106e+00 1.792257259396713209e+00 5.897144908719577749e+00 -4.104887649322868981e+00
4.221036669607427960e+00 1.862409452758489126e+00 5.983145204518848459e+00 -4.120735751760364884e+00
4.222148027687001814e+00 1.933488548918905092e+00 6.069025262900549222e+00 -4.135536713981650792e+00
4.223259385766574781e+00 2.005436192721716804e+00 6.154626442236724060e+00 -4.149190249515005036e+00
4.224370743846147747e+00 2.078159057228226914e+00 6.239784245652615802e+00 -4.161625188424393329e+00
4.225482101925720713e+00 2.151549002385419573e+00 6.324360767847868381e+00 -4.172811765462451916e+00
4.226593460005293679e+00 2.225508330002960555e+00 6.408270723316158879e+00 -4.182762393313201876e+00
4.227704818084867533e+00 2.299974803397178302e+00 6.491494559589000346e+00 -4.191519756191822488e+00
4.228816176164440499e+00 2.374940783420337986e+00 6.574075825630262493e+00 -4.199135042209922730e+00
4.229927534244014353e+00 2.450461708557117202e+00 6.656104173769078258e+00 -4.205642465211964165e+00
4.231038892323587319e+00 2.526651140150898645e+00 6.737688898020763872e+00 -4.211037757869864784e+00
4.232150250403160285e+00 2.603662389971278301e+00 6.818929834208073970e+00 -4.215267444236798333e+00
4.233261608482733251e+00 2.681659816044831501e+00 6.899892407586788678e+00 -4.218232591541959842e+00
4.234372966562306217e+00 2.760785546553667480e+00 6.980591859462814242e+00 -4.219806312909146762e+00
4.235484324641880072e+00 2.841128997366961784e+00 7.060988924006490919e+00 -4.219859926639524694e+00
4.236595682721453926e+00 2.922706571486831439e+00 7.140996352540209813e+00 -4.218289781053378817e+00
4.237707040801026892e+00 3.005457170534260314e+00 7.220493471032036759e+00 -4.215036300497779997e+00
4.238818398880599858e+00 3.089255833528345541e+00 7.299344846325080738e+00 -4.210089012796737862e+00
4.239929756960172824e+00 3.173943600459810721e+00 7.377419153686986419e+00 -4.203475553227175254e+00
4.241041115039745790e+00 3.259367549361842364e+00 7.454605171163978028e+00 -4.195237621802138328e+00
4.242152473119319644e+00 3.345421946201035279e+00 7.530823005771279277e+00 -4.185401059570240001e+00
4.243263831198892611e+00 3.432080466586916234e+00 7.606029758583942701e+00 -4.173949291997026911e+00
4.244375189278466465e+00 3.519410940610179672e+00 7.680219627318365383e+00 -4.160808686708186599e+00
4.245486547358039431e+00 3.607567863945840614e+00 7.753418924134205525e+00 -4.145851060188366688e+00
4.246597905437612397e+00 3.696763205873379476e+00 7.825676814066733655e+00 -4.128913608193355067e+00
4.247709263517185363e+00 3.787221557025624463e+00 7.897052944910075922e+00 -4.109831387884455012e+00
4.248820621596758329e+00 3.879129969003848988e+00 7.967603626204542877e+00 -4.088473657200694333e+00
4.249931979676332183e+00 3.972594740676176794e+00 8.037368730884415058e+00 -4.064773990208241372e+00
4.251043337755906038e+00 4.067616266732521524e+00 8.106361795376253454e+00 -4.038745528643734595e+00
4.252154695835479004e+00 4.164089023668143597e+00 8.174565600878167970e+00 -4.010476577210031479e+00
4.253266053915051970e+00 4.261827746061406685e+00 8.241934658680353465e+00 -3.980106912618947224e+00
4.254377411994624936e+00 4.360614325629446952e+00 8.308404554186765267e+00 -3.947790228557324088e+00
4.255488770074197902e+00 4.460254616428109387e+00 8.373906349819289829e+00 -3.913651733391186216e+00
4.256600128153771756e+00 4.560631563553847023e+00 8.438382715432947379e+00 -3.877751151879100799e+00
4.257711486233344722e+00 4.661741659773917412e+00 8.501801676823891540e+00 -3.840060017049977681e+00
4.258822844312918576e+00 4.763705585558462907e+00 8.564164203676709164e+00 -3.800458618118248477e+00
4.259934202392491542e+00 4.866750067446083072e+00 8.625503325191798965e+00 -3.758753257745715892e+00
4.261045560472064508e+00 4.971164956082663622e+00 8.685874717649198828e+00 -3.714709761566539203e+00
4.262156918551637474e+00 5.077245533729773719e+00 8.745341117321693503e+00 -3.668095583591916675e+00
4.263268276631210441e+00 5.185233617081619784e+00 8.803954743907651093e+00 -3.618721126826033974e+00
4.264379634710784295e+00 5.295271262743440843e+00 8.861742588053500569e+00 -3.566471325310061058e+00
4.265490992790357261e+00 5.407377789243224875e+00 8.918698681032061870e+00 -3.511320891788836107e+00
4.266602350869931115e+00 5.521455208090775280e+00 8.974785520524372728e+00 -3.453330312433604110e+00
4.267713708949504081e+00 5.637320416111231580e+00 9.029944250432990316e+00 -3.392623834321760068e+00
4.268825067029077047e+00 5.754756283102621772e+00 9.084110759851458994e+00 -3.329354476748838554e+00
4.269936425108650013e+00 5.873569534434646577e+00 9.137233300273944536e+00 -3.263663765839299291e+00
4.271047783188223868e+00 5.993642013612937802e+00 9.189286961411529120e+00 -3.195644947798591318e+00
4.272159141267796834e+00 6.114963727034679941e+00 9.240281417839453226e+00 -3.125317690804781723e+00
4.273270499347370688e+00 6.237640497622151337e+00 9.290260374105969277e+00 -3.052619876483822381e+00
4.274381857426943654e+00 6.361874986754418870e+00 9.339293439999064361e+00 -2.977418453244642826e+00
4.275493215506516620e+00 6.487925894787180070e+00 9.387463062584792794e+00 -2.899537167797609172e+00
4.276604573586089586e+00 6.616054965944589306e+00 9.434850113841164898e+00 -2.818795147896573816e+00
4.277715931665662552e+00 6.746473981103432216e+00 9.481521604159784289e+00 -2.735047623056349853e+00
4.278827289745236406e+00 6.879303730897550651e+00 9.527522947090664829e+00 -2.648219216193108849e+00
4.279938647824809372e+00 7.014554136043465782e+00 9.572875687389556632e+00 -2.558321551346097067e+00
4.281050005904383227e+00 7.152129887775019235e+00 9.617580152756348255e+00 -2.465450264981324580e+00
4.282161363983956193e+00 7.291860277708832605e+00 9.661621519413801096e+00 -2.369761241704968935e+00
4.283272722063529159e+00 7.433546500477882013e+00 9.704977470344070767e+00 -2.271430969866192306e+00
4.284384080143102125e+00 7.577015792688321483e+00 9.747625880785252050e+00 -2.170610088096927459e+00
4.285495438222675979e+00 7.722170162172793617e+00 9.789551507577167300e+00 -2.067381345404365689e+00
4.286606796302248945e+00 7.869018532645465136e+00 9.830751164352916405e+00 -1.961732631707448604e+00
4.287718154381822799e+00 8.017684694598569806e+00 9.871237118348011208e+00 -1.853552423749442513e+00
4.288829512461395765e+00 8.168388790958525547e+00 9.911038428005788603e+00 -1.742649637047261946e+00
4.289940870540968731e+00 8.321406043790258167e+00 9.950199822728013288e+00 -1.628793778937760006e+00
4.291052228620541698e+00 8.477011725511323093e+00 9.988777764133681458e+00 -1.511766038622360808e+00
4.292163586700114664e+00 8.635424764177782819e+00 1.002683372084559110e+01 -1.391408956667800734e+00
4.293274944779688518e+00 8.796762991280258959e+00 1.006442545031105595e+01 -1.267662459030792332e+00
4.294386302859261484e+00 8.961020635311585991e+00 1.010159799475728981e+01 -1.140577359445701822e+00
4.295497660938835338e+00 9.128073681614472079e+00 1.013837677830914785e+01 -1.010303096694678437e+00
4.296609019018408304e+00 9.297712250584659444e+00 1.017476523664678822e+01 -8.770529860621322227e-01
4.297720377097981270e+00 9.469692704875408040e+00 1.021074858719130951e+01 -7.410558823158976960e-01
4.298831735177554236e+00 9.643797363352433649e+00 1.024630373551901208e+01 -6.025063721665826488e-01
4.299943093257128091e+00 9.819887726744473966e+00 1.028141333266673030e+01 -4.615256059222596630e-01
4.301054451336701057e+00 9.997938585919117216e+00 1.031608030183394753e+01 -3.181417159148273721e-01
4.302165809416274911e+00 1.017804500664756162e+01 1.035033840949026818e+01 -1.722934028427096642e-01
4.303277167495847877e+00 1.036040085430981428e+01 1.038425509027467974e+01 -2.385423596486799941e-02
4.304388525575420843e+00 1.054525455928927258e+01 1.041792473267775421e+01 1.273298266115139854e-01
4.305499883654993809e+00 1.073285341076837796e+01 1.045145348417655207e+01 2.813999265918238346e-01
4.306611241734566775e+00 1.092339033451120223e+01 1.048493946129187826e+01 4.384508732193234670e-01
4.307722599814140629e+00 1.111696615039145897e+01 1.051845407902573015e+01 5.985120713657269276e-01
4.308833957893713595e+00 1.131357598160028921e+01 1.055203031780737533e+01 7.615456637929082229e-01
4.309945315973287450e+00 1.151312197958575467e+01 1.058566192630824432e+01 9.274600532775078010e-01
4.311056674052860416e+00 1.171544761553556135e+01 1.061931426649768895e+01 1.096133349037866855e+00
4.312168032132433382e+00 1.192038335360767043e+01 1.065294374223809548e+01 1.267439611369577168e+00
4.313279390212006348e+00 1.212779101894272138e+01 1.068651975736277038e+01 1.441271261579949448e+00
4.314390748291579314e+00 1.233759522040937284e+01 1.072004199607195041e+01 1.617553224337419771e+00
4.315502106371153168e+00 1.254979438808964076e+01 1.075354702503665294e+01 1.796247363052986490e+00
4.316613464450727022e+00 1.276445005497613217e+01 1.078710152731623140e+01 1.977348527659898103e+00
4.317724822530299988e+00 1.298165916350143689e+01 1.082078390125859713e+01 2.160875262242844652e+00
4.318836180609872955e+00 1.320151864852082646e+01 1.085466005896959629e+01 2.346858589551231500e+00
4.319947538689445921e+00 1.342409312000485855e+01 1.088876162704878503e+01 2.535331492956076183e+00
4.321058896769018887e+00 1.364939481233573737e+01 1.092307448124619107e+01 2.726320331089542304e+00
4.322170254848592741e+00 1.387738071964234798e+01 1.095754257290994715e+01 2.919838146732404827e+00
4.323281612928165707e+00 1.410796638276087833e+01 1.099208717347016062e+01 3.115879209290729257e+00
4.324392971007739561e+00 1.434105082560776623e+01 1.102663648744472447e+01 3.314414338163035989e+00
4.325504329087312527e+00 1.457654413343536781e+01 1.106115676946582660e+01 3.515387363969537660e+00
4.326615687166885493e+00 1.481438893892196518e+01 1.109567495965786499e+01 3.718713979264100633e+00
4.327727045246458459e+00 1.505456956205371988e+01 1.113028492457433316e+01 3.924284637479380944e+00
4.328838403326031425e+00 1.529710682937441746e+01 1.116513412603415745e+01 4.131972703340260900e+00
4.329949761405605280e+00 1.554204124861619185e+01 1.120039351242338910e+01 4.341647736192805418e+00
4.331061119485179134e+00 1.578941075263757376e+01 1.123621875838048645e+01 4.553191994257093533e+00
4.332172477564752100e+00 1.603923058403385937e+01 1.127271394199544297e+01 4.766516642038423512e+00
4.333283835644325066e+00 1.629148173980746961e+01 1.130990833622406200e+01 4.981573403583402282e+00
4.334395193723898032e+00 1.654611122214132024e+01 1.134775325972267801e+01 5.198357962418635125e+00
4.335506551803470998e+00 1.680304326554733052e+01 1.138614000315673458e+01 5.416903262390604823e+00
4.336617909883044852e+00 1.706219709927238526e+01 1.142493355790340459e+01 5.637263541368979780e+00
4.337729267962617818e+00 1.732350482055068497e+01 1.146401219178809150e+01 5.859492628762596134e+00
4.338840626042191673e+00 1.758692318837123736e+01 1.150330130305339615e+01 6.083621885317843869e+00
4.339951984121764639e+00 1.785243544056682907e+01 1.154279192431950563e+01 6.309643516247325223e+00
4.341063342201337605e+00 1.812004275918357266e+01 1.158253909740827226e+01 6.537503661775303065e+00
4.342174700280910571e+00 1.838974855149612964e+01 1.162264153659818788e+01 6.767107014897944417e+00
4.343286058360483537e+00 1.866154109812962147e+01 1.166320957776028422e+01 6.998331520369337255e+00
4.344397416440057391e+00 1.893538058407501978e+01 1.170433164454695607e+01 7.231048939528059272e+00
4.345508774519631245e+00 1.921119496785697223e+01 1.174604940938919029e+01 7.465145558467775722e+00
4.346620132599204211e+00 1.948888612620942240e+01 1.178834862040992526e+01 7.700537505799490035e+00
4.347731490678777178e+00 1.976834427086522794e+01 1.183116734341699328e+01 7.937176927448237329e+00
4.348842848758350144e+00 2.004946591803737377e+01 1.187441787435406404e+01 8.175048043683318610e+00
4.349954206837923110e+00 2.033216957913755252e+01 1.191801457373321860e+01 8.414155005404330367e+00
4.351065564917496964e+00 2.061640416173722556e+01 1.196189856437151455e+01 8.654505597365711012e+00
4.352176922997069930e+00 2.090214750773726138e+01 1.200605188939429091e+01 8.896095618342970468e+00
4.353288281076643784e+00 2.118939571434476576e+01 1.205049763828723819e+01 9.138898076057522246e+00
4.354399639156216750e+00 2.147814681431324146e+01 1.209528729991357032e+01 9.382859514399669365e+00
4.355510997235789716e+00 2.176838409241861072e+01 1.214048057799356783e+01 9.627903514425042886e+00
4.356622355315362682e+00 2.206006427335642783e+01 1.218612484315782929e+01 9.873939430198600320e+00
4.357733713394935648e+00 2.235311410417817868e+01 1.223224079375595430e+01 1.012087331042222615e+01
4.358845071474509503e+00 2.264743608380144479e+01 1.227881814549048833e+01 1.036861793831096001e+01
4.359956429554083357e+00 2.294292119474168246e+01 1.232582137042893322e+01 1.061709982431274035e+01
4.361067787633656323e+00 2.323946440277945058e+01 1.237320205494860659e+01 1.086626234783084932e+01
4.362179145713229289e+00 2.353697804122660742e+01 1.242091252962226378e+01 1.111606551160434364e+01
4.363290503792802255e+00 2.383539912454369158e+01 1.246891561033002560e+01 1.136648351421366776e+01
4.364401861872375221e+00 2.413468876069405056e+01 1.251718735826219664e+01 1.161750140243185569e+01
4.365513219951949075e+00 2.443482440459338889e+01 1.256571282437334780e+01 1.186911158022004109e+01
4.366624578031522041e+00 2.473578786460293344e+01 1.261447758139753716e+01 1.212131028320539805e+01
4.367735936111095896e+00 2.503755307019656229e+01 1.266345939355494821e+01 1.237409367664160520e+01
4.368847294190668862e+00 2.534007735337878842e+01 1.271262409101429292e+01 1.262745326236449017e+01
4.369958652270241828e+00 2.564329857108299748e+01 1.276192777849743365e+01 1.288137079258556561e+01
4.371070010349814794e+00 2.594713835348266784e+01 1.281132472072783557e+01 1.313581363275483049e+01
4.372181368429387760e+00 2.625150981955201601e+01 1.286077773002681113e+01 1.339073208952519778e+01
4.373292726508961614e+00 2.655632688386769402e+01 1.291026663521255813e+01 1.364606024865513945e+01
4.374404084588535468e+00 2.686151212181628978e+01 1.295979094157537048e+01 1.390172118024092285e+01
4.375515442668108435e+00 2.716700101286065916e+01 1.300936491755016533e+01 1.415763609531049561e+01
4.376626800747681401e+00 2.747274185283404080e+01 1.305900626464535463e+01 1.441373558818868439e+01
4.377738158827254367e+00 2.777869214769415152e+01 1.310872212562581041e+01 1.466997002206834289e+01
4.378849516906827333e+00 2.808481333857588425e+01 1.315849744819366940e+01 1.492631589038220774e+01
4.379960874986401187e+00 2.839106594853521059e+01 1.320829012256637114e+01 1.518277582596884123e+01
4.381072233065974153e+00 2.869740668948802664e+01 1.325803502024983693e+01 1.543937166923819682e+01
4.382183591145548007e+00 2.900378802045531401e+01 1.330765588819370926e+01 1.569613213226160653e+01
4.383294949225120973e+00 2.931015956428306879e+01 1.335708115680930597e+01 1.595307840747375394e+01
4.384406307304693939e+00 2.961647010707202554e+01 1.340625818461274754e+01 1.621021192245928688e+01
4.385517665384266905e+00 2.992266887172818102e+01 1.345516088869695359e+01 1.646750798303122210e+01
4.386629023463839872e+00 3.022870534650138552e+01 1.350378798894940502e+01 1.672491735755198050e+01
4.387740381543413726e+00 3.053452787638929422e+01 1.355215243066194297e+01 1.698237544572735302e+01
4.388851739622987580e+00 3.084008206754552361e+01 1.360026574660804144e+01 1.723981632093747862e+01
4.389963097702560546e+00 3.114531042329950949e+01 1.364812300648179288e+01 1.749718741681772372e+01
4.391074455782133512e+00 3.145015432698787095e+01 1.369569386758230323e+01 1.775446045940557127e+01
4.392185813861706478e+00 3.175455858833567646e+01 1.374292310035920828e+01 1.801163548797646641e+01
4.393297171941279444e+00 3.205847760669561097e+01 1.378974056249711388e+01 1.826873704419850242e+01
4.394408530020853298e+00 3.236188123889043311e+01 1.383607715304212959e+01 1.852580408584829996e+01
4.395519888100426265e+00 3.266475811224100312e+01 1.388188104515429799e+01 1.878287706708670513e+01
4.396631246180000119e+00 3.296711460750639588e+01 1.392712830244403399e+01 1.903998630506236367e+01
4.397742604259573085e+00 3.326896896380830526e+01 1.397182392969951792e+01 1.929714503410879445e+01
4.398853962339146051e+00 3.357034155415669829e+01 1.401599281753773063e+01 1.955434873661896589e+01
4.399965320418719017e+00 3.387124380684612390e+01 1.405966369387095050e+01 1.981158011297517163e+01
4.401076678498291983e+00 3.417166898677103859e+01 1.410285176873408552e+01 2.006881721803694418e+01
4.402188036577865837e+00 3.447158779059478917e+01 1.414554630269638302e+01 2.032604148789841858e+01
4.403299394657439692e+00 3.477095046618120477e+01 1.418770761739188480e+01 2.058324284878932886e+01
4.404410752737012658e+00 3.506969529065271018e+01 1.422927469122716460e+01 2.084042059942554914e+01
4.405522110816585624e+00 3.536776131196748452e+01 1.427018064893749560e+01 2.109758066302997292e+01
4.406633468896158590e+00 3.566510189465728331e+01 1.431037054899176120e+01 2.135473134566552389e+01
4.407744826975731556e+00 3.596169526327081911e+01 1.434981496780534727e+01 2.161188029546547895e+01
4.408856185055305410e+00 3.625754903903710868e+01 1.438851433174260386e+01 2.186903470729450660e+01
4.409967543134878376e+00 3.655269748052884893e+01 1.442649226155665332e+01 2.212620521897218850e+01
4.411078901214452230e+00 3.684719223904899366e+01 1.446378018874591653e+01 2.238341205030306824e+01
4.412190259294025196e+00 3.714108927495766466e+01 1.450039873332936224e+01 2.264069054162828465e+01
4.413301617373598162e+00 3.743443559405091037e+01 1.453634260887019636e+01 2.289809298518071401e+01
4.414412975453171128e+00 3.772725936545073466e+01 1.457157464849252015e+01 2.315568471695821628e+01
4.415524333532744095e+00 3.801956584414998730e+01 1.460603131581363634e+01 2.341353452833635274e+01
4.416635691612317949e+00 3.831133973748814014e+01 1.463963792485989934e+01 2.367170181262824258e+01
4.417747049691891803e+00 3.860255280682513046e+01 1.467232824137215452e+01 2.393022456545297061e+01
4.418858407771464769e+00 3.889317415483021279e+01 1.470406148175805150e+01 2.418911267307216661e+01
4.419969765851037735e+00 3.918318019006200359e+01 1.473483060032199177e+01 2.444834958974001893e+01
4.421081123930610701e+00 3.947256174958867803e+01 1.476465887838733515e+01 2.470790287120134465e+01
4.422192482010183667e+00 3.976132704963220732e+01 1.479358608770458794e+01 2.496774096192761050e+01
4.423303840089757522e+00 4.004950056527464852e+01 1.482164934343686191e+01 2.522785122183778483e+01
4.424415198169330488e+00 4.033711911396262906e+01 1.484886575979836998e+01 2.548825335416424664e+01
4.425526556248904342e+00 4.062422696931520960e+01 1.487522339646068126e+01 2.574900357285453012e+01
4.426637914328477308e+00 4.091087165074884524e+01 1.490068391272181181e+01 2.601018773802702810e+01
4.427749272408050274e+00 4.119710128629129997e+01 1.492519591960533987e+01 2.627190536668596721e+01
4.428860630487623240e+00 4.148296349405551808e+01 1.494871386414761361e+01 2.653424962990789737e+01
4.429971988567196206e+00 4.176850498531675271e+01 1.497121497179499450e+01 2.679729001352175644e+01
4.431083346646770060e+00 4.205377086031410272e+01 1.499270725253524361e+01 2.706106360777886266e+01
4.432194704726343026e+00 4.233880292189243733e+01 1.501322477679027934e+01 2.732557814510214200e+01
4.433306062805916881e+00 4.262363709518429999e+01 1.503281125905781224e+01 2.759082583612649131e+01
4.434417420885489847e+00 4.290830085758823742e+01 1.505149770110999974e+01 2.785680315647823591e+01
4.435528778965062813e+00 4.319281206001951290e+01 1.506928265034663283e+01 2.812352940967288006e+01
4.436640137044635779e+00 4.347718038895514070e+01 1.508612334848288228e+01 2.839105704047225842e+01
4.437751495124209633e+00 4.376141194991872396e+01 1.510194258780864196e+01 2.865946936211009088e+01
4.438862853203782599e+00 4.404551628379749673e+01 1.511665053445984519e+01 2.892886574933764976e+01
4.439974211283356453e+00 4.432951398576977198e+01 1.513017503779812500e+01 2.919933894797164697e+01
4.441085569362929419e+00 4.461344244840709905e+01 1.514249012720737220e+01 2.947095232119973929e+01
4.442196927442502385e+00 4.489735742254617890e+01 1.515363204294414246e+01 2.974372537960202578e+01
4.443308285522075352e+00 4.518132913357586489e+01 1.516369564406930515e+01 3.001763348950656152e+01
4.444419643601648318e+00 4.546543334065300712e+01 1.517281041281127507e+01 3.029262292784174093e+01
4.445531001681222172e+00 4.574973946806930059e+01 1.518110246693670362e+01 3.056863700113258631e+01
4.446642359760795138e+00 4.603429917411575900e+01 1.518865450973325792e+01 3.084564466438251529e+01
4.447753717840368992e+00 4.631913897691446635e+01 1.519547742645383082e+01 3.112366155046062488e+01
4.448865075919941958e+00 4.660425964822963607e+01 1.520150438432590967e+01 3.140275526390373173e+01
4.449976433999514924e+00 4.688964321315705774e+01 1.520661146795601049e+01 3.168303174520104548e+01
4.451087792079087890e+00 4.717526608981458480e+01 1.521066015067432886e+01 3.196460593914026660e+01
4.452199150158661745e+00 4.746111488080862273e+01 1.521354911143738065e+01 3.224756576937124919e+01
4.453310508238234711e+00 4.774720025189574102e+01 1.521525875392354266e+01 3.253194149797219836e+01
4.454421866317808565e+00 4.803356460063135103e+01 1.521587289797908937e+01 3.281769170265225455e+01
4.455533224397381531e+00 4.832028081919494156e+01 1.521556845245271639e+01 3.310471236674221984e+01
4.456644582476954497e+00 4.860744196098239200e+01 1.521457366543454981e+01 3.339286829554786351e+01
4.457755940556527463e+00 4.889514430149557711e+01 1.521310577920775486e+01 3.368203852228782580e+01
4.458867298636100429e+00 4.918346833417295727e+01 1.521130629799284684e+01 3.397216203618010155e+01
4.459978656715674283e+00 4.947246302591062772e+01 1.520919408579336540e+01 3.426326894011727120e+01
4.461090014795247249e+00 4.976213791026901134e+01 1.520665224908650970e+01 3.455548566118249454e+01
4.462201372874821104e+00 5.005246550950413109e+01 1.520345529070374013e+01 3.484901021880038030e+01
4.463312730954394070e+00 5.034339374042845350e+01 1.519933109833415408e+01 3.514406264209430475e+01
4.464424089033967036e+00 5.063486518639549416e+01 1.519404156117592208e+01 3.544082362521957918e+01
4.465535447113540002e+00 5.092683819859807670e+01 1.518745933557957706e+01 3.573937886301849431e+01
4.466646805193112968e+00 5.121930425846610291e+01 1.517961853175172315e+01 3.603968572671439574e+01
4.467758163272686822e+00 5.151229701582816745e+01 1.517072392685477844e+01 3.634157308897339078e+01
4.468869521352260676e+00 5.180589060905972332e+01 1.516111477731733181e+01 3.664477583174238617e+01
4.469980879431833642e+00 5.210018764041454631e+01 1.515119204129427644e+01 3.694899559912028764e+01
4.471092237511406609e+00 5.239529975797464800e+01 1.514132808284984932e+01 3.725397167512480934e+01
4.472203595590979575e+00 5.269132551472646497e+01 1.513178272532047153e+01 3.755954278940600233e+01
4.473314953670552541e+00 5.298833064125519599e+01 1.512264752526701450e+01 3.786568311598819747e+01
4.474426311750126395e+00 5.328633505285921501e+01 1.511383205798048479e+01 3.817250299487874798e+01
4.475537669829699361e+00 5.358530912675429647e+01 1.510509432502419713e+01 3.848021480173009934e+01
4.476649027909273215e+00 5.388517956279490306e+01 1.509610557871403280e+01 3.878907398408087204e+01
4.477760385988846181e+00 5.418584306349836766e+01 1.508653128063109605e+01 3.909931178286728226e+01
4.478871744068419147e+00 5.448718460376219497e+01 1.507610684518997068e+01 3.941107775857222606e+01
4.479983102147992113e+00 5.478909645342451284e+01 1.506468980965428273e+01 3.972440664377023722e+01
4.481094460227565079e+00 5.509149436463169280e+01 1.505227786130495460e+01 4.003921650332672044e+01
4.482205818307138934e+00 5.539432824074737027e+01 1.503899216319543264e+01 4.035533607755194652e+01
4.483317176386712788e+00 5.569758586344389784e+01 1.502503461388897854e+01 4.067255124955492818e+01
4.484428534466285754e+00 5.600128957138612407e+01 1.501063350251926742e+01 4.099065606886684776e+01
4.485539892545858720e+00 5.630548693495583024e+01 1.499599314768926206e+01 4.130949378726656818e+01
4.486651250625431686e+00 5.661023733394046786e+01 1.498125972916033710e+01 4.162897760478013964e+01
4.487762608705004652e+00 5.691559687510118692e+01 1.496650915457347253e+01 4.194908772052770729e+01
4.488873966784578506e+00 5.722160427556661944e+01 1.495175570197246451e+01 4.226984857359414605e+01
4.489985324864151472e+00 5.752827017660226971e+01 1.493697455436694810e+01 4.259129562223533583e+01
4.491096682943725327e+00 5.783557182265766272e+01 1.492212867745883997e+01 4.291344314519882630e+01
4.492208041023298293e+00 5.814345414398072620e+01 1.490719115221815372e+01 4.323626299176257248e+01
4.493319399102871259e+00 5.845183708504391973e+01 1.489215732534130865e+01 4.355967975970261108e+01
4.494430757182444225e+00 5.876062769776554973e+01 1.487704552231472732e+01 4.388358217545081175e+01
4.495542115262017191e+00 5.906973434591309768e+01 1.486188897016637789e+01 4.420784537574671447e+01
4.496653473341591045e+00 5.937907967554970412e+01 1.484672380294946947e+01 4.453235587260022754e+01
4.497764831421164899e+00 5.968860907953762052e+01 1.483157814291104870e+01 4.485703093662657182e+01
4.498876189500737866e+00 5.999829234333992645e+01 1.481646564546674760e+01 4.518182669787318417e+01
4.499987547580310832e+00 6.030811787721933115e+01 1.480138450580195197e+01 4.550673337141737562e+01
4.501098905659883798e+00 6.061808102451316671e+01 1.478632081712503599e+01 4.583176020738812184e+01
4.502210263739456764e+00 6.092816980774528446e+01 1.477125411208443673e+01 4.615691569566086372e+01
4.503321621819030618e+00 6.123835252684414598e+01 1.475616310778581841e+01 4.648218941905833645e+01
4.504432979898603584e+00 6.154857142010362736e+01 1.474103072671655923e+01 4.680754069338708945e+01
4.505544337978177438e+00 6.185874504499486903e+01 1.472584864114571523e+01 4.713289640384914492e+01
4.506655696057750404e+00 6.216877946271487332e+01 1.471062215638699300e+01 4.745815730632786256e+01
4.507767054137323370e+00 6.247858542043928765e+01 1.469537583138746584e+01 4.778320958905181470e+01
4.508878412216896336e+00 6.278809641074940373e+01 1.468015899207855490e+01 4.810793741867084350e+01
4.509989770296469302e+00 6.309728156025008872e+01 1.466504886245713557e+01 4.843223269779294782e+01
4.511101128376043157e+00 6.340614821539808332e+01 1.465014826563474415e+01 4.875599994976334983e+01
4.512212486455617011e+00 6.371473176665688243e+01 1.463557540201460228e+01 4.907915636464228015e+01
4.513323844535189977e+00 6.402307402373448042e+01 1.462144525466554157e+01 4.940162876906895661e+01
4.514435202614762943e+00 6.433119524848214610e+01 1.460784520865393610e+01 4.972335003982821178e+01
4.515546560694335909e+00 6.463906757828276284e+01 1.459481046941778537e+01 5.004425710886496148e+01
4.516657918773908875e+00 6.494659809629744984e+01 1.458230660553952873e+01 5.036429149075789269e+01
4.517769276853482729e+00 6.525362786302331131e+01 1.457022607973862804e+01 5.068340178328470813e+01
4.518880634933055696e+00 6.555994918678480587e+01 1.455840270574275408e+01 5.100154648104206956e+01
4.519991993012629550e+00 6.586533832405298483e+01 1.454664318297872327e+01 5.131869514107425800e+01
4.521103351092202516e+00 6.616959610813398740e+01 1.453476957019472771e+01 5.163482653793923305e+01
4.522214709171775482e+00 6.647258613260423488e+01 1.452266246347529588e+01 5.194992366912893544e+01
4.523326067251348448e+00 6.677426003345672711e+01 1.451029322718395065e+01 5.226396680627279068e+01
4.524437425330921414e+00 6.707466231380007571e+01 1.449773562368566893e+01 5.257692669011440501e+01
4.525548783410495268e+00 6.737391235400198752e+01 1.448515227627353497e+01 5.288876007772845611e+01
4.526660141490069122e+00 6.767216735481542855e+01 1.447275822935729472e+01 5.319940912545815337e+01
4.527771499569642089e+00 6.796957525534330102e+01 1.446077044374973575e+01 5.350880481159358482e+01
4.528882857649215055e+00 6.826622961359876740e+01 1.444935635575362376e+01 5.381687325784514542e+01
4.529994215728788021e+00 6.856213813655294587e+01 1.443859523400870515e+01 5.412354290254421585e+01
4.531105573808360987e+00 6.885721302175079472e+01 1.442846268398049681e+01 5.442875033777030325e+01
4.532216931887934841e+00 6.915128547844854268e+01 1.441884220316360832e+01 5.473244327528495035e+01
4.533328289967507807e+00 6.944414035111086037e+01 1.440956007322851029e+01 5.503458027788235540e+01
4.534439648047081661e+00 6.973556148415745781e+01 1.440043336605054769e+01 5.533512811810687992e+01
4.535551006126654627e+00 7.002537581946161538e+01 1.439131738824170803e+01 5.563405843121991268e+01
4.536662364206227593e+00 7.031348491466808071e+01 1.438213950074512582e+01 5.593134541392294778e+01
4.537773722285800559e+00 7.059987634897704822e+01 1.437291067664253319e+01 5.622696567233450793e+01
4.538885080365373526e+00 7.088461320160624268e+01 1.436371298202635494e+01 5.652090021957990018e+01
4.539996438444947380e+00 7.116780577451410750e+01 1.435466825161027415e+01 5.681313752290383690e+01
4.541107796524521234e+00 7.144957428529421861e+01 1.434589842310435159e+01 5.710367586218987412e+01
4.542219154604094200e+00 7.173001315089743457e+01 1.433748978286052633e+01 5.739252336803693311e+01
4.543330512683667166e+00 7.200916630888305292e+01 1.432947135963148533e+01 5.767969494925156937e+01
4.544441870763240132e+00 7.228701928018773515e+01 1.432181268590211154e+01 5.796520659428564670e+01
4.545553228842813098e+00 7.256350858947611471e+01 1.431443983783219842e+01 5.824906875164390385e+01
4.546664586922386952e+00 7.283854427648657293e+01 1.430726310677249202e+01 5.853128116971409156e+01
4.547775945001959919e+00 7.311203795292274776e+01 1.430020655428114829e+01 5.881183139864157283e+01
4.548887303081533773e+00 7.338392801965262890e+01 1.429322989676693112e+01 5.909069812288569779e+01
4.549998661161106739e+00 7.365419531117400709e+01 1.428633639295910029e+01 5.936785891821490679e+01
4.551110019240679705e+00 7.392286588132246550e+01 1.427956544006042705e+01 5.964330044126203489e+01
4.552221377320252671e+00 7.419000170079493728e+01 1.427297367615957668e+01 5.991702802463534994e+01
4.553332735399825637e+00 7.445568342853647437e+01 1.426661186887931798e+01 6.018907155965716527e+01
4.554444093479399491e+00 7.471999118331200407e+01 1.426050569863116912e+01 6.045948548468084027e+01
4.555555451558973346e+00 7.498298900760147490e+01 1.425464661282375189e+01 6.072834239477771234e+01
4.556666809638546312e+00 7.524471677479672849e+01 1.424899505478445327e+01 6.099572172001226988e+01
4.557778167718119278e+00 7.550519045066079116e+01 1.424349398281478862e+01 6.126169646784598655e+01
4.558889525797692244e+00 7.576440890206889378e+01 1.423808721049305070e+01 6.152632169157581643e+01
4.560000883877265210e+00 7.602236373041667150e+01 1.423273581488958328e+01 6.178962791552709888e+01
4.561112241956839064e+00 7.627904835041030651e+01 1.422742699474648020e+01 6.205162135566384762e+01
4.562223600036412030e+00 7.653446364827199488e+01 1.422217278789413264e+01 6.231229086037787113e+01
4.563334958115985884e+00 7.678861947376007890e+01 1.421699982115369032e+01 6.257161965260637970e+01
4.564446316195558850e+00 7.704153314160707566e+01 1.421193441128085055e+01 6.282959873032622511e+01
4.565557674275131816e+00 7.729322729400432479e+01 1.420698878447638336e+01 6.308623850952793788e+01
4.566669032354704783e+00 7.754372948801119492e+01 1.420215349774742108e+01 6.334157599026376317e+01
4.567780390434277749e+00 7.779307476896870810e+01 1.419739865883317265e+01 6.359567611013555677e+01
4.568891748513851603e+00 7.804131075615991620e+01 1.419268320666301797e+01 6.384862754949688224e+01
4.570003106593425457e+00 7.828850312861521843e+01 1.418796855237540733e+01 6.410053457623980933e+01
4.571114464672998423e+00 7.853473855629262346e+01 1.418323134205673419e+01 6.435150721423590880e+01
4.572225822752571389e+00 7.878012248302299270e+01 1.417847050212076354e+01 6.460165198090223271e+01
4.573337180832144355e+00 7.902477069333293969e+01 1.417370588139359810e+01 6.485106481193935224e+01
4.574448538911717321e+00 7.926879580247666013e+01 1.416896890807864651e+01 6.509982689439804915e+01
4.575559896991291176e+00 7.951229193266087236e+01 1.416428861230329517e+01 6.534800332035760562e+01
4.576671255070864142e+00 7.975532209535643346e+01 1.415967808434584718e+01 6.559564401101057740e+01
4.577782613150437996e+00 7.999791266302965198e+01 1.415512634727264363e+01 6.584278631575701013e+01
4.578893971230010962e+00 8.024005770461390341e+01 1.415059876653318049e+01 6.608945893808072469e+01
4.580005329309583928e+00 8.048173328891671474e+01 1.414604615903623497e+01 6.633568712988044069e+01
4.581116687389156894e+00 8.072291890941876602e+01 1.414141973535210361e+01 6.658149917406663576e+01
4.582228045468729860e+00 8.096362085763840355e+01 1.413668695531791286e+01 6.682693390232049069e+01
4.583339403548303714e+00 8.120389141249786746e+01 1.413184299390063892e+01 6.707204841859726230e+01
4.584450761627876680e+00 8.144383846240644687e+01 1.412691391474180769e+01 6.731692454766465517e+01
4.585562119707450535e+00 8.168362246803393134e+01 1.412195034096961521e+01 6.756167212706429837e+01
4.586673477787023501e+00 8.192344088063575214e+01 1.411701347924581462e+01 6.780642740138995350e+01
4.587784835866596467e+00 8.216350335903982227e+01 1.411215777209904587e+01 6.805134558694076929e+01
4.588896193946169433e+00 8.240400348504621775e+01 1.410741544621738086e+01 6.829658803882882978e+01
4.590007552025743287e+00 8.264509353195767005e+01 1.410278750717150942e+01 6.854230602478617129e+01
4.591118910105316253e+00 8.288686800063271676e+01 1.409824359408116834e+01 6.878862440655152000e+01
4.592230268184890107e+00 8.312935938205272635e+01 1.409373029646124564e+01 6.903562908559148070e+01
4.593341626264463073e+00 8.337254658581142053e+01 1.408918498457365409e+01 6.928336160123775755e+01
4.594452984344036039e+00 8.361637350799551882e+01 1.408455071986565166e+01 6.953182278812985828e+01
4.595564342423609006e+00 8.386077304738182647e+01 1.407978781001398261e+01 6.978098523736782965e+01
4.596675700503181972e+00 8.410569099600218124e+01 1.407487896351560686e+01 7.003081203248656550e+01
4.597787058582755826e+00 8.435110473731624836e+01 1.406982724289120945e+01 7.028127749442505490e+01
4.598898416662328792e+00 8.459703332871598036e+01 1.406464833102382705e+01 7.053238499769214798e+01
4.600009774741902646e+00 8.484353781639444492e+01 1.405936026047611875e+01 7.078417755591834748e+01
4.601121132821475612e+00 8.509071292842806145e+01 1.405397423735646711e+01 7.103673869107160499e+01
4.602232490901048578e+00 8.533867308509263694e+01 1.404848946149918199e+01 7.129018362359344962e+01
4.603343848980621544e+00 8.558753661100061549e+01 1.404289324905149883e+01 7.154464336194915575e+01
4.604455207060195399e+00 8.583741202628489475e+01 1.403716590380081897e+01 7.180024612248408289e+01
4.605566565139768365e+00 8.608838944732202947e+01 1.403128829436765734e+01 7.205710115295437390e+01
4.606677923219342219e+00 8.634053870869387026e+01 1.402524942634938299e+01 7.231528928234446596e+01
4.607789281298915185e+00 8.659391416595055091e+01 1.401905158223098447e+01 7.257486258371957888e+01
4.608900639378488151e+00 8.684856459028171116e+01 1.401271163400220487e+01 7.283585295627950984e+01
4.610011997458061117e+00 8.710454540603913642e+01 1.400625847996495921e+01 7.309828692607419498e+01
4.611123355537634083e+00 8.736192995412011442e+01 1.399972772844044577e+01 7.336220222567966687e+01
4.612234713617207937e+00 8.762081659612128703e+01 1.399315537962377221e+01 7.362766121649752904e+01
4.613346071696780903e+00 8.788132930505072693e+01 1.398657221472930523e+01 7.389475709032141992e+01
4.614457429776354758e+00 8.814361079700732660e+01 1.398000001870576448e+01 7.416361077830156034e+01
4.615568787855927724e+00 8.840780899930233261e+01 1.397344994807070151e+01 7.443435905123165242e+01
4.616680145935500690e+00 8.867405937288650364e+01 1.396692265805490152e+01 7.470713671483160567e+01
4.617791504015073656e+00 8.894246690585761428e+01 1.396040947170838997e+01 7.498205743414921187e+01
4.618902862094647510e+00 8.921309209904886472e+01 1.395389396665956205e+01 7.525919813238930089e+01
4.620014220174220476e+00 8.948594474277754784e+01 1.394735373659640310e+01 7.553859100618115008e+01
4.621125578253794330e+00 8.976098773825809474e+01 1.394076249845879012e+01 7.582022523979932771e+01
4.622236936333367296e+00 9.003815092939372278e+01 1.393409290913367116e+01 7.610405802026006938e+01
4.623348294412940263e+00 9.031735240861240754e+01 1.392732029190878862e+01 7.639003211670362248e+01
4.624459652492513229e+00 9.059852270163339938e+01 1.392042699917958259e+01 7.667809570245380257e+01
4.625571010572086195e+00 9.088162622969662152e+01 1.391340656525151509e+01 7.696821966444511531e+01
4.626682368651660049e+00 9.116667486451926550e+01 1.390626641954235510e+01 7.726040844497687488e+01
4.627793726731233015e+00 9.145373022293900078e+01 1.389902797565610015e+01 7.755470224728290418e+01
4.628905084810806869e+00 9.174289417106351152e+01 1.389172346620603982e+01 7.785117070485749480e+01
4.630016442890379835e+00 9.203429007379939719e+01 1.388438982817878475e+01 7.814990024562058579e+01
4.631127800969952801e+00 9.232803976664375512e+01 1.387706095415956753e+01 7.845097881248416627e+01
4.632239159049525767e+00 9.262424231382783546e+01 1.386976033665965602e+01 7.875448197716818299e+01
4.633350517129098733e+00 9.292295999642306015e+01 1.386249624422221416e+01 7.906046375220083178e+01
4.634461875208672588e+00 9.322421479751106688e+01 1.385526097215273111e+01 7.936895382535833221e+01
4.635573233288246442e+00 9.352799555210975768e+01 1.384803455141314288e+01 7.967996100069662191e+01
4.636684591367819408e+00 9.383427284067536789e+01 1.384079193470274127e+01 7.999348090597261773e+01
4.637795949447392374e+00 9.414301657316546823e+01 1.383351156367784895e+01 8.030950500948759441e+01
4.638907307526965340e+00 9.445421069197254837e+01 1.382618274728021213e+01 8.062802794469230605e+01
4.640018665606538306e+00 9.476786066307242606e+01 1.381880963357322933e+01 8.094905102949920206e+01
4.641130023686112160e+00 9.508399200413757058e+01 1.381141064124916085e+01 8.127258136288841683e+01
4.642241381765685126e+00 9.540264115566492364e+01 1.380401368091382430e+01 8.159862747475108335e+01
4.643352739845258981e+00 9.572384251574156622e+01 1.379664884982652495e+01 8.192719366591502705e+01
4.644464097924831947e+00 9.604761658999194651e+01 1.378934106628589440e+01 8.225827552370604678e+01
4.645575456004404913e+00 9.637396358152111020e+01 1.378210505272011588e+01 8.259185852880099787e+01
4.646686814083977879e+00 9.670286458889422931e+01 1.377494420027415067e+01 8.292792038862009463e+01
4.647798172163550845e+00 9.703428965430802577e+01 1.376785345797174109e+01 8.326643619633630067e+01
4.648909530243124699e+00 9.736820924924489873e+01 1.376082497236390090e+01 8.360738427688102092e+01
4.650020888322698553e+00 9.770460436347504185e+01 1.375385425554368446e+01 8.395075010793136983e+01
4.651132246402271520e+00 9.804347072032611266e+01 1.374694451278020857e+01 8.429652620754589520e+01
4.652243604481844486e+00 9.838481470118281891e+01 1.374010746572198194e+01 8.464470723546087072e+01
4.653354962561417452e+00 9.872864163727143705e+01 1.373336031187300321e+01 8.499528132539846581e+01
4.654466320640990418e+00 9.907494013978836733e+01 1.372671990108632123e+01 8.534822023870205498e+01
4.655577678720564272e+00 9.942366799139799127e+01 1.372019627057521340e+01 8.570347172082276188e+01
4.656689036800137238e+00 9.977474508022041277e+01 1.371378797907956404e+01 8.606095710114087183e+01
4.657800394879711092e+00 1.001280568282515588e+02 1.370748110423701327e+01 8.642057572401455445e+01
4.658911752959284058e+00 1.004834681550205175e+02 1.370125251060905569e+01 8.678221564441145119e+01
4.660023111038857024e+00 1.008408443455184909e+02 1.369507649695863094e+01 8.714576784855985636e+01
4.661134469118429990e+00 1.012000725262828666e+02 1.368893271660618538e+01 8.751113980967666350e+01
4.662245827198002956e+00 1.015610767736475282e+02 1.368281276382219680e+01 8.787826400982532959e+01
4.663357185277576811e+00 1.019238215225992263e+02 1.367672321407892611e+01 8.824709830852029313e+01
4.664468543357150665e+00 1.022883014702198352e+02 1.367068406601262254e+01 8.861761740420720912e+01
4.665579901436723631e+00 1.026545204706780083e+02 1.366472306046281915e+01 8.898979741021518919e+01
4.666691259516296597e+00 1.030224655879520412e+02 1.365886772113728220e+01 8.936359786681474304e+01
4.667802617595869563e+00 1.033920842588559736e+02 1.365313770197636245e+01 8.973894655687959698e+01
4.668913975675442529e+00 1.037632717646553147e+02 1.364753988703499843e+01 9.011573187762033399e+01
4.670025333755016383e+00 1.041358730880213272e+02 1.364206772417730029e+01 9.049380536384406071e+01
4.671136691834589350e+00 1.045096987124829724e+02 1.363670482342969770e+01 9.087299388905324804e+01
4.672248049914163204e+00 1.048845494623438128e+02 1.363143141849990414e+01 9.125311804384395487e+01
4.673359407993736170e+00 1.052602425511288118e+02 1.362623136771536458e+01 9.163401118341344898e+01
4.674470766073309136e+00 1.056366305928785465e+02 1.362109726733001835e+01 9.201553332554853171e+01
4.675582124152882102e+00 1.060136075986847146e+02 1.361603198608808718e+01 9.239757561259663987e+01
4.676693482232455068e+00 1.063911002076453940e+02 1.361104623330857777e+01 9.278005397433680912e+01
4.677804840312028922e+00 1.067690472055897004e+02 1.360615317833744875e+01 9.316289402725227831e+01
4.678916198391602776e+00 1.071473741825001156e+02 1.360136215360249601e+01 9.354601202889762135e+01
4.680027556471175743e+00 1.075259717126874364e+02 1.359667374827051489e+01 9.392929796441696055e+01
4.681138914550748709e+00 1.079046842023439012e+02 1.359207805137777569e+01 9.431260615096611843e+01
4.682250272630321675e+00 1.082833129529775107e+02 1.358755663977627925e+01 9.469575631320121545e+01
4.683361630709894641e+00 1.086616322398548391e+02 1.358308754867453416e+01 9.507854469118032625e+01
4.684472988789468495e+00 1.090394128900920521e+02 1.357865139501003604e+01 9.546076149508202491e+01
4.685584346869041461e+00 1.094164454043764891e+02 1.357423642171948330e+01 9.584220898265701294e+01
4.686695704948615315e+00 1.097925549048439251e+02 1.356984062972626504e+01 9.622271427511765296e+01
4.687807063028188281e+00 1.101676030109135951e+02 1.356547021486065852e+01 9.660213279605295611e+01
4.688918421107761247e+00 1.105414761788382094e+02 1.356113485070271629e+01 9.698034132813549490e+01
4.690029779187334213e+00 1.109140645858808938e+02 1.355684148420189672e+01 9.735722310167902549e+01
4.691141137266907180e+00 1.112852387672150201e+02 1.355258884181715651e+01 9.773264992539786533e+01
4.692252495346481034e+00 1.116548318859188385e+02 1.354836459628149825e+01 9.810646728963736507e+01
4.693363853426054888e+00 1.120226335370969650e+02 1.354414621045150113e+01 9.847848732664544968e+01
4.694475211505627854e+00 1.123883970587505985e+02 1.353990518833997925e+01 9.884849187041061214e+01
4.695586569585200820e+00 1.127518577983002359e+02 1.353561327871441478e+01 9.921624451958581403e+01
4.696697927664773786e+00 1.131127562011346583e+02 1.353124850803741808e+01 9.958150769309723671e+01
4.697809285744346752e+00 1.134708581388450455e+02 1.352679899640468086e+01 9.994405914244036637e+01
4.698920643823920607e+00 1.138259660258115673e+02 1.352226329826092766e+01 1.003037027275506432e+02
4.700032001903493573e+00 1.141779175410667762e+02 1.351764722612471026e+01 1.006602703149420961e+02
4.701143359983067427e+00 1.145265730133803288e+02 1.351295833076360076e+01 1.010136146826167476e+02
4.702254718062640393e+00 1.148717962679682074e+02 1.350820000125530562e+01 1.013635962667128751e+02
4.703366076142213359e+00 1.152134357057453826e+02 1.350336724313522652e+01 1.017100684626101241e+02
4.704477434221786325e+00 1.155513119643877928e+02 1.349844556884044522e+01 1.020528663955473689e+02
4.705588792301359291e+00 1.158852159154658921e+02 1.349341331983201187e+01 1.023918025956338909e+02
4.706700150380933145e+00 1.162149169575015293e+02 1.348824653033391385e+01 1.027266704271676190e+02
4.707811508460507000e+00 1.165401779419251937e+02 1.348292456221583535e+01 1.030572533797093797e+02
4.708922866540079966e+00 1.168607708945020818e+02 1.347743449180274489e+01 1.033833364026993138e+02
4.710034224619652932e+00 1.171764877016321975e+02 1.347177269003011091e+01 1.037047150116020902e+02
4.711145582699225898e+00 1.174871420566118445e+02 1.346594303648077684e+01 1.040211990201310783e+02
4.712256940778798864e+00 1.177925623835183870e+02 1.345995238948833617e+01 1.043326099940300651e+02
4.713368298858372718e+00 1.180925789007590225e+02 1.345380488483726467e+01 1.046387740159217401e+02
4.714479656937945684e+00 1.183870101899010336e+02 1.344749702813888170e+01 1.049395131617621644e+02
4.715591015017519538e+00 1.186756548042447150e+02 1.344101525376938788e+01 1.052346395504753360e+02
4.716702373097092504e+00 1.189582915437607795e+02 1.343433675946349481e+01 1.055239547842973025e+02
4.717813731176665470e+00 1.192346887575825320e+02 1.342743329950963727e+01 1.058072554580728735e+02
4.718925089256238437e+00 1.195046196251199149e+02 1.342027662482808203e+01 1.060843430002918382e+02
4.720036447335811403e+00 1.197678780734811426e+02 1.341284373470955060e+01 1.063550343387716026e+02
4.721147805415385257e+00 1.200242896601063762e+02 1.340512022126973157e+01 1.066191694388366642e+02
4.722259163494959111e+00 1.202737135096916177e+02 1.339710068664902742e+01 1.068766128230425636e+02
4.723370521574532077e+00 1.205160345988343096e+02 1.338878623727040207e+01 1.071272483615639146e+02
4.724481879654105043e+00 1.207511491528502461e+02 1.338018004612744072e+01 1.073709691067228107e+02
4.725593237733678009e+00 1.209789483789192417e+02 1.337128258395595992e+01 1.076076657949632818e+02
4.726704595813250975e+00 1.211993063004885585e+02 1.336208815559235141e+01 1.078372181448962124e+02
4.727815953892824830e+00 1.214120758791930541e+02 1.335258384773268681e+01 1.080594920314603371e+02
4.728927311972397796e+00 1.216170944970391190e+02 1.334275110490354166e+01 1.082743433921355773e+02
4.730038670051971650e+00 1.218141963814127990e+02 1.333256922689216850e+01 1.084816271545206519e+02
4.731150028131544616e+00 1.220032269945911452e+02 1.332201944904021751e+01 1.086812075455509330e+02
4.732261386211117582e+00 1.221840537464921397e+02 1.331108813806080171e+01 1.088729656084313291e+02
4.733372744290690548e+00 1.223565688896842119e+02 1.329976803578561650e+01 1.090568008538985794e+02
4.734484102370263514e+00 1.225206835719007472e+02 1.328805724743221717e+01 1.092326263244685407e+02
4.735595460449837368e+00 1.226763155851170382e+02 1.327595651030006429e+01 1.094003590748170041e+02
4.736706818529411223e+00 1.228233759994120504e+02 1.326346588604345023e+01 1.095599101133685735e+02
4.737818176608984189e+00 1.229617605565853751e+02 1.325058218085277417e+01 1.097111783757326151e+02
4.738929534688557155e+00 1.230913500920609778e+02 1.323729806729406633e+01 1.098540520247669008e+02
4.740040892768130121e+00 1.232120208849603813e+02 1.322360319448429955e+01 1.099884176904760693e+02
4.741152250847703087e+00 1.233236619246066681e+02 1.320948679299146278e+01 1.101141751316151982e+02
4.742263608927276941e+00 1.234261930991046512e+02 1.319494070020837739e+01 1.102312523988962738e+02
4.743374967006849907e+00 1.235195774393842498e+02 1.317996156585194711e+01 1.103396158735323098e+02
4.744486325086423761e+00 1.236038222281854217e+02 1.316455130490994563e+01 1.104392709232754868e+02
4.745597683165996727e+00 1.236789675108632451e+02 1.314871553026809003e+01 1.105302519805951391e+02
4.746709041245569694e+00 1.237450650403960282e+02 1.313246047122947857e+01 1.106126045691665496e+02
4.747820399325142660e+00 1.238021543284427111e+02 1.311578947909336890e+01 1.106863648493493457e+02
4.748931757404715626e+00 1.238502438801399421e+02 1.309870041453025102e+01 1.107515434656097284e+02
4.750043115484289480e+00 1.238893042492863685e+02 1.308118492829354729e+01 1.108081193209928159e+02
4.751154473563862446e+00 1.239192756688692043e+02 1.306322998595868690e+01 1.108560456829105334e+02
4.752265831643436300e+00 1.239400880047021047e+02 1.304482118656023815e+01 1.108952668181418630e+02
4.753377189723009266e+00 1.239516864227233839e+02 1.302594677429403269e+01 1.109257396484293565e+02
4.754488547802582232e+00 1.239540540549508307e+02 1.300660097917138458e+01 1.109474530757794497e+02
4.755599905882155198e+00 1.239472239294632487e+02 1.298678554502732219e+01 1.109604383844359177e+02
4.756711263961729053e+00 1.239312762289309120e+02 1.296650893491596612e+01 1.109647672940149192e+02
4.757822622041302019e+00 1.239063222493005014e+02 1.294578351995353138e+01 1.109605387293469647e+02
4.758933980120875873e+00 1.238724813339405841e+02 1.292462176577184607e+01 1.109478595681687523e+02
4.760045338200448839e+00 1.238298597281493016e+02 1.290303277607125310e+01 1.109268269520780166e+02
4.761156696280021805e+00 1.237785396630298891e+02 1.288102040990724717e+01 1.108975192531226526e+02
4.762268054359594771e+00 1.237185831517136734e+02 1.285858360821261392e+01 1.108599995435010470e+02
4.763379412439167737e+00 1.236500492757332950e+02 1.283571875392908801e+01 1.108143305218042087e+02
4.764490770518741591e+00 1.235730182305276088e+02 1.281242314174855501e+01 1.107605950887790698e+02
4.765602128598314557e+00 1.234876121937963376e+02 1.278869822029500902e+01 1.106989139735013055e+02
4.766713486677888412e+00 1.233940035374963884e+02 1.276455134545816250e+01 1.106294521920382152e+02
4.767824844757461378e+00 1.232924050896905612e+02 1.273999532707729898e+01 1.105524097626132658e+02
4.768936202837034344e+00 1.231830437415151209e+02 1.271504587110881346e+01 1.104679978704063359e+02
4.770047560916607310e+00 1.230661253787629335e+02 1.268971782132699744e+01 1.103764075574359680e+02
4.771158918996181164e+00 1.229418033946320321e+02 1.266402159494111501e+01 1.102777817996909135e+02
4.772270277075754130e+00 1.228101631204124402e+02 1.263796119802899121e+01 1.101722019223834366e+02
4.773381635155327984e+00 1.226712300181491884e+02 1.261153468763478180e+01 1.100596953305144154e+02
4.774492993234900950e+00 1.225250016815504353e+02 1.258473708939196278e+01 1.099402645921584849e+02
4.775604351314473917e+00 1.223714951510877853e+02 1.255756488056694664e+01 1.098139302705208422e+02
4.776715709394046883e+00 1.222107947863743505e+02 1.253002052984325587e+01 1.096807742565310946e+02
4.777827067473619849e+00 1.220430843777944148e+02 1.250211547844076065e+01 1.095409688993536577e+02
4.778938425553193703e+00 1.218686512424786628e+02 1.247387040975698902e+01 1.093947808327216649e+02
4.780049783632766669e+00 1.216878587290484717e+02 1.244531254515765895e+01 1.092425461838908234e+02
4.781161141712340523e+00 1.215010941408590384e+02 1.241647072547221597e+01 1.090846234153868153e+02
4.782272499791913489e+00 1.213087080091560068e+02 1.238736983896645683e+01 1.089213381701895713e+02
4.783383857871486455e+00 1.211109646731638634e+02 1.235802644982373977e+01 1.087529382233401094e+02
4.784495215951059421e+00 1.209080215101391360e+02 1.232844714548891929e+01 1.085795743646502416e+02
4.785606574030633276e+00 1.206999453529339235e+02 1.229863024844264530e+01 1.084013151044912604e+02
4.786717932110206242e+00 1.204867622595645287e+02 1.226857040747969130e+01 1.082181918520848285e+02
4.787829290189780096e+00 1.202685248892181562e+02 1.223826457241445453e+01 1.080302603168037052e+02
4.788940648269353062e+00 1.200453744303270724e+02 1.220771731372079927e+01 1.078376571166062803e+02
4.790052006348926028e+00 1.198175741529904315e+02 1.217694357760173141e+01 1.076406305753886983e+02
4.791163364428498994e+00 1.195854997025668496e+02 1.214596775077827218e+01 1.074395319517885810e+02
4.792274722508071960e+00 1.193495850367698381e+02 1.211481911119054189e+01 1.072347659255792962e+02
4.793386080587645814e+00 1.191102381744843370e+02 1.208352497658213487e+01 1.070267131979022110e+02
4.794497438667218780e+00 1.188677526357756875e+02 1.205210372394987139e+01 1.068156489118258179e+02
4.795608796746792635e+00 1.186222444393217899e+02 1.202056003998068512e+01 1.066016843993410674e+02
4.796720154826365601e+00 1.183736389178074973e+02 1.198888418713335113e+01 1.063847547306741461e+02
4.797831512905938567e+00 1.181217175932197847e+02 1.195705588780508322e+01 1.061646617054147015e+02
4.798942870985511533e+00 1.178662169254737648e+02 1.192505199600883792e+01 1.059411649294649607e+02
4.800054229065084499e+00 1.176069535733794993e+02 1.189285588840344410e+01 1.057140976849760534e+02
4.801165587144658353e+00 1.173439404540837643e+02 1.186046586038221662e+01 1.054834745937015441e+02
4.802276945224232207e+00 1.170774580253535646e+02 1.182789997760930767e+01 1.052495580477442303e+02
4.803388303303805174e+00 1.168080563562476897e+02 1.179519577975266387e+01 1.050128605764950436e+02
4.804499661383378140e+00 1.165364827591353531e+02 1.176240468934440209e+01 1.047740780697909457e+02
4.805611019462951106e+00 1.162635514481178376e+02 1.172958251215595382e+01 1.045339689359618944e+02
4.806722377542524072e+00 1.159899893116615317e+02 1.169677856552248585e+01 1.042932107461390672e+02
4.807833735622097926e+00 1.157162999427310695e+02 1.166402639044587985e+01 1.040522735522851860e+02
4.808945093701670892e+00 1.154426838618269073e+02 1.163133856465057647e+01 1.038113452971763309e+02
4.810056451781244746e+00 1.151690374039494031e+02 1.159870696784954092e+01 1.035703304360998516e+02
4.811167809860817712e+00 1.148950304843189798e+02 1.156610830514022226e+01 1.033289221791787469e+02
4.812279167940390678e+00 1.146202410005234924e+02 1.153351322744575214e+01 1.030867277730777261e+02
4.813390526019963644e+00 1.143443076763761042e+02 1.150089642753227004e+01 1.028434112488438075e+02
4.814501884099536611e+00 1.140670584615926657e+02 1.146824490675716213e+01 1.025988135548355018e+02
4.815613242179110465e+00 1.137885795110693152e+02 1.143556223558272222e+01 1.023530172754865788e+02
4.816724600258684319e+00 1.135092077925712601e+02 1.140286786295243715e+01 1.021063399296188265e+02
4.817835958338257285e+00 1.132294529818959177e+02 1.137019198547620391e+01 1.018592609964197067e+02
4.818947316417830251e+00 1.129498746475336333e+02 1.133756773200211043e+01 1.016123069155315477e+02
4.820058674497403217e+00 1.126709527477292596e+02 1.130502309496623781e+01 1.013659296527630147e+02
4.821170032576976183e+00 1.123929897553822599e+02 1.127257497147316201e+01 1.011204147839090837e+02
4.822281390656550037e+00 1.121160715368942249e+02 1.124022691753055092e+01 1.008758446193636900e+02
4.823392748736123004e+00 1.118400951918167721e+02 1.120797102573395065e+01 1.006321241660828321e+02
4.824504106815696858e+00 1.115648514322307534e+02 1.117579308648937264e+01 1.003890583457413754e+02
4.825615464895269824e+00 1.112901331156119369e+02 1.114367926278677245e+01 1.001464538528251609e+02
4.826726822974842790e+00 1.110158349772638360e+02 1.111162216236008149e+01 9.990421281490374383e+01
4.827838181054415756e+00 1.107420141085342777e+02 1.107962450382404285e+01 9.966238960471024200e+01
4.828949539133988722e+00 1.104688944692226755e+02 1.104769941652754639e+01 9.942119505269512558e+01
4.830060897213562576e+00 1.101968170627430368e+02 1.101586750322732478e+01 9.918094955951572445e+01
4.831172255293136431e+00 1.099261544230992911e+02 1.098415178403525516e+01 9.894200263906408566e+01
4.832283613372709397e+00 1.096572184733639261e+02 1.095257223001832259e+01 9.870464624334560710e+01
4.833394971452282363e+00 1.093901915982831525e+02 1.092114162279623990e+01 9.846904997548691085e+01
4.834506329531855329e+00 1.091251020580996425e+02 1.088986396106441212e+01 9.823523809703520726e+01
4.835617687611428295e+00 1.088618497830089638e+02 1.085873576242519434e+01 9.800311402058375165e+01
4.836729045691002149e+00 1.086002721559218145e+02 1.082774966839345154e+01 9.777252248752834873e+01
4.837840403770575115e+00 1.083402268834405930e+02 1.079689904989884397e+01 9.754332783354178105e+01
4.838951761850148969e+00 1.080816642993162304e+02 1.076618204363581022e+01 9.731548225568040777e+01
4.840063119929721935e+00 1.078246656673341022e+02 1.073560369217335086e+01 9.708906197516073178e+01
4.841174478009294901e+00 1.075694355842251753e+02 1.070517551629648345e+01 9.686426006792872556e+01
4.842285836088867867e+00 1.073162515074353536e+02 1.067491269406288623e+01 9.664133881337248511e+01
4.843397194168440834e+00 1.070653869067598976e+02 1.064482978346968878e+01 9.642055712329020878e+01
4.844508552248014688e+00 1.068170323749778419e+02 1.061493636686606479e+01 9.620209600811175221e+01
4.845619910327588542e+00 1.065712389954678656e+02 1.058523398755563960e+01 9.598600500791225443e+01
4.846731268407161508e+00 1.063279006952433718e+02 1.055571531072261138e+01 9.577218538452078178e+01
4.847842626486734474e+00 1.060867799025635776e+02 1.052636572525850411e+01 9.556041417730510545e+01
4.848953984566307440e+00 1.058475676613422110e+02 1.049716684549946066e+01 9.535040081584270411e+01
4.850065342645880406e+00 1.056099595428953677e+02 1.046810081216468902e+01 9.514185873073067512e+01
4.851176700725454261e+00 1.053737250823614602e+02 1.043915409832481700e+01 9.493457098403665384e+01
4.852288058805027227e+00 1.051387517971595287e+02 1.041031974510209324e+01 9.472843205205741413e+01
4.853399416884601081e+00 1.049050536495696804e+02 1.038159749646538188e+01 9.452345615310429139e+01
4.854510774964174047e+00 1.046727450103082191e+02 1.035299198602231030e+01 9.431975302428591590e+01
4.855622133043747013e+00 1.044419911424538583e+02 1.032450972713357729e+01 9.411748141532027034e+01
4.856733491123319979e+00 1.042129519792160863e+02 1.029615598303010948e+01 9.391679599618596797e+01
4.857844849202892945e+00 1.039857360861914941e+02 1.026793255322302834e+01 9.371780353296847466e+01
4.858956207282466799e+00 1.037603766418853155e+02 1.023983713568460630e+01 9.352053950620069145e+01
4.860067565362040654e+00 1.035368331042076022e+02 1.021186434883942695e+01 9.332496875536816106e+01
4.861178923441613620e+00 1.033150138343391973e+02 1.018400792128028698e+01 9.313100591305891385e+01
4.862290281521186586e+00 1.030948090206356653e+02 1.015626317185088823e+01 9.293854584878478420e+01
4.863401639600759552e+00 1.028761214387632492e+02 1.012862883075769460e+01 9.274749260800557238e+01
4.864512997680332518e+00 1.026588850573117497e+02 1.010110750854978789e+01 9.255777754876197605e+01
4.865624355759906372e+00 1.024430669857815133e+02 1.007370460921075583e+01 9.236936237657074855e+01
4.866735713839479338e+00 1.022286546183206895e+02 1.004642603551986291e+01 9.218222858280083187e+01
4.867847071919053192e+00 1.020156348180290138e+02 1.001927546106759870e+01 9.199635935696142042e+01
4.868958429998626158e+00 1.018039740505122239e+02 9.992252101175708390e+00 9.181172194933650132e+01
4.870069788078199124e+00 1.015936070923184218e+02 9.965349754077953648e+00 9.162825733824048768e+01
4.871181146157772091e+00 1.013844380791380217e+02 9.938557461322579556e+00 9.144588061781544752e+01
4.872292504237345057e+00 1.011763528127704461e+02 9.911861596719468537e+00 9.126449121605099890e+01
4.873403862316918911e+00 1.009692372106822518e+02 9.885248718239834531e+00 9.108398849244241546e+01
4.874515220396492765e+00 1.007629949144238566e+02 9.858708265569781304e+00 9.090428664885411081e+01
4.875626578476065731e+00 1.005575578516648250e+02 9.832234239911242568e+00 9.072532361175356641e+01
4.876737936555638697e+00 1.003528864732192574e+02 9.805825341806585271e+00 9.054706113141266144e+01
4.877849294635211663e+00 1.001489602405565762e+02 9.779483552112321121e+00 9.036947668844426573e+01
4.878960652714784629e+00 9.994576226899482663e+01 9.753211650247473941e+00 9.019255061874730472e+01
4.880072010794358484e+00 9.974326369157112993e+01 9.727010503980121570e+00 9.001625318759103322e+01
4.881183368873931450e+00 9.954141284858486927e+01 9.700877025862821412e+00 8.984053582272204608e+01
4.882294726953505304e+00 9.934013218397633693e+01 9.674803456663767065e+00 8.966532872731259829e+01
4.883406085033078270e+00 9.913932271364231497e+01 9.648778187773531911e+00 8.949054452586878483e+01
4.884517443112651236e+00 9.893887330659357815e+01 9.622787824270156776e+00 8.931608548232343026e+01
4.885628801192224202e+00 9.873867072911855303e+01 9.596819787937747037e+00 8.914185094118084862e+01
4.886740159271797168e+00 9.853860680707497011e+01 9.570864596191263729e+00 8.896774221088367085e+01
4.887851517351371022e+00 9.833858084559162194e+01 9.544917077942281836e+00 8.879366376764933477e+01
4.888962875430944877e+00 9.813849777602959534e+01 9.518976153509310478e+00 8.861952162252025289e+01
4.890074233510517843e+00 9.793826437950446007e+01 9.493043286123157287e+00 8.844522109338132054e+01
4.891185591590090809e+00 9.773778660168973431e+01 9.467120145480043547e+00 8.827066645620973873e+01
4.892296949669663775e+00 9.753697019049198502e+01 9.441206266849276219e+00 8.809576392364272124e+01
4.893408307749236741e+00 9.733572502952500827e+01 9.415297467011994215e+00 8.792042756251301228e+01
4.894519665828810595e+00 9.713397142644241455e+01 9.389385506005210047e+00 8.774458592043718852e+01
4.895631023908383561e+00 9.693164518001617580e+01 9.363459059756889857e+00 8.756818612025929838e+01
4.896742381987957415e+00 9.672869816477863480e+01 9.337505639624881226e+00 8.739119252515376957e+01
4.897853740067530381e+00 9.652509257179409019e+01 9.311513804069669220e+00 8.721357876772441386e+01
4.898965098147103348e+00 9.632078935991634694e+01 9.285474947150291314e+00 8.703531441276608405e+01
4.900076456226676314e+00 9.611573399783617333e+01 9.259384128864962094e+00 8.685634986897120768e+01
4.901187814306249280e+00 9.590984420837155255e+01 9.233239761720245298e+00 8.667660444665129660e+01
4.902299172385823134e+00 9.570300444255748573e+01 9.207042359278347021e+00 8.649596208327915292e+01
4.903410530465396988e+00 9.549507006254088992e+01 9.180792849260340560e+00 8.631427721328054758e+01
4.904521888544969954e+00 9.528588120036366149e+01 9.154491057818086475e+00 8.613139014254556969e+01
4.905633246624542920e+00 9.507528297818383578e+01 9.128134856057192437e+00 8.594714812212664867e+01
4.906744604704115886e+00 9.486314636791436783e+01 9.101720176768493431e+00 8.576142619114588683e+01
4.907855962783688852e+00 9.464938332275733046e+01 9.075241768580243118e+00 8.557414155417707491e+01
4.908967320863262707e+00 9.443395123950260484e+01 9.048694283448199371e+00 8.538525695605440546e+01
4.910078678942835673e+00 9.421684491632852598e+01 9.022073189531230497e+00 8.519477172679732746e+01
4.911190037022409527e+00 9.399807798209209864e+01 8.995375098998302121e+00 8.500270288309381783e+01
4.912301395101982493e+00 9.377765905833710747e+01 8.968597357798037351e+00 8.480906170053904702e+01
4.913412753181555459e+00 9.355556960116972220e+01 8.941737061336166192e+00 8.461383253983356667e+01
4.914524111261128425e+00 9.333174990394337556e+01 8.914789914181332264e+00 8.441695998976203441e+01
4.915635469340701391e+00 9.310609727512600386e+01 8.887749444805278287e+00 8.421834783032070959e+01
4.916746827420275245e+00 9.287847673957772088e+01 8.860606979550897933e+00 8.401786976002681229e+01
4.917858185499848211e+00 9.264874092169476683e+01 8.833352509761317251e+00 8.381538841193345490e+01
4.918969543579422066e+00 9.241675321160145984e+01 8.805976250408770412e+00 8.361077696119268410e+01
4.920080901658995032e+00 9.218240764780335894e+01 8.778470412077234997e+00 8.340393723572611862e+01
4.921192259738567998e+00 9.194564029379934311e+01 8.750830596001915040e+00 8.319480969779742452e+01
4.922303617818140964e+00 9.170642971433792923e+01 8.723056321060994378e+00 8.298337339327692064e+01
4.923414975897714818e+00 9.146478749350563930e+01 8.695150472639378236e+00 8.276963702086624153e+01
4.924526333977287784e+00 9.122074250158325981e+01 8.667117829466794987e+00 8.255362467211648436e+01
4.925637692056861638e+00 9.097432398829064937e+01 8.638963145908430619e+00 8.233536084238220099e+01
4.926749050136434604e+00 9.072554824904119641e+01 8.610689427039698529e+00 8.211485882200150854e+01
4.927860408216007571e+00 9.047441185317248369e+01 8.582296971183769330e+00 8.189211488198873212e+01
4.928971766295580537e+00 9.022089196249999077e+01 8.553783487299057242e+00 8.166710847520093353e+01
4.930083124375153503e+00 8.996495199739382542e+01 8.525145214442355623e+00 8.143980678295143605e+01
4.931194482454727357e+00 8.970654956744610331e+01 8.496378611595776675e+00 8.121017095585033019e+01
4.932305840534300323e+00 8.944564351931511226e+01 8.467481977474331956e+00 8.097816154184076254e+01
4.933417198613874177e+00 8.918219802409616648e+01 8.438456379162460053e+00 8.074374164493372064e+01
4.934528556693447143e+00 8.891618329323647174e+01 8.409305513018495049e+00 8.050687778021796248e+01
4.935639914773020109e+00 8.864757406917786398e+01 8.380034507899889462e+00 8.026753956127798517e+01
4.936751272852593075e+00 8.837634788331472180e+01 8.350648073513323055e+00 8.002569980980143782e+01
4.937862630932166930e+00 8.810248493188854013e+01 8.321148654603824468e+00 7.978133627728470856e+01
4.938973989011739896e+00 8.782597042176151092e+01 8.291535278825183042e+00 7.953443514293633143e+01
4.940085347091313750e+00 8.754679885051928068e+01 8.261803566583919789e+00 7.928499528393533069e+01
4.941196705170886716e+00 8.726497851596511168e+01 8.231946976326542043e+00 7.903303153963858563e+01
4.942308063250459682e+00 8.698053410196203572e+01 8.201958923812378899e+00 7.877857517814965149e+01
4.943419421330032648e+00 8.669350566542514969e+01 8.171835091376536298e+00 7.852167057404864181e+01
4.944530779409605614e+00 8.640394358426070198e+01 8.141575149497553454e+00 7.826236843476316096e+01
4.945642137489179468e+00 8.611190054623186541e+01 8.111183287001926701e+00 7.800071725922991561e+01
4.946753495568752435e+00 8.581742287437307937e+01 8.080667334192710882e+00 7.773675554018035427e+01
4.947864853648326289e+00 8.552054391605757644e+01 8.050036735820318867e+00 7.747050718023724869e+01
4.948976211727899255e+00 8.522128168391554937e+01 8.019300027068748449e+00 7.720198165684678315e+01
4.950087569807472221e+00 8.491964160471169976e+01 7.988462648109486253e+00 7.693117895660220995e+01
4.951198927887045187e+00 8.461562357989838290e+01 7.957525835171650463e+00 7.665809774472671734e+01
4.952310285966618153e+00 8.430923117879909512e+01 7.926486977403394363e+00 7.638274420139570964e+01
4.953421644046192007e+00 8.400048015919874445e+01 7.895341344063193212e+00 7.610513881513556100e+01
4.954533002125765861e+00 8.368940384550276690e+01 7.864084628219081274e+00 7.582531921728369184e+01
4.955644360205338828e+00 8.337605404381370988e+01 7.832715475835605012e+00 7.554333856797815372e+01
4.956755718284911794e+00 8.306049769784007708e+01 7.801237167071870537e+00 7.525926053076820210e+01
4.957867076364484760e+00 8.274281083011130988e+01 7.769657891288377805e+00 7.497315293882299159e+01
4.958978434444057726e+00 8.242307200067392614e+01 7.737989516920753985e+00 7.468508248375316327e+01
4.960089792523631580e+00 8.210135734492948245e+01 7.706245248308184692e+00 7.439511209662128977e+01
4.961201150603204546e+00 8.177773835087913312e+01 7.674436920317841526e+00 7.410330143056128804e+01
4.962312508682778400e+00 8.145228230437848538e+01 7.642572790274053673e+00 7.380970951410442638e+01
4.963423866762351366e+00 8.112505427964299543e+01 7.610656512282549357e+00 7.351439776736043541e+01
4.964535224841924332e+00 8.079611909797922920e+01 7.578687583593849197e+00 7.321743151438538177e+01
4.965646582921497298e+00 8.046554197940982078e+01 7.546663071079266594e+00 7.291887890833056929e+01
4.966757941001070265e+00 8.013338750907995234e+01 7.514580019317314452e+00 7.261880748976263078e+01
4.967869299080644119e+00 7.979971761980488054e+01 7.482437742809209702e+00 7.231727987699565574e+01
4.968980657160217973e+00 7.946459005607614756e+01 7.450239273470988799e+00 7.201435078260516320e+01
4.970092015239790939e+00 7.912805885670850614e+01 7.417991539707511350e+00 7.171006731700099124e+01
4.971203373319363905e+00 7.879017767961241248e+01 7.385704285761647725e+00 7.140447339385076475e+01
4.972314731398936871e+00 7.845100553534166465e+01 7.353388151266152306e+00 7.109761738407550524e+01
4.973426089478509837e+00 7.811061319380917212e+01 7.321052584953873676e+00 7.078956060885529666e+01
4.974537447558083691e+00 7.776908774640986621e+01 7.288704285286839557e+00 7.048038346112302577e+01
4.975648805637656658e+00 7.742653295162782001e+01 7.256346648804752775e+00 7.017018630282305480e+01
4.976760163717230512e+00 7.708306413946935720e+01 7.223980346582922429e+00 6.985908379288643744e+01
4.977871521796803478e+00 7.673879828027682493e+01 7.191604769270208308e+00 6.954719351100662550e+01
4.978982879876376444e+00 7.639384171665771817e+01 7.159219811130616229e+00 6.923462190552707796e+01
4.980094237955949410e+00 7.604827930420579207e+01 7.126827388590934120e+00 6.892145191561485262e+01
4.981205596035522376e+00 7.570216876919552362e+01 7.094432222618941353e+00 6.860773654657660359e+01
4.982316954115096230e+00 7.535554281632727225e+01 7.062041697445138766e+00 6.829350111888214769e+01
4.983428312194670085e+00 7.500841922440471876e+01 7.029664932638404196e+00 6.797875429176630746e+01
4.984539670274243051e+00 7.466081656011265011e+01 6.997311455118739865e+00 6.766350510499394488e+01
4.985651028353816017e+00 7.431277109124125957e+01 6.964989949637288902e+00 6.734778114160396001e+01
4.986762386433388983e+00 7.396434972881701242e+01 6.932707479399279116e+00 6.703164224941772886e+01
4.987873744512961949e+00 7.361565471219742562e+01 6.900469347893641192e+00 6.671518536430377821e+01
4.988985102592535803e+00 7.326681807530415824e+01 6.868279510349109884e+00 6.639853856495504658e+01
4.990096460672108769e+00 7.291798700519832721e+01 6.836141241085006648e+00 6.608184576411331079e+01
4.991207818751682623e+00 7.256930405665428907e+01 6.804057696030324287e+00 6.576524636062394791e+01
4.992319176831255589e+00 7.222088788737256948e+01 6.772032097502356685e+00 6.544885578987022257e+01
4.993430534910828555e+00 7.187282014893939674e+01 6.740067469703431513e+00 6.513275267923597767e+01
4.994541892990401522e+00 7.152514238289987247e+01 6.708166083243483513e+00 6.481697629965637475e+01
4.995653251069974488e+00 7.117786377517309404e+01 6.676328929778795107e+00 6.450153484539428916e+01
4.996764609149548342e+00 7.083097735949439766e+01 6.644555574512372331e+00 6.418642178498203066e+01
4.997875967229122196e+00 7.048447976505700296e+01 6.612844608968264204e+00 6.387163515608877162e+01
4.998987325308695162e+00 7.013838865786871679e+01 6.581194693032363041e+00 6.355719396483636530e+01
5.000098683388268128e+00 6.979275290538164711e+01 6.549605921439413336e+00 6.324314698394223200e+01
5.001210041467841094e+00 6.944765288218803789e+01 6.518081074562507737e+00 6.292957180762552838e+01
5.002321399547414060e+00 6.910319143240977269e+01 6.486626289457097627e+00 6.261656514295266618e+01
5.003432757626987915e+00 6.875947880363976594e+01 6.455250833639547103e+00 6.230422797000021973e+01
5.004544115706560881e+00 6.841661648712674548e+01 6.423965937705017559e+00 6.199265054942172526e+01
5.005655473786134735e+00 6.807468487366939769e+01 6.392782952253721618e+00 6.168190192141567962e+01
5.006766831865707701e+00 6.773373805579858242e+01 6.361711332341008607e+00 6.137202672345753740e+01
5.007878189945280667e+00 6.739380657324380763e+01 6.330757033620868945e+00 6.106304953962293069e+01
5.008989548024853633e+00 6.705490629765586164e+01 6.299921796146424668e+00 6.075498450150942631e+01
5.010100906104426599e+00 6.671704984917872139e+01 6.269203526884430389e+00 6.044784632229428922e+01
5.011212264184000453e+00 6.638025648253677957e+01 6.238597656834328653e+00 6.014165882570246424e+01
5.012323622263574308e+00 6.604455733594618039e+01 6.208099053765178788e+00 5.983645828218100604e+01
5.013434980343147274e+00 6.570999487671765849e+01 6.177703913492655019e+00 5.953229096322500169e+01
5.014546338422720240e+00 6.537661755947725339e+01 6.147411080790377014e+00 5.922920647868687638e+01
5.015657696502293206e+00 6.504447234999570071e+01 6.117222451718322240e+00 5.892724989827739535e+01
5.016769054581866172e+00 6.471359830967935522e+01 6.087142411384773411e+00 5.862645589829458004e+01
5.017880412661440026e+00 6.438402375470782601e+01 6.057176562418473686e+00 5.832684719228937098e+01
5.018991770741012992e+00 6.405576792142129250e+01 6.027330201547292710e+00 5.802843771987400601e+01
5.020103128820586846e+00 6.372884622308927050e+01 5.997607044114001695e+00 5.773123917897525104e+01
5.021214486900159812e+00 6.340327678086568852e+01 5.968008575207246480e+00 5.743526820565843849e+01
5.022325844979732778e+00 6.307908546948559803e+01 5.938534172606168227e+00 5.714055129687943690e+01
5.023437203059305745e+00 6.275630737428652850e+01 5.909181886717794541e+00 5.684712548756873218e+01
5.024548561138878711e+00 6.243498402847946238e+01 5.879949564659552763e+00 5.655503446381990784e+01
5.025659919218452565e+00 6.211515750078419984e+01 5.850835929899607102e+00 5.626432157088459007e+01
5.026771277298026419e+00 6.179686366667254305e+01 5.821841288288080563e+00 5.597502237838445893e+01
5.027882635377599385e+00 6.148012732882965992e+01 5.792967690452564433e+00 5.568715963837709637e+01
5.028993993457172351e+00 6.116496112171928701e+01 5.764218572359516735e+00 5.540074254935979070e+01
5.030105351536745317e+00 6.085136861993396451e+01 5.735598049046928715e+00 5.511577057088703668e+01
5.031216709616318283e+00 6.053935035577942614e+01 5.707110102573315302e+00 5.483224025320609485e+01
5.032328067695892138e+00 6.022891021063669825e+01 5.678757874878790801e+00 5.455015233575792166e+01
5.033439425775465104e+00 5.992005938127693554e+01 5.650543179674447636e+00 5.426951620160249234e+01
5.034550783855038958e+00 5.961281597748502037e+01 5.622466238508016190e+00 5.399034973897701661e+01
5.035662141934611924e+00 5.930719999627319083e+01 5.594525577638217229e+00 5.371267441863496828e+01
5.036773500014184890e+00 5.900322532532548081e+01 5.566718022780037245e+00 5.343650730254545778e+01
5.037884858093757856e+00 5.870089182894758295e+01 5.539038789947782426e+00 5.316185303899981562e+01
5.038996216173330822e+00 5.840018089542503787e+01 5.511481751401491991e+00 5.288869914402355477e+01
5.040107574252904676e+00 5.810105688074413877e+01 5.484040000712011143e+00 5.261701688003214628e+01
5.041218932332478531e+00 5.780347493531024838e+01 5.456706806504929119e+00 5.234676812880532282e+01
5.042330290412051497e+00 5.750739339423488872e+01 5.429476921050300220e+00 5.207791647318457962e+01
5.043441648491624463e+00 5.721278705764625272e+01 5.402348031596578615e+00 5.181043902604967855e+01
5.044553006571197429e+00 5.691965697471574259e+01 5.375321977976892818e+00 5.154433499673883290e+01
5.045664364650770395e+00 5.662803309398347551e+01 5.348405288243808009e+00 5.127962780573965063e+01
5.046775722730344249e+00 5.633796817891191466e+01 5.321608661567244880e+00 5.101635951734468222e+01
5.047887080809917215e+00 5.604952408707202238e+01 5.294945262022243249e+00 5.075457882504978357e+01
5.048998438889491069e+00 5.576275400116841752e+01 5.268428026156375843e+00 5.049432597501203901e+01
5.050109796969064035e+00 5.547768565050665757e+01 5.242066530861674956e+00 5.023561911964500126e+01
5.051221155048637002e+00 5.519431046718127476e+01 5.215864198053563605e+00 4.997844626912772270e+01
5.052332513128209968e+00 5.491258197649209194e+01 5.189816634238535009e+00 4.972276534225355960e+01
5.053443871207782934e+00 5.463242402718048396e+01 5.163911681165743062e+00 4.946851234601474800e+01
5.054555229287356788e+00 5.435374656978834906e+01 5.138131331441733174e+00 4.921561523834662921e+01
5.055666587366930642e+00 5.407646450274258854e+01 5.112455153823727727e+00 4.896400934891885726e+01
5.056777945446503608e+00 5.380051430445402616e+01 5.086864428398454763e+00 4.871364987605555541e+01
5.057889303526076574e+00 5.352586398197268380e+01 5.061345953593103353e+00 4.846451802837957956e+01
5.059000661605649540e+00 5.325251399906031224e+01 5.035894539290477923e+00 4.821661945976983077e+01
5.060112019685222506e+00 5.298048959193223340e+01 5.010513539797162963e+00 4.796997605213508820e+01
5.061223377764796361e+00 5.270982735933411334e+01 4.985213313240641320e+00 4.772461404609347824e+01
5.062334735844369327e+00 5.244056046367875012e+01 4.960008063269567558e+00 4.748055240040918790e+01
5.063446093923943181e+00 5.217270680286495832e+01 4.934911953616674118e+00 4.723779484924827443e+01
5.064557452003516147e+00 5.190626318793878369e+01 4.909935555523864181e+00 4.699632763241493194e+01
5.065668810083089113e+00 5.164120640107319105e+01 4.885083544251997978e+00 4.675612285682120728e+01
5.066780168162662079e+00 5.137749976530991347e+01 4.860354154166919294e+00 4.651714561114299329e+01
5.067891526242235045e+00 5.111510226674516133e+01 4.835740364121636325e+00 4.627936190262352767e+01
5.069002884321808899e+00 5.085397680337692350e+01 4.811232286332534080e+00 4.604274451704440452e+01
5.070114242401382754e+00 5.059409485838675380e+01 4.786819925711896850e+00 4.580727493267485784e+01
5.071225600480955720e+00 5.033543646984291797e+01 4.762495449168366868e+00 4.557294102067454844e+01
5.072336958560528686e+00 5.007798618798682355e+01 4.738254349100731844e+00 4.533973183888610237e+01
5.073448316640101652e+00 4.982172712627017575e+01 4.714095307289425385e+00 4.510763181898074947e+01
5.074559674719674618e+00 4.956663575666933497e+01 4.690019015623940746e+00 4.487661674104539600e+01
5.075671032799248472e+00 4.931267964084953803e+01 4.666026536985916628e+00 4.464665310386361341e+01
5.076782390878821438e+00 4.905981905464755499e+01 4.642117889999822111e+00 4.441770116464773110e+01
5.077893748958395292e+00 4.880801194275296950e+01 4.618291393881835738e+00 4.418972054887113643e+01
5.079005107037968259e+00 4.855722039595811879e+01 4.594543979112071241e+00 4.396267641684602978e+01
5.080116465117541225e+00 4.830741630821614052e+01 4.570872281959496242e+00 4.373654402625664517e+01
5.081227823197114191e+00 4.805858420221482419e+01 4.547274037228856258e+00 4.351131016498595727e+01
5.082339181276687157e+00 4.781072024977562762e+01 4.523749170820742016e+00 4.328697107895487051e+01
5.083450539356261011e+00 4.756382785288472803e+01 4.500300107731479926e+00 4.306352774515325166e+01
5.084561897435833977e+00 4.731791130177609972e+01 4.476931106099053537e+00 4.284098019567704085e+01
5.085673255515407831e+00 4.707296959142513515e+01 4.453646794204563442e+00 4.261932279722057615e+01
5.086784613594980797e+00 4.682899229181223433e+01 4.430450391669430665e+00 4.239854190014279567e+01
5.087895971674553763e+00 4.658595854370355482e+01 4.407342229092425789e+00 4.217861631461113348e+01
5.089007329754126729e+00 4.634383912604856448e+01 4.384319094938160077e+00 4.195952003111040085e+01
5.090118687833700584e+00 4.610260053651489898e+01 4.361374665415391760e+00 4.174122587109948057e+01
5.091230045913273550e+00 4.586220949409354120e+01 4.338500909042366516e+00 4.152370858505118179e+01
5.092341403992847404e+00 4.562263636544944490e+01 4.315690030104168073e+00 4.130694633534527327e+01
5.093452762072420370e+00 4.538385664486258264e+01 4.292936337375719447e+00 4.109092030748686142e+01
5.094564120151993336e+00 4.514585049545154050e+01 4.270237455640600643e+00 4.087561303981095051e+01
5.095675478231566302e+00 4.490860112461741949e+01 4.247594523488668727e+00 4.066100660112874010e+01
5.096786836311139268e+00 4.467209312358699691e+01 4.225011360333924770e+00 4.044708176325307392e+01
5.097898194390713122e+00 4.443631173275278456e+01 4.202492920006774213e+00 4.023381881274600858e+01
5.099009552470286089e+00 4.420124340233333271e+01 4.180043564022482450e+00 4.002119983831085648e+01
5.100120910549859943e+00 4.396687727375166332e+01 4.157665715465570955e+00 3.980921155828610125e+01
5.101232268629432909e+00 4.373320664105337841e+01 4.135359292353745886e+00 3.959784734869962364e+01
5.102343626709005875e+00 4.350022931716002006e+01 4.113122031180171945e+00 3.938710728597985877e+01
5.103454984788578841e+00 4.326794620111084555e+01 4.090950502242596265e+00 3.917699569886825373e+01
5.104566342868152695e+00 4.303635808297482157e+01 4.068841396488460660e+00 3.896751668648636269e+01
5.105677700947725661e+00 4.280546153718116642e+01 4.046792601879452889e+00 3.875866893530169932e+01
5.106789059027299515e+00 4.257524530339843238e+01 4.024803698978860034e+00 3.855044160441959633e+01
5.107900417106872482e+00 4.234568858884669851e+01 4.002875741792449205e+00 3.834281284705426174e+01
5.109011775186445448e+00 4.211676219204810678e+01 3.981010459812679869e+00 3.813575173223543402e+01
5.110123133266018414e+00 4.188843241258343397e+01 3.959209221777910237e+00 3.792922319080550864e+01
5.111234491345591380e+00 4.166066670710001318e+01 3.937472169982558778e+00 3.772319453711744330e+01
5.112345849425165234e+00 4.143343935536502443e+01 3.915797847881447247e+00 3.751764150748358873e+01
5.113457207504738200e+00 4.120673529003300217e+01 3.894183442361495828e+00 3.731255184767151434e+01
5.114568565584312054e+00 4.098055079118358179e+01 3.872625525415358982e+00 3.710792526576823747e+01
5.115679923663885020e+00 4.075489078131117537e+01 3.851120997966938742e+00 3.690376978334423796e+01
5.116791281743457986e+00 4.052976362184983827e+01 3.829667877403746701e+00 3.670009574444610223e+01
5.117902639823030952e+00 4.030517519208384414e+01 3.808265648389932867e+00 3.649690954369389573e+01
5.119013997902603919e+00 4.008112430054394792e+01 3.786915078926399669e+00 3.629420922161754248e+01
5.120125355982177773e+00 3.985760102584455211e+01 3.765617616807659385e+00 3.609198340903689228e+01
5.121236714061751627e+00 3.963458855538208070e+01 3.744374642046942814e+00 3.589021391333513833e+01
5.122348072141324593e+00 3.941206784444427313e+01 3.723186897005295926e+00 3.568888094743896033e+01
5.123459430220897559e+00 3.919002339841006943e+01 3.702054331629931916e+00 3.548796906678013130e+01
5.124570788300470525e+00 3.896844805650825805e+01 3.680976421148796529e+00 3.528747163535946640e+01
5.125682146380043491e+00 3.874734498827653795e+01 3.659952809842798249e+00 3.508739217843371705e+01
5.126793504459617346e+00 3.852672609486121047e+01 3.638983988579688855e+00 3.488774210628152161e+01
5.127904862539190312e+00 3.830660729365742867e+01 3.618071685042642649e+00 3.468853560861478513e+01
5.129016220618764166e+00 3.808700229952376048e+01 3.597218748235925911e+00 3.448978355128782880e+01
5.130127578698337132e+00 3.786791709067864531e+01 3.576428505921743106e+00 3.429148858475690531e+01
5.131238936777910098e+00 3.764934704984991498e+01 3.555703790427558797e+00 3.409364325942234331e+01
5.132350294857483064e+00 3.743127786255007550e+01 3.535045980330007165e+00 3.389623188222006434e+01
5.133461652937056030e+00 3.721368994989565948e+01 3.514454430802855800e+00 3.369923551909281656e+01
5.134573011016629884e+00 3.699656497216954421e+01 3.493926548392910281e+00 3.350263842377664503e+01
5.135684369096203739e+00 3.677989220111082602e+01 3.473458544729300268e+00 3.330643365638152886e+01
5.136795727175776705e+00 3.656367258750914573e+01 3.453046656885598420e+00 3.311062593062354154e+01
5.137907085255349671e+00 3.634791913933764818e+01 3.432688440724708023e+00 3.291523069861293749e+01
5.139018443334922637e+00 3.613265349863328879e+01 3.412383697140378924e+00 3.272026980149290409e+01
5.140129801414495603e+00 3.591789991526141534e+01 3.392134701570473698e+00 3.252576521369095275e+01
5.141241159494069457e+00 3.570367870222001727e+01 3.371945639483592494e+00 3.233173306273641856e+01
5.142352517573642423e+00 3.549000141017112497e+01 3.351821424332307675e+00 3.213817998583881064e+01
5.143463875653216277e+00 3.527686932826510713e+01 3.331766292315221367e+00 3.194510303594990219e+01
5.144575233732789243e+00 3.506427573098240202e+01 3.311782650895324753e+00 3.175249308008708482e+01
5.145686591812362209e+00 3.485221096916792760e+01 3.291870573287412061e+00 3.156034039588052309e+01
5.146797949891935176e+00 3.464066851517979018e+01 3.272028106581811091e+00 3.136864040859797953e+01
5.147909307971508142e+00 3.442964976351165518e+01 3.252252274962260437e+00 3.117739748854939563e+01
5.149020666051081996e+00 3.421916586261897919e+01 3.232540412958964993e+00 3.098662544966002486e+01
5.150132024130655850e+00 3.400923593592920469e+01 3.212891345280546762e+00 3.079634459064864416e+01
5.151243382210228816e+00 3.379988235100258720e+01 3.193305983116489610e+00 3.060657636788609892e+01
5.152354740289801782e+00 3.359112475207450643e+01 3.173787114600087111e+00 3.041733763747442154e+01
5.153466098369374748e+00 3.338297501013681767e+01 3.154338456750954922e+00 3.022863655338585431e+01
5.154577456448947714e+00 3.317543491609642103e+01 3.134963305180911153e+00 3.004047161091551033e+01
5.155688814528521569e+00 3.296849746985883201e+01 3.115663270108552929e+00 2.985283419975027286e+01
5.156800172608094535e+00 3.276215135194073724e+01 3.096437567442470229e+00 2.966571378449826213e+01
5.157911530687668389e+00 3.255638705508305009e+01 3.077283147145756015e+00 2.947910390793729718e+01
5.159022888767241355e+00 3.235120259085235261e+01 3.058195652123842034e+00 2.929300693872851014e+01
5.160134246846814321e+00 3.214660686101032638e+01 3.039170910305883933e+00 2.910743595070446332e+01
5.161245604926387287e+00 3.194261962211242434e+01 3.020206472176647505e+00 2.892241314993578172e+01
5.162356963005960253e+00 3.173926816661429129e+01 3.001302682544883194e+00 2.873796548406939522e+01
5.163468321085534107e+00 3.153658196570304284e+01 2.982462927126229513e+00 2.855411903857680755e+01
5.164579679165107962e+00 3.133458717265324012e+01 2.963692968662925420e+00 2.837089420399031781e+01
5.165691037244680928e+00 3.113330284960015959e+01 2.944999588533323553e+00 2.818830326106683870e+01
5.166802395324253894e+00 3.093274008470232062e+01 2.926388974220127448e+00 2.800635111048218917e+01
5.167913753403826860e+00 3.073290407623348131e+01 2.907865364596867064e+00 2.782503871163660492e+01
5.169025111483399826e+00 3.053379817742517233e+01 2.889430361992017193e+00 2.764436781543315291e+01
5.170136469562973680e+00 3.033542821283836943e+01 2.871083081813409876e+00 2.746434513102494890e+01
5.171247827642546646e+00 3.013780533393522632e+01 2.852821022976416820e+00 2.728498431095881216e+01
5.172359185722120500e+00 2.994094628230172361e+01 2.834641306711001896e+00 2.710630497559071372e+01
5.173470543801693466e+00 2.974487094301441559e+01 2.816541828158887206e+00 2.692832911485553637e+01
5.174581901881266432e+00 2.954959811944056014e+01 2.798521926406093208e+00 2.675107619303446427e+01
5.175693259960839399e+00 2.935514115726280338e+01 2.780582377029515051e+00 2.657455878023327500e+01
5.176804618040412365e+00 2.916150513488565466e+01 2.762724771459250661e+00 2.639878036342641465e+01
5.177915976119986219e+00 2.896868678857542179e+01 2.744950573798756732e+00 2.622373621477667882e+01
5.179027334199560073e+00 2.877667735580294917e+01 2.727260256998183863e+00 2.604941709880476708e+01
5.180138692279133039e+00 2.858546745924411780e+01 2.709652878670643972e+00 2.587581458057347916e+01
5.181250050358706005e+00 2.839505240266244712e+01 2.692126280903957447e+00 2.570292612175849101e+01
5.182361408438278971e+00 2.820543608011773173e+01 2.674677855320280795e+00 2.553075822479745938e+01
5.183472766517851937e+00 2.801663217141483031e+01 2.657305595057338099e+00 2.535932657635748910e+01
5.184584124597425792e+00 2.782866223736853684e+01 2.640009040191710010e+00 2.518865319717683349e+01
5.185695482676998758e+00 2.764155139854265997e+01 2.622789754206058532e+00 2.501876164433659255e+01
5.186806840756572612e+00 2.745532309739821031e+01 2.605651134361629317e+00 2.484967196303657033e+01
5.187918198836145578e+00 2.726999471848651524e+01 2.588597597318345489e+00 2.468139712116816398e+01
5.189029556915718544e+00 2.708557548499053169e+01 2.571633405857421728e+00 2.451394207913312329e+01
5.190140914995291510e+00 2.690206720147778796e+01 2.554761531642984806e+00 2.434730566983481026e+01
5.191252273074864476e+00 2.671946738631588047e+01 2.537982936417848112e+00 2.418148444989804347e+01
5.192363631154438330e+00 2.653777350617347253e+01 2.521296505383561648e+00 2.401647700078990866e+01
5.193474989234012185e+00 2.635698668554332258e+01 2.504699636472037749e+00 2.385228704907128972e+01
5.194586347313585151e+00 2.617711352865120134e+01 2.488189261322935497e+00 2.368892426732826451e+01
5.195697705393158117e+00 2.599816544946187236e+01 2.471762929806313291e+00 2.352640251965555862e+01
5.196809063472731083e+00 2.582015586848218547e+01 2.455419580226224863e+00 2.336473628825596194e+01
5.197920421552304049e+00 2.564309644235638430e+01 2.439159742955270715e+00 2.320393669940111891e+01
5.199031779631877903e+00 2.546699384567205371e+01 2.422985138167079722e+00 2.304400870750496821e+01
5.200143137711450869e+00 2.529184839721661859e+01 2.406897849587159133e+00 2.288495054762945102e+01
5.201254495791024723e+00 2.511765510524847755e+01 2.390899405031697178e+00 2.272675570021677771e+01
5.202365853870597689e+00 2.494440677046776500e+01 2.374990117942274992e+00 2.256941665252549356e+01
5.203477211950170656e+00 2.477209798396379625e+01 2.359168935901813313e+00 2.241292904806197939e+01
5.204588570029743622e+00 2.460072849264842532e+01 2.343433844464961613e+00 2.225729464818347125e+01
5.205699928109316588e+00 2.443030461601252057e+01 2.327782662177754425e+00 2.210252195383477414e+01
5.206811286188890442e+00 2.426083811048466998e+01 2.312213914611192411e+00 2.194862419587347446e+01
5.207922644268464296e+00 2.409234282894450985e+01 2.296727446131686889e+00 2.179561538281282296e+01
5.209034002348037262e+00 2.392483036009397424e+01 2.281324527925748136e+00 2.164350583216822699e+01
5.210145360427610228e+00 2.375830624188617435e+01 2.266007411482127587e+00 2.149229883040404943e+01
5.211256718507183194e+00 2.359276816715035707e+01 2.250778486717655458e+00 2.134198968043270384e+01
5.212368076586756160e+00 2.342820689497446907e+01 2.235639354706620452e+00 2.119256754026785572e+01
5.213479434666330015e+00 2.326460960098518527e+01 2.220590160237224442e+00 2.104401944074796660e+01
5.214590792745902981e+00 2.310196450028595549e+01 2.205629435872716204e+00 2.089633506441325039e+01
5.215702150825476835e+00 2.294026508960408250e+01 2.190754521402488830e+00 2.074951056820158968e+01
5.216813508905049801e+00 2.277951246394230367e+01 2.175962410099411048e+00 2.060355005384289839e+01
5.217924866984622767e+00 2.261971483579752729e+01 2.161250714859903610e+00 2.045846412093762012e+01
5.219036225064195733e+00 2.246088438400293441e+01 2.146618401968633183e+00 2.031426598203428924e+01
5.220147583143768699e+00 2.230303252563063410e+01 2.132066025027630207e+00 2.017096650060300789e+01
5.221258941223342553e+00 2.214616528778936200e+01 2.117595375509627065e+00 2.002856991227973538e+01
5.222370299302916408e+00 2.199028044176519359e+01 2.103208681655889034e+00 1.988707176010930056e+01
5.223481657382489374e+00 2.183536744927273787e+01 2.088907654454651208e+00 1.974645979481807601e+01
5.224593015462062340e+00 2.168141027498524664e+01 2.074692736202798038e+00 1.960671753878245127e+01
5.225704373541635306e+00 2.152839209579126489e+01 2.060562832210447670e+00 1.946782926358082122e+01
5.226815731621208272e+00 2.137630025246532384e+01 2.046515626725422976e+00 1.932978462573989731e+01
5.227927089700782126e+00 2.122512969102657010e+01 2.032548366110979110e+00 1.919258132491560076e+01
5.229038447780355092e+00 2.107488366722208895e+01 2.018658816321644789e+00 1.905622485090044194e+01
5.230149805859928946e+00 2.092557145306321331e+01 2.004846033373306913e+00 1.892072541968990507e+01
5.231261163939501913e+00 2.077720384620866056e+01 1.991110651058140890e+00 1.878609319515050657e+01
5.232372522019074879e+00 2.062978806310862367e+01 1.977454566609615494e+00 1.865233349649901129e+01
5.233483880098647845e+00 2.048332381718851991e+01 1.963880128227823096e+00 1.851944368896069193e+01
5.234595238178220811e+00 2.033780196534554463e+01 1.950389116319290794e+00 1.838741284902625495e+01
5.235706596257794665e+00 2.019320619849324672e+01 1.936981893131960009e+00 1.825622430536128604e+01
5.236817954337367631e+00 2.004951717763632146e+01 1.923657041235237619e+00 1.812586013640109073e+01
5.237929312416941485e+00 1.990671765730302312e+01 1.910411638042422533e+00 1.799630601926060791e+01
5.239040670496514451e+00 1.976479679693411740e+01 1.897242083180640027e+00 1.786755471375347426e+01
5.240152028576087417e+00 1.962375215637752035e+01 1.884145191487754056e+00 1.773960696488977007e+01
5.241263386655660383e+00 1.948358869573685581e+01 1.871119161625817151e+00 1.761246953411104599e+01
5.242374744735234238e+00 1.934431515731585804e+01 1.858164067599002767e+00 1.748615108971685217e+01
5.243486102814807204e+00 1.920593912257517744e+01 1.845281686235442864e+00 1.736065743633973568e+01
5.244597460894381058e+00 1.906846248768253460e+01 1.832474709601037866e+00 1.723598777808149407e+01
5.245708818973954024e+00 1.893187893299401026e+01 1.819745613045701482e+00 1.711213331994830966e+01
5.246820177053526990e+00 1.879617424126615788e+01 1.807095577116663465e+00 1.698907866414949552e+01
5.247931535133099956e+00 1.866132930837634518e+01 1.794523848098747987e+00 1.686680546027759675e+01
5.249042893212672922e+00 1.852732475037507598e+01 1.782027770938618305e+00 1.674529697943645701e+01
5.250154251292246776e+00 1.839414547331837824e+01 1.769603492605599460e+00 1.662454198071278100e+01
5.251265609371819743e+00 1.826178362115125253e+01 1.757247096987538670e+00 1.650453652416371142e+01
5.252376967451393597e+00 1.813023892428100581e+01 1.744955778520510759e+00 1.638528314576048928e+01
5.253488325530966563e+00 1.799951641127443835e+01 1.732728645896800534e+00 1.626678776537763937e+01
5.254599683610539529e+00 1.786962237751379234e+01 1.720566875362562254e+00 1.614905550215123498e+01
5.255711041690112495e+00 1.774056009586033156e+01 1.708473160097562449e+00 1.603208693576277000e+01
5.256822399769686349e+00 1.761232680138256868e+01 1.696450647705503689e+00 1.591587615367705943e+01
5.257933757849259315e+00 1.748491297993058069e+01 1.684501735258213451e+00 1.580041124467236990e+01
5.259045115928833170e+00 1.735830413121198745e+01 1.672627138387441592e+00 1.568567699282454520e+01
5.260156474008406136e+00 1.723248427840225716e+01 1.660825551819468782e+00 1.557165872658278793e+01
5.261267832087979102e+00 1.710743988382118275e+01 1.649094009521264725e+00 1.545834587429991913e+01
5.262379190167552068e+00 1.698316271984755232e+01 1.637428807959460997e+00 1.534573391188808600e+01
5.263490548247125034e+00 1.685965066584251559e+01 1.625826662372800380e+00 1.523382400346970833e+01
5.264601906326698888e+00 1.673690619115702916e+01 1.614285690922836913e+00 1.512262050023419491e+01
5.265713264406271854e+00 1.661493314565621660e+01 1.602805889819337803e+00 1.501212725583688012e+01
5.266824622485845708e+00 1.649373309530468035e+01 1.591388947646817487e+00 1.490234414765787818e+01
5.267935980565418674e+00 1.637330258847174846e+01 1.580037481739317684e+00 1.479326510673242723e+01
5.269047338644991640e+00 1.625363237084797063e+01 1.568753979684729627e+00 1.468487839116323279e+01
5.270158696724564606e+00 1.613470882570024756e+01 1.557539824686075214e+00 1.457716900101416968e+01
5.271270054804138461e+00 1.601651708000507668e+01 1.546394742870671024e+00 1.447012233713440388e+01
5.272381412883711427e+00 1.589904459644644064e+01 1.535316851229456159e+00 1.436372774521698581e+01
5.273492770963285281e+00 1.578228389460460512e+01 1.524303266279541491e+00 1.425798062832506119e+01
5.274604129042858247e+00 1.566623337437298424e+01 1.513351035323822202e+00 1.415288233904915494e+01
5.275715487122431213e+00 1.555089592552453581e+01 1.502458044886212374e+00 1.404843788063832122e+01
5.276826845202004179e+00 1.543627583393661418e+01 1.491623580849976705e+00 1.394465225308663392e+01
5.277938203281577145e+00 1.532237513017266650e+01 1.480848351639268978e+00 1.384152677853339419e+01
5.279049561361151000e+00 1.520919073485189621e+01 1.470133987026850830e+00 1.373905674782504605e+01
5.280160919440723966e+00 1.509671346101845302e+01 1.459482216145674638e+00 1.363723124487278504e+01
5.281272277520297820e+00 1.498492924644490820e+01 1.448894039670103773e+00 1.353603520677480354e+01
5.282383635599870786e+00 1.487382216377568867e+01 1.438369204059492867e+00 1.343545295971619780e+01
5.283494993679443752e+00 1.476337809967789561e+01 1.427906165510379077e+00 1.333547193416751853e+01
5.284606351759016718e+00 1.465358774936176900e+01 1.417502544577432078e+00 1.323608520478433803e+01
5.285717709838589684e+00 1.454444783092934301e+01 1.407155889611828803e+00 1.313729194131751221e+01
5.286829067918163538e+00 1.443596008959730881e+01 1.396864455875939326e+00 1.303909563372136837e+01
5.287940425997737393e+00 1.432812848802868899e+01 1.386627707475012850e+00 1.294150078055367814e+01
5.289051784077310359e+00 1.422095565852735533e+01 1.376446359128989716e+00 1.284450929939836961e+01
5.290163142156883325e+00 1.411443997165736519e+01 1.366321951566762616e+00 1.274811802009059392e+01
5.291274500236456291e+00 1.400857434750502861e+01 1.356256130821211103e+00 1.265231821668382217e+01
5.292385858316029257e+00 1.390334728179223056e+01 1.346249911624638251e+00 1.255709737016759320e+01
5.293497216395603111e+00 1.379874571989965837e+01 1.336303207690429096e+00 1.246244251220922727e+01
5.294608574475176077e+00 1.369475869929605238e+01 1.326414806751083253e+00 1.236834389254496536e+01
5.295719932554749931e+00 1.359138036309102482e+01 1.316582796071661843e+00 1.227479756701936253e+01
5.296831290634322897e+00 1.348861114944916295e+01 1.306805270226855331e+00 1.218180587922231162e+01
5.297942648713895863e+00 1.338645661737280435e+01 1.297081043256551158e+00 1.208937557411625363e+01
5.299054006793468830e+00 1.328492424383378712e+01 1.287410083733719013e+00 1.199751416010006899e+01
5.300165364873041796e+00 1.318401930064729122e+01 1.277793495673202218e+00 1.190622580497408833e+01
5.301276722952615650e+00 1.308374130375459998e+01 1.268233041689477147e+00 1.181550826206511395e+01
5.302388081032189504e+00 1.298408237241910967e+01 1.258730382121542091e+00 1.172535199029756825e+01
5.303499439111762470e+00 1.288502818574621500e+01 1.249286317708582894e+00 1.163574186803762878e+01
5.304610797191335436e+00 1.278656130485441444e+01 1.239900329743107932e+00 1.154666097511131184e+01
5.305722155270908402e+00 1.268866576877235453e+01 1.230570606304831838e+00 1.145809516246752402e+01
5.306833513350481368e+00 1.259133138293093346e+01 1.221294563941496714e+00 1.137003681898943519e+01
5.307944871430055223e+00 1.249455618438724791e+01 1.212069687025009390e+00 1.128248649736223186e+01
5.309056229509628189e+00 1.239834617441711728e+01 1.202894381968177884e+00 1.119545179244894584e+01
5.310167587589202043e+00 1.230271234935335301e+01 1.193768528506639948e+00 1.110894382084671683e+01
5.311278945668775009e+00 1.220766600504014576e+01 1.184693513154313926e+00 1.102297249188583628e+01
5.312390303748347975e+00 1.211321390433046297e+01 1.175671714959308778e+00 1.093754218937115397e+01
5.313501661827920941e+00 1.201935496030231576e+01 1.166705614088309861e+00 1.085264934621400990e+01
5.314613019907493907e+00 1.192607957363794036e+01 1.157796836052811251e+00 1.076828273758512822e+01
5.315724377987067761e+00 1.183337184861423097e+01 1.148945475270895411e+00 1.068442637334333867e+01
5.316835736066641616e+00 1.174121391823655536e+01 1.140149947892703963e+00 1.060106397034384962e+01
5.317947094146214582e+00 1.164959088408598298e+01 1.131407437581779529e+00 1.051818344650419412e+01
5.319058452225787548e+00 1.155849467466791403e+01 1.122714785609690624e+00 1.043577988905822274e+01
5.320169810305360514e+00 1.146792551686199957e+01 1.114069514914075798e+00 1.035385600194792488e+01
5.321281168384933480e+00 1.137789055863757604e+01 1.105470625909768412e+00 1.027241993272780718e+01
5.322392526464507334e+00 1.128840017840506249e+01 1.096918879809025693e+00 1.019148129859603991e+01
5.323503884544080300e+00 1.119946331532150019e+01 1.088416466110462721e+00 1.011104684921103392e+01
5.324615242623654154e+00 1.111108347580504230e+01 1.079966170355515676e+00 1.003111730544952351e+01
5.325726600703227120e+00 1.102325680569564348e+01 1.071570337381250404e+00 9.951686468314390410e+00
5.326837958782800087e+00 1.093597286474210684e+01 1.063229999296215311e+00 9.872742865445887972e+00
5.327949316862373053e+00 1.084921777201158477e+01 1.054944479040817340e+00 9.794273292970771649e+00
5.329060674941946019e+00 1.076297855302469308e+01 1.046711610090311551e+00 9.716266942934380424e+00
5.330172033021519873e+00 1.067724710810141353e+01 1.038528491559750355e+00 9.638718616541661177e+00
5.331283391101093727e+00 1.059202237822391446e+01 1.030392505276126913e+00 9.561629872947786879e+00
5.332394749180666693e+00 1.050730994763406656e+01 1.022302226850732465e+00 9.485007720783322327e+00
5.333506107260239659e+00 1.042311924950490543e+01 1.014257900752664643e+00 9.408861348752239451e+00
5.334617465339812625e+00 1.033945939849080986e+01 1.006261306450335180e+00 9.333198092040477789e+00
5.335728823419385591e+00 1.025633515603630386e+01 9.983150624229998327e-01 9.258020093613296808e+00
5.336840181498959446e+00 1.017374447244497659e+01 9.904216180813834036e-01 9.183322854363593635e+00
5.337951539578532412e+00 1.009167847155928044e+01 9.825822970185597027e-01 9.109096174540718849e+00
5.339062897658106266e+00 1.001012386173702851e+01 9.747967375044356286e-01 9.035327124232590990e+00
5.340174255737679232e+00 9.929066889765225667e+00 9.670629338894453086e-01 8.962003955875783134e+00
5.341285613817252198e+00 9.848497413012221813e+00 9.593778667595177501e-01 8.889119546252706172e+00
5.342396971896825164e+00 9.768411640228771731e+00 9.517384980258589700e-01 8.816673142202912317e+00
5.343508329976398130e+00 9.688812586440192831e+00 9.441427758982832152e-01 8.744669810541910948e+00
5.344619688055971984e+00 9.609708118998717907e+00 9.365902911302496081e-01 8.673117827868466634e+00
5.345731046135545839e+00 9.531107337554063363e+00 9.290823512275823148e-01 8.602024986326481937e+00
5.346842404215118805e+00 9.453016618602520182e+00 9.216214482103716188e-01 8.531395170392148231e+00
5.347953762294691771e+00 9.375436756590501020e+00 9.142103126599079310e-01 8.461226443930586427e+00
5.349065120374264737e+00 9.298362216845275086e+00 9.068508939822003123e-01 8.391511322863063782e+00
5.350176478453837703e+00 9.221782736634889233e+00 8.995436312823468228e-01 8.322239105352538857e+00
5.351287836533411557e+00 9.145686654628509160e+00 8.922872725883884693e-01 8.253399382040120358e+00
5.352399194612984523e+00 9.070064726536575250e+00 8.850793013449438362e-01 8.184985425191635855e+00
5.353510552692558377e+00 8.994913019382419606e+00 8.779168102231664772e-01 8.116996209159253794e+00
5.354621910772131343e+00 8.920233825080178036e+00 8.707975024629660554e-01 8.049436322617204098e+00
5.355733268851704310e+00 8.846034265689848297e+00 8.637204576404415857e-01 7.982313808049405601e+00
5.356844626931277276e+00 8.772323109653104467e+00 8.566863870399217262e-01 7.915636722613175635e+00
5.357955985010850242e+00 8.699106971987065506e+00 8.496972910978262128e-01 7.849409680889241514e+00
5.359067343090424096e+00 8.626387295072170502e+00 8.427556493174920282e-01 7.783631645754682360e+00
5.360178701169997950e+00 8.554159220643192896e+00 8.358634424033493104e-01 7.718295778239843585e+00
5.361290059249570916e+00 8.482412773413878782e+00 8.290213657997510532e-01 7.653391407614125619e+00
5.362401417329143882e+00 8.411135934154700067e+00 8.222285221240818176e-01 7.588907412030619248e+00
5.363512775408716848e+00 8.340318491153860592e+00 8.154827036502625415e-01 7.524835787503596940e+00
5.364624133488289814e+00 8.269955273393641448e+00 8.087811595114297036e-01 7.461174113882207415e+00
5.365735491567863669e+00 8.200047589350939248e+00 8.021215646178539993e-01 7.397926024733080475e+00
5.366846849647436635e+00 8.130602341560640767e+00 7.955028331533168240e-01 7.335099508407317614e+00
5.367958207727010489e+00 8.061629124753917353e+00 7.889254758908227361e-01 7.272703648863093839e+00
5.369069565806583455e+00 7.993136341720799010e+00 7.823913669048104813e-01 7.210744974815989750e+00
5.370180923886156421e+00 7.925127724257595929e+00 7.759030009891830781e-01 7.149224723268409853e+00
5.371292281965729387e+00 7.857600500193154147e+00 7.694625096813585419e-01 7.088137990511798492e+00
5.372403640045302353e+00 7.790545855548889342e+00 7.630707932859238651e-01 7.027475062262966254e+00
5.373514998124876207e+00 7.723951517731403094e+00 7.567270860002628385e-01 6.967224431731144030e+00
5.374626356204450062e+00 7.657805528081822466e+00 7.504291156187923306e-01 6.907376412463031023e+00
5.375737714284023028e+00 7.592099852114232661e+00 7.441738046678061380e-01 6.847926047446422970e+00
5.376849072363595994e+00 7.526832542718769226e+00 7.379582639651725007e-01 6.788874278753592506e+00
5.377960430443168960e+00 7.462007698962191071e+00 7.317807234868540789e-01 6.730226975475331663e+00
5.379071788522741926e+00 7.397633258907175602e+00 7.256410675078902583e-01 6.671992191399286121e+00
5.380183146602315780e+00 7.333717441576056650e+00 7.195407832743188070e-01 6.614176658301742506e+00
5.381294504681888746e+00 7.270265131749201082e+00 7.134823434422803423e-01 6.556782788306917631e+00
5.382405862761462600e+00 7.207275511488979269e+00 7.074682458680708885e-01 6.499807265620912489e+00
5.383517220841035567e+00 7.144741783412251301e+00 7.015000565892498541e-01 6.443241726822998672e+00
5.384628578920608533e+00 7.082653070846507859e+00 6.955777990069131889e-01 6.387075271839599111e+00
5.385739937000181499e+00 7.020997794476564025e+00 6.896999057178107018e-01 6.331297888758756542e+00
5.386851295079754465e+00 6.959767296796526281e+00 6.838637452752808210e-01 6.275903551521240686e+00
5.387962653159328319e+00 6.898958403190885491e+00 6.780665284754719968e-01 6.220891874715409386e+00
5.389074011238902173e+00 6.838573998663073361e+00 6.723062627299877247e-01 6.166267735933080196e+00
5.390185369318475139e+00 6.778621418691413325e+00 6.665824076885716876e-01 6.112039011002840638e+00
5.391296727398048105e+00 6.719109240369121494e+00 6.608959956465849661e-01 6.058213244722537638e+00
5.392408085477621071e+00 6.660043631947421439e+00 6.552491759356633416e-01 6.004794456011759429e+00
5.393519443557194037e+00 6.601425570692279088e+00 6.496443521629757800e-01 5.951781218529310635e+00
5.394630801636767892e+00 6.543249918719665992e+00 6.440832286727944389e-01 5.899166690046871331e+00
5.395742159716340858e+00 6.485506672542038054e+00 6.385661145637165914e-01 5.846940557978324904e+00
5.396853517795914712e+00 6.428183919301901916e+00 6.330917387143395469e-01 5.795092180587555930e+00
5.397964875875487678e+00 6.371271423424504476e+00 6.276576423574202757e-01 5.743613781067086421e+00
5.399076233955060644e+00 6.314763549614855087e+00 6.222610049662921083e-01 5.692502544648560203e+00
5.400187592034633610e+00 6.258660477290175272e+00 6.168996012862802969e-01 5.641760876003890424e+00
5.401298950114206576e+00 6.202967284621705879e+00 6.115725396254608759e-01 5.591394744996244448e+00
5.402410308193780430e+00 6.147691250462708368e+00 6.062805112421243425e-01 5.541410739220582471e+00
5.403521666273353397e+00 6.092838361458794871e+00 6.010254587235362989e-01 5.491812902735252244e+00
5.404633024352927251e+00 6.038410290752746157e+00 5.958097828432025178e-01 5.442600507909543417e+00
5.405744382432500217e+00 5.984402936338453216e+00 5.906353755992492793e-01 5.393767560739202160e+00
5.406855740512073183e+00 5.930807039034316830e+00 5.855028308900356304e-01 5.345304208144280977e+00
5.407967098591646149e+00 5.877610649608691062e+00 5.804111204683911618e-01 5.297199529140298679e+00
5.409078456671220003e+00 5.824802552972088598e+00 5.753578546369281232e-01 5.249444698335158144e+00
5.410189814750792969e+00 5.772375421446372279e+00 5.703400356352430478e-01 5.202035385811128343e+00
5.411301172830366824e+00 5.720327576558604576e+00 5.653550334927509580e-01 5.154972543065854396e+00
5.412412530909939790e+00 5.668662746723558854e+00 5.604014337576161964e-01 5.108261312965941769e+00
5.413523888989512756e+00 5.617387930123272533e+00 5.554794529035417261e-01 5.061908477219726699e+00
5.414635247069085722e+00 5.566510146560935901e+00 5.505907733496487877e-01 5.015919373211287002e+00
5.415746605148658688e+00 5.516033247374074300e+00 5.457378592010136975e-01 4.970295388173063600e+00
5.416857963228232542e+00 5.465955913663671062e+00 5.409230002779712443e-01 4.925032913385701150e+00
5.417969321307805508e+00 5.416271529383291039e+00 5.361474284436155147e-01 4.880124100939674747e+00
5.419080679387379362e+00 5.366969932127733323e+00 5.314108221540483346e-01 4.835559109973682546e+00
5.420192037466952328e+00 5.318040370249991433e+00 5.267113732380762636e-01 4.791328997011906843e+00
5.421303395546525294e+00 5.269474573268884576e+00 5.220463860226769448e-01 4.747428187246208076e+00
5.422414753626098260e+00 5.221268822304988788e+00 5.174131871463893972e-01 4.703855635158600279e+00
5.423526111705672115e+00 5.173424290386511082e+00 5.128100141101383791e-01 4.660614276276371370e+00
5.424637469785245081e+00 5.125945564740490568e+00 5.082365613119853576e-01 4.617709003428498882e+00
5.425748827864818935e+00 5.078837928168735694e+00 5.036939894251127869e-01 4.575143938743622130e+00
5.426860185944391901e+00 5.032104422297548396e+00 4.991844006927200761e-01 4.532920021604822658e+00
5.427971544023964867e+00 4.985743782179959283e+00 4.947099771429289694e-01 4.491033805037034199e+00
5.429082902103537833e+00 4.939749999241775491e+00 4.902721001396184719e-01 4.449477899102150857e+00
5.430194260183110799e+00 4.894113663220872823e+00 4.858707742226273107e-01 4.408242888998243458e+00
5.431305618262684654e+00 4.848824577504254663e+00 4.815045647327248490e-01 4.367320012771525484e+00
5.432416976342257620e+00 4.803874676313856007e+00 4.771710691500509749e-01 4.326703607163803866e+00
5.433528334421831474e+00 4.759260165402807274e+00 4.728677459074837608e-01 4.286392419495325790e+00
5.434639692501404440e+00 4.714982096885178997e+00 4.685927934002447892e-01 4.246389303484936484e+00
5.435751050580977406e+00 4.671045165487621276e+00 4.643457537913249777e-01 4.206699411696297908e+00
5.436862408660550372e+00 4.627455165569108075e+00 4.601276174851986478e-01 4.167327548083908262e+00
5.437973766740124226e+00 4.584216037198482141e+00 4.559403876694942404e-01 4.128275649528980296e+00
5.439085124819697192e+00 4.541327577758074163e+00 4.517862629494229232e-01 4.089541314808649908e+00
5.440196482899271047e+00 4.498784650534810581e+00 4.476667371678719753e-01 4.051117913366939050e+00
5.441307840978844013e+00 4.456578174739855847e+00 4.435819473648477951e-01 4.012996227375014158e+00
5.442419199058416979e+00 4.414697533085445436e+00 4.395305116648013377e-01 3.975167021420642932e+00
5.443530557137989945e+00 4.373133520029594656e+00 4.355099210164788959e-01 3.937623599013113651e+00
5.444641915217562911e+00 4.331880762143953234e+00 4.315173468510670740e-01 3.900363415292883662e+00
5.445753273297136765e+00 4.290938739865810980e+00 4.275505743979111650e-01 3.863388165467906088e+00
5.446864631376709731e+00 4.250311053102901582e+00 4.236087241897474875e-01 3.826702328913152318e+00
5.447975989456283585e+00 4.210003213284192469e+00 4.196924996093189808e-01 3.790310713674871490e+00
5.449087347535856551e+00 4.170019777801161176e+00 4.158038690518296998e-01 3.754215908749332975e+00
5.450198705615429517e+00 4.130361875776224601e+00 4.119452955790953164e-01 3.718416580197134724e+00
5.451310063695002484e+00 4.091026023568596237e+00 4.081187907456403363e-01 3.682907232822955734e+00
5.452421421774575450e+00 4.052004651332596019e+00 4.043251331466979903e-01 3.647679518185896974e+00
5.453532779854149304e+00 4.013288133954104886e+00 4.005635329528119404e-01 3.612724601001288338e+00
5.454644137933723158e+00 3.974867570610569611e+00 3.968318626746977773e-01 3.578035707935868892e+00
5.455755496013296124e+00 3.936737286998511998e+00 3.931273699281522260e-01 3.543609917070358772e+00
5.456866854092869090e+00 3.898896140344444650e+00 3.894476140476146320e-01 3.509448526296826909e+00
5.457978212172442056e+00 3.861347149423302483e+00 3.857912879266669481e-01 3.475555861496630872e+00
5.459089570252015022e+00 3.824095587291798548e+00 3.821586284569161163e-01 3.441936958834880933e+00
5.460200928331588877e+00 3.787146237975621332e+00 3.785512680511812778e-01 3.408594969924438001e+00
5.461312286411161843e+00 3.750500824285832646e+00 3.749715818849048143e-01 3.375529242400925778e+00
5.462423644490735697e+00 3.714156551187820288e+00 3.714217674862791418e-01 3.342734783701537093e+00
5.463535002570308663e+00 3.678106301375617448e+00 3.679029893930400585e-01 3.310203311982578445e+00
5.464646360649881629e+00 3.642340416294457928e+00 3.644148972352813654e-01 3.277925519059178949e+00
5.465757718729454595e+00 3.606849417165377325e+00 3.609556899160442089e-01 3.245893727249332450e+00
5.466869076809027561e+00 3.571626677463484612e+00 3.575227009136443534e-01 3.214103976549834929e+00
5.467980434888601415e+00 3.536670075453499873e+00 3.541132917699746363e-01 3.182556783683528234e+00
5.469091792968175270e+00 3.501982026064113462e+00 3.507257304878338977e-01 3.151256295576282174e+00
5.470203151047748236e+00 3.467567880246373413e+00 3.473597384686096246e-01 3.120208141777766730e+00
5.471314509127321202e+00 3.433433272585078022e+00 3.440165108480972012e-01 3.089416761736981432e+00
5.472425867206894168e+00 3.399581378934199982e+00 3.406982063340307509e-01 3.058883172600165956e+00
5.473537225286467134e+00 3.366011077189429823e+00 3.374070944266060468e-01 3.028603982762819502e+00
5.474648583366040988e+00 3.332716675246775839e+00 3.341446707905034730e-01 2.998572004456270257e+00
5.475759941445613954e+00 3.299689300858767105e+00 3.309110613355696895e-01 2.968778239523202966e+00
5.476871299525187808e+00 3.266919445550420242e+00 3.277049291886995896e-01 2.939214516361722040e+00
5.477982657604760774e+00 3.234399737606566294e+00 3.245239152447765285e-01 2.909875822361788433e+00
5.479094015684333741e+00 3.202126938189786998e+00 3.213654492133579677e-01 2.880761488976427032e+00
5.480205373763906707e+00 3.170102438392944144e+00 3.182276343410212482e-01 2.851874804051926393e+00
5.481316731843479673e+00 3.138331079697456616e+00 3.151098835544391963e-01 2.823221196143012257e+00
5.482428089923053527e+00 3.106818727886691889e+00 3.120130764335236617e-01 2.794805651453164064e+00
5.483539448002627381e+00 3.075569480772280873e+00 3.089391814681933801e-01 2.766630299304087881e+00
5.484650806082200347e+00 3.044583520631945817e+00 3.058904826228583951e-01 2.738693038009083924e+00
5.485762164161773313e+00 3.013856386855661817e+00 3.028686926238591814e-01 2.710987694231803857e+00
5.486873522241346279e+00 2.983379929378124906e+00 2.998742757153307625e-01 2.683505653662791701e+00
5.487984880320919245e+00 2.953144596237426978e+00 2.969062256106473896e-01 2.656238370626775591e+00
5.489096238400493100e+00 2.923142228827591449e+00 2.939623783541935875e-01 2.629179850473396307e+00
5.490207596480066066e+00 2.893368358801768903e+00 2.910401453643666758e-01 2.602328213437399729e+00
5.491318954559639920e+00 2.863823184479726169e+00 2.881373997244488505e-01 2.575685784755279872e+00
5.492430312639212886e+00 2.834510883670664505e+00 2.852531939227145874e-01 2.549257689747947087e+00
5.493541670718785852e+00 2.805437519423564119e+00 2.823880492937943520e-01 2.523049470129766991e+00
5.494653028798358818e+00 2.776608298265909269e+00 2.795437134614919827e-01 2.497064584804416842e+00
5.495764386877931784e+00 2.748025166188992063e+00 2.767224751838018859e-01 2.471302691005189622e+00
5.496875744957505638e+00 2.719685596676306272e+00 2.739262859773799463e-01 2.445759310698927269e+00
5.497987103037079493e+00 2.691582987657134218e+00 2.711560068655469169e-01 2.420426980791588356e+00
5.499098461116652459e+00 2.663708501049455002e+00 2.684110519176147736e-01 2.395297449131836842e+00
5.500209819196225425e+00 2.636053661652447033e+00 2.656895553561783307e-01 2.370364106296265039e+00
5.501321177275798391e+00 2.608612767917308783e+00 2.629889988950177004e-01 2.345623769022288752e+00
5.502432535355371357e+00 2.581384248775577817e+00 2.603070697978318582e-01 2.321077178977747568e+00
5.503543893434945211e+00 2.554370495197196167e+00 2.576424380720642726e-01 2.296728057125131617e+00
5.504655251514518177e+00 2.527576256151847556e+00 2.549951725686533943e-01 2.272581083583193440e+00
5.505766609594092031e+00 2.501006210537397578e+00 2.523666485475544730e-01 2.248639561989837610e+00
5.506877967673664998e+00 2.474662619754866899e+00 2.497589847034008270e-01 2.224903635051460604e+00
5.507989325753237964e+00 2.448543925122172560e+00 2.471742180585924653e-01 2.201369707063582037e+00
5.509100683832810930e+00 2.422644797854404342e+00 2.446135186659551264e-01 2.178031279188451297e+00
5.510212041912383896e+00 2.396957609711197534e+00 2.420767291522105402e-01 2.154880880558984746e+00
5.511323399991957750e+00 2.371474768464259419e+00 2.395623935816325323e-01 2.131912374882624306e+00
5.512434758071531604e+00 2.346191045961439237e+00 2.370682604402290783e-01 2.109122785521207355e+00
5.513546116151104570e+00 2.321105032646243238e+00 2.345920715750493546e-01 2.086512961071192773e+00
5.514657474230677536e+00 2.296219177234391395e+00 2.321323457455810868e-01 2.064086831488810780e+00
5.515768832310250502e+00 2.271538393434413550e+00 2.296888693763756706e-01 2.041849524058038767e+00
5.516880190389823468e+00 2.247067744510978571e+00 2.272627161961784659e-01 2.019805028314796136e+00
5.517991548469397323e+00 2.222810057007330364e+00 2.248557913508794914e-01 1.997954265656452844e+00
5.519102906548970289e+00 2.198764342444673225e+00 2.224700703847695693e-01 1.976294272059903490e+00
5.520214264628544143e+00 2.174925610568758660e+00 2.201068151705218023e-01 1.954818795398240328e+00
5.521325622708117109e+00 2.151286148170954871e+00 2.177660566802774034e-01 1.933520091490682269e+00
5.522436980787690075e+00 2.127837800400701695e+00 2.154465357875309239e-01 1.912391264613172215e+00
5.523548338867263041e+00 2.104574423450943144e+00 2.131461244299641122e-01 1.891428299020975867e+00
5.524659696946836007e+00 2.081493613190562364e+00 2.108625724397527879e-01 1.870631040750806662e+00
5.525771055026409861e+00 2.058597077319736179e+00 2.085943050789412501e-01 1.850002772240792792e+00
5.526882413105983716e+00 2.035889512931062129e+00 2.063409769055765119e-01 1.829548536025483063e+00
5.527993771185556682e+00 2.013376396558118397e+00 2.041035762146706511e-01 1.809272820343445609e+00
5.529105129265129648e+00 1.991061490941553824e+00 2.018840385876206345e-01 1.789177452353929887e+00
5.530216487344702614e+00 1.968944976953641346e+00 1.996845079905322506e-01 1.769260468963109512e+00
5.531327845424275580e+00 1.947022892330892319e+00 1.975065135848352582e-01 1.749516378746053036e+00
5.532439203503849434e+00 1.925288083626130797e+00 1.953503624410292405e-01 1.729937721185097921e+00
5.533550561583422400e+00 1.903732327118862866e+00 1.932149708118711118e-01 1.710517356306993975e+00
5.534661919662996254e+00 1.882348848724063606e+00 1.910981976440336016e-01 1.691250651080031808e+00
5.535773277742569221e+00 1.861134327056277460e+00 1.889975614485369937e-01 1.672136765607739939e+00
5.536884635822142187e+00 1.840089650733327975e+00 1.869110820162164233e-01 1.653178568717108554e+00
5.537995993901715153e+00 1.819219152720536137e+00 1.848379426634419453e-01 1.634381210057094247e+00
5.539107351981288119e+00 1.798528596846900252e+00 1.827787334757711157e-01 1.615749863371129580e+00
5.540218710060861973e+00 1.778022644024160437e+00 1.807351878724411109e-01 1.597287456151722296e+00
5.541330068140435827e+00 1.757702714149008028e+00 1.787095085285919926e-01 1.578993205620416118e+00
5.542441426220008793e+00 1.737566016165155158e+00 1.767035274626941044e-01 1.560862488702457584e+00
5.543552784299581759e+00 1.717606095831965218e+00 1.747180048509096584e-01 1.542888090981053395e+00
5.544664142379154725e+00 1.697814702135215459e+00 1.727523202061388430e-01 1.525062381929073618e+00
5.545775500458727691e+00 1.678184297925771729e+00 1.708046665715518275e-01 1.507379631354219596e+00
5.546886858538301546e+00 1.658710310152238687e+00 1.688726754170733202e-01 1.489837634735166727e+00
5.547998216617874512e+00 1.639392312496912085e+00 1.669542435785576207e-01 1.472438068918352272e+00
5.549109574697448366e+00 1.620233721859065446e+00 1.650482606757627813e-01 1.455185461183300832e+00
5.550220932777021332e+00 1.601240128113531780e+00 1.631549723932803619e-01 1.438085155720246311e+00
5.551332290856594298e+00 1.582416868499893381e+00 1.612758482003853466e-01 1.421141020299508062e+00
5.552443648936167264e+00 1.563766725985397565e+00 1.594130028962829626e-01 1.404353723089109662e+00
5.553555007015740230e+00 1.545288579106293803e+00 1.575683838852703078e-01 1.387720195221025188e+00
5.554666365095314084e+00 1.526977479698796714e+00 1.557430211370221251e-01 1.371234458561778169e+00
5.555777723174887939e+00 1.508826113649472278e+00 1.539366134711420975e-01 1.354889500178329653e+00
5.556889081254460905e+00 1.490827098549445395e+00 1.521476017338667663e-01 1.338679496815575298e+00
5.558000439334033871e+00 1.472975272917988798e+00 1.503737015611030237e-01 1.322601571356883499e+00
5.559111797413606837e+00 1.455269142107450842e+00 1.486127006417193863e-01 1.306656441465727347e+00
5.560223155493179803e+00 1.437710960558139739e+00 1.468632288896652427e-01 1.290847731668472331e+00
5.561334513572753657e+00 1.420305432488412567e+00 1.451252198803875126e-01 1.275180212608021391e+00
5.562445871652326623e+00 1.403057519194502945e+00 1.433998946682244480e-01 1.259657624526278497e+00
5.563557229731900478e+00 1.385970166127010961e+00 1.416892735566468442e-01 1.244280892570362784e+00
5.564668587811473444e+00 1.369042788800527211e+00 1.399953939259408198e-01 1.229047394874587251e+00
5.565779945891046410e+00 1.352271074938072415e+00 1.383195198987099139e-01 1.213951555039365138e+00
5.566891303970619376e+00 1.335648174952406508e+00 1.366616331190321776e-01 1.198986541833375385e+00
5.568002662050192342e+00 1.319166841954113378e+00 1.350203918589759633e-01 1.184146450095133085e+00
5.569114020129766196e+00 1.302821732997107462e+00 1.333935751293944538e-01 1.169428157867710372e+00
5.570225378209339162e+00 1.286611022989004649e+00 1.317788515213284550e-01 1.154832171467677915e+00
5.571336736288913016e+00 1.270536733552853681e+00 1.301745935937644316e-01 1.140362139959087973e+00
5.572448094368485982e+00 1.254603649365763962e+00 1.285804411418386417e-01 1.126023208223926320e+00
5.573559452448058948e+00 1.238817212233711329e+00 1.269974071448476405e-01 1.111819805088863689e+00
5.574670810527631915e+00 1.223181159151939035e+00 1.254274858597589637e-01 1.097753673292181320e+00
5.575782168607205769e+00 1.207695767282861432e+00 1.238729032654700690e-01 1.083822864017392806e+00
5.576893526686778735e+00 1.192357350434260166e+00 1.223352802142488177e-01 1.070022070220008725e+00
5.578004884766352589e+00 1.177159197388728096e+00 1.208150108757131413e-01 1.056344186513014760e+00
5.579116242845925555e+00 1.162093617519317501e+00 1.193110815692830645e-01 1.042782535950029787e+00
5.580227600925498521e+00 1.147154354645932184e+00 1.178213959118410287e-01 1.029332958734088699e+00
5.581338959005071487e+00 1.132338493516191535e+00 1.163434890587679432e-01 1.015995004457423523e+00
5.582450317084644453e+00 1.117647164786575997e+00 1.148753731031695591e-01 1.002771791683403357e+00
5.583561675164218308e+00 1.103084788494401725e+00 1.134162084385625935e-01 9.896685800558417956e-01
5.584673033243791274e+00 1.088657125453479368e+00 1.119665591919398739e-01 9.766905662615384953e-01
5.585784391323365128e+00 1.074368838743700483e+00 1.105281416923850207e-01 9.638406970513172523e-01
5.586895749402938094e+00 1.060221446436997894e+00 1.091031586048846758e-01 9.511182878321129408e-01
5.588007107482511060e+00 1.046212406813825879e+00 1.076934612120681589e-01 9.385189456017566378e-01
5.589118465562084026e+00 1.032335669038560555e+00 1.062998440659229799e-01 9.260358249726386992e-01
5.590229823641657880e+00 1.018583493262246176e+00 1.049217275597298937e-01 9.136617657025141170e-01
5.591341181721230846e+00 1.004948885754213483e+00 1.035573426644873229e-01 9.013915430897289083e-01
5.592452539800804701e+00 9.914277725974445232e-01 1.022043495001627444e-01 8.892234230972793085e-01
5.593563897880377667e+00 9.780201297688737583e-01 1.008606638633534058e-01 8.771594659055228504e-01
5.594675255959950633e+00 9.647296636558189142e-01 9.952519046102714650e-02 8.652044731947934331e-01
5.595786614039523599e+00 9.515621579986981438e-01 9.819819569202649368e-02 8.533639623066665569e-01
5.596897972119096565e+00 9.385230823101124997e-01 9.688118391771780025e-02 8.416418983923941166e-01
5.598009330198670419e+00 9.256153203658568085e-01 9.557632163173082618e-02 8.300389987341283415e-01
5.599120688278243385e+00 9.128378310544396079e-01 9.428561825969465626e-02 8.185522127947427729e-01
5.600232046357817239e+00 9.001857155321442150e-01 9.301016088486069311e-02 8.071755546472826337e-01
5.601343404437390205e+00 8.876516574171603446e-01 9.174968090991811320e-02 7.959019765072401498e-01
5.602454762516963171e+00 8.752282102704843636e-01 9.050261056437058915e-02 7.847255997061148847e-01
5.603566120596536138e+00 8.629101063023512097e-01 8.926660982106800202e-02 7.736434964812847204e-01
5.604677478676109104e+00 8.506957593058664946e-01 8.803937397386567276e-02 7.626563853319984210e-01
5.605788836755682958e+00 8.385874317690952262e-01 8.681943052074318767e-02 7.517680012483525243e-01
5.606900194835256812e+00 8.265900218533547283e-01 8.560663781482638623e-02 7.409833840385237069e-01
5.608011552914829778e+00 8.147089237590942057e-01 8.440220570291397106e-02 7.303067180561791938e-01
5.609122910994402744e+00 8.029477449228917818e-01 8.320823096499722904e-02 7.197395139578920409e-01
5.610234269073975710e+00 7.913067073716243405e-01 8.202691530717208523e-02 7.092797920644533516e-01
5.611345627153548676e+00 7.797823045776333117e-01 8.085974772382502340e-02 6.989225568538084410e-01
5.612456985233122531e+00 7.683683242194373486e-01 7.970694516438685262e-02 6.886613790550449865e-01
5.613568343312695497e+00 7.570578499767234293e-01 7.856735150561390546e-02 6.784904984711104259e-01
5.614679701392269351e+00 7.458455026238374197e-01 7.743882908113482177e-02 6.684066735427028894e-01
5.615791059471842317e+00 7.347290994606321402e-01 7.631899954918802687e-02 6.584100999114486097e-01
5.616902417551415283e+00 7.237101293183847428e-01 7.520606581536888602e-02 6.485040635030164813e-01
5.618013775630988249e+00 7.127928767879365690e-01 7.409941902129736635e-02 6.386934577666413260e-01
5.619125133710561215e+00 7.019825238130873446e-01 7.299981384103136628e-02 6.289827099720537440e-01
5.620236491790135069e+00 6.912829289325039817e-01 7.190905236700971537e-02 6.193738765654955847e-01
5.621347849869708924e+00 6.806948992382850783e-01 7.082929457303732690e-02 6.098656046652466411e-01
5.622459207949281890e+00 6.702155868856818355e-01 6.976224735488952000e-02 6.004533395307878330e-01
5.623570566028854856e+00 6.598392288034993225e-01 6.870852622462507442e-02 5.911307025788729019e-01
5.624681924108427822e+00 6.495589566857513653e-01 6.766741914475774000e-02 5.818915375409903223e-01
5.625793282188000788e+00 6.393690139342466106e-01 6.663713470903229186e-02 5.727318792252105162e-01
5.626904640267574642e+00 6.292665689946536078e-01 6.561544072304964503e-02 5.636511282716044624e-01
5.628015998347147608e+00 6.192524634056330024e-01 6.460045822352768197e-02 5.546520051820994501e-01
5.629127356426721462e+00 6.093306227016537235e-01 6.359132105234892307e-02 5.457393016493056193e-01
5.630238714506294428e+00 5.995063462941491172e-01 6.258846173934450030e-02 5.369178845548069345e-01
5.631350072585867395e+00 5.897841004752263361e-01 6.159342171182560083e-02 5.281906787634014222e-01
5.632461430665440361e+00 5.801656182849876942e-01 6.060825744704335938e-02 5.195573608379459030e-01
5.633572788745013327e+00 5.706489963392836762e-01 5.963476086564778456e-02 5.110142354736373349e-01
5.634684146824587181e+00 5.612291140355835095e-01 5.867377885002886956e-02 5.025553351855537310e-01
5.635795504904161035e+00 5.518992183838968835e-01 5.772487942475619527e-02 4.941743389591370383e-01
5.636906862983734001e+00 5.426530940305459572e-01 5.678648490350521327e-02 4.858666091270413268e-01
5.638018221063306967e+00 5.334870270446721019e-01 5.585642184792870973e-02 4.776306051967405542e-01
5.639129579142879933e+00 5.244008490074071327e-01 5.493268618330996583e-02 4.694681628241000326e-01
5.640240937222452899e+00 5.153976856603814660e-01 5.401414430405751532e-02 4.613835413563225907e-01
5.641352295302026754e+00 5.064825080243524624e-01 5.310091537845867959e-02 4.533815926458860113e-01
5.642463653381599720e+00 4.976600204320202891e-01 5.219429704893063793e-02 4.454657233830883745e-01
5.643575011461173574e+00 4.889326602240969821e-01 5.129626338896812326e-02 4.376363968351295597e-01
5.644686369540746540e+00 4.802994407241807928e-01 5.040871947595044339e-02 4.298907212482288021e-01
5.645797727620319506e+00 4.717560588871506644e-01 4.953278472384432113e-02 4.222232741633028530e-01
5.646909085699892472e+00 4.632962254477570596e-01 4.866836550236536274e-02 4.146278599453924740e-01
5.648020443779465438e+00 4.549137279679922319e-01 4.781417116419198893e-02 4.070995568037985013e-01
5.649131801859039292e+00 4.466044692493987278e-01 4.696816551803586343e-02 3.996363037313618860e-01
5.650243159938613147e+00 4.383677327944894286e-01 4.612828726420086650e-02 3.922394455302827820e-01
5.651354518018186113e+00 4.302062098055600692e-01 4.529317568350155199e-02 3.849130341220581841e-01
5.652465876097759079e+00 4.221247752201506276e-01 4.446263713861409173e-02 3.776621380815352591e-01
5.653577234177332045e+00 4.141284580860427056e-01 4.363768362577225002e-02 3.704907744602701225e-01
5.654688592256905011e+00 4.062203470739504385e-01 4.282013147943170700e-02 3.634002155945184609e-01
5.655799950336478865e+00 3.984001972273625292e-01 4.201190896229668736e-02 3.563882882650662998e-01
5.656911308416051831e+00 3.906642497748376019e-01 4.121432724733663927e-02 3.494499225275000120e-01
5.658022666495625685e+00 3.830063354855489655e-01 4.042758177298834410e-02 3.425787537125578042e-01
5.659134024575198652e+00 3.754198642993508694e-01 3.965066582614885926e-02 3.357691984732017465e-01
5.660245382654771618e+00 3.678999801413044279e-01 3.888172680666733549e-02 3.290182533346403537e-01
5.661356740734344584e+00 3.604450979142612144e-01 3.811873340095609658e-02 3.223263645133092048e-01
5.662468098813917550e+00 3.530572623909377650e-01 3.736020813295072573e-02 3.156970542579908279e-01
5.663579456893491404e+00 3.457411953260554061e-01 3.660575596746586113e-02 3.091354393585878380e-01
5.664690814973065258e+00 3.385023727092416057e-01 3.585619440974595340e-02 3.026461782994967487e-01
5.665802173052638224e+00 3.313448260137573098e-01 3.511323648158708177e-02 2.962315895321700476e-01
5.666913531132211190e+00 3.242694618451589239e-01 3.437884171535002253e-02 2.898906201298055985e-01
5.668024889211784156e+00 3.172735071335611723e-01 3.365447208460933815e-02 2.836190350489532497e-01
5.669136247291357122e+00 3.103512799653182497e-01 3.294052512725718918e-02 2.774107548380629340e-01
5.670247605370930977e+00 3.034960069970042973e-01 3.223615249980230774e-02 2.712598544971995262e-01
5.671358963450503943e+00 2.967020307878520669e-01 3.153953214050943255e-02 2.651624986473419265e-01
5.672470321530077797e+00 2.899666109251083923e-01 3.084849712239628658e-02 2.591181138027089381e-01
5.673581679609650763e+00 2.832906715544845633e-01 3.016129425600012209e-02 2.531293772984789525e-01
5.674693037689223729e+00 2.766782303756439854e-01 2.947719787147446910e-02 2.472010325041684720e-01
5.675804395768796695e+00 2.701347212647457474e-01 2.879675628664767062e-02 2.413379649780989511e-01
5.676915753848369661e+00 2.636648214169971527e-01 2.812158129788183691e-02 2.355432401191184522e-01
5.678027111927943515e+00 2.572705701163480740e-01 2.745375632909237418e-02 2.298168137872575734e-01
5.679138470007517370e+00 2.509504568456798479e-01 2.679507661880121960e-02 2.241553802268807516e-01
5.680249828087090336e+00 2.446998021100538767e-01 2.614639509500151296e-02 2.185534070150516317e-01
5.681361186166663302e+00 2.385122843997928288e-01 2.550730868275028276e-02 2.130049757170421332e-01
5.682472544246236268e+00 2.323820520274086920e-01 2.487629606116341027e-02 2.075057559662473461e-01
5.683583902325809234e+00 2.263056493632262800e-01 2.425125443768104058e-02 2.020543949255432514e-01
5.684695260405383088e+00 2.202830584086582222e-01 2.363023912998248044e-02 1.966528192786750617e-01
5.685806618484956054e+00 2.143174816796990512e-01 2.301213770183873839e-02 1.913053439778644449e-01
5.686917976564529909e+00 2.084139519933799478e-01 2.239703592288188813e-02 1.860169160704973901e-01
5.688029334644102875e+00 2.025772814258251786e-01 2.178614621328106571e-02 1.807911352125443072e-01
5.689140692723675841e+00 1.968101004095323403e-01 2.118132889937410224e-02 1.756287715101561009e-01
5.690252050803248807e+00 1.911117024630349104e-01 2.058438429420770405e-02 1.705273181688220785e-01
5.691363408882821773e+00 1.854781141423590407e-01 1.999637566691238669e-02 1.654817384754432852e-01
5.692474766962395627e+00 1.799033619159705610e-01 1.941723002551339408e-02 1.604861318904547141e-01
5.693586125041969481e+00 1.743814712222674090e-01 1.884576053916919847e-02 1.555357106830959624e-01
5.694697483121542447e+00 1.689084668358606656e-01 1.828009936476085451e-02 1.506283674710980347e-01
5.695808841201115413e+00 1.634836443451665455e-01 1.771837942151916617e-02 1.457652649236496900e-01
5.696920199280688379e+00 1.581096492286976907e-01 1.715941311926643190e-02 1.409502361094343847e-01
5.698031557360261345e+00 1.527913351073476311e-01 1.660311807342738227e-02 1.361882170339233922e-01
5.699142915439835200e+00 1.475338175596624668e-01 1.605053341729943683e-02 1.314832841423649867e-01
5.700254273519408166e+00 1.423404325000452164e-01 1.550342098846316935e-02 1.268370115115798891e-01
5.701365631598982020e+00 1.372113423012908950e-01 1.496359817501853769e-02 1.222477441262749959e-01
5.702476989678554986e+00 1.321432965668516701e-01 1.443224774229892940e-02 1.177110488245508013e-01
5.703588347758127952e+00 1.271306341011891605e-01 1.390945852419310860e-02 1.132211755769901435e-01
5.704699705837700918e+00 1.221671613674118473e-01 1.339416639604025690e-02 1.087729949713712313e-01
5.705811063917273884e+00 1.172482246973038378e-01 1.288451840206216240e-02 1.043637062952418731e-01
5.706922421996847739e+00 1.123722241160438756e-01 1.237852791162190498e-02 9.999369620442104256e-02
5.708033780076421593e+00 1.075410206386933354e-01 1.187478190932354967e-02 9.566623872937439488e-02
5.709145138155994559e+00 1.027590916096699919e-01 1.137294202383446612e-02 9.138614958583442249e-02
5.710256496235567525e+00 9.803174332809608260e-02 1.087385581843839689e-02 8.715788750965951237e-02
5.711367854315140491e+00 9.336303148159549870e-02 1.037923686808797999e-02 8.298379461350413600e-02
5.712479212394713457e+00 8.875414403523909646e-02 9.891029405659964788e-03 7.886311462957835972e-02
5.713590570474287311e+00 8.420283093045694001e-02 9.410688442549138347e-03 7.479214248790866382e-02
5.714701928553860277e+00 7.970408283924011739e-02 8.938637242086473408e-03 7.076544559715865212e-02
5.715813286633434132e+00 7.525180677858010758e-02 8.474099540814539547e-03 6.677770723777153028e-02
5.716924644713007098e+00 7.084088507654300038e-02 8.015367483119945763e-03 6.282551759342115683e-02
5.718036002792580064e+00 6.646886717985182880e-02 7.560407603908432701e-03 5.890845957594282450e-02
5.719147360872153030e+00 6.213668035543582630e-02 7.107584188516924417e-03 5.502909616691957495e-02
5.720258718951725996e+00 5.784810502909965707e-02 6.656236778124183413e-03 5.119186825097381960e-02
5.721370077031299850e+00 5.360821176566409052e-02 6.206901947945021869e-03 4.740130981771881191e-02
5.722481435110872816e+00 4.942133510108819711e-02 5.761099264637799949e-03 4.366023583645174677e-02
5.723592793190446670e+00 4.528932690117473681e-02 5.320760181487135115e-03 3.996856671968702229e-02
5.724704151270019636e+00 4.121072800192750185e-02 4.887508633232836436e-03 3.632321936869794404e-02
5.725815509349592602e+00 3.718115994757234533e-02 4.462055874226150166e-03 3.271910407334453763e-02
5.726926867429165569e+00 3.319479194200634226e-02 4.043930107480183875e-03 2.915086183452402641e-02
5.728038225508739423e+00 2.924634478878558944e-02 3.631639053773880188e-03 2.561470573500915920e-02
5.729149583588312389e+00 2.533289712709635086e-02 3.223205497117170165e-03 2.210969162997936804e-02
5.730260941667886243e+00 2.145483127463648082e-02 2.816879708825328291e-03 1.863795156580892731e-02
5.731372299747459209e+00 1.761557013537552036e-02 2.411768152371228380e-03 1.520380198300590527e-02
5.732483657827032175e+00 1.382019828550888098e-02 2.008148518391600443e-03 1.181204976711591574e-02
5.733595015906605141e+00 1.007346841368563124e-02 1.607355736603306110e-03 8.466112677082304749e-03
5.734706373986178107e+00 6.377919879290508583e-03 1.211280338313201581e-03 5.166639540976764901e-03
5.735817732065751962e+00 2.732796865756241880e-03 8.216622125821705300e-04 1.911134653176453993e-03
5.736929090145324928e+00 -8.658364669433421014e-04 4.394377099687033351e-04 -1.305274176912026409e-03
5.738040448224898782e+00 -4.423821827642920868e-03 6.437884044150381159e-05 -4.488200668081475039e-03
5.739151806304471748e+00 -7.946933907140811895e-03 -3.048430515323879032e-04 -7.642090855609172742e-03
5.740263164384044714e+00 -1.143892439765088753e-02 -6.701915202926006640e-04 -1.076873287735506494e-02
5.741374522463617680e+00 -1.490029388545135308e-02 -1.033566299091089220e-03 -1.386672758635978074e-02
5.742485880543191534e+00 -1.832823928708859559e-02 -1.396125975519684793e-03 -1.693211331157154498e-02
5.743597238622764500e+00 -2.171779806698382470e-02 -1.757878960290828237e-03 -1.995991910668962546e-02
5.744708596702338355e+00 -2.506377577269023813e-02 -2.117692176379414124e-03 -2.294608359630970207e-02
5.745819954781911321e+00 -2.836275842963538463e-02 -2.473714858065320307e-03 -2.588904357156630170e-02
5.746931312861484287e+00 -3.161447970434022592e-02 -2.824063607971000287e-03 -2.879041609636530039e-02
5.748042670941057253e+00 -3.482204615137715620e-02 -3.167519524200225478e-03 -3.165452662717700011e-02
5.749154029020630219e+00 -3.799093771871973196e-02 -3.503983558599157392e-03 -3.448695416011832160e-02
5.750265387100204073e+00 -4.112714488594210877e-02 -3.834524071204831273e-03 -3.729262081473654067e-02
5.751376745179777039e+00 -4.423511716936177895e-02 -4.160998901850804926e-03 -4.007411826751330897e-02
5.752488103259350893e+00 -4.731626654692387690e-02 -4.485389212810331205e-03 -4.283087733411105463e-02
5.753599461338923859e+00 -5.036856862725467426e-02 -4.809087459642468268e-03 -4.555948116761302652e-02
5.754710819418496826e+00 -5.338740688562286507e-02 -5.132398816971905746e-03 -4.825500806865123948e-02
5.755822177498069792e+00 -5.636735511731012088e-02 -5.454437973145168962e-03 -5.091291714416688180e-02
5.756933535577643646e+00 -5.930425356165933137e-02 -5.773459510136476347e-03 -5.353079405152469383e-02
5.758044893657216612e+00 -6.219682795405610115e-02 -6.087502337821664583e-03 -5.610932561624243364e-02
5.759156251736790466e+00 -6.504726639285619838e-02 -6.395114233749131516e-03 -5.865215215910831587e-02
5.760267609816363432e+00 -6.786054617535945688e-02 -6.695893101469727222e-03 -6.116465307389191974e-02
5.761378967895936398e+00 -7.064275486372535717e-02 -6.990647868519273000e-03 -6.365210699520464088e-02
5.762490325975509364e+00 -7.339901303943741073e-02 -7.281119954627409199e-03 -6.611789308480729710e-02
5.763601684055082330e+00 -7.613174916240630918e-02 -7.569365828785368233e-03 -6.856238333361834580e-02
5.764713042134656185e+00 -7.883994828042972802e-02 -7.857024354276233996e-03 -7.098292392614859170e-02
5.765824400214229151e+00 -8.151964309660192365e-02 -8.144734622995893417e-03 -7.337490847360521318e-02
5.766935758293803005e+00 -8.416546637176008927e-02 -8.431915520293143534e-03 -7.573355085146847576e-02
5.768047116373375971e+00 -8.677270070528306234e-02 -8.716987098305720161e-03 -7.805571360697825811e-02
5.769158474452948937e+00 -8.933908381229158091e-02 -8.997953590507775865e-03 -8.034113022178152042e-02
5.770269832532521903e+00 -9.186571835112938844e-02 -9.273136751203300485e-03 -8.259258159992319270e-02
5.771381190612094869e+00 -9.435676148601977731e-02 -9.541793750860798687e-03 -8.481496773515397047e-02
5.772492548691668723e+00 -9.681801192388042598e-02 -9.804395838237082647e-03 -8.701361608564300854e-02
5.773603906771242578e+00 -9.925491053849451462e-02 -1.006246710951900526e-02 -8.919244342897592048e-02
5.774715264850815544e+00 -1.016706807397192436e-01 -1.031804226998207091e-02 -9.135263846974008006e-02
5.775826622930388510e+00 -1.040652809925048661e-01 -1.057294031376492492e-02 -9.349234067874130638e-02
5.776937981009961476e+00 -1.064355447112126513e-01 -1.082811751471105498e-02 -9.560742719650132393e-02
5.778049339089534442e+00 -1.087764507151973425e-01 -1.108333397621226978e-02 -9.769311673898499471e-02
5.779160697169108296e+00 -1.110830576752536852e-01 -1.133725392125310358e-02 -9.974580375400023124e-02
5.780272055248681262e+00 -1.133523970781584456e-01 -1.158794242048382002e-02 -1.017644546576759040e-01
5.781383413328255116e+00 -1.155846373172979141e-01 -1.183357756976487207e-02 -1.037510597475346102e-01
5.782494771407828082e+00 -1.177830991699755359e-01 -1.207311936701908027e-02 -1.057099798029603327e-01
5.783606129487401049e+00 -1.199531221473644493e-01 -1.230669282071507331e-02 -1.076464293266462535e-01
5.784717487566974015e+00 -1.221001992315386142e-01 -1.253554707937934269e-02 -1.095646521521594086e-01
5.785828845646546981e+00 -1.242280624244316012e-01 -1.276160659597722416e-02 -1.114664558284545887e-01
5.786940203726120835e+00 -1.263374174357098367e-01 -1.298677843898385191e-02 -1.133506389967291611e-01
5.788051561805694689e+00 -1.284257875687299655e-01 -1.321226805507643223e-02 -1.152135195136548551e-01
5.789162919885267655e+00 -1.304885216705483075e-01 -1.343815214729597585e-02 -1.170503695232570085e-01
5.790274277964840621e+00 -1.325205966294641935e-01 -1.366336334447086805e-02 -1.188572332849900520e-01
5.791385636044413587e+00 -1.345185557618141514e-01 -1.388609131682909219e-02 -1.206324644449815464e-01
5.792496994123986553e+00 -1.364818754992274952e-01 -1.410445355874991903e-02 -1.223774219404753921e-01
5.793608352203560408e+00 -1.384132615237837205e-01 -1.431719125988283048e-02 -1.240960702639033603e-01
5.794719710283133374e+00 -1.403177656449690613e-01 -1.452413698467184232e-02 -1.257936286602974740e-01
5.795831068362707228e+00 -1.422010441546964488e-01 -1.472628429846269474e-02 -1.274747598562382123e-01
5.796942426442280194e+00 -1.440673909299689248e-01 -1.492543454253125908e-02 -1.291419563874360854e-01
5.798053784521853160e+00 -1.459182606368681634e-01 -1.512354982821998567e-02 -1.307947108086492949e-01
5.799165142601426126e+00 -1.477518193791551304e-01 -1.532204802477706712e-02 -1.324297713543764188e-01
5.800276500680999092e+00 -1.495636869096313992e-01 -1.552129631717375641e-02 -1.340423905924603420e-01
5.801387858760572946e+00 -1.513486018272266753e-01 -1.572048735933869595e-02 -1.356281144678863904e-01
5.802499216840146801e+00 -1.531024062011385189e-01 -1.591794265165917890e-02 -1.371844635494766096e-01
5.803610574919719767e+00 -1.548236303465705399e-01 -1.611173231101654946e-02 -1.387118980355561970e-01
5.804721932999292733e+00 -1.565141038120723971e-01 -1.630038543506875590e-02 -1.402137183770049422e-01
5.805833291078865699e+00 -1.581783720263787441e-01 -1.648343255309684882e-02 -1.416949394732828771e-01
5.806944649158438665e+00 -1.598221310430555653e-01 -1.666158300265277448e-02 -1.431605480404023467e-01
5.808056007238012519e+00 -1.614502482555010276e-01 -1.683647305684288220e-02 -1.446137751986598941e-01
5.809167365317585485e+00 -1.630650860453486117e-01 -1.701007680986968071e-02 -1.460550092354811480e-01
5.810278723397159339e+00 -1.646657343302346255e-01 -1.718399438986592184e-02 -1.474817399403637597e-01
5.811390081476732306e+00 -1.662484275850328874e-01 -1.735887648055802965e-02 -1.488895511044821818e-01
5.812501439556305272e+00 -1.678079923205695601e-01 -1.753419433784022402e-02 -1.502737979827314940e-01
5.813612797635878238e+00 -1.693397981613322112e-01 -1.770843869524547573e-02 -1.516313594660931852e-01
5.814724155715451204e+00 -1.708415046411540517e-01 -1.787967498221692750e-02 -1.529618296589370374e-01
5.815835513795025058e+00 -1.723139718441619173e-01 -1.804625286563409786e-02 -1.542677189785285619e-01
5.816946871874598912e+00 -1.737610079111305550e-01 -1.820741227425442046e-02 -1.555535956368709893e-01
5.818058229954171878e+00 -1.751880490863852446e-01 -1.836356598279961089e-02 -1.568244831035817966e-01
5.819169588033744844e+00 -1.766002548115715443e-01 -1.851615660874648961e-02 -1.580840982028243469e-01
5.820280946113317810e+00 -1.780007111132489162e-01 -1.866714059131470080e-02 -1.593335705219315057e-01
5.821392304192890776e+00 -1.793893941523337088e-01 -1.881828709449121645e-02 -1.605711070578461630e-01
5.822503662272464631e+00 -1.807632679152687827e-01 -1.897054663408100778e-02 -1.617927212811891280e-01
5.823615020352037597e+00 -1.821174770637376539e-01 -1.912371838528120760e-02 -1.629937586784550030e-01
5.824726378431611451e+00 -1.834471981530657880e-01 -1.927653613328573351e-02 -1.641706620197782851e-01
5.825837736511184417e+00 -1.847494741866785584e-01 -1.942714045183808677e-02 -1.653223337348455890e-01
5.826949094590757383e+00 -1.860243649713169134e-01 -1.957376440900347042e-02 -1.664506005623124230e-01
5.828060452670330349e+00 -1.872749957475280669e-01 -1.971538289407583425e-02 -1.675596128534510010e-01
5.829171810749903315e+00 -1.885064878225333196e-01 -1.985208949588851413e-02 -1.686543983266466651e-01
5.830283168829477169e+00 -1.897241614109539953e-01 -1.998506454396652837e-02 -1.697390968669894862e-01
5.831394526909051024e+00 -1.909316649588636283e-01 -2.011614703295726281e-02 -1.708155179259084055e-01
5.832505884988623990e+00 -1.921297112284394981e-01 -2.024716734607912710e-02 -1.718825438823646801e-01
5.833617243068196956e+00 -1.933158792964365380e-01 -2.037928450566243652e-02 -1.729365947907689771e-01
5.834728601147769922e+00 -1.944855540516654546e-01 -2.051256959956029857e-02 -1.739729844521110957e-01
5.835839959227342888e+00 -1.956336617278605916e-01 -2.064598694972116094e-02 -1.749876747781446695e-01
5.836951317306916742e+00 -1.967565714367495167e-01 -2.077777942355058666e-02 -1.759787920131991590e-01
5.838062675386489708e+00 -1.978534731123348933e-01 -2.090611696929655511e-02 -1.769473561430385811e-01
5.839174033466063563e+00 -1.989267329656455030e-01 -2.102977163416236417e-02 -1.778969613314801967e-01
5.840285391545636529e+00 -1.999810988887084084e-01 -2.114857284120811795e-02 -1.788325260475020217e-01
5.841396749625209495e+00 -2.010220452197013785e-01 -2.126347693181317514e-02 -1.797585682878916624e-01
5.842508107704782461e+00 -2.020538575847684593e-01 -2.137622563110615215e-02 -1.806776319536600728e-01
5.843619465784355427e+00 -2.030781514895379503e-01 -2.148871789959979489e-02 -1.815894335899378154e-01
5.844730823863929281e+00 -2.040933596974302822e-01 -2.160232403776385368e-02 -1.824910356596642913e-01
5.845842181943503135e+00 -2.050953712668086015e-01 -2.171739192185927203e-02 -1.833779793449498430e-01
5.846953540023076101e+00 -2.060790875538169031e-01 -2.183312526337927856e-02 -1.842459622904360217e-01
5.848064898102649067e+00 -2.070403290514530315e-01 -2.194787832087142718e-02 -1.850924507305821698e-01
5.849176256182222033e+00 -2.079774015705873336e-01 -2.205975989014515720e-02 -1.859176416804378951e-01
5.850287614261794999e+00 -2.088917558686673726e-01 -2.216732683856994721e-02 -1.867244290300980880e-01
5.851398972341368854e+00 -2.097875051731238893e-01 -2.227011487641111787e-02 -1.875173902967139650e-01
5.852510330420941820e+00 -2.106699797482416980e-01 -2.236881349060071758e-02 -1.883011662576410117e-01
5.853621688500515674e+00 -2.115438460963790790e-01 -2.246502141576307843e-02 -1.890788246806139605e-01
5.854733046580088640e+00 -2.124114743736269240e-01 -2.256067156496692136e-02 -1.898508028086600685e-01
5.855844404659661606e+00 -2.132721451430281689e-01 -2.265733449533710586e-02 -1.906148106476929782e-01
5.856955762739234572e+00 -2.141223799923875903e-01 -2.275565356608500248e-02 -1.913667264263029799e-01
5.858067120818807538e+00 -2.149572717219813411e-01 -2.285511697342514775e-02 -1.921021547485547432e-01
5.859178478898381393e+00 -2.157723274587525497e-01 -2.295424932023509140e-02 -1.928180781385128162e-01
5.860289836977955247e+00 -2.165651535635907399e-01 -2.305115289151602256e-02 -1.935140006720771078e-01
5.861401195057528213e+00 -2.173363710057243103e-01 -2.314420181254734504e-02 -1.941921691931764171e-01
5.862512553137101179e+00 -2.180894315140053108e-01 -2.323263690072670598e-02 -1.948567946132768458e-01
5.863623911216674145e+00 -2.188294053175818543e-01 -2.331684534230587039e-02 -1.955125599752760568e-01
5.864735269296247111e+00 -2.195611848019157486e-01 -2.339822403969876730e-02 -1.961629607622150384e-01
5.865846627375820965e+00 -2.202877592916399618e-01 -2.347867681053001851e-02 -1.968090824811150608e-01
5.866957985455393931e+00 -2.210091882437554278e-01 -2.355992853678348306e-02 -1.974492597069726629e-01
5.868069343534967786e+00 -2.217226442004755216e-01 -2.364290557740299920e-02 -1.980797386230725987e-01
5.869180701614540752e+00 -2.224235065619015739e-01 -2.372740729203366011e-02 -1.986960992698677819e-01
5.870292059694113718e+00 -2.231071048566008741e-01 -2.381218738880875804e-02 -1.992949174677931534e-01
5.871403417773686684e+00 -2.237704747561951035e-01 -2.389541469529381928e-02 -1.998750600608995287e-01
5.872514775853259650e+00 -2.244134869012810174e-01 -2.397534512353116654e-02 -2.004381417777527374e-01
5.873626133932833504e+00 -2.250389383326731885e-01 -2.405096014676173441e-02 -2.009879781859083281e-01
5.874737492012407358e+00 -2.256515749117710412e-01 -2.412233973458342839e-02 -2.015292351771920121e-01
5.875848850091980324e+00 -2.262564025492180553e-01 -2.419063468318083387e-02 -2.020657678660328360e-01
5.876960208171553290e+00 -2.268569036324342147e-01 -2.425764923307514170e-02 -2.025992543993605788e-01
5.878071566251126256e+00 -2.274538088866338847e-01 -2.432518663413743565e-02 -2.031286222524973095e-01
5.879182924330699223e+00 -2.280448720407037555e-01 -2.439439633286273959e-02 -2.036504757078401173e-01
5.880294282410273077e+00 -2.286257292187816037e-01 -2.446536050285166852e-02 -2.041603687159387615e-01
5.881405640489846043e+00 -2.291915300811059319e-01 -2.453707017531048251e-02 -2.046544599057959768e-01
5.882516998569419897e+00 -2.297387470491348838e-01 -2.460779918251067983e-02 -2.051309478666229758e-01
5.883628356648992863e+00 -2.302665044127284455e-01 -2.467573925569736121e-02 -2.055907651570285655e-01
5.884739714728565829e+00 -2.307769439635946884e-01 -2.473966464475051488e-02 -2.060372793188425811e-01
5.885851072808138795e+00 -2.312744942190559927e-01 -2.479938406298106204e-02 -2.064751101560717561e-01
5.886962430887711761e+00 -2.317643087577716254e-01 -2.485581537388957540e-02 -2.069084933838787888e-01
5.888073788967285616e+00 -2.322504408497597095e-01 -2.491065590516193876e-02 -2.073397849445965946e-01
5.889185147046858582e+00 -2.327344169450607236e-01 -2.496576852297969010e-02 -2.077686484220827856e-01
5.890296505126432436e+00 -2.332147262787178099e-01 -2.502250703632227791e-02 -2.081922192423988072e-01
5.891407863206005402e+00 -2.336874109131547583e-01 -2.508122651814646137e-02 -2.086061843950105521e-01
5.892519221285578368e+00 -2.341475410932017109e-01 -2.514115677235830362e-02 -2.090063843208475602e-01
5.893630579365151334e+00 -2.345910399387396428e-01 -2.520068500614972354e-02 -2.093903549325908664e-01
5.894741937444725188e+00 -2.350161955931950319e-01 -2.525794490836593895e-02 -2.097582506848244543e-01
5.895853295524298154e+00 -2.354243133829008738e-01 -2.531149794208325740e-02 -2.101128154408182236e-01
5.896964653603872009e+00 -2.358192733989783463e-01 -2.536085922193299924e-02 -2.104584141770448613e-01
5.898076011683444975e+00 -2.362061563163434519e-01 -2.540667696927598196e-02 -2.107994793470719108e-01
5.899187369763017941e+00 -2.365894378446820878e-01 -2.545050056580619446e-02 -2.111389372788795848e-01
5.900298727842590907e+00 -2.369714075759046246e-01 -2.549422178215357201e-02 -2.114771857937506327e-01
5.901410085922163873e+00 -2.373513851162042665e-01 -2.553939244880443910e-02 -2.118119926673993902e-01
5.902521444001737727e+00 -2.377260158265072365e-01 -2.558666653977117317e-02 -2.121393492867402475e-01
5.903632802081310693e+00 -2.380905361037012891e-01 -2.563556917088562204e-02 -2.124549669328122670e-01
5.904744160160884547e+00 -2.384405465513265432e-01 -2.568467599096004028e-02 -2.127558705603638245e-01
5.905855518240457513e+00 -2.387736481177103742e-01 -2.573213720596915013e-02 -2.130415109117389794e-01
5.906966876320030480e+00 -2.390903474961494080e-01 -2.577635530640300099e-02 -2.133139921897452551e-01
5.908078234399603446e+00 -2.393939046810366622e-01 -2.581656994138830513e-02 -2.135773347396496824e-01
5.909189592479177300e+00 -2.396891803262833354e-01 -2.585313744470846622e-02 -2.138360428815738457e-01
5.910300950558750266e+00 -2.399809035246123767e-01 -2.588740378278589147e-02 -2.140934997418296459e-01
5.911412308638324120e+00 -2.402719901043984807e-01 -2.592121762494815213e-02 -2.143507724794529168e-01
5.912523666717897086e+00 -2.405625218124672893e-01 -2.595626100929938895e-02 -2.146062608031687746e-01
5.913635024797470052e+00 -2.408497554825541342e-01 -2.599344117030324974e-02 -2.148563143122541041e-01
5.914746382877043018e+00 -2.411291565661836667e-01 -2.603256455629259294e-02 -2.150965920098907025e-01
5.915857740956615984e+00 -2.413960795726151354e-01 -2.607241119819581759e-02 -2.153236683744161328e-01
5.916969099036189839e+00 -2.416474840259214274e-01 -2.611118189523812042e-02 -2.155363021306846982e-01
5.918080457115762805e+00 -2.418830631298279077e-01 -2.614715518549074955e-02 -2.157359079443361694e-01
5.919191815195336659e+00 -2.421053770788774429e-01 -2.617931502469633340e-02 -2.159260620541814946e-01
5.920303173274909625e+00 -2.423189453709151953e-01 -2.620772108127187097e-02 -2.161112242896424951e-01
5.921414531354482591e+00 -2.425286306032998773e-01 -2.623348746354569813e-02 -2.162951431397511226e-01
5.922525889434055557e+00 -2.427379027166138292e-01 -2.625837827115907672e-02 -2.164795244454553458e-01
5.923637247513629411e+00 -2.429476145896067585e-01 -2.628416769246487081e-02 -2.166634468971409544e-01
5.924748605593202377e+00 -2.431557325414198112e-01 -2.631199778332040870e-02 -2.168437347580958741e-01
5.925859963672776232e+00 -2.433581172226741418e-01 -2.634196756156156546e-02 -2.170161496611142382e-01
5.926971321752349198e+00 -2.435500683876183625e-01 -2.637310255849664720e-02 -2.171769658291254346e-01
5.928082679831922164e+00 -2.437280699944449625e-01 -2.640371532499598967e-02 -2.173243546694510475e-01
5.929194037911495130e+00 -2.438911004324350595e-01 -2.643202509741400530e-02 -2.174590753350201799e-01
5.930305395991068096e+00 -2.440410320409642231e-01 -2.645681066226901815e-02 -2.175842213786972901e-01
5.931416754070641950e+00 -2.441819761032555380e-01 -2.647785862876188626e-02 -2.177041174744955565e-01
5.932528112150214916e+00 -2.443188131795358542e-01 -2.649604404238628530e-02 -2.178227691371514563e-01
5.933639470229788770e+00 -2.444554444669373439e-01 -2.651301427562495830e-02 -2.179424301913097661e-01
5.934750828309361737e+00 -2.445934004970924946e-01 -2.653059159398885383e-02 -2.180628089031093897e-01
5.935862186388934703e+00 -2.447313126778441206e-01 -2.655011213799646913e-02 -2.181812005398464094e-01
5.936973544468507669e+00 -2.448654388909816959e-01 -2.657194207623289270e-02 -2.182934968147466626e-01
5.938084902548080635e+00 -2.449910510672975161e-01 -2.659534705724820453e-02 -2.183957040100457936e-01
5.939196260627654489e+00 -2.451041797453140381e-01 -2.661876239777074410e-02 -2.184854173475439532e-01
5.940307618707228343e+00 -2.452030816366640442e-01 -2.664036556302838699e-02 -2.185627160736358099e-01
5.941418976786801309e+00 -2.452888977042897156e-01 -2.665874251049876048e-02 -2.186301551937918364e-01
5.942530334866374275e+00 -2.453652639594835483e-01 -2.667340537614096285e-02 -2.186918585833406425e-01
5.943641692945947241e+00 -2.454370177369493977e-01 -2.668497314055452707e-02 -2.187520445963972160e-01
5.944753051025520207e+00 -2.455084702641568417e-01 -2.669494957007721714e-02 -2.188135206940776400e-01
5.945864409105094062e+00 -2.455818728834980036e-01 -2.670517923227693283e-02 -2.188766936512164252e-01
5.946975767184667028e+00 -2.456566327946647088e-01 -2.671717943859501856e-02 -2.189394533560709288e-01
5.948087125264240882e+00 -2.457295610726404900e-01 -2.673159101874952870e-02 -2.189979700538917662e-01
5.949198483343813848e+00 -2.457960605382777108e-01 -2.674794754148604459e-02 -2.190481129967900842e-01
5.950309841423386814e+00 -2.458518202516645768e-01 -2.676484675971326985e-02 -2.190869734919516643e-01
5.951421199502959780e+00 -2.458944006141842165e-01 -2.678046183512614031e-02 -2.191139387790606019e-01
5.952532557582532746e+00 -2.459241343315478334e-01 -2.679320646563957201e-02 -2.191309278659056836e-01
5.953643915662106600e+00 -2.459440183119081247e-01 -2.680231224856453529e-02 -2.191417060633429059e-01
5.954755273741680455e+00 -2.459586387656897133e-01 -2.680810868883524989e-02 -2.191505300768538667e-01
5.955866631821253421e+00 -2.459725227098423228e-01 -2.681190447275896491e-02 -2.191606182370799127e-01
5.956977989900826387e+00 -2.459885163456223545e-01 -2.681551357707726013e-02 -2.191730027685405702e-01
5.958089347980399353e+00 -2.460067794157298482e-01 -2.682059875769366233e-02 -2.191861806580396033e-01
5.959200706059972319e+00 -2.460247592964488195e-01 -2.682807110417971888e-02 -2.191966881922688126e-01
5.960312064139546173e+00 -2.460381516007788261e-01 -2.683776368299398488e-02 -2.192003879177853720e-01
5.961423422219119139e+00 -2.460424954747539861e-01 -2.684849742557176774e-02 -2.191939980491792450e-01
5.962534780298692993e+00 -2.460348218730430137e-01 -2.685851472982306309e-02 -2.191763071432171750e-01
5.963646138378265960e+00 -2.460147551702352720e-01 -2.686612264211238332e-02 -2.191486325281207792e-01
5.964757496457838926e+00 -2.459846685630969754e-01 -2.687031151936983275e-02 -2.191143570437252275e-01
5.965868854537411892e+00 -2.459488386544937399e-01 -2.687112428292162333e-02 -2.190777143715753883e-01
5.966980212616984858e+00 -2.459119086936119303e-01 -2.686964231902073952e-02 -2.190422663745926757e-01
5.968091570696558712e+00 -2.458772207813737787e-01 -2.686759360348440345e-02 -2.190096271778934622e-01
5.969202928776132566e+00 -2.458456239612592242e-01 -2.686672595610009942e-02 -2.189788980051550205e-01
5.970314286855705532e+00 -2.458151909370821231e-01 -2.686817354806752059e-02 -2.189470173890171456e-01
5.971425644935278498e+00 -2.457819449260098821e-01 -2.687204697618729085e-02 -2.189098979498185216e-01
5.972537003014851464e+00 -2.457413305790304980e-01 -2.687739568371893401e-02 -2.188639348953139163e-01
5.973648361094424430e+00 -2.456898926990218890e-01 -2.688255598688328585e-02 -2.188073367121403934e-01
5.974759719173998285e+00 -2.456265517452468905e-01 -2.688575778807500774e-02 -2.187407939571699989e-01
5.975871077253571251e+00 -2.455530126966861404e-01 -2.688576918419887524e-02 -2.186672435124858982e-01
5.976982435333145105e+00 -2.454731597420208855e-01 -2.688234467975965380e-02 -2.185908150622642709e-01
5.978093793412718071e+00 -2.453916583629120740e-01 -2.687631439873855096e-02 -2.185153439641746853e-01
5.979205151492291037e+00 -2.453122743872468980e-01 -2.686928239060424814e-02 -2.184429919966416611e-01
5.980316509571864003e+00 -2.452365219160963228e-01 -2.686304425618277550e-02 -2.183734776599125793e-01
5.981427867651436969e+00 -2.451631317145978872e-01 -2.685893619235496521e-02 -2.183041955222471409e-01
5.982539225731010823e+00 -2.450885327433368899e-01 -2.685735218506135266e-02 -2.182311805582735631e-01
5.983650583810584678e+00 -2.450081708858213858e-01 -2.685760461140475688e-02 -2.181505662744180896e-01
5.984761941890157644e+00 -2.449181846898294823e-01 -2.685817840281598187e-02 -2.180600062870088340e-01
5.985873299969730610e+00 -2.448168285850174652e-01 -2.685728574299237753e-02 -2.179595428420265379e-01
5.986984658049303576e+00 -2.447051263737747007e-01 -2.685351911187087645e-02 -2.178516072619040289e-01
5.988096016128876542e+00 -2.445865179879394280e-01 -2.684636499312556893e-02 -2.177401529948095604e-01
5.989207374208450396e+00 -2.444656285206515400e-01 -2.683639155344903771e-02 -2.176292369672017391e-01
5.990318732288023362e+00 -2.443466072841220249e-01 -2.682504242886624146e-02 -2.175215648552576986e-01
5.991430090367597217e+00 -2.442316403750969256e-01 -2.681411211995921376e-02 -2.174175282551387978e-01
5.992541448447170183e+00 -2.441201765822875180e-01 -2.680509423503028149e-02 -2.173150823472548565e-01
5.993652806526743149e+00 -2.440091468507965544e-01 -2.679863986497124304e-02 -2.172105069858248638e-01
5.994764164606316115e+00 -2.438940964811565637e-01 -2.679432305772345285e-02 -2.170997734234370313e-01
5.995875522685889081e+00 -2.437708180394792534e-01 -2.679079844075582181e-02 -2.169800195987210412e-01
5.996986880765462935e+00 -2.436368918159186325e-01 -2.678629329929844982e-02 -2.168505985166221395e-01
5.998098238845036789e+00 -2.434925751403519967e-01 -2.677925480526891985e-02 -2.167133203350820325e-01
5.999209596924609755e+00 -2.433407190889479432e-01 -2.676891681525174829e-02 -2.165718022736935200e-01
6.000320955004182721e+00 -2.431857446436042625e-01 -2.675558011916795778e-02 -2.164301645244373351e-01
6.001432313083755687e+00 -2.430320516364483652e-01 -2.674050442186715407e-02 -2.162915472145832130e-01
6.002543671163328654e+00 -2.428824389487213575e-01 -2.672545163711478530e-02 -2.161569873116039597e-01
6.003655029242902508e+00 -2.427371091967621131e-01 -2.671204684438725427e-02 -2.160250623523709557e-01
6.004766387322475474e+00 -2.425936178015599132e-01 -2.670118941672301044e-02 -2.158924283848388803e-01
6.005877745402049328e+00 -2.424477827621160653e-01 -2.669272837401815215e-02 -2.157550543880990546e-01
6.006989103481622294e+00 -2.422952226215224214e-01 -2.668551974488112682e-02 -2.156097028766426060e-01
6.008100461561195260e+00 -2.421329627221428527e-01 -2.667784471636416854e-02 -2.154551180057769910e-01
6.009211819640768226e+00 -2.419605262324724115e-01 -2.666803620240068215e-02 -2.152924900300677291e-01
6.010323177720341192e+00 -2.417801147910126902e-01 -2.665508584911041590e-02 -2.151250289419044948e-01
6.011434535799915047e+00 -2.415958151263786768e-01 -2.663901085305817040e-02 -2.149568042733177864e-01
6.012545893879488901e+00 -2.414121220083882136e-01 -2.662084753620062166e-02 -2.147912744721881539e-01
6.013657251959061867e+00 -2.412323157239568139e-01 -2.660227447169891471e-02 -2.146300412522590684e-01
6.014768610038634833e+00 -2.410572841257140608e-01 -2.658500264057823623e-02 -2.144722814851358350e-01
6.015879968118207799e+00 -2.408852166820391050e-01 -2.657015464597280857e-02 -2.143150620360606551e-01
6.016991326197780765e+00 -2.407122803281485646e-01 -2.655785873196845823e-02 -2.141544215961805331e-01
6.018102684277354619e+00 -2.405340299329126186e-01 -2.654720498059569625e-02 -2.139868249523149135e-01
6.019214042356927585e+00 -2.403470396213384375e-01 -2.653657918214731570e-02 -2.138104604391938834e-01
6.020325400436501440e+00 -2.401501617130939459e-01 -2.652425250463260470e-02 -2.136259092084621114e-01
6.021436758516074406e+00 -2.399449562171980521e-01 -2.650901218831042822e-02 -2.134359440288885190e-01
6.022548116595647372e+00 -2.397351358387928011e-01 -2.649060379825209782e-02 -2.132445320405384759e-01
6.023659474675220338e+00 -2.395252293232127960e-01 -2.646982434508313858e-02 -2.130554049781292481e-01
6.024770832754793304e+00 -2.393189496054326515e-01 -2.644823273357079299e-02 -2.128707168718612930e-01
6.025882190834367158e+00 -2.391178597439635733e-01 -2.642758322263701401e-02 -2.126902765213233293e-01
6.026993548913941012e+00 -2.389208206064597217e-01 -2.640918823405671509e-02 -2.125116323724021983e-01
6.028104906993513978e+00 -2.387244196841464272e-01 -2.639344236334927041e-02 -2.123309773207960605e-01
6.029216265073086944e+00 -2.385242238948079296e-01 -2.637968061648615289e-02 -2.121445432783246043e-01
6.030327623152659910e+00 -2.383164003705503520e-01 -2.636642219245709934e-02 -2.119499781780950498e-01
6.031438981232232877e+00 -2.380991164447321118e-01 -2.635191087062358634e-02 -2.117472055741099757e-01
6.032550339311806731e+00 -2.378732112673821730e-01 -2.633475526406657552e-02 -2.115384560033147232e-01
6.033661697391379697e+00 -2.376418968093090833e-01 -2.631443603652683025e-02 -2.113274607727819165e-01
6.034773055470953551e+00 -2.374095987824094700e-01 -2.629149573505199997e-02 -2.111181030473584241e-01
6.035884413550526517e+00 -2.371803599537260221e-01 -2.626734243405218910e-02 -2.109130175196762547e-01
6.036995771630099483e+00 -2.369563862773539920e-01 -2.624373884683430316e-02 -2.107126474305188457e-01
6.038107129709672449e+00 -2.367372631705604580e-01 -2.622216284837538408e-02 -2.105151003221850114e-01
6.039218487789245415e+00 -2.365201248196482087e-01 -2.620327194159062859e-02 -2.103168528780634816e-01
6.040329845868819270e+00 -2.363007127707011101e-01 -2.618666621479284404e-02 -2.101140465559087067e-01
6.041441203948393124e+00 -2.360749373252759298e-01 -2.617103567040123327e-02 -2.099039016548710779e-01
6.042552562027966090e+00 -2.358403735629186482e-01 -2.615463802457802106e-02 -2.096857355383458799e-01
6.043663920107539056e+00 -2.355971488532086211e-01 -2.613593302798863580e-02 -2.094612158252161516e-01
6.044775278187112022e+00 -2.353479009551223411e-01 -2.611414265493988002e-02 -2.092337583001818990e-01
6.045886636266684988e+00 -2.350968241072082243e-01 -2.608953369841266953e-02 -2.090072904087971195e-01
6.046997994346258842e+00 -2.348481517539867947e-01 -2.606332041753747081e-02 -2.087848313364522312e-01
6.048109352425831808e+00 -2.346046284274616589e-01 -2.603722308110965195e-02 -2.085674053463504873e-01
6.049220710505405663e+00 -2.343665260156222174e-01 -2.601284326234958727e-02 -2.083536827532775360e-01
6.050332068584978629e+00 -2.341315606389852144e-01 -2.599108314222819613e-02 -2.081404774967558213e-01
6.051443426664551595e+00 -2.338957383454081662e-01 -2.597181980244463173e-02 -2.079239185429626602e-01
6.052554784744124561e+00 -2.336548202682156850e-01 -2.595395254806486668e-02 -2.077008677201478970e-01
6.053666142823697527e+00 -2.334058734437914895e-01 -2.593580556594809322e-02 -2.074700678778418628e-01
6.054777500903271381e+00 -2.331483434804141885e-01 -2.591573908920873776e-02 -2.072326043912008642e-01
6.055888858982844347e+00 -2.328842602167808251e-01 -2.589274663133075971e-02 -2.069915135854487886e-01
6.057000217062418201e+00 -2.326175034221730220e-01 -2.586682119616730627e-02 -2.067506822260036792e-01
6.058111575141991167e+00 -2.323523973805735054e-01 -2.583895762089578191e-02 -2.065134397596802285e-01
6.059222933221564134e+00 -2.320921466029746971e-01 -2.581079064696698705e-02 -2.062813559560076615e-01
6.060334291301137100e+00 -2.318376816518540329e-01 -2.578400073644995100e-02 -2.060536809154026872e-01
6.061445649380710954e+00 -2.315873338765842560e-01 -2.575970392130276163e-02 -2.058276299552826150e-01
6.062557007460283920e+00 -2.313374557285090560e-01 -2.573804751468207128e-02 -2.055994082138260237e-01
6.063668365539857774e+00 -2.310837593518386690e-01 -2.571815841016524690e-02 -2.053656009416736650e-01
6.064779723619430740e+00 -2.308228854416088660e-01 -2.569846234669390453e-02 -2.051244230949161584e-01
6.065891081699003706e+00 -2.305536315368389433e-01 -2.567725764795272467e-02 -2.048763738888878250e-01
6.067002439778576672e+00 -2.302773937634665091e-01 -2.565333459008132047e-02 -2.046240591733831660e-01
6.068113797858149638e+00 -2.299976628067414430e-01 -2.562641523085232992e-02 -2.043712475758881486e-01
6.069225155937723493e+00 -2.297187590408538982e-01 -2.559725408202729452e-02 -2.041215049588298580e-01
6.070336514017296459e+00 -2.294442680713664473e-01 -2.556736349177485268e-02 -2.038769045795925938e-01
6.071447872096870313e+00 -2.291757461021032005e-01 -2.553846406040620812e-02 -2.036372820416971485e-01
6.072559230176443279e+00 -2.289121654867921074e-01 -2.551186021725921141e-02 -2.034003052695315672e-01
6.073670588256016245e+00 -2.286503009105294304e-01 -2.548796800685900962e-02 -2.031623329036656156e-01
6.074781946335589211e+00 -2.283859142773107254e-01 -2.546616647829016283e-02 -2.029197477990238307e-01
6.075893304415163065e+00 -2.281153061411386462e-01 -2.544502618884179890e-02 -2.026702799523010246e-01
6.077004662494736031e+00 -2.278366688550964025e-01 -2.542283116244871063e-02 -2.024138376926494232e-01
6.078116020574309886e+00 -2.275507495223604293e-01 -2.539820408364644108e-02 -2.021525454387129994e-01
6.079227378653882852e+00 -2.272605825059334506e-01 -2.537060725902439209e-02 -2.018899752469086317e-01
6.080338736733455818e+00 -2.269703899320557883e-01 -2.534053738994444457e-02 -2.016298525421090504e-01
6.081450094813028784e+00 -2.266840510602834147e-01 -2.530934380960143254e-02 -2.013747072506827662e-01
6.082561452892601750e+00 -2.264036976821579561e-01 -2.527873687059940810e-02 -2.011249608115586729e-01
6.083672810972175604e+00 -2.261289462316790067e-01 -2.525016575926348691e-02 -2.008787804724172787e-01
6.084784169051748570e+00 -2.258570452159856246e-01 -2.522429225031929192e-02 -2.006327529656637687e-01
6.085895527131322424e+00 -2.255838834900944223e-01 -2.520075170518921992e-02 -2.003831317849032456e-01
6.087006885210895391e+00 -2.253054920260569027e-01 -2.517828787559239778e-02 -2.001272041504660593e-01
6.088118243290468357e+00 -2.250194928445186093e-01 -2.515521198335494632e-02 -1.998642808611680588e-01
6.089229601370041323e+00 -2.247259685714710908e-01 -2.513001864583253725e-02 -1.995959499256367287e-01
6.090340959449614289e+00 -2.244274372080114488e-01 -2.510193436422543042e-02 -1.993255028437885268e-01
6.091452317529188143e+00 -2.241279421864219579e-01 -2.507119909266401422e-02 -1.990567430937572602e-01
6.092563675608761997e+00 -2.238315892127660522e-01 -2.503897873983482181e-02 -1.987926104729329790e-01
6.093675033688334963e+00 -2.235410619789430786e-01 -2.500694083220450850e-02 -1.985341211467404332e-01
6.094786391767907929e+00 -2.232566558480511554e-01 -2.497664806721925854e-02 -1.982800077808302974e-01
6.095897749847480895e+00 -2.229761797853991867e-01 -2.494899056201917847e-02 -1.980271892233804454e-01
6.097009107927053861e+00 -2.226957609977152641e-01 -2.492386328921829958e-02 -1.977718977084986784e-01
6.098120466006627716e+00 -2.224112588548011749e-01 -2.490020578266419551e-02 -1.975110530721314039e-01
6.099231824086200682e+00 -2.221197738303331559e-01 -2.487638929932040749e-02 -1.972433845310134770e-01
6.100343182165774536e+00 -2.218207034697497471e-01 -2.485081025984545514e-02 -1.969698932099016864e-01
6.101454540245347502e+00 -2.215159627446261492e-01 -2.482247391657491781e-02 -1.966934888280515437e-01
6.102565898324920468e+00 -2.212092902157141716e-01 -2.479135598870932378e-02 -1.964179342270021555e-01
6.103677256404493434e+00 -2.209048935370008238e-01 -2.475841099458123140e-02 -1.961464825424206471e-01
6.104788614484066400e+00 -2.206059273140066890e-01 -2.472522465527766250e-02 -1.958807026587287836e-01
6.105899972563640254e+00 -2.203133563404250095e-01 -2.469343719901352305e-02 -1.956199191414093042e-01
6.107011330643214109e+00 -2.200256162807313065e-01 -2.466414757382335773e-02 -1.953614687069051559e-01
6.108122688722787075e+00 -2.197391934731777186e-01 -2.463751527556385865e-02 -1.951016781976180336e-01
6.109234046802360041e+00 -2.194499114472850398e-01 -2.461270436651913016e-02 -1.948372070807673773e-01
6.110345404881933007e+00 -2.191544554125631761e-01 -2.458818962300049482e-02 -1.945662657895601555e-01
6.111456762961505973e+00 -2.188515803815976601e-01 -2.456231300168288181e-02 -1.942892673799176684e-01
6.112568121041079827e+00 -2.185425645424393104e-01 -2.453388768631683051e-02 -1.940086768561269936e-01
6.113679479120652793e+00 -2.182307445282245517e-01 -2.450262990027037707e-02 -1.937281146279556665e-01
6.114790837200226647e+00 -2.179203031473448127e-01 -2.446926157809004021e-02 -1.934510415692535512e-01
6.115902195279799614e+00 -2.176147515086270245e-01 -2.443524691095945792e-02 -1.931795045976675562e-01
6.117013553359372580e+00 -2.173156578003698491e-01 -2.440225903143234190e-02 -1.929133987689352903e-01
6.118124911438945546e+00 -2.170220844314194319e-01 -2.437157119194904159e-02 -1.926505132394689401e-01
6.119236269518518512e+00 -2.167309370480067499e-01 -2.434359407149007740e-02 -1.923873429765208254e-01
6.120347627598092366e+00 -2.164380971915239316e-01 -2.431772745944266179e-02 -1.921203697320845172e-01
6.121458985677666220e+00 -2.161399257318681877e-01 -2.429258001647383036e-02 -1.918473457153965223e-01
6.122570343757239186e+00 -2.158345900604699830e-01 -2.426647683040360562e-02 -1.915681132300625367e-01
6.123681701836812152e+00 -2.155227328739691972e-01 -2.423806983227174902e-02 -1.912846630416984162e-01
6.124793059916385118e+00 -2.152072403587509397e-01 -2.420682886170217457e-02 -1.910004114970508537e-01
6.125904417995958084e+00 -2.148921952305456462e-01 -2.417323477252285649e-02 -1.907189604580223352e-01
6.127015776075531939e+00 -2.145813961917686086e-01 -2.413860451730139717e-02 -1.904427916744671490e-01
6.128127134155104905e+00 -2.142769824023060266e-01 -2.410461209926348727e-02 -1.901723703030392953e-01
6.129238492234678759e+00 -2.139786626467340691e-01 -2.407267988153837662e-02 -1.899059827651960464e-01
6.130349850314251725e+00 -2.136838284583636172e-01 -2.404346178162051345e-02 -1.896403666767482454e-01
6.131461208393824691e+00 -2.133885088854127199e-01 -2.401660629417110698e-02 -1.893719025912470877e-01
6.132572566473397657e+00 -2.130888188491991964e-01 -2.399088535979952350e-02 -1.890979334893989616e-01
6.133683924552970623e+00 -2.127823742108582716e-01 -2.396464196003239219e-02 -1.888177322508256539e-01
6.134795282632544478e+00 -2.124691595249538212e-01 -2.393639342266688785e-02 -1.885327661022877521e-01
6.135906640712118332e+00 -2.121515340527012072e-01 -2.390537090647066459e-02 -1.882461631462307161e-01
6.137017998791691298e+00 -2.118333751406504539e-01 -2.387179890892422718e-02 -1.879615762317320138e-01
6.138129356871264264e+00 -2.115186714604428975e-01 -2.383681333893290094e-02 -1.876818581215101422e-01
6.139240714950837230e+00 -2.112100779886215973e-01 -2.380204822059741113e-02 -1.874080297680263407e-01
6.140352073030410196e+00 -2.109079577210387912e-01 -2.376904157934770986e-02 -1.871389161416916191e-01
6.141463431109984050e+00 -2.106102574764595614e-01 -2.373867670003391300e-02 -1.868715807764191883e-01
6.142574789189557016e+00 -2.103132615852147669e-01 -2.371086191148403383e-02 -1.866023996737354584e-01
6.143686147269130871e+00 -2.100129482534970338e-01 -2.368456514884987804e-02 -1.863283831046443906e-01
6.144797505348703837e+00 -2.097064548690350250e-01 -2.365819043834992141e-02 -1.860482644306898359e-01
6.145908863428276803e+00 -2.093931197046621784e-01 -2.363015912355198242e-02 -1.857629605811090545e-01
6.147020221507849769e+00 -2.090747222106690839e-01 -2.359948431515111050e-02 -1.854752378955176195e-01
6.148131579587422735e+00 -2.087548358424919925e-01 -2.356612968597749519e-02 -1.851887061565135606e-01
6.149242937666996589e+00 -2.084375299479900856e-01 -2.353102232553416079e-02 -1.849065076224594428e-01
6.150354295746570443e+00 -2.081258933827523361e-01 -2.349571526841439176e-02 -1.846301781143387388e-01
6.151465653826143409e+00 -2.078209165789237922e-01 -2.346182269870136783e-02 -1.843590938802216750e-01
6.152577011905716375e+00 -2.075211377452957640e-01 -2.343043338455474967e-02 -1.840907043607416527e-01
6.153688369985289341e+00 -2.072231806422548950e-01 -2.340171563695215770e-02 -1.838214650053027199e-01
6.154799728064862308e+00 -2.069229872536338388e-01 -2.337485726425168192e-02 -1.835481299893793050e-01
6.155911086144436162e+00 -2.066172965031606301e-01 -2.334836206745062592e-02 -1.832689344357113226e-01
6.157022444224009128e+00 -2.063048314358597035e-01 -2.332059476806407419e-02 -1.829842366677947030e-01
6.158133802303582982e+00 -2.059867639902061565e-01 -2.329037603030469084e-02 -1.826963879599044216e-01
6.159245160383155948e+00 -2.056662895603360020e-01 -2.325741120217657276e-02 -1.824088783581587769e-01
6.160356518462728914e+00 -2.053474671775294136e-01 -2.322239704921723671e-02 -1.821250701283149420e-01
6.161467876542301880e+00 -2.050337476635127332e-01 -2.318676796562232911e-02 -1.818469796978934017e-01
6.162579234621874846e+00 -2.047267247956739145e-01 -2.315217425346618660e-02 -1.815745505422132478e-01
6.163690592701448701e+00 -2.044255626798982539e-01 -2.311988238133033668e-02 -1.813056802985680005e-01
6.164801950781022555e+00 -2.041273061946685952e-01 -2.309031531918259370e-02 -1.810369908754891899e-01
6.165913308860595521e+00 -2.038279602939072066e-01 -2.306289991488929755e-02 -1.807650603790216248e-01
6.167024666940168487e+00 -2.035239448961898845e-01 -2.303627649646566161e-02 -1.804876683997275189e-01
6.168136025019741453e+00 -2.032133963425404310e-01 -2.300879415107270898e-02 -1.802046021914680274e-01
6.169247383099315307e+00 -2.028968430557458180e-01 -2.297911135860232490e-02 -1.799177316971422858e-01
6.170358741178888273e+00 -2.025770111714260691e-01 -2.294668354404247670e-02 -1.796303276273844007e-01
6.171470099258461239e+00 -2.022578323785507448e-01 -2.291196044694827211e-02 -1.793458719316043115e-01
6.172581457338034205e+00 -2.019430158820652854e-01 -2.287622188029373935e-02 -1.790667940017743320e-01
6.173692815417608060e+00 -2.016347040886085074e-01 -2.284111197874251140e-02 -1.787935921098660896e-01
6.174804173497181026e+00 -2.013327002603694516e-01 -2.280804157439834251e-02 -1.785246586859723095e-01
6.175915531576753992e+00 -2.010345476828717115e-01 -2.277767608548248585e-02 -1.782568715973930074e-01
6.177026889656327846e+00 -2.007364299905539939e-01 -2.274969496971286642e-02 -1.779867350208436116e-01
6.178138247735900812e+00 -2.004345639497377429e-01 -2.272290985534661592e-02 -1.777116540943905476e-01
6.179249605815473778e+00 -2.001265776100982496e-01 -2.269569796594607045e-02 -1.774308796441528835e-01
6.180360963895047632e+00 -1.998123729147030236e-01 -2.266659287889719737e-02 -1.771457800358078316e-01
6.181472321974620598e+00 -1.994941600684471961e-01 -2.263481764394156479e-02 -1.768593424245072654e-01
6.182583680054193565e+00 -1.991756525049740711e-01 -2.260056650125076561e-02 -1.765750860037240688e-01
6.183695038133767419e+00 -1.988607164111638459e-01 -2.256493307989019051e-02 -1.762957833312752409e-01
6.184806396213340385e+00 -1.985519665699082559e-01 -2.252951162576442845e-02 -1.760224549441480602e-01
6.185917754292913351e+00 -1.982498190568812990e-01 -2.249581667716547828e-02 -1.757540023797191375e-01
6.187029112372486317e+00 -1.979523445219883437e-01 -2.246473246108419280e-02 -1.754876120609025758e-01
6.188140470452060171e+00 -1.976559743061818974e-01 -2.243619223547504982e-02 -1.752197820707140363e-01
6.189251828531633137e+00 -1.973568016006562176e-01 -2.240920395093867062e-02 -1.749475976497167351e-01
6.190363186611206103e+00 -1.970520039476124918e-01 -2.238221252145811482e-02 -1.746697914261593487e-01
6.191474544690779958e+00 -1.967408699341157974e-01 -2.235366657344182648e-02 -1.743872033606768124e-01
6.192585902770352924e+00 -1.964250574739161981e-01 -2.232258330289125028e-02 -1.741024741710253398e-01
6.193697260849925890e+00 -1.961079908149574169e-01 -2.228890596214360212e-02 -1.738190848528173571e-01
6.194808618929499744e+00 -1.957936164998631823e-01 -2.225352412109359371e-02 -1.735400923787725480e-01
6.195919977009072710e+00 -1.954849711274043722e-01 -2.221794962720022651e-02 -1.732670215002072855e-01
6.197031335088645676e+00 -1.951830815159346921e-01 -2.218376642590062092e-02 -1.729993150900327181e-01
6.198142693168218642e+00 -1.948865963681635782e-01 -2.215205455015390248e-02 -1.727345418180100678e-01
6.199254051247792496e+00 -1.945922822111724182e-01 -2.212299780979924690e-02 -1.724692844013731852e-01
6.200365409327365462e+00 -1.942962022103942032e-01 -2.209581772239716663e-02 -1.722003844879987922e-01
6.201476767406938428e+00 -1.939951486486214960e-01 -2.206905745821909764e-02 -1.719260911904043065e-01
6.202588125486512283e+00 -1.936878083529384453e-01 -2.204111226189567341e-02 -1.716466960910447426e-01
6.203699483566085249e+00 -1.933752381553783817e-01 -2.201081326586856735e-02 -1.713644248895092870e-01
6.204810841645658215e+00 -1.930604787620308349e-01 -2.197785235617123398e-02 -1.710826264058620538e-01
6.205922199725232069e+00 -1.927474486558309053e-01 -2.194289372717411410e-02 -1.708045549286551779e-01
6.207033557804805035e+00 -1.924395209703666232e-01 -2.190733181846496111e-02 -1.705321891518999378e-01
6.208144915884378001e+00 -1.921383007908969986e-01 -2.187278393971313004e-02 -1.702655168511846562e-01
6.209256273963951855e+00 -1.918430466994549555e-01 -2.184050228062196786e-02 -1.700025444188324464e-01
6.210367632043524821e+00 -1.915509456246165809e-01 -2.181091915337160861e-02 -1.697400264712516649e-01
6.211478990123097788e+00 -1.912581397378302628e-01 -2.178349068747738662e-02 -1.694746490503518666e-01
6.212590348202670754e+00 -1.909611311075085360e-01 -2.175689554298689335e-02 -1.692042355645297091e-01
6.213701706282244608e+00 -1.906580532175248532e-01 -2.172951608801578990e-02 -1.689285371295062843e-01
6.214813064361817574e+00 -1.903493476786008165e-01 -2.170002686387326185e-02 -1.686493208147300804e-01
6.215924422441390540e+00 -1.900376013281273868e-01 -2.166787632073019845e-02 -1.683697250073942497e-01
6.217035780520964394e+00 -1.897266043521176615e-01 -2.163348680799476870e-02 -1.680931175441248981e-01
6.218147138600537360e+00 -1.894199729618723238e-01 -2.159810039170386581e-02 -1.678218725701696723e-01
6.219258496680110326e+00 -1.891198377628646454e-01 -2.156332688780427179e-02 -1.675565108750625698e-01
6.220369854759684181e+00 -1.888260742169596829e-01 -2.153055868893568800e-02 -1.672955155280267947e-01
6.221481212839257147e+00 -1.885363538076062495e-01 -2.150046521316668555e-02 -1.670358885944439042e-01
6.222592570918830113e+00 -1.882469958332236848e-01 -2.147275063721756222e-02 -1.667742451960101679e-01
6.223703928998403967e+00 -1.879543088711691790e-01 -2.144626267783195789e-02 -1.665080461933381162e-01
6.224815287077976933e+00 -1.876559335611133472e-01 -2.141941248635002154e-02 -1.662365210747643041e-01
6.225926645157549899e+00 -1.873516987265063938e-01 -2.139075268022530216e-02 -1.659609460462833364e-01
6.227038003237122865e+00 -1.870436805551559667e-01 -2.135950322953040353e-02 -1.656841773256338690e-01
6.228149361316696719e+00 -1.867354447263425976e-01 -2.132583411783859836e-02 -1.654096106085046480e-01
6.229260719396269685e+00 -1.864307483683101674e-01 -2.129080233926736523e-02 -1.651399460290472465e-01
6.230372077475842651e+00 -1.861321746058720583e-01 -2.125596657254625460e-02 -1.648762080333280033e-01
6.231483435555416506e+00 -1.858401961896865850e-01 -2.122282001962740375e-02 -1.646173761700635840e-01
6.232594793634989472e+00 -1.855530079326877801e-01 -2.119224782947294952e-02 -1.643607601032184840e-01
6.233706151714562438e+00 -1.852671876759113267e-01 -2.116420633551963776e-02 -1.641029813403984405e-01
6.234817509794136292e+00 -1.849789442288957975e-01 -2.113774044581950839e-02 -1.638412037830718204e-01
6.235928867873709258e+00 -1.846854977126189956e-01 -2.111133243085490038e-02 -1.635741652817686853e-01
6.237040225953282224e+00 -1.843860902715954431e-01 -2.108345486161345567e-02 -1.633026354099837707e-01
6.238151584032856078e+00 -1.840822602176153955e-01 -2.105312636754387567e-02 -1.630291338500788334e-01
6.239262942112429045e+00 -1.837772809498815774e-01 -2.102026809709971883e-02 -1.627570128527827953e-01
6.240374300192002011e+00 -1.834749697547630731e-01 -2.098573147517192317e-02 -1.624892382795944668e-01
6.241485658271574977e+00 -1.831783003657563580e-01 -2.095098753957296348e-02 -1.622273128261829123e-01
6.242597016351148831e+00 -1.828883239092048973e-01 -2.091759122743795662e-02 -1.619707326817647064e-01
6.243708374430721797e+00 -1.826037900890211119e-01 -2.088661570620143487e-02 -1.617171743828203223e-01
6.244819732510294763e+00 -1.823216054101555461e-01 -2.085826252909374692e-02 -1.614633428810625937e-01
6.245931090589868617e+00 -1.820379608159944929e-01 -2.083178923128204546e-02 -1.612061715847138421e-01
6.247042448669441583e+00 -1.817497180210506380e-01 -2.080578038335007679e-02 -1.609439376377045650e-01
6.248153806749014549e+00 -1.814555503349274956e-01 -2.077866317709517116e-02 -1.606768871578320712e-01
6.249265164828588404e+00 -1.811564236596200916e-01 -2.074927978153738237e-02 -1.604071438780837744e-01
6.250376522908161370e+00 -1.808552436917016948e-01 -2.071730824494288914e-02 -1.601379354467633853e-01
6.251487880987734336e+00 -1.805557986096525402e-01 -2.068337900343151375e-02 -1.598724196062263070e-01
6.252599239067308190e+00 -1.802613823902435575e-01 -2.064884490752682752e-02 -1.596125374827169208e-01
6.253710597146881156e+00 -1.799735994507569992e-01 -2.061528872617364797e-02 -1.593583107245885311e-01
6.254821955226454122e+00 -1.796917847544713953e-01 -2.058394747961557122e-02 -1.591078372748537251e-01
6.255933313306027088e+00 -1.794132492840021242e-01 -2.055526302776516587e-02 -1.588579862562386480e-01
6.257044671385600942e+00 -1.791342605786190867e-01 -2.052872222675320227e-02 -1.586055383518663320e-01
6.258156029465173908e+00 -1.788514010458910897e-01 -2.050304450689782385e-02 -1.583483565389930126e-01
6.259267387544746875e+00 -1.785628099700027338e-01 -2.047664832992024397e-02 -1.580861616400837943e-01
6.260378745624320729e+00 -1.782688580750990959e-01 -2.044822663519404310e-02 -1.578206314399049903e-01
6.261490103703893695e+00 -1.779720103121066321e-01 -2.041722191560784230e-02 -1.575547883965012774e-01
6.262601461783466661e+00 -1.776759278470539938e-01 -2.038402826515946925e-02 -1.572918995819024002e-01
6.263712819863040515e+00 -1.773841366070913472e-01 -2.034984719257440858e-02 -1.570342894145171642e-01
6.264824177942613481e+00 -1.770987467857012276e-01 -2.031624997149741527e-02 -1.567824968142085551e-01
6.265935536022186447e+00 -1.768196885242856453e-01 -2.028460596218996381e-02 -1.565350825620993314e-01
6.267046894101760302e+00 -1.765447407880783304e-01 -2.025558492367247887e-02 -1.562891558644075030e-01
6.268158252181333268e+00 -1.762703418616289042e-01 -2.022891422739028777e-02 -1.560414276342420858e-01
6.269269610260906234e+00 -1.759928859050642891e-01 -2.020347901592839390e-02 -1.557894068891391981e-01
6.270380968340479200e+00 -1.757100338156155350e-01 -2.017772855569475998e-02 -1.555323052599217604e-01
6.271492326420053054e+00 -1.754215620977010448e-01 -2.015024072237502767e-02 -1.552713213753284249e-01
6.272603684499626020e+00 -1.751294419672604907e-01 -2.012023919533425728e-02 -1.550092027719263410e-01
6.273715042579198986e+00 -1.748371210203172044e-01 -2.008787532880589727e-02 -1.547492456915149917e-01
6.274826400658772840e+00 -1.745482695548221941e-01 -2.005417241745450704e-02 -1.544940971373671978e-01
6.275937758738345806e+00 -1.742654477515654943e-01 -2.002065293461529130e-02 -1.542447948169486105e-01
6.277049116817918772e+00 -1.739891780077385264e-01 -1.998878458213688980e-02 -1.540003934256005680e-01
6.278160474897492627e+00 -1.737177588123395844e-01 -1.995944674674592426e-02 -1.537583120655955926e-01
6.279271832977065593e+00 -1.734478866536725006e-01 -1.993261134696960868e-02 -1.535152753067063336e-01
6.280383191056638559e+00 -1.731758587980463948e-01 -1.990735391562658066e-02 -1.532685048824252994e-01
6.281494549136211525e+00 -1.728989191015232463e-01 -1.988219057615089880e-02 -1.530167285253742071e-01
6.282605907215785379e+00 -1.726162577363223871e-01 -1.985561808025167185e-02 -1.527606396560761415e-01
6.283717265295358345e+00 -1.723293022152116993e-01 -1.982666036132943455e-02 -1.525026418538878714e-01
6.284828623374931311e+00 -1.720411951538441397e-01 -1.979522288243085876e-02 -1.522459722714102903e-01
6.285939981454505165e+00 -1.717556498527268161e-01 -1.976212613923023637e-02 -1.519935237134999451e-01
6.287051339534078132e+00 -1.714756005355833890e-01 -1.972880646362447019e-02 -1.517467940719619268e-01
6.288162697613651098e+00 -1.712021380205678289e-01 -1.969679325191495481e-02 -1.515053447686541821e-01
6.289274055693224952e+00 -1.709341170992559611e-01 -1.966715292017395811e-02 -1.512669641790872765e-01
6.290385413772797918e+00 -1.706685771957195119e-01 -1.964010179110837334e-02 -1.510284754046136435e-01
6.291496771852370884e+00 -1.704018221134364908e-01 -1.961492848451357532e-02 -1.507868936289234740e-01
6.292608129931944738e+00 -1.701307654007754022e-01 -1.959025370081376310e-02 -1.505405116999651294e-01
6.293719488011517704e+00 -1.698540519459756371e-01 -1.956453257993346143e-02 -1.502895193660435946e-01
6.294830846091090670e+00 -1.695725484848249753e-01 -1.953661671296117591e-02 -1.500359317718607532e-01
6.295942204170663636e+00 -1.692890256817421168e-01 -1.950617138390551772e-02 -1.497828542978348887e-01
6.297053562250237491e+00 -1.690071485256861017e-01 -1.947379647260737492e-02 -1.495333520530778004e-01
6.298164920329810457e+00 -1.687301430031507565e-01 -1.944080736393810974e-02 -1.492893356392173965e-01
6.299276278409383423e+00 -1.684596241345368561e-01 -1.940875588602036447e-02 -1.490508682485175429e-01
6.300387636488957277e+00 -1.681950111208042331e-01 -1.937886575347064905e-02 -1.488161453673366164e-01
6.301498994568530243e+00 -1.679337413644526045e-01 -1.935158790379402916e-02 -1.485821534606611982e-01
6.302610352648103209e+00 -1.676722044924038313e-01 -1.932643730924665446e-02 -1.483457671831571734e-01
6.303721710727677063e+00 -1.674070559490544174e-01 -1.930217032733754293e-02 -1.481048856217155041e-01
6.304833068807250029e+00 -1.671364322586466056e-01 -1.927723775831500022e-02 -1.478591945003323027e-01
6.305944426886822995e+00 -1.668606264567687736e-01 -1.925034858203783159e-02 -1.476102778747325761e-01
6.307055784966396850e+00 -1.665819789850396526e-01 -1.922093926037646630e-02 -1.473610397246637171e-01
6.308167143045969816e+00 -1.663040247860685106e-01 -1.918937803313248980e-02 -1.471146467529347301e-01
6.309278501125542782e+00 -1.660302075677652367e-01 -1.915683017000110663e-02 -1.468733773977672352e-01
6.310389859205115748e+00 -1.657626290512032308e-01 -1.912483350557270603e-02 -1.466377955456304727e-01
6.311501217284689602e+00 -1.655012876321775850e-01 -1.909473889050264730e-02 -1.464065487416807698e-01
6.312612575364262568e+00 -1.652440823906374257e-01 -1.906721916588628024e-02 -1.461768632247590349e-01
6.313723933443835534e+00 -1.649875798663515136e-01 -1.904202515442565691e-02 -1.459455547119270780e-01
6.314835291523409389e+00 -1.647282638489242779e-01 -1.901807716579335256e-02 -1.457101866831366221e-01
6.315946649602982355e+00 -1.644638133181034745e-01 -1.899385842269216834e-02 -1.454699548954128951e-01
6.317058007682555321e+00 -1.641939441115029819e-01 -1.896796705702648300e-02 -1.452259770544796214e-01
6.318169365762129175e+00 -1.639205091193216834e-01 -1.893962580066138254e-02 -1.449808833186626844e-01
6.319280723841702141e+00 -1.636468217071482545e-01 -1.890896407069028382e-02 -1.447378576364625469e-01
6.320392081921275107e+00 -1.633764494039621207e-01 -1.887697009081940394e-02 -1.444994793131432476e-01
6.321503440000848961e+00 -1.631119170385566808e-01 -1.884513077314553184e-02 -1.442667862654153366e-01
6.322614798080421927e+00 -1.628537907738386303e-01 -1.881489060695534440e-02 -1.440389001668871682e-01
6.323726156159994893e+00 -1.626004753680090342e-01 -1.878712648977112071e-02 -1.438133488782377400e-01
6.324837514239567859e+00 -1.623487973029027753e-01 -1.876182945031827989e-02 -1.435869678525873161e-01
6.325948872319141714e+00 -1.620951607016303808e-01 -1.873810879886141784e-02 -1.433570519027698997e-01
6.327060230398714680e+00 -1.618368550896951419e-01 -1.871451688699403773e-02 -1.431223382026992619e-01
6.328171588478287646e+00 -1.615730394696641425e-01 -1.868957607906404639e-02 -1.428834633906010121e-01
6.329282946557861500e+00 -1.613050454946321211e-01 -1.866231612196431536e-02 -1.426427293726705570e-01
6.330394304637434466e+00 -1.610358905038671573e-01 -1.863262650266751114e-02 -1.424032640012033724e-01
6.331505662717007432e+00 -1.607691785106286353e-01 -1.860129584478844092e-02 -1.421678826658434036e-01
6.332617020796581286e+00 -1.605077894372518021e-01 -1.856972431768548482e-02 -1.419380651195701615e-01
6.333728378876154252e+00 -1.602528333008751971e-01 -1.853941394459485831e-02 -1.417134193562773481e-01
6.334839736955727219e+00 -1.600032491047096161e-01 -1.851142235665161409e-02 -1.414918267480593794e-01
6.335951095035301073e+00 -1.597561933554779989e-01 -1.848597865388705921e-02 -1.412702147015923171e-01
6.337062453114874039e+00 -1.595080759433111506e-01 -1.846240089926081893e-02 -1.410456750440532980e-01
6.338173811194447005e+00 -1.592558660331062081e-01 -1.843934495943949647e-02 -1.408165210736699868e-01
6.339285169274019971e+00 -1.589981929903127034e-01 -1.841529389493491362e-02 -1.405828990953824631e-01
6.340396527353593825e+00 -1.587358424913659360e-01 -1.838910972179416681e-02 -1.403467327695730182e-01
6.341507885433166791e+00 -1.584714683146965231e-01 -1.836044685915522168e-02 -1.401110214555403299e-01
6.342619243512739757e+00 -1.582086255890496618e-01 -1.832987706171943301e-02 -1.398787485273293996e-01
6.343730601592313612e+00 -1.579504777334630738e-01 -1.829868068740864509e-02 -1.396517970460581792e-01
6.344841959671886578e+00 -1.576986474336016242e-01 -1.826838051611813854e-02 -1.394302669174821985e-01
6.345953317751459544e+00 -1.574526290237492909e-01 -1.824018787141577780e-02 -1.392124411523328886e-01
6.347064675831033398e+00 -1.572099750568385912e-01 -1.821456251840009727e-02 -1.389954125384410544e-01
6.348176033910606364e+00 -1.569671882131493945e-01 -1.819104624512121043e-02 -1.387761419680314523e-01
6.349287391990179330e+00 -1.567209934682975703e-01 -1.816843036694517841e-02 -1.385525631013534986e-01
6.350398750069753184e+00 -1.564695276999724105e-01 -1.814519591978760657e-02 -1.383243317801867156e-01
6.351510108149326150e+00 -1.562130145551639537e-01 -1.812006622010365123e-02 -1.380929483350631370e-01
6.352621466228899116e+00 -1.559536800557825287e-01 -1.809247077320035035e-02 -1.378612092825840241e-01
6.353732824308472082e+00 -1.556949406834288452e-01 -1.806275194685123819e-02 -1.376321887365783148e-01
6.354844182388045937e+00 -1.554401600287150798e-01 -1.803203952799692367e-02 -1.374081205007229856e-01
6.355955540467618903e+00 -1.551914264690678613e-01 -1.800183911471987114e-02 -1.371895873543490241e-01
6.357066898547191869e+00 -1.549487960684384491e-01 -1.797348430010951501e-02 -1.369753117683341903e-01
6.358178256626765723e+00 -1.547102752005015125e-01 -1.794765197863687142e-02 -1.367626232218677185e-01
6.359289614706338689e+00 -1.544725481774266718e-01 -1.792411695007956399e-02 -1.365484312273493039e-01
6.360400972785911655e+00 -1.542321843948909754e-01 -1.790183480410119030e-02 -1.363303495907943197e-01
6.361512330865485509e+00 -1.539868855861236951e-01 -1.787932260767606876e-02 -1.361075629784455066e-01
6.362623688945058475e+00 -1.537363197955559924e-01 -1.785519865971890024e-02 -1.358811211358395277e-01
6.363735047024631442e+00 -1.534822394939523715e-01 -1.782868487551098405e-02 -1.356535546184472474e-01
6.364846405104204408e+00 -1.532278418419479316e-01 -1.779988915041157832e-02 -1.354279526915416476e-01
6.365957763183778262e+00 -1.529766046059337636e-01 -1.776976524294861942e-02 -1.352068393629901610e-01
6.367069121263351228e+00 -1.527310215052042619e-01 -1.773976508709051644e-02 -1.349912564181156571e-01
6.368180479342924194e+00 -1.524916967742353247e-01 -1.771131027543998426e-02 -1.347803864987967282e-01
6.369291837422498048e+00 -1.522571275824566028e-01 -1.768527508908338680e-02 -1.345718524933730842e-01
6.370403195502071014e+00 -1.520242525407886069e-01 -1.766166906369945680e-02 -1.343625834770920957e-01
6.371514553581643980e+00 -1.517895660038971750e-01 -1.763963433819100424e-02 -1.341499316657095708e-01
6.372625911661217835e+00 -1.515503925025089849e-01 -1.761775845016476036e-02 -1.339326340523509518e-01
6.373737269740790801e+00 -1.513058579572237050e-01 -1.759458852861761624e-02 -1.337112694286115289e-01
6.374848627820363767e+00 -1.510572050988471526e-01 -1.756915970307915825e-02 -1.334880453957703605e-01
6.375959985899937621e+00 -1.508073392827969927e-01 -1.754134555448716784e-02 -1.332659937283104390e-01
6.377071343979510587e+00 -1.505597706990048079e-01 -1.751190332686345177e-02 -1.330478673721451899e-01
6.378182702059083553e+00 -1.503173381078306559e-01 -1.748219773757674067e-02 -1.328351403702518474e-01
6.379294060138656519e+00 -1.500811781298135861e-01 -1.745370411620844955e-02 -1.326274740136068886e-01
6.380405418218230373e+00 -1.498503142898927887e-01 -1.742747175643414095e-02 -1.324228425334619264e-01
6.381516776297803339e+00 -1.496220143357485377e-01 -1.740374266924520769e-02 -1.322182716665071534e-01
6.382628134377376306e+00 -1.493927849947097874e-01 -1.738186423847232556e-02 -1.320109207562415177e-01
6.383739492456950160e+00 -1.491596418945663471e-01 -1.736052728103962967e-02 -1.317991146135319425e-01
6.384850850536523126e+00 -1.489211928729092249e-01 -1.733824265777846041e-02 -1.315829502151393271e-01
6.385962208616096092e+00 -1.486781413332007029e-01 -1.731388291560289477e-02 -1.313642584176026307e-01
6.387073566695669946e+00 -1.484330275590426962e-01 -1.728709195067940421e-02 -1.311459356083656547e-01
6.388184924775242912e+00 -1.481893030352413321e-01 -1.725841385000792538e-02 -1.309308891852389856e-01
6.389296282854815878e+00 -1.479500750378399954e-01 -1.722909431326343638e-02 -1.307209807245830469e-01
6.390407640934389732e+00 -1.477169780917883812e-01 -1.720062715103382045e-02 -1.305163509407568645e-01
6.391518999013962699e+00 -1.474895821542733521e-01 -1.717421097942293390e-02 -1.303153711748500088e-01
6.392630357093535665e+00 -1.472655517838419859e-01 -1.715031373113453522e-02 -1.301152380527150765e-01
6.393741715173108631e+00 -1.470414973761056399e-01 -1.712850321814000931e-02 -1.299129941579677538e-01
6.394853073252682485e+00 -1.468142081642433150e-01 -1.710760509957664349e-02 -1.297066030646712720e-01
6.395964431332255451e+00 -1.465818184085841691e-01 -1.708613051106800187e-02 -1.294956878975202230e-01
6.397075789411828417e+00 -1.463444831215061637e-01 -1.706281762255170559e-02 -1.292816654989590863e-01
6.398187147491402271e+00 -1.461043185052405824e-01 -1.703709011993877545e-02 -1.290672283853036284e-01
6.399298505570975237e+00 -1.458646298211851988e-01 -1.700926600241394610e-02 -1.288553638187741879e-01
6.400409863650548203e+00 -1.456287083118703030e-01 -1.698044103081554693e-02 -1.286482672810603245e-01
6.401521221730122058e+00 -1.453986349916157605e-01 -1.695208952833510488e-02 -1.284465454632870152e-01
6.402632579809695024e+00 -1.451745259965669388e-01 -1.692552795761299161e-02 -1.282489980389534545e-01
6.403743937889267990e+00 -1.449544930942813781e-01 -1.690143644561106426e-02 -1.280530566486749455e-01
6.404855295968841844e+00 -1.447353326678250396e-01 -1.687961216205630458e-02 -1.278557205057733737e-01
6.405966654048414810e+00 -1.445136917318736447e-01 -1.685904398241749522e-02 -1.276546477494559240e-01
6.407078012127987776e+00 -1.442872865360237955e-01 -1.683828095895417015e-02 -1.274490055770763630e-01
6.408189370207560742e+00 -1.440557308016976457e-01 -1.681596032423004344e-02 -1.272397704774699267e-01
6.409300728287134596e+00 -1.438206731367493718e-01 -1.679130288175575969e-02 -1.270293702549982473e-01
6.410412086366707562e+00 -1.435851946639408738e-01 -1.676439569260970361e-02 -1.268207989713345252e-01
6.411523444446280529e+00 -1.433526868374337404e-01 -1.673615949083058496e-02 -1.266165273466041408e-01
6.412634802525854383e+00 -1.431256180363756347e-01 -1.670801300083280330e-02 -1.264176050355417802e-01
6.413746160605427349e+00 -1.429046373867123576e-01 -1.668135652891851450e-02 -1.262232808577934129e-01
6.414857518685000315e+00 -1.426883410790284468e-01 -1.665706279177070828e-02 -1.260312782872627102e-01
6.415968876764574169e+00 -1.424737852204948640e-01 -1.663516012298465324e-02 -1.258386250975153664e-01
6.417080234844147135e+00 -1.422575578102398264e-01 -1.661482305721918157e-02 -1.256427347530246486e-01
6.418191592923720101e+00 -1.420370194608396586e-01 -1.659467340338374730e-02 -1.254423460574605742e-01
6.419302951003293956e+00 -1.418112616727480180e-01 -1.657328200941136573e-02 -1.252379796633425191e-01
6.420414309082866922e+00 -1.415814347231981463e-01 -1.654968855059838970e-02 -1.250317461726025703e-01
6.421525667162439888e+00 -1.413503268042892447e-01 -1.652375029940203466e-02 -1.248265765048887643e-01
6.422637025242012854e+00 -1.411213483390783285e-01 -1.649619321095219596e-02 -1.246251551281300496e-01
6.423748383321586708e+00 -1.408972913937019400e-01 -1.646834703477828218e-02 -1.244289443589232103e-01
6.424859741401159674e+00 -1.406793153688009335e-01 -1.644166108697130146e-02 -1.242376542818355578e-01
6.425971099480732640e+00 -1.404665273340146570e-01 -1.641717698892611321e-02 -1.240493503450901536e-01
6.427082457560306494e+00 -1.402563087781675821e-01 -1.639515016231580385e-02 -1.238611586158578221e-01
6.428193815639879460e+00 -1.400452690798960620e-01 -1.637495759418946747e-02 -1.236703114857035796e-01
6.429305173719452426e+00 -1.398304783875120305e-01 -1.635532515474192802e-02 -1.234751532327736934e-01
6.430416531799026281e+00 -1.396105314983999979e-01 -1.633479151273722549e-02 -1.232757399856625469e-01
6.431527889878599247e+00 -1.393860563266012265e-01 -1.631223973012438724e-02 -1.230738165964790076e-01
6.432639247958172213e+00 -1.391594828922419202e-01 -1.628730315907505125e-02 -1.228721797331709942e-01
6.433750606037746067e+00 -1.389341577448446607e-01 -1.626049814923059139e-02 -1.226736595956124942e-01
6.434861964117319033e+00 -1.387131264962804256e-01 -1.623303554870974760e-02 -1.224800909475716043e-01
6.435973322196891999e+00 -1.384980273299691866e-01 -1.620637982807372757e-02 -1.222916475018975269e-01
6.437084680276464965e+00 -1.382884974367508124e-01 -1.618171636661376589e-02 -1.221067810701373102e-01
6.438196038356038819e+00 -1.380823073930907696e-01 -1.615952068896274463e-02 -1.219227867041318691e-01
6.439307396435611786e+00 -1.378761736687527939e-01 -1.613938619258880811e-02 -1.217367874761654256e-01
6.440418754515184752e+00 -1.376669530752833992e-01 -1.612017277059935375e-02 -1.215467803046875600e-01
6.441530112594758606e+00 -1.374527845581284546e-01 -1.610042199383317219e-02 -1.213523625642981690e-01
6.442641470674331572e+00 -1.372337634541064000e-01 -1.607888764142622121e-02 -1.211548758126824166e-01
6.443752828753904538e+00 -1.370119038012246604e-01 -1.605498856718199155e-02 -1.209569152340459197e-01
6.444864186833478392e+00 -1.367904033596639979e-01 -1.602901930939107725e-02 -1.207613840502771707e-01
6.445975544913051358e+00 -1.365724793991560104e-01 -1.600204209438059119e-02 -1.205704373047759154e-01
6.447086902992624324e+00 -1.363601989567368999e-01 -1.597549980652687718e-02 -1.203846991502121877e-01
6.448198261072197290e+00 -1.361537287197871759e-01 -1.595069092206380032e-02 -1.202030377977256481e-01
6.449309619151771145e+00 -1.359512766262842287e-01 -1.592829746398918833e-02 -1.200229791622984821e-01
6.450420977231344111e+00 -1.357497455171114975e-01 -1.590813757614284452e-02 -1.198416079409720392e-01
6.451532335310917077e+00 -1.355458603569911213e-01 -1.588923247599539901e-02 -1.196566278809957778e-01
6.452643693390490931e+00 -1.353373587265213895e-01 -1.587016314496530328e-02 -1.194671955815586883e-01
6.453755051470063897e+00 -1.351238118116823150e-01 -1.584958678064423906e-02 -1.192742250310443314e-01
6.454866409549636863e+00 -1.349067779561056724e-01 -1.582672506099704057e-02 -1.190800528951134613e-01
6.455977767629210717e+00 -1.346892337868141887e-01 -1.580164669336755687e-02 -1.188875870934442969e-01
6.457089125708783683e+00 -1.344744905465180551e-01 -1.577524168778992805e-02 -1.186992488587264444e-01
6.458200483788356649e+00 -1.342649900965740273e-01 -1.574889698575075714e-02 -1.185160931108275029e-01
6.459311841867930504e+00 -1.340614182928646647e-01 -1.572399166242095456e-02 -1.183374266304470651e-01
6.460423199947503470e+00 -1.338624575492673441e-01 -1.570139542184682477e-02 -1.181610621274223061e-01
6.461534558027076436e+00 -1.336652677157558755e-01 -1.568115274202544832e-02 -1.179841149737321793e-01
6.462645916106649402e+00 -1.334665196119685648e-01 -1.566246735728555814e-02 -1.178040522546845159e-01
6.463757274186223256e+00 -1.332636049497989972e-01 -1.564399245552729190e-02 -1.176196124942748000e-01
6.464868632265796222e+00 -1.330555827604312513e-01 -1.562432080180027084e-02 -1.174312619586336537e-01
6.465979990345369188e+00 -1.328435187616948399e-01 -1.560249640056701748e-02 -1.172410223611281554e-01
6.467091348424943043e+00 -1.326300951450037069e-01 -1.557836163950231285e-02 -1.170517335055061559e-01
6.468202706504516009e+00 -1.324186335407800397e-01 -1.555261384606437813e-02 -1.168660196947200747e-01
6.469314064584088975e+00 -1.322118869748665770e-01 -1.552655095974295012e-02 -1.166853360151257485e-01
6.470425422663662829e+00 -1.320110401015290036e-01 -1.550159907755027135e-02 -1.165094410239830153e-01
6.471536780743235795e+00 -1.318152807261527004e-01 -1.547879385254100418e-02 -1.163364868736157381e-01
6.472648138822808761e+00 -1.316220975424131356e-01 -1.545840434294153305e-02 -1.161636931994757954e-01
6.473759496902382615e+00 -1.314281948961642799e-01 -1.543983593789386051e-02 -1.159883589582747232e-01
6.474870854981955581e+00 -1.312306913096283612e-01 -1.542184738697706045e-02 -1.158088439226541838e-01
6.475982213061528547e+00 -1.310281658259106474e-01 -1.540300272168624793e-02 -1.156251631042296280e-01
6.477093571141101513e+00 -1.308211721282807605e-01 -1.538219352827842681e-02 -1.154389786000049739e-01
6.478204929220675368e+00 -1.306120343148271801e-01 -1.535904160952930760e-02 -1.152529927053030090e-01
6.479316287300248334e+00 -1.304039995196210333e-01 -1.533403574599735524e-02 -1.150699637736237041e-01
6.480427645379821300e+00 -1.302000562074818735e-01 -1.530835308892219450e-02 -1.148917031185619358e-01
6.481539003459395154e+00 -1.300018480583630676e-01 -1.528343043255911068e-02 -1.147184176258048416e-01
6.482650361538968120e+00 -1.298090780482508699e-01 -1.526044149535298218e-02 -1.145486365529018030e-01
6.483761719618541086e+00 -1.296196186570101883e-01 -1.523987036446283229e-02 -1.143797482925509867e-01
6.484873077698114940e+00 -1.294302872195926823e-01 -1.522133610975624600e-02 -1.142089511098418469e-01
6.485984435777687906e+00 -1.292380037556603301e-01 -1.520373209749232776e-02 -1.140342716581688176e-01
6.487095793857260873e+00 -1.290409099762773737e-01 -1.518562904518857247e-02 -1.138552809310961339e-01
6.488207151936834727e+00 -1.288390428260815512e-01 -1.516579500948124666e-02 -1.136732478166031096e-01
6.489318510016407693e+00 -1.286343183475766871e-01 -1.514364312116292868e-02 -1.134906752264151636e-01
6.490429868095980659e+00 -1.284298326235400189e-01 -1.511944433472631362e-02 -1.133103882888216868e-01
6.491541226175553625e+00 -1.282287347455762783e-01 -1.509422805914661242e-02 -1.131345066864287291e-01
6.492652584255127479e+00 -1.280330819655458585e-01 -1.506940710090664236e-02 -1.129636748646467431e-01
6.493763942334700445e+00 -1.278430931340681087e-01 -1.504626355952323226e-02 -1.127968295745531563e-01
6.494875300414273411e+00 -1.276570712407130714e-01 -1.502548274547806616e-02 -1.126315884952392155e-01
6.495986658493847266e+00 -1.274720223485919512e-01 -1.500690455000983602e-02 -1.124651177985866862e-01
6.497098016573420232e+00 -1.272847450849776962e-01 -1.498958246577701200e-02 -1.122951626192057323e-01
6.498209374652993198e+00 -1.270929941257216422e-01 -1.497212850360947478e-02 -1.121208656221166361e-01
6.499320732732567052e+00 -1.268962947265599439e-01 -1.495321831334543196e-02 -1.119430764132162553e-01
6.500432090812140018e+00 -1.266961127190736058e-01 -1.493207268204879180e-02 -1.117640400370294024e-01
6.501543448891712984e+00 -1.264953190120479964e-01 -1.490874034610867663e-02 -1.115865786659448050e-01
6.502654806971286838e+00 -1.262971441167564379e-01 -1.488407946540961160e-02 -1.114130646513476347e-01
6.503766165050859804e+00 -1.261040033051899767e-01 -1.485944477854973800e-02 -1.112445585266445824e-01
6.504877523130432770e+00 -1.259166195404453348e-01 -1.483619447340125096e-02 -1.110804250670487520e-01
6.505988881210005736e+00 -1.257337625523759495e-01 -1.481519625759632024e-02 -1.109185662947789058e-01
6.507100239289579591e+00 -1.255526980993819930e-01 -1.479651223767497123e-02 -1.107561858617099881e-01
6.508211597369152557e+00 -1.253701832374359559e-01 -1.477937703014721438e-02 -1.105908062072911979e-01
6.509322955448725523e+00 -1.251836451922306304e-01 -1.476247679513860954e-02 -1.104211683970957869e-01
6.510434313528299377e+00 -1.249921151695481680e-01 -1.474442745307753995e-02 -1.102476877164738356e-01
6.511545671607872343e+00 -1.247965780515676720e-01 -1.472427801049819990e-02 -1.100723000410749747e-01
6.512657029687445309e+00 -1.245996116425010652e-01 -1.470185595010957934e-02 -1.098977556923907140e-01
6.513768387767019163e+00 -1.244044474871669470e-01 -1.467782923673790173e-02 -1.097266182504289256e-01
6.514879745846592130e+00 -1.242137953300330167e-01 -1.465346265000184479e-02 -1.095603326800341920e-01
6.515991103926165096e+00 -1.240288587404636961e-01 -1.463015732363691888e-02 -1.093987014168280453e-01
6.517102462005738062e+00 -1.238488994038377672e-01 -1.460894112052354629e-02 -1.092399582833208649e-01
6.518213820085311916e+00 -1.236715077151621517e-01 -1.459009519631501370e-02 -1.090814125188500905e-01
6.519325178164884882e+00 -1.234934804167779621e-01 -1.457305241502831507e-02 -1.089204280017494059e-01
6.520436536244457848e+00 -1.233119855310230994e-01 -1.455660430654499328e-02 -1.087553812244816259e-01
6.521547894324031702e+00 -1.231255908378627723e-01 -1.453934103236497952e-02 -1.085862498055013975e-01
6.522659252403604668e+00 -1.229347822860915734e-01 -1.452016417043418099e-02 -1.084146181156595834e-01
6.523770610483177634e+00 -1.227417845840462346e-01 -1.449868579856156831e-02 -1.082430987854912235e-01
6.524881968562751489e+00 -1.225497500712056931e-01 -1.447536887013617553e-02 -1.080743812010734883e-01
6.525993326642324455e+00 -1.223616114806717614e-01 -1.445135807772192187e-02 -1.079102534029560273e-01
6.527104684721897421e+00 -1.221790159796553726e-01 -1.442806298822001121e-02 -1.077509529914403436e-01
6.528216042801471275e+00 -1.220017278039825792e-01 -1.440664525268366310e-02 -1.075950825513000697e-01
6.529327400881044241e+00 -1.218277160047360058e-01 -1.438759643347931570e-02 -1.074401195712578472e-01
6.530438758960617207e+00 -1.216538945493789575e-01 -1.437055986990363153e-02 -1.072833346794808546e-01
6.531550117040190173e+00 -1.214772449684684286e-01 -1.435446112760215519e-02 -1.071227838408651406e-01
6.532661475119764027e+00 -1.212959130456708334e-01 -1.433789931365776760e-02 -1.069580137320151753e-01
6.533772833199336993e+00 -1.211098809967568191e-01 -1.431965673064916449e-02 -1.067902242661081663e-01
6.534884191278909960e+00 -1.209209713689465421e-01 -1.429914144551342262e-02 -1.066218299234323319e-01
6.535995549358483814e+00 -1.207321820781078886e-01 -1.427660191328034532e-02 -1.064555801648330441e-01
6.537106907438056780e+00 -1.205465950936261271e-01 -1.425303582758479480e-02 -1.062935592660416706e-01
6.538218265517629746e+00 -1.203662559290312045e-01 -1.422982662354324405e-02 -1.061364293054901653e-01
6.539329623597203600e+00 -1.201914312100629684e-01 -1.420824005580534517e-02 -1.059831911542598593e-01
6.540440981676776566e+00 -1.200205136739256329e-01 -1.418896403052137024e-02 -1.058315496434040492e-01
6.541552339756349532e+00 -1.198506083171348297e-01 -1.417185897281067995e-02 -1.056787493443288872e-01
6.542663697835923386e+00 -1.196785858146154347e-01 -1.415600930475636489e-02 -1.055225765098662394e-01
6.543775055915496353e+00 -1.195022197794546742e-01 -1.414005703863994642e-02 -1.053621627408188599e-01
6.544886413995069319e+00 -1.193209944421678714e-01 -1.412269592817291981e-02 -1.051982985139972709e-01
6.545997772074642285e+00 -1.191362896307050778e-01 -1.410314635249568585e-02 -1.050331432782154184e-01
6.547109130154216139e+00 -1.189508766071627616e-01 -1.408143827927417144e-02 -1.048694383278924863e-01
6.548220488233789105e+00 -1.187679088575231134e-01 -1.405839959647309061e-02 -1.047095092610565020e-01
6.549331846313362071e+00 -1.185897752502294705e-01 -1.403535432733707747e-02 -1.045544209228956439e-01
6.550443204392935925e+00 -1.184172325319413077e-01 -1.401364072728341313e-02 -1.044035918046633399e-01
6.551554562472508891e+00 -1.182491320868279128e-01 -1.399412465198159906e-02 -1.042550074348504580e-01
6.552665920552081857e+00 -1.180828395109582429e-01 -1.397688514300148878e-02 -1.041059543679636185e-01
6.553777278631655712e+00 -1.179151936383310423e-01 -1.396118639432158276e-02 -1.039540072440121171e-01
6.554888636711228678e+00 -1.177436557963254526e-01 -1.394574602742762806e-02 -1.037979097688984109e-01
6.555999994790801644e+00 -1.175672313707060851e-01 -1.392920185384828591e-02 -1.036380295168630311e-01
6.557111352870375498e+00 -1.173868290417536403e-01 -1.391060722336257688e-02 -1.034762218183918059e-01
6.558222710949948464e+00 -1.172049278441027742e-01 -1.388977481992370588e-02 -1.033151530241796096e-01
6.559334069029521430e+00 -1.170246739280960402e-01 -1.386734403972347297e-02 -1.031573298883760592e-01
6.560445427109094396e+00 -1.168487360134013026e-01 -1.384454770932082128e-02 -1.030041883040851702e-01
6.561556785188668250e+00 -1.166783358103527096e-01 -1.382276324640999837e-02 -1.028555725639485607e-01
6.562668143268241217e+00 -1.165128055681609043e-01 -1.380301166488353756e-02 -1.027097939032816654e-01
6.563779501347814183e+00 -1.163498328867398901e-01 -1.378558663859114769e-02 -1.025642462481531347e-01
6.564890859427388037e+00 -1.161863029494343141e-01 -1.376994837826980844e-02 -1.024163545711657131e-01
6.566002217506961003e+00 -1.160194313179254977e-01 -1.375492066243824696e-02 -1.022645106554889854e-01
6.567113575586533969e+00 -1.158477752185852611e-01 -1.373911909798653658e-02 -1.021086561206068083e-01
6.568224933666107823e+00 -1.156717559256125460e-01 -1.372145467492719498e-02 -1.019503012506876444e-01
6.569336291745680789e+00 -1.154935029997742058e-01 -1.370152944665362083e-02 -1.017919735531273850e-01
6.570447649825253755e+00 -1.153160778452346352e-01 -1.367978056110121486e-02 -1.016362972841337586e-01
6.571559007904827610e+00 -1.151423595590762433e-01 -1.365732050370060090e-02 -1.014850390553809906e-01
6.572670365984400576e+00 -1.149739984322412367e-01 -1.363553192263557319e-02 -1.013384665096113413e-01
6.573781724063973542e+00 -1.148108173675045501e-01 -1.361556459045429324e-02 -1.011952527770522969e-01
6.574893082143546508e+00 -1.146508782106930302e-01 -1.359791750480995702e-02 -1.010529607058865964e-01
6.576004440223120362e+00 -1.144911880613280197e-01 -1.358225800534915151e-02 -1.009089300559849744e-01
6.577115798302693328e+00 -1.143287880616163238e-01 -1.356754346220147463e-02 -1.007612445994146427e-01
6.578227156382266294e+00 -1.141618284700075675e-01 -1.355240101212077351e-02 -1.006094274578897552e-01
6.579338514461840148e+00 -1.139902393040599232e-01 -1.353562702935041419e-02 -1.004546122747135423e-01
6.580449872541413114e+00 -1.138157533078050371e-01 -1.351662460730666468e-02 -1.002991287005006726e-01
6.581561230620986080e+00 -1.136412736959313968e-01 -1.349562003274672704e-02 -1.001456536631890742e-01
6.582672588700559935e+00 -1.134698172744194183e-01 -1.347357974000785823e-02 -9.999623753441211349e-02
6.583783946780132901e+00 -1.133034175791062109e-01 -1.345185821327811101e-02 -9.985155936582952585e-02
6.584895304859705867e+00 -1.131423867291495022e-01 -1.343170510729351820e-02 -9.971068162185947603e-02
6.586006662939279721e+00 -1.129852038280205473e-01 -1.341381093025571618e-02 -9.957139289776871516e-02
6.587118021018852687e+00 -1.128290696975427360e-01 -1.339805644800038699e-02 -9.943101324954248255e-02
6.588229379098425653e+00 -1.126709255083670619e-01 -1.338355674392741577e-02 -9.928736876444199666e-02
6.589340737177998619e+00 -1.125085645194582595e-01 -1.336898364732105014e-02 -9.913958087214232162e-02
6.590452095257572473e+00 -1.123414327588670297e-01 -1.335304904085606210e-02 -9.898838371801803315e-02
6.591563453337145440e+00 -1.121708280290489024e-01 -1.333497316827614125e-02 -9.883585486077532678e-02
6.592674811416718406e+00 -1.119994256557759887e-01 -1.331476767707098600e-02 -9.868465797870808187e-02
6.593786169496292260e+00 -1.118303041763815536e-01 -1.329323064900673514e-02 -9.853707352737822722e-02
6.594897527575865226e+00 -1.116658256950815997e-01 -1.327165568711573089e-02 -9.839417000797165413e-02
6.596008885655438192e+00 -1.115067780121594271e-01 -1.325136109563956194e-02 -9.825541691651984433e-02
6.597120243735012046e+00 -1.113520899896169591e-01 -1.323321050674289984e-02 -9.811887948288088024e-02
6.598231601814585012e+00 -1.111992228923248116e-01 -1.321729926135568542e-02 -9.798192363097173174e-02
6.599342959894157978e+00 -1.110450946328103150e-01 -1.320292042304173352e-02 -9.784217420977713020e-02
6.600454317973730944e+00 -1.108872003456160965e-01 -1.318882252509706067e-02 -9.769837782052563646e-02
6.601565676053304799e+00 -1.107245217769370627e-01 -1.317366506577861973e-02 -9.755085671115716617e-02
6.602677034132877765e+00 -1.105578952330102532e-01 -1.315650595215761554e-02 -9.740138928085810555e-02
6.603788392212450731e+00 -1.103897050269513624e-01 -1.313714363019684479e-02 -9.725256139675793332e-02
6.604899750292024585e+00 -1.102230146741227379e-01 -1.311618963852842316e-02 -9.710682503559830980e-02
6.606011108371597551e+00 -1.100604523002144258e-01 -1.309484545692462046e-02 -9.696560684329125213e-02
6.607122466451170517e+00 -1.099032556687103424e-01 -1.307446506351829345e-02 -9.682879060519263004e-02
6.608233824530744371e+00 -1.097508237222229593e-01 -1.305606245581135416e-02 -9.669476126641865510e-02
6.609345182610317337e+00 -1.096009370132280530e-01 -1.303994325387351078e-02 -9.656099375936272322e-02
6.610456540689890303e+00 -1.094505660885442266e-01 -1.302559422050286048e-02 -9.642497186803886122e-02
6.611567898769464158e+00 -1.092969732979864744e-01 -1.301187062867195827e-02 -9.628510266931993022e-02
6.612679256849037124e+00 -1.091387072087396382e-01 -1.299741307005262275e-02 -9.614129413868992280e-02
6.613790614928610090e+00 -1.089761283278412318e-01 -1.298114193490381742e-02 -9.599498639294155866e-02
6.614901973008183056e+00 -1.088112756245380869e-01 -1.296264969261755329e-02 -9.584862593192303160e-02
6.616013331087756910e+00 -1.086471231638059254e-01 -1.294234842898820716e-02 -9.570477473482086328e-02
6.617124689167329876e+00 -1.084864977710058020e-01 -1.292131922000106826e-02 -9.556517855100714331e-02
6.618236047246902842e+00 -1.083310515198162571e-01 -1.290091838693707520e-02 -9.543013313288577215e-02
6.619347405326476697e+00 -1.081806624334485378e-01 -1.288228402867363370e-02 -9.529837840477617394e-02
6.620458763406049663e+00 -1.080334807021389315e-01 -1.286592235584732222e-02 -9.516755834629497812e-02
6.621570121485622629e+00 -1.078866028412029665e-01 -1.285152417027794064e-02 -9.503507867092322869e-02
6.622681479565196483e+00 -1.077371280076791366e-01 -1.283807801106829488e-02 -9.489904999661306906e-02
6.623792837644769449e+00 -1.075832120904275241e-01 -1.282423855551654071e-02 -9.475897353491506692e-02
6.624904195724342415e+00 -1.074247364597255422e-01 -1.280881608591774232e-02 -9.461592037381412468e-02
6.626015553803916269e+00 -1.072633487755457193e-01 -1.279120893336576151e-02 -9.447213984218534588e-02
6.627126911883489235e+00 -1.071018617710208648e-01 -1.277162170551522473e-02 -9.433024006550806695e-02
6.628238269963062201e+00 -1.069432292904157616e-01 -1.275099013969962884e-02 -9.419223915071898989e-02
6.629349628042635167e+00 -1.067894722473440305e-01 -1.273064016975977014e-02 -9.405883207758911069e-02
6.630460986122209022e+00 -1.066409449262385317e-01 -1.271180541409777306e-02 -9.392913951214072743e-02
6.631572344201781988e+00 -1.064962078875681950e-01 -1.269517866107742685e-02 -9.380102922649034836e-02
6.632683702281354954e+00 -1.063525529520396445e-01 -1.268066040845261533e-02 -9.367189254359023498e-02
6.633795060360928808e+00 -1.062069886903205668e-01 -1.266739571606112676e-02 -9.353959297426185648e-02
6.634906418440501774e+00 -1.060573277034446843e-01 -1.265408571478361492e-02 -9.340324198866548078e-02
6.636017776520074740e+00 -1.059029804138884173e-01 -1.263946025912658470e-02 -9.326352015476335744e-02
6.637129134599648594e+00 -1.057451672227213563e-01 -1.262273971828675213e-02 -9.312242750443823491e-02
6.638240492679221560e+00 -1.055864726208866206e-01 -1.260391800361779745e-02 -9.298255461727251980e-02
6.639351850758794527e+00 -1.054299040903727003e-01 -1.258376407973628083e-02 -9.284614001064366018e-02
6.640463208838368381e+00 -1.052777984117808652e-01 -1.256354165999465367e-02 -9.271425675179068016e-02
6.641574566917941347e+00 -1.051309730372177037e-01 -1.254454925623067069e-02 -9.258642378099091186e-02
6.642685924997514313e+00 -1.049884306432465331e-01 -1.252764798207182777e-02 -9.246078266117811750e-02
6.643797283077087279e+00 -1.048477235613041042e-01 -1.251294881186365039e-02 -9.233477474944301600e-02
6.644908641156661133e+00 -1.047058448347169546e-01 -1.249977286561036391e-02 -9.220607196910507453e-02
6.646019999236234099e+00 -1.045603214220460486e-01 -1.248689891634273408e-02 -9.207342250570549336e-02
6.647131357315807065e+00 -1.044101120004055083e-01 -1.247300787009316542e-02 -9.193710413031484785e-02
6.648242715395380920e+00 -1.042559833242176354e-01 -1.245716243112990861e-02 -9.179882089308770421e-02
6.649354073474953886e+00 -1.041002290097506749e-01 -1.243914751815186105e-02 -9.166108149159932217e-02
6.650465431554526852e+00 -1.039458337674790955e-01 -1.241954778494791002e-02 -9.152628598253363668e-02
6.651576789634100706e+00 -1.037953875236326262e-01 -1.239953429865229238e-02 -9.139585322498308684e-02
6.652688147713673672e+00 -1.036501443936983097e-01 -1.238043820253889593e-02 -9.126970619116425709e-02
6.653799505793246638e+00 -1.035095683373922354e-01 -1.236326657016213054e-02 -9.114630176723209631e-02
6.654910863872820492e+00 -1.033715300176778207e-01 -1.234833653437635709e-02 -9.102319348330752125e-02
6.656022221952393458e+00 -1.032330825051783196e-01 -1.233516060918578988e-02 -9.089792189599336936e-02
6.657133580031966424e+00 -1.030915331754226755e-01 -1.232262466792065705e-02 -9.076890850750164719e-02
6.658244938111539390e+00 -1.029454218425768230e-01 -1.230939359452941188e-02 -9.063602824805415403e-02
6.659356296191113245e+00 -1.027950497329763596e-01 -1.229439690405601665e-02 -9.050065282892329199e-02
6.660467654270686211e+00 -1.026423675866476731e-01 -1.227721768814633678e-02 -9.036514989849807333e-02
6.661579012350259177e+00 -1.024902643449017159e-01 -1.225824355615093286e-02 -9.023202078875124099e-02
6.662690370429833031e+00 -1.023415156935013615e-01 -1.223852491125025817e-02 -9.010299078225475489e-02
6.663801728509405997e+00 -1.021977750484927977e-01 -1.221939236532831700e-02 -8.997838268316835086e-02
6.664913086588978963e+00 -1.020589736814864618e-01 -1.220197262629873700e-02 -8.985700105519033032e-02
6.666024444668552817e+00 -1.019233475289594293e-01 -1.218677897861171477e-02 -8.973656855034732593e-02
6.667135802748125784e+00 -1.017880801899300330e-01 -1.217352519293974505e-02 -8.961455499699183536e-02
6.668247160827698750e+00 -1.016503276618393875e-01 -1.216123032307305472e-02 -8.948909733877134787e-02
6.669358518907272604e+00 -1.015082518957651364e-01 -1.214857601717021264e-02 -8.935967587859287853e-02
6.670469876986845570e+00 -1.013616874893786129e-01 -1.213438618855264620e-02 -8.922730130082479061e-02
6.671581235066418536e+00 -1.012121996257352163e-01 -1.211805451894168092e-02 -8.909414510679200538e-02
6.672692593145991502e+00 -1.010625129154282403e-01 -1.209976439486202399e-02 -8.896274852056786087e-02
6.673803951225565356e+00 -1.009155194803975503e-01 -1.208042149313839908e-02 -8.883509798726310636e-02
6.674915309305138322e+00 -1.007732273030831349e-01 -1.206132378801400007e-02 -8.871190351507293737e-02
6.676026667384711288e+00 -1.006360311523032680e-01 -1.204368920712268684e-02 -8.859234194518712802e-02
6.677138025464285143e+00 -1.005025707023660120e-01 -1.202821281568481476e-02 -8.847435788668282786e-02
6.678249383543858109e+00 -1.003702267290551564e-01 -1.201481451670690162e-02 -8.835541221234839704e-02
6.679360741623431075e+00 -1.002360742896573342e-01 -1.200266883627624202e-02 -8.823340545338526075e-02
6.680472099703004929e+00 -1.000979459132889382e-01 -1.199050571175709796e-02 -8.810744020153365996e-02
6.681583457782577895e+00 -9.995521824944497702e-02 -1.197707267071752325e-02 -8.797814557873158414e-02
6.682694815862150861e+00 -9.980903659016288065e-02 -1.196159020376982157e-02 -8.784744638639559178e-02
6.683806173941723827e+00 -9.966189632225083694e-02 -1.194403475941242278e-02 -8.771786156284143432e-02
6.684917532021297681e+00 -9.951673418909429136e-02 -1.192514661561949393e-02 -8.759158757347507152e-02
6.686028890100870647e+00 -9.937586022083280679e-02 -1.190616001141868961e-02 -8.746970020941584323e-02
6.687140248180443614e+00 -9.924011870922389011e-02 -1.188835391245297510e-02 -8.735176479677325689e-02
6.688251606260017468e+00 -9.910858289742685567e-02 -1.187258691469109638e-02 -8.723599598273998335e-02
6.689362964339590434e+00 -9.897889371243376311e-02 -1.185898541163212319e-02 -8.711990830080616754e-02
6.690474322419163400e+00 -9.884811865958510746e-02 -1.184689827139353245e-02 -8.700122038819627091e-02
6.691585680498737254e+00 -9.871381809117654726e-02 -1.183513426418510324e-02 -8.687868382699323599e-02
6.692697038578310220e+00 -9.857493106307814446e-02 -1.182239565726986297e-02 -8.675253540581466527e-02
6.693808396657883186e+00 -9.843215902778335025e-02 -1.180775014487661645e-02 -8.662440888291221552e-02
6.694919754737457041e+00 -9.828770850875591381e-02 -1.179096948378469296e-02 -8.649673902497558020e-02
6.696031112817030007e+00 -9.814448705017292385e-02 -1.177261182567944202e-02 -8.637187522449359112e-02
6.697142470896602973e+00 -9.800504533463375023e-02 -1.175381804077266223e-02 -8.625122729386641707e-02
6.698253828976175939e+00 -9.787065027174660092e-02 -1.173589634742038500e-02 -8.613475392432835831e-02
6.699365187055749793e+00 -9.774082580020951316e-02 -1.171984646804555621e-02 -8.602097933216414083e-02
6.700476545135322759e+00 -9.761352775174109153e-02 -1.170599638392339284e-02 -8.590753136782253163e-02
6.701587903214895725e+00 -9.748588847054667772e-02 -1.169388366434880207e-02 -8.579200480620081948e-02
6.702699261294469579e+00 -9.735525987290276351e-02 -1.168242429869419639e-02 -8.567283557421027929e-02
6.703810619374042545e+00 -9.722017547929820425e-02 -1.167030738448781961e-02 -8.554986809481453236e-02
6.704921977453615511e+00 -9.708088184854925251e-02 -1.165647195819290161e-02 -8.542440989035499088e-02
6.706033335533189366e+00 -9.693924675964772641e-02 -1.164049251746381540e-02 -8.529875424218497093e-02
6.707144693612762332e+00 -9.679807824437974828e-02 -1.162273314036458248e-02 -8.517534510401540693e-02
6.708256051692335298e+00 -9.666010266337682344e-02 -1.160421437143858633e-02 -8.505588829193691525e-02
6.709367409771909152e+00 -9.652697365627745107e-02 -1.158624153458750507e-02 -8.494073212169211962e-02
6.710478767851482118e+00 -9.639867213631622689e-02 -1.156992983416789758e-02 -8.482874230215116385e-02
6.711590125931055084e+00 -9.627351495125965886e-02 -1.155579901232281839e-02 -8.471771593894145136e-02
6.712701484010628050e+00 -9.614876834940966344e-02 -1.154358488387006824e-02 -8.460518346554354863e-02
6.713812842090201904e+00 -9.602164257602885389e-02 -1.153233608013376835e-02 -8.448930649589879438e-02
6.714924200169774871e+00 -9.589030565783109028e-02 -1.152076056819183007e-02 -8.436954508964111810e-02
6.716035558249347837e+00 -9.575454788794345029e-02 -1.150769572503349339e-02 -8.424685216291170897e-02
6.717146916328921691e+00 -9.561585590903204368e-02 -1.149253093426527705e-02 -8.412332497476934789e-02
6.718258274408494657e+00 -9.547687016352901512e-02 -1.147542909028584704e-02 -8.400144107324677978e-02
6.719369632488067623e+00 -9.534042362985165053e-02 -1.145726665088086203e-02 -8.388315697897467949e-02
6.720480990567641477e+00 -9.520851171722134743e-02 -1.143931428853038612e-02 -8.376919742869461116e-02
6.721592348647214443e+00 -9.508156780053735047e-02 -1.142277449051732653e-02 -8.365879331002361308e-02
6.722703706726787409e+00 -9.495830734908387860e-02 -1.140834436724701834e-02 -8.354996298183584025e-02
6.723815064806361264e+00 -9.483619663251838250e-02 -1.139596261119550820e-02 -8.344023402132497158e-02
6.724926422885934230e+00 -9.471237491172852796e-02 -1.138483244829704456e-02 -8.332754246343600235e-02
6.726037780965507196e+00 -9.458469439886381391e-02 -1.137371198869147754e-02 -8.321098241017382824e-02
6.727149139045080162e+00 -9.445249985994380593e-02 -1.136136616395538174e-02 -8.309113369599351040e-02
6.728260497124654016e+00 -9.431686480706068243e-02 -1.134701577897780436e-02 -8.296984902808751672e-02
6.729371855204226982e+00 -9.418019906885026493e-02 -1.133062040340840522e-02 -8.284957866544526150e-02
6.730483213283799948e+00 -9.404537110937823130e-02 -1.131289239051415374e-02 -8.273247871887098870e-02
6.731594571363373802e+00 -9.391466467015012476e-02 -1.129503716682180720e-02 -8.261962750332693672e-02
6.732705929442946768e+00 -9.378894915513809327e-02 -1.127831446956519858e-02 -8.251063468557683078e-02
6.733817287522519734e+00 -9.366736504802766761e-02 -1.126358022849295766e-02 -8.240378481954073464e-02
6.734928645602093589e+00 -9.354763810375828215e-02 -1.125097568348102685e-02 -8.229666242028227385e-02
6.736040003681666555e+00 -9.342690738647257964e-02 -1.123987664497359124e-02 -8.218703074150034149e-02
6.737151361761239521e+00 -9.330276559349487409e-02 -1.122912111389240929e-02 -8.207364447960532883e-02
6.738262719840813375e+00 -9.317413329732134042e-02 -1.121743224890112134e-02 -8.195670104842306403e-02
6.739374077920386341e+00 -9.304164954005489374e-02 -1.120388271368153409e-02 -8.183776682637683431e-02
6.740485435999959307e+00 -9.290743737356359222e-02 -1.118823152867184055e-02 -8.171920584489027195e-02
6.741596794079532273e+00 -9.277433028572314166e-02 -1.117101106034069230e-02 -8.160331922538231753e-02
6.742708152159106127e+00 -9.264484130408236207e-02 -1.115333274159099712e-02 -8.149150856249524899e-02
6.743819510238679094e+00 -9.252024976783036758e-02 -1.113648241526434858e-02 -8.138376735257027428e-02
6.744930868318252060e+00 -9.240013755668768924e-02 -1.112145262319819833e-02 -8.127868493349033052e-02
6.746042226397825914e+00 -9.228254282054181024e-02 -1.110858195869478260e-02 -8.117396086185299509e-02
6.747153584477398880e+00 -9.216467461940792971e-02 -1.109743251928527359e-02 -8.106724210012265786e-02
6.748264942556971846e+00 -9.204392807782835195e-02 -1.108694980543957660e-02 -8.095697827239232980e-02
6.749376300636545700e+00 -9.191883073645379376e-02 -1.107584667287439366e-02 -8.084298406358170208e-02
6.750487658716118666e+00 -9.178957621408680156e-02 -1.106307153105416836e-02 -8.072650468303721460e-02
6.751599016795691632e+00 -9.165795169517591823e-02 -1.104819047356852407e-02 -8.060976122161003787e-02
6.752710374875265487e+00 -9.152668629919044618e-02 -1.103154447254861038e-02 -8.049514182664788131e-02
6.753821732954838453e+00 -9.139845784884524649e-02 -1.101412468145284741e-02 -8.038433316738929912e-02
6.754933091034411419e+00 -9.127491943699839183e-02 -1.099721143873223783e-02 -8.027770799826774994e-02
6.756044449113984385e+00 -9.115609957773081196e-02 -1.098190844389989457e-02 -8.017419113383444929e-02
6.757155807193558239e+00 -9.104039353233681076e-02 -1.096874157663703039e-02 -8.007165195570201122e-02
6.758267165273131205e+00 -9.092514827852675452e-02 -1.095746817408996265e-02 -7.996768010443666697e-02
6.759378523352704171e+00 -9.080762781808610073e-02 -1.094716592794759032e-02 -7.986046189014080199e-02
6.760489881432278025e+00 -9.068600752702006551e-02 -1.093656882981724511e-02 -7.974943869720475809e-02
6.761601239511850991e+00 -9.056003609995336157e-02 -1.092452779373072509e-02 -7.963550830622351251e-02
6.762712597591423958e+00 -9.043112487895796359e-02 -1.091042835944715933e-02 -7.952069651951129692e-02
6.763823955670997812e+00 -9.030183275947475940e-02 -1.089441363383792348e-02 -7.940741912563818727e-02
6.764935313750570778e+00 -9.017493459052872140e-02 -1.087733157863394334e-02 -7.929760301189485439e-02
6.766046671830143744e+00 -9.005241215618176032e-02 -1.086042605290792051e-02 -7.919198610327851662e-02
6.767158029909716710e+00 -8.993473457318613973e-02 -1.084488417418806756e-02 -7.908985039899811553e-02
6.768269387989290564e+00 -8.982068932340341039e-02 -1.083140470580916219e-02 -7.898928461759821551e-02
6.769380746068863530e+00 -8.970782470144626763e-02 -1.081994438810597592e-02 -7.888788031334152684e-02
6.770492104148436496e+00 -8.959334215866454620e-02 -1.080973429193628037e-02 -7.878360786672949923e-02
6.771603462228010351e+00 -8.947511368725716285e-02 -1.079956001156403937e-02 -7.867555367569011027e-02
6.772714820307583317e+00 -8.935245431525559723e-02 -1.078820358659325282e-02 -7.856425072866415893e-02
6.773826178387156283e+00 -8.922636921754585615e-02 -1.077488632867684877e-02 -7.845148288887161814e-02
6.774937536466730137e+00 -8.909918622987028636e-02 -1.075955154098136822e-02 -7.833963468889096338e-02
6.776048894546303103e+00 -8.897370804328863514e-02 -1.074288447589914763e-02 -7.823082356739541332e-02
6.777160252625876069e+00 -8.885219278225331418e-02 -1.072606250707157372e-02 -7.812613027518221231e-02
6.778271610705449923e+00 -8.873553368999785584e-02 -1.071032659101065973e-02 -7.802520709898654039e-02
6.779382968785022889e+00 -8.862293585179466249e-02 -1.069652999213795662e-02 -7.792640585965589228e-02
6.780494326864595855e+00 -8.851220688549243931e-02 -1.068482837294530523e-02 -7.782737851255205896e-02
6.781605684944168821e+00 -8.840055523479710409e-02 -1.067462380516617272e-02 -7.772593142963603319e-02
6.782717043023742676e+00 -8.828560532746046463e-02 -1.066478283277534286e-02 -7.762082249468614525e-02
6.783828401103315642e+00 -8.816626036801690491e-02 -1.065404905475886635e-02 -7.751221131325769509e-02
6.784939759182888608e+00 -8.804309933950105194e-02 -1.064150003976597689e-02 -7.740159929973512709e-02
6.786051117262462462e+00 -8.791816444989070112e-02 -1.062688239959757447e-02 -7.729128205029456300e-02
6.787162475342035428e+00 -8.779421697873654451e-02 -1.061070329820361716e-02 -7.718351368053691375e-02
6.788273833421608394e+00 -8.767373261278743612e-02 -1.059404534154656692e-02 -7.707968727124146768e-02
6.789385191501182248e+00 -8.755800173719735513e-02 -1.057817240191201956e-02 -7.697982933528793592e-02
6.790496549580755214e+00 -8.744666158305439141e-02 -1.056406988634422603e-02 -7.688259169670816351e-02
6.791607907660328181e+00 -8.733782979093762666e-02 -1.055208666748945652e-02 -7.678574312345014252e-02
6.792719265739902035e+00 -8.722879015762398380e-02 -1.054180878092947707e-02 -7.668698137669800741e-02
6.793830623819475001e+00 -8.711698068557117980e-02 -1.053221060707320786e-02 -7.658477007850293672e-02
6.794941981899047967e+00 -8.700092446004294156e-02 -1.052202832029994727e-02 -7.647889613974780121e-02
6.796053339978620933e+00 -8.688076506851787062e-02 -1.051021962031154292e-02 -7.637054544820964797e-02
6.797164698058194787e+00 -8.675821239886327696e-02 -1.049634250866983247e-02 -7.626186989019125007e-02
6.798276056137767753e+00 -8.663591918719339147e-02 -1.048071545730054795e-02 -7.615520372989631470e-02
6.799387414217340719e+00 -8.651651556816958299e-02 -1.046430092426630515e-02 -7.605221464390814201e-02
6.800498772296914574e+00 -8.640165293240380240e-02 -1.044835481539150950e-02 -7.595329811701660716e-02
6.801610130376487540e+00 -8.629140461358199288e-02 -1.043396955574566083e-02 -7.585743505783877627e-02
6.802721488456060506e+00 -8.618424083652442835e-02 -1.042167700567088982e-02 -7.576256383085690216e-02
6.803832846535634360e+00 -8.607758638319329414e-02 -1.041125554991695693e-02 -7.566633083327999054e-02
6.804944204615207326e+00 -8.596875762214448158e-02 -1.040181132279545395e-02 -7.556694629934890273e-02
6.806055562694780292e+00 -8.585593788764711576e-02 -1.039210379401043181e-02 -7.546383409363788264e-02
6.807166920774354146e+00 -8.573883664195783294e-02 -1.038099711583481514e-02 -7.535783952612586101e-02
6.808278278853927112e+00 -8.561879319149938439e-02 -1.036787300990667238e-02 -7.525092018159525165e-02
6.809389636933500078e+00 -8.549828788414945424e-02 -1.035285510069651992e-02 -7.514543278345511834e-02
6.810500995013073045e+00 -8.538003912514584293e-02 -1.033676329400556697e-02 -7.504327583114456246e-02
6.811612353092646899e+00 -8.526601488604179657e-02 -1.032081502621494049e-02 -7.494519985983062738e-02
6.812723711172219865e+00 -8.515671809243736956e-02 -1.030618223404581972e-02 -7.485053585839253343e-02
6.813835069251792831e+00 -8.505100532046543094e-02 -1.029356525850883171e-02 -7.475744006195993163e-02
6.814946427331366685e+00 -8.494650409846050965e-02 -1.028293859778997739e-02 -7.466356550066917397e-02
6.816057785410939651e+00 -8.484047645786466085e-02 -1.027356080234713247e-02 -7.456691565551874790e-02
6.817169143490512617e+00 -8.473081435379296866e-02 -1.026424468203279705e-02 -7.446656967176010222e-02
6.818280501570086471e+00 -8.461680499863902249e-02 -1.025378934805411257e-02 -7.436301565059016960e-02
6.819391859649659438e+00 -8.449938819044477967e-02 -1.024141685612023518e-02 -7.425797133432343600e-02
6.820503217729232404e+00 -8.438081268125573187e-02 -1.022705468240747533e-02 -7.415375799885115526e-02
6.821614575808806258e+00 -8.426381716444313053e-02 -1.021136145878928474e-02 -7.405245570565524571e-02
6.822725933888379224e+00 -8.415063410871298499e-02 -1.019548683558725750e-02 -7.395514727312084424e-02
6.823837291967952190e+00 -8.404217871891801750e-02 -1.018065301958722552e-02 -7.386152569933228385e-02
6.824948650047525156e+00 -8.393771760721319142e-02 -1.016771029719440098e-02 -7.377000731001705225e-02
6.826060008127099010e+00 -8.383513706150252931e-02 -1.015682817809401318e-02 -7.367830888340867745e-02
6.827171366206671976e+00 -8.373171272745244531e-02 -1.014743434085699225e-02 -7.358427838659632736e-02
6.828282724286244942e+00 -8.362510037727792500e-02 -1.013842336275459083e-02 -7.348667701452120393e-02
6.829394082365818797e+00 -8.351418739667101909e-02 -1.012855910296130667e-02 -7.338562829371025886e-02
6.830505440445391763e+00 -8.339949565147873611e-02 -1.011692426272738088e-02 -7.328257138875365895e-02
6.831616798524964729e+00 -8.328298980630750858e-02 -1.010325362107049318e-02 -7.317973618523919421e-02
6.832728156604538583e+00 -8.316736143524865177e-02 -1.008802988358552949e-02 -7.307933155166805583e-02
6.833839514684111549e+00 -8.305504972094070182e-02 -1.007230750180300796e-02 -7.298274221913664261e-02
6.834950872763684515e+00 -8.294735499203934048e-02 -1.005732876079970875e-02 -7.289002623124693492e-02
6.836062230843258369e+00 -8.284396720040658468e-02 -1.004407190706613391e-02 -7.279989529333837084e-02
6.837173588922831335e+00 -8.274308026142951356e-02 -1.003289567633665162e-02 -7.271018458508997362e-02
6.838284947002404301e+00 -8.264205003964004981e-02 -1.002340938567401404e-02 -7.261864065396689272e-02
6.839396305081977268e+00 -8.253835620915986326e-02 -1.001461562617835324e-02 -7.252374058298581561e-02
6.840507663161551122e+00 -8.243051803392671684e-02 -1.000527343410315823e-02 -7.242524459982632723e-02
6.841619021241124088e+00 -8.231863125729022013e-02 -9.994349698684139652e-03 -7.232428155860627650e-02
6.842730379320697054e+00 -8.220433137818770886e-02 -9.981394598663812304e-03 -7.222293677952659752e-02
6.843841737400270908e+00 -8.209019730408619042e-02 -9.966704626563481495e-03 -7.212349267752736492e-02
6.844953095479843874e+00 -8.197881276680318852e-02 -9.951214112625322156e-03 -7.202759865417854290e-02
6.846064453559416840e+00 -8.187182703519893523e-02 -9.936154928796231758e-03 -7.193567210640512688e-02
6.847175811638990695e+00 -8.176935633516145552e-02 -9.922608307569085948e-03 -7.184674802759385970e-02
6.848287169718563661e+00 -8.166994316312430058e-02 -9.911111827748972022e-03 -7.175883133537627745e-02
6.849398527798136627e+00 -8.157108765854800825e-02 -9.901464417426725576e-03 -7.166962324112252647e-02
6.850509885877709593e+00 -8.147015725111257656e-02 -9.892800099583832704e-03 -7.157735715152650779e-02
6.851621243957283447e+00 -8.136534352647063761e-02 -9.883903429954892308e-03 -7.148144009651866138e-02
6.852732602036856413e+00 -8.125631845744664405e-02 -9.873651721322653299e-03 -7.138266673613111180e-02
6.853843960116429379e+00 -8.114435181340784453e-02 -9.861423150991069711e-03 -7.128292866242069703e-02
6.854955318196003233e+00 -8.103184767600590810e-02 -9.847322394537214030e-03 -7.118452528146634872e-02
6.856066676275576199e+00 -8.092146917733984701e-02 -9.832141907049308030e-03 -7.108932727029508569e-02
6.857178034355149165e+00 -8.081517006036341433e-02 -9.817073163191211357e-03 -7.099809689717322125e-02
6.858289392434723020e+00 -8.071348517312863791e-02 -9.803273069510535717e-03 -7.091021210361674043e-02
6.859400750514295986e+00 -8.061533749765396883e-02 -9.791443328642384508e-03 -7.082389416901155310e-02
6.860512108593868952e+00 -8.051843127673144473e-02 -9.781575686987000959e-03 -7.073685558974847354e-02
6.861623466673442806e+00 -8.042008769162901916e-02 -9.772955547480659602e-03 -7.064713214414831965e-02
6.862734824753015772e+00 -8.031821884201922890e-02 -9.764422406259267578e-03 -7.055379643575991622e-02
6.863846182832588738e+00 -8.021208585254155365e-02 -9.754792192410278659e-03 -7.045729366012745687e-02
6.864957540912161704e+00 -8.010256578770466596e-02 -9.743287805525436066e-03 -7.035927798218101492e-02
6.866068898991735558e+00 -7.999183090331050960e-02 -9.729821300052454713e-03 -7.026200960326052514e-02
6.867180257071308525e+00 -7.988255747555157715e-02 -9.715025244326089271e-03 -7.016753223122727812e-02
6.868291615150881491e+00 -7.977695230598549903e-02 -9.700022071936920814e-03 -7.007693023404798494e-02
6.869402973230455345e+00 -7.967595095477107703e-02 -9.686015519158135828e-03 -6.998993543561456143e-02
6.870514331310028311e+00 -7.957887893858346662e-02 -9.673852857519432344e-03 -6.990502608106302640e-02
6.871625689389601277e+00 -7.948369852905461108e-02 -9.663717119472801931e-03 -6.981998140958142751e-02
6.872737047469175131e+00 -7.938775079447066285e-02 -9.655061109936175986e-03 -6.973268968453689987e-02
6.873848405548748097e+00 -7.928872261659380971e-02 -9.646806985535537685e-03 -6.964191563106010563e-02
6.874959763628321063e+00 -7.918548693805571581e-02 -9.637738602416326752e-03 -6.954774833564258962e-02
6.876071121707894918e+00 -7.907851096444078187e-02 -9.626943806879690452e-03 -6.945156715755886057e-02
6.877182479787467884e+00 -7.896968442558777168e-02 -9.614145809249449726e-03 -6.935553861633954320e-02
6.878293837867040850e+00 -7.886163095979455140e-02 -9.599803251256033843e-03 -6.926182770854297233e-02
6.879405195946613816e+00 -7.875675349640400003e-02 -9.584942785867817810e-03 -6.917181071053671304e-02
6.880516554026187670e+00 -7.865636091861706591e-02 -9.570785277594019008e-03 -6.908557564102515980e-02
6.881627912105760636e+00 -7.856019336431679934e-02 -9.558301717273377796e-03 -6.900189164704581546e-02
6.882739270185333602e+00 -7.846651827052703032e-02 -9.547860381090627832e-03 -6.891865788944018245e-02
6.883850628264907456e+00 -7.837276162500875221e-02 -9.539093445887519840e-03 -6.883366817911960867e-02
6.884961986344480422e+00 -7.827644438171041386e-02 -9.531031365829138388e-03 -6.874541301588153741e-02
6.886073344424053388e+00 -7.817608333175367352e-02 -9.522455915842111332e-03 -6.865362741591408968e-02
6.887184702503627243e+00 -7.807172901191139491e-02 -9.512343343050254363e-03 -6.855938566886399244e-02
6.888296060583200209e+00 -7.796494552401118938e-02 -9.500236417447256027e-03 -6.846470910656207720e-02
6.889407418662773175e+00 -7.785824021096991732e-02 -9.486410166816304501e-03 -6.837183004415371690e-02
6.890518776742347029e+00 -7.775415109468748753e-02 -9.471771215748939904e-03 -6.828237987893799599e-02
6.891630134821919995e+00 -7.765432415376460895e-02 -9.457527563216508448e-03 -6.819679659055272181e-02
6.892741492901492961e+00 -7.755891584916738135e-02 -9.444749069319991266e-03 -6.811416677984884205e-02
6.893852850981065927e+00 -7.746653771843965697e-02 -9.433978554661661201e-03 -6.803255916377852486e-02
6.894964209060639782e+00 -7.737476258736251944e-02 -9.425034872984652118e-03 -6.794972771438002879e-02
6.896075567140212748e+00 -7.728100779005041276e-02 -9.417079392452461228e-03 -6.786392839760194140e-02
6.897186925219785714e+00 -7.718347395078005435e-02 -9.408921482668704261e-03 -6.777455246810865086e-02
6.898298283299359568e+00 -7.708179803622473847e-02 -9.399451723276115722e-03 -6.768234631295008685e-02
6.899409641378932534e+00 -7.697718361539872267e-02 -9.388045207247876223e-03 -6.758913840814577412e-02
6.900520999458505500e+00 -7.687196154953847282e-02 -9.374788323509486779e-03 -6.749717322602979963e-02
6.901632357538079354e+00 -7.676874141192627232e-02 -9.360446714048174452e-03 -6.740829469787779082e-02
6.902743715617652320e+00 -7.666946252571790743e-02 -9.346186282069846030e-03 -6.732327624365121166e-02
6.903855073697225286e+00 -7.657468966013505907e-02 -9.333148907948153605e-03 -6.724154075218258253e-02
6.904966431776799141e+00 -7.648340911653592200e-02 -9.322037269480961882e-03 -6.716137184705768537e-02
6.906077789856372107e+00 -7.639339877932649348e-02 -9.312859718057118694e-03 -6.708053906127074695e-02
6.907189147935945073e+00 -7.630203699804428974e-02 -9.304927834478626120e-03 -6.699710916356693691e-02
6.908300506015518039e+00 -7.620725580927688314e-02 -9.297107332904999341e-03 -6.691014847637738461e-02
6.909411864095091893e+00 -7.610829186189030371e-02 -9.288230863388445557e-03 -6.682006099850160141e-02
6.910523222174664859e+00 -7.600596232006007202e-02 -9.277522476577031163e-03 -6.672843984348370006e-02
6.911634580254237825e+00 -7.590236597631871973e-02 -9.264879404825331413e-03 -6.663748657149103083e-02
6.912745938333811679e+00 -7.580011884096211905e-02 -9.250908827770184389e-03 -6.654921001319268059e-02
6.913857296413384645e+00 -7.570140256633689502e-02 -9.236706467680254676e-03 -6.646469609865893191e-02
6.914968654492957612e+00 -7.560717178941077365e-02 -9.223457741864836065e-03 -6.638371404754607463e-02
6.916080012572531466e+00 -7.551680833768972811e-02 -9.212006648068241446e-03 -6.630480168962697707e-02
6.917191370652104432e+00 -7.542834750146255873e-02 -9.202549164687342728e-03 -6.622579833677250116e-02
6.918302728731677398e+00 -7.533919350398551873e-02 -9.194562538208474189e-03 -6.614463096578084012e-02
6.919414086811251252e+00 -7.524706357629117048e-02 -9.186995964557853611e-03 -6.606006761173474628e-02
6.920525444890824218e+00 -7.515081723451028095e-02 -9.178653106334309572e-03 -6.597216412817771825e-02
6.921636802970397184e+00 -7.505086945590952463e-02 -9.168627196103446356e-03 -6.588224225980890414e-02
6.922748161049970150e+00 -7.494903802599175990e-02 -9.156630476687415907e-03 -6.579240754930767987e-02
6.923859519129544005e+00 -7.484788115784686557e-02 -9.143098284976164739e-03 -6.570478287287369323e-02
6.924970877209116971e+00 -7.474976670174464377e-02 -9.129030129313453826e-03 -6.562073657242925573e-02
6.926082235288689937e+00 -7.465601156275718242e-02 -9.115625771837750427e-03 -6.554038579092233419e-02
6.927193593368263791e+00 -7.456640405510259195e-02 -9.103848813015194552e-03 -6.546255524208556553e-02
6.928304951447836757e+00 -7.447928239103535075e-02 -9.094076520989299861e-03 -6.538520587004867379e-02
6.929416309527409723e+00 -7.439214016864260925e-02 -9.085963152515785443e-03 -6.530617701612559389e-02
6.930527667606983577e+00 -7.430253820015640664e-02 -9.078566276936280918e-03 -6.522397192322192117e-02
6.931639025686556543e+00 -7.420899091210157728e-02 -9.070689944292668200e-03 -6.513830096780619250e-02
6.932750383766129509e+00 -7.411150515330859612e-02 -9.061319734603306975e-03 -6.505018541870810633e-02
6.933861741845702475e+00 -7.401157594301140119e-02 -9.049991426081519311e-03 -6.496158451693231917e-02
6.934973099925276330e+00 -7.391164129468931476e-02 -9.036959292786514442e-03 -6.487468200190385503e-02
6.936084458004849296e+00 -7.381419487004914348e-02 -9.023103013089782062e-03 -6.479109185695891560e-02
6.937195816084422262e+00 -7.372087937278680447e-02 -9.009607263399119562e-03 -6.471127210938384944e-02
6.938307174163996116e+00 -7.363189024268970706e-02 -8.997530693415276698e-03 -6.463435954927801430e-02
6.939418532243569082e+00 -7.354590606207760117e-02 -8.987421098461859104e-03 -6.455848496361622779e-02
6.940529890323142048e+00 -7.346057040001566230e-02 -8.979116671618589396e-03 -6.448145372839908518e-02
6.941641248402715902e+00 -7.337334935131867297e-02 -8.971805438704395091e-03 -6.440154391261637690e-02
6.942752606482288869e+00 -7.328245265883340243e-02 -8.964321042163866937e-03 -6.431813161666895262e-02
6.943863964561861835e+00 -7.318748353246651295e-02 -8.955567122644055716e-03 -6.423191640982377215e-02
6.944975322641435689e+00 -7.308958125709966169e-02 -8.944915882697824019e-03 -6.414466537440265126e-02
6.946086680721008655e+00 -7.299100530135295417e-02 -8.932435937787263497e-03 -6.405856936356624232e-02
6.947198038800581621e+00 -7.289431270025815979e-02 -8.918866756020505868e-03 -6.397544594423883180e-02
6.948309396880154587e+00 -7.280142816393470051e-02 -8.905349199313730355e-03 -6.389607896462323744e-02
6.949420754959728441e+00 -7.271294503035556633e-02 -8.893010351240336966e-03 -6.381993467911481477e-02
6.950532113039301407e+00 -7.262791090991120579e-02 -8.882553712928432932e-03 -6.374535719698184999e-02
6.951643471118874373e+00 -7.254417541215467391e-02 -8.874003765835863575e-03 -6.367017164631487425e-02
6.952754829198448228e+00 -7.245917295710847805e-02 -8.866697644080422450e-03 -6.359247531302769652e-02
6.953866187278021194e+00 -7.237085565714175550e-02 -8.859526730497065128e-03 -6.351132892664243523e-02
6.954977545357594160e+00 -7.227843701911561280e-02 -8.851340116900200533e-03 -6.342709690221277896e-02
6.956088903437168014e+00 -7.218267634185980552e-02 -8.841363091846346153e-03 -6.334131325001196577e-02
6.957200261516740980e+00 -7.208560093143207004e-02 -8.829478482606355899e-03 -6.325612244882472535e-02
6.958311619596313946e+00 -7.198976770993389951e-02 -8.816268675515605627e-03 -6.317349903441799031e-02
6.959422977675887800e+00 -7.189733311133307547e-02 -8.802803243614217010e-03 -6.309452986771983685e-02
6.960534335755460766e+00 -7.180926955309799298e-02 -8.790249620038246420e-03 -6.301901993305807081e-02
6.961645693835033732e+00 -7.172501312982584865e-02 -8.779448528189008616e-03 -6.294556460163824863e-02
6.962757051914606699e+00 -7.164267012441208338e-02 -8.770608571214314614e-03 -6.287206155320086698e-02
6.963868409994180553e+00 -7.155970667099841032e-02 -8.763230923420791546e-03 -6.279647574757712958e-02
6.964979768073753519e+00 -7.147387036563607188e-02 -8.756291305995835689e-03 -6.271757905963933066e-02
6.966091126153326485e+00 -7.138400857916196718e-02 -8.748612857745134697e-03 -6.263539572141660350e-02
6.967202484232900339e+00 -7.129048613504161691e-02 -8.739294160669092495e-03 -6.255119197437200573e-02
6.968313842312473305e+00 -7.119505095962891383e-02 -8.728036743363724523e-03 -6.246701421626388306e-02
6.969425200392046271e+00 -7.110019713248867668e-02 -8.715253070047886824e-03 -6.238494406244104312e-02
6.970536558471620125e+00 -7.100825739968841255e-02 -8.701915940824528697e-03 -6.230634145886224107e-02
6.971647916551193092e+00 -7.092055530175693512e-02 -8.689204284999033773e-03 -6.223135101675517089e-02
6.972759274630766058e+00 -7.083692504675931367e-02 -8.678074312728458611e-03 -6.215885073402924871e-02
6.973870632710339912e+00 -7.075577325391627093e-02 -8.668912018035263359e-03 -6.208686123588301464e-02
6.974981990789912878e+00 -7.067465954564007558e-02 -8.661393312244613715e-03 -6.201326623339249028e-02
6.976093348869485844e+00 -7.059118439218413366e-02 -8.654602463485405392e-03 -6.193658192869835877e-02
6.977204706949058810e+00 -7.050386115783778551e-02 -8.647365554476290142e-03 -6.185649560336151098e-02
6.978316065028632664e+00 -7.041265538431472348e-02 -8.638677527978132556e-03 -6.177397785633748084e-02
6.979427423108205630e+00 -7.031899564373395028e-02 -8.628067465859291796e-03 -6.169092817787443644e-02
6.980538781187778596e+00 -7.022525258231156198e-02 -8.615769340188858538e-03 -6.160948324212374427e-02
6.981650139267352451e+00 -7.013387608522883565e-02 -8.602636319482555305e-03 -6.153123976574976367e-02
6.982761497346925417e+00 -7.004650456393296531e-02 -8.589830009776840483e-03 -6.145667455415406571e-02
6.983872855426498383e+00 -6.996337016077035231e-02 -8.578397816421423280e-03 -6.138497234434652644e-02
6.984984213506072237e+00 -6.988321576039392691e-02 -8.568892194292793488e-03 -6.131432356610058698e-02
6.986095571585645203e+00 -6.980375342668791727e-02 -8.561170190623877685e-03 -6.124258323606293630e-02
6.987206929665218169e+00 -6.972249705053727709e-02 -8.554446011473927983e-03 -6.116805103906009650e-02
6.988318287744792023e+00 -6.963766614629700313e-02 -8.547577280619247236e-03 -6.109008886568116636e-02
6.989429645824364989e+00 -6.954883219866450639e-02 -8.539480706206950891e-03 -6.100935149245515637e-02
6.990541003903937955e+00 -6.945707288809455093e-02 -8.529525907258948131e-03 -6.092754698083311521e-02
6.991652361983510922e+00 -6.936457865846365478e-02 -8.517764223448522423e-03 -6.084681443501395448e-02
6.992763720063084776e+00 -6.927385521624071507e-02 -8.504909454231161098e-03 -6.076894576201223586e-02
6.993875078142657742e+00 -6.918681227580650295e-02 -8.492077743296888234e-03 -6.069473453250932155e-02
6.994986436222230708e+00 -6.910406990616919931e-02 -8.480381392381958899e-03 -6.062368851378654999e-02
6.996097794301804562e+00 -6.902473438680593876e-02 -8.470524418667168751e-03 -6.055420996813870582e-02
6.997209152381377528e+00 -6.894672455048919679e-02 -8.462546909095048850e-03 -6.048417764139834424e-02
6.998320510460950494e+00 -6.886752940881754603e-02 -8.455810996929274612e-03 -6.041171841188943542e-02
6.999431868540524349e+00 -6.878512121516536237e-02 -8.449233352964701307e-03 -6.033588786220661637e-02
7.000543226620097315e+00 -6.869869191022325017e-02 -8.441679447458367777e-03 -6.025701246276504719e-02
7.001654584699670281e+00 -6.860894544697571096e-02 -8.432376091997014281e-03 -6.017656935497852494e-02
7.002765942779243247e+00 -6.851784020926618424e-02 -8.421192247034902170e-03 -6.009664796222989602e-02
7.003877300858817101e+00 -6.842787573299492776e-02 -8.408686107231579804e-03 -6.001918962576133221e-02
7.004988658938390067e+00 -6.834118348319230540e-02 -8.395901544747157857e-03 -5.994528193844473468e-02
7.006100017017963033e+00 -6.825875238626800956e-02 -8.383988137458758122e-03 -5.987476424880631282e-02
7.007211375097536887e+00 -6.818007048499757916e-02 -8.373783089247811492e-03 -5.980628739575125086e-02
7.008322733177109853e+00 -6.810331252779562583e-02 -8.365507086567979672e-03 -5.973780544122962027e-02
7.009434091256682819e+00 -6.802600472575830171e-02 -8.358684578523791278e-03 -5.966732014723546279e-02
7.010545449336256674e+00 -6.794592453693791556e-02 -8.352317273321040875e-03 -5.959360726361990351e-02
7.011656807415829640e+00 -6.786190816572292006e-02 -8.345247551061087468e-03 -5.951666061466097390e-02
7.012768165495402606e+00 -6.777427235655450466e-02 -8.336579494598889833e-03 -5.943769286195355050e-02
7.013879523574976460e+00 -6.768469757435763290e-02 -8.326004404121376684e-03 -5.935869317023308861e-02
7.014990881654549426e+00 -6.759561560782786915e-02 -8.313912522089291629e-03 -5.928170308573782465e-02
7.016102239734122392e+00 -6.750932472314884192e-02 -8.301250529697533700e-03 -5.920807419345380102e-02
7.017213597813695358e+00 -6.742715429500623081e-02 -8.289176847191307221e-03 -5.913797744780739662e-02
7.018324955893269212e+00 -6.734898251198383201e-02 -8.278640243189120188e-03 -5.907034226879656624e-02
7.019436313972842179e+00 -6.727328209521069025e-02 -8.270035034880421701e-03 -5.900324706033014538e-02
7.020547672052415145e+00 -6.719767684942991315e-02 -8.263058181067289842e-03 -5.893461866836028490e-02
7.021659030131988999e+00 -6.711980620415744503e-02 -8.256820055017382795e-03 -5.886298614913616778e-02
7.022770388211561965e+00 -6.703818316007367772e-02 -8.250168402583671692e-03 -5.878801475748997307e-02
7.023881746291134931e+00 -6.695273378871026415e-02 -8.242107512555456664e-03 -5.871062627615413615e-02
7.024993104370708785e+00 -6.686482251441513980e-02 -8.232160108725079806e-03 -5.863266240568976856e-02
7.026104462450281751e+00 -6.677675453298126396e-02 -8.220540430266298423e-03 -5.855621410271689281e-02
7.027215820529854717e+00 -6.669093678675853953e-02 -8.208075731259392022e-03 -5.848286105550044855e-02
7.028327178609428572e+00 -6.660900283922054077e-02 -8.195904957792899195e-03 -5.841309788142820536e-02
7.029438536689001538e+00 -6.653121979273857178e-02 -8.185064353878048968e-03 -5.834615543886082639e-02
7.030549894768574504e+00 -6.645639253549701086e-02 -8.176110765505452752e-03 -5.828028176999272558e-02
7.031661252848147470e+00 -6.638229960145256014e-02 -8.168919575778232564e-03 -5.821338002566701919e-02
7.032772610927721324e+00 -6.630650164837546823e-02 -8.162730591231265320e-03 -5.814377105714475802e-02
7.033883969007294290e+00 -6.622722828434622622e-02 -8.156424982509253435e-03 -5.807080330183538031e-02
7.034995327086867256e+00 -6.614402079985048921e-02 -8.148932386162550945e-03 -5.799508841368681417e-02
7.036106685166441110e+00 -6.605789743087681076e-02 -8.139620034871572832e-03 -5.791827739600291514e-02
7.037218043246014076e+00 -6.597098158076243613e-02 -8.128522444675856037e-03 -5.784245913608668938e-02
7.038329401325587042e+00 -6.588572870535794324e-02 -8.116328282108715639e-03 -5.776940042324708174e-02
7.039440759405160897e+00 -6.580403330750375646e-02 -8.104129394363439320e-03 -5.769990391314065020e-02
7.040552117484733863e+00 -6.572654077259507122e-02 -8.093023458243914572e-03 -5.763351731434798730e-02
7.041663475564306829e+00 -6.565241397845628102e-02 -8.083714849320803447e-03 -5.756869912913786802e-02
7.042774833643880683e+00 -6.557963903960532803e-02 -8.076258856269825231e-03 -5.750338018333275847e-02
7.043886191723453649e+00 -6.550575848585618588e-02 -8.070042121178197178e-03 -5.743571636467531549e-02
7.044997549803026615e+00 -6.542876491932229921e-02 -8.064006216213674000e-03 -5.736475870310629027e-02
7.046108907882599581e+00 -6.534783013935885343e-02 -8.057032857169960441e-03 -5.729079728218683387e-02
7.047220265962173436e+00 -6.526360487066756866e-02 -8.048350553049652203e-03 -5.721525431762301134e-02
7.048331624041746402e+00 -6.517798059225424212e-02 -8.037814816326139394e-03 -5.714016577593276913e-02
7.049442982121319368e+00 -6.509340060164127417e-02 -8.025960157579283341e-03 -5.706744044406401872e-02
7.050554340200893222e+00 -6.501197121051138783e-02 -8.013805153327000982e-03 -5.699816605718173446e-02
7.051665698280466188e+00 -6.493469635838390597e-02 -8.002481673914879287e-03 -5.693221468446833800e-02
7.052777056360039154e+00 -6.486111373086625442e-02 -7.992823232505042591e-03 -5.686829049836371330e-02
7.053888414439613008e+00 -6.478946423560738577e-02 -7.985062164937965432e-03 -5.680440207066772551e-02
7.054999772519185974e+00 -6.471733267580773163e-02 -7.978745652378141720e-03 -5.673858702342752386e-02
7.056111130598758940e+00 -6.464252624953864546e-02 -7.972900934521725408e-03 -5.666962531501814476e-02
7.057222488678332795e+00 -6.456387129435871286e-02 -7.966389430884450451e-03 -5.659748186347563631e-02
7.058333846757905761e+00 -6.448163875055432093e-02 -7.958320852610060309e-03 -5.652331789794409755e-02
7.059445204837478727e+00 -6.439744407345812660e-02 -7.948376684784097534e-03 -5.644906738867601359e-02
7.060556562917051693e+00 -6.431365852541674755e-02 -7.936925499787918573e-03 -5.637673302562550004e-02
7.061667920996625547e+00 -6.423254634763284066e-02 -7.924888351483366442e-03 -5.630765799614966677e-02
7.062779279076198513e+00 -6.415544173353174284e-02 -7.913403404947200181e-03 -5.624203832858213487e-02
7.063890637155771479e+00 -6.408226472889468062e-02 -7.903411911454168159e-03 -5.617885281743928427e-02
7.065001995235345333e+00 -6.401155167445395089e-02 -7.895316133008133466e-03 -5.611623554144595100e-02
7.066113353314918299e+00 -6.394098858938054852e-02 -7.888833531801295318e-03 -5.605215505758150141e-02
7.067224711394491266e+00 -6.386825308920308919e-02 -7.883100073520551282e-03 -5.598515301567955071e-02
7.068336069474065120e+00 -6.379185848214057042e-02 -7.876984871622638718e-03 -5.591487361051630106e-02
7.069447427553638086e+00 -6.371169321535211094e-02 -7.869501589797264079e-03 -5.584219162555528748e-02
7.070558785633211052e+00 -6.362905990011429036e-02 -7.860166936307134283e-03 -5.576889296380830446e-02
7.071670143712784906e+00 -6.354620025218739310e-02 -7.849175948724239696e-03 -5.569702430346479272e-02
7.072781501792357872e+00 -6.346547916351172325e-02 -7.837330492352852923e-03 -5.562814867116004647e-02
7.073892859871930838e+00 -6.338852484843249258e-02 -7.825747179967600803e-03 -5.556277766846151600e-02
7.075004217951503804e+00 -6.331563766481698718e-02 -7.815451099301326879e-03 -5.550018656551655716e-02
7.076115576031077659e+00 -6.324568222306491128e-02 -7.807003163906632050e-03 -5.543867905915970257e-02
7.077226934110650625e+00 -6.317650149850657926e-02 -7.800296551827261803e-03 -5.537620494668197418e-02
7.078338292190223591e+00 -6.310570187662083164e-02 -7.794596101949931993e-03 -5.531110577467401174e-02
7.079449650269797445e+00 -6.303152338297694779e-02 -7.788806137157855934e-03 -5.524271724581836240e-02
7.080561008349370411e+00 -6.295347868225617538e-02 -7.781869141048862980e-03 -5.517160954120860217e-02
7.081672366428943377e+00 -6.287252881161503604e-02 -7.773150220596969015e-03 -5.509937859101277785e-02
7.082783724508517231e+00 -6.279073225053005691e-02 -7.762667578794938197e-03 -5.502806467173432942e-02
7.083895082588090197e+00 -6.271049543670960402e-02 -7.751085330072677963e-03 -5.495941010663518006e-02
7.085006440667663163e+00 -6.263369757744509381e-02 -7.739471473087674441e-03 -5.489422610435629180e-02
7.086117798747236129e+00 -6.256100801884752205e-02 -7.728909220479670064e-03 -5.483209879836092177e-02
7.087229156826809984e+00 -6.249164410747523601e-02 -7.720103128350656353e-03 -5.477154097912100006e-02
7.088340514906382950e+00 -6.242365710602925527e-02 -7.713123238477302690e-03 -5.471053386754671372e-02
7.089451872985955916e+00 -6.235464168406965046e-02 -7.707380143818332030e-03 -5.464726154025026372e-02
7.090563231065529770e+00 -6.228261064608093395e-02 -7.701839846283172267e-03 -5.458077079979638258e-02
7.091674589145102736e+00 -6.220671676036897829e-02 -7.695400081527350652e-03 -5.451131667884086263e-02
7.092785947224675702e+00 -6.212755946248688793e-02 -7.687291143578668662e-03 -5.444026831890471513e-02
7.093897305304249556e+00 -6.204696537491349861e-02 -7.677355451223962131e-03 -5.436960992368865958e-02
7.095008663383822523e+00 -6.196732296910283794e-02 -7.666104310778707430e-03 -5.430121865832786276e-02
7.096120021463395489e+00 -6.189071368214246749e-02 -7.654531426721301532e-03 -5.423618225542108789e-02
7.097231379542969343e+00 -6.181815553853486911e-02 -7.643751174053309803e-03 -5.417440436447884533e-02
7.098342737622542309e+00 -6.174923410653080508e-02 -7.634593303920174899e-03 -5.411464080261201015e-02
7.099454095702115275e+00 -6.168225453714988593e-02 -7.627301482647429361e-03 -5.405495305449986576e-02
7.100565453781688241e+00 -6.161485888296818619e-02 -7.621445185470048303e-03 -5.399341369749730002e-02
7.101676811861262095e+00 -6.154488381911257799e-02 -7.616076798315160774e-03 -5.392880702079480559e-02
7.102788169940835061e+00 -6.147114673641517618e-02 -7.610076597654245878e-03 -5.386107013875986171e-02
7.103899528020408027e+00 -6.139387453245986892e-02 -7.602560015492931117e-03 -5.379131451696938376e-02
7.105010886099981882e+00 -6.131461960204024481e-02 -7.593199056835106195e-03 -5.372142054520668425e-02
7.106122244179554848e+00 -6.123569409128877539e-02 -7.582341076535227195e-03 -5.365335301474949414e-02
7.107233602259127814e+00 -6.115932856117280159e-02 -7.570881900724645702e-03 -5.358844666044730587e-02
7.108344960338701668e+00 -6.108686117087161471e-02 -7.559939633759139681e-03 -5.352692153711160333e-02
7.109456318418274634e+00 -6.101825208413887147e-02 -7.550447921894947595e-03 -5.346780416224640453e-02
7.110567676497847600e+00 -6.095209927932466326e-02 -7.542816629514733674e-03 -5.340928264980843165e-02
7.111679034577421454e+00 -6.088614950171259560e-02 -7.536783247291550976e-03 -5.334936625442111141e-02
7.112790392656994420e+00 -6.081811811827585873e-02 -7.531508898144146855e-03 -5.328660922013134932e-02
7.113901750736567386e+00 -6.074651953888297873e-02 -7.525883826647719599e-03 -5.322063571223516892e-02
7.115013108816140353e+00 -6.067120633391537982e-02 -7.518931120412985537e-03 -5.315227521350416456e-02
7.116124466895714207e+00 -6.059342137567325093e-02 -7.510161789519293266e-03 -5.308325958615554840e-02
7.117235824975287173e+00 -6.051534454974839827e-02 -7.499752140275181382e-03 -5.301559240947429502e-02
7.118347183054860139e+00 -6.043929932509685410e-02 -7.488479101753443487e-03 -5.295082022334133415e-02
7.119458541134433993e+00 -6.036690794447675812e-02 -7.477437224605795740e-03 -5.288947071986740966e-02
7.120569899214006959e+00 -6.029850237754037084e-02 -7.467640434226580255e-03 -5.283086194330948587e-02
7.121681257293579925e+00 -6.023300489298847454e-02 -7.459653435516961154e-03 -5.277335145746856609e-02
7.122792615373153780e+00 -6.016832118153808695e-02 -7.453386762624092561e-03 -5.271493441890830189e-02
7.123903973452726746e+00 -6.010210260216937439e-02 -7.448129853378697950e-03 -5.265397274879259071e-02
7.125015331532299712e+00 -6.003260009630577432e-02 -7.442809921206787818e-03 -5.258979017509669840e-02
7.126126689611873566e+00 -5.995929927558766442e-02 -7.436382309331178789e-03 -5.252291696625785433e-02
7.127238047691446532e+00 -5.988310605295931593e-02 -7.428210286093864072e-03 -5.245489576686718225e-02
7.128349405771019498e+00 -5.980601580031936343e-02 -7.418296200080428358e-03 -5.238771960023782398e-02
7.129460763850592464e+00 -5.973038682552428424e-02 -7.407280074991822241e-03 -5.232310675053274129e-02
7.130572121930166318e+00 -5.965808266656159181e-02 -7.396206352773149022e-03 -5.226187631378229059e-02
7.131683480009739284e+00 -5.958979511807215718e-02 -7.386143792242995561e-03 -5.220365132582659162e-02
7.132794838089312250e+00 -5.952479388669594529e-02 -7.377796849771908055e-03 -5.214699703691930144e-02
7.133906196168886105e+00 -5.946119343912929789e-02 -7.371249848064381598e-03 -5.208994359106477318e-02
7.135017554248459071e+00 -5.939663951305299006e-02 -7.365936838321610058e-03 -5.203070267472999916e-02
7.136128912328032037e+00 -5.932916531093426760e-02 -7.360847921687517330e-03 -5.196831738924274219e-02
7.137240270407605891e+00 -5.925790597116561281e-02 -7.354896811791308310e-03 -5.190300915937080123e-02
7.138351628487178857e+00 -5.918341174736891502e-02 -7.347315858189325255e-03 -5.183609588917614808e-02
7.139462986566751823e+00 -5.910744646226329113e-02 -7.337934879533871031e-03 -5.176951158272848075e-02
7.140574344646325677e+00 -5.903234502496307323e-02 -7.327242523410766421e-03 -5.170510250154710524e-02
7.141685702725898643e+00 -5.896016400872113039e-02 -7.316208027726647627e-03 -5.164395598099413842e-02
7.142797060805471610e+00 -5.889193427028471123e-02 -7.305928393789768750e-03 -5.158600587649211922e-02
7.143908418885044576e+00 -5.882728718722223665e-02 -7.297229405321263226e-03 -5.153005778190124925e-02
7.145019776964618430e+00 -5.876458999808299027e-02 -7.290365599795286394e-03 -5.147422439829394541e-02
7.146131135044191396e+00 -5.870154053195356797e-02 -7.284928197075829157e-03 -5.141661233487123533e-02
7.147242493123764362e+00 -5.863600467273100830e-02 -7.279994285544385581e-03 -5.135601038718683176e-02
7.148353851203338216e+00 -5.856679188675897180e-02 -7.274462817923218506e-03 -5.129232906882981446e-02
7.149465209282911182e+00 -5.849408696665028828e-02 -7.267455092045638394e-03 -5.122663187460271134e-02
7.150576567362484148e+00 -5.841938139664291929e-02 -7.258634049008466475e-03 -5.116074734763450399e-02
7.151687925442058003e+00 -5.834492979474664026e-02 -7.248326362104918347e-03 -5.109660343264051802e-02
7.152799283521630969e+00 -5.827292949898399410e-02 -7.237403092275590706e-03 -5.103552640670324519e-02
7.153910641601203935e+00 -5.820472180218697750e-02 -7.226962507217698367e-03 -5.097775929496591030e-02
7.155021999680777789e+00 -5.814030517064090742e-02 -7.217930556635187601e-03 -5.092237461400483250e-02
7.156133357760350755e+00 -5.807833707875668938e-02 -7.210724338510640478e-03 -5.086761274024715479e-02
7.157244715839923721e+00 -5.801662329903285731e-02 -7.205100864994491705e-03 -5.081152243403610352e-02
7.158356073919496687e+00 -5.795291629567311115e-02 -7.200245959694436849e-03 -5.075267033597716249e-02
7.159467431999070541e+00 -5.788573218990684249e-02 -7.195070761140415043e-03 -5.069066142876532677e-02
7.160578790078643507e+00 -5.781488930715596164e-02 -7.188607850365573600e-03 -5.062628145679142627e-02
7.161690148158216473e+00 -5.774157282416407522e-02 -7.180362888941700661e-03 -5.056120993521511647e-02
7.162801506237790328e+00 -5.766790249556771886e-02 -7.170493951556587003e-03 -5.049740854401441048e-02
7.163912864317363294e+00 -5.759616109712072801e-02 -7.159753494119282420e-03 -5.043640760299843845e-02
7.165024222396936260e+00 -5.752796439223459291e-02 -7.149214257734896882e-03 -5.037875013450020950e-02
7.166135580476510114e+00 -5.746367440314138764e-02 -7.139878950254071287e-03 -5.032379545288691997e-02
